species_label,xc_id,sci_name,source_path,start_s,end_s,rms_db,rms_gate_thr_db,teacher_decision,teacher_top_sci,teacher_top_common,teacher_top_conf,teacher_max_conf,final_class,selected,selected_reason,clip_path,error
chloris_chloris,618878,Chloris chloris,c:\Users\shado\Year3Projects\FYP\src\dataset\bird_data\raw\chloris_chloris\XC618878.mp3,22.0,25.0,-39.88194494627366,-40.0,drop,Corvus monedula,Eurasian Jackdaw,0.3993397355079651,0.3993397355079651,drop,0.0,,,
chloris_chloris,623515,Chloris chloris,c:\Users\shado\Year3Projects\FYP\src\dataset\bird_data\raw\chloris_chloris\XC623515.mp3,30.0,33.0,-39.26985811966397,-40.0,species,Chloris chloris,European Greenfinch,0.9960820078849792,0.9960820078849792,species,1.0,rand_species,bird_data\clips\species\chloris_chloris\XC623515__s30000__e33000.wav,
chloris_chloris,167100,Chloris chloris,c:\Users\shado\Year3Projects\FYP\src\dataset\bird_data\raw\chloris_chloris\XC167100.mp3,1.0,4.0,-27.33473190870172,-40.0,species,Chloris chloris,European Greenfinch,0.9967496395111084,0.9967496395111084,species,1.0,rand_species,bird_data\clips\species\chloris_chloris\XC167100__s1000__e4000.wav,
chloris_chloris,167100,Chloris chloris,c:\Users\shado\Year3Projects\FYP\src\dataset\bird_data\raw\chloris_chloris\XC167100.mp3,7.0,10.0,-28.41969808450053,-40.0,species,Chloris chloris,European Greenfinch,0.9947216510772705,0.9947216510772705,species,0.0,,,
chloris_chloris,167100,Chloris chloris,c:\Users\shado\Year3Projects\FYP\src\dataset\bird_data\raw\chloris_chloris\XC167100.mp3,13.0,16.0,-37.33504735475777,-40.0,drop,Fringilla coelebs,Common Chaffinch,0.13773171603679657,0.13773171603679657,drop,0.0,,,
chloris_chloris,167100,Chloris chloris,c:\Users\shado\Year3Projects\FYP\src\dataset\bird_data\raw\chloris_chloris\XC167100.mp3,16.0,19.0,-31.135024624686004,-40.0,species,Chloris chloris,European Greenfinch,0.9873307347297668,0.9873307347297668,species,1.0,rand_species,bird_data\clips\species\chloris_chloris\XC167100__s16000__e19000.wav,
chloris_chloris,167100,Chloris chloris,c:\Users\shado\Year3Projects\FYP\src\dataset\bird_data\raw\chloris_chloris\XC167100.mp3,22.0,25.0,-33.65421326513346,-40.0,species,Chloris chloris,European Greenfinch,0.8213195204734802,0.8213195204734802,species,0.0,,,
chloris_chloris,167100,Chloris chloris,c:\Users\shado\Year3Projects\FYP\src\dataset\bird_data\raw\chloris_chloris\XC167100.mp3,25.0,28.0,-34.80070111066326,-40.0,species,Chloris chloris,European Greenfinch,0.9776856303215027,0.9776856303215027,species,1.0,rand_species,bird_data\clips\species\chloris_chloris\XC167100__s25000__e28000.wav,
chloris_chloris,601908,Chloris chloris,c:\Users\shado\Year3Projects\FYP\src\dataset\bird_data\raw\chloris_chloris\XC601908.mp3,1.0,4.0,-24.913099866042163,-40.0,species,Chloris chloris,European Greenfinch,0.9226477146148682,0.9226477146148682,species,0.0,,,
chloris_chloris,601908,Chloris chloris,c:\Users\shado\Year3Projects\FYP\src\dataset\bird_data\raw\chloris_chloris\XC601908.mp3,4.0,7.0,-24.165820953904994,-40.0,species,Chloris chloris,European Greenfinch,0.770824134349823,0.770824134349823,species,1.0,rand_species,bird_data\clips\species\chloris_chloris\XC601908__s4000__e7000.wav,
chloris_chloris,601908,Chloris chloris,c:\Users\shado\Year3Projects\FYP\src\dataset\bird_data\raw\chloris_chloris\XC601908.mp3,7.0,10.0,-34.206321162789436,-40.0,drop,Chordeiles minor,Common Nighthawk,0.13838456571102142,0.13838456571102142,drop,0.0,,,
chloris_chloris,601908,Chloris chloris,c:\Users\shado\Year3Projects\FYP\src\dataset\bird_data\raw\chloris_chloris\XC601908.mp3,10.0,13.0,-26.50115401987808,-40.0,species,Chloris chloris,European Greenfinch,0.9914831519126892,0.9914831519126892,species,1.0,rand_species,bird_data\clips\species\chloris_chloris\XC601908__s10000__e13000.wav,
chloris_chloris,601908,Chloris chloris,c:\Users\shado\Year3Projects\FYP\src\dataset\bird_data\raw\chloris_chloris\XC601908.mp3,16.0,19.0,-25.499126482822984,-40.0,species,Chloris chloris,European Greenfinch,0.9792453050613403,0.9792453050613403,species,0.0,,,
chloris_chloris,601908,Chloris chloris,c:\Users\shado\Year3Projects\FYP\src\dataset\bird_data\raw\chloris_chloris\XC601908.mp3,22.0,25.0,-25.604986285577613,-40.0,species,Chloris chloris,European Greenfinch,0.9795320630073547,0.9795320630073547,species,1.0,rand_species,bird_data\clips\species\chloris_chloris\XC601908__s22000__e25000.wav,
chloris_chloris,906003,Chloris chloris,c:\Users\shado\Year3Projects\FYP\src\dataset\bird_data\raw\chloris_chloris\XC906003.mp3,1.0,4.0,-40.3234067195273,-40.0,species,Chloris chloris,European Greenfinch,0.9279616475105286,0.9279616475105286,species,1.0,rand_species,bird_data\clips\species\chloris_chloris\XC906003__s1000__e4000.wav,
chloris_chloris,601912,Chloris chloris,c:\Users\shado\Year3Projects\FYP\src\dataset\bird_data\raw\chloris_chloris\XC601912.mp3,1.0,4.0,-30.12666044807147,-30.184540740785906,drop,Progne subis,Purple Martin,0.19094586372375488,0.19094586372375488,drop,0.0,,,
chloris_chloris,601912,Chloris chloris,c:\Users\shado\Year3Projects\FYP\src\dataset\bird_data\raw\chloris_chloris\XC601912.mp3,4.0,7.0,-26.65512871271025,-30.184540740785906,drop,Linaria flavirostris,Twite,0.19922979176044464,0.19922979176044464,drop,0.0,,,
chloris_chloris,601912,Chloris chloris,c:\Users\shado\Year3Projects\FYP\src\dataset\bird_data\raw\chloris_chloris\XC601912.mp3,16.0,19.0,-29.961324569960492,-30.184540740785906,drop,Progne subis,Purple Martin,0.6097899675369263,0.6097899675369263,drop,0.0,,,
chloris_chloris,601912,Chloris chloris,c:\Users\shado\Year3Projects\FYP\src\dataset\bird_data\raw\chloris_chloris\XC601912.mp3,19.0,22.0,-27.118642467259505,-30.184540740785906,drop,Progne subis,Purple Martin,0.5816953182220459,0.5816953182220459,drop,0.0,,,
chloris_chloris,601912,Chloris chloris,c:\Users\shado\Year3Projects\FYP\src\dataset\bird_data\raw\chloris_chloris\XC601912.mp3,22.0,25.0,-29.41069569110703,-30.184540740785906,drop,Progne subis,Purple Martin,0.763256311416626,0.763256311416626,drop,0.0,,,
chloris_chloris,601912,Chloris chloris,c:\Users\shado\Year3Projects\FYP\src\dataset\bird_data\raw\chloris_chloris\XC601912.mp3,25.0,28.0,-28.854912668047568,-30.184540740785906,drop,Progne subis,Purple Martin,0.17779989540576935,0.17779989540576935,drop,0.0,,,
chloris_chloris,1017408,Chloris chloris,c:\Users\shado\Year3Projects\FYP\src\dataset\bird_data\raw\chloris_chloris\XC1017408.mp3,27.0,30.0,-38.176694453216456,-40.0,species,Chloris chloris,European Greenfinch,0.9545190334320068,0.9545190334320068,species,1.0,rand_species,bird_data\clips\species\chloris_chloris\XC1017408__s27000__e30000.wav,
chloris_chloris,1017408,Chloris chloris,c:\Users\shado\Year3Projects\FYP\src\dataset\bird_data\raw\chloris_chloris\XC1017408.mp3,30.0,33.0,-39.79146791473312,-40.0,species,Chloris chloris,European Greenfinch,0.8603549003601074,0.8603549003601074,species,1.0,rand_species,bird_data\clips\species\chloris_chloris\XC1017408__s30000__e33000.wav,
chloris_chloris,1030055,Chloris chloris,c:\Users\shado\Year3Projects\FYP\src\dataset\bird_data\raw\chloris_chloris\XC1030055.mp3,1.0,4.0,-32.25926278653634,-33.84356608261332,species,Chloris chloris,European Greenfinch,0.9887089133262634,0.9887089133262634,species,0.0,,,
chloris_chloris,1030055,Chloris chloris,c:\Users\shado\Year3Projects\FYP\src\dataset\bird_data\raw\chloris_chloris\XC1030055.mp3,4.0,7.0,-29.22055602448916,-33.84356608261332,species,Chloris chloris,European Greenfinch,0.9832944869995117,0.9832944869995117,species,1.0,rand_species,bird_data\clips\species\chloris_chloris\XC1030055__s4000__e7000.wav,
chloris_chloris,1030055,Chloris chloris,c:\Users\shado\Year3Projects\FYP\src\dataset\bird_data\raw\chloris_chloris\XC1030055.mp3,7.0,10.0,-31.01994567351351,-33.84356608261332,species,Chloris chloris,European Greenfinch,0.9534276127815247,0.9534276127815247,species,1.0,rand_species,bird_data\clips\species\chloris_chloris\XC1030055__s7000__e10000.wav,
chloris_chloris,1030055,Chloris chloris,c:\Users\shado\Year3Projects\FYP\src\dataset\bird_data\raw\chloris_chloris\XC1030055.mp3,10.0,13.0,-30.814676972646712,-33.84356608261332,species,Chloris chloris,European Greenfinch,0.954624354839325,0.954624354839325,species,1.0,rand_species,bird_data\clips\species\chloris_chloris\XC1030055__s10000__e13000.wav,
chloris_chloris,1030055,Chloris chloris,c:\Users\shado\Year3Projects\FYP\src\dataset\bird_data\raw\chloris_chloris\XC1030055.mp3,13.0,16.0,-32.081700642230615,-33.84356608261332,drop,Vireo huttoni,Hutton's Vireo,0.5125424265861511,0.5125424265861511,drop,0.0,,,
chloris_chloris,1030055,Chloris chloris,c:\Users\shado\Year3Projects\FYP\src\dataset\bird_data\raw\chloris_chloris\XC1030055.mp3,16.0,19.0,-33.1552741820922,-33.84356608261332,drop,Columba palumbus,Common Wood-Pigeon,0.8617478609085083,0.8617478609085083,drop,0.0,,,
chloris_chloris,588196,Chloris chloris,c:\Users\shado\Year3Projects\FYP\src\dataset\bird_data\raw\chloris_chloris\XC588196.mp3,4.0,7.0,-43.22652425879198,-40.0,drop,Progne subis,Purple Martin,0.530445396900177,0.530445396900177,drop,0.0,,,
chloris_chloris,687558,Chloris chloris,c:\Users\shado\Year3Projects\FYP\src\dataset\bird_data\raw\chloris_chloris\XC687558.mp3,1.0,4.0,-17.984073356195896,-18.035959061999154,species,Chloris chloris,European Greenfinch,0.32629939913749695,0.32629939913749695,species,1.0,rand_species,bird_data\clips\species\chloris_chloris\XC687558__s1000__e4000.wav,
chloris_chloris,687558,Chloris chloris,c:\Users\shado\Year3Projects\FYP\src\dataset\bird_data\raw\chloris_chloris\XC687558.mp3,7.0,10.0,-15.47917274740013,-18.035959061999154,drop,Chloris chloris,European Greenfinch,0.2577614486217499,0.2577614486217499,drop,0.0,,,
chloris_chloris,687558,Chloris chloris,c:\Users\shado\Year3Projects\FYP\src\dataset\bird_data\raw\chloris_chloris\XC687558.mp3,10.0,13.0,-15.388994993351366,-18.035959061999154,non_bird,,,0.0,0.0,non_bird,1.0,nonbird_lowconf,bird_data\clips\non_bird\chloris_chloris\XC687558__s10000__e13000.wav,
chloris_chloris,508659,Chloris chloris,c:\Users\shado\Year3Projects\FYP\src\dataset\bird_data\raw\chloris_chloris\XC508659.mp3,4.0,7.0,-37.08925457271274,-40.0,drop,Linaria cannabina,Eurasian Linnet,0.9789164066314697,0.9789164066314697,drop,0.0,,,
chloris_chloris,508659,Chloris chloris,c:\Users\shado\Year3Projects\FYP\src\dataset\bird_data\raw\chloris_chloris\XC508659.mp3,10.0,13.0,-39.46024519571068,-40.0,non_bird,,,0.0,0.0,non_bird,1.0,nonbird_lowconf,bird_data\clips\non_bird\chloris_chloris\XC508659__s10000__e13000.wav,
chloris_chloris,766555,Chloris chloris,c:\Users\shado\Year3Projects\FYP\src\dataset\bird_data\raw\chloris_chloris\XC766555.mp3,1.0,4.0,-33.105923266723025,-33.13975642666847,species,Chloris chloris,European Greenfinch,0.9816099405288696,0.9816099405288696,species,1.0,rand_species,bird_data\clips\species\chloris_chloris\XC766555__s1000__e4000.wav,
chloris_chloris,766555,Chloris chloris,c:\Users\shado\Year3Projects\FYP\src\dataset\bird_data\raw\chloris_chloris\XC766555.mp3,4.0,7.0,-28.257634893391284,-33.13975642666847,species,Chloris chloris,European Greenfinch,0.9963275790214539,0.9963275790214539,species,1.0,rand_species,bird_data\clips\species\chloris_chloris\XC766555__s4000__e7000.wav,
chloris_chloris,766555,Chloris chloris,c:\Users\shado\Year3Projects\FYP\src\dataset\bird_data\raw\chloris_chloris\XC766555.mp3,7.0,10.0,-28.447846396894874,-33.13975642666847,species,Chloris chloris,European Greenfinch,0.9848036766052246,0.9848036766052246,species,1.0,rand_species,bird_data\clips\species\chloris_chloris\XC766555__s7000__e10000.wav,
chloris_chloris,618179,Chloris chloris,c:\Users\shado\Year3Projects\FYP\src\dataset\bird_data\raw\chloris_chloris\XC618179.mp3,17.0,20.0,-23.81883020489738,-30.43336011815829,species,Chloris chloris,European Greenfinch,0.7194523215293884,0.7194523215293884,species,1.0,rand_species,bird_data\clips\species\chloris_chloris\XC618179__s17000__e20000.wav,
chloris_chloris,618179,Chloris chloris,c:\Users\shado\Year3Projects\FYP\src\dataset\bird_data\raw\chloris_chloris\XC618179.mp3,20.0,23.0,-26.264591313990188,-30.43336011815829,drop,Corvus frugilegus,Rook,0.3036431670188904,0.3036431670188904,drop,0.0,,,
chloris_chloris,618179,Chloris chloris,c:\Users\shado\Year3Projects\FYP\src\dataset\bird_data\raw\chloris_chloris\XC618179.mp3,23.0,26.0,-28.563549514934458,-30.43336011815829,species,Chloris chloris,European Greenfinch,0.9089133143424988,0.9089133143424988,species,1.0,rand_species,bird_data\clips\species\chloris_chloris\XC618179__s23000__e26000.wav,
chloris_chloris,618179,Chloris chloris,c:\Users\shado\Year3Projects\FYP\src\dataset\bird_data\raw\chloris_chloris\XC618179.mp3,26.0,29.0,-30.21730546375554,-30.43336011815829,non_bird,,,0.0,0.0,non_bird,1.0,nonbird_lowconf,bird_data\clips\non_bird\chloris_chloris\XC618179__s26000__e29000.wav,
chloris_chloris,618179,Chloris chloris,c:\Users\shado\Year3Projects\FYP\src\dataset\bird_data\raw\chloris_chloris\XC618179.mp3,29.0,32.0,-30.266936158870305,-30.43336011815829,drop,Saxicola rubetra,Whinchat,0.12243293225765228,0.12243293225765228,drop,0.0,,,
chloris_chloris,618179,Chloris chloris,c:\Users\shado\Year3Projects\FYP\src\dataset\bird_data\raw\chloris_chloris\XC618179.mp3,35.0,38.0,-28.503339786716264,-30.43336011815829,species,Chloris chloris,European Greenfinch,0.9742922782897949,0.9742922782897949,species,1.0,rand_species,bird_data\clips\species\chloris_chloris\XC618179__s35000__e38000.wav,
chloris_chloris,621426,Chloris chloris,c:\Users\shado\Year3Projects\FYP\src\dataset\bird_data\raw\chloris_chloris\XC621426.mp3,6.0,9.0,-23.796320633943342,-24.514368735408386,drop,Corvus frugilegus,Rook,0.2105952352285385,0.2105952352285385,drop,0.0,,,
chloris_chloris,621426,Chloris chloris,c:\Users\shado\Year3Projects\FYP\src\dataset\bird_data\raw\chloris_chloris\XC621426.mp3,9.0,12.0,-24.014876745444145,-24.514368735408386,species,Chloris chloris,European Greenfinch,0.9783927202224731,0.9783927202224731,species,1.0,rand_species,bird_data\clips\species\chloris_chloris\XC621426__s9000__e12000.wav,
chloris_chloris,621426,Chloris chloris,c:\Users\shado\Year3Projects\FYP\src\dataset\bird_data\raw\chloris_chloris\XC621426.mp3,15.0,18.0,-21.62485619701904,-24.514368735408386,non_bird,,,0.0,0.0,non_bird,1.0,nonbird_lowconf,bird_data\clips\non_bird\chloris_chloris\XC621426__s15000__e18000.wav,
chloris_chloris,621426,Chloris chloris,c:\Users\shado\Year3Projects\FYP\src\dataset\bird_data\raw\chloris_chloris\XC621426.mp3,18.0,21.0,-21.77537802245993,-24.514368735408386,species,Chloris chloris,European Greenfinch,0.4890880882740021,0.4890880882740021,species,1.0,rand_species,bird_data\clips\species\chloris_chloris\XC621426__s18000__e21000.wav,
chloris_chloris,621426,Chloris chloris,c:\Users\shado\Year3Projects\FYP\src\dataset\bird_data\raw\chloris_chloris\XC621426.mp3,21.0,24.0,-22.663281501824308,-24.514368735408386,species,Chloris chloris,European Greenfinch,0.9825116991996765,0.9825116991996765,species,1.0,rand_species,bird_data\clips\species\chloris_chloris\XC621426__s21000__e24000.wav,
chloris_chloris,621426,Chloris chloris,c:\Users\shado\Year3Projects\FYP\src\dataset\bird_data\raw\chloris_chloris\XC621426.mp3,30.0,33.0,-24.26205611072248,-24.514368735408386,drop,Carduelis carduelis,European Goldfinch,0.11527560651302338,0.11527560651302338,drop,0.0,,,
chloris_chloris,985129,Chloris chloris,c:\Users\shado\Year3Projects\FYP\src\dataset\bird_data\raw\chloris_chloris\XC985129.mp3,7.0,10.0,-40.7355624598702,-40.0,species,Chloris chloris,European Greenfinch,0.3557768762111664,0.3557768762111664,species,1.0,rand_species,bird_data\clips\species\chloris_chloris\XC985129__s7000__e10000.wav,
chloris_chloris,185873,Chloris chloris,c:\Users\shado\Year3Projects\FYP\src\dataset\bird_data\raw\chloris_chloris\XC185873.mp3,1.0,4.0,-26.852473453395422,-29.74613313999505,species,Chloris chloris,European Greenfinch,0.9990814924240112,0.9990814924240112,species,0.0,,,
chloris_chloris,185873,Chloris chloris,c:\Users\shado\Year3Projects\FYP\src\dataset\bird_data\raw\chloris_chloris\XC185873.mp3,4.0,7.0,-29.286108447913083,-29.74613313999505,species,Chloris chloris,European Greenfinch,0.9972043633460999,0.9972043633460999,species,1.0,rand_species,bird_data\clips\species\chloris_chloris\XC185873__s4000__e7000.wav,
chloris_chloris,185873,Chloris chloris,c:\Users\shado\Year3Projects\FYP\src\dataset\bird_data\raw\chloris_chloris\XC185873.mp3,7.0,10.0,-28.979757516632226,-29.74613313999505,species,Chloris chloris,European Greenfinch,0.9900512099266052,0.9900512099266052,species,1.0,rand_species,bird_data\clips\species\chloris_chloris\XC185873__s7000__e10000.wav,
chloris_chloris,185873,Chloris chloris,c:\Users\shado\Year3Projects\FYP\src\dataset\bird_data\raw\chloris_chloris\XC185873.mp3,10.0,13.0,-29.50424949410133,-29.74613313999505,species,Chloris chloris,European Greenfinch,0.9838354587554932,0.9838354587554932,species,0.0,,,
chloris_chloris,185873,Chloris chloris,c:\Users\shado\Year3Projects\FYP\src\dataset\bird_data\raw\chloris_chloris\XC185873.mp3,13.0,16.0,-24.86998671331726,-29.74613313999505,species,Chloris chloris,European Greenfinch,0.9994140863418579,0.9994140863418579,species,1.0,rand_species,bird_data\clips\species\chloris_chloris\XC185873__s13000__e16000.wav,
chloris_chloris,185873,Chloris chloris,c:\Users\shado\Year3Projects\FYP\src\dataset\bird_data\raw\chloris_chloris\XC185873.mp3,19.0,22.0,-26.131646183394402,-29.74613313999505,species,Chloris chloris,European Greenfinch,0.9995754361152649,0.9995754361152649,species,0.0,,,
chloris_chloris,902854,Chloris chloris,c:\Users\shado\Year3Projects\FYP\src\dataset\bird_data\raw\chloris_chloris\XC902854.mp3,16.0,19.0,-49.71179850611408,-40.0,species,Chloris chloris,European Greenfinch,0.9896942377090454,0.9896942377090454,species,1.0,rand_species,bird_data\clips\species\chloris_chloris\XC902854__s16000__e19000.wav,
chloris_chloris,1024191,Chloris chloris,c:\Users\shado\Year3Projects\FYP\src\dataset\bird_data\raw\chloris_chloris\XC1024191.mp3,6.0,9.0,-29.874756456429573,-31.344841469031827,species,Chloris chloris,European Greenfinch,0.8622602820396423,0.8622602820396423,species,0.0,,,
chloris_chloris,1024191,Chloris chloris,c:\Users\shado\Year3Projects\FYP\src\dataset\bird_data\raw\chloris_chloris\XC1024191.mp3,12.0,15.0,-28.559702311522734,-31.344841469031827,species,Chloris chloris,European Greenfinch,0.9878532886505127,0.9878532886505127,species,0.0,,,
chloris_chloris,1024191,Chloris chloris,c:\Users\shado\Year3Projects\FYP\src\dataset\bird_data\raw\chloris_chloris\XC1024191.mp3,21.0,24.0,-25.616857008725297,-31.344841469031827,species,Chloris chloris,European Greenfinch,0.5530616044998169,0.5530616044998169,species,0.0,,,
chloris_chloris,1024191,Chloris chloris,c:\Users\shado\Year3Projects\FYP\src\dataset\bird_data\raw\chloris_chloris\XC1024191.mp3,24.0,27.0,-29.80698145288465,-31.344841469031827,species,Chloris chloris,European Greenfinch,0.6927944421768188,0.6927944421768188,species,1.0,rand_species,bird_data\clips\species\chloris_chloris\XC1024191__s24000__e27000.wav,
chloris_chloris,1024191,Chloris chloris,c:\Users\shado\Year3Projects\FYP\src\dataset\bird_data\raw\chloris_chloris\XC1024191.mp3,27.0,30.0,-29.74077493194882,-31.344841469031827,species,Chloris chloris,European Greenfinch,0.9782227277755737,0.9782227277755737,species,1.0,rand_species,bird_data\clips\species\chloris_chloris\XC1024191__s27000__e30000.wav,
chloris_chloris,1024191,Chloris chloris,c:\Users\shado\Year3Projects\FYP\src\dataset\bird_data\raw\chloris_chloris\XC1024191.mp3,30.0,33.0,-31.043783987990807,-31.344841469031827,species,Chloris chloris,European Greenfinch,0.46196508407592773,0.46196508407592773,species,1.0,rand_species,bird_data\clips\species\chloris_chloris\XC1024191__s30000__e33000.wav,
chloris_chloris,921696,Chloris chloris,c:\Users\shado\Year3Projects\FYP\src\dataset\bird_data\raw\chloris_chloris\XC921696.mp3,6.0,9.0,-31.283532830789017,-33.5419099344145,drop,Troglodytes troglodytes,Eurasian Wren,0.30465373396873474,0.30465373396873474,drop,0.0,,,
chloris_chloris,921696,Chloris chloris,c:\Users\shado\Year3Projects\FYP\src\dataset\bird_data\raw\chloris_chloris\XC921696.mp3,9.0,12.0,-32.30728945301196,-33.5419099344145,species,Chloris chloris,European Greenfinch,0.8482921123504639,0.8482921123504639,species,1.0,rand_species,bird_data\clips\species\chloris_chloris\XC921696__s9000__e12000.wav,
chloris_chloris,921696,Chloris chloris,c:\Users\shado\Year3Projects\FYP\src\dataset\bird_data\raw\chloris_chloris\XC921696.mp3,15.0,18.0,-33.21877554697379,-33.5419099344145,species,Chloris chloris,European Greenfinch,0.5922675728797913,0.5922675728797913,species,0.0,,,
chloris_chloris,921696,Chloris chloris,c:\Users\shado\Year3Projects\FYP\src\dataset\bird_data\raw\chloris_chloris\XC921696.mp3,21.0,24.0,-32.229264766087184,-33.5419099344145,drop,Troglodytes troglodytes,Eurasian Wren,0.4102363586425781,0.4102363586425781,drop,0.0,,,
chloris_chloris,921696,Chloris chloris,c:\Users\shado\Year3Projects\FYP\src\dataset\bird_data\raw\chloris_chloris\XC921696.mp3,24.0,27.0,-32.38424794594444,-33.5419099344145,species,Chloris chloris,European Greenfinch,0.455392062664032,0.455392062664032,species,1.0,rand_species,bird_data\clips\species\chloris_chloris\XC921696__s24000__e27000.wav,
chloris_chloris,921696,Chloris chloris,c:\Users\shado\Year3Projects\FYP\src\dataset\bird_data\raw\chloris_chloris\XC921696.mp3,30.0,33.0,-30.926429728794332,-33.5419099344145,species,Chloris chloris,European Greenfinch,0.8505419492721558,0.8505419492721558,species,1.0,rand_species,bird_data\clips\species\chloris_chloris\XC921696__s30000__e33000.wav,
chloris_chloris,774713,Chloris chloris,c:\Users\shado\Year3Projects\FYP\src\dataset\bird_data\raw\chloris_chloris\XC774713.mp3,1.0,4.0,-36.20474774559303,-36.92326157393986,non_bird,,,0.0,0.0,non_bird,1.0,nonbird_lowconf,bird_data\clips\non_bird\chloris_chloris\XC774713__s1000__e4000.wav,
chloris_chloris,938477,Chloris chloris,c:\Users\shado\Year3Projects\FYP\src\dataset\bird_data\raw\chloris_chloris\XC938477.mp3,1.0,4.0,-35.54490931562182,-35.54490931562182,drop,Turdus leucomelas,Pale-breasted Thrush,0.5940454602241516,0.5940454602241516,drop,0.0,,,
chloris_chloris,943154,Chloris chloris,c:\Users\shado\Year3Projects\FYP\src\dataset\bird_data\raw\chloris_chloris\XC943154.mp3,1.0,4.0,-25.928621223931486,-28.10892964800671,species,Chloris chloris,European Greenfinch,0.933832585811615,0.933832585811615,species,1.0,rand_species,bird_data\clips\species\chloris_chloris\XC943154__s1000__e4000.wav,
chloris_chloris,943154,Chloris chloris,c:\Users\shado\Year3Projects\FYP\src\dataset\bird_data\raw\chloris_chloris\XC943154.mp3,7.0,10.0,-23.102124546934704,-28.10892964800671,species,Chloris chloris,European Greenfinch,0.9381810426712036,0.9381810426712036,species,1.0,rand_species,bird_data\clips\species\chloris_chloris\XC943154__s7000__e10000.wav,
chloris_chloris,943154,Chloris chloris,c:\Users\shado\Year3Projects\FYP\src\dataset\bird_data\raw\chloris_chloris\XC943154.mp3,10.0,13.0,-22.84411100202853,-28.10892964800671,species,Chloris chloris,European Greenfinch,0.963992178440094,0.963992178440094,species,1.0,rand_species,bird_data\clips\species\chloris_chloris\XC943154__s10000__e13000.wav,
chloris_chloris,281764,Chloris chloris,c:\Users\shado\Year3Projects\FYP\src\dataset\bird_data\raw\chloris_chloris\XC281764.mp3,1.0,4.0,-35.616627907458465,-40.0,drop,Linaria cannabina,Eurasian Linnet,0.9610076546669006,0.9610076546669006,drop,0.0,,,
chloris_chloris,281764,Chloris chloris,c:\Users\shado\Year3Projects\FYP\src\dataset\bird_data\raw\chloris_chloris\XC281764.mp3,7.0,10.0,-25.74360627938233,-40.0,drop,Linaria cannabina,Eurasian Linnet,0.9749393463134766,0.9749393463134766,drop,0.0,,,
chloris_chloris,281764,Chloris chloris,c:\Users\shado\Year3Projects\FYP\src\dataset\bird_data\raw\chloris_chloris\XC281764.mp3,13.0,16.0,-37.403968074382774,-40.0,drop,Chloris chloris,European Greenfinch,0.2183489352464676,0.2183489352464676,drop,0.0,,,
chloris_chloris,281764,Chloris chloris,c:\Users\shado\Year3Projects\FYP\src\dataset\bird_data\raw\chloris_chloris\XC281764.mp3,16.0,19.0,-35.272701851369675,-40.0,drop,Linaria cannabina,Eurasian Linnet,0.9966316819190979,0.9966316819190979,drop,0.0,,,
chloris_chloris,1068236,Chloris chloris,c:\Users\shado\Year3Projects\FYP\src\dataset\bird_data\raw\chloris_chloris\XC1068236.mp3,1.0,4.0,-35.94254585565047,-38.356852605646814,species,Chloris chloris,European Greenfinch,0.5721520781517029,0.5721520781517029,species,1.0,rand_species,bird_data\clips\species\chloris_chloris\XC1068236__s1000__e4000.wav,
chloris_chloris,1068236,Chloris chloris,c:\Users\shado\Year3Projects\FYP\src\dataset\bird_data\raw\chloris_chloris\XC1068236.mp3,4.0,7.0,-37.93418350942815,-38.356852605646814,drop,Anthus trivialis,Tree Pipit,0.3487986624240875,0.3487986624240875,drop,0.0,,,
chloris_chloris,1068236,Chloris chloris,c:\Users\shado\Year3Projects\FYP\src\dataset\bird_data\raw\chloris_chloris\XC1068236.mp3,7.0,10.0,-37.84362342834734,-38.356852605646814,drop,Chloris chloris,European Greenfinch,0.1897421032190323,0.1897421032190323,drop,0.0,,,
chloris_chloris,1068236,Chloris chloris,c:\Users\shado\Year3Projects\FYP\src\dataset\bird_data\raw\chloris_chloris\XC1068236.mp3,13.0,16.0,-37.751352324778374,-38.356852605646814,non_bird,,,0.0,0.0,non_bird,1.0,nonbird_lowconf,bird_data\clips\non_bird\chloris_chloris\XC1068236__s13000__e16000.wav,
chloris_chloris,1068236,Chloris chloris,c:\Users\shado\Year3Projects\FYP\src\dataset\bird_data\raw\chloris_chloris\XC1068236.mp3,22.0,25.0,-37.763597234029106,-38.356852605646814,species,Chloris chloris,European Greenfinch,0.9480080008506775,0.9480080008506775,species,1.0,rand_species,bird_data\clips\species\chloris_chloris\XC1068236__s22000__e25000.wav,
chloris_chloris,617418,Chloris chloris,c:\Users\shado\Year3Projects\FYP\src\dataset\bird_data\raw\chloris_chloris\XC617418.mp3,22.0,25.0,-39.88194494627366,-40.0,drop,Corvus monedula,Eurasian Jackdaw,0.3993397355079651,0.3993397355079651,drop,0.0,,,
chloris_chloris,782521,Chloris chloris,c:\Users\shado\Year3Projects\FYP\src\dataset\bird_data\raw\chloris_chloris\XC782521.mp3,1.0,4.0,-23.035640119889592,-28.28651216411637,species,Chloris chloris,European Greenfinch,0.9965959191322327,0.9965959191322327,species,1.0,rand_species,bird_data\clips\species\chloris_chloris\XC782521__s1000__e4000.wav,
chloris_chloris,782521,Chloris chloris,c:\Users\shado\Year3Projects\FYP\src\dataset\bird_data\raw\chloris_chloris\XC782521.mp3,4.0,7.0,-25.63765766188313,-28.28651216411637,species,Chloris chloris,European Greenfinch,0.8538083434104919,0.8538083434104919,species,0.0,,,
chloris_chloris,782521,Chloris chloris,c:\Users\shado\Year3Projects\FYP\src\dataset\bird_data\raw\chloris_chloris\XC782521.mp3,7.0,10.0,-26.74015346863872,-28.28651216411637,species,Chloris chloris,European Greenfinch,0.9958986639976501,0.9958986639976501,species,0.0,,,
chloris_chloris,782521,Chloris chloris,c:\Users\shado\Year3Projects\FYP\src\dataset\bird_data\raw\chloris_chloris\XC782521.mp3,13.0,16.0,-22.5981063801901,-28.28651216411637,species,Chloris chloris,European Greenfinch,0.9984897375106812,0.9984897375106812,species,1.0,rand_species,bird_data\clips\species\chloris_chloris\XC782521__s13000__e16000.wav,
chloris_chloris,782521,Chloris chloris,c:\Users\shado\Year3Projects\FYP\src\dataset\bird_data\raw\chloris_chloris\XC782521.mp3,16.0,19.0,-23.0617996155723,-28.28651216411637,species,Chloris chloris,European Greenfinch,0.9922878742218018,0.9922878742218018,species,0.0,,,
chloris_chloris,782521,Chloris chloris,c:\Users\shado\Year3Projects\FYP\src\dataset\bird_data\raw\chloris_chloris\XC782521.mp3,25.0,28.0,-27.93139075997521,-28.28651216411637,species,Chloris chloris,European Greenfinch,0.9228951334953308,0.9228951334953308,species,1.0,rand_species,bird_data\clips\species\chloris_chloris\XC782521__s25000__e28000.wav,
chloris_chloris,983369,Chloris chloris,c:\Users\shado\Year3Projects\FYP\src\dataset\bird_data\raw\chloris_chloris\XC983369.mp3,4.0,7.0,-54.04055831152617,-40.0,species,Chloris chloris,European Greenfinch,0.9791776537895203,0.9791776537895203,species,1.0,rand_species,bird_data\clips\species\chloris_chloris\XC983369__s4000__e7000.wav,
chloris_chloris,172681,Chloris chloris,c:\Users\shado\Year3Projects\FYP\src\dataset\bird_data\raw\chloris_chloris\XC172681.mp3,1.0,4.0,-30.65222418316006,-32.664352827650816,species,Chloris chloris,European Greenfinch,0.9960992336273193,0.9960992336273193,species,1.0,rand_species,bird_data\clips\species\chloris_chloris\XC172681__s1000__e4000.wav,
chloris_chloris,172681,Chloris chloris,c:\Users\shado\Year3Projects\FYP\src\dataset\bird_data\raw\chloris_chloris\XC172681.mp3,4.0,7.0,-25.76813328500007,-32.664352827650816,species,Chloris chloris,European Greenfinch,0.9687220454216003,0.9687220454216003,species,1.0,rand_species,bird_data\clips\species\chloris_chloris\XC172681__s4000__e7000.wav,
chloris_chloris,172681,Chloris chloris,c:\Users\shado\Year3Projects\FYP\src\dataset\bird_data\raw\chloris_chloris\XC172681.mp3,13.0,16.0,-28.82703043960592,-32.664352827650816,species,Chloris chloris,European Greenfinch,0.9954838752746582,0.9954838752746582,species,0.0,,,
chloris_chloris,172681,Chloris chloris,c:\Users\shado\Year3Projects\FYP\src\dataset\bird_data\raw\chloris_chloris\XC172681.mp3,16.0,19.0,-29.20715351915865,-32.664352827650816,species,Chloris chloris,European Greenfinch,0.9001007676124573,0.9001007676124573,species,1.0,rand_species,bird_data\clips\species\chloris_chloris\XC172681__s16000__e19000.wav,
chloris_chloris,172681,Chloris chloris,c:\Users\shado\Year3Projects\FYP\src\dataset\bird_data\raw\chloris_chloris\XC172681.mp3,19.0,22.0,-29.106531935484973,-32.664352827650816,species,Chloris chloris,European Greenfinch,0.990164577960968,0.990164577960968,species,0.0,,,
chloris_chloris,172681,Chloris chloris,c:\Users\shado\Year3Projects\FYP\src\dataset\bird_data\raw\chloris_chloris\XC172681.mp3,22.0,25.0,-30.059829798376118,-32.664352827650816,species,Chloris chloris,European Greenfinch,0.9761449694633484,0.9761449694633484,species,0.0,,,
chloris_chloris,734665,Chloris chloris,c:\Users\shado\Year3Projects\FYP\src\dataset\bird_data\raw\chloris_chloris\XC734665.mp3,1.0,4.0,-34.867058475635865,-36.793852524177105,species,Chloris chloris,European Greenfinch,0.99434894323349,0.99434894323349,species,1.0,rand_species,bird_data\clips\species\chloris_chloris\XC734665__s1000__e4000.wav,
chloris_chloris,734665,Chloris chloris,c:\Users\shado\Year3Projects\FYP\src\dataset\bird_data\raw\chloris_chloris\XC734665.mp3,4.0,7.0,-34.21791225721013,-36.793852524177105,species,Chloris chloris,European Greenfinch,0.8200197219848633,0.8200197219848633,species,1.0,rand_species,bird_data\clips\species\chloris_chloris\XC734665__s4000__e7000.wav,
chloris_chloris,734665,Chloris chloris,c:\Users\shado\Year3Projects\FYP\src\dataset\bird_data\raw\chloris_chloris\XC734665.mp3,10.0,13.0,-35.91781526204168,-36.793852524177105,species,Chloris chloris,European Greenfinch,0.7460400462150574,0.7460400462150574,species,1.0,rand_species,bird_data\clips\species\chloris_chloris\XC734665__s10000__e13000.wav,
chloris_chloris,984971,Chloris chloris,c:\Users\shado\Year3Projects\FYP\src\dataset\bird_data\raw\chloris_chloris\XC984971.mp3,1.0,4.0,-25.351563118454116,-35.16762375761849,species,Chloris chloris,European Greenfinch,0.9967425465583801,0.9967425465583801,species,1.0,rand_species,bird_data\clips\species\chloris_chloris\XC984971__s1000__e4000.wav,
chloris_chloris,984971,Chloris chloris,c:\Users\shado\Year3Projects\FYP\src\dataset\bird_data\raw\chloris_chloris\XC984971.mp3,4.0,7.0,-33.85856204136972,-35.16762375761849,non_bird,,,0.0,0.0,non_bird,1.0,nonbird_lowconf,bird_data\clips\non_bird\chloris_chloris\XC984971__s4000__e7000.wav,
chloris_chloris,984971,Chloris chloris,c:\Users\shado\Year3Projects\FYP\src\dataset\bird_data\raw\chloris_chloris\XC984971.mp3,10.0,13.0,-34.63371862230236,-35.16762375761849,drop,Phylloscopus collybita,Common Chiffchaff,0.10201151669025421,0.10201151669025421,drop,0.0,,,
chloris_chloris,984971,Chloris chloris,c:\Users\shado\Year3Projects\FYP\src\dataset\bird_data\raw\chloris_chloris\XC984971.mp3,13.0,16.0,-34.11823753009196,-35.16762375761849,species,Chloris chloris,European Greenfinch,0.9989550113677979,0.9989550113677979,species,1.0,rand_species,bird_data\clips\species\chloris_chloris\XC984971__s13000__e16000.wav,
chloris_chloris,774714,Chloris chloris,c:\Users\shado\Year3Projects\FYP\src\dataset\bird_data\raw\chloris_chloris\XC774714.mp3,1.0,4.0,-39.49076215468448,-39.725540365510824,species,Chloris chloris,European Greenfinch,0.3009597659111023,0.3009597659111023,species,1.0,rand_species,bird_data\clips\species\chloris_chloris\XC774714__s1000__e4000.wav,
chloris_chloris,669018,Chloris chloris,c:\Users\shado\Year3Projects\FYP\src\dataset\bird_data\raw\chloris_chloris\XC669018.mp3,1.0,4.0,-41.79729653944954,-40.0,non_bird,,,0.0,0.0,non_bird,1.0,nonbird_lowconf,bird_data\clips\non_bird\chloris_chloris\XC669018__s1000__e4000.wav,
chloris_chloris,196994,Chloris chloris,c:\Users\shado\Year3Projects\FYP\src\dataset\bird_data\raw\chloris_chloris\XC196994.mp3,1.0,4.0,-29.528328531206213,-31.444053520844164,non_bird,,,0.0,0.0,non_bird,1.0,nonbird_lowconf,bird_data\clips\non_bird\chloris_chloris\XC196994__s1000__e4000.wav,
chloris_chloris,196994,Chloris chloris,c:\Users\shado\Year3Projects\FYP\src\dataset\bird_data\raw\chloris_chloris\XC196994.mp3,4.0,7.0,-28.71859584991514,-31.444053520844164,non_bird,,,0.0,0.0,non_bird,1.0,nonbird_lowconf,bird_data\clips\non_bird\chloris_chloris\XC196994__s4000__e7000.wav,
chloris_chloris,196994,Chloris chloris,c:\Users\shado\Year3Projects\FYP\src\dataset\bird_data\raw\chloris_chloris\XC196994.mp3,13.0,16.0,-31.374448563981808,-31.444053520844164,drop,Gymnoris pyrgita,Yellow-spotted Bush Sparrow,0.10153859108686447,0.10153859108686447,drop,0.0,,,
chloris_chloris,196994,Chloris chloris,c:\Users\shado\Year3Projects\FYP\src\dataset\bird_data\raw\chloris_chloris\XC196994.mp3,16.0,19.0,-28.24584016427281,-31.444053520844164,non_bird,,,0.0,0.0,non_bird,0.0,,,
chloris_chloris,196994,Chloris chloris,c:\Users\shado\Year3Projects\FYP\src\dataset\bird_data\raw\chloris_chloris\XC196994.mp3,19.0,22.0,-27.20610619530118,-31.444053520844164,non_bird,,,0.0,0.0,non_bird,0.0,,,
chloris_chloris,196994,Chloris chloris,c:\Users\shado\Year3Projects\FYP\src\dataset\bird_data\raw\chloris_chloris\XC196994.mp3,22.0,25.0,-29.319300547003774,-31.444053520844164,non_bird,,,0.0,0.0,non_bird,0.0,,,
chloris_chloris,937275,Chloris chloris,c:\Users\shado\Year3Projects\FYP\src\dataset\bird_data\raw\chloris_chloris\XC937275.mp3,6.0,9.0,-25.15563514586125,-30.895955044033478,drop,Calliope calliope,Siberian Rubythroat,0.16388612985610962,0.16388612985610962,drop,0.0,,,
chloris_chloris,937275,Chloris chloris,c:\Users\shado\Year3Projects\FYP\src\dataset\bird_data\raw\chloris_chloris\XC937275.mp3,9.0,12.0,-26.408153987553085,-30.895955044033478,non_bird,,,0.0,0.0,non_bird,1.0,nonbird_lowconf,bird_data\clips\non_bird\chloris_chloris\XC937275__s9000__e12000.wav,
chloris_chloris,937275,Chloris chloris,c:\Users\shado\Year3Projects\FYP\src\dataset\bird_data\raw\chloris_chloris\XC937275.mp3,12.0,15.0,-29.266240736570744,-30.895955044033478,drop,Chloris chloris,European Greenfinch,0.1935255080461502,0.1935255080461502,drop,0.0,,,
chloris_chloris,937275,Chloris chloris,c:\Users\shado\Year3Projects\FYP\src\dataset\bird_data\raw\chloris_chloris\XC937275.mp3,15.0,18.0,-30.70446862204164,-30.895955044033478,non_bird,,,0.0,0.0,non_bird,1.0,nonbird_lowconf,bird_data\clips\non_bird\chloris_chloris\XC937275__s15000__e18000.wav,
chloris_chloris,937275,Chloris chloris,c:\Users\shado\Year3Projects\FYP\src\dataset\bird_data\raw\chloris_chloris\XC937275.mp3,18.0,21.0,-26.132133871164992,-30.895955044033478,species,Chloris chloris,European Greenfinch,0.9988283514976501,0.9988283514976501,species,1.0,rand_species,bird_data\clips\species\chloris_chloris\XC937275__s18000__e21000.wav,
chloris_chloris,937275,Chloris chloris,c:\Users\shado\Year3Projects\FYP\src\dataset\bird_data\raw\chloris_chloris\XC937275.mp3,24.0,27.0,-27.96040866057657,-30.895955044033478,non_bird,,,0.0,0.0,non_bird,0.0,,,
chloris_chloris,204522,Chloris chloris,c:\Users\shado\Year3Projects\FYP\src\dataset\bird_data\raw\chloris_chloris\XC204522.mp3,1.0,4.0,-24.21573551268306,-30.7417430915162,non_bird,,,0.0,0.0,non_bird,1.0,nonbird_lowconf,bird_data\clips\non_bird\chloris_chloris\XC204522__s1000__e4000.wav,
chloris_chloris,204522,Chloris chloris,c:\Users\shado\Year3Projects\FYP\src\dataset\bird_data\raw\chloris_chloris\XC204522.mp3,4.0,7.0,-30.375450318441516,-30.7417430915162,non_bird,,,0.0,0.0,non_bird,1.0,nonbird_lowconf,bird_data\clips\non_bird\chloris_chloris\XC204522__s4000__e7000.wav,
chloris_chloris,204522,Chloris chloris,c:\Users\shado\Year3Projects\FYP\src\dataset\bird_data\raw\chloris_chloris\XC204522.mp3,7.0,10.0,-22.907245059515667,-30.7417430915162,drop,Cisticola lais,Wailing Cisticola,0.27302390336990356,0.27302390336990356,drop,0.0,,,
chloris_chloris,204522,Chloris chloris,c:\Users\shado\Year3Projects\FYP\src\dataset\bird_data\raw\chloris_chloris\XC204522.mp3,13.0,16.0,-25.567734424540962,-30.7417430915162,non_bird,,,0.0,0.0,non_bird,0.0,,,
chloris_chloris,957567,Chloris chloris,c:\Users\shado\Year3Projects\FYP\src\dataset\bird_data\raw\chloris_chloris\XC957567.mp3,1.0,4.0,-27.106714441389002,-30.324734366590157,species,Chloris chloris,European Greenfinch,0.694111704826355,0.694111704826355,species,1.0,rand_species,bird_data\clips\species\chloris_chloris\XC957567__s1000__e4000.wav,
chloris_chloris,957567,Chloris chloris,c:\Users\shado\Year3Projects\FYP\src\dataset\bird_data\raw\chloris_chloris\XC957567.mp3,4.0,7.0,-29.14290217408825,-30.324734366590157,species,Chloris chloris,European Greenfinch,0.892558753490448,0.892558753490448,species,1.0,rand_species,bird_data\clips\species\chloris_chloris\XC957567__s4000__e7000.wav,
chloris_chloris,957567,Chloris chloris,c:\Users\shado\Year3Projects\FYP\src\dataset\bird_data\raw\chloris_chloris\XC957567.mp3,10.0,13.0,-29.26671280176847,-30.324734366590157,species,Chloris chloris,European Greenfinch,0.3048408329486847,0.3048408329486847,species,1.0,rand_species,bird_data\clips\species\chloris_chloris\XC957567__s10000__e13000.wav,
chloris_chloris,614194,Chloris chloris,c:\Users\shado\Year3Projects\FYP\src\dataset\bird_data\raw\chloris_chloris\XC614194.mp3,4.0,7.0,-28.562824511512606,-28.649032610612714,species,Chloris chloris,European Greenfinch,0.9625144600868225,0.9625144600868225,species,1.0,rand_species,bird_data\clips\species\chloris_chloris\XC614194__s4000__e7000.wav,
chloris_chloris,781985,Chloris chloris,c:\Users\shado\Year3Projects\FYP\src\dataset\bird_data\raw\chloris_chloris\XC781985.mp3,1.0,4.0,-28.26309465450441,-31.36299460495838,non_bird,,,0.0,0.0,non_bird,1.0,nonbird_lowconf,bird_data\clips\non_bird\chloris_chloris\XC781985__s1000__e4000.wav,
chloris_chloris,781985,Chloris chloris,c:\Users\shado\Year3Projects\FYP\src\dataset\bird_data\raw\chloris_chloris\XC781985.mp3,4.0,7.0,-30.936210697716447,-31.36299460495838,drop,Petronia petronia,Rock Sparrow,0.16188734769821167,0.16188734769821167,drop,0.0,,,
chloris_chloris,781985,Chloris chloris,c:\Users\shado\Year3Projects\FYP\src\dataset\bird_data\raw\chloris_chloris\XC781985.mp3,10.0,13.0,-28.379287421976546,-31.36299460495838,drop,Chloris chloris,European Greenfinch,0.17127808928489685,0.17127808928489685,drop,0.0,,,
chloris_chloris,781985,Chloris chloris,c:\Users\shado\Year3Projects\FYP\src\dataset\bird_data\raw\chloris_chloris\XC781985.mp3,13.0,16.0,-27.146571547030085,-31.36299460495838,non_bird,,,0.0,0.0,non_bird,1.0,nonbird_lowconf,bird_data\clips\non_bird\chloris_chloris\XC781985__s13000__e16000.wav,
chloris_chloris,781985,Chloris chloris,c:\Users\shado\Year3Projects\FYP\src\dataset\bird_data\raw\chloris_chloris\XC781985.mp3,16.0,19.0,-28.156905373876555,-31.36299460495838,non_bird,,,0.0,0.0,non_bird,0.0,,,
chloris_chloris,983368,Chloris chloris,c:\Users\shado\Year3Projects\FYP\src\dataset\bird_data\raw\chloris_chloris\XC983368.mp3,1.0,4.0,-54.40749208409366,-40.0,species,Chloris chloris,European Greenfinch,0.8933826088905334,0.8933826088905334,species,1.0,rand_species,bird_data\clips\species\chloris_chloris\XC983368__s1000__e4000.wav,
chloris_chloris,905093,Chloris chloris,c:\Users\shado\Year3Projects\FYP\src\dataset\bird_data\raw\chloris_chloris\XC905093.mp3,4.0,7.0,-32.99654306728045,-40.0,drop,Erithacus rubecula,European Robin,0.6496350169181824,0.6496350169181824,drop,0.0,,,
chloris_chloris,905093,Chloris chloris,c:\Users\shado\Year3Projects\FYP\src\dataset\bird_data\raw\chloris_chloris\XC905093.mp3,10.0,13.0,-37.66369502479582,-40.0,drop,Junco hyemalis,Dark-eyed Junco,0.7403774261474609,0.7403774261474609,drop,0.0,,,
chloris_chloris,905093,Chloris chloris,c:\Users\shado\Year3Projects\FYP\src\dataset\bird_data\raw\chloris_chloris\XC905093.mp3,13.0,16.0,-39.537314401111765,-40.0,drop,Junco hyemalis,Dark-eyed Junco,0.5786536931991577,0.5786536931991577,drop,0.0,,,
chloris_chloris,905093,Chloris chloris,c:\Users\shado\Year3Projects\FYP\src\dataset\bird_data\raw\chloris_chloris\XC905093.mp3,16.0,19.0,-36.25549597259028,-40.0,drop,Junco hyemalis,Dark-eyed Junco,0.5507028698921204,0.5507028698921204,drop,0.0,,,
chloris_chloris,905093,Chloris chloris,c:\Users\shado\Year3Projects\FYP\src\dataset\bird_data\raw\chloris_chloris\XC905093.mp3,22.0,25.0,-36.512434560109604,-40.0,drop,Emberiza cirlus,Cirl Bunting,0.6172178387641907,0.6172178387641907,drop,0.0,,,
chloris_chloris,652009,Chloris chloris,c:\Users\shado\Year3Projects\FYP\src\dataset\bird_data\raw\chloris_chloris\XC652009.mp3,1.0,4.0,-20.898090827826564,-22.3086511661292,species,Chloris chloris,European Greenfinch,0.36717918515205383,0.36717918515205383,species,1.0,rand_species,bird_data\clips\species\chloris_chloris\XC652009__s1000__e4000.wav,
chloris_chloris,652009,Chloris chloris,c:\Users\shado\Year3Projects\FYP\src\dataset\bird_data\raw\chloris_chloris\XC652009.mp3,7.0,10.0,-21.050654106909047,-22.3086511661292,species,Chloris chloris,European Greenfinch,0.46067115664482117,0.46067115664482117,species,1.0,rand_species,bird_data\clips\species\chloris_chloris\XC652009__s7000__e10000.wav,
chloris_chloris,652009,Chloris chloris,c:\Users\shado\Year3Projects\FYP\src\dataset\bird_data\raw\chloris_chloris\XC652009.mp3,10.0,13.0,-21.65942080035876,-22.3086511661292,species,Chloris chloris,European Greenfinch,0.9912669062614441,0.9912669062614441,species,1.0,rand_species,bird_data\clips\species\chloris_chloris\XC652009__s10000__e13000.wav,
chloris_chloris,984067,Chloris chloris,c:\Users\shado\Year3Projects\FYP\src\dataset\bird_data\raw\chloris_chloris\XC984067.mp3,4.0,7.0,-27.16484818015244,-29.865463632924,species,Chloris chloris,European Greenfinch,0.9964577555656433,0.9964577555656433,species,1.0,rand_species,bird_data\clips\species\chloris_chloris\XC984067__s4000__e7000.wav,
chloris_chloris,984067,Chloris chloris,c:\Users\shado\Year3Projects\FYP\src\dataset\bird_data\raw\chloris_chloris\XC984067.mp3,7.0,10.0,-26.96789586839388,-29.865463632924,species,Chloris chloris,European Greenfinch,0.9981722831726074,0.9981722831726074,species,1.0,rand_species,bird_data\clips\species\chloris_chloris\XC984067__s7000__e10000.wav,
chloris_chloris,984067,Chloris chloris,c:\Users\shado\Year3Projects\FYP\src\dataset\bird_data\raw\chloris_chloris\XC984067.mp3,13.0,16.0,-28.295851484343068,-29.865463632924,species,Chloris chloris,European Greenfinch,0.888064444065094,0.888064444065094,species,1.0,rand_species,bird_data\clips\species\chloris_chloris\XC984067__s13000__e16000.wav,
chloris_chloris,984067,Chloris chloris,c:\Users\shado\Year3Projects\FYP\src\dataset\bird_data\raw\chloris_chloris\XC984067.mp3,16.0,19.0,-29.504238862973935,-29.865463632924,drop,Carduelis carduelis,European Goldfinch,0.9317712783813477,0.9317712783813477,drop,0.0,,,
chloris_chloris,737869,Chloris chloris,c:\Users\shado\Year3Projects\FYP\src\dataset\bird_data\raw\chloris_chloris\XC737869.mp3,14.0,17.0,-30.213829259413995,-33.58105562816843,species,Chloris chloris,European Greenfinch,0.7996233105659485,0.7996233105659485,species,1.0,rand_species,bird_data\clips\species\chloris_chloris\XC737869__s14000__e17000.wav,
chloris_chloris,737869,Chloris chloris,c:\Users\shado\Year3Projects\FYP\src\dataset\bird_data\raw\chloris_chloris\XC737869.mp3,17.0,20.0,-32.02824240331456,-33.58105562816843,species,Chloris chloris,European Greenfinch,0.859417736530304,0.859417736530304,species,0.0,,,
chloris_chloris,737869,Chloris chloris,c:\Users\shado\Year3Projects\FYP\src\dataset\bird_data\raw\chloris_chloris\XC737869.mp3,20.0,23.0,-29.85912436153726,-33.58105562816843,species,Chloris chloris,European Greenfinch,0.693751871585846,0.693751871585846,species,1.0,rand_species,bird_data\clips\species\chloris_chloris\XC737869__s20000__e23000.wav,
chloris_chloris,737869,Chloris chloris,c:\Users\shado\Year3Projects\FYP\src\dataset\bird_data\raw\chloris_chloris\XC737869.mp3,26.0,29.0,-30.225361989053674,-33.58105562816843,species,Chloris chloris,European Greenfinch,0.3952091336250305,0.3952091336250305,species,1.0,rand_species,bird_data\clips\species\chloris_chloris\XC737869__s26000__e29000.wav,
chloris_chloris,737869,Chloris chloris,c:\Users\shado\Year3Projects\FYP\src\dataset\bird_data\raw\chloris_chloris\XC737869.mp3,32.0,35.0,-31.26636441486084,-33.58105562816843,species,Chloris chloris,European Greenfinch,0.8200187087059021,0.8200187087059021,species,0.0,,,
chloris_chloris,737869,Chloris chloris,c:\Users\shado\Year3Projects\FYP\src\dataset\bird_data\raw\chloris_chloris\XC737869.mp3,35.0,38.0,-33.375065436667974,-33.58105562816843,drop,Phylloscopus bonelli,Western Bonelli's Warbler,0.7193981409072876,0.7193981409072876,drop,0.0,,,
chloris_chloris,666041,Chloris chloris,c:\Users\shado\Year3Projects\FYP\src\dataset\bird_data\raw\chloris_chloris\XC666041.mp3,4.0,7.0,-38.117914816909945,-38.13713285169897,species,Chloris chloris,European Greenfinch,0.7664663195610046,0.7664663195610046,species,1.0,rand_species,bird_data\clips\species\chloris_chloris\XC666041__s4000__e7000.wav,
chloris_chloris,666041,Chloris chloris,c:\Users\shado\Year3Projects\FYP\src\dataset\bird_data\raw\chloris_chloris\XC666041.mp3,7.0,10.0,-37.18145114772103,-38.13713285169897,species,Chloris chloris,European Greenfinch,0.9321216344833374,0.9321216344833374,species,1.0,rand_species,bird_data\clips\species\chloris_chloris\XC666041__s7000__e10000.wav,
chloris_chloris,666041,Chloris chloris,c:\Users\shado\Year3Projects\FYP\src\dataset\bird_data\raw\chloris_chloris\XC666041.mp3,10.0,13.0,-37.01162940723668,-38.13713285169897,species,Chloris chloris,European Greenfinch,0.535315752029419,0.535315752029419,species,1.0,rand_species,bird_data\clips\species\chloris_chloris\XC666041__s10000__e13000.wav,
chloris_chloris,1045503,Chloris chloris,c:\Users\shado\Year3Projects\FYP\src\dataset\bird_data\raw\chloris_chloris\XC1045503.mp3,1.0,4.0,-31.002370600467554,-31.002370600467554,species,Chloris chloris,European Greenfinch,0.3716498911380768,0.3716498911380768,species,1.0,rand_species,bird_data\clips\species\chloris_chloris\XC1045503__s1000__e4000.wav,
chloris_chloris,594683,Chloris chloris,c:\Users\shado\Year3Projects\FYP\src\dataset\bird_data\raw\chloris_chloris\XC594683.mp3,1.0,4.0,-37.74440397727083,-39.68714216355597,species,Chloris chloris,European Greenfinch,0.6312366724014282,0.6312366724014282,species,1.0,rand_species,bird_data\clips\species\chloris_chloris\XC594683__s1000__e4000.wav,
chloris_chloris,594683,Chloris chloris,c:\Users\shado\Year3Projects\FYP\src\dataset\bird_data\raw\chloris_chloris\XC594683.mp3,4.0,7.0,-33.866635139541756,-39.68714216355597,drop,Acanthis flammea,Common Redpoll,0.3754886984825134,0.3754886984825134,drop,0.0,,,
chloris_chloris,594683,Chloris chloris,c:\Users\shado\Year3Projects\FYP\src\dataset\bird_data\raw\chloris_chloris\XC594683.mp3,7.0,10.0,-38.54016880684301,-39.68714216355597,species,Chloris chloris,European Greenfinch,0.5118038058280945,0.5118038058280945,species,1.0,rand_species,bird_data\clips\species\chloris_chloris\XC594683__s7000__e10000.wav,
chloris_chloris,594683,Chloris chloris,c:\Users\shado\Year3Projects\FYP\src\dataset\bird_data\raw\chloris_chloris\XC594683.mp3,10.0,13.0,-39.13678471857166,-39.68714216355597,species,Chloris chloris,European Greenfinch,0.5716155767440796,0.5716155767440796,species,1.0,rand_species,bird_data\clips\species\chloris_chloris\XC594683__s10000__e13000.wav,
chloris_chloris,594683,Chloris chloris,c:\Users\shado\Year3Projects\FYP\src\dataset\bird_data\raw\chloris_chloris\XC594683.mp3,19.0,22.0,-38.892614255197465,-39.68714216355597,species,Chloris chloris,European Greenfinch,0.781389594078064,0.781389594078064,species,0.0,,,
chloris_chloris,594683,Chloris chloris,c:\Users\shado\Year3Projects\FYP\src\dataset\bird_data\raw\chloris_chloris\XC594683.mp3,22.0,25.0,-37.97202017881753,-39.68714216355597,species,Chloris chloris,European Greenfinch,0.7373024821281433,0.7373024821281433,species,0.0,,,
chloris_chloris,202317,Chloris chloris,c:\Users\shado\Year3Projects\FYP\src\dataset\bird_data\raw\chloris_chloris\XC202317.mp3,1.0,4.0,-27.757230189361422,-37.71116171046707,species,Chloris chloris,European Greenfinch,0.8899279832839966,0.8899279832839966,species,1.0,rand_species,bird_data\clips\species\chloris_chloris\XC202317__s1000__e4000.wav,
chloris_chloris,202317,Chloris chloris,c:\Users\shado\Year3Projects\FYP\src\dataset\bird_data\raw\chloris_chloris\XC202317.mp3,4.0,7.0,-35.51447379544069,-37.71116171046707,species,Chloris chloris,European Greenfinch,0.632915735244751,0.632915735244751,species,1.0,rand_species,bird_data\clips\species\chloris_chloris\XC202317__s4000__e7000.wav,
chloris_chloris,202317,Chloris chloris,c:\Users\shado\Year3Projects\FYP\src\dataset\bird_data\raw\chloris_chloris\XC202317.mp3,10.0,13.0,-37.43229270634561,-37.71116171046707,species,Chloris chloris,European Greenfinch,0.43498241901397705,0.43498241901397705,species,1.0,rand_species,bird_data\clips\species\chloris_chloris\XC202317__s10000__e13000.wav,
chloris_chloris,854668,Chloris chloris,c:\Users\shado\Year3Projects\FYP\src\dataset\bird_data\raw\chloris_chloris\XC854668.mp3,1.0,4.0,-36.27938922747986,-40.0,non_bird,,,0.0,0.0,non_bird,1.0,nonbird_lowconf,bird_data\clips\non_bird\chloris_chloris\XC854668__s1000__e4000.wav,
chloris_chloris,520609,Chloris chloris,c:\Users\shado\Year3Projects\FYP\src\dataset\bird_data\raw\chloris_chloris\XC520609.mp3,1.0,4.0,-27.56072718466307,-31.345817897216172,species,Chloris chloris,European Greenfinch,0.9987727999687195,0.9987727999687195,species,0.0,,,
chloris_chloris,520609,Chloris chloris,c:\Users\shado\Year3Projects\FYP\src\dataset\bird_data\raw\chloris_chloris\XC520609.mp3,4.0,7.0,-29.222587973699174,-31.345817897216172,species,Chloris chloris,European Greenfinch,0.9891362190246582,0.9891362190246582,species,0.0,,,
chloris_chloris,520609,Chloris chloris,c:\Users\shado\Year3Projects\FYP\src\dataset\bird_data\raw\chloris_chloris\XC520609.mp3,10.0,13.0,-29.92525148147339,-31.345817897216172,species,Chloris chloris,European Greenfinch,0.9440320134162903,0.9440320134162903,species,1.0,rand_species,bird_data\clips\species\chloris_chloris\XC520609__s10000__e13000.wav,
chloris_chloris,520609,Chloris chloris,c:\Users\shado\Year3Projects\FYP\src\dataset\bird_data\raw\chloris_chloris\XC520609.mp3,13.0,16.0,-29.501923520171594,-31.345817897216172,species,Chloris chloris,European Greenfinch,0.34220802783966064,0.34220802783966064,species,1.0,rand_species,bird_data\clips\species\chloris_chloris\XC520609__s13000__e16000.wav,
chloris_chloris,520609,Chloris chloris,c:\Users\shado\Year3Projects\FYP\src\dataset\bird_data\raw\chloris_chloris\XC520609.mp3,19.0,22.0,-31.069785923870796,-31.345817897216172,species,Chloris chloris,European Greenfinch,0.9425260424613953,0.9425260424613953,species,1.0,rand_species,bird_data\clips\species\chloris_chloris\XC520609__s19000__e22000.wav,
chloris_chloris,520609,Chloris chloris,c:\Users\shado\Year3Projects\FYP\src\dataset\bird_data\raw\chloris_chloris\XC520609.mp3,25.0,28.0,-31.006747104591955,-31.345817897216172,species,Chloris chloris,European Greenfinch,0.9815428853034973,0.9815428853034973,species,0.0,,,
chloris_chloris,780471,Chloris chloris,c:\Users\shado\Year3Projects\FYP\src\dataset\bird_data\raw\chloris_chloris\XC780471.mp3,10.0,13.0,-25.031220597677553,-30.41750042421989,species,Chloris chloris,European Greenfinch,0.9980183839797974,0.9980183839797974,species,1.0,rand_species,bird_data\clips\species\chloris_chloris\XC780471__s10000__e13000.wav,
chloris_chloris,780471,Chloris chloris,c:\Users\shado\Year3Projects\FYP\src\dataset\bird_data\raw\chloris_chloris\XC780471.mp3,13.0,16.0,-27.026427891237788,-30.41750042421989,species,Chloris chloris,European Greenfinch,0.996623158454895,0.996623158454895,species,0.0,,,
chloris_chloris,780471,Chloris chloris,c:\Users\shado\Year3Projects\FYP\src\dataset\bird_data\raw\chloris_chloris\XC780471.mp3,16.0,19.0,-25.24644643551264,-30.41750042421989,species,Chloris chloris,European Greenfinch,0.9989964365959167,0.9989964365959167,species,0.0,,,
chloris_chloris,780471,Chloris chloris,c:\Users\shado\Year3Projects\FYP\src\dataset\bird_data\raw\chloris_chloris\XC780471.mp3,19.0,22.0,-24.532891536265957,-30.41750042421989,species,Chloris chloris,European Greenfinch,0.9995222091674805,0.9995222091674805,species,0.0,,,
chloris_chloris,780471,Chloris chloris,c:\Users\shado\Year3Projects\FYP\src\dataset\bird_data\raw\chloris_chloris\XC780471.mp3,22.0,25.0,-25.683691565640988,-30.41750042421989,species,Chloris chloris,European Greenfinch,0.9986696243286133,0.9986696243286133,species,1.0,rand_species,bird_data\clips\species\chloris_chloris\XC780471__s22000__e25000.wav,
chloris_chloris,780471,Chloris chloris,c:\Users\shado\Year3Projects\FYP\src\dataset\bird_data\raw\chloris_chloris\XC780471.mp3,25.0,28.0,-28.29916038766354,-30.41750042421989,species,Chloris chloris,European Greenfinch,0.9995237588882446,0.9995237588882446,species,1.0,rand_species,bird_data\clips\species\chloris_chloris\XC780471__s25000__e28000.wav,
chloris_chloris,979391,Chloris chloris,c:\Users\shado\Year3Projects\FYP\src\dataset\bird_data\raw\chloris_chloris\XC979391.mp3,4.0,7.0,-33.05937641878623,-37.62394158643169,species,Chloris chloris,European Greenfinch,0.977150559425354,0.977150559425354,species,1.0,rand_species,bird_data\clips\species\chloris_chloris\XC979391__s4000__e7000.wav,
chloris_chloris,979391,Chloris chloris,c:\Users\shado\Year3Projects\FYP\src\dataset\bird_data\raw\chloris_chloris\XC979391.mp3,7.0,10.0,-20.27100890871094,-37.62394158643169,species,Chloris chloris,European Greenfinch,0.9909538626670837,0.9909538626670837,species,1.0,rand_species,bird_data\clips\species\chloris_chloris\XC979391__s7000__e10000.wav,
chloris_chloris,902060,Chloris chloris,c:\Users\shado\Year3Projects\FYP\src\dataset\bird_data\raw\chloris_chloris\XC902060.mp3,4.0,7.0,-43.26102860606351,-40.0,species,Chloris chloris,European Greenfinch,0.9913705587387085,0.9913705587387085,species,1.0,rand_species,bird_data\clips\species\chloris_chloris\XC902060__s4000__e7000.wav,
chloris_chloris,645765,Chloris chloris,c:\Users\shado\Year3Projects\FYP\src\dataset\bird_data\raw\chloris_chloris\XC645765.mp3,21.0,24.0,-29.245700672829294,-39.99728664378849,species,Chloris chloris,European Greenfinch,0.7530430555343628,0.7530430555343628,species,0.0,,,
chloris_chloris,645765,Chloris chloris,c:\Users\shado\Year3Projects\FYP\src\dataset\bird_data\raw\chloris_chloris\XC645765.mp3,24.0,27.0,-32.36642121689497,-39.99728664378849,drop,Troglodytes troglodytes,Eurasian Wren,0.7457447648048401,0.7457447648048401,drop,0.0,,,
chloris_chloris,645765,Chloris chloris,c:\Users\shado\Year3Projects\FYP\src\dataset\bird_data\raw\chloris_chloris\XC645765.mp3,27.0,30.0,-35.08130195755194,-39.99728664378849,species,Chloris chloris,European Greenfinch,0.9362384080886841,0.9362384080886841,species,1.0,rand_species,bird_data\clips\species\chloris_chloris\XC645765__s27000__e30000.wav,
chloris_chloris,645765,Chloris chloris,c:\Users\shado\Year3Projects\FYP\src\dataset\bird_data\raw\chloris_chloris\XC645765.mp3,33.0,36.0,-35.23349734283963,-39.99728664378849,species,Chloris chloris,European Greenfinch,0.931540310382843,0.931540310382843,species,1.0,rand_species,bird_data\clips\species\chloris_chloris\XC645765__s33000__e36000.wav,
chloris_chloris,645765,Chloris chloris,c:\Users\shado\Year3Projects\FYP\src\dataset\bird_data\raw\chloris_chloris\XC645765.mp3,39.0,42.0,-36.714411019277364,-39.99728664378849,species,Chloris chloris,European Greenfinch,0.8416655659675598,0.8416655659675598,species,0.0,,,
chloris_chloris,645765,Chloris chloris,c:\Users\shado\Year3Projects\FYP\src\dataset\bird_data\raw\chloris_chloris\XC645765.mp3,45.0,48.0,-35.550597454554044,-39.99728664378849,species,Chloris chloris,European Greenfinch,0.6040732264518738,0.6040732264518738,species,1.0,rand_species,bird_data\clips\species\chloris_chloris\XC645765__s45000__e48000.wav,
chloris_chloris,928945,Chloris chloris,c:\Users\shado\Year3Projects\FYP\src\dataset\bird_data\raw\chloris_chloris\XC928945.mp3,16.0,19.0,-34.88006167726343,-40.0,non_bird,,,0.0,0.0,non_bird,1.0,nonbird_lowconf,bird_data\clips\non_bird\chloris_chloris\XC928945__s16000__e19000.wav,
chloris_chloris,662867,Chloris chloris,c:\Users\shado\Year3Projects\FYP\src\dataset\bird_data\raw\chloris_chloris\XC662867.mp3,4.0,7.0,-30.000983822590527,-30.684923908233692,species,Chloris chloris,European Greenfinch,0.9904294013977051,0.9904294013977051,species,0.0,,,
chloris_chloris,662867,Chloris chloris,c:\Users\shado\Year3Projects\FYP\src\dataset\bird_data\raw\chloris_chloris\XC662867.mp3,7.0,10.0,-29.422364279236767,-30.684923908233692,species,Chloris chloris,European Greenfinch,0.9827669858932495,0.9827669858932495,species,1.0,rand_species,bird_data\clips\species\chloris_chloris\XC662867__s7000__e10000.wav,
chloris_chloris,662867,Chloris chloris,c:\Users\shado\Year3Projects\FYP\src\dataset\bird_data\raw\chloris_chloris\XC662867.mp3,10.0,13.0,-25.38042286617173,-30.684923908233692,species,Chloris chloris,European Greenfinch,0.9935814142227173,0.9935814142227173,species,1.0,rand_species,bird_data\clips\species\chloris_chloris\XC662867__s10000__e13000.wav,
chloris_chloris,662867,Chloris chloris,c:\Users\shado\Year3Projects\FYP\src\dataset\bird_data\raw\chloris_chloris\XC662867.mp3,16.0,19.0,-27.25391371275544,-30.684923908233692,species,Chloris chloris,European Greenfinch,0.9912595152854919,0.9912595152854919,species,1.0,rand_species,bird_data\clips\species\chloris_chloris\XC662867__s16000__e19000.wav,
chloris_chloris,621084,Chloris chloris,c:\Users\shado\Year3Projects\FYP\src\dataset\bird_data\raw\chloris_chloris\XC621084.mp3,1.0,4.0,-38.37993272199693,-40.0,non_bird,,,0.0,0.0,non_bird,1.0,nonbird_lowconf,bird_data\clips\non_bird\chloris_chloris\XC621084__s1000__e4000.wav,
chloris_chloris,832208,Chloris chloris,c:\Users\shado\Year3Projects\FYP\src\dataset\bird_data\raw\chloris_chloris\XC832208.mp3,1.0,4.0,-23.97608692178511,-24.237274076598815,drop,Fringilla coelebs,Common Chaffinch,0.5680351853370667,0.5680351853370667,drop,0.0,,,
chloris_chloris,832208,Chloris chloris,c:\Users\shado\Year3Projects\FYP\src\dataset\bird_data\raw\chloris_chloris\XC832208.mp3,7.0,10.0,-24.130287914311918,-24.237274076598815,drop,Fringilla coelebs,Common Chaffinch,0.7735236287117004,0.7735236287117004,drop,0.0,,,
chloris_chloris,1052494,,,,,,,,,,,,,,,,no_windows
chloris_chloris,202316,Chloris chloris,c:\Users\shado\Year3Projects\FYP\src\dataset\bird_data\raw\chloris_chloris\XC202316.mp3,10.0,13.0,-28.030731938750343,-28.91961126698478,species,Chloris chloris,European Greenfinch,0.9135653376579285,0.9135653376579285,species,0.0,,,
chloris_chloris,202316,Chloris chloris,c:\Users\shado\Year3Projects\FYP\src\dataset\bird_data\raw\chloris_chloris\XC202316.mp3,13.0,16.0,-20.425747767769955,-28.91961126698478,species,Chloris chloris,European Greenfinch,0.9880393147468567,0.9880393147468567,species,1.0,rand_species,bird_data\clips\species\chloris_chloris\XC202316__s13000__e16000.wav,
chloris_chloris,202316,Chloris chloris,c:\Users\shado\Year3Projects\FYP\src\dataset\bird_data\raw\chloris_chloris\XC202316.mp3,16.0,19.0,-25.496665913804346,-28.91961126698478,species,Chloris chloris,European Greenfinch,0.9663336277008057,0.9663336277008057,species,1.0,rand_species,bird_data\clips\species\chloris_chloris\XC202316__s16000__e19000.wav,
chloris_chloris,202316,Chloris chloris,c:\Users\shado\Year3Projects\FYP\src\dataset\bird_data\raw\chloris_chloris\XC202316.mp3,19.0,22.0,-24.29986382082479,-28.91961126698478,species,Chloris chloris,European Greenfinch,0.9798287749290466,0.9798287749290466,species,0.0,,,
chloris_chloris,202316,Chloris chloris,c:\Users\shado\Year3Projects\FYP\src\dataset\bird_data\raw\chloris_chloris\XC202316.mp3,22.0,25.0,-24.05253927103746,-28.91961126698478,species,Chloris chloris,European Greenfinch,0.9331098198890686,0.9331098198890686,species,0.0,,,
chloris_chloris,202316,Chloris chloris,c:\Users\shado\Year3Projects\FYP\src\dataset\bird_data\raw\chloris_chloris\XC202316.mp3,25.0,28.0,-24.910295224593483,-28.91961126698478,species,Chloris chloris,European Greenfinch,0.9749993681907654,0.9749993681907654,species,1.0,rand_species,bird_data\clips\species\chloris_chloris\XC202316__s25000__e28000.wav,
chloris_chloris,846076,Chloris chloris,c:\Users\shado\Year3Projects\FYP\src\dataset\bird_data\raw\chloris_chloris\XC846076.mp3,1.0,4.0,-60.17529796431668,-40.0,non_bird,,,0.0,0.0,non_bird,1.0,nonbird_lowconf,bird_data\clips\non_bird\chloris_chloris\XC846076__s1000__e4000.wav,
chloris_chloris,28962,Chloris chloris,c:\Users\shado\Year3Projects\FYP\src\dataset\bird_data\raw\chloris_chloris\XC28962.mp3,1.0,4.0,-31.272896334390687,-34.966312555705045,species,Chloris chloris,European Greenfinch,0.9846885204315186,0.9846885204315186,species,1.0,rand_species,bird_data\clips\species\chloris_chloris\XC28962__s1000__e4000.wav,
chloris_chloris,28962,Chloris chloris,c:\Users\shado\Year3Projects\FYP\src\dataset\bird_data\raw\chloris_chloris\XC28962.mp3,4.0,7.0,-30.550972609834556,-34.966312555705045,species,Chloris chloris,European Greenfinch,0.7683568596839905,0.7683568596839905,species,1.0,rand_species,bird_data\clips\species\chloris_chloris\XC28962__s4000__e7000.wav,
chloris_chloris,28962,Chloris chloris,c:\Users\shado\Year3Projects\FYP\src\dataset\bird_data\raw\chloris_chloris\XC28962.mp3,10.0,13.0,-33.016369994627766,-34.966312555705045,drop,Corvus corone,Carrion Crow,0.14067839086055756,0.14067839086055756,drop,0.0,,,
chloris_chloris,28962,Chloris chloris,c:\Users\shado\Year3Projects\FYP\src\dataset\bird_data\raw\chloris_chloris\XC28962.mp3,13.0,16.0,-34.8188918907383,-34.966312555705045,drop,Chloris chloris,European Greenfinch,0.29949459433555603,0.29949459433555603,drop,0.0,,,
chloris_chloris,28962,Chloris chloris,c:\Users\shado\Year3Projects\FYP\src\dataset\bird_data\raw\chloris_chloris\XC28962.mp3,19.0,22.0,-31.35189865855802,-34.966312555705045,drop,Cinclus cinclus,White-throated Dipper,0.23485207557678223,0.23485207557678223,drop,0.0,,,
chloris_chloris,28962,Chloris chloris,c:\Users\shado\Year3Projects\FYP\src\dataset\bird_data\raw\chloris_chloris\XC28962.mp3,22.0,25.0,-34.344558257410355,-34.966312555705045,species,Chloris chloris,European Greenfinch,0.8998981714248657,0.8998981714248657,species,1.0,rand_species,bird_data\clips\species\chloris_chloris\XC28962__s22000__e25000.wav,
chloris_chloris,780470,Chloris chloris,c:\Users\shado\Year3Projects\FYP\src\dataset\bird_data\raw\chloris_chloris\XC780470.mp3,1.0,4.0,-26.037529498964336,-26.184938829768356,species,Chloris chloris,European Greenfinch,0.9979763627052307,0.9979763627052307,species,1.0,rand_species,bird_data\clips\species\chloris_chloris\XC780470__s1000__e4000.wav,
chloris_chloris,780470,Chloris chloris,c:\Users\shado\Year3Projects\FYP\src\dataset\bird_data\raw\chloris_chloris\XC780470.mp3,4.0,7.0,-24.24712714349162,-26.184938829768356,species,Chloris chloris,European Greenfinch,0.9954754710197449,0.9954754710197449,species,0.0,,,
chloris_chloris,780470,Chloris chloris,c:\Users\shado\Year3Projects\FYP\src\dataset\bird_data\raw\chloris_chloris\XC780470.mp3,10.0,13.0,-21.543059399562136,-26.184938829768356,species,Chloris chloris,European Greenfinch,0.9947981834411621,0.9947981834411621,species,1.0,rand_species,bird_data\clips\species\chloris_chloris\XC780470__s10000__e13000.wav,
chloris_chloris,780470,Chloris chloris,c:\Users\shado\Year3Projects\FYP\src\dataset\bird_data\raw\chloris_chloris\XC780470.mp3,13.0,16.0,-21.430784419587468,-26.184938829768356,species,Chloris chloris,European Greenfinch,0.9995272159576416,0.9995272159576416,species,1.0,rand_species,bird_data\clips\species\chloris_chloris\XC780470__s13000__e16000.wav,
chloris_chloris,780470,Chloris chloris,c:\Users\shado\Year3Projects\FYP\src\dataset\bird_data\raw\chloris_chloris\XC780470.mp3,16.0,19.0,-20.823319332150128,-26.184938829768356,species,Chloris chloris,European Greenfinch,0.9995893836021423,0.9995893836021423,species,0.0,,,
chloris_chloris,780470,Chloris chloris,c:\Users\shado\Year3Projects\FYP\src\dataset\bird_data\raw\chloris_chloris\XC780470.mp3,25.0,28.0,-22.904857737959603,-26.184938829768356,species,Chloris chloris,European Greenfinch,0.9985835552215576,0.9985835552215576,species,0.0,,,
chloris_chloris,977226,Chloris chloris,c:\Users\shado\Year3Projects\FYP\src\dataset\bird_data\raw\chloris_chloris\XC977226.mp3,27.0,30.0,-39.84704767162739,-40.0,species,Chloris chloris,European Greenfinch,0.6781697869300842,0.6781697869300842,species,1.0,rand_species,bird_data\clips\species\chloris_chloris\XC977226__s27000__e30000.wav,
chloris_chloris,798098,Chloris chloris,c:\Users\shado\Year3Projects\FYP\src\dataset\bird_data\raw\chloris_chloris\XC798098.mp3,4.0,7.0,-35.111989596836665,-35.65728159997094,drop,Larus argentatus,Herring Gull,0.3227582573890686,0.3227582573890686,drop,0.0,,,
chloris_chloris,645763,Chloris chloris,c:\Users\shado\Year3Projects\FYP\src\dataset\bird_data\raw\chloris_chloris\XC645763.mp3,4.0,7.0,-22.113533355039902,-26.52632900942812,drop,Phylloscopus collybita,Common Chiffchaff,0.8791000843048096,0.8791000843048096,drop,0.0,,,
chloris_chloris,645763,Chloris chloris,c:\Users\shado\Year3Projects\FYP\src\dataset\bird_data\raw\chloris_chloris\XC645763.mp3,7.0,10.0,-24.23725338385658,-26.52632900942812,drop,Chloris chloris,European Greenfinch,0.145999476313591,0.145999476313591,drop,0.0,,,
chloris_chloris,645763,Chloris chloris,c:\Users\shado\Year3Projects\FYP\src\dataset\bird_data\raw\chloris_chloris\XC645763.mp3,13.0,16.0,-21.782969566680496,-26.52632900942812,drop,Phylloscopus collybita,Common Chiffchaff,0.9415861368179321,0.9415861368179321,drop,0.0,,,
chloris_chloris,645763,Chloris chloris,c:\Users\shado\Year3Projects\FYP\src\dataset\bird_data\raw\chloris_chloris\XC645763.mp3,16.0,19.0,-24.895898393623014,-26.52632900942812,drop,Phylloscopus collybita,Common Chiffchaff,0.5889464616775513,0.5889464616775513,drop,0.0,,,
chloris_chloris,645763,Chloris chloris,c:\Users\shado\Year3Projects\FYP\src\dataset\bird_data\raw\chloris_chloris\XC645763.mp3,22.0,25.0,-22.896776462156478,-26.52632900942812,drop,Phylloscopus collybita,Common Chiffchaff,0.8667766451835632,0.8667766451835632,drop,0.0,,,
chloris_chloris,645763,Chloris chloris,c:\Users\shado\Year3Projects\FYP\src\dataset\bird_data\raw\chloris_chloris\XC645763.mp3,25.0,28.0,-25.264845861395933,-26.52632900942812,drop,Phylloscopus collybita,Common Chiffchaff,0.9534745216369629,0.9534745216369629,drop,0.0,,,
chloris_chloris,921690,Chloris chloris,c:\Users\shado\Year3Projects\FYP\src\dataset\bird_data\raw\chloris_chloris\XC921690.mp3,11.0,14.0,-30.067530621724035,-30.22047131951401,species,Chloris chloris,European Greenfinch,0.9707193374633789,0.9707193374633789,species,0.0,,,
chloris_chloris,921690,Chloris chloris,c:\Users\shado\Year3Projects\FYP\src\dataset\bird_data\raw\chloris_chloris\XC921690.mp3,14.0,17.0,-29.171548075969152,-30.22047131951401,species,Chloris chloris,European Greenfinch,0.9951100945472717,0.9951100945472717,species,0.0,,,
chloris_chloris,921690,Chloris chloris,c:\Users\shado\Year3Projects\FYP\src\dataset\bird_data\raw\chloris_chloris\XC921690.mp3,23.0,26.0,-29.992411369225334,-30.22047131951401,species,Chloris chloris,European Greenfinch,0.9711545705795288,0.9711545705795288,species,1.0,rand_species,bird_data\clips\species\chloris_chloris\XC921690__s23000__e26000.wav,
chloris_chloris,921690,Chloris chloris,c:\Users\shado\Year3Projects\FYP\src\dataset\bird_data\raw\chloris_chloris\XC921690.mp3,26.0,29.0,-28.95211256953262,-30.22047131951401,species,Chloris chloris,European Greenfinch,0.9641997218132019,0.9641997218132019,species,1.0,rand_species,bird_data\clips\species\chloris_chloris\XC921690__s26000__e29000.wav,
chloris_chloris,921690,Chloris chloris,c:\Users\shado\Year3Projects\FYP\src\dataset\bird_data\raw\chloris_chloris\XC921690.mp3,29.0,32.0,-29.14055696576565,-30.22047131951401,species,Chloris chloris,European Greenfinch,0.9986349940299988,0.9986349940299988,species,0.0,,,
chloris_chloris,921690,Chloris chloris,c:\Users\shado\Year3Projects\FYP\src\dataset\bird_data\raw\chloris_chloris\XC921690.mp3,32.0,35.0,-28.918990752194436,-30.22047131951401,species,Chloris chloris,European Greenfinch,0.9958959817886353,0.9958959817886353,species,1.0,rand_species,bird_data\clips\species\chloris_chloris\XC921690__s32000__e35000.wav,
chloris_chloris,662866,Chloris chloris,c:\Users\shado\Year3Projects\FYP\src\dataset\bird_data\raw\chloris_chloris\XC662866.mp3,17.0,20.0,-25.107375762913847,-29.561889184111266,species,Chloris chloris,European Greenfinch,0.9303026795387268,0.9303026795387268,species,0.0,,,
chloris_chloris,662866,Chloris chloris,c:\Users\shado\Year3Projects\FYP\src\dataset\bird_data\raw\chloris_chloris\XC662866.mp3,20.0,23.0,-26.916258259473622,-29.561889184111266,species,Chloris chloris,European Greenfinch,0.9026722311973572,0.9026722311973572,species,0.0,,,
chloris_chloris,662866,Chloris chloris,c:\Users\shado\Year3Projects\FYP\src\dataset\bird_data\raw\chloris_chloris\XC662866.mp3,23.0,26.0,-28.843042893893866,-29.561889184111266,species,Chloris chloris,European Greenfinch,0.9803983569145203,0.9803983569145203,species,1.0,rand_species,bird_data\clips\species\chloris_chloris\XC662866__s23000__e26000.wav,
chloris_chloris,662866,Chloris chloris,c:\Users\shado\Year3Projects\FYP\src\dataset\bird_data\raw\chloris_chloris\XC662866.mp3,29.0,32.0,-28.708121438232816,-29.561889184111266,drop,Acanthis cabaret,Lesser Redpoll,0.11756505072116852,0.11756505072116852,drop,0.0,,,
chloris_chloris,662866,Chloris chloris,c:\Users\shado\Year3Projects\FYP\src\dataset\bird_data\raw\chloris_chloris\XC662866.mp3,32.0,35.0,-26.74429819484778,-29.561889184111266,species,Chloris chloris,European Greenfinch,0.9955496788024902,0.9955496788024902,species,1.0,rand_species,bird_data\clips\species\chloris_chloris\XC662866__s32000__e35000.wav,
chloris_chloris,662866,Chloris chloris,c:\Users\shado\Year3Projects\FYP\src\dataset\bird_data\raw\chloris_chloris\XC662866.mp3,35.0,38.0,-27.138825434646037,-29.561889184111266,species,Chloris chloris,European Greenfinch,0.9062408208847046,0.9062408208847046,species,1.0,rand_species,bird_data\clips\species\chloris_chloris\XC662866__s35000__e38000.wav,
chloris_chloris,492256,Chloris chloris,c:\Users\shado\Year3Projects\FYP\src\dataset\bird_data\raw\chloris_chloris\XC492256.mp3,1.0,4.0,-38.46045905351459,-39.12352888728353,non_bird,,,0.0,0.0,non_bird,1.0,nonbird_lowconf,bird_data\clips\non_bird\chloris_chloris\XC492256__s1000__e4000.wav,
chloris_chloris,492256,Chloris chloris,c:\Users\shado\Year3Projects\FYP\src\dataset\bird_data\raw\chloris_chloris\XC492256.mp3,4.0,7.0,-36.91738388831291,-39.12352888728353,drop,Ptiloxena atroviolacea,Cuban Blackbird,0.10298609733581543,0.10298609733581543,drop,0.0,,,
chloris_chloris,492256,Chloris chloris,c:\Users\shado\Year3Projects\FYP\src\dataset\bird_data\raw\chloris_chloris\XC492256.mp3,13.0,16.0,-38.88326434195865,-39.12352888728353,drop,Halcyon senegalensis,Woodland Kingfisher,0.24843963980674744,0.24843963980674744,drop,0.0,,,
chloris_chloris,492256,Chloris chloris,c:\Users\shado\Year3Projects\FYP\src\dataset\bird_data\raw\chloris_chloris\XC492256.mp3,19.0,22.0,-37.00866058816733,-39.12352888728353,drop,Ptiloxena atroviolacea,Cuban Blackbird,0.851279079914093,0.851279079914093,drop,0.0,,,
chloris_chloris,492256,Chloris chloris,c:\Users\shado\Year3Projects\FYP\src\dataset\bird_data\raw\chloris_chloris\XC492256.mp3,22.0,25.0,-36.527828377304736,-39.12352888728353,drop,Halcyon senegalensis,Woodland Kingfisher,0.20230241119861603,0.20230241119861603,drop,0.0,,,
chloris_chloris,492256,Chloris chloris,c:\Users\shado\Year3Projects\FYP\src\dataset\bird_data\raw\chloris_chloris\XC492256.mp3,25.0,28.0,-38.72134324722885,-39.12352888728353,non_bird,,,0.0,0.0,non_bird,1.0,nonbird_lowconf,bird_data\clips\non_bird\chloris_chloris\XC492256__s25000__e28000.wav,
chloris_chloris,772732,Chloris chloris,c:\Users\shado\Year3Projects\FYP\src\dataset\bird_data\raw\chloris_chloris\XC772732.mp3,24.0,27.0,-24.462865173037223,-24.763763914656,drop,Chalcomitra amethystina,Amethyst Sunbird,0.1199273020029068,0.1199273020029068,drop,0.0,,,
chloris_chloris,772732,Chloris chloris,c:\Users\shado\Year3Projects\FYP\src\dataset\bird_data\raw\chloris_chloris\XC772732.mp3,27.0,30.0,-24.618651915440065,-24.763763914656,drop,Coccothraustes vespertinus,Evening Grosbeak,0.6422021985054016,0.6422021985054016,drop,0.0,,,
chloris_chloris,772732,Chloris chloris,c:\Users\shado\Year3Projects\FYP\src\dataset\bird_data\raw\chloris_chloris\XC772732.mp3,36.0,39.0,-23.747359218664243,-24.763763914656,drop,Coccothraustes vespertinus,Evening Grosbeak,0.20434361696243286,0.20434361696243286,drop,0.0,,,
chloris_chloris,772732,Chloris chloris,c:\Users\shado\Year3Projects\FYP\src\dataset\bird_data\raw\chloris_chloris\XC772732.mp3,39.0,42.0,-24.704962149880174,-24.763763914656,drop,Tringa glareola,Wood Sandpiper,0.31890809535980225,0.31890809535980225,drop,0.0,,,
chloris_chloris,772732,Chloris chloris,c:\Users\shado\Year3Projects\FYP\src\dataset\bird_data\raw\chloris_chloris\XC772732.mp3,42.0,45.0,-23.346373021207928,-24.763763914656,drop,Tringa glareola,Wood Sandpiper,0.186748668551445,0.186748668551445,drop,0.0,,,
chloris_chloris,772732,Chloris chloris,c:\Users\shado\Year3Projects\FYP\src\dataset\bird_data\raw\chloris_chloris\XC772732.mp3,45.0,48.0,-24.50679336606354,-24.763763914656,drop,Chloris chloris,European Greenfinch,0.16484203934669495,0.16484203934669495,drop,0.0,,,
chloris_chloris,1051123,Chloris chloris,c:\Users\shado\Year3Projects\FYP\src\dataset\bird_data\raw\chloris_chloris\XC1051123.mp3,1.0,4.0,-39.75914063439383,-40.0,species,Chloris chloris,European Greenfinch,0.5149932503700256,0.5149932503700256,species,1.0,rand_species,bird_data\clips\species\chloris_chloris\XC1051123__s1000__e4000.wav,
chloris_chloris,202315,Chloris chloris,c:\Users\shado\Year3Projects\FYP\src\dataset\bird_data\raw\chloris_chloris\XC202315.mp3,1.0,4.0,-20.354718842076053,-24.209627287202636,species,Chloris chloris,European Greenfinch,0.48829275369644165,0.48829275369644165,species,1.0,rand_species,bird_data\clips\species\chloris_chloris\XC202315__s1000__e4000.wav,
chloris_chloris,202315,Chloris chloris,c:\Users\shado\Year3Projects\FYP\src\dataset\bird_data\raw\chloris_chloris\XC202315.mp3,7.0,10.0,-22.459948631159584,-24.209627287202636,species,Chloris chloris,European Greenfinch,0.7592585682868958,0.7592585682868958,species,1.0,rand_species,bird_data\clips\species\chloris_chloris\XC202315__s7000__e10000.wav,
chloris_chloris,845906,Chloris chloris,c:\Users\shado\Year3Projects\FYP\src\dataset\bird_data\raw\chloris_chloris\XC845906.mp3,1.0,4.0,-54.758345438410636,-40.0,non_bird,,,0.0,0.0,non_bird,1.0,nonbird_lowconf,bird_data\clips\non_bird\chloris_chloris\XC845906__s1000__e4000.wav,
chloris_chloris,28961,Chloris chloris,c:\Users\shado\Year3Projects\FYP\src\dataset\bird_data\raw\chloris_chloris\XC28961.mp3,6.0,9.0,-37.01708692911491,-37.246863991223655,species,Chloris chloris,European Greenfinch,0.3145255148410797,0.3145255148410797,species,1.0,rand_species,bird_data\clips\species\chloris_chloris\XC28961__s6000__e9000.wav,
chloris_chloris,28961,Chloris chloris,c:\Users\shado\Year3Projects\FYP\src\dataset\bird_data\raw\chloris_chloris\XC28961.mp3,12.0,15.0,-32.49568691357343,-37.246863991223655,species,Chloris chloris,European Greenfinch,0.9906783103942871,0.9906783103942871,species,1.0,rand_species,bird_data\clips\species\chloris_chloris\XC28961__s12000__e15000.wav,
chloris_chloris,28961,Chloris chloris,c:\Users\shado\Year3Projects\FYP\src\dataset\bird_data\raw\chloris_chloris\XC28961.mp3,15.0,18.0,-36.74213716700355,-37.246863991223655,non_bird,,,0.0,0.0,non_bird,1.0,nonbird_lowconf,bird_data\clips\non_bird\chloris_chloris\XC28961__s15000__e18000.wav,
chloris_chloris,28961,Chloris chloris,c:\Users\shado\Year3Projects\FYP\src\dataset\bird_data\raw\chloris_chloris\XC28961.mp3,21.0,24.0,-37.06515066266318,-37.246863991223655,non_bird,,,0.0,0.0,non_bird,1.0,nonbird_lowconf,bird_data\clips\non_bird\chloris_chloris\XC28961__s21000__e24000.wav,
chloris_chloris,28961,Chloris chloris,c:\Users\shado\Year3Projects\FYP\src\dataset\bird_data\raw\chloris_chloris\XC28961.mp3,27.0,30.0,-32.60708147061099,-37.246863991223655,species,Chloris chloris,European Greenfinch,0.9908315539360046,0.9908315539360046,species,1.0,rand_species,bird_data\clips\species\chloris_chloris\XC28961__s27000__e30000.wav,
chloris_chloris,28961,Chloris chloris,c:\Users\shado\Year3Projects\FYP\src\dataset\bird_data\raw\chloris_chloris\XC28961.mp3,30.0,33.0,-35.74037036559723,-37.246863991223655,drop,Acanthis flammea,Common Redpoll,0.1023377999663353,0.1023377999663353,drop,0.0,,,
chloris_chloris,704312,Chloris chloris,c:\Users\shado\Year3Projects\FYP\src\dataset\bird_data\raw\chloris_chloris\XC704312.mp3,1.0,4.0,-20.61864016867798,-29.834121192244385,drop,Melanocorypha calandra,Calandra Lark,0.9267942905426025,0.9267942905426025,drop,0.0,,,
chloris_chloris,704312,Chloris chloris,c:\Users\shado\Year3Projects\FYP\src\dataset\bird_data\raw\chloris_chloris\XC704312.mp3,4.0,7.0,-27.366637685667435,-29.834121192244385,non_bird,,,0.0,0.0,non_bird,1.0,nonbird_lowconf,bird_data\clips\non_bird\chloris_chloris\XC704312__s4000__e7000.wav,
chloris_chloris,704312,Chloris chloris,c:\Users\shado\Year3Projects\FYP\src\dataset\bird_data\raw\chloris_chloris\XC704312.mp3,7.0,10.0,-23.912430937550063,-29.834121192244385,species,Chloris chloris,European Greenfinch,0.4950336813926697,0.4950336813926697,species,1.0,rand_species,bird_data\clips\species\chloris_chloris\XC704312__s7000__e10000.wav,
chloris_chloris,704312,Chloris chloris,c:\Users\shado\Year3Projects\FYP\src\dataset\bird_data\raw\chloris_chloris\XC704312.mp3,10.0,13.0,-18.14730170498605,-29.834121192244385,species,Chloris chloris,European Greenfinch,0.6069062352180481,0.6069062352180481,species,1.0,rand_species,bird_data\clips\species\chloris_chloris\XC704312__s10000__e13000.wav,
chloris_chloris,704312,Chloris chloris,c:\Users\shado\Year3Projects\FYP\src\dataset\bird_data\raw\chloris_chloris\XC704312.mp3,19.0,22.0,-26.048654288736728,-29.834121192244385,drop,Melanocorypha calandra,Calandra Lark,0.8977937698364258,0.8977937698364258,drop,0.0,,,
chloris_chloris,902067,Chloris chloris,c:\Users\shado\Year3Projects\FYP\src\dataset\bird_data\raw\chloris_chloris\XC902067.mp3,1.0,4.0,-35.73235000627719,-36.532274665850224,species,Chloris chloris,European Greenfinch,0.49849388003349304,0.49849388003349304,species,0.0,,,
chloris_chloris,902067,Chloris chloris,c:\Users\shado\Year3Projects\FYP\src\dataset\bird_data\raw\chloris_chloris\XC902067.mp3,10.0,13.0,-34.1361502889833,-36.532274665850224,species,Chloris chloris,European Greenfinch,0.8458229303359985,0.8458229303359985,species,1.0,rand_species,bird_data\clips\species\chloris_chloris\XC902067__s10000__e13000.wav,
chloris_chloris,902067,Chloris chloris,c:\Users\shado\Year3Projects\FYP\src\dataset\bird_data\raw\chloris_chloris\XC902067.mp3,13.0,16.0,-35.81545976922802,-36.532274665850224,species,Chloris chloris,European Greenfinch,0.6436852812767029,0.6436852812767029,species,1.0,rand_species,bird_data\clips\species\chloris_chloris\XC902067__s13000__e16000.wav,
chloris_chloris,902067,Chloris chloris,c:\Users\shado\Year3Projects\FYP\src\dataset\bird_data\raw\chloris_chloris\XC902067.mp3,16.0,19.0,-34.15852931228741,-36.532274665850224,species,Chloris chloris,European Greenfinch,0.8695995807647705,0.8695995807647705,species,1.0,rand_species,bird_data\clips\species\chloris_chloris\XC902067__s16000__e19000.wav,
chloris_chloris,713051,Chloris chloris,c:\Users\shado\Year3Projects\FYP\src\dataset\bird_data\raw\chloris_chloris\XC713051.mp3,1.0,4.0,-32.33876066386124,-32.697989810840625,species,Chloris chloris,European Greenfinch,0.997788667678833,0.997788667678833,species,1.0,rand_species,bird_data\clips\species\chloris_chloris\XC713051__s1000__e4000.wav,
chloris_chloris,713051,Chloris chloris,c:\Users\shado\Year3Projects\FYP\src\dataset\bird_data\raw\chloris_chloris\XC713051.mp3,7.0,10.0,-32.398490808773275,-32.697989810840625,species,Chloris chloris,European Greenfinch,0.9968444108963013,0.9968444108963013,species,0.0,,,
chloris_chloris,713051,Chloris chloris,c:\Users\shado\Year3Projects\FYP\src\dataset\bird_data\raw\chloris_chloris\XC713051.mp3,10.0,13.0,-32.473102710724376,-32.697989810840625,non_bird,,,0.0,0.0,non_bird,1.0,nonbird_lowconf,bird_data\clips\non_bird\chloris_chloris\XC713051__s10000__e13000.wav,
chloris_chloris,713051,Chloris chloris,c:\Users\shado\Year3Projects\FYP\src\dataset\bird_data\raw\chloris_chloris\XC713051.mp3,19.0,22.0,-32.38206833398103,-32.697989810840625,species,Chloris chloris,European Greenfinch,0.6884093284606934,0.6884093284606934,species,1.0,rand_species,bird_data\clips\species\chloris_chloris\XC713051__s19000__e22000.wav,
chloris_chloris,713051,Chloris chloris,c:\Users\shado\Year3Projects\FYP\src\dataset\bird_data\raw\chloris_chloris\XC713051.mp3,22.0,25.0,-32.43092832158524,-32.697989810840625,species,Chloris chloris,European Greenfinch,0.9512635469436646,0.9512635469436646,species,0.0,,,
chloris_chloris,713051,Chloris chloris,c:\Users\shado\Year3Projects\FYP\src\dataset\bird_data\raw\chloris_chloris\XC713051.mp3,25.0,28.0,-31.816880737277224,-32.697989810840625,species,Chloris chloris,European Greenfinch,0.9299328327178955,0.9299328327178955,species,1.0,rand_species,bird_data\clips\species\chloris_chloris\XC713051__s25000__e28000.wav,
chloris_chloris,469935,Chloris chloris,c:\Users\shado\Year3Projects\FYP\src\dataset\bird_data\raw\chloris_chloris\XC469935.mp3,4.0,7.0,-32.92006399518201,-33.56326843332953,species,Chloris chloris,European Greenfinch,0.9987671375274658,0.9987671375274658,species,0.0,,,
chloris_chloris,469935,Chloris chloris,c:\Users\shado\Year3Projects\FYP\src\dataset\bird_data\raw\chloris_chloris\XC469935.mp3,7.0,10.0,-32.0259875120387,-33.56326843332953,species,Chloris chloris,European Greenfinch,0.9976555109024048,0.9976555109024048,species,0.0,,,
chloris_chloris,469935,Chloris chloris,c:\Users\shado\Year3Projects\FYP\src\dataset\bird_data\raw\chloris_chloris\XC469935.mp3,10.0,13.0,-32.00643393705688,-33.56326843332953,species,Chloris chloris,European Greenfinch,0.9996281862258911,0.9996281862258911,species,0.0,,,
chloris_chloris,469935,Chloris chloris,c:\Users\shado\Year3Projects\FYP\src\dataset\bird_data\raw\chloris_chloris\XC469935.mp3,13.0,16.0,-31.923953890709427,-33.56326843332953,species,Chloris chloris,European Greenfinch,0.9941173791885376,0.9941173791885376,species,1.0,rand_species,bird_data\clips\species\chloris_chloris\XC469935__s13000__e16000.wav,
chloris_chloris,469935,Chloris chloris,c:\Users\shado\Year3Projects\FYP\src\dataset\bird_data\raw\chloris_chloris\XC469935.mp3,19.0,22.0,-33.36880252681918,-33.56326843332953,species,Chloris chloris,European Greenfinch,0.9995741248130798,0.9995741248130798,species,1.0,rand_species,bird_data\clips\species\chloris_chloris\XC469935__s19000__e22000.wav,
chloris_chloris,469935,Chloris chloris,c:\Users\shado\Year3Projects\FYP\src\dataset\bird_data\raw\chloris_chloris\XC469935.mp3,25.0,28.0,-32.921523442080016,-33.56326843332953,species,Chloris chloris,European Greenfinch,0.9993364214897156,0.9993364214897156,species,1.0,rand_species,bird_data\clips\species\chloris_chloris\XC469935__s25000__e28000.wav,
chloris_chloris,921688,Chloris chloris,c:\Users\shado\Year3Projects\FYP\src\dataset\bird_data\raw\chloris_chloris\XC921688.mp3,7.0,10.0,-33.53267071285305,-35.92111928578063,species,Chloris chloris,European Greenfinch,0.8805144429206848,0.8805144429206848,species,1.0,rand_species,bird_data\clips\species\chloris_chloris\XC921688__s7000__e10000.wav,
chloris_chloris,921688,Chloris chloris,c:\Users\shado\Year3Projects\FYP\src\dataset\bird_data\raw\chloris_chloris\XC921688.mp3,10.0,13.0,-32.89981675281766,-35.92111928578063,species,Chloris chloris,European Greenfinch,0.6135342121124268,0.6135342121124268,species,1.0,rand_species,bird_data\clips\species\chloris_chloris\XC921688__s10000__e13000.wav,
chloris_chloris,921688,Chloris chloris,c:\Users\shado\Year3Projects\FYP\src\dataset\bird_data\raw\chloris_chloris\XC921688.mp3,13.0,16.0,-33.73357817870722,-35.92111928578063,species,Chloris chloris,European Greenfinch,0.6914541125297546,0.6914541125297546,species,0.0,,,
chloris_chloris,921688,Chloris chloris,c:\Users\shado\Year3Projects\FYP\src\dataset\bird_data\raw\chloris_chloris\XC921688.mp3,16.0,19.0,-34.607460657260475,-35.92111928578063,species,Chloris chloris,European Greenfinch,0.35624077916145325,0.35624077916145325,species,0.0,,,
chloris_chloris,921688,Chloris chloris,c:\Users\shado\Year3Projects\FYP\src\dataset\bird_data\raw\chloris_chloris\XC921688.mp3,19.0,22.0,-34.30899876496396,-35.92111928578063,species,Chloris chloris,European Greenfinch,0.9319207072257996,0.9319207072257996,species,1.0,rand_species,bird_data\clips\species\chloris_chloris\XC921688__s19000__e22000.wav,
chloris_chloris,921688,Chloris chloris,c:\Users\shado\Year3Projects\FYP\src\dataset\bird_data\raw\chloris_chloris\XC921688.mp3,22.0,25.0,-35.417830564700374,-35.92111928578063,drop,Lullula arborea,Wood Lark,0.5074170231819153,0.5074170231819153,drop,0.0,,,
chloris_chloris,582351,Chloris chloris,c:\Users\shado\Year3Projects\FYP\src\dataset\bird_data\raw\chloris_chloris\XC582351.mp3,16.0,19.0,-37.18920459814347,-37.94723536776734,species,Chloris chloris,European Greenfinch,0.9824050068855286,0.9824050068855286,species,0.0,,,
chloris_chloris,582351,Chloris chloris,c:\Users\shado\Year3Projects\FYP\src\dataset\bird_data\raw\chloris_chloris\XC582351.mp3,19.0,22.0,-37.5909166297123,-37.94723536776734,species,Chloris chloris,European Greenfinch,0.9946013689041138,0.9946013689041138,species,1.0,rand_species,bird_data\clips\species\chloris_chloris\XC582351__s19000__e22000.wav,
chloris_chloris,582351,Chloris chloris,c:\Users\shado\Year3Projects\FYP\src\dataset\bird_data\raw\chloris_chloris\XC582351.mp3,25.0,28.0,-36.67822229726243,-37.94723536776734,species,Chloris chloris,European Greenfinch,0.9975969195365906,0.9975969195365906,species,1.0,rand_species,bird_data\clips\species\chloris_chloris\XC582351__s25000__e28000.wav,
chloris_chloris,582351,Chloris chloris,c:\Users\shado\Year3Projects\FYP\src\dataset\bird_data\raw\chloris_chloris\XC582351.mp3,28.0,31.0,-37.21425149391872,-37.94723536776734,species,Chloris chloris,European Greenfinch,0.9990935325622559,0.9990935325622559,species,0.0,,,
chloris_chloris,582351,Chloris chloris,c:\Users\shado\Year3Projects\FYP\src\dataset\bird_data\raw\chloris_chloris\XC582351.mp3,37.0,40.0,-34.28771681279766,-37.94723536776734,species,Chloris chloris,European Greenfinch,0.995468020439148,0.995468020439148,species,0.0,,,
chloris_chloris,582351,Chloris chloris,c:\Users\shado\Year3Projects\FYP\src\dataset\bird_data\raw\chloris_chloris\XC582351.mp3,40.0,43.0,-33.12211645280356,-37.94723536776734,species,Chloris chloris,European Greenfinch,0.9977374076843262,0.9977374076843262,species,1.0,rand_species,bird_data\clips\species\chloris_chloris\XC582351__s40000__e43000.wav,
chloris_chloris,1001477,Chloris chloris,c:\Users\shado\Year3Projects\FYP\src\dataset\bird_data\raw\chloris_chloris\XC1001477.mp3,40.0,43.0,-43.797067329483845,-40.0,drop,Acanthis flammea,Common Redpoll,0.3175622820854187,0.3175622820854187,drop,0.0,,,
chloris_chloris,749309,Chloris chloris,c:\Users\shado\Year3Projects\FYP\src\dataset\bird_data\raw\chloris_chloris\XC749309.mp3,9.0,12.0,-39.663886123424355,-39.66647734415225,drop,Linaria flavirostris,Twite,0.5849812030792236,0.5849812030792236,drop,0.0,,,
chloris_chloris,749309,Chloris chloris,c:\Users\shado\Year3Projects\FYP\src\dataset\bird_data\raw\chloris_chloris\XC749309.mp3,12.0,15.0,-38.62819939804988,-39.66647734415225,drop,Phylidonyris niger,White-cheeked Honeyeater,0.5869819521903992,0.5869819521903992,drop,0.0,,,
chloris_chloris,749309,Chloris chloris,c:\Users\shado\Year3Projects\FYP\src\dataset\bird_data\raw\chloris_chloris\XC749309.mp3,21.0,24.0,-38.342168200476806,-39.66647734415225,non_bird,,,0.0,0.0,non_bird,1.0,nonbird_lowconf,bird_data\clips\non_bird\chloris_chloris\XC749309__s21000__e24000.wav,
chloris_chloris,749309,Chloris chloris,c:\Users\shado\Year3Projects\FYP\src\dataset\bird_data\raw\chloris_chloris\XC749309.mp3,24.0,27.0,-39.45774450445203,-39.66647734415225,drop,Progne subis,Purple Martin,0.2257746458053589,0.2257746458053589,drop,0.0,,,
chloris_chloris,749309,Chloris chloris,c:\Users\shado\Year3Projects\FYP\src\dataset\bird_data\raw\chloris_chloris\XC749309.mp3,27.0,30.0,-38.20312989378006,-39.66647734415225,drop,Eupetomena cirrochloris,Sombre Hummingbird,0.2877485752105713,0.2877485752105713,drop,0.0,,,
chloris_chloris,749309,Chloris chloris,c:\Users\shado\Year3Projects\FYP\src\dataset\bird_data\raw\chloris_chloris\XC749309.mp3,30.0,33.0,-37.92081145173302,-39.66647734415225,non_bird,,,0.0,0.0,non_bird,1.0,nonbird_lowconf,bird_data\clips\non_bird\chloris_chloris\XC749309__s30000__e33000.wav,
chloris_chloris,1050322,Chloris chloris,c:\Users\shado\Year3Projects\FYP\src\dataset\bird_data\raw\chloris_chloris\XC1050322.mp3,1.0,4.0,-36.90611970100816,-40.0,species,Chloris chloris,European Greenfinch,0.9023993015289307,0.9023993015289307,species,1.0,rand_species,bird_data\clips\species\chloris_chloris\XC1050322__s1000__e4000.wav,
chloris_chloris,1050322,Chloris chloris,c:\Users\shado\Year3Projects\FYP\src\dataset\bird_data\raw\chloris_chloris\XC1050322.mp3,7.0,10.0,-36.34057046375832,-40.0,species,Chloris chloris,European Greenfinch,0.9800223112106323,0.9800223112106323,species,1.0,rand_species,bird_data\clips\species\chloris_chloris\XC1050322__s7000__e10000.wav,
chloris_chloris,1050322,Chloris chloris,c:\Users\shado\Year3Projects\FYP\src\dataset\bird_data\raw\chloris_chloris\XC1050322.mp3,10.0,13.0,-37.951467345642996,-40.0,species,Chloris chloris,European Greenfinch,0.868263840675354,0.868263840675354,species,1.0,rand_species,bird_data\clips\species\chloris_chloris\XC1050322__s10000__e13000.wav,
chloris_chloris,1059761,Chloris chloris,c:\Users\shado\Year3Projects\FYP\src\dataset\bird_data\raw\chloris_chloris\XC1059761.mp3,19.0,22.0,-44.03134019017546,-40.0,drop,Chloris chloris,European Greenfinch,0.2427768111228943,0.2427768111228943,drop,0.0,,,
chloris_chloris,845470,Chloris chloris,c:\Users\shado\Year3Projects\FYP\src\dataset\bird_data\raw\chloris_chloris\XC845470.mp3,1.0,4.0,-38.247414160147855,-40.0,non_bird,,,0.0,0.0,non_bird,1.0,nonbird_lowconf,bird_data\clips\non_bird\chloris_chloris\XC845470__s1000__e4000.wav,
chloris_chloris,772904,Chloris chloris,c:\Users\shado\Year3Projects\FYP\src\dataset\bird_data\raw\chloris_chloris\XC772904.mp3,11.0,14.0,-29.937661160499882,-34.58526401205798,species,Chloris chloris,European Greenfinch,0.9825475811958313,0.9825475811958313,species,1.0,rand_species,bird_data\clips\species\chloris_chloris\XC772904__s11000__e14000.wav,
chloris_chloris,772904,Chloris chloris,c:\Users\shado\Year3Projects\FYP\src\dataset\bird_data\raw\chloris_chloris\XC772904.mp3,14.0,17.0,-27.76825666313716,-34.58526401205798,species,Chloris chloris,European Greenfinch,0.6382414698600769,0.6382414698600769,species,0.0,,,
chloris_chloris,772904,Chloris chloris,c:\Users\shado\Year3Projects\FYP\src\dataset\bird_data\raw\chloris_chloris\XC772904.mp3,17.0,20.0,-32.53747738258751,-34.58526401205798,species,Chloris chloris,European Greenfinch,0.948371946811676,0.948371946811676,species,1.0,rand_species,bird_data\clips\species\chloris_chloris\XC772904__s17000__e20000.wav,
chloris_chloris,772904,Chloris chloris,c:\Users\shado\Year3Projects\FYP\src\dataset\bird_data\raw\chloris_chloris\XC772904.mp3,20.0,23.0,-32.21806800531311,-34.58526401205798,species,Chloris chloris,European Greenfinch,0.9784882068634033,0.9784882068634033,species,0.0,,,
chloris_chloris,772904,Chloris chloris,c:\Users\shado\Year3Projects\FYP\src\dataset\bird_data\raw\chloris_chloris\XC772904.mp3,29.0,32.0,-26.24278881980983,-34.58526401205798,species,Chloris chloris,European Greenfinch,0.9924315214157104,0.9924315214157104,species,1.0,rand_species,bird_data\clips\species\chloris_chloris\XC772904__s29000__e32000.wav,
chloris_chloris,772904,Chloris chloris,c:\Users\shado\Year3Projects\FYP\src\dataset\bird_data\raw\chloris_chloris\XC772904.mp3,35.0,38.0,-34.29229189181301,-34.58526401205798,species,Chloris chloris,European Greenfinch,0.999762237071991,0.999762237071991,species,0.0,,,
chloris_chloris,703785,Chloris chloris,c:\Users\shado\Year3Projects\FYP\src\dataset\bird_data\raw\chloris_chloris\XC703785.mp3,1.0,4.0,-32.26705231854862,-33.35207820683095,species,Chloris chloris,European Greenfinch,0.9878827333450317,0.9878827333450317,species,1.0,rand_species,bird_data\clips\species\chloris_chloris\XC703785__s1000__e4000.wav,
chloris_chloris,703785,Chloris chloris,c:\Users\shado\Year3Projects\FYP\src\dataset\bird_data\raw\chloris_chloris\XC703785.mp3,4.0,7.0,-31.729945097724688,-33.35207820683095,species,Chloris chloris,European Greenfinch,0.9854277968406677,0.9854277968406677,species,1.0,rand_species,bird_data\clips\species\chloris_chloris\XC703785__s4000__e7000.wav,
chloris_chloris,902059,Chloris chloris,c:\Users\shado\Year3Projects\FYP\src\dataset\bird_data\raw\chloris_chloris\XC902059.mp3,12.0,15.0,-35.49372410010962,-35.840596504185996,species,Chloris chloris,European Greenfinch,0.9961516261100769,0.9961516261100769,species,1.0,rand_species,bird_data\clips\species\chloris_chloris\XC902059__s12000__e15000.wav,
chloris_chloris,902059,Chloris chloris,c:\Users\shado\Year3Projects\FYP\src\dataset\bird_data\raw\chloris_chloris\XC902059.mp3,15.0,18.0,-34.438310665106734,-35.840596504185996,species,Chloris chloris,European Greenfinch,0.9859939813613892,0.9859939813613892,species,1.0,rand_species,bird_data\clips\species\chloris_chloris\XC902059__s15000__e18000.wav,
chloris_chloris,902059,Chloris chloris,c:\Users\shado\Year3Projects\FYP\src\dataset\bird_data\raw\chloris_chloris\XC902059.mp3,18.0,21.0,-34.50620864905965,-35.840596504185996,species,Chloris chloris,European Greenfinch,0.9921483993530273,0.9921483993530273,species,1.0,rand_species,bird_data\clips\species\chloris_chloris\XC902059__s18000__e21000.wav,
chloris_chloris,902059,Chloris chloris,c:\Users\shado\Year3Projects\FYP\src\dataset\bird_data\raw\chloris_chloris\XC902059.mp3,21.0,24.0,-35.636492935653486,-35.840596504185996,species,Chloris chloris,European Greenfinch,0.9377691745758057,0.9377691745758057,species,0.0,,,
chloris_chloris,902059,Chloris chloris,c:\Users\shado\Year3Projects\FYP\src\dataset\bird_data\raw\chloris_chloris\XC902059.mp3,27.0,30.0,-33.582210317950576,-35.840596504185996,species,Chloris chloris,European Greenfinch,0.9921579360961914,0.9921579360961914,species,0.0,,,
chloris_chloris,902059,Chloris chloris,c:\Users\shado\Year3Projects\FYP\src\dataset\bird_data\raw\chloris_chloris\XC902059.mp3,30.0,33.0,-35.28505415594564,-35.840596504185996,species,Chloris chloris,European Greenfinch,0.9941326975822449,0.9941326975822449,species,0.0,,,
chloris_chloris,648405,Chloris chloris,c:\Users\shado\Year3Projects\FYP\src\dataset\bird_data\raw\chloris_chloris\XC648405.mp3,4.0,7.0,-20.32907191071957,-20.35472927543813,species,Chloris chloris,European Greenfinch,0.9678887724876404,0.9678887724876404,species,1.0,rand_species,bird_data\clips\species\chloris_chloris\XC648405__s4000__e7000.wav,
chloris_chloris,648405,Chloris chloris,c:\Users\shado\Year3Projects\FYP\src\dataset\bird_data\raw\chloris_chloris\XC648405.mp3,7.0,10.0,-20.335432658352172,-20.35472927543813,species,Chloris chloris,European Greenfinch,0.856290340423584,0.856290340423584,species,1.0,rand_species,bird_data\clips\species\chloris_chloris\XC648405__s7000__e10000.wav,
chloris_chloris,198603,Chloris chloris,c:\Users\shado\Year3Projects\FYP\src\dataset\bird_data\raw\chloris_chloris\XC198603.mp3,4.0,7.0,-19.90913108622094,-25.25333307254775,species,Chloris chloris,European Greenfinch,0.9985314607620239,0.9985314607620239,species,1.0,rand_species,bird_data\clips\species\chloris_chloris\XC198603__s4000__e7000.wav,
chloris_chloris,198603,Chloris chloris,c:\Users\shado\Year3Projects\FYP\src\dataset\bird_data\raw\chloris_chloris\XC198603.mp3,7.0,10.0,-21.49076172831416,-25.25333307254775,species,Chloris chloris,European Greenfinch,0.992424488067627,0.992424488067627,species,1.0,rand_species,bird_data\clips\species\chloris_chloris\XC198603__s7000__e10000.wav,
chloris_chloris,198603,Chloris chloris,c:\Users\shado\Year3Projects\FYP\src\dataset\bird_data\raw\chloris_chloris\XC198603.mp3,10.0,13.0,-18.47714053724274,-25.25333307254775,species,Chloris chloris,European Greenfinch,0.999645471572876,0.999645471572876,species,0.0,,,
chloris_chloris,198603,Chloris chloris,c:\Users\shado\Year3Projects\FYP\src\dataset\bird_data\raw\chloris_chloris\XC198603.mp3,16.0,19.0,-20.729118109281885,-25.25333307254775,species,Chloris chloris,European Greenfinch,0.9981502294540405,0.9981502294540405,species,0.0,,,
chloris_chloris,198603,Chloris chloris,c:\Users\shado\Year3Projects\FYP\src\dataset\bird_data\raw\chloris_chloris\XC198603.mp3,22.0,25.0,-19.45819510520596,-25.25333307254775,species,Chloris chloris,European Greenfinch,0.9954836368560791,0.9954836368560791,species,0.0,,,
chloris_chloris,198603,Chloris chloris,c:\Users\shado\Year3Projects\FYP\src\dataset\bird_data\raw\chloris_chloris\XC198603.mp3,25.0,28.0,-24.664724548808504,-25.25333307254775,species,Chloris chloris,European Greenfinch,0.9967498779296875,0.9967498779296875,species,1.0,rand_species,bird_data\clips\species\chloris_chloris\XC198603__s25000__e28000.wav,
chloris_chloris,918627,Chloris chloris,c:\Users\shado\Year3Projects\FYP\src\dataset\bird_data\raw\chloris_chloris\XC918627.mp3,16.0,19.0,-28.63174682017132,-29.354183988715334,species,Chloris chloris,European Greenfinch,0.9724374413490295,0.9724374413490295,species,1.0,rand_species,bird_data\clips\species\chloris_chloris\XC918627__s16000__e19000.wav,
chloris_chloris,918627,Chloris chloris,c:\Users\shado\Year3Projects\FYP\src\dataset\bird_data\raw\chloris_chloris\XC918627.mp3,19.0,22.0,-28.64124387635554,-29.354183988715334,species,Chloris chloris,European Greenfinch,0.9247739911079407,0.9247739911079407,species,1.0,rand_species,bird_data\clips\species\chloris_chloris\XC918627__s19000__e22000.wav,
chloris_chloris,918627,Chloris chloris,c:\Users\shado\Year3Projects\FYP\src\dataset\bird_data\raw\chloris_chloris\XC918627.mp3,31.0,34.0,-28.12260880106821,-29.354183988715334,drop,Engine,Engine,0.1361367404460907,0.1361367404460907,drop,0.0,,,
chloris_chloris,918627,Chloris chloris,c:\Users\shado\Year3Projects\FYP\src\dataset\bird_data\raw\chloris_chloris\XC918627.mp3,34.0,37.0,-29.273936153246293,-29.354183988715334,species,Chloris chloris,European Greenfinch,0.9089311957359314,0.9089311957359314,species,0.0,,,
chloris_chloris,918627,Chloris chloris,c:\Users\shado\Year3Projects\FYP\src\dataset\bird_data\raw\chloris_chloris\XC918627.mp3,37.0,40.0,-27.945518869251103,-29.354183988715334,species,Chloris chloris,European Greenfinch,0.9929170608520508,0.9929170608520508,species,1.0,rand_species,bird_data\clips\species\chloris_chloris\XC918627__s37000__e40000.wav,
chloris_chloris,918627,Chloris chloris,c:\Users\shado\Year3Projects\FYP\src\dataset\bird_data\raw\chloris_chloris\XC918627.mp3,40.0,43.0,-25.874648514330644,-29.354183988715334,species,Chloris chloris,European Greenfinch,0.9959438443183899,0.9959438443183899,species,0.0,,,
chloris_chloris,579401,Chloris chloris,c:\Users\shado\Year3Projects\FYP\src\dataset\bird_data\raw\chloris_chloris\XC579401.mp3,10.0,13.0,-30.43618241532382,-36.25428978347154,non_bird,,,0.0,0.0,non_bird,1.0,nonbird_lowconf,bird_data\clips\non_bird\chloris_chloris\XC579401__s10000__e13000.wav,
chloris_chloris,579401,Chloris chloris,c:\Users\shado\Year3Projects\FYP\src\dataset\bird_data\raw\chloris_chloris\XC579401.mp3,13.0,16.0,-22.175033082371613,-36.25428978347154,drop,Prunella modularis,Dunnock,0.32337096333503723,0.32337096333503723,drop,0.0,,,
chloris_chloris,579401,Chloris chloris,c:\Users\shado\Year3Projects\FYP\src\dataset\bird_data\raw\chloris_chloris\XC579401.mp3,16.0,19.0,-26.67285380817839,-36.25428978347154,non_bird,,,0.0,0.0,non_bird,1.0,nonbird_lowconf,bird_data\clips\non_bird\chloris_chloris\XC579401__s16000__e19000.wav,
chloris_chloris,579401,Chloris chloris,c:\Users\shado\Year3Projects\FYP\src\dataset\bird_data\raw\chloris_chloris\XC579401.mp3,19.0,22.0,-19.299270898831125,-36.25428978347154,non_bird,,,0.0,0.0,non_bird,0.0,,,
chloris_chloris,579401,Chloris chloris,c:\Users\shado\Year3Projects\FYP\src\dataset\bird_data\raw\chloris_chloris\XC579401.mp3,22.0,25.0,-17.07103390398799,-36.25428978347154,non_bird,,,0.0,0.0,non_bird,0.0,,,
chloris_chloris,957989,Chloris chloris,c:\Users\shado\Year3Projects\FYP\src\dataset\bird_data\raw\chloris_chloris\XC957989.mp3,4.0,7.0,-35.595277392676124,-35.72558116851042,species,Chloris chloris,European Greenfinch,0.9403507113456726,0.9403507113456726,species,1.0,rand_species,bird_data\clips\species\chloris_chloris\XC957989__s4000__e7000.wav,
chloris_chloris,957989,Chloris chloris,c:\Users\shado\Year3Projects\FYP\src\dataset\bird_data\raw\chloris_chloris\XC957989.mp3,7.0,10.0,-32.18139741787922,-35.72558116851042,species,Chloris chloris,European Greenfinch,0.9771495461463928,0.9771495461463928,species,1.0,rand_species,bird_data\clips\species\chloris_chloris\XC957989__s7000__e10000.wav,
chloris_chloris,957989,Chloris chloris,c:\Users\shado\Year3Projects\FYP\src\dataset\bird_data\raw\chloris_chloris\XC957989.mp3,10.0,13.0,-35.63497175055024,-35.72558116851042,species,Chloris chloris,European Greenfinch,0.9654784798622131,0.9654784798622131,species,1.0,rand_species,bird_data\clips\species\chloris_chloris\XC957989__s10000__e13000.wav,
chloris_chloris,672889,Chloris chloris,c:\Users\shado\Year3Projects\FYP\src\dataset\bird_data\raw\chloris_chloris\XC672889.mp3,13.0,16.0,-36.55189031501769,-40.0,drop,Parus major,Great Tit,0.20988433063030243,0.20988433063030243,drop,0.0,,,
chloris_chloris,1049218,Chloris chloris,c:\Users\shado\Year3Projects\FYP\src\dataset\bird_data\raw\chloris_chloris\XC1049218.mp3,7.0,10.0,-60.34619072561927,-40.0,non_bird,,,0.0,0.0,non_bird,1.0,nonbird_lowconf,bird_data\clips\non_bird\chloris_chloris\XC1049218__s7000__e10000.wav,
chloris_chloris,1059539,Chloris chloris,c:\Users\shado\Year3Projects\FYP\src\dataset\bird_data\raw\chloris_chloris\XC1059539.mp3,1.0,4.0,-35.277672415454205,-36.18184588008704,drop,Columba palumbus,Common Wood-Pigeon,0.47892922163009644,0.47892922163009644,drop,0.0,,,
chloris_chloris,1059539,Chloris chloris,c:\Users\shado\Year3Projects\FYP\src\dataset\bird_data\raw\chloris_chloris\XC1059539.mp3,4.0,7.0,-36.15547376248871,-36.18184588008704,drop,Streptopelia decaocto,Eurasian Collared-Dove,0.19043995440006256,0.19043995440006256,drop,0.0,,,
chloris_chloris,1059539,Chloris chloris,c:\Users\shado\Year3Projects\FYP\src\dataset\bird_data\raw\chloris_chloris\XC1059539.mp3,10.0,13.0,-36.13227140927658,-36.18184588008704,drop,Columba palumbus,Common Wood-Pigeon,0.7567567825317383,0.7567567825317383,drop,0.0,,,
chloris_chloris,766556,,,,,,,,,,,,,,,,no_windows
chloris_chloris,699872,Chloris chloris,c:\Users\shado\Year3Projects\FYP\src\dataset\bird_data\raw\chloris_chloris\XC699872.mp3,21.0,24.0,-30.55929787330963,-35.25119136070009,species,Chloris chloris,European Greenfinch,0.8106170892715454,0.8106170892715454,species,1.0,rand_species,bird_data\clips\species\chloris_chloris\XC699872__s21000__e24000.wav,
chloris_chloris,699872,Chloris chloris,c:\Users\shado\Year3Projects\FYP\src\dataset\bird_data\raw\chloris_chloris\XC699872.mp3,24.0,27.0,-33.23356736873602,-35.25119136070009,species,Chloris chloris,European Greenfinch,0.9914292693138123,0.9914292693138123,species,0.0,,,
chloris_chloris,699872,Chloris chloris,c:\Users\shado\Year3Projects\FYP\src\dataset\bird_data\raw\chloris_chloris\XC699872.mp3,36.0,39.0,-34.60839987157108,-35.25119136070009,species,Chloris chloris,European Greenfinch,0.9994063377380371,0.9994063377380371,species,1.0,rand_species,bird_data\clips\species\chloris_chloris\XC699872__s36000__e39000.wav,
chloris_chloris,699872,Chloris chloris,c:\Users\shado\Year3Projects\FYP\src\dataset\bird_data\raw\chloris_chloris\XC699872.mp3,39.0,42.0,-25.470969129809156,-35.25119136070009,species,Chloris chloris,European Greenfinch,0.9988296627998352,0.9988296627998352,species,0.0,,,
chloris_chloris,699872,Chloris chloris,c:\Users\shado\Year3Projects\FYP\src\dataset\bird_data\raw\chloris_chloris\XC699872.mp3,42.0,45.0,-26.813480195345146,-35.25119136070009,species,Chloris chloris,European Greenfinch,0.39350461959838867,0.39350461959838867,species,0.0,,,
chloris_chloris,699872,Chloris chloris,c:\Users\shado\Year3Projects\FYP\src\dataset\bird_data\raw\chloris_chloris\XC699872.mp3,45.0,48.0,-29.407557339239204,-35.25119136070009,species,Chloris chloris,European Greenfinch,0.9964150190353394,0.9964150190353394,species,1.0,rand_species,bird_data\clips\species\chloris_chloris\XC699872__s45000__e48000.wav,
chloris_chloris,619925,Chloris chloris,c:\Users\shado\Year3Projects\FYP\src\dataset\bird_data\raw\chloris_chloris\XC619925.mp3,27.0,30.0,-27.987524588954788,-32.04517759116845,species,Chloris chloris,European Greenfinch,0.9969467520713806,0.9969467520713806,species,1.0,rand_species,bird_data\clips\species\chloris_chloris\XC619925__s27000__e30000.wav,
chloris_chloris,619925,Chloris chloris,c:\Users\shado\Year3Projects\FYP\src\dataset\bird_data\raw\chloris_chloris\XC619925.mp3,30.0,33.0,-31.067609804783828,-32.04517759116845,species,Chloris chloris,European Greenfinch,0.9980841875076294,0.9980841875076294,species,1.0,rand_species,bird_data\clips\species\chloris_chloris\XC619925__s30000__e33000.wav,
chloris_chloris,619925,Chloris chloris,c:\Users\shado\Year3Projects\FYP\src\dataset\bird_data\raw\chloris_chloris\XC619925.mp3,33.0,36.0,-30.086244707689353,-32.04517759116845,species,Chloris chloris,European Greenfinch,0.9876422882080078,0.9876422882080078,species,0.0,,,
chloris_chloris,619925,Chloris chloris,c:\Users\shado\Year3Projects\FYP\src\dataset\bird_data\raw\chloris_chloris\XC619925.mp3,39.0,42.0,-25.938297552297534,-32.04517759116845,species,Chloris chloris,European Greenfinch,0.9855598211288452,0.9855598211288452,species,0.0,,,
chloris_chloris,619925,Chloris chloris,c:\Users\shado\Year3Projects\FYP\src\dataset\bird_data\raw\chloris_chloris\XC619925.mp3,42.0,45.0,-22.64075155228422,-32.04517759116845,species,Chloris chloris,European Greenfinch,0.9993839263916016,0.9993839263916016,species,0.0,,,
chloris_chloris,619925,Chloris chloris,c:\Users\shado\Year3Projects\FYP\src\dataset\bird_data\raw\chloris_chloris\XC619925.mp3,45.0,48.0,-20.09239377852847,-32.04517759116845,species,Chloris chloris,European Greenfinch,0.998862624168396,0.998862624168396,species,1.0,rand_species,bird_data\clips\species\chloris_chloris\XC619925__s45000__e48000.wav,
chloris_chloris,785157,Chloris chloris,c:\Users\shado\Year3Projects\FYP\src\dataset\bird_data\raw\chloris_chloris\XC785157.mp3,4.0,7.0,-29.041515926727403,-29.678307468107864,drop,Fringilla coelebs,Common Chaffinch,0.16897541284561157,0.16897541284561157,drop,0.0,,,
chloris_chloris,785157,Chloris chloris,c:\Users\shado\Year3Projects\FYP\src\dataset\bird_data\raw\chloris_chloris\XC785157.mp3,7.0,10.0,-29.04898719966002,-29.678307468107864,non_bird,,,0.0,0.0,non_bird,1.0,nonbird_lowconf,bird_data\clips\non_bird\chloris_chloris\XC785157__s7000__e10000.wav,
chloris_chloris,639006,Chloris chloris,c:\Users\shado\Year3Projects\FYP\src\dataset\bird_data\raw\chloris_chloris\XC639006.mp3,24.0,27.0,-38.874286173418454,-40.0,species,Chloris chloris,European Greenfinch,0.9968075752258301,0.9968075752258301,species,1.0,rand_species,bird_data\clips\species\chloris_chloris\XC639006__s24000__e27000.wav,
chloris_chloris,185638,,,,,,,,,,,,,,,,no_windows
chloris_chloris,660222,Chloris chloris,c:\Users\shado\Year3Projects\FYP\src\dataset\bird_data\raw\chloris_chloris\XC660222.mp3,1.0,4.0,-37.94984512490479,-39.15448308343438,species,Chloris chloris,European Greenfinch,0.9836844205856323,0.9836844205856323,species,1.0,rand_species,bird_data\clips\species\chloris_chloris\XC660222__s1000__e4000.wav,
chloris_chloris,660222,Chloris chloris,c:\Users\shado\Year3Projects\FYP\src\dataset\bird_data\raw\chloris_chloris\XC660222.mp3,7.0,10.0,-39.04613309050829,-39.15448308343438,non_bird,,,0.0,0.0,non_bird,1.0,nonbird_lowconf,bird_data\clips\non_bird\chloris_chloris\XC660222__s7000__e10000.wav,
chloris_chloris,576610,Chloris chloris,c:\Users\shado\Year3Projects\FYP\src\dataset\bird_data\raw\chloris_chloris\XC576610.mp3,1.0,4.0,-39.123043881713784,-40.0,drop,Troglodytes troglodytes,Eurasian Wren,0.14907947182655334,0.14907947182655334,drop,0.0,,,
chloris_chloris,576610,Chloris chloris,c:\Users\shado\Year3Projects\FYP\src\dataset\bird_data\raw\chloris_chloris\XC576610.mp3,4.0,7.0,-33.982146202008515,-40.0,non_bird,,,0.0,0.0,non_bird,1.0,nonbird_lowconf,bird_data\clips\non_bird\chloris_chloris\XC576610__s4000__e7000.wav,
chloris_chloris,576610,Chloris chloris,c:\Users\shado\Year3Projects\FYP\src\dataset\bird_data\raw\chloris_chloris\XC576610.mp3,7.0,10.0,-33.84756469778215,-40.0,drop,Hirundo rustica,Barn Swallow,0.627120852470398,0.627120852470398,drop,0.0,,,
chloris_chloris,576610,Chloris chloris,c:\Users\shado\Year3Projects\FYP\src\dataset\bird_data\raw\chloris_chloris\XC576610.mp3,10.0,13.0,-37.31047160513556,-40.0,drop,Chloris chloris,European Greenfinch,0.2729867696762085,0.2729867696762085,drop,0.0,,,
chloris_chloris,576610,Chloris chloris,c:\Users\shado\Year3Projects\FYP\src\dataset\bird_data\raw\chloris_chloris\XC576610.mp3,22.0,25.0,-39.37859944758949,-40.0,drop,Chloris chloris,European Greenfinch,0.14999209344387054,0.14999209344387054,drop,0.0,,,
chloris_chloris,576610,Chloris chloris,c:\Users\shado\Year3Projects\FYP\src\dataset\bird_data\raw\chloris_chloris\XC576610.mp3,25.0,28.0,-38.40198576442139,-40.0,drop,Acrocephalus dumetorum,Blyth's Reed Warbler,0.15647773444652557,0.15647773444652557,drop,0.0,,,
chloris_chloris,905388,Chloris chloris,c:\Users\shado\Year3Projects\FYP\src\dataset\bird_data\raw\chloris_chloris\XC905388.mp3,4.0,7.0,-62.584239453370614,-40.0,species,Chloris chloris,European Greenfinch,0.9161637425422668,0.9161637425422668,species,1.0,rand_species,bird_data\clips\species\chloris_chloris\XC905388__s4000__e7000.wav,
chloris_chloris,590159,,,,,,,,,,,,,,,,no_windows
chloris_chloris,1045409,Chloris chloris,c:\Users\shado\Year3Projects\FYP\src\dataset\bird_data\raw\chloris_chloris\XC1045409.mp3,1.0,4.0,-41.21112487184958,-40.0,species,Chloris chloris,European Greenfinch,0.9869399070739746,0.9869399070739746,species,1.0,rand_species,bird_data\clips\species\chloris_chloris\XC1045409__s1000__e4000.wav,
chloris_chloris,1059050,Chloris chloris,c:\Users\shado\Year3Projects\FYP\src\dataset\bird_data\raw\chloris_chloris\XC1059050.mp3,4.0,7.0,-31.0970581842591,-33.014834071747906,species,Chloris chloris,European Greenfinch,0.37519609928131104,0.37519609928131104,species,1.0,rand_species,bird_data\clips\species\chloris_chloris\XC1059050__s4000__e7000.wav,
chloris_chloris,535615,Chloris chloris,c:\Users\shado\Year3Projects\FYP\src\dataset\bird_data\raw\chloris_chloris\XC535615.mp3,1.0,4.0,-37.84274751090132,-39.68063655999924,species,Chloris chloris,European Greenfinch,0.4438786208629608,0.4438786208629608,species,1.0,rand_species,bird_data\clips\species\chloris_chloris\XC535615__s1000__e4000.wav,
chloris_chloris,535615,Chloris chloris,c:\Users\shado\Year3Projects\FYP\src\dataset\bird_data\raw\chloris_chloris\XC535615.mp3,4.0,7.0,-39.39499754347365,-39.68063655999924,species,Chloris chloris,European Greenfinch,0.7223594188690186,0.7223594188690186,species,1.0,rand_species,bird_data\clips\species\chloris_chloris\XC535615__s4000__e7000.wav,
chloris_chloris,535615,Chloris chloris,c:\Users\shado\Year3Projects\FYP\src\dataset\bird_data\raw\chloris_chloris\XC535615.mp3,7.0,10.0,-39.56705248001565,-39.68063655999924,species,Chloris chloris,European Greenfinch,0.34873753786087036,0.34873753786087036,species,1.0,rand_species,bird_data\clips\species\chloris_chloris\XC535615__s7000__e10000.wav,
chloris_chloris,43776,Chloris chloris,c:\Users\shado\Year3Projects\FYP\src\dataset\bird_data\raw\chloris_chloris\XC43776.mp3,22.0,25.0,-48.240040613831496,-40.0,drop,Chloris chloris,European Greenfinch,0.16740213334560394,0.16740213334560394,drop,0.0,,,
chloris_chloris,619924,Chloris chloris,c:\Users\shado\Year3Projects\FYP\src\dataset\bird_data\raw\chloris_chloris\XC619924.mp3,4.0,7.0,-24.929099186322215,-28.632034215534045,species,Chloris chloris,European Greenfinch,0.9973762035369873,0.9973762035369873,species,1.0,rand_species,bird_data\clips\species\chloris_chloris\XC619924__s4000__e7000.wav,
chloris_chloris,619924,Chloris chloris,c:\Users\shado\Year3Projects\FYP\src\dataset\bird_data\raw\chloris_chloris\XC619924.mp3,7.0,10.0,-27.47969393320901,-28.632034215534045,species,Chloris chloris,European Greenfinch,0.990706741809845,0.990706741809845,species,1.0,rand_species,bird_data\clips\species\chloris_chloris\XC619924__s7000__e10000.wav,
chloris_chloris,619924,Chloris chloris,c:\Users\shado\Year3Projects\FYP\src\dataset\bird_data\raw\chloris_chloris\XC619924.mp3,10.0,13.0,-26.117765778992776,-28.632034215534045,species,Chloris chloris,European Greenfinch,0.9192628264427185,0.9192628264427185,species,1.0,rand_species,bird_data\clips\species\chloris_chloris\XC619924__s10000__e13000.wav,
chloris_chloris,783834,Chloris chloris,c:\Users\shado\Year3Projects\FYP\src\dataset\bird_data\raw\chloris_chloris\XC783834.mp3,33.0,36.0,-53.312377186094295,-40.0,species,Chloris chloris,European Greenfinch,0.999007523059845,0.999007523059845,species,1.0,rand_species,bird_data\clips\species\chloris_chloris\XC783834__s33000__e36000.wav,
chloris_chloris,601909,Chloris chloris,c:\Users\shado\Year3Projects\FYP\src\dataset\bird_data\raw\chloris_chloris\XC601909.mp3,1.0,4.0,-21.617859176406462,-35.74784520482409,species,Chloris chloris,European Greenfinch,0.9992864727973938,0.9992864727973938,species,0.0,,,
chloris_chloris,601909,Chloris chloris,c:\Users\shado\Year3Projects\FYP\src\dataset\bird_data\raw\chloris_chloris\XC601909.mp3,7.0,10.0,-24.331078311577635,-35.74784520482409,species,Chloris chloris,European Greenfinch,0.9945223331451416,0.9945223331451416,species,0.0,,,
chloris_chloris,601909,Chloris chloris,c:\Users\shado\Year3Projects\FYP\src\dataset\bird_data\raw\chloris_chloris\XC601909.mp3,16.0,19.0,-25.247276411471997,-35.74784520482409,species,Chloris chloris,European Greenfinch,0.9943634271621704,0.9943634271621704,species,1.0,rand_species,bird_data\clips\species\chloris_chloris\XC601909__s16000__e19000.wav,
chloris_chloris,601909,Chloris chloris,c:\Users\shado\Year3Projects\FYP\src\dataset\bird_data\raw\chloris_chloris\XC601909.mp3,19.0,22.0,-34.48632670848341,-35.74784520482409,species,Chloris chloris,European Greenfinch,0.37524867057800293,0.37524867057800293,species,1.0,rand_species,bird_data\clips\species\chloris_chloris\XC601909__s19000__e22000.wav,
chloris_chloris,601909,Chloris chloris,c:\Users\shado\Year3Projects\FYP\src\dataset\bird_data\raw\chloris_chloris\XC601909.mp3,22.0,25.0,-23.494307559733446,-35.74784520482409,species,Chloris chloris,European Greenfinch,0.9954738020896912,0.9954738020896912,species,1.0,rand_species,bird_data\clips\species\chloris_chloris\XC601909__s22000__e25000.wav,
chloris_chloris,133887,Chloris chloris,c:\Users\shado\Year3Projects\FYP\src\dataset\bird_data\raw\chloris_chloris\XC133887.mp3,1.0,4.0,-27.022435411404054,-28.04581983990152,drop,Carduelis carduelis,European Goldfinch,0.960660994052887,0.960660994052887,drop,0.0,,,
chloris_chloris,133887,Chloris chloris,c:\Users\shado\Year3Projects\FYP\src\dataset\bird_data\raw\chloris_chloris\XC133887.mp3,4.0,7.0,-27.455700349597144,-28.04581983990152,non_bird,,,0.0,0.0,non_bird,1.0,nonbird_lowconf,bird_data\clips\non_bird\chloris_chloris\XC133887__s4000__e7000.wav,
chloris_chloris,133887,Chloris chloris,c:\Users\shado\Year3Projects\FYP\src\dataset\bird_data\raw\chloris_chloris\XC133887.mp3,10.0,13.0,-27.0504155564037,-28.04581983990152,drop,Carduelis carduelis,European Goldfinch,0.927455723285675,0.927455723285675,drop,0.0,,,
chloris_chloris,659952,Chloris chloris,c:\Users\shado\Year3Projects\FYP\src\dataset\bird_data\raw\chloris_chloris\XC659952.mp3,1.0,4.0,-33.952634172935674,-34.38825861376341,drop,Chloris chloris,European Greenfinch,0.23366637527942657,0.23366637527942657,drop,0.0,,,
chloris_chloris,659952,Chloris chloris,c:\Users\shado\Year3Projects\FYP\src\dataset\bird_data\raw\chloris_chloris\XC659952.mp3,4.0,7.0,-32.115566512387666,-34.38825861376341,non_bird,,,0.0,0.0,non_bird,1.0,nonbird_lowconf,bird_data\clips\non_bird\chloris_chloris\XC659952__s4000__e7000.wav,
chloris_chloris,659952,Chloris chloris,c:\Users\shado\Year3Projects\FYP\src\dataset\bird_data\raw\chloris_chloris\XC659952.mp3,10.0,13.0,-28.065539064179525,-34.38825861376341,drop,Chloris chloris,European Greenfinch,0.14465200901031494,0.14465200901031494,drop,0.0,,,
chloris_chloris,659952,Chloris chloris,c:\Users\shado\Year3Projects\FYP\src\dataset\bird_data\raw\chloris_chloris\XC659952.mp3,16.0,19.0,-30.348823107733452,-34.38825861376341,drop,Corvus monedula,Eurasian Jackdaw,0.6133825778961182,0.6133825778961182,drop,0.0,,,
chloris_chloris,378636,Chloris chloris,c:\Users\shado\Year3Projects\FYP\src\dataset\bird_data\raw\chloris_chloris\XC378636.mp3,1.0,4.0,-15.558628089521847,-23.181628029844227,species,Chloris chloris,European Greenfinch,0.9839809536933899,0.9839809536933899,species,1.0,rand_species,bird_data\clips\species\chloris_chloris\XC378636__s1000__e4000.wav,
chloris_chloris,378636,Chloris chloris,c:\Users\shado\Year3Projects\FYP\src\dataset\bird_data\raw\chloris_chloris\XC378636.mp3,4.0,7.0,-22.548881130085224,-23.181628029844227,species,Chloris chloris,European Greenfinch,0.43737301230430603,0.43737301230430603,species,1.0,rand_species,bird_data\clips\species\chloris_chloris\XC378636__s4000__e7000.wav,
chloris_chloris,378636,Chloris chloris,c:\Users\shado\Year3Projects\FYP\src\dataset\bird_data\raw\chloris_chloris\XC378636.mp3,10.0,13.0,-23.011155304718287,-23.181628029844227,species,Chloris chloris,European Greenfinch,0.9224588871002197,0.9224588871002197,species,1.0,rand_species,bird_data\clips\species\chloris_chloris\XC378636__s10000__e13000.wav,
chloris_chloris,745317,Chloris chloris,c:\Users\shado\Year3Projects\FYP\src\dataset\bird_data\raw\chloris_chloris\XC745317.mp3,1.0,4.0,-27.203176627237987,-31.699488287321486,species,Chloris chloris,European Greenfinch,0.7104526162147522,0.7104526162147522,species,1.0,rand_species,bird_data\clips\species\chloris_chloris\XC745317__s1000__e4000.wav,
chloris_chloris,745317,Chloris chloris,c:\Users\shado\Year3Projects\FYP\src\dataset\bird_data\raw\chloris_chloris\XC745317.mp3,4.0,7.0,-28.017887399571396,-31.699488287321486,species,Chloris chloris,European Greenfinch,0.7042507529258728,0.7042507529258728,species,1.0,rand_species,bird_data\clips\species\chloris_chloris\XC745317__s4000__e7000.wav,
chloris_chloris,745317,Chloris chloris,c:\Users\shado\Year3Projects\FYP\src\dataset\bird_data\raw\chloris_chloris\XC745317.mp3,7.0,10.0,-29.37646840077705,-31.699488287321486,species,Chloris chloris,European Greenfinch,0.7403955459594727,0.7403955459594727,species,1.0,rand_species,bird_data\clips\species\chloris_chloris\XC745317__s7000__e10000.wav,
chloris_chloris,745317,Chloris chloris,c:\Users\shado\Year3Projects\FYP\src\dataset\bird_data\raw\chloris_chloris\XC745317.mp3,13.0,16.0,-30.585086693442513,-31.699488287321486,species,Chloris chloris,European Greenfinch,0.912364661693573,0.912364661693573,species,0.0,,,
chloris_chloris,589802,Chloris chloris,c:\Users\shado\Year3Projects\FYP\src\dataset\bird_data\raw\chloris_chloris\XC589802.mp3,4.0,7.0,-41.32917171447562,-40.0,species,Chloris chloris,European Greenfinch,0.618549644947052,0.618549644947052,species,1.0,rand_species,bird_data\clips\species\chloris_chloris\XC589802__s4000__e7000.wav,
chloris_chloris,1016951,Chloris chloris,c:\Users\shado\Year3Projects\FYP\src\dataset\bird_data\raw\chloris_chloris\XC1016951.mp3,4.0,7.0,-39.33151334931067,-40.0,drop,Chloris chloris,European Greenfinch,0.2960888743400574,0.2960888743400574,drop,0.0,,,
chloris_chloris,1053998,Chloris chloris,c:\Users\shado\Year3Projects\FYP\src\dataset\bird_data\raw\chloris_chloris\XC1053998.mp3,9.0,12.0,-55.60767077511679,-40.0,species,Chloris chloris,European Greenfinch,0.5851449966430664,0.5851449966430664,species,1.0,rand_species,bird_data\clips\species\chloris_chloris\XC1053998__s9000__e12000.wav,
chloris_chloris,295519,Chloris chloris,c:\Users\shado\Year3Projects\FYP\src\dataset\bird_data\raw\chloris_chloris\XC295519.mp3,7.0,10.0,-44.88654537244011,-40.0,species,Chloris chloris,European Greenfinch,0.7623167037963867,0.7623167037963867,species,1.0,rand_species,bird_data\clips\species\chloris_chloris\XC295519__s7000__e10000.wav,
chloris_chloris,43774,Chloris chloris,c:\Users\shado\Year3Projects\FYP\src\dataset\bird_data\raw\chloris_chloris\XC43774.mp3,7.0,10.0,-43.88406613112954,-40.0,species,Chloris chloris,European Greenfinch,0.9386358261108398,0.9386358261108398,species,1.0,rand_species,bird_data\clips\species\chloris_chloris\XC43774__s7000__e10000.wav,
chloris_chloris,592670,Chloris chloris,c:\Users\shado\Year3Projects\FYP\src\dataset\bird_data\raw\chloris_chloris\XC592670.mp3,1.0,4.0,-31.3429431940017,-32.67657885862399,species,Chloris chloris,European Greenfinch,0.5890319347381592,0.5890319347381592,species,1.0,rand_species,bird_data\clips\species\chloris_chloris\XC592670__s1000__e4000.wav,
chloris_chloris,592670,Chloris chloris,c:\Users\shado\Year3Projects\FYP\src\dataset\bird_data\raw\chloris_chloris\XC592670.mp3,7.0,10.0,-25.163078110701814,-32.67657885862399,drop,Melanocorypha calandra,Calandra Lark,0.5488610863685608,0.5488610863685608,drop,0.0,,,
chloris_chloris,592670,Chloris chloris,c:\Users\shado\Year3Projects\FYP\src\dataset\bird_data\raw\chloris_chloris\XC592670.mp3,13.0,16.0,-23.95251989993847,-32.67657885862399,species,Chloris chloris,European Greenfinch,0.9222069382667542,0.9222069382667542,species,1.0,rand_species,bird_data\clips\species\chloris_chloris\XC592670__s13000__e16000.wav,
chloris_chloris,592670,Chloris chloris,c:\Users\shado\Year3Projects\FYP\src\dataset\bird_data\raw\chloris_chloris\XC592670.mp3,19.0,22.0,-29.759519922169865,-32.67657885862399,drop,Luscinia svecica,Bluethroat,0.3470836579799652,0.3470836579799652,drop,0.0,,,
chloris_chloris,592670,Chloris chloris,c:\Users\shado\Year3Projects\FYP\src\dataset\bird_data\raw\chloris_chloris\XC592670.mp3,22.0,25.0,-26.878573931651218,-32.67657885862399,drop,Chloris chloris,European Greenfinch,0.2912018299102783,0.2912018299102783,drop,0.0,,,
chloris_chloris,592670,Chloris chloris,c:\Users\shado\Year3Projects\FYP\src\dataset\bird_data\raw\chloris_chloris\XC592670.mp3,25.0,28.0,-27.11684935540073,-32.67657885862399,species,Chloris chloris,European Greenfinch,0.9265609979629517,0.9265609979629517,species,1.0,rand_species,bird_data\clips\species\chloris_chloris\XC592670__s25000__e28000.wav,
chloris_chloris,713428,Chloris chloris,c:\Users\shado\Year3Projects\FYP\src\dataset\bird_data\raw\chloris_chloris\XC713428.mp3,1.0,4.0,-37.3953409236164,-40.0,drop,Chrysomma sinense,Yellow-eyed Babbler,0.11715435236692429,0.11715435236692429,drop,0.0,,,
chloris_chloris,713428,Chloris chloris,c:\Users\shado\Year3Projects\FYP\src\dataset\bird_data\raw\chloris_chloris\XC713428.mp3,7.0,10.0,-39.346092407717045,-40.0,species,Chloris chloris,European Greenfinch,0.5443084836006165,0.5443084836006165,species,1.0,rand_species,bird_data\clips\species\chloris_chloris\XC713428__s7000__e10000.wav,
chloris_chloris,713428,Chloris chloris,c:\Users\shado\Year3Projects\FYP\src\dataset\bird_data\raw\chloris_chloris\XC713428.mp3,10.0,13.0,-39.62810059634083,-40.0,non_bird,,,0.0,0.0,non_bird,1.0,nonbird_lowconf,bird_data\clips\non_bird\chloris_chloris\XC713428__s10000__e13000.wav,
chloris_chloris,562258,Chloris chloris,c:\Users\shado\Year3Projects\FYP\src\dataset\bird_data\raw\chloris_chloris\XC562258.mp3,9.0,12.0,-23.392933041212412,-23.809972942584064,species,Chloris chloris,European Greenfinch,0.9980238676071167,0.9980238676071167,species,1.0,rand_species,bird_data\clips\species\chloris_chloris\XC562258__s9000__e12000.wav,
chloris_chloris,562258,Chloris chloris,c:\Users\shado\Year3Projects\FYP\src\dataset\bird_data\raw\chloris_chloris\XC562258.mp3,12.0,15.0,-22.41583690973474,-23.809972942584064,species,Chloris chloris,European Greenfinch,0.9992393255233765,0.9992393255233765,species,0.0,,,
chloris_chloris,562258,Chloris chloris,c:\Users\shado\Year3Projects\FYP\src\dataset\bird_data\raw\chloris_chloris\XC562258.mp3,15.0,18.0,-22.725670764432802,-23.809972942584064,species,Chloris chloris,European Greenfinch,0.9993541836738586,0.9993541836738586,species,0.0,,,
chloris_chloris,562258,Chloris chloris,c:\Users\shado\Year3Projects\FYP\src\dataset\bird_data\raw\chloris_chloris\XC562258.mp3,18.0,21.0,-21.544174853423335,-23.809972942584064,species,Chloris chloris,European Greenfinch,0.995398223400116,0.995398223400116,species,1.0,rand_species,bird_data\clips\species\chloris_chloris\XC562258__s18000__e21000.wav,
chloris_chloris,562258,Chloris chloris,c:\Users\shado\Year3Projects\FYP\src\dataset\bird_data\raw\chloris_chloris\XC562258.mp3,24.0,27.0,-20.90995440238565,-23.809972942584064,species,Chloris chloris,European Greenfinch,0.9233594536781311,0.9233594536781311,species,0.0,,,
chloris_chloris,562258,Chloris chloris,c:\Users\shado\Year3Projects\FYP\src\dataset\bird_data\raw\chloris_chloris\XC562258.mp3,30.0,33.0,-18.722474616591384,-23.809972942584064,species,Chloris chloris,European Greenfinch,0.978238582611084,0.978238582611084,species,1.0,rand_species,bird_data\clips\species\chloris_chloris\XC562258__s30000__e33000.wav,
chloris_chloris,133882,Chloris chloris,c:\Users\shado\Year3Projects\FYP\src\dataset\bird_data\raw\chloris_chloris\XC133882.mp3,1.0,4.0,-26.297666594351394,-30.332964296420187,species,Chloris chloris,European Greenfinch,0.988761842250824,0.988761842250824,species,1.0,rand_species,bird_data\clips\species\chloris_chloris\XC133882__s1000__e4000.wav,
chloris_chloris,133882,Chloris chloris,c:\Users\shado\Year3Projects\FYP\src\dataset\bird_data\raw\chloris_chloris\XC133882.mp3,4.0,7.0,-30.141777209315602,-30.332964296420187,drop,Aegithalos caudatus,Long-tailed Tit,0.16851314902305603,0.16851314902305603,drop,0.0,,,
chloris_chloris,133882,Chloris chloris,c:\Users\shado\Year3Projects\FYP\src\dataset\bird_data\raw\chloris_chloris\XC133882.mp3,7.0,10.0,-26.351868637571002,-30.332964296420187,species,Chloris chloris,European Greenfinch,0.9933701753616333,0.9933701753616333,species,1.0,rand_species,bird_data\clips\species\chloris_chloris\XC133882__s7000__e10000.wav,
chloris_chloris,656574,Chloris chloris,c:\Users\shado\Year3Projects\FYP\src\dataset\bird_data\raw\chloris_chloris\XC656574.mp3,4.0,7.0,-51.31878463688608,-40.0,drop,Vireo huttoni,Hutton's Vireo,0.2392900586128235,0.2392900586128235,drop,0.0,,,
chloris_chloris,205823,Chloris chloris,c:\Users\shado\Year3Projects\FYP\src\dataset\bird_data\raw\chloris_chloris\XC205823.mp3,7.0,10.0,-23.318478771043264,-23.95782827028919,species,Chloris chloris,European Greenfinch,0.9933366775512695,0.9933366775512695,species,1.0,rand_species,bird_data\clips\species\chloris_chloris\XC205823__s7000__e10000.wav,
chloris_chloris,205823,Chloris chloris,c:\Users\shado\Year3Projects\FYP\src\dataset\bird_data\raw\chloris_chloris\XC205823.mp3,13.0,16.0,-22.616174455873384,-23.95782827028919,species,Chloris chloris,European Greenfinch,0.9710562229156494,0.9710562229156494,species,0.0,,,
chloris_chloris,205823,Chloris chloris,c:\Users\shado\Year3Projects\FYP\src\dataset\bird_data\raw\chloris_chloris\XC205823.mp3,16.0,19.0,-22.286402083577798,-23.95782827028919,species,Chloris chloris,European Greenfinch,0.9917431473731995,0.9917431473731995,species,1.0,rand_species,bird_data\clips\species\chloris_chloris\XC205823__s16000__e19000.wav,
chloris_chloris,205823,Chloris chloris,c:\Users\shado\Year3Projects\FYP\src\dataset\bird_data\raw\chloris_chloris\XC205823.mp3,19.0,22.0,-19.00380104471485,-23.95782827028919,species,Chloris chloris,European Greenfinch,0.9968937635421753,0.9968937635421753,species,1.0,rand_species,bird_data\clips\species\chloris_chloris\XC205823__s19000__e22000.wav,
chloris_chloris,205823,Chloris chloris,c:\Users\shado\Year3Projects\FYP\src\dataset\bird_data\raw\chloris_chloris\XC205823.mp3,22.0,25.0,-20.620021784673135,-23.95782827028919,species,Chloris chloris,European Greenfinch,0.9835079908370972,0.9835079908370972,species,0.0,,,
chloris_chloris,205823,Chloris chloris,c:\Users\shado\Year3Projects\FYP\src\dataset\bird_data\raw\chloris_chloris\XC205823.mp3,25.0,28.0,-19.331073461836937,-23.95782827028919,species,Chloris chloris,European Greenfinch,0.9985175728797913,0.9985175728797913,species,0.0,,,
chloris_chloris,742409,Chloris chloris,c:\Users\shado\Year3Projects\FYP\src\dataset\bird_data\raw\chloris_chloris\XC742409.mp3,11.0,14.0,-37.93756275726868,-39.95143803987191,species,Chloris chloris,European Greenfinch,0.9004175662994385,0.9004175662994385,species,0.0,,,
chloris_chloris,742409,Chloris chloris,c:\Users\shado\Year3Projects\FYP\src\dataset\bird_data\raw\chloris_chloris\XC742409.mp3,14.0,17.0,-38.84379153420869,-39.95143803987191,species,Chloris chloris,European Greenfinch,0.9949382543563843,0.9949382543563843,species,0.0,,,
chloris_chloris,742409,Chloris chloris,c:\Users\shado\Year3Projects\FYP\src\dataset\bird_data\raw\chloris_chloris\XC742409.mp3,17.0,20.0,-33.94255056269144,-39.95143803987191,species,Chloris chloris,European Greenfinch,0.9755347967147827,0.9755347967147827,species,1.0,rand_species,bird_data\clips\species\chloris_chloris\XC742409__s17000__e20000.wav,
chloris_chloris,742409,Chloris chloris,c:\Users\shado\Year3Projects\FYP\src\dataset\bird_data\raw\chloris_chloris\XC742409.mp3,26.0,29.0,-37.21707241492502,-39.95143803987191,species,Chloris chloris,European Greenfinch,0.5129832029342651,0.5129832029342651,species,0.0,,,
chloris_chloris,742409,Chloris chloris,c:\Users\shado\Year3Projects\FYP\src\dataset\bird_data\raw\chloris_chloris\XC742409.mp3,32.0,35.0,-34.26739495185011,-39.95143803987191,species,Chloris chloris,European Greenfinch,0.9960303902626038,0.9960303902626038,species,1.0,rand_species,bird_data\clips\species\chloris_chloris\XC742409__s32000__e35000.wav,
chloris_chloris,742409,Chloris chloris,c:\Users\shado\Year3Projects\FYP\src\dataset\bird_data\raw\chloris_chloris\XC742409.mp3,35.0,38.0,-34.455734289025706,-39.95143803987191,species,Chloris chloris,European Greenfinch,0.42521727085113525,0.42521727085113525,species,1.0,rand_species,bird_data\clips\species\chloris_chloris\XC742409__s35000__e38000.wav,
chloris_chloris,435623,Chloris chloris,c:\Users\shado\Year3Projects\FYP\src\dataset\bird_data\raw\chloris_chloris\XC435623.mp3,1.0,4.0,-37.115126322857186,-39.891608071321215,drop,Hemitriccus margaritaceiventer,Pearly-vented Tody-Tyrant,0.6871729493141174,0.6871729493141174,drop,0.0,,,
chloris_chloris,435623,Chloris chloris,c:\Users\shado\Year3Projects\FYP\src\dataset\bird_data\raw\chloris_chloris\XC435623.mp3,7.0,10.0,-38.09390563361311,-39.891608071321215,drop,Hemitriccus margaritaceiventer,Pearly-vented Tody-Tyrant,0.3589146137237549,0.3589146137237549,drop,0.0,,,
chloris_chloris,940862,Chloris chloris,c:\Users\shado\Year3Projects\FYP\src\dataset\bird_data\raw\chloris_chloris\XC940862.mp3,1.0,4.0,-33.92437067120661,-34.19530446164346,species,Chloris chloris,European Greenfinch,0.5771983861923218,0.5771983861923218,species,1.0,rand_species,bird_data\clips\species\chloris_chloris\XC940862__s1000__e4000.wav,
chloris_chloris,1053484,,,,,,,,,,,,,,,,no_windows
chloris_chloris,158182,Chloris chloris,c:\Users\shado\Year3Projects\FYP\src\dataset\bird_data\raw\chloris_chloris\XC158182.mp3,1.0,4.0,-30.16240550603588,-39.17024277937151,species,Chloris chloris,European Greenfinch,0.9982796907424927,0.9982796907424927,species,1.0,rand_species,bird_data\clips\species\chloris_chloris\XC158182__s1000__e4000.wav,
chloris_chloris,158182,Chloris chloris,c:\Users\shado\Year3Projects\FYP\src\dataset\bird_data\raw\chloris_chloris\XC158182.mp3,4.0,7.0,-34.320230557821304,-39.17024277937151,species,Chloris chloris,European Greenfinch,0.9681710600852966,0.9681710600852966,species,1.0,rand_species,bird_data\clips\species\chloris_chloris\XC158182__s4000__e7000.wav,
chloris_chloris,158182,Chloris chloris,c:\Users\shado\Year3Projects\FYP\src\dataset\bird_data\raw\chloris_chloris\XC158182.mp3,7.0,10.0,-34.018103349123635,-39.17024277937151,species,Chloris chloris,European Greenfinch,0.9845629334449768,0.9845629334449768,species,1.0,rand_species,bird_data\clips\species\chloris_chloris\XC158182__s7000__e10000.wav,
chloris_chloris,158182,Chloris chloris,c:\Users\shado\Year3Projects\FYP\src\dataset\bird_data\raw\chloris_chloris\XC158182.mp3,10.0,13.0,-33.40163055181649,-39.17024277937151,species,Chloris chloris,European Greenfinch,0.9921255707740784,0.9921255707740784,species,0.0,,,
chloris_chloris,158182,Chloris chloris,c:\Users\shado\Year3Projects\FYP\src\dataset\bird_data\raw\chloris_chloris\XC158182.mp3,13.0,16.0,-33.96941884436735,-39.17024277937151,species,Chloris chloris,European Greenfinch,0.9959620833396912,0.9959620833396912,species,0.0,,,
chloris_chloris,158182,Chloris chloris,c:\Users\shado\Year3Projects\FYP\src\dataset\bird_data\raw\chloris_chloris\XC158182.mp3,19.0,22.0,-36.04154350247817,-39.17024277937151,species,Chloris chloris,European Greenfinch,0.9725224375724792,0.9725224375724792,species,0.0,,,
chloris_chloris,43773,Chloris chloris,c:\Users\shado\Year3Projects\FYP\src\dataset\bird_data\raw\chloris_chloris\XC43773.mp3,4.0,7.0,-46.135026972186076,-40.0,species,Chloris chloris,European Greenfinch,0.9320499300956726,0.9320499300956726,species,1.0,rand_species,bird_data\clips\species\chloris_chloris\XC43773__s4000__e7000.wav,
chloris_chloris,532022,Chloris chloris,c:\Users\shado\Year3Projects\FYP\src\dataset\bird_data\raw\chloris_chloris\XC532022.mp3,1.0,4.0,-24.88135964507649,-40.0,species,Chloris chloris,European Greenfinch,0.982720136642456,0.982720136642456,species,1.0,rand_species,bird_data\clips\species\chloris_chloris\XC532022__s1000__e4000.wav,
chloris_chloris,532022,Chloris chloris,c:\Users\shado\Year3Projects\FYP\src\dataset\bird_data\raw\chloris_chloris\XC532022.mp3,7.0,10.0,-24.14633612374462,-40.0,species,Chloris chloris,European Greenfinch,0.9693594574928284,0.9693594574928284,species,0.0,,,
chloris_chloris,532022,Chloris chloris,c:\Users\shado\Year3Projects\FYP\src\dataset\bird_data\raw\chloris_chloris\XC532022.mp3,13.0,16.0,-23.539656758782716,-40.0,species,Chloris chloris,European Greenfinch,0.9757224917411804,0.9757224917411804,species,1.0,rand_species,bird_data\clips\species\chloris_chloris\XC532022__s13000__e16000.wav,
chloris_chloris,532022,Chloris chloris,c:\Users\shado\Year3Projects\FYP\src\dataset\bird_data\raw\chloris_chloris\XC532022.mp3,19.0,22.0,-26.572179682436715,-40.0,species,Chloris chloris,European Greenfinch,0.6950639486312866,0.6950639486312866,species,1.0,rand_species,bird_data\clips\species\chloris_chloris\XC532022__s19000__e22000.wav,
chloris_chloris,532022,Chloris chloris,c:\Users\shado\Year3Projects\FYP\src\dataset\bird_data\raw\chloris_chloris\XC532022.mp3,22.0,25.0,-33.705696848925854,-40.0,drop,Fringilla montifringilla,Brambling,0.9620240330696106,0.9620240330696106,drop,0.0,,,
chloris_chloris,712212,Chloris chloris,c:\Users\shado\Year3Projects\FYP\src\dataset\bird_data\raw\chloris_chloris\XC712212.mp3,9.0,12.0,-35.69421934181915,-38.913450878328526,species,Chloris chloris,European Greenfinch,0.9486027359962463,0.9486027359962463,species,1.0,rand_species,bird_data\clips\species\chloris_chloris\XC712212__s9000__e12000.wav,
chloris_chloris,712212,Chloris chloris,c:\Users\shado\Year3Projects\FYP\src\dataset\bird_data\raw\chloris_chloris\XC712212.mp3,15.0,18.0,-35.89884573690699,-38.913450878328526,species,Chloris chloris,European Greenfinch,0.9956172704696655,0.9956172704696655,species,0.0,,,
chloris_chloris,712212,Chloris chloris,c:\Users\shado\Year3Projects\FYP\src\dataset\bird_data\raw\chloris_chloris\XC712212.mp3,18.0,21.0,-37.79249573567584,-38.913450878328526,species,Chloris chloris,European Greenfinch,0.987896203994751,0.987896203994751,species,1.0,rand_species,bird_data\clips\species\chloris_chloris\XC712212__s18000__e21000.wav,
chloris_chloris,712212,Chloris chloris,c:\Users\shado\Year3Projects\FYP\src\dataset\bird_data\raw\chloris_chloris\XC712212.mp3,21.0,24.0,-36.245730848903314,-38.913450878328526,species,Chloris chloris,European Greenfinch,0.8706067800521851,0.8706067800521851,species,0.0,,,
chloris_chloris,712212,Chloris chloris,c:\Users\shado\Year3Projects\FYP\src\dataset\bird_data\raw\chloris_chloris\XC712212.mp3,24.0,27.0,-34.992802698372884,-38.913450878328526,species,Chloris chloris,European Greenfinch,0.994236171245575,0.994236171245575,species,1.0,rand_species,bird_data\clips\species\chloris_chloris\XC712212__s24000__e27000.wav,
chloris_chloris,712212,Chloris chloris,c:\Users\shado\Year3Projects\FYP\src\dataset\bird_data\raw\chloris_chloris\XC712212.mp3,30.0,33.0,-36.31721102127006,-38.913450878328526,species,Chloris chloris,European Greenfinch,0.9862512350082397,0.9862512350082397,species,0.0,,,
chloris_chloris,552244,Chloris chloris,c:\Users\shado\Year3Projects\FYP\src\dataset\bird_data\raw\chloris_chloris\XC552244.mp3,1.0,4.0,-27.395985814390468,-27.57462419833599,species,Chloris chloris,European Greenfinch,0.9667815566062927,0.9667815566062927,species,1.0,rand_species,bird_data\clips\species\chloris_chloris\XC552244__s1000__e4000.wav,
chloris_chloris,552244,Chloris chloris,c:\Users\shado\Year3Projects\FYP\src\dataset\bird_data\raw\chloris_chloris\XC552244.mp3,4.0,7.0,-25.9461301796347,-27.57462419833599,drop,Carduelis carduelis,European Goldfinch,0.9075029492378235,0.9075029492378235,drop,0.0,,,
chloris_chloris,552244,Chloris chloris,c:\Users\shado\Year3Projects\FYP\src\dataset\bird_data\raw\chloris_chloris\XC552244.mp3,7.0,10.0,-26.374837434468382,-27.57462419833599,drop,Carduelis carduelis,European Goldfinch,0.9430062174797058,0.9430062174797058,drop,0.0,,,
chloris_chloris,552244,Chloris chloris,c:\Users\shado\Year3Projects\FYP\src\dataset\bird_data\raw\chloris_chloris\XC552244.mp3,10.0,13.0,-25.123677777207302,-27.57462419833599,drop,Carduelis carduelis,European Goldfinch,0.9393181800842285,0.9393181800842285,drop,0.0,,,
chloris_chloris,552244,Chloris chloris,c:\Users\shado\Year3Projects\FYP\src\dataset\bird_data\raw\chloris_chloris\XC552244.mp3,16.0,19.0,-26.660701451951404,-27.57462419833599,drop,Chloris chloris,European Greenfinch,0.19605028629302979,0.19605028629302979,drop,0.0,,,
chloris_chloris,552244,Chloris chloris,c:\Users\shado\Year3Projects\FYP\src\dataset\bird_data\raw\chloris_chloris\XC552244.mp3,19.0,22.0,-27.163283921063663,-27.57462419833599,drop,Locustella luscinioides,Savi's Warbler,0.6979483962059021,0.6979483962059021,drop,0.0,,,
chloris_chloris,133881,Chloris chloris,c:\Users\shado\Year3Projects\FYP\src\dataset\bird_data\raw\chloris_chloris\XC133881.mp3,1.0,4.0,-21.53231956989923,-22.242595263243842,species,Chloris chloris,European Greenfinch,0.8799846768379211,0.8799846768379211,species,1.0,rand_species,bird_data\clips\species\chloris_chloris\XC133881__s1000__e4000.wav,
chloris_chloris,133881,Chloris chloris,c:\Users\shado\Year3Projects\FYP\src\dataset\bird_data\raw\chloris_chloris\XC133881.mp3,4.0,7.0,-20.515484445689655,-22.242595263243842,species,Chloris chloris,European Greenfinch,0.9361475110054016,0.9361475110054016,species,0.0,,,
chloris_chloris,133881,Chloris chloris,c:\Users\shado\Year3Projects\FYP\src\dataset\bird_data\raw\chloris_chloris\XC133881.mp3,7.0,10.0,-20.88055282414625,-22.242595263243842,species,Chloris chloris,European Greenfinch,0.9235495328903198,0.9235495328903198,species,1.0,rand_species,bird_data\clips\species\chloris_chloris\XC133881__s7000__e10000.wav,
chloris_chloris,133881,Chloris chloris,c:\Users\shado\Year3Projects\FYP\src\dataset\bird_data\raw\chloris_chloris\XC133881.mp3,13.0,16.0,-21.668559095989846,-22.242595263243842,species,Chloris chloris,European Greenfinch,0.984560489654541,0.984560489654541,species,1.0,rand_species,bird_data\clips\species\chloris_chloris\XC133881__s13000__e16000.wav,
chloris_chloris,655856,Chloris chloris,c:\Users\shado\Year3Projects\FYP\src\dataset\bird_data\raw\chloris_chloris\XC655856.mp3,1.0,4.0,-33.244454423447294,-33.966646266955834,species,Chloris chloris,European Greenfinch,0.9983224272727966,0.9983224272727966,species,0.0,,,
chloris_chloris,655856,Chloris chloris,c:\Users\shado\Year3Projects\FYP\src\dataset\bird_data\raw\chloris_chloris\XC655856.mp3,4.0,7.0,-33.48486384697745,-33.966646266955834,species,Chloris chloris,European Greenfinch,0.9969013929367065,0.9969013929367065,species,1.0,rand_species,bird_data\clips\species\chloris_chloris\XC655856__s4000__e7000.wav,
chloris_chloris,655856,Chloris chloris,c:\Users\shado\Year3Projects\FYP\src\dataset\bird_data\raw\chloris_chloris\XC655856.mp3,7.0,10.0,-33.863316399440635,-33.966646266955834,species,Chloris chloris,European Greenfinch,0.9990079998970032,0.9990079998970032,species,0.0,,,
chloris_chloris,655856,Chloris chloris,c:\Users\shado\Year3Projects\FYP\src\dataset\bird_data\raw\chloris_chloris\XC655856.mp3,10.0,13.0,-31.754185071467127,-33.966646266955834,species,Chloris chloris,European Greenfinch,0.9993579983711243,0.9993579983711243,species,1.0,rand_species,bird_data\clips\species\chloris_chloris\XC655856__s10000__e13000.wav,
chloris_chloris,655856,Chloris chloris,c:\Users\shado\Year3Projects\FYP\src\dataset\bird_data\raw\chloris_chloris\XC655856.mp3,13.0,16.0,-29.167784584413884,-33.966646266955834,species,Chloris chloris,European Greenfinch,0.9974220991134644,0.9974220991134644,species,1.0,rand_species,bird_data\clips\species\chloris_chloris\XC655856__s13000__e16000.wav,
chloris_chloris,37232,Chloris chloris,c:\Users\shado\Year3Projects\FYP\src\dataset\bird_data\raw\chloris_chloris\XC37232.mp3,6.0,9.0,-22.022067680583405,-23.283522035262322,species,Chloris chloris,European Greenfinch,0.6144328117370605,0.6144328117370605,species,1.0,rand_species,bird_data\clips\species\chloris_chloris\XC37232__s6000__e9000.wav,
chloris_chloris,37232,Chloris chloris,c:\Users\shado\Year3Projects\FYP\src\dataset\bird_data\raw\chloris_chloris\XC37232.mp3,15.0,18.0,-23.161002375627696,-23.283522035262322,species,Chloris chloris,European Greenfinch,0.9884024262428284,0.9884024262428284,species,0.0,,,
chloris_chloris,37232,Chloris chloris,c:\Users\shado\Year3Projects\FYP\src\dataset\bird_data\raw\chloris_chloris\XC37232.mp3,18.0,21.0,-20.163270695143094,-23.283522035262322,species,Chloris chloris,European Greenfinch,0.8831131458282471,0.8831131458282471,species,0.0,,,
chloris_chloris,37232,Chloris chloris,c:\Users\shado\Year3Projects\FYP\src\dataset\bird_data\raw\chloris_chloris\XC37232.mp3,21.0,24.0,-22.7364662147679,-23.283522035262322,species,Chloris chloris,European Greenfinch,0.6624920964241028,0.6624920964241028,species,0.0,,,
chloris_chloris,37232,Chloris chloris,c:\Users\shado\Year3Projects\FYP\src\dataset\bird_data\raw\chloris_chloris\XC37232.mp3,24.0,27.0,-20.025686918346068,-23.283522035262322,species,Chloris chloris,European Greenfinch,0.9798847436904907,0.9798847436904907,species,1.0,rand_species,bird_data\clips\species\chloris_chloris\XC37232__s24000__e27000.wav,
chloris_chloris,37232,Chloris chloris,c:\Users\shado\Year3Projects\FYP\src\dataset\bird_data\raw\chloris_chloris\XC37232.mp3,27.0,30.0,-20.083995658822587,-23.283522035262322,species,Chloris chloris,European Greenfinch,0.9098253846168518,0.9098253846168518,species,1.0,rand_species,bird_data\clips\species\chloris_chloris\XC37232__s27000__e30000.wav,
chloris_chloris,679008,Chloris chloris,c:\Users\shado\Year3Projects\FYP\src\dataset\bird_data\raw\chloris_chloris\XC679008.mp3,4.0,7.0,-40.819289931110745,-40.0,drop,Chloris chloris,European Greenfinch,0.18452304601669312,0.18452304601669312,drop,0.0,,,
chloris_chloris,385634,Chloris chloris,c:\Users\shado\Year3Projects\FYP\src\dataset\bird_data\raw\chloris_chloris\XC385634.mp3,6.0,9.0,-38.74072952076815,-38.83458146219007,drop,Tachyphonus coronatus,Ruby-crowned Tanager,0.16842547059059143,0.16842547059059143,drop,0.0,,,
chloris_chloris,385634,Chloris chloris,c:\Users\shado\Year3Projects\FYP\src\dataset\bird_data\raw\chloris_chloris\XC385634.mp3,12.0,15.0,-37.50187843539039,-38.83458146219007,non_bird,,,0.0,0.0,non_bird,1.0,nonbird_lowconf,bird_data\clips\non_bird\chloris_chloris\XC385634__s12000__e15000.wav,
chloris_chloris,385634,Chloris chloris,c:\Users\shado\Year3Projects\FYP\src\dataset\bird_data\raw\chloris_chloris\XC385634.mp3,21.0,24.0,-37.58083740878885,-38.83458146219007,species,Chloris chloris,European Greenfinch,0.5486575961112976,0.5486575961112976,species,0.0,,,
chloris_chloris,385634,Chloris chloris,c:\Users\shado\Year3Projects\FYP\src\dataset\bird_data\raw\chloris_chloris\XC385634.mp3,24.0,27.0,-37.04824329147971,-38.83458146219007,species,Chloris chloris,European Greenfinch,0.6864673495292664,0.6864673495292664,species,1.0,rand_species,bird_data\clips\species\chloris_chloris\XC385634__s24000__e27000.wav,
chloris_chloris,385634,Chloris chloris,c:\Users\shado\Year3Projects\FYP\src\dataset\bird_data\raw\chloris_chloris\XC385634.mp3,27.0,30.0,-37.61315282163422,-38.83458146219007,species,Chloris chloris,European Greenfinch,0.9748817682266235,0.9748817682266235,species,1.0,rand_species,bird_data\clips\species\chloris_chloris\XC385634__s27000__e30000.wav,
chloris_chloris,385634,Chloris chloris,c:\Users\shado\Year3Projects\FYP\src\dataset\bird_data\raw\chloris_chloris\XC385634.mp3,30.0,33.0,-36.844420813795445,-38.83458146219007,species,Chloris chloris,European Greenfinch,0.7272109389305115,0.7272109389305115,species,1.0,rand_species,bird_data\clips\species\chloris_chloris\XC385634__s30000__e33000.wav,
chloris_chloris,937622,Chloris chloris,c:\Users\shado\Year3Projects\FYP\src\dataset\bird_data\raw\chloris_chloris\XC937622.mp3,6.0,9.0,-39.944327502980215,-40.0,non_bird,,,0.0,0.0,non_bird,1.0,nonbird_lowconf,bird_data\clips\non_bird\chloris_chloris\XC937622__s6000__e9000.wav,
chloris_chloris,937622,Chloris chloris,c:\Users\shado\Year3Projects\FYP\src\dataset\bird_data\raw\chloris_chloris\XC937622.mp3,9.0,12.0,-37.798807713491975,-40.0,drop,Acanthis flammea,Common Redpoll,0.16451814770698547,0.16451814770698547,drop,0.0,,,
chloris_chloris,937622,Chloris chloris,c:\Users\shado\Year3Projects\FYP\src\dataset\bird_data\raw\chloris_chloris\XC937622.mp3,12.0,15.0,-39.80935275528216,-40.0,drop,Chloris chloris,European Greenfinch,0.2196529060602188,0.2196529060602188,drop,0.0,,,
chloris_chloris,937622,Chloris chloris,c:\Users\shado\Year3Projects\FYP\src\dataset\bird_data\raw\chloris_chloris\XC937622.mp3,30.0,33.0,-39.292026076653876,-40.0,drop,Phylloscopus collybita,Common Chiffchaff,0.2963603734970093,0.2963603734970093,drop,0.0,,,
chloris_chloris,1052005,Chloris chloris,c:\Users\shado\Year3Projects\FYP\src\dataset\bird_data\raw\chloris_chloris\XC1052005.mp3,4.0,7.0,-55.53720866478298,-40.0,species,Chloris chloris,European Greenfinch,0.6698665022850037,0.6698665022850037,species,1.0,rand_species,bird_data\clips\species\chloris_chloris\XC1052005__s4000__e7000.wav,
chloris_chloris,892594,Chloris chloris,c:\Users\shado\Year3Projects\FYP\src\dataset\bird_data\raw\chloris_chloris\XC892594.mp3,1.0,4.0,-28.622792772709055,-33.65978087093769,species,Chloris chloris,European Greenfinch,0.9526976943016052,0.9526976943016052,species,0.0,,,
chloris_chloris,892594,Chloris chloris,c:\Users\shado\Year3Projects\FYP\src\dataset\bird_data\raw\chloris_chloris\XC892594.mp3,13.0,16.0,-33.52409824910298,-33.65978087093769,species,Chloris chloris,European Greenfinch,0.9765470027923584,0.9765470027923584,species,1.0,rand_species,bird_data\clips\species\chloris_chloris\XC892594__s13000__e16000.wav,
chloris_chloris,892594,Chloris chloris,c:\Users\shado\Year3Projects\FYP\src\dataset\bird_data\raw\chloris_chloris\XC892594.mp3,16.0,19.0,-27.973040396952907,-33.65978087093769,species,Chloris chloris,European Greenfinch,0.989267885684967,0.989267885684967,species,0.0,,,
chloris_chloris,892594,Chloris chloris,c:\Users\shado\Year3Projects\FYP\src\dataset\bird_data\raw\chloris_chloris\XC892594.mp3,19.0,22.0,-31.474708139207973,-33.65978087093769,species,Chloris chloris,European Greenfinch,0.9844062328338623,0.9844062328338623,species,1.0,rand_species,bird_data\clips\species\chloris_chloris\XC892594__s19000__e22000.wav,
chloris_chloris,892594,Chloris chloris,c:\Users\shado\Year3Projects\FYP\src\dataset\bird_data\raw\chloris_chloris\XC892594.mp3,22.0,25.0,-31.367902738819904,-33.65978087093769,species,Chloris chloris,European Greenfinch,0.9820711016654968,0.9820711016654968,species,0.0,,,
chloris_chloris,892594,Chloris chloris,c:\Users\shado\Year3Projects\FYP\src\dataset\bird_data\raw\chloris_chloris\XC892594.mp3,25.0,28.0,-31.651656517838912,-33.65978087093769,species,Chloris chloris,European Greenfinch,0.9051600694656372,0.9051600694656372,species,1.0,rand_species,bird_data\clips\species\chloris_chloris\XC892594__s25000__e28000.wav,
chloris_chloris,994083,Chloris chloris,c:\Users\shado\Year3Projects\FYP\src\dataset\bird_data\raw\chloris_chloris\XC994083.mp3,19.0,22.0,-25.689012075500138,-40.0,drop,Chloris chloris,European Greenfinch,0.10796277970075607,0.10796277970075607,drop,0.0,,,
chloris_chloris,708025,Chloris chloris,c:\Users\shado\Year3Projects\FYP\src\dataset\bird_data\raw\chloris_chloris\XC708025.mp3,1.0,4.0,-18.004368887570234,-20.381742255378597,species,Chloris chloris,European Greenfinch,0.7360512018203735,0.7360512018203735,species,1.0,rand_species,bird_data\clips\species\chloris_chloris\XC708025__s1000__e4000.wav,
chloris_chloris,708025,Chloris chloris,c:\Users\shado\Year3Projects\FYP\src\dataset\bird_data\raw\chloris_chloris\XC708025.mp3,4.0,7.0,-18.873640751763862,-20.381742255378597,species,Chloris chloris,European Greenfinch,0.8423029780387878,0.8423029780387878,species,0.0,,,
chloris_chloris,708025,Chloris chloris,c:\Users\shado\Year3Projects\FYP\src\dataset\bird_data\raw\chloris_chloris\XC708025.mp3,7.0,10.0,-19.989019506194495,-20.381742255378597,species,Chloris chloris,European Greenfinch,0.8079994320869446,0.8079994320869446,species,1.0,rand_species,bird_data\clips\species\chloris_chloris\XC708025__s7000__e10000.wav,
chloris_chloris,708025,Chloris chloris,c:\Users\shado\Year3Projects\FYP\src\dataset\bird_data\raw\chloris_chloris\XC708025.mp3,13.0,16.0,-20.342842143699997,-20.381742255378597,species,Chloris chloris,European Greenfinch,0.8172902464866638,0.8172902464866638,species,0.0,,,
chloris_chloris,708025,Chloris chloris,c:\Users\shado\Year3Projects\FYP\src\dataset\bird_data\raw\chloris_chloris\XC708025.mp3,16.0,19.0,-20.324317840341916,-20.381742255378597,species,Chloris chloris,European Greenfinch,0.8785150647163391,0.8785150647163391,species,1.0,rand_species,bird_data\clips\species\chloris_chloris\XC708025__s16000__e19000.wav,
chloris_chloris,362828,Chloris chloris,c:\Users\shado\Year3Projects\FYP\src\dataset\bird_data\raw\chloris_chloris\XC362828.mp3,1.0,4.0,-24.2295479036762,-29.660538717467798,species,Chloris chloris,European Greenfinch,0.9965612292289734,0.9965612292289734,species,1.0,rand_species,bird_data\clips\species\chloris_chloris\XC362828__s1000__e4000.wav,
chloris_chloris,362828,Chloris chloris,c:\Users\shado\Year3Projects\FYP\src\dataset\bird_data\raw\chloris_chloris\XC362828.mp3,7.0,10.0,-27.56613544838803,-29.660538717467798,species,Chloris chloris,European Greenfinch,0.9201794266700745,0.9201794266700745,species,0.0,,,
chloris_chloris,362828,Chloris chloris,c:\Users\shado\Year3Projects\FYP\src\dataset\bird_data\raw\chloris_chloris\XC362828.mp3,10.0,13.0,-28.547353703255027,-29.660538717467798,drop,Troglodytes troglodytes,Eurasian Wren,0.640192449092865,0.640192449092865,drop,0.0,,,
chloris_chloris,362828,Chloris chloris,c:\Users\shado\Year3Projects\FYP\src\dataset\bird_data\raw\chloris_chloris\XC362828.mp3,13.0,16.0,-23.638201454344028,-29.660538717467798,species,Chloris chloris,European Greenfinch,0.9411318302154541,0.9411318302154541,species,1.0,rand_species,bird_data\clips\species\chloris_chloris\XC362828__s13000__e16000.wav,
chloris_chloris,362828,Chloris chloris,c:\Users\shado\Year3Projects\FYP\src\dataset\bird_data\raw\chloris_chloris\XC362828.mp3,19.0,22.0,-23.589930052701664,-29.660538717467798,species,Chloris chloris,European Greenfinch,0.9849649667739868,0.9849649667739868,species,1.0,rand_species,bird_data\clips\species\chloris_chloris\XC362828__s19000__e22000.wav,
chloris_chloris,362828,Chloris chloris,c:\Users\shado\Year3Projects\FYP\src\dataset\bird_data\raw\chloris_chloris\XC362828.mp3,25.0,28.0,-24.2140843576189,-29.660538717467798,species,Chloris chloris,European Greenfinch,0.9735860228538513,0.9735860228538513,species,0.0,,,
chloris_chloris,1000084,Chloris chloris,c:\Users\shado\Year3Projects\FYP\src\dataset\bird_data\raw\chloris_chloris\XC1000084.mp3,13.0,16.0,-39.888545451123306,-40.0,species,Chloris chloris,European Greenfinch,0.7028378844261169,0.7028378844261169,species,1.0,rand_species,bird_data\clips\species\chloris_chloris\XC1000084__s13000__e16000.wav,
chloris_chloris,1000084,Chloris chloris,c:\Users\shado\Year3Projects\FYP\src\dataset\bird_data\raw\chloris_chloris\XC1000084.mp3,16.0,19.0,-30.289832308054365,-40.0,species,Chloris chloris,European Greenfinch,0.7628417611122131,0.7628417611122131,species,1.0,rand_species,bird_data\clips\species\chloris_chloris\XC1000084__s16000__e19000.wav,
chloris_chloris,653431,Chloris chloris,c:\Users\shado\Year3Projects\FYP\src\dataset\bird_data\raw\chloris_chloris\XC653431.mp3,4.0,7.0,-44.250846295742996,-40.0,drop,Chloris chloris,European Greenfinch,0.274909645318985,0.274909645318985,drop,0.0,,,
chloris_chloris,737672,Chloris chloris,c:\Users\shado\Year3Projects\FYP\src\dataset\bird_data\raw\chloris_chloris\XC737672.mp3,1.0,4.0,-53.17235785872511,-40.0,species,Chloris chloris,European Greenfinch,0.9898550510406494,0.9898550510406494,species,1.0,rand_species,bird_data\clips\species\chloris_chloris\XC737672__s1000__e4000.wav,
chloris_chloris,673353,Chloris chloris,c:\Users\shado\Year3Projects\FYP\src\dataset\bird_data\raw\chloris_chloris\XC673353.mp3,4.0,7.0,-40.953520784367036,-40.0,species,Chloris chloris,European Greenfinch,0.7859111428260803,0.7859111428260803,species,1.0,rand_species,bird_data\clips\species\chloris_chloris\XC673353__s4000__e7000.wav,
chloris_chloris,385633,Chloris chloris,c:\Users\shado\Year3Projects\FYP\src\dataset\bird_data\raw\chloris_chloris\XC385633.mp3,1.0,4.0,-37.97703862218523,-38.982473458645465,species,Chloris chloris,European Greenfinch,0.7675499320030212,0.7675499320030212,species,1.0,rand_species,bird_data\clips\species\chloris_chloris\XC385633__s1000__e4000.wav,
chloris_chloris,385633,Chloris chloris,c:\Users\shado\Year3Projects\FYP\src\dataset\bird_data\raw\chloris_chloris\XC385633.mp3,4.0,7.0,-36.58005926939888,-38.982473458645465,species,Chloris chloris,European Greenfinch,0.7859481573104858,0.7859481573104858,species,1.0,rand_species,bird_data\clips\species\chloris_chloris\XC385633__s4000__e7000.wav,
chloris_chloris,385633,Chloris chloris,c:\Users\shado\Year3Projects\FYP\src\dataset\bird_data\raw\chloris_chloris\XC385633.mp3,10.0,13.0,-38.69014429701902,-38.982473458645465,species,Chloris chloris,European Greenfinch,0.469256728887558,0.469256728887558,species,1.0,rand_species,bird_data\clips\species\chloris_chloris\XC385633__s10000__e13000.wav,
chloris_chloris,833422,Chloris chloris,c:\Users\shado\Year3Projects\FYP\src\dataset\bird_data\raw\chloris_chloris\XC833422.mp3,1.0,4.0,-29.42803584310077,-30.82839949350605,species,Chloris chloris,European Greenfinch,0.7288092970848083,0.7288092970848083,species,1.0,rand_species,bird_data\clips\species\chloris_chloris\XC833422__s1000__e4000.wav,
chloris_chloris,956520,Chloris chloris,c:\Users\shado\Year3Projects\FYP\src\dataset\bird_data\raw\chloris_chloris\XC956520.mp3,1.0,4.0,-43.37388378428357,-40.0,species,Chloris chloris,European Greenfinch,0.9630449414253235,0.9630449414253235,species,1.0,rand_species,bird_data\clips\species\chloris_chloris\XC956520__s1000__e4000.wav,
chloris_chloris,864205,Chloris chloris,c:\Users\shado\Year3Projects\FYP\src\dataset\bird_data\raw\chloris_chloris\XC864205.mp3,11.0,14.0,-34.05442619287969,-40.0,species,Chloris chloris,European Greenfinch,0.9979070425033569,0.9979070425033569,species,0.0,,,
chloris_chloris,864205,Chloris chloris,c:\Users\shado\Year3Projects\FYP\src\dataset\bird_data\raw\chloris_chloris\XC864205.mp3,14.0,17.0,-33.52171816881202,-40.0,species,Chloris chloris,European Greenfinch,0.9868186712265015,0.9868186712265015,species,1.0,rand_species,bird_data\clips\species\chloris_chloris\XC864205__s14000__e17000.wav,
chloris_chloris,864205,Chloris chloris,c:\Users\shado\Year3Projects\FYP\src\dataset\bird_data\raw\chloris_chloris\XC864205.mp3,23.0,26.0,-32.619351695285495,-40.0,species,Chloris chloris,European Greenfinch,0.9900892972946167,0.9900892972946167,species,0.0,,,
chloris_chloris,864205,Chloris chloris,c:\Users\shado\Year3Projects\FYP\src\dataset\bird_data\raw\chloris_chloris\XC864205.mp3,26.0,29.0,-33.37129794715664,-40.0,species,Chloris chloris,European Greenfinch,0.9908513426780701,0.9908513426780701,species,1.0,rand_species,bird_data\clips\species\chloris_chloris\XC864205__s26000__e29000.wav,
chloris_chloris,864205,Chloris chloris,c:\Users\shado\Year3Projects\FYP\src\dataset\bird_data\raw\chloris_chloris\XC864205.mp3,32.0,35.0,-33.587595934050455,-40.0,species,Chloris chloris,European Greenfinch,0.967677652835846,0.967677652835846,species,0.0,,,
chloris_chloris,864205,Chloris chloris,c:\Users\shado\Year3Projects\FYP\src\dataset\bird_data\raw\chloris_chloris\XC864205.mp3,35.0,38.0,-33.05401686202153,-40.0,species,Chloris chloris,European Greenfinch,0.9956484436988831,0.9956484436988831,species,1.0,rand_species,bird_data\clips\species\chloris_chloris\XC864205__s35000__e38000.wav,
chloris_chloris,994082,Chloris chloris,c:\Users\shado\Year3Projects\FYP\src\dataset\bird_data\raw\chloris_chloris\XC994082.mp3,19.0,22.0,-25.689012075500138,-40.0,drop,Chloris chloris,European Greenfinch,0.10796277970075607,0.10796277970075607,drop,0.0,,,
chloris_chloris,650832,Chloris chloris,c:\Users\shado\Year3Projects\FYP\src\dataset\bird_data\raw\chloris_chloris\XC650832.mp3,1.0,4.0,-37.64137917489187,-40.0,species,Chloris chloris,European Greenfinch,0.9916884303092957,0.9916884303092957,species,0.0,,,
chloris_chloris,650832,Chloris chloris,c:\Users\shado\Year3Projects\FYP\src\dataset\bird_data\raw\chloris_chloris\XC650832.mp3,10.0,13.0,-37.508849125855726,-40.0,species,Chloris chloris,European Greenfinch,0.9558894038200378,0.9558894038200378,species,1.0,rand_species,bird_data\clips\species\chloris_chloris\XC650832__s10000__e13000.wav,
chloris_chloris,650832,Chloris chloris,c:\Users\shado\Year3Projects\FYP\src\dataset\bird_data\raw\chloris_chloris\XC650832.mp3,16.0,19.0,-37.95330524883829,-40.0,species,Chloris chloris,European Greenfinch,0.9970661997795105,0.9970661997795105,species,1.0,rand_species,bird_data\clips\species\chloris_chloris\XC650832__s16000__e19000.wav,
chloris_chloris,650832,Chloris chloris,c:\Users\shado\Year3Projects\FYP\src\dataset\bird_data\raw\chloris_chloris\XC650832.mp3,22.0,25.0,-36.24808917029975,-40.0,species,Chloris chloris,European Greenfinch,0.9585488438606262,0.9585488438606262,species,1.0,rand_species,bird_data\clips\species\chloris_chloris\XC650832__s22000__e25000.wav,
chloris_chloris,176795,Chloris chloris,c:\Users\shado\Year3Projects\FYP\src\dataset\bird_data\raw\chloris_chloris\XC176795.mp3,7.0,10.0,-22.992884149011385,-23.46765846795516,species,Chloris chloris,European Greenfinch,0.9229595065116882,0.9229595065116882,species,1.0,rand_species,bird_data\clips\species\chloris_chloris\XC176795__s7000__e10000.wav,
chloris_chloris,176795,Chloris chloris,c:\Users\shado\Year3Projects\FYP\src\dataset\bird_data\raw\chloris_chloris\XC176795.mp3,10.0,13.0,-21.93710521244426,-23.46765846795516,species,Chloris chloris,European Greenfinch,0.9840893745422363,0.9840893745422363,species,1.0,rand_species,bird_data\clips\species\chloris_chloris\XC176795__s10000__e13000.wav,
chloris_chloris,176795,Chloris chloris,c:\Users\shado\Year3Projects\FYP\src\dataset\bird_data\raw\chloris_chloris\XC176795.mp3,13.0,16.0,-22.11040388223935,-23.46765846795516,species,Chloris chloris,European Greenfinch,0.9722126126289368,0.9722126126289368,species,0.0,,,
chloris_chloris,176795,Chloris chloris,c:\Users\shado\Year3Projects\FYP\src\dataset\bird_data\raw\chloris_chloris\XC176795.mp3,16.0,19.0,-23.09432623207764,-23.46765846795516,species,Chloris chloris,European Greenfinch,0.9574637413024902,0.9574637413024902,species,0.0,,,
chloris_chloris,176795,Chloris chloris,c:\Users\shado\Year3Projects\FYP\src\dataset\bird_data\raw\chloris_chloris\XC176795.mp3,19.0,22.0,-19.28106325591053,-23.46765846795516,species,Chloris chloris,European Greenfinch,0.9931098222732544,0.9931098222732544,species,1.0,rand_species,bird_data\clips\species\chloris_chloris\XC176795__s19000__e22000.wav,
chloris_chloris,648953,Chloris chloris,c:\Users\shado\Year3Projects\FYP\src\dataset\bird_data\raw\chloris_chloris\XC648953.mp3,1.0,4.0,-22.99836612241268,-24.475561899065156,species,Chloris chloris,European Greenfinch,0.9997054934501648,0.9997054934501648,species,1.0,rand_species,bird_data\clips\species\chloris_chloris\XC648953__s1000__e4000.wav,
chloris_chloris,648953,Chloris chloris,c:\Users\shado\Year3Projects\FYP\src\dataset\bird_data\raw\chloris_chloris\XC648953.mp3,7.0,10.0,-21.225552646559912,-24.475561899065156,species,Chloris chloris,European Greenfinch,0.9947863817214966,0.9947863817214966,species,1.0,rand_species,bird_data\clips\species\chloris_chloris\XC648953__s7000__e10000.wav,
chloris_chloris,648953,Chloris chloris,c:\Users\shado\Year3Projects\FYP\src\dataset\bird_data\raw\chloris_chloris\XC648953.mp3,13.0,16.0,-24.02418605318293,-24.475561899065156,species,Chloris chloris,European Greenfinch,0.9561907649040222,0.9561907649040222,species,1.0,rand_species,bird_data\clips\species\chloris_chloris\XC648953__s13000__e16000.wav,
chloris_chloris,648953,Chloris chloris,c:\Users\shado\Year3Projects\FYP\src\dataset\bird_data\raw\chloris_chloris\XC648953.mp3,16.0,19.0,-20.880531338284207,-24.475561899065156,drop,Jynx torquilla,Eurasian Wryneck,0.9925330877304077,0.9925330877304077,drop,0.0,,,
chloris_chloris,648953,Chloris chloris,c:\Users\shado\Year3Projects\FYP\src\dataset\bird_data\raw\chloris_chloris\XC648953.mp3,19.0,22.0,-23.140795969442046,-24.475561899065156,drop,Jynx torquilla,Eurasian Wryneck,0.9995649456977844,0.9995649456977844,drop,0.0,,,
chloris_chloris,648953,Chloris chloris,c:\Users\shado\Year3Projects\FYP\src\dataset\bird_data\raw\chloris_chloris\XC648953.mp3,25.0,28.0,-21.11310624144543,-24.475561899065156,drop,Jynx torquilla,Eurasian Wryneck,0.9299931526184082,0.9299931526184082,drop,0.0,,,
chloris_chloris,611194,Chloris chloris,c:\Users\shado\Year3Projects\FYP\src\dataset\bird_data\raw\chloris_chloris\XC611194.mp3,19.0,22.0,-50.62830179122063,-40.0,species,Chloris chloris,European Greenfinch,0.9827204346656799,0.9827204346656799,species,1.0,rand_species,bird_data\clips\species\chloris_chloris\XC611194__s19000__e22000.wav,
chloris_chloris,501210,Chloris chloris,c:\Users\shado\Year3Projects\FYP\src\dataset\bird_data\raw\chloris_chloris\XC501210.mp3,1.0,4.0,-25.910537863624068,-37.737804001860596,species,Chloris chloris,European Greenfinch,0.9988441467285156,0.9988441467285156,species,1.0,rand_species,bird_data\clips\species\chloris_chloris\XC501210__s1000__e4000.wav,
chloris_chloris,501210,Chloris chloris,c:\Users\shado\Year3Projects\FYP\src\dataset\bird_data\raw\chloris_chloris\XC501210.mp3,7.0,10.0,-24.392602589677054,-37.737804001860596,species,Chloris chloris,European Greenfinch,0.8653780817985535,0.8653780817985535,species,1.0,rand_species,bird_data\clips\species\chloris_chloris\XC501210__s7000__e10000.wav,
chloris_chloris,501210,Chloris chloris,c:\Users\shado\Year3Projects\FYP\src\dataset\bird_data\raw\chloris_chloris\XC501210.mp3,10.0,13.0,-24.20438352672145,-37.737804001860596,species,Chloris chloris,European Greenfinch,0.9785133600234985,0.9785133600234985,species,0.0,,,
chloris_chloris,501210,Chloris chloris,c:\Users\shado\Year3Projects\FYP\src\dataset\bird_data\raw\chloris_chloris\XC501210.mp3,13.0,16.0,-20.87493178630405,-37.737804001860596,species,Chloris chloris,European Greenfinch,0.7278375029563904,0.7278375029563904,species,0.0,,,
chloris_chloris,501210,Chloris chloris,c:\Users\shado\Year3Projects\FYP\src\dataset\bird_data\raw\chloris_chloris\XC501210.mp3,16.0,19.0,-23.69920822741455,-37.737804001860596,species,Chloris chloris,European Greenfinch,0.9698888063430786,0.9698888063430786,species,0.0,,,
chloris_chloris,501210,Chloris chloris,c:\Users\shado\Year3Projects\FYP\src\dataset\bird_data\raw\chloris_chloris\XC501210.mp3,22.0,25.0,-19.813510125621665,-37.737804001860596,species,Chloris chloris,European Greenfinch,0.998492956161499,0.998492956161499,species,1.0,rand_species,bird_data\clips\species\chloris_chloris\XC501210__s22000__e25000.wav,
chloris_chloris,672207,Chloris chloris,c:\Users\shado\Year3Projects\FYP\src\dataset\bird_data\raw\chloris_chloris\XC672207.mp3,10.0,13.0,-47.92966708220506,-40.0,species,Chloris chloris,European Greenfinch,0.9162415266036987,0.9162415266036987,species,1.0,rand_species,bird_data\clips\species\chloris_chloris\XC672207__s10000__e13000.wav,
chloris_chloris,385273,Chloris chloris,c:\Users\shado\Year3Projects\FYP\src\dataset\bird_data\raw\chloris_chloris\XC385273.mp3,7.0,10.0,-51.67506134386119,-40.0,species,Chloris chloris,European Greenfinch,0.8134816884994507,0.8134816884994507,species,1.0,rand_species,bird_data\clips\species\chloris_chloris\XC385273__s7000__e10000.wav,
chloris_chloris,776640,Chloris chloris,c:\Users\shado\Year3Projects\FYP\src\dataset\bird_data\raw\chloris_chloris\XC776640.mp3,1.0,4.0,-22.820569545611498,-26.394221686602346,drop,Turdus pilaris,Fieldfare,0.13582415878772736,0.13582415878772736,drop,0.0,,,
chloris_chloris,776640,Chloris chloris,c:\Users\shado\Year3Projects\FYP\src\dataset\bird_data\raw\chloris_chloris\XC776640.mp3,4.0,7.0,-21.056199310911094,-26.394221686602346,non_bird,,,0.0,0.0,non_bird,1.0,nonbird_lowconf,bird_data\clips\non_bird\chloris_chloris\XC776640__s4000__e7000.wav,
chloris_chloris,776640,Chloris chloris,c:\Users\shado\Year3Projects\FYP\src\dataset\bird_data\raw\chloris_chloris\XC776640.mp3,7.0,10.0,-25.586028286004982,-26.394221686602346,drop,Fringilla montifringilla,Brambling,0.1276935189962387,0.1276935189962387,drop,0.0,,,
chloris_chloris,776640,Chloris chloris,c:\Users\shado\Year3Projects\FYP\src\dataset\bird_data\raw\chloris_chloris\XC776640.mp3,13.0,16.0,-26.390672019609905,-26.394221686602346,drop,Serinus serinus,European Serin,0.12383165955543518,0.12383165955543518,drop,0.0,,,
chloris_chloris,776640,Chloris chloris,c:\Users\shado\Year3Projects\FYP\src\dataset\bird_data\raw\chloris_chloris\XC776640.mp3,22.0,25.0,-26.369918662508187,-26.394221686602346,drop,Estrilda astrild,Common Waxbill,0.143861323595047,0.143861323595047,drop,0.0,,,
chloris_chloris,944528,Chloris chloris,c:\Users\shado\Year3Projects\FYP\src\dataset\bird_data\raw\chloris_chloris\XC944528.mp3,1.0,4.0,-34.50535690870153,-36.322424106233115,species,Chloris chloris,European Greenfinch,0.9288656711578369,0.9288656711578369,species,1.0,rand_species,bird_data\clips\species\chloris_chloris\XC944528__s1000__e4000.wav,
chloris_chloris,944528,Chloris chloris,c:\Users\shado\Year3Projects\FYP\src\dataset\bird_data\raw\chloris_chloris\XC944528.mp3,4.0,7.0,-36.02242698861603,-36.322424106233115,species,Chloris chloris,European Greenfinch,0.39616453647613525,0.39616453647613525,species,1.0,rand_species,bird_data\clips\species\chloris_chloris\XC944528__s4000__e7000.wav,
chloris_chloris,856208,Chloris chloris,c:\Users\shado\Year3Projects\FYP\src\dataset\bird_data\raw\chloris_chloris\XC856208.mp3,1.0,4.0,-24.0082411163744,-25.66601607346194,species,Chloris chloris,European Greenfinch,0.8092318773269653,0.8092318773269653,species,0.0,,,
chloris_chloris,856208,Chloris chloris,c:\Users\shado\Year3Projects\FYP\src\dataset\bird_data\raw\chloris_chloris\XC856208.mp3,4.0,7.0,-24.096758021729517,-25.66601607346194,species,Chloris chloris,European Greenfinch,0.9832978248596191,0.9832978248596191,species,1.0,rand_species,bird_data\clips\species\chloris_chloris\XC856208__s4000__e7000.wav,
chloris_chloris,856208,Chloris chloris,c:\Users\shado\Year3Projects\FYP\src\dataset\bird_data\raw\chloris_chloris\XC856208.mp3,7.0,10.0,-23.59669612484859,-25.66601607346194,species,Chloris chloris,European Greenfinch,0.938962459564209,0.938962459564209,species,1.0,rand_species,bird_data\clips\species\chloris_chloris\XC856208__s7000__e10000.wav,
chloris_chloris,856208,Chloris chloris,c:\Users\shado\Year3Projects\FYP\src\dataset\bird_data\raw\chloris_chloris\XC856208.mp3,16.0,19.0,-25.576951559553315,-25.66601607346194,species,Chloris chloris,European Greenfinch,0.9912188649177551,0.9912188649177551,species,1.0,rand_species,bird_data\clips\species\chloris_chloris\XC856208__s16000__e19000.wav,
chloris_chloris,977964,Chloris chloris,c:\Users\shado\Year3Projects\FYP\src\dataset\bird_data\raw\chloris_chloris\XC977964.mp3,1.0,4.0,-28.269741617705783,-31.95164460724516,species,Chloris chloris,European Greenfinch,0.9799481630325317,0.9799481630325317,species,0.0,,,
chloris_chloris,977964,Chloris chloris,c:\Users\shado\Year3Projects\FYP\src\dataset\bird_data\raw\chloris_chloris\XC977964.mp3,4.0,7.0,-26.407028744745674,-31.95164460724516,species,Chloris chloris,European Greenfinch,0.9956703186035156,0.9956703186035156,species,0.0,,,
chloris_chloris,977964,Chloris chloris,c:\Users\shado\Year3Projects\FYP\src\dataset\bird_data\raw\chloris_chloris\XC977964.mp3,10.0,13.0,-31.409578584983553,-31.95164460724516,non_bird,,,0.0,0.0,non_bird,1.0,nonbird_lowconf,bird_data\clips\non_bird\chloris_chloris\XC977964__s10000__e13000.wav,
chloris_chloris,977964,Chloris chloris,c:\Users\shado\Year3Projects\FYP\src\dataset\bird_data\raw\chloris_chloris\XC977964.mp3,16.0,19.0,-29.332337248827784,-31.95164460724516,species,Chloris chloris,European Greenfinch,0.9819198250770569,0.9819198250770569,species,1.0,rand_species,bird_data\clips\species\chloris_chloris\XC977964__s16000__e19000.wav,
chloris_chloris,977964,Chloris chloris,c:\Users\shado\Year3Projects\FYP\src\dataset\bird_data\raw\chloris_chloris\XC977964.mp3,19.0,22.0,-30.868818247692552,-31.95164460724516,species,Chloris chloris,European Greenfinch,0.5295964479446411,0.5295964479446411,species,1.0,rand_species,bird_data\clips\species\chloris_chloris\XC977964__s19000__e22000.wav,
chloris_chloris,977964,Chloris chloris,c:\Users\shado\Year3Projects\FYP\src\dataset\bird_data\raw\chloris_chloris\XC977964.mp3,25.0,28.0,-30.13288446957914,-31.95164460724516,species,Chloris chloris,European Greenfinch,0.994507372379303,0.994507372379303,species,1.0,rand_species,bird_data\clips\species\chloris_chloris\XC977964__s25000__e28000.wav,
chloris_chloris,610912,Chloris chloris,c:\Users\shado\Year3Projects\FYP\src\dataset\bird_data\raw\chloris_chloris\XC610912.mp3,1.0,4.0,-43.67401111115055,-40.0,drop,Synallaxis scutata,Ochre-cheeked Spinetail,0.6950013637542725,0.6950013637542725,drop,0.0,,,
chloris_chloris,898912,Chloris chloris,c:\Users\shado\Year3Projects\FYP\src\dataset\bird_data\raw\chloris_chloris\XC898912.mp3,4.0,7.0,-27.977134004012186,-34.6959533764706,species,Chloris chloris,European Greenfinch,0.9659880995750427,0.9659880995750427,species,1.0,rand_species,bird_data\clips\species\chloris_chloris\XC898912__s4000__e7000.wav,
chloris_chloris,898912,Chloris chloris,c:\Users\shado\Year3Projects\FYP\src\dataset\bird_data\raw\chloris_chloris\XC898912.mp3,10.0,13.0,-28.567106897767466,-34.6959533764706,species,Chloris chloris,European Greenfinch,0.9064659476280212,0.9064659476280212,species,1.0,rand_species,bird_data\clips\species\chloris_chloris\XC898912__s10000__e13000.wav,
chloris_chloris,898912,Chloris chloris,c:\Users\shado\Year3Projects\FYP\src\dataset\bird_data\raw\chloris_chloris\XC898912.mp3,13.0,16.0,-28.52284886881133,-34.6959533764706,drop,Phylloscopus bonelli,Western Bonelli's Warbler,0.11784594506025314,0.11784594506025314,drop,0.0,,,
chloris_chloris,898912,Chloris chloris,c:\Users\shado\Year3Projects\FYP\src\dataset\bird_data\raw\chloris_chloris\XC898912.mp3,16.0,19.0,-30.724289580599923,-34.6959533764706,drop,Phylloscopus borealis,Arctic Warbler,0.3721177577972412,0.3721177577972412,drop,0.0,,,
chloris_chloris,898912,Chloris chloris,c:\Users\shado\Year3Projects\FYP\src\dataset\bird_data\raw\chloris_chloris\XC898912.mp3,19.0,22.0,-31.678433441100992,-34.6959533764706,drop,Setophaga pinus,Pine Warbler,0.10821428894996643,0.10821428894996643,drop,0.0,,,
chloris_chloris,898912,Chloris chloris,c:\Users\shado\Year3Projects\FYP\src\dataset\bird_data\raw\chloris_chloris\XC898912.mp3,25.0,28.0,-33.75497472508203,-34.6959533764706,species,Chloris chloris,European Greenfinch,0.971007764339447,0.971007764339447,species,1.0,rand_species,bird_data\clips\species\chloris_chloris\XC898912__s25000__e28000.wav,
chloris_chloris,534274,Chloris chloris,c:\Users\shado\Year3Projects\FYP\src\dataset\bird_data\raw\chloris_chloris\XC534274.mp3,1.0,4.0,-26.60275069395659,-29.17895705273253,species,Chloris chloris,European Greenfinch,0.8980852365493774,0.8980852365493774,species,1.0,rand_species,bird_data\clips\species\chloris_chloris\XC534274__s1000__e4000.wav,
chloris_chloris,534274,Chloris chloris,c:\Users\shado\Year3Projects\FYP\src\dataset\bird_data\raw\chloris_chloris\XC534274.mp3,4.0,7.0,-28.17975726464541,-29.17895705273253,species,Chloris chloris,European Greenfinch,0.9613509178161621,0.9613509178161621,species,1.0,rand_species,bird_data\clips\species\chloris_chloris\XC534274__s4000__e7000.wav,
chloris_chloris,534274,Chloris chloris,c:\Users\shado\Year3Projects\FYP\src\dataset\bird_data\raw\chloris_chloris\XC534274.mp3,7.0,10.0,-25.857087309221967,-29.17895705273253,drop,Synallaxis scutata,Ochre-cheeked Spinetail,0.964189887046814,0.964189887046814,drop,0.0,,,
chloris_chloris,534274,Chloris chloris,c:\Users\shado\Year3Projects\FYP\src\dataset\bird_data\raw\chloris_chloris\XC534274.mp3,10.0,13.0,-26.763841038306538,-29.17895705273253,species,Chloris chloris,European Greenfinch,0.45228639245033264,0.45228639245033264,species,1.0,rand_species,bird_data\clips\species\chloris_chloris\XC534274__s10000__e13000.wav,
chloris_chloris,534274,Chloris chloris,c:\Users\shado\Year3Projects\FYP\src\dataset\bird_data\raw\chloris_chloris\XC534274.mp3,16.0,19.0,-28.048698366897085,-29.17895705273253,species,Chloris chloris,European Greenfinch,0.5599624514579773,0.5599624514579773,species,0.0,,,
chloris_chloris,534274,Chloris chloris,c:\Users\shado\Year3Projects\FYP\src\dataset\bird_data\raw\chloris_chloris\XC534274.mp3,19.0,22.0,-27.47950025765617,-29.17895705273253,species,Chloris chloris,European Greenfinch,0.6628746390342712,0.6628746390342712,species,0.0,,,
chloris_chloris,573896,Chloris chloris,c:\Users\shado\Year3Projects\FYP\src\dataset\bird_data\raw\chloris_chloris\XC573896.mp3,1.0,4.0,-39.1869211799231,-40.0,species,Chloris chloris,European Greenfinch,0.3717302680015564,0.3717302680015564,species,1.0,rand_species,bird_data\clips\species\chloris_chloris\XC573896__s1000__e4000.wav,
chloris_chloris,573896,Chloris chloris,c:\Users\shado\Year3Projects\FYP\src\dataset\bird_data\raw\chloris_chloris\XC573896.mp3,4.0,7.0,-38.28362012671814,-40.0,drop,Progne subis,Purple Martin,0.4432881772518158,0.4432881772518158,drop,0.0,,,
chloris_chloris,188940,Chloris chloris,c:\Users\shado\Year3Projects\FYP\src\dataset\bird_data\raw\chloris_chloris\XC188940.mp3,1.0,4.0,-23.87703412129146,-24.76045306303936,drop,Chloris chloris,European Greenfinch,0.22020339965820312,0.22020339965820312,drop,0.0,,,
chloris_chloris,188940,Chloris chloris,c:\Users\shado\Year3Projects\FYP\src\dataset\bird_data\raw\chloris_chloris\XC188940.mp3,7.0,10.0,-22.11350941755644,-24.76045306303936,drop,Chloris chloris,European Greenfinch,0.19988200068473816,0.19988200068473816,drop,0.0,,,
chloris_chloris,188940,Chloris chloris,c:\Users\shado\Year3Projects\FYP\src\dataset\bird_data\raw\chloris_chloris\XC188940.mp3,10.0,13.0,-21.611386629656742,-24.76045306303936,species,Chloris chloris,European Greenfinch,0.546822726726532,0.546822726726532,species,1.0,rand_species,bird_data\clips\species\chloris_chloris\XC188940__s10000__e13000.wav,
chloris_chloris,188940,Chloris chloris,c:\Users\shado\Year3Projects\FYP\src\dataset\bird_data\raw\chloris_chloris\XC188940.mp3,16.0,19.0,-24.5015324917596,-24.76045306303936,drop,Chloris chloris,European Greenfinch,0.14300522208213806,0.14300522208213806,drop,0.0,,,
chloris_chloris,667218,Chloris chloris,c:\Users\shado\Year3Projects\FYP\src\dataset\bird_data\raw\chloris_chloris\XC667218.mp3,1.0,4.0,-46.37270269872176,-40.0,drop,Chloris chloris,European Greenfinch,0.10796783864498138,0.10796783864498138,drop,0.0,,,
chloris_chloris,337152,Chloris chloris,c:\Users\shado\Year3Projects\FYP\src\dataset\bird_data\raw\chloris_chloris\XC337152.mp3,1.0,4.0,-52.79850753349287,-40.0,species,Chloris chloris,European Greenfinch,0.7218530178070068,0.7218530178070068,species,1.0,rand_species,bird_data\clips\species\chloris_chloris\XC337152__s1000__e4000.wav,
chloris_chloris,770727,Chloris chloris,c:\Users\shado\Year3Projects\FYP\src\dataset\bird_data\raw\chloris_chloris\XC770727.mp3,29.0,32.0,-42.14633513671838,-40.0,species,Chloris chloris,European Greenfinch,0.430992990732193,0.430992990732193,species,1.0,rand_species,bird_data\clips\species\chloris_chloris\XC770727__s29000__e32000.wav,
chloris_chloris,881814,Chloris chloris,c:\Users\shado\Year3Projects\FYP\src\dataset\bird_data\raw\chloris_chloris\XC881814.mp3,19.0,22.0,-46.618935432723276,-40.0,species,Chloris chloris,European Greenfinch,0.5634532570838928,0.5634532570838928,species,1.0,rand_species,bird_data\clips\species\chloris_chloris\XC881814__s19000__e22000.wav,
chloris_chloris,777342,Chloris chloris,c:\Users\shado\Year3Projects\FYP\src\dataset\bird_data\raw\chloris_chloris\XC777342.mp3,7.0,10.0,-39.768272462621624,-40.0,species,Chloris chloris,European Greenfinch,0.8003517985343933,0.8003517985343933,species,1.0,rand_species,bird_data\clips\species\chloris_chloris\XC777342__s7000__e10000.wav,
chloris_chloris,977963,Chloris chloris,c:\Users\shado\Year3Projects\FYP\src\dataset\bird_data\raw\chloris_chloris\XC977963.mp3,1.0,4.0,-29.255951953539267,-31.084041103329273,species,Chloris chloris,European Greenfinch,0.9710586667060852,0.9710586667060852,species,1.0,rand_species,bird_data\clips\species\chloris_chloris\XC977963__s1000__e4000.wav,
chloris_chloris,977963,Chloris chloris,c:\Users\shado\Year3Projects\FYP\src\dataset\bird_data\raw\chloris_chloris\XC977963.mp3,4.0,7.0,-31.017558246376353,-31.084041103329273,species,Chloris chloris,European Greenfinch,0.7324671149253845,0.7324671149253845,species,1.0,rand_species,bird_data\clips\species\chloris_chloris\XC977963__s4000__e7000.wav,
chloris_chloris,977963,Chloris chloris,c:\Users\shado\Year3Projects\FYP\src\dataset\bird_data\raw\chloris_chloris\XC977963.mp3,10.0,13.0,-29.714217133750928,-31.084041103329273,species,Chloris chloris,European Greenfinch,0.9530309438705444,0.9530309438705444,species,1.0,rand_species,bird_data\clips\species\chloris_chloris\XC977963__s10000__e13000.wav,
chloris_chloris,539067,Chloris chloris,c:\Users\shado\Year3Projects\FYP\src\dataset\bird_data\raw\chloris_chloris\XC539067.mp3,1.0,4.0,-35.25102916708653,-36.69739931132798,non_bird,,,0.0,0.0,non_bird,1.0,nonbird_lowconf,bird_data\clips\non_bird\chloris_chloris\XC539067__s1000__e4000.wav,
chloris_chloris,539067,Chloris chloris,c:\Users\shado\Year3Projects\FYP\src\dataset\bird_data\raw\chloris_chloris\XC539067.mp3,4.0,7.0,-33.4427938735797,-36.69739931132798,species,Chloris chloris,European Greenfinch,0.9873637557029724,0.9873637557029724,species,1.0,rand_species,bird_data\clips\species\chloris_chloris\XC539067__s4000__e7000.wav,
chloris_chloris,539067,Chloris chloris,c:\Users\shado\Year3Projects\FYP\src\dataset\bird_data\raw\chloris_chloris\XC539067.mp3,10.0,13.0,-32.855603724358446,-36.69739931132798,species,Chloris chloris,European Greenfinch,0.9853011965751648,0.9853011965751648,species,1.0,rand_species,bird_data\clips\species\chloris_chloris\XC539067__s10000__e13000.wav,
chloris_chloris,539067,Chloris chloris,c:\Users\shado\Year3Projects\FYP\src\dataset\bird_data\raw\chloris_chloris\XC539067.mp3,16.0,19.0,-33.523838795587785,-36.69739931132798,species,Chloris chloris,European Greenfinch,0.9897320866584778,0.9897320866584778,species,0.0,,,
chloris_chloris,539067,Chloris chloris,c:\Users\shado\Year3Projects\FYP\src\dataset\bird_data\raw\chloris_chloris\XC539067.mp3,22.0,25.0,-32.484423566458304,-36.69739931132798,species,Chloris chloris,European Greenfinch,0.9812536835670471,0.9812536835670471,species,0.0,,,
chloris_chloris,539067,Chloris chloris,c:\Users\shado\Year3Projects\FYP\src\dataset\bird_data\raw\chloris_chloris\XC539067.mp3,25.0,28.0,-28.530993627463992,-36.69739931132798,species,Chloris chloris,European Greenfinch,0.9857745170593262,0.9857745170593262,species,1.0,rand_species,bird_data\clips\species\chloris_chloris\XC539067__s25000__e28000.wav,
chloris_chloris,791040,Chloris chloris,c:\Users\shado\Year3Projects\FYP\src\dataset\bird_data\raw\chloris_chloris\XC791040.mp3,1.0,4.0,-17.599840171799425,-29.40140235348334,species,Chloris chloris,European Greenfinch,0.9996954202651978,0.9996954202651978,species,1.0,rand_species,bird_data\clips\species\chloris_chloris\XC791040__s1000__e4000.wav,
chloris_chloris,791040,Chloris chloris,c:\Users\shado\Year3Projects\FYP\src\dataset\bird_data\raw\chloris_chloris\XC791040.mp3,4.0,7.0,-19.46779609971023,-29.40140235348334,species,Chloris chloris,European Greenfinch,0.9998207688331604,0.9998207688331604,species,1.0,rand_species,bird_data\clips\species\chloris_chloris\XC791040__s4000__e7000.wav,
chloris_chloris,791040,Chloris chloris,c:\Users\shado\Year3Projects\FYP\src\dataset\bird_data\raw\chloris_chloris\XC791040.mp3,7.0,10.0,-27.631180237515945,-29.40140235348334,species,Chloris chloris,European Greenfinch,0.9794872403144836,0.9794872403144836,species,0.0,,,
chloris_chloris,791040,Chloris chloris,c:\Users\shado\Year3Projects\FYP\src\dataset\bird_data\raw\chloris_chloris\XC791040.mp3,10.0,13.0,-19.612418429618558,-29.40140235348334,species,Chloris chloris,European Greenfinch,0.9983856678009033,0.9983856678009033,species,0.0,,,
chloris_chloris,791040,Chloris chloris,c:\Users\shado\Year3Projects\FYP\src\dataset\bird_data\raw\chloris_chloris\XC791040.mp3,13.0,16.0,-24.734475800743674,-29.40140235348334,species,Chloris chloris,European Greenfinch,0.9939223527908325,0.9939223527908325,species,0.0,,,
chloris_chloris,791040,Chloris chloris,c:\Users\shado\Year3Projects\FYP\src\dataset\bird_data\raw\chloris_chloris\XC791040.mp3,16.0,19.0,-22.425731880465243,-29.40140235348334,species,Chloris chloris,European Greenfinch,0.9966890215873718,0.9966890215873718,species,1.0,rand_species,bird_data\clips\species\chloris_chloris\XC791040__s16000__e19000.wav,
chloris_chloris,381181,Chloris chloris,c:\Users\shado\Year3Projects\FYP\src\dataset\bird_data\raw\chloris_chloris\XC381181.mp3,26.0,29.0,-23.48828697237142,-25.440829500492036,species,Chloris chloris,European Greenfinch,0.8493568897247314,0.8493568897247314,species,1.0,rand_species,bird_data\clips\species\chloris_chloris\XC381181__s26000__e29000.wav,
chloris_chloris,381181,Chloris chloris,c:\Users\shado\Year3Projects\FYP\src\dataset\bird_data\raw\chloris_chloris\XC381181.mp3,32.0,35.0,-24.51223258976215,-25.440829500492036,species,Chloris chloris,European Greenfinch,0.6792082786560059,0.6792082786560059,species,0.0,,,
chloris_chloris,381181,Chloris chloris,c:\Users\shado\Year3Projects\FYP\src\dataset\bird_data\raw\chloris_chloris\XC381181.mp3,35.0,38.0,-23.995437114658284,-25.440829500492036,species,Chloris chloris,European Greenfinch,0.972657322883606,0.972657322883606,species,1.0,rand_species,bird_data\clips\species\chloris_chloris\XC381181__s35000__e38000.wav,
chloris_chloris,381181,Chloris chloris,c:\Users\shado\Year3Projects\FYP\src\dataset\bird_data\raw\chloris_chloris\XC381181.mp3,41.0,44.0,-20.728843624624318,-25.440829500492036,drop,Phylloscopus bonelli,Western Bonelli's Warbler,0.2917531132698059,0.2917531132698059,drop,0.0,,,
chloris_chloris,381181,Chloris chloris,c:\Users\shado\Year3Projects\FYP\src\dataset\bird_data\raw\chloris_chloris\XC381181.mp3,47.0,50.0,-22.042842113109067,-25.440829500492036,non_bird,,,0.0,0.0,non_bird,1.0,nonbird_lowconf,bird_data\clips\non_bird\chloris_chloris\XC381181__s47000__e50000.wav,
chloris_chloris,381181,Chloris chloris,c:\Users\shado\Year3Projects\FYP\src\dataset\bird_data\raw\chloris_chloris\XC381181.mp3,50.0,53.0,-20.42712690771519,-25.440829500492036,species,Chloris chloris,European Greenfinch,0.9411948323249817,0.9411948323249817,species,1.0,rand_species,bird_data\clips\species\chloris_chloris\XC381181__s50000__e53000.wav,
chloris_chloris,568912,Chloris chloris,c:\Users\shado\Year3Projects\FYP\src\dataset\bird_data\raw\chloris_chloris\XC568912.mp3,16.0,19.0,-50.31227400048714,-40.0,non_bird,,,0.0,0.0,non_bird,1.0,nonbird_lowconf,bird_data\clips\non_bird\chloris_chloris\XC568912__s16000__e19000.wav,
chloris_chloris,143274,Chloris chloris,c:\Users\shado\Year3Projects\FYP\src\dataset\bird_data\raw\chloris_chloris\XC143274.mp3,6.0,9.0,-24.79219539177432,-26.59641239211811,species,Chloris chloris,European Greenfinch,0.997357189655304,0.997357189655304,species,0.0,,,
chloris_chloris,143274,Chloris chloris,c:\Users\shado\Year3Projects\FYP\src\dataset\bird_data\raw\chloris_chloris\XC143274.mp3,9.0,12.0,-25.55166027900768,-26.59641239211811,species,Chloris chloris,European Greenfinch,0.9546432495117188,0.9546432495117188,species,0.0,,,
chloris_chloris,143274,Chloris chloris,c:\Users\shado\Year3Projects\FYP\src\dataset\bird_data\raw\chloris_chloris\XC143274.mp3,12.0,15.0,-22.92137261671899,-26.59641239211811,species,Chloris chloris,European Greenfinch,0.9998995065689087,0.9998995065689087,species,1.0,rand_species,bird_data\clips\species\chloris_chloris\XC143274__s12000__e15000.wav,
chloris_chloris,143274,Chloris chloris,c:\Users\shado\Year3Projects\FYP\src\dataset\bird_data\raw\chloris_chloris\XC143274.mp3,15.0,18.0,-23.286785058683957,-26.59641239211811,species,Chloris chloris,European Greenfinch,0.9915419816970825,0.9915419816970825,species,1.0,rand_species,bird_data\clips\species\chloris_chloris\XC143274__s15000__e18000.wav,
chloris_chloris,143274,Chloris chloris,c:\Users\shado\Year3Projects\FYP\src\dataset\bird_data\raw\chloris_chloris\XC143274.mp3,18.0,21.0,-22.98471329634627,-26.59641239211811,species,Chloris chloris,European Greenfinch,0.987176239490509,0.987176239490509,species,0.0,,,
chloris_chloris,143274,Chloris chloris,c:\Users\shado\Year3Projects\FYP\src\dataset\bird_data\raw\chloris_chloris\XC143274.mp3,30.0,33.0,-24.6326606391702,-26.59641239211811,species,Chloris chloris,European Greenfinch,0.9928836822509766,0.9928836822509766,species,1.0,rand_species,bird_data\clips\species\chloris_chloris\XC143274__s30000__e33000.wav,
chloris_chloris,667217,Chloris chloris,c:\Users\shado\Year3Projects\FYP\src\dataset\bird_data\raw\chloris_chloris\XC667217.mp3,27.0,30.0,-46.27144123295797,-40.0,drop,Chloris chloris,European Greenfinch,0.2644990086555481,0.2644990086555481,drop,0.0,,,
chloris_chloris,109675,Chloris chloris,c:\Users\shado\Year3Projects\FYP\src\dataset\bird_data\raw\chloris_chloris\XC109675.mp3,4.0,7.0,-41.43413564498636,-40.0,drop,Furnarius figulus,Wing-banded Hornero,0.10762327909469604,0.10762327909469604,drop,0.0,,,
chloris_chloris,732701,Chloris chloris,c:\Users\shado\Year3Projects\FYP\src\dataset\bird_data\raw\chloris_chloris\XC732701.mp3,1.0,4.0,-31.374820157252156,-31.374820157252156,species,Chloris chloris,European Greenfinch,0.7028555870056152,0.7028555870056152,species,1.0,rand_species,bird_data\clips\species\chloris_chloris\XC732701__s1000__e4000.wav,
chloris_chloris,859072,Chloris chloris,c:\Users\shado\Year3Projects\FYP\src\dataset\bird_data\raw\chloris_chloris\XC859072.mp3,1.0,4.0,-25.81289669560999,-25.81289669560999,species,Chloris chloris,European Greenfinch,0.5794968008995056,0.5794968008995056,species,1.0,rand_species,bird_data\clips\species\chloris_chloris\XC859072__s1000__e4000.wav,
chloris_chloris,618077,Chloris chloris,c:\Users\shado\Year3Projects\FYP\src\dataset\bird_data\raw\chloris_chloris\XC618077.mp3,1.0,4.0,-26.89135710727819,-30.857938645411643,species,Chloris chloris,European Greenfinch,0.9980975985527039,0.9980975985527039,species,1.0,rand_species,bird_data\clips\species\chloris_chloris\XC618077__s1000__e4000.wav,
chloris_chloris,618077,Chloris chloris,c:\Users\shado\Year3Projects\FYP\src\dataset\bird_data\raw\chloris_chloris\XC618077.mp3,4.0,7.0,-30.07563565952011,-30.857938645411643,drop,Chloris chloris,European Greenfinch,0.15520904958248138,0.15520904958248138,drop,0.0,,,
chloris_chloris,880614,Chloris chloris,c:\Users\shado\Year3Projects\FYP\src\dataset\bird_data\raw\chloris_chloris\XC880614.mp3,16.0,19.0,-47.36159063916333,-40.0,species,Chloris chloris,European Greenfinch,0.8357278108596802,0.8357278108596802,species,1.0,rand_species,bird_data\clips\species\chloris_chloris\XC880614__s16000__e19000.wav,
chloris_chloris,462319,Chloris chloris,c:\Users\shado\Year3Projects\FYP\src\dataset\bird_data\raw\chloris_chloris\XC462319.mp3,1.0,4.0,-46.9337772231028,-40.0,species,Chloris chloris,European Greenfinch,0.36412566900253296,0.36412566900253296,species,1.0,rand_species,bird_data\clips\species\chloris_chloris\XC462319__s1000__e4000.wav,
chloris_chloris,640094,Chloris chloris,c:\Users\shado\Year3Projects\FYP\src\dataset\bird_data\raw\chloris_chloris\XC640094.mp3,7.0,10.0,-25.48613745997565,-31.095940463813957,species,Chloris chloris,European Greenfinch,0.9999468326568604,0.9999468326568604,species,0.0,,,
chloris_chloris,640094,Chloris chloris,c:\Users\shado\Year3Projects\FYP\src\dataset\bird_data\raw\chloris_chloris\XC640094.mp3,10.0,13.0,-27.097898206644423,-31.095940463813957,species,Chloris chloris,European Greenfinch,0.999518632888794,0.999518632888794,species,1.0,rand_species,bird_data\clips\species\chloris_chloris\XC640094__s10000__e13000.wav,
chloris_chloris,640094,Chloris chloris,c:\Users\shado\Year3Projects\FYP\src\dataset\bird_data\raw\chloris_chloris\XC640094.mp3,13.0,16.0,-25.301232451034753,-31.095940463813957,species,Chloris chloris,European Greenfinch,0.9998793601989746,0.9998793601989746,species,1.0,rand_species,bird_data\clips\species\chloris_chloris\XC640094__s13000__e16000.wav,
chloris_chloris,640094,Chloris chloris,c:\Users\shado\Year3Projects\FYP\src\dataset\bird_data\raw\chloris_chloris\XC640094.mp3,16.0,19.0,-29.540313547720025,-31.095940463813957,species,Chloris chloris,European Greenfinch,0.9975910186767578,0.9975910186767578,species,1.0,rand_species,bird_data\clips\species\chloris_chloris\XC640094__s16000__e19000.wav,
chloris_chloris,310589,Chloris chloris,c:\Users\shado\Year3Projects\FYP\src\dataset\bird_data\raw\chloris_chloris\XC310589.mp3,1.0,4.0,-32.10475907743438,-32.214317209305854,drop,Acanthis flammea,Common Redpoll,0.6426777839660645,0.6426777839660645,drop,0.0,,,
chloris_chloris,310589,Chloris chloris,c:\Users\shado\Year3Projects\FYP\src\dataset\bird_data\raw\chloris_chloris\XC310589.mp3,4.0,7.0,-31.819052337017986,-32.214317209305854,species,Chloris chloris,European Greenfinch,0.8657050132751465,0.8657050132751465,species,1.0,rand_species,bird_data\clips\species\chloris_chloris\XC310589__s4000__e7000.wav,
chloris_chloris,310589,Chloris chloris,c:\Users\shado\Year3Projects\FYP\src\dataset\bird_data\raw\chloris_chloris\XC310589.mp3,7.0,10.0,-29.400215369249526,-32.214317209305854,species,Chloris chloris,European Greenfinch,0.9239294528961182,0.9239294528961182,species,0.0,,,
chloris_chloris,310589,Chloris chloris,c:\Users\shado\Year3Projects\FYP\src\dataset\bird_data\raw\chloris_chloris\XC310589.mp3,10.0,13.0,-28.94260394261464,-32.214317209305854,species,Chloris chloris,European Greenfinch,0.31954291462898254,0.31954291462898254,species,1.0,rand_species,bird_data\clips\species\chloris_chloris\XC310589__s10000__e13000.wav,
chloris_chloris,310589,Chloris chloris,c:\Users\shado\Year3Projects\FYP\src\dataset\bird_data\raw\chloris_chloris\XC310589.mp3,13.0,16.0,-28.357342322841575,-32.214317209305854,species,Chloris chloris,European Greenfinch,0.6411877274513245,0.6411877274513245,species,0.0,,,
chloris_chloris,310589,Chloris chloris,c:\Users\shado\Year3Projects\FYP\src\dataset\bird_data\raw\chloris_chloris\XC310589.mp3,16.0,19.0,-29.64616554490947,-32.214317209305854,species,Chloris chloris,European Greenfinch,0.4232180416584015,0.4232180416584015,species,1.0,rand_species,bird_data\clips\species\chloris_chloris\XC310589__s16000__e19000.wav,
chloris_chloris,1005318,Chloris chloris,c:\Users\shado\Year3Projects\FYP\src\dataset\bird_data\raw\chloris_chloris\XC1005318.mp3,1.0,4.0,-28.241012101433554,-34.50150579847347,species,Chloris chloris,European Greenfinch,0.9924152493476868,0.9924152493476868,species,1.0,rand_species,bird_data\clips\species\chloris_chloris\XC1005318__s1000__e4000.wav,
chloris_chloris,1005318,Chloris chloris,c:\Users\shado\Year3Projects\FYP\src\dataset\bird_data\raw\chloris_chloris\XC1005318.mp3,10.0,13.0,-33.52715086410364,-34.50150579847347,species,Chloris chloris,European Greenfinch,0.9861522912979126,0.9861522912979126,species,1.0,rand_species,bird_data\clips\species\chloris_chloris\XC1005318__s10000__e13000.wav,
chloris_chloris,1005318,Chloris chloris,c:\Users\shado\Year3Projects\FYP\src\dataset\bird_data\raw\chloris_chloris\XC1005318.mp3,13.0,16.0,-29.43600258795417,-34.50150579847347,species,Chloris chloris,European Greenfinch,0.9995875954627991,0.9995875954627991,species,1.0,rand_species,bird_data\clips\species\chloris_chloris\XC1005318__s13000__e16000.wav,
chloris_chloris,1026857,Chloris chloris,c:\Users\shado\Year3Projects\FYP\src\dataset\bird_data\raw\chloris_chloris\XC1026857.mp3,1.0,4.0,-26.60887990678693,-27.376637895154904,drop,Progne chalybea,Gray-breasted Martin,0.29337552189826965,0.29337552189826965,drop,0.0,,,
chloris_chloris,1026857,Chloris chloris,c:\Users\shado\Year3Projects\FYP\src\dataset\bird_data\raw\chloris_chloris\XC1026857.mp3,4.0,7.0,-26.70716121752022,-27.376637895154904,drop,Progne chalybea,Gray-breasted Martin,0.16066163778305054,0.16066163778305054,drop,0.0,,,
chloris_chloris,1026857,Chloris chloris,c:\Users\shado\Year3Projects\FYP\src\dataset\bird_data\raw\chloris_chloris\XC1026857.mp3,7.0,10.0,-27.323441915367365,-27.376637895154904,drop,Formicivora grantsaui,Sincora Antwren,0.2785378396511078,0.2785378396511078,drop,0.0,,,
chloris_chloris,1026857,Chloris chloris,c:\Users\shado\Year3Projects\FYP\src\dataset\bird_data\raw\chloris_chloris\XC1026857.mp3,10.0,13.0,-26.970646059988734,-27.376637895154904,drop,Progne chalybea,Gray-breasted Martin,0.3771289885044098,0.3771289885044098,drop,0.0,,,
chloris_chloris,1026857,Chloris chloris,c:\Users\shado\Year3Projects\FYP\src\dataset\bird_data\raw\chloris_chloris\XC1026857.mp3,16.0,19.0,-27.130169953262616,-27.376637895154904,non_bird,,,0.0,0.0,non_bird,1.0,nonbird_lowconf,bird_data\clips\non_bird\chloris_chloris\XC1026857__s16000__e19000.wav,
chloris_chloris,1026857,Chloris chloris,c:\Users\shado\Year3Projects\FYP\src\dataset\bird_data\raw\chloris_chloris\XC1026857.mp3,19.0,22.0,-27.362362656063798,-27.376637895154904,drop,Progne chalybea,Gray-breasted Martin,0.2979818284511566,0.2979818284511566,drop,0.0,,,
chloris_chloris,667216,Chloris chloris,c:\Users\shado\Year3Projects\FYP\src\dataset\bird_data\raw\chloris_chloris\XC667216.mp3,7.0,10.0,-48.435452940580525,-40.0,species,Chloris chloris,European Greenfinch,0.4456654191017151,0.4456654191017151,species,1.0,rand_species,bird_data\clips\species\chloris_chloris\XC667216__s7000__e10000.wav,
chloris_chloris,694594,Chloris chloris,c:\Users\shado\Year3Projects\FYP\src\dataset\bird_data\raw\chloris_chloris\XC694594.mp3,7.0,10.0,-38.96179677145017,-40.0,species,Chloris chloris,European Greenfinch,0.7741703391075134,0.7741703391075134,species,1.0,rand_species,bird_data\clips\species\chloris_chloris\XC694594__s7000__e10000.wav,
chloris_chloris,694594,Chloris chloris,c:\Users\shado\Year3Projects\FYP\src\dataset\bird_data\raw\chloris_chloris\XC694594.mp3,10.0,13.0,-32.221114590274595,-40.0,species,Chloris chloris,European Greenfinch,0.915816068649292,0.915816068649292,species,1.0,rand_species,bird_data\clips\species\chloris_chloris\XC694594__s10000__e13000.wav,
chloris_chloris,694594,Chloris chloris,c:\Users\shado\Year3Projects\FYP\src\dataset\bird_data\raw\chloris_chloris\XC694594.mp3,13.0,16.0,-31.123192966684286,-40.0,species,Chloris chloris,European Greenfinch,0.8886823058128357,0.8886823058128357,species,1.0,rand_species,bird_data\clips\species\chloris_chloris\XC694594__s13000__e16000.wav,
chloris_chloris,856207,Chloris chloris,c:\Users\shado\Year3Projects\FYP\src\dataset\bird_data\raw\chloris_chloris\XC856207.mp3,1.0,4.0,-25.701645144229683,-28.11806107532655,drop,Chloris chloris,European Greenfinch,0.23466847836971283,0.23466847836971283,drop,0.0,,,
chloris_chloris,856207,Chloris chloris,c:\Users\shado\Year3Projects\FYP\src\dataset\bird_data\raw\chloris_chloris\XC856207.mp3,4.0,7.0,-26.394349902168038,-28.11806107532655,species,Chloris chloris,European Greenfinch,0.8019734025001526,0.8019734025001526,species,1.0,rand_species,bird_data\clips\species\chloris_chloris\XC856207__s4000__e7000.wav,
chloris_chloris,856207,Chloris chloris,c:\Users\shado\Year3Projects\FYP\src\dataset\bird_data\raw\chloris_chloris\XC856207.mp3,7.0,10.0,-24.749550398426386,-28.11806107532655,non_bird,,,0.0,0.0,non_bird,1.0,nonbird_lowconf,bird_data\clips\non_bird\chloris_chloris\XC856207__s7000__e10000.wav,
chloris_chloris,856207,Chloris chloris,c:\Users\shado\Year3Projects\FYP\src\dataset\bird_data\raw\chloris_chloris\XC856207.mp3,10.0,13.0,-26.93184720808526,-28.11806107532655,species,Chloris chloris,European Greenfinch,0.7175613045692444,0.7175613045692444,species,1.0,rand_species,bird_data\clips\species\chloris_chloris\XC856207__s10000__e13000.wav,
chloris_chloris,856207,Chloris chloris,c:\Users\shado\Year3Projects\FYP\src\dataset\bird_data\raw\chloris_chloris\XC856207.mp3,13.0,16.0,-23.7759510469608,-28.11806107532655,species,Chloris chloris,European Greenfinch,0.3652367889881134,0.3652367889881134,species,1.0,rand_species,bird_data\clips\species\chloris_chloris\XC856207__s13000__e16000.wav,
chloris_chloris,856207,Chloris chloris,c:\Users\shado\Year3Projects\FYP\src\dataset\bird_data\raw\chloris_chloris\XC856207.mp3,16.0,19.0,-25.396108859811225,-28.11806107532655,non_bird,,,0.0,0.0,non_bird,1.0,nonbird_lowconf,bird_data\clips\non_bird\chloris_chloris\XC856207__s16000__e19000.wav,
chloris_chloris,615975,Chloris chloris,c:\Users\shado\Year3Projects\FYP\src\dataset\bird_data\raw\chloris_chloris\XC615975.mp3,1.0,4.0,-61.88427707665855,-40.0,species,Chloris chloris,European Greenfinch,0.3498575687408447,0.3498575687408447,species,1.0,rand_species,bird_data\clips\species\chloris_chloris\XC615975__s1000__e4000.wav,
chloris_chloris,879027,Chloris chloris,c:\Users\shado\Year3Projects\FYP\src\dataset\bird_data\raw\chloris_chloris\XC879027.mp3,1.0,4.0,-25.344759173272035,-27.688873417441904,species,Chloris chloris,European Greenfinch,0.9635001420974731,0.9635001420974731,species,0.0,,,
chloris_chloris,879027,Chloris chloris,c:\Users\shado\Year3Projects\FYP\src\dataset\bird_data\raw\chloris_chloris\XC879027.mp3,7.0,10.0,-27.36000281048279,-27.688873417441904,species,Chloris chloris,European Greenfinch,0.992416501045227,0.992416501045227,species,0.0,,,
chloris_chloris,879027,Chloris chloris,c:\Users\shado\Year3Projects\FYP\src\dataset\bird_data\raw\chloris_chloris\XC879027.mp3,10.0,13.0,-27.636091617388296,-27.688873417441904,species,Chloris chloris,European Greenfinch,0.5277537107467651,0.5277537107467651,species,1.0,rand_species,bird_data\clips\species\chloris_chloris\XC879027__s10000__e13000.wav,
chloris_chloris,879027,Chloris chloris,c:\Users\shado\Year3Projects\FYP\src\dataset\bird_data\raw\chloris_chloris\XC879027.mp3,13.0,16.0,-24.196389774608456,-27.688873417441904,species,Chloris chloris,European Greenfinch,0.9685614705085754,0.9685614705085754,species,1.0,rand_species,bird_data\clips\species\chloris_chloris\XC879027__s13000__e16000.wav,
chloris_chloris,879027,Chloris chloris,c:\Users\shado\Year3Projects\FYP\src\dataset\bird_data\raw\chloris_chloris\XC879027.mp3,16.0,19.0,-25.45559923533723,-27.688873417441904,species,Chloris chloris,European Greenfinch,0.9417783617973328,0.9417783617973328,species,0.0,,,
chloris_chloris,879027,Chloris chloris,c:\Users\shado\Year3Projects\FYP\src\dataset\bird_data\raw\chloris_chloris\XC879027.mp3,25.0,28.0,-25.358934881279424,-27.688873417441904,species,Chloris chloris,European Greenfinch,0.9228902459144592,0.9228902459144592,species,1.0,rand_species,bird_data\clips\species\chloris_chloris\XC879027__s25000__e28000.wav,
chloris_chloris,233501,Chloris chloris,c:\Users\shado\Year3Projects\FYP\src\dataset\bird_data\raw\chloris_chloris\XC233501.mp3,1.0,4.0,-17.00267506321035,-17.595994774610002,drop,Luscinia svecica,Bluethroat,0.4427562952041626,0.4427562952041626,drop,0.0,,,
chloris_chloris,233501,Chloris chloris,c:\Users\shado\Year3Projects\FYP\src\dataset\bird_data\raw\chloris_chloris\XC233501.mp3,10.0,13.0,-16.80920107974185,-17.595994774610002,species,Chloris chloris,European Greenfinch,0.6219878196716309,0.6219878196716309,species,1.0,rand_species,bird_data\clips\species\chloris_chloris\XC233501__s10000__e13000.wav,
chloris_chloris,233501,Chloris chloris,c:\Users\shado\Year3Projects\FYP\src\dataset\bird_data\raw\chloris_chloris\XC233501.mp3,13.0,16.0,-14.693321995989045,-17.595994774610002,non_bird,,,0.0,0.0,non_bird,1.0,nonbird_lowconf,bird_data\clips\non_bird\chloris_chloris\XC233501__s13000__e16000.wav,
chloris_chloris,233501,Chloris chloris,c:\Users\shado\Year3Projects\FYP\src\dataset\bird_data\raw\chloris_chloris\XC233501.mp3,19.0,22.0,-14.095403837889066,-17.595994774610002,species,Chloris chloris,European Greenfinch,0.9021245241165161,0.9021245241165161,species,1.0,rand_species,bird_data\clips\species\chloris_chloris\XC233501__s19000__e22000.wav,
chloris_chloris,233501,Chloris chloris,c:\Users\shado\Year3Projects\FYP\src\dataset\bird_data\raw\chloris_chloris\XC233501.mp3,22.0,25.0,-12.85261224730637,-17.595994774610002,non_bird,,,0.0,0.0,non_bird,1.0,nonbird_lowconf,bird_data\clips\non_bird\chloris_chloris\XC233501__s22000__e25000.wav,
chloris_chloris,233501,Chloris chloris,c:\Users\shado\Year3Projects\FYP\src\dataset\bird_data\raw\chloris_chloris\XC233501.mp3,25.0,28.0,-11.987804143028814,-17.595994774610002,drop,Chloris chloris,European Greenfinch,0.18458367884159088,0.18458367884159088,drop,0.0,,,
chloris_chloris,637117,Chloris chloris,c:\Users\shado\Year3Projects\FYP\src\dataset\bird_data\raw\chloris_chloris\XC637117.mp3,1.0,4.0,-26.195882485244066,-35.68217897874612,species,Chloris chloris,European Greenfinch,0.9993416666984558,0.9993416666984558,species,1.0,rand_species,bird_data\clips\species\chloris_chloris\XC637117__s1000__e4000.wav,
chloris_chloris,263901,Chloris chloris,c:\Users\shado\Year3Projects\FYP\src\dataset\bird_data\raw\chloris_chloris\XC263901.mp3,1.0,4.0,-18.77996589098633,-25.729003180396287,species,Chloris chloris,European Greenfinch,0.9860414862632751,0.9860414862632751,species,1.0,rand_species,bird_data\clips\species\chloris_chloris\XC263901__s1000__e4000.wav,
chloris_chloris,263901,Chloris chloris,c:\Users\shado\Year3Projects\FYP\src\dataset\bird_data\raw\chloris_chloris\XC263901.mp3,4.0,7.0,-18.336202223960868,-25.729003180396287,species,Chloris chloris,European Greenfinch,0.9971659779548645,0.9971659779548645,species,1.0,rand_species,bird_data\clips\species\chloris_chloris\XC263901__s4000__e7000.wav,
chloris_chloris,263901,Chloris chloris,c:\Users\shado\Year3Projects\FYP\src\dataset\bird_data\raw\chloris_chloris\XC263901.mp3,10.0,13.0,-21.05668093904154,-25.729003180396287,species,Chloris chloris,European Greenfinch,0.9932913780212402,0.9932913780212402,species,1.0,rand_species,bird_data\clips\species\chloris_chloris\XC263901__s10000__e13000.wav,
chloris_chloris,263901,Chloris chloris,c:\Users\shado\Year3Projects\FYP\src\dataset\bird_data\raw\chloris_chloris\XC263901.mp3,13.0,16.0,-23.113681880937524,-25.729003180396287,species,Chloris chloris,European Greenfinch,0.9921277761459351,0.9921277761459351,species,0.0,,,
chloris_chloris,263901,Chloris chloris,c:\Users\shado\Year3Projects\FYP\src\dataset\bird_data\raw\chloris_chloris\XC263901.mp3,16.0,19.0,-24.98795646131049,-25.729003180396287,species,Chloris chloris,European Greenfinch,0.9760341048240662,0.9760341048240662,species,0.0,,,
chloris_chloris,1005317,Chloris chloris,c:\Users\shado\Year3Projects\FYP\src\dataset\bird_data\raw\chloris_chloris\XC1005317.mp3,1.0,4.0,-39.731467705875616,-40.0,species,Chloris chloris,European Greenfinch,0.9668675661087036,0.9668675661087036,species,1.0,rand_species,bird_data\clips\species\chloris_chloris\XC1005317__s1000__e4000.wav,
chloris_chloris,1005317,Chloris chloris,c:\Users\shado\Year3Projects\FYP\src\dataset\bird_data\raw\chloris_chloris\XC1005317.mp3,16.0,19.0,-27.753646555468947,-40.0,species,Chloris chloris,European Greenfinch,0.8995475172996521,0.8995475172996521,species,1.0,rand_species,bird_data\clips\species\chloris_chloris\XC1005317__s16000__e19000.wav,
chloris_chloris,1023245,Chloris chloris,c:\Users\shado\Year3Projects\FYP\src\dataset\bird_data\raw\chloris_chloris\XC1023245.mp3,4.0,7.0,-27.284462756357513,-27.341484426089668,drop,Piranga flava,Hepatic Tanager,0.20037706196308136,0.20037706196308136,drop,0.0,,,
chloris_chloris,1023245,Chloris chloris,c:\Users\shado\Year3Projects\FYP\src\dataset\bird_data\raw\chloris_chloris\XC1023245.mp3,7.0,10.0,-25.582376890278624,-27.341484426089668,drop,Ramphocelus bresilius,Brazilian Tanager,0.20076847076416016,0.20076847076416016,drop,0.0,,,
chloris_chloris,1023245,Chloris chloris,c:\Users\shado\Year3Projects\FYP\src\dataset\bird_data\raw\chloris_chloris\XC1023245.mp3,10.0,13.0,-25.877908591854517,-27.341484426089668,drop,Ramphocelus bresilius,Brazilian Tanager,0.15692639350891113,0.15692639350891113,drop,0.0,,,
chloris_chloris,1023245,Chloris chloris,c:\Users\shado\Year3Projects\FYP\src\dataset\bird_data\raw\chloris_chloris\XC1023245.mp3,13.0,16.0,-27.25113350973539,-27.341484426089668,drop,Columba palumbus,Common Wood-Pigeon,0.23320002853870392,0.23320002853870392,drop,0.0,,,
chloris_chloris,1023245,Chloris chloris,c:\Users\shado\Year3Projects\FYP\src\dataset\bird_data\raw\chloris_chloris\XC1023245.mp3,22.0,25.0,-26.7932786691971,-27.341484426089668,drop,Columba palumbus,Common Wood-Pigeon,0.387413889169693,0.387413889169693,drop,0.0,,,
chloris_chloris,1023245,Chloris chloris,c:\Users\shado\Year3Projects\FYP\src\dataset\bird_data\raw\chloris_chloris\XC1023245.mp3,25.0,28.0,-27.198810067701757,-27.341484426089668,drop,Ramphocelus bresilius,Brazilian Tanager,0.37959229946136475,0.37959229946136475,drop,0.0,,,
chloris_chloris,667215,Chloris chloris,c:\Users\shado\Year3Projects\FYP\src\dataset\bird_data\raw\chloris_chloris\XC667215.mp3,1.0,4.0,-49.3636211522474,-40.0,species,Chloris chloris,European Greenfinch,0.985456645488739,0.985456645488739,species,1.0,rand_species,bird_data\clips\species\chloris_chloris\XC667215__s1000__e4000.wav,
chloris_chloris,684655,Chloris chloris,c:\Users\shado\Year3Projects\FYP\src\dataset\bird_data\raw\chloris_chloris\XC684655.mp3,10.0,13.0,-43.86697150169649,-40.0,species,Chloris chloris,European Greenfinch,0.9640607833862305,0.9640607833862305,species,1.0,rand_species,bird_data\clips\species\chloris_chloris\XC684655__s10000__e13000.wav,
chloris_chloris,687024,Chloris chloris,c:\Users\shado\Year3Projects\FYP\src\dataset\bird_data\raw\chloris_chloris\XC687024.mp3,7.0,10.0,-54.79318476000454,-40.0,non_bird,,,0.0,0.0,non_bird,1.0,nonbird_lowconf,bird_data\clips\non_bird\chloris_chloris\XC687024__s7000__e10000.wav,
chloris_chloris,613792,Chloris chloris,c:\Users\shado\Year3Projects\FYP\src\dataset\bird_data\raw\chloris_chloris\XC613792.mp3,16.0,19.0,-41.85096371603014,-40.0,species,Chloris chloris,European Greenfinch,0.32922908663749695,0.32922908663749695,species,1.0,rand_species,bird_data\clips\species\chloris_chloris\XC613792__s16000__e19000.wav,
chloris_chloris,878646,Chloris chloris,c:\Users\shado\Year3Projects\FYP\src\dataset\bird_data\raw\chloris_chloris\XC878646.mp3,4.0,7.0,-19.744581930411403,-20.713538123873,species,Chloris chloris,European Greenfinch,0.7026839256286621,0.7026839256286621,species,1.0,rand_species,bird_data\clips\species\chloris_chloris\XC878646__s4000__e7000.wav,
chloris_chloris,878646,Chloris chloris,c:\Users\shado\Year3Projects\FYP\src\dataset\bird_data\raw\chloris_chloris\XC878646.mp3,7.0,10.0,-19.684801425226492,-20.713538123873,species,Chloris chloris,European Greenfinch,0.7843828201293945,0.7843828201293945,species,1.0,rand_species,bird_data\clips\species\chloris_chloris\XC878646__s7000__e10000.wav,
chloris_chloris,177434,Chloris chloris,c:\Users\shado\Year3Projects\FYP\src\dataset\bird_data\raw\chloris_chloris\XC177434.mp3,7.0,10.0,-40.973940775793494,-40.0,species,Chloris chloris,European Greenfinch,0.5070076584815979,0.5070076584815979,species,1.0,rand_species,bird_data\clips\species\chloris_chloris\XC177434__s7000__e10000.wav,
chloris_chloris,592658,Chloris chloris,c:\Users\shado\Year3Projects\FYP\src\dataset\bird_data\raw\chloris_chloris\XC592658.mp3,4.0,7.0,-28.068079783508047,-28.47582299562677,species,Chloris chloris,European Greenfinch,0.8902104496955872,0.8902104496955872,species,0.0,,,
chloris_chloris,592658,Chloris chloris,c:\Users\shado\Year3Projects\FYP\src\dataset\bird_data\raw\chloris_chloris\XC592658.mp3,10.0,13.0,-24.98126312489502,-28.47582299562677,species,Chloris chloris,European Greenfinch,0.9987332224845886,0.9987332224845886,species,1.0,rand_species,bird_data\clips\species\chloris_chloris\XC592658__s10000__e13000.wav,
chloris_chloris,592658,Chloris chloris,c:\Users\shado\Year3Projects\FYP\src\dataset\bird_data\raw\chloris_chloris\XC592658.mp3,13.0,16.0,-27.573188175738803,-28.47582299562677,species,Chloris chloris,European Greenfinch,0.8683445453643799,0.8683445453643799,species,1.0,rand_species,bird_data\clips\species\chloris_chloris\XC592658__s13000__e16000.wav,
chloris_chloris,592658,Chloris chloris,c:\Users\shado\Year3Projects\FYP\src\dataset\bird_data\raw\chloris_chloris\XC592658.mp3,16.0,19.0,-24.05644273788407,-28.47582299562677,species,Chloris chloris,European Greenfinch,0.9424408078193665,0.9424408078193665,species,1.0,rand_species,bird_data\clips\species\chloris_chloris\XC592658__s16000__e19000.wav,
chloris_chloris,592658,Chloris chloris,c:\Users\shado\Year3Projects\FYP\src\dataset\bird_data\raw\chloris_chloris\XC592658.mp3,22.0,25.0,-23.911417653562275,-28.47582299562677,drop,Melanocorypha calandra,Calandra Lark,0.10071501135826111,0.10071501135826111,drop,0.0,,,
chloris_chloris,247467,Chloris chloris,c:\Users\shado\Year3Projects\FYP\src\dataset\bird_data\raw\chloris_chloris\XC247467.mp3,1.0,4.0,-29.2776640134274,-31.967082055240127,species,Chloris chloris,European Greenfinch,0.983616828918457,0.983616828918457,species,1.0,rand_species,bird_data\clips\species\chloris_chloris\XC247467__s1000__e4000.wav,
chloris_chloris,247467,Chloris chloris,c:\Users\shado\Year3Projects\FYP\src\dataset\bird_data\raw\chloris_chloris\XC247467.mp3,4.0,7.0,-27.234427789208983,-31.967082055240127,species,Chloris chloris,European Greenfinch,0.9468201994895935,0.9468201994895935,species,0.0,,,
chloris_chloris,247467,Chloris chloris,c:\Users\shado\Year3Projects\FYP\src\dataset\bird_data\raw\chloris_chloris\XC247467.mp3,16.0,19.0,-23.968906467611717,-31.967082055240127,drop,Chloris chloris,European Greenfinch,0.14579220116138458,0.14579220116138458,drop,0.0,,,
chloris_chloris,247467,Chloris chloris,c:\Users\shado\Year3Projects\FYP\src\dataset\bird_data\raw\chloris_chloris\XC247467.mp3,19.0,22.0,-31.146654070899835,-31.967082055240127,species,Chloris chloris,European Greenfinch,0.7474801540374756,0.7474801540374756,species,1.0,rand_species,bird_data\clips\species\chloris_chloris\XC247467__s19000__e22000.wav,
chloris_chloris,247467,Chloris chloris,c:\Users\shado\Year3Projects\FYP\src\dataset\bird_data\raw\chloris_chloris\XC247467.mp3,22.0,25.0,-31.045310715881918,-31.967082055240127,species,Chloris chloris,European Greenfinch,0.9265113472938538,0.9265113472938538,species,1.0,rand_species,bird_data\clips\species\chloris_chloris\XC247467__s22000__e25000.wav,
chloris_chloris,247467,Chloris chloris,c:\Users\shado\Year3Projects\FYP\src\dataset\bird_data\raw\chloris_chloris\XC247467.mp3,25.0,28.0,-27.90823558203971,-31.967082055240127,species,Chloris chloris,European Greenfinch,0.8648566007614136,0.8648566007614136,species,0.0,,,
chloris_chloris,657068,Chloris chloris,c:\Users\shado\Year3Projects\FYP\src\dataset\bird_data\raw\chloris_chloris\XC657068.mp3,1.0,4.0,-21.407521709918047,-27.789044448603704,species,Chloris chloris,European Greenfinch,0.9059622287750244,0.9059622287750244,species,0.0,,,
chloris_chloris,657068,Chloris chloris,c:\Users\shado\Year3Projects\FYP\src\dataset\bird_data\raw\chloris_chloris\XC657068.mp3,4.0,7.0,-27.386579590805418,-27.789044448603704,non_bird,,,0.0,0.0,non_bird,1.0,nonbird_lowconf,bird_data\clips\non_bird\chloris_chloris\XC657068__s4000__e7000.wav,
chloris_chloris,657068,Chloris chloris,c:\Users\shado\Year3Projects\FYP\src\dataset\bird_data\raw\chloris_chloris\XC657068.mp3,7.0,10.0,-26.49928495217305,-27.789044448603704,drop,Cettia cetti,Cetti's Warbler,0.11555037647485733,0.11555037647485733,drop,0.0,,,
chloris_chloris,657068,Chloris chloris,c:\Users\shado\Year3Projects\FYP\src\dataset\bird_data\raw\chloris_chloris\XC657068.mp3,10.0,13.0,-21.96488127758706,-27.789044448603704,species,Chloris chloris,European Greenfinch,0.9997408986091614,0.9997408986091614,species,1.0,rand_species,bird_data\clips\species\chloris_chloris\XC657068__s10000__e13000.wav,
chloris_chloris,657068,Chloris chloris,c:\Users\shado\Year3Projects\FYP\src\dataset\bird_data\raw\chloris_chloris\XC657068.mp3,16.0,19.0,-23.011087572980916,-27.789044448603704,species,Chloris chloris,European Greenfinch,0.9544860124588013,0.9544860124588013,species,1.0,rand_species,bird_data\clips\species\chloris_chloris\XC657068__s16000__e19000.wav,
chloris_chloris,657068,Chloris chloris,c:\Users\shado\Year3Projects\FYP\src\dataset\bird_data\raw\chloris_chloris\XC657068.mp3,22.0,25.0,-24.637583218660673,-27.789044448603704,species,Chloris chloris,European Greenfinch,0.986336886882782,0.986336886882782,species,1.0,rand_species,bird_data\clips\species\chloris_chloris\XC657068__s22000__e25000.wav,
chloris_chloris,1023244,Chloris chloris,c:\Users\shado\Year3Projects\FYP\src\dataset\bird_data\raw\chloris_chloris\XC1023244.mp3,24.0,27.0,-29.285451552534703,-29.626347544148967,non_bird,,,0.0,0.0,non_bird,1.0,nonbird_lowconf,bird_data\clips\non_bird\chloris_chloris\XC1023244__s24000__e27000.wav,
chloris_chloris,1023244,Chloris chloris,c:\Users\shado\Year3Projects\FYP\src\dataset\bird_data\raw\chloris_chloris\XC1023244.mp3,27.0,30.0,-29.305604178293763,-29.626347544148967,drop,Zimmerius acer,Guianan Tyrannulet,0.259352445602417,0.259352445602417,drop,0.0,,,
chloris_chloris,1023244,Chloris chloris,c:\Users\shado\Year3Projects\FYP\src\dataset\bird_data\raw\chloris_chloris\XC1023244.mp3,30.0,33.0,-29.36537676648488,-29.626347544148967,non_bird,,,0.0,0.0,non_bird,1.0,nonbird_lowconf,bird_data\clips\non_bird\chloris_chloris\XC1023244__s30000__e33000.wav,
chloris_chloris,1023244,Chloris chloris,c:\Users\shado\Year3Projects\FYP\src\dataset\bird_data\raw\chloris_chloris\XC1023244.mp3,33.0,36.0,-29.366883498831097,-29.626347544148967,drop,Ramphocelus bresilius,Brazilian Tanager,0.16970416903495789,0.16970416903495789,drop,0.0,,,
chloris_chloris,1023244,Chloris chloris,c:\Users\shado\Year3Projects\FYP\src\dataset\bird_data\raw\chloris_chloris\XC1023244.mp3,36.0,39.0,-29.552132422254807,-29.626347544148967,non_bird,,,0.0,0.0,non_bird,0.0,,,
chloris_chloris,1023244,Chloris chloris,c:\Users\shado\Year3Projects\FYP\src\dataset\bird_data\raw\chloris_chloris\XC1023244.mp3,45.0,48.0,-27.709827113339248,-29.626347544148967,drop,Ramphocelus bresilius,Brazilian Tanager,0.2531980574131012,0.2531980574131012,drop,0.0,,,
chloris_chloris,667214,Chloris chloris,c:\Users\shado\Year3Projects\FYP\src\dataset\bird_data\raw\chloris_chloris\XC667214.mp3,1.0,4.0,-49.5244423917669,-40.0,non_bird,,,0.0,0.0,non_bird,1.0,nonbird_lowconf,bird_data\clips\non_bird\chloris_chloris\XC667214__s1000__e4000.wav,
chloris_chloris,683797,Chloris chloris,c:\Users\shado\Year3Projects\FYP\src\dataset\bird_data\raw\chloris_chloris\XC683797.mp3,1.0,4.0,-49.332572483393456,-40.0,species,Chloris chloris,European Greenfinch,0.9754160046577454,0.9754160046577454,species,1.0,rand_species,bird_data\clips\species\chloris_chloris\XC683797__s1000__e4000.wav,
chloris_chloris,687021,Chloris chloris,c:\Users\shado\Year3Projects\FYP\src\dataset\bird_data\raw\chloris_chloris\XC687021.mp3,10.0,13.0,-47.1788800521086,-40.0,drop,Regulus ignicapilla,Common Firecrest,0.28808632493019104,0.28808632493019104,drop,0.0,,,
chloris_chloris,524519,Chloris chloris,c:\Users\shado\Year3Projects\FYP\src\dataset\bird_data\raw\chloris_chloris\XC524519.mp3,1.0,4.0,-24.85841409779001,-29.40124443197305,species,Chloris chloris,European Greenfinch,0.8796931505203247,0.8796931505203247,species,1.0,rand_species,bird_data\clips\species\chloris_chloris\XC524519__s1000__e4000.wav,
chloris_chloris,524519,Chloris chloris,c:\Users\shado\Year3Projects\FYP\src\dataset\bird_data\raw\chloris_chloris\XC524519.mp3,4.0,7.0,-26.976633083021106,-29.40124443197305,species,Chloris chloris,European Greenfinch,0.5590070486068726,0.5590070486068726,species,1.0,rand_species,bird_data\clips\species\chloris_chloris\XC524519__s4000__e7000.wav,
chloris_chloris,524519,Chloris chloris,c:\Users\shado\Year3Projects\FYP\src\dataset\bird_data\raw\chloris_chloris\XC524519.mp3,7.0,10.0,-24.59390011790434,-29.40124443197305,species,Chloris chloris,European Greenfinch,0.9998886585235596,0.9998886585235596,species,1.0,rand_species,bird_data\clips\species\chloris_chloris\XC524519__s7000__e10000.wav,
chloris_chloris,524519,Chloris chloris,c:\Users\shado\Year3Projects\FYP\src\dataset\bird_data\raw\chloris_chloris\XC524519.mp3,13.0,16.0,-23.25704151487381,-29.40124443197305,species,Chloris chloris,European Greenfinch,0.9995111227035522,0.9995111227035522,species,0.0,,,
chloris_chloris,524519,Chloris chloris,c:\Users\shado\Year3Projects\FYP\src\dataset\bird_data\raw\chloris_chloris\XC524519.mp3,16.0,19.0,-26.335789164372116,-29.40124443197305,species,Chloris chloris,European Greenfinch,0.9994156360626221,0.9994156360626221,species,0.0,,,
chloris_chloris,524519,Chloris chloris,c:\Users\shado\Year3Projects\FYP\src\dataset\bird_data\raw\chloris_chloris\XC524519.mp3,22.0,25.0,-28.73160784129389,-29.40124443197305,species,Chloris chloris,European Greenfinch,0.998643696308136,0.998643696308136,species,0.0,,,
chloris_chloris,877763,Chloris chloris,c:\Users\shado\Year3Projects\FYP\src\dataset\bird_data\raw\chloris_chloris\XC877763.mp3,4.0,7.0,-29.84820072189965,-30.262184721883852,species,Chloris chloris,European Greenfinch,0.47059366106987,0.47059366106987,species,1.0,rand_species,bird_data\clips\species\chloris_chloris\XC877763__s4000__e7000.wav,
chloris_chloris,877763,Chloris chloris,c:\Users\shado\Year3Projects\FYP\src\dataset\bird_data\raw\chloris_chloris\XC877763.mp3,7.0,10.0,-30.218941775275052,-30.262184721883852,species,Chloris chloris,European Greenfinch,0.7947346568107605,0.7947346568107605,species,1.0,rand_species,bird_data\clips\species\chloris_chloris\XC877763__s7000__e10000.wav,
chloris_chloris,877763,Chloris chloris,c:\Users\shado\Year3Projects\FYP\src\dataset\bird_data\raw\chloris_chloris\XC877763.mp3,10.0,13.0,-29.970940181210132,-30.262184721883852,drop,Chloris chloris,European Greenfinch,0.1737385392189026,0.1737385392189026,drop,0.0,,,
chloris_chloris,176740,Chloris chloris,c:\Users\shado\Year3Projects\FYP\src\dataset\bird_data\raw\chloris_chloris\XC176740.mp3,9.0,12.0,-33.09492415075007,-33.83653559043824,species,Chloris chloris,European Greenfinch,0.6250338554382324,0.6250338554382324,species,1.0,rand_species,bird_data\clips\species\chloris_chloris\XC176740__s9000__e12000.wav,
chloris_chloris,176740,Chloris chloris,c:\Users\shado\Year3Projects\FYP\src\dataset\bird_data\raw\chloris_chloris\XC176740.mp3,12.0,15.0,-31.036117479345847,-33.83653559043824,species,Chloris chloris,European Greenfinch,0.9679811596870422,0.9679811596870422,species,1.0,rand_species,bird_data\clips\species\chloris_chloris\XC176740__s12000__e15000.wav,
chloris_chloris,176740,Chloris chloris,c:\Users\shado\Year3Projects\FYP\src\dataset\bird_data\raw\chloris_chloris\XC176740.mp3,15.0,18.0,-33.0336860221449,-33.83653559043824,species,Chloris chloris,European Greenfinch,0.6495277285575867,0.6495277285575867,species,0.0,,,
chloris_chloris,176740,Chloris chloris,c:\Users\shado\Year3Projects\FYP\src\dataset\bird_data\raw\chloris_chloris\XC176740.mp3,18.0,21.0,-33.2119844387319,-33.83653559043824,species,Chloris chloris,European Greenfinch,0.9735194444656372,0.9735194444656372,species,1.0,rand_species,bird_data\clips\species\chloris_chloris\XC176740__s18000__e21000.wav,
chloris_chloris,176740,Chloris chloris,c:\Users\shado\Year3Projects\FYP\src\dataset\bird_data\raw\chloris_chloris\XC176740.mp3,21.0,24.0,-31.933534982078182,-33.83653559043824,species,Chloris chloris,European Greenfinch,0.9667761325836182,0.9667761325836182,species,0.0,,,
chloris_chloris,176740,Chloris chloris,c:\Users\shado\Year3Projects\FYP\src\dataset\bird_data\raw\chloris_chloris\XC176740.mp3,30.0,33.0,-32.104899237518836,-33.83653559043824,species,Chloris chloris,European Greenfinch,0.9718623757362366,0.9718623757362366,species,0.0,,,
chloris_chloris,592657,Chloris chloris,c:\Users\shado\Year3Projects\FYP\src\dataset\bird_data\raw\chloris_chloris\XC592657.mp3,4.0,7.0,-32.80743198697983,-33.14031123846466,species,Chloris chloris,European Greenfinch,0.8025861382484436,0.8025861382484436,species,1.0,rand_species,bird_data\clips\species\chloris_chloris\XC592657__s4000__e7000.wav,
chloris_chloris,592657,Chloris chloris,c:\Users\shado\Year3Projects\FYP\src\dataset\bird_data\raw\chloris_chloris\XC592657.mp3,7.0,10.0,-32.96659031278779,-33.14031123846466,species,Chloris chloris,European Greenfinch,0.913682222366333,0.913682222366333,species,1.0,rand_species,bird_data\clips\species\chloris_chloris\XC592657__s7000__e10000.wav,
chloris_chloris,103775,Chloris chloris,c:\Users\shado\Year3Projects\FYP\src\dataset\bird_data\raw\chloris_chloris\XC103775.mp3,4.0,7.0,-27.970225186444168,-30.216605214786657,species,Chloris chloris,European Greenfinch,0.998961329460144,0.998961329460144,species,0.0,,,
chloris_chloris,103775,Chloris chloris,c:\Users\shado\Year3Projects\FYP\src\dataset\bird_data\raw\chloris_chloris\XC103775.mp3,7.0,10.0,-29.652150344467305,-30.216605214786657,species,Chloris chloris,European Greenfinch,0.9822719097137451,0.9822719097137451,species,0.0,,,
chloris_chloris,103775,Chloris chloris,c:\Users\shado\Year3Projects\FYP\src\dataset\bird_data\raw\chloris_chloris\XC103775.mp3,13.0,16.0,-28.871658649909968,-30.216605214786657,species,Chloris chloris,European Greenfinch,0.9895551204681396,0.9895551204681396,species,0.0,,,
chloris_chloris,103775,Chloris chloris,c:\Users\shado\Year3Projects\FYP\src\dataset\bird_data\raw\chloris_chloris\XC103775.mp3,16.0,19.0,-28.062992538230954,-30.216605214786657,species,Chloris chloris,European Greenfinch,0.9974775910377502,0.9974775910377502,species,1.0,rand_species,bird_data\clips\species\chloris_chloris\XC103775__s16000__e19000.wav,
chloris_chloris,103775,Chloris chloris,c:\Users\shado\Year3Projects\FYP\src\dataset\bird_data\raw\chloris_chloris\XC103775.mp3,19.0,22.0,-28.290162680602194,-30.216605214786657,species,Chloris chloris,European Greenfinch,0.9800742268562317,0.9800742268562317,species,1.0,rand_species,bird_data\clips\species\chloris_chloris\XC103775__s19000__e22000.wav,
chloris_chloris,103775,Chloris chloris,c:\Users\shado\Year3Projects\FYP\src\dataset\bird_data\raw\chloris_chloris\XC103775.mp3,25.0,28.0,-27.57235637077801,-30.216605214786657,species,Chloris chloris,European Greenfinch,0.9659886956214905,0.9659886956214905,species,1.0,rand_species,bird_data\clips\species\chloris_chloris\XC103775__s25000__e28000.wav,
chloris_chloris,493882,Chloris chloris,c:\Users\shado\Year3Projects\FYP\src\dataset\bird_data\raw\chloris_chloris\XC493882.mp3,10.0,13.0,-35.40184088679527,-40.0,species,Chloris chloris,European Greenfinch,0.9040446877479553,0.9040446877479553,species,1.0,rand_species,bird_data\clips\species\chloris_chloris\XC493882__s10000__e13000.wav,
chloris_chloris,493882,Chloris chloris,c:\Users\shado\Year3Projects\FYP\src\dataset\bird_data\raw\chloris_chloris\XC493882.mp3,13.0,16.0,-35.658139444752564,-40.0,species,Chloris chloris,European Greenfinch,0.9899918437004089,0.9899918437004089,species,1.0,rand_species,bird_data\clips\species\chloris_chloris\XC493882__s13000__e16000.wav,
chloris_chloris,1016045,Chloris chloris,c:\Users\shado\Year3Projects\FYP\src\dataset\bird_data\raw\chloris_chloris\XC1016045.mp3,19.0,22.0,-44.83458488813027,-40.0,species,Chloris chloris,European Greenfinch,0.926937460899353,0.926937460899353,species,1.0,rand_species,bird_data\clips\species\chloris_chloris\XC1016045__s19000__e22000.wav,
chloris_chloris,666264,Chloris chloris,c:\Users\shado\Year3Projects\FYP\src\dataset\bird_data\raw\chloris_chloris\XC666264.mp3,19.0,22.0,-24.38481494052532,-27.160235804615613,species,Chloris chloris,European Greenfinch,0.9859570264816284,0.9859570264816284,species,0.0,,,
chloris_chloris,666264,Chloris chloris,c:\Users\shado\Year3Projects\FYP\src\dataset\bird_data\raw\chloris_chloris\XC666264.mp3,25.0,28.0,-26.0303260381702,-27.160235804615613,species,Chloris chloris,European Greenfinch,0.9808972477912903,0.9808972477912903,species,1.0,rand_species,bird_data\clips\species\chloris_chloris\XC666264__s25000__e28000.wav,
chloris_chloris,666264,Chloris chloris,c:\Users\shado\Year3Projects\FYP\src\dataset\bird_data\raw\chloris_chloris\XC666264.mp3,28.0,31.0,-24.9345387882512,-27.160235804615613,species,Chloris chloris,European Greenfinch,0.9557355046272278,0.9557355046272278,species,1.0,rand_species,bird_data\clips\species\chloris_chloris\XC666264__s28000__e31000.wav,
chloris_chloris,666264,Chloris chloris,c:\Users\shado\Year3Projects\FYP\src\dataset\bird_data\raw\chloris_chloris\XC666264.mp3,34.0,37.0,-25.103121179253552,-27.160235804615613,non_bird,,,0.0,0.0,non_bird,1.0,nonbird_lowconf,bird_data\clips\non_bird\chloris_chloris\XC666264__s34000__e37000.wav,
chloris_chloris,666264,Chloris chloris,c:\Users\shado\Year3Projects\FYP\src\dataset\bird_data\raw\chloris_chloris\XC666264.mp3,37.0,40.0,-21.308858355640886,-27.160235804615613,species,Chloris chloris,European Greenfinch,0.9709823727607727,0.9709823727607727,species,0.0,,,
chloris_chloris,666264,Chloris chloris,c:\Users\shado\Year3Projects\FYP\src\dataset\bird_data\raw\chloris_chloris\XC666264.mp3,40.0,43.0,-18.887165425369364,-27.160235804615613,species,Chloris chloris,European Greenfinch,0.9151067733764648,0.9151067733764648,species,1.0,rand_species,bird_data\clips\species\chloris_chloris\XC666264__s40000__e43000.wav,
chloris_chloris,683575,Chloris chloris,c:\Users\shado\Year3Projects\FYP\src\dataset\bird_data\raw\chloris_chloris\XC683575.mp3,1.0,4.0,-39.47313174350159,-40.0,species,Chloris chloris,European Greenfinch,0.5062307119369507,0.5062307119369507,species,1.0,rand_species,bird_data\clips\species\chloris_chloris\XC683575__s1000__e4000.wav,
chloris_chloris,683575,Chloris chloris,c:\Users\shado\Year3Projects\FYP\src\dataset\bird_data\raw\chloris_chloris\XC683575.mp3,7.0,10.0,-36.322751256470866,-40.0,drop,Chloris chloris,European Greenfinch,0.16442854702472687,0.16442854702472687,drop,0.0,,,
chloris_chloris,683575,Chloris chloris,c:\Users\shado\Year3Projects\FYP\src\dataset\bird_data\raw\chloris_chloris\XC683575.mp3,13.0,16.0,-39.01144948725969,-40.0,species,Chloris chloris,European Greenfinch,0.947190523147583,0.947190523147583,species,1.0,rand_species,bird_data\clips\species\chloris_chloris\XC683575__s13000__e16000.wav,
chloris_chloris,685827,Chloris chloris,c:\Users\shado\Year3Projects\FYP\src\dataset\bird_data\raw\chloris_chloris\XC685827.mp3,4.0,7.0,-41.001980674717814,-40.0,species,Chloris chloris,European Greenfinch,0.3433868885040283,0.3433868885040283,species,1.0,rand_species,bird_data\clips\species\chloris_chloris\XC685827__s4000__e7000.wav,
chloris_chloris,522555,Chloris chloris,c:\Users\shado\Year3Projects\FYP\src\dataset\bird_data\raw\chloris_chloris\XC522555.mp3,25.0,28.0,-50.03216706349657,-40.0,drop,Acanthis flammea,Common Redpoll,0.9185507893562317,0.9185507893562317,drop,0.0,,,
chloris_chloris,876889,Chloris chloris,c:\Users\shado\Year3Projects\FYP\src\dataset\bird_data\raw\chloris_chloris\XC876889.mp3,4.0,7.0,-34.372159686299156,-34.46145369307701,non_bird,,,0.0,0.0,non_bird,1.0,nonbird_lowconf,bird_data\clips\non_bird\chloris_chloris\XC876889__s4000__e7000.wav,
chloris_chloris,876889,Chloris chloris,c:\Users\shado\Year3Projects\FYP\src\dataset\bird_data\raw\chloris_chloris\XC876889.mp3,7.0,10.0,-34.244367076108844,-34.46145369307701,species,Chloris chloris,European Greenfinch,0.39237868785858154,0.39237868785858154,species,1.0,rand_species,bird_data\clips\species\chloris_chloris\XC876889__s7000__e10000.wav,
chloris_chloris,176421,Chloris chloris,c:\Users\shado\Year3Projects\FYP\src\dataset\bird_data\raw\chloris_chloris\XC176421.mp3,1.0,4.0,-21.890897489174428,-25.743023270409527,species,Chloris chloris,European Greenfinch,0.9971460700035095,0.9971460700035095,species,1.0,rand_species,bird_data\clips\species\chloris_chloris\XC176421__s1000__e4000.wav,
chloris_chloris,176421,Chloris chloris,c:\Users\shado\Year3Projects\FYP\src\dataset\bird_data\raw\chloris_chloris\XC176421.mp3,7.0,10.0,-20.763462556970836,-25.743023270409527,species,Chloris chloris,European Greenfinch,0.9943511486053467,0.9943511486053467,species,1.0,rand_species,bird_data\clips\species\chloris_chloris\XC176421__s7000__e10000.wav,
chloris_chloris,176421,Chloris chloris,c:\Users\shado\Year3Projects\FYP\src\dataset\bird_data\raw\chloris_chloris\XC176421.mp3,10.0,13.0,-25.632823999989547,-25.743023270409527,drop,Chroicocephalus ridibundus,Black-headed Gull,0.8971739411354065,0.8971739411354065,drop,0.0,,,
chloris_chloris,176421,Chloris chloris,c:\Users\shado\Year3Projects\FYP\src\dataset\bird_data\raw\chloris_chloris\XC176421.mp3,13.0,16.0,-25.237473315951313,-25.743023270409527,drop,Emberiza schoeniclus,Reed Bunting,0.10042537748813629,0.10042537748813629,drop,0.0,,,
chloris_chloris,176421,Chloris chloris,c:\Users\shado\Year3Projects\FYP\src\dataset\bird_data\raw\chloris_chloris\XC176421.mp3,16.0,19.0,-23.83271733543863,-25.743023270409527,species,Chloris chloris,European Greenfinch,0.9877541661262512,0.9877541661262512,species,1.0,rand_species,bird_data\clips\species\chloris_chloris\XC176421__s16000__e19000.wav,
chloris_chloris,548811,Chloris chloris,c:\Users\shado\Year3Projects\FYP\src\dataset\bird_data\raw\chloris_chloris\XC548811.mp3,1.0,4.0,-24.649491259022685,-28.361433610522138,species,Chloris chloris,European Greenfinch,0.9884780049324036,0.9884780049324036,species,1.0,rand_species,bird_data\clips\species\chloris_chloris\XC548811__s1000__e4000.wav,
chloris_chloris,548811,Chloris chloris,c:\Users\shado\Year3Projects\FYP\src\dataset\bird_data\raw\chloris_chloris\XC548811.mp3,7.0,10.0,-25.56620010708821,-28.361433610522138,species,Chloris chloris,European Greenfinch,0.9758901000022888,0.9758901000022888,species,1.0,rand_species,bird_data\clips\species\chloris_chloris\XC548811__s7000__e10000.wav,
chloris_chloris,548811,Chloris chloris,c:\Users\shado\Year3Projects\FYP\src\dataset\bird_data\raw\chloris_chloris\XC548811.mp3,13.0,16.0,-21.97609104420789,-28.361433610522138,species,Chloris chloris,European Greenfinch,0.9880703091621399,0.9880703091621399,species,1.0,rand_species,bird_data\clips\species\chloris_chloris\XC548811__s13000__e16000.wav,
chloris_chloris,27688,Chloris chloris,c:\Users\shado\Year3Projects\FYP\src\dataset\bird_data\raw\chloris_chloris\XC27688.mp3,1.0,4.0,-33.34061543118318,-33.42095142402431,drop,Chloris chloris,European Greenfinch,0.2447245717048645,0.2447245717048645,drop,0.0,,,
chloris_chloris,27688,Chloris chloris,c:\Users\shado\Year3Projects\FYP\src\dataset\bird_data\raw\chloris_chloris\XC27688.mp3,7.0,10.0,-31.609147451206244,-33.42095142402431,species,Chloris chloris,European Greenfinch,0.905127763748169,0.905127763748169,species,1.0,rand_species,bird_data\clips\species\chloris_chloris\XC27688__s7000__e10000.wav,
chloris_chloris,27688,Chloris chloris,c:\Users\shado\Year3Projects\FYP\src\dataset\bird_data\raw\chloris_chloris\XC27688.mp3,10.0,13.0,-27.860255432259372,-33.42095142402431,species,Chloris chloris,European Greenfinch,0.9018913507461548,0.9018913507461548,species,1.0,rand_species,bird_data\clips\species\chloris_chloris\XC27688__s10000__e13000.wav,
chloris_chloris,480383,Chloris chloris,c:\Users\shado\Year3Projects\FYP\src\dataset\bird_data\raw\chloris_chloris\XC480383.mp3,1.0,4.0,-34.79127758109105,-40.0,species,Chloris chloris,European Greenfinch,0.33007124066352844,0.33007124066352844,species,1.0,rand_species,bird_data\clips\species\chloris_chloris\XC480383__s1000__e4000.wav,
chloris_chloris,480383,Chloris chloris,c:\Users\shado\Year3Projects\FYP\src\dataset\bird_data\raw\chloris_chloris\XC480383.mp3,4.0,7.0,-34.443751687324834,-40.0,species,Chloris chloris,European Greenfinch,0.4456709623336792,0.4456709623336792,species,0.0,,,
chloris_chloris,480383,Chloris chloris,c:\Users\shado\Year3Projects\FYP\src\dataset\bird_data\raw\chloris_chloris\XC480383.mp3,7.0,10.0,-35.54888868342471,-40.0,species,Chloris chloris,European Greenfinch,0.8377043604850769,0.8377043604850769,species,0.0,,,
chloris_chloris,480383,Chloris chloris,c:\Users\shado\Year3Projects\FYP\src\dataset\bird_data\raw\chloris_chloris\XC480383.mp3,13.0,16.0,-31.988952912971428,-40.0,species,Chloris chloris,European Greenfinch,0.8740251660346985,0.8740251660346985,species,0.0,,,
chloris_chloris,480383,Chloris chloris,c:\Users\shado\Year3Projects\FYP\src\dataset\bird_data\raw\chloris_chloris\XC480383.mp3,16.0,19.0,-35.96883909932388,-40.0,species,Chloris chloris,European Greenfinch,0.9485083818435669,0.9485083818435669,species,1.0,rand_species,bird_data\clips\species\chloris_chloris\XC480383__s16000__e19000.wav,
chloris_chloris,480383,Chloris chloris,c:\Users\shado\Year3Projects\FYP\src\dataset\bird_data\raw\chloris_chloris\XC480383.mp3,25.0,28.0,-36.40542327151267,-40.0,species,Chloris chloris,European Greenfinch,0.5002012252807617,0.5002012252807617,species,1.0,rand_species,bird_data\clips\species\chloris_chloris\XC480383__s25000__e28000.wav,
chloris_chloris,1010753,Chloris chloris,c:\Users\shado\Year3Projects\FYP\src\dataset\bird_data\raw\chloris_chloris\XC1010753.mp3,1.0,4.0,-22.836388326865205,-30.290168234708002,species,Chloris chloris,European Greenfinch,0.9940478801727295,0.9940478801727295,species,0.0,,,
chloris_chloris,1010753,Chloris chloris,c:\Users\shado\Year3Projects\FYP\src\dataset\bird_data\raw\chloris_chloris\XC1010753.mp3,7.0,10.0,-21.079431175553346,-30.290168234708002,species,Chloris chloris,European Greenfinch,0.9796908497810364,0.9796908497810364,species,0.0,,,
chloris_chloris,1010753,Chloris chloris,c:\Users\shado\Year3Projects\FYP\src\dataset\bird_data\raw\chloris_chloris\XC1010753.mp3,13.0,16.0,-22.729529742446587,-30.290168234708002,species,Chloris chloris,European Greenfinch,0.9433400630950928,0.9433400630950928,species,1.0,rand_species,bird_data\clips\species\chloris_chloris\XC1010753__s13000__e16000.wav,
chloris_chloris,1010753,Chloris chloris,c:\Users\shado\Year3Projects\FYP\src\dataset\bird_data\raw\chloris_chloris\XC1010753.mp3,16.0,19.0,-24.294365477842597,-30.290168234708002,species,Chloris chloris,European Greenfinch,0.9654170274734497,0.9654170274734497,species,0.0,,,
chloris_chloris,1010753,Chloris chloris,c:\Users\shado\Year3Projects\FYP\src\dataset\bird_data\raw\chloris_chloris\XC1010753.mp3,22.0,25.0,-20.847271284814227,-30.290168234708002,species,Chloris chloris,European Greenfinch,0.9890326261520386,0.9890326261520386,species,1.0,rand_species,bird_data\clips\species\chloris_chloris\XC1010753__s22000__e25000.wav,
chloris_chloris,1010753,Chloris chloris,c:\Users\shado\Year3Projects\FYP\src\dataset\bird_data\raw\chloris_chloris\XC1010753.mp3,25.0,28.0,-29.47745883750528,-30.290168234708002,species,Chloris chloris,European Greenfinch,0.9761850237846375,0.9761850237846375,species,1.0,rand_species,bird_data\clips\species\chloris_chloris\XC1010753__s25000__e28000.wav,
chloris_chloris,580781,Chloris chloris,c:\Users\shado\Year3Projects\FYP\src\dataset\bird_data\raw\chloris_chloris\XC580781.mp3,4.0,7.0,-33.48125391360402,-34.36779126717207,drop,Chloris chloris,European Greenfinch,0.18479064106941223,0.18479064106941223,drop,0.0,,,
chloris_chloris,580781,Chloris chloris,c:\Users\shado\Year3Projects\FYP\src\dataset\bird_data\raw\chloris_chloris\XC580781.mp3,7.0,10.0,-33.33097725784488,-34.36779126717207,non_bird,,,0.0,0.0,non_bird,1.0,nonbird_lowconf,bird_data\clips\non_bird\chloris_chloris\XC580781__s7000__e10000.wav,
chloris_chloris,682966,,,,,,,,,,,,,,,,no_windows
chloris_chloris,685156,Chloris chloris,c:\Users\shado\Year3Projects\FYP\src\dataset\bird_data\raw\chloris_chloris\XC685156.mp3,1.0,4.0,-29.91367401218866,-31.521907795629804,species,Chloris chloris,European Greenfinch,0.9608840346336365,0.9608840346336365,species,1.0,rand_species,bird_data\clips\species\chloris_chloris\XC685156__s1000__e4000.wav,
chloris_chloris,685156,Chloris chloris,c:\Users\shado\Year3Projects\FYP\src\dataset\bird_data\raw\chloris_chloris\XC685156.mp3,7.0,10.0,-31.40188848780926,-31.521907795629804,species,Chloris chloris,European Greenfinch,0.5888230204582214,0.5888230204582214,species,1.0,rand_species,bird_data\clips\species\chloris_chloris\XC685156__s7000__e10000.wav,
chloris_chloris,451581,Chloris chloris,c:\Users\shado\Year3Projects\FYP\src\dataset\bird_data\raw\chloris_chloris\XC451581.mp3,1.0,4.0,-39.986605553427374,-40.0,drop,Chloris chloris,European Greenfinch,0.2656090259552002,0.2656090259552002,drop,0.0,,,
chloris_chloris,875526,Chloris chloris,c:\Users\shado\Year3Projects\FYP\src\dataset\bird_data\raw\chloris_chloris\XC875526.mp3,4.0,7.0,-25.901205800610914,-27.566722438447496,species,Chloris chloris,European Greenfinch,0.9399616718292236,0.9399616718292236,species,1.0,rand_species,bird_data\clips\species\chloris_chloris\XC875526__s4000__e7000.wav,
chloris_chloris,169888,Chloris chloris,c:\Users\shado\Year3Projects\FYP\src\dataset\bird_data\raw\chloris_chloris\XC169888.mp3,1.0,4.0,-38.21095424578579,-39.49576188255011,species,Chloris chloris,European Greenfinch,0.9973216652870178,0.9973216652870178,species,1.0,rand_species,bird_data\clips\species\chloris_chloris\XC169888__s1000__e4000.wav,
chloris_chloris,169888,Chloris chloris,c:\Users\shado\Year3Projects\FYP\src\dataset\bird_data\raw\chloris_chloris\XC169888.mp3,7.0,10.0,-39.11623275362038,-39.49576188255011,species,Chloris chloris,European Greenfinch,0.998621940612793,0.998621940612793,species,1.0,rand_species,bird_data\clips\species\chloris_chloris\XC169888__s7000__e10000.wav,
chloris_chloris,169888,Chloris chloris,c:\Users\shado\Year3Projects\FYP\src\dataset\bird_data\raw\chloris_chloris\XC169888.mp3,13.0,16.0,-39.40825834468988,-39.49576188255011,species,Chloris chloris,European Greenfinch,0.9957000017166138,0.9957000017166138,species,1.0,rand_species,bird_data\clips\species\chloris_chloris\XC169888__s13000__e16000.wav,
chloris_chloris,383652,Chloris chloris,c:\Users\shado\Year3Projects\FYP\src\dataset\bird_data\raw\chloris_chloris\XC383652.mp3,11.0,14.0,-16.197101862186717,-18.837671960772205,species,Chloris chloris,European Greenfinch,0.8324117660522461,0.8324117660522461,species,1.0,rand_species,bird_data\clips\species\chloris_chloris\XC383652__s11000__e14000.wav,
chloris_chloris,383652,Chloris chloris,c:\Users\shado\Year3Projects\FYP\src\dataset\bird_data\raw\chloris_chloris\XC383652.mp3,14.0,17.0,-18.188313809358057,-18.837671960772205,species,Chloris chloris,European Greenfinch,0.9811520576477051,0.9811520576477051,species,1.0,rand_species,bird_data\clips\species\chloris_chloris\XC383652__s14000__e17000.wav,
chloris_chloris,383652,Chloris chloris,c:\Users\shado\Year3Projects\FYP\src\dataset\bird_data\raw\chloris_chloris\XC383652.mp3,17.0,20.0,-16.465575418156607,-18.837671960772205,non_bird,,,0.0,0.0,non_bird,1.0,nonbird_lowconf,bird_data\clips\non_bird\chloris_chloris\XC383652__s17000__e20000.wav,
chloris_chloris,383652,Chloris chloris,c:\Users\shado\Year3Projects\FYP\src\dataset\bird_data\raw\chloris_chloris\XC383652.mp3,20.0,23.0,-16.722612185387376,-18.837671960772205,species,Chloris chloris,European Greenfinch,0.5401748418807983,0.5401748418807983,species,0.0,,,
chloris_chloris,383652,Chloris chloris,c:\Users\shado\Year3Projects\FYP\src\dataset\bird_data\raw\chloris_chloris\XC383652.mp3,23.0,26.0,-17.400938088951094,-18.837671960772205,species,Chloris chloris,European Greenfinch,0.9971711039543152,0.9971711039543152,species,1.0,rand_species,bird_data\clips\species\chloris_chloris\XC383652__s23000__e26000.wav,
chloris_chloris,383652,Chloris chloris,c:\Users\shado\Year3Projects\FYP\src\dataset\bird_data\raw\chloris_chloris\XC383652.mp3,29.0,32.0,-15.124890970372157,-18.837671960772205,drop,Loxia leucoptera,White-winged Crossbill,0.11989481002092361,0.11989481002092361,drop,0.0,,,
chloris_chloris,1047733,Chloris chloris,c:\Users\shado\Year3Projects\FYP\src\dataset\bird_data\raw\chloris_chloris\XC1047733.mp3,9.0,12.0,-33.01257250778293,-33.949396676680934,drop,Phoenicurus phoenicurus,Common Redstart,0.8763124942779541,0.8763124942779541,drop,0.0,,,
chloris_chloris,1047733,Chloris chloris,c:\Users\shado\Year3Projects\FYP\src\dataset\bird_data\raw\chloris_chloris\XC1047733.mp3,12.0,15.0,-31.870487107231288,-33.949396676680934,drop,Phoenicurus phoenicurus,Common Redstart,0.3572491705417633,0.3572491705417633,drop,0.0,,,
chloris_chloris,1047733,Chloris chloris,c:\Users\shado\Year3Projects\FYP\src\dataset\bird_data\raw\chloris_chloris\XC1047733.mp3,15.0,18.0,-28.25796728877956,-33.949396676680934,non_bird,,,0.0,0.0,non_bird,1.0,nonbird_lowconf,bird_data\clips\non_bird\chloris_chloris\XC1047733__s15000__e18000.wav,
chloris_chloris,1047733,Chloris chloris,c:\Users\shado\Year3Projects\FYP\src\dataset\bird_data\raw\chloris_chloris\XC1047733.mp3,18.0,21.0,-30.645306555225655,-33.949396676680934,non_bird,,,0.0,0.0,non_bird,1.0,nonbird_lowconf,bird_data\clips\non_bird\chloris_chloris\XC1047733__s18000__e21000.wav,
chloris_chloris,1047733,Chloris chloris,c:\Users\shado\Year3Projects\FYP\src\dataset\bird_data\raw\chloris_chloris\XC1047733.mp3,27.0,30.0,-31.940823379261932,-33.949396676680934,non_bird,,,0.0,0.0,non_bird,0.0,,,
chloris_chloris,1047733,Chloris chloris,c:\Users\shado\Year3Projects\FYP\src\dataset\bird_data\raw\chloris_chloris\XC1047733.mp3,30.0,33.0,-33.03831512742895,-33.949396676680934,drop,Acrocephalus dumetorum,Blyth's Reed Warbler,0.41455912590026855,0.41455912590026855,drop,0.0,,,
chloris_chloris,305077,Chloris chloris,c:\Users\shado\Year3Projects\FYP\src\dataset\bird_data\raw\chloris_chloris\XC305077.mp3,1.0,4.0,-26.750373292328863,-32.54730855413122,species,Chloris chloris,European Greenfinch,0.8858048319816589,0.8858048319816589,species,0.0,,,
chloris_chloris,305077,Chloris chloris,c:\Users\shado\Year3Projects\FYP\src\dataset\bird_data\raw\chloris_chloris\XC305077.mp3,4.0,7.0,-26.570302853841056,-32.54730855413122,species,Chloris chloris,European Greenfinch,0.9382705688476562,0.9382705688476562,species,0.0,,,
chloris_chloris,305077,Chloris chloris,c:\Users\shado\Year3Projects\FYP\src\dataset\bird_data\raw\chloris_chloris\XC305077.mp3,10.0,13.0,-25.746881494186844,-32.54730855413122,species,Chloris chloris,European Greenfinch,0.9001598954200745,0.9001598954200745,species,1.0,rand_species,bird_data\clips\species\chloris_chloris\XC305077__s10000__e13000.wav,
chloris_chloris,305077,Chloris chloris,c:\Users\shado\Year3Projects\FYP\src\dataset\bird_data\raw\chloris_chloris\XC305077.mp3,16.0,19.0,-27.354396878334207,-32.54730855413122,species,Chloris chloris,European Greenfinch,0.8924537301063538,0.8924537301063538,species,1.0,rand_species,bird_data\clips\species\chloris_chloris\XC305077__s16000__e19000.wav,
chloris_chloris,305077,Chloris chloris,c:\Users\shado\Year3Projects\FYP\src\dataset\bird_data\raw\chloris_chloris\XC305077.mp3,19.0,22.0,-27.25216404987002,-32.54730855413122,species,Chloris chloris,European Greenfinch,0.9125497341156006,0.9125497341156006,species,1.0,rand_species,bird_data\clips\species\chloris_chloris\XC305077__s19000__e22000.wav,
chloris_chloris,1010750,Chloris chloris,c:\Users\shado\Year3Projects\FYP\src\dataset\bird_data\raw\chloris_chloris\XC1010750.mp3,1.0,4.0,-31.64170687375767,-31.870253501416858,non_bird,,,0.0,0.0,non_bird,1.0,nonbird_lowconf,bird_data\clips\non_bird\chloris_chloris\XC1010750__s1000__e4000.wav,
chloris_chloris,1010750,Chloris chloris,c:\Users\shado\Year3Projects\FYP\src\dataset\bird_data\raw\chloris_chloris\XC1010750.mp3,4.0,7.0,-30.398971082393928,-31.870253501416858,non_bird,,,0.0,0.0,non_bird,1.0,nonbird_lowconf,bird_data\clips\non_bird\chloris_chloris\XC1010750__s4000__e7000.wav,
chloris_chloris,1010750,Chloris chloris,c:\Users\shado\Year3Projects\FYP\src\dataset\bird_data\raw\chloris_chloris\XC1010750.mp3,7.0,10.0,-21.704629913424675,-31.870253501416858,species,Chloris chloris,European Greenfinch,0.9998706579208374,0.9998706579208374,species,1.0,rand_species,bird_data\clips\species\chloris_chloris\XC1010750__s7000__e10000.wav,
chloris_chloris,1010750,Chloris chloris,c:\Users\shado\Year3Projects\FYP\src\dataset\bird_data\raw\chloris_chloris\XC1010750.mp3,13.0,16.0,-30.166410322241738,-31.870253501416858,drop,Spinus psaltria,Lesser Goldfinch,0.14021797478199005,0.14021797478199005,drop,0.0,,,
chloris_chloris,513945,Chloris chloris,c:\Users\shado\Year3Projects\FYP\src\dataset\bird_data\raw\chloris_chloris\XC513945.mp3,1.0,4.0,-30.14655141027909,-32.694220677420105,drop,Progne subis,Purple Martin,0.9333621263504028,0.9333621263504028,drop,0.0,,,
chloris_chloris,513945,Chloris chloris,c:\Users\shado\Year3Projects\FYP\src\dataset\bird_data\raw\chloris_chloris\XC513945.mp3,4.0,7.0,-30.751966621196555,-32.694220677420105,drop,Progne subis,Purple Martin,0.2285754382610321,0.2285754382610321,drop,0.0,,,
chloris_chloris,513945,Chloris chloris,c:\Users\shado\Year3Projects\FYP\src\dataset\bird_data\raw\chloris_chloris\XC513945.mp3,16.0,19.0,-29.612717852614594,-32.694220677420105,drop,Progne subis,Purple Martin,0.6026096343994141,0.6026096343994141,drop,0.0,,,
chloris_chloris,513945,Chloris chloris,c:\Users\shado\Year3Projects\FYP\src\dataset\bird_data\raw\chloris_chloris\XC513945.mp3,19.0,22.0,-31.39063358877559,-32.694220677420105,drop,Progne subis,Purple Martin,0.8024311661720276,0.8024311661720276,drop,0.0,,,
chloris_chloris,513945,Chloris chloris,c:\Users\shado\Year3Projects\FYP\src\dataset\bird_data\raw\chloris_chloris\XC513945.mp3,22.0,25.0,-29.958324037123695,-32.694220677420105,drop,Progne subis,Purple Martin,0.44800683856010437,0.44800683856010437,drop,0.0,,,
chloris_chloris,680981,Chloris chloris,c:\Users\shado\Year3Projects\FYP\src\dataset\bird_data\raw\chloris_chloris\XC680981.mp3,1.0,4.0,-36.75892305050059,-40.0,drop,Tringa glareola,Wood Sandpiper,0.14071202278137207,0.14071202278137207,drop,0.0,,,
chloris_chloris,684216,Chloris chloris,c:\Users\shado\Year3Projects\FYP\src\dataset\bird_data\raw\chloris_chloris\XC684216.mp3,1.0,4.0,-27.301752568319984,-27.528787298179285,species,Chloris chloris,European Greenfinch,0.9774425029754639,0.9774425029754639,species,1.0,rand_species,bird_data\clips\species\chloris_chloris\XC684216__s1000__e4000.wav,
chloris_chloris,350651,Chloris chloris,c:\Users\shado\Year3Projects\FYP\src\dataset\bird_data\raw\chloris_chloris\XC350651.mp3,1.0,4.0,-20.343376010685944,-26.477947473858233,species,Chloris chloris,European Greenfinch,0.6756070852279663,0.6756070852279663,species,1.0,rand_species,bird_data\clips\species\chloris_chloris\XC350651__s1000__e4000.wav,
chloris_chloris,350651,Chloris chloris,c:\Users\shado\Year3Projects\FYP\src\dataset\bird_data\raw\chloris_chloris\XC350651.mp3,4.0,7.0,-24.98798116952282,-26.477947473858233,species,Chloris chloris,European Greenfinch,0.7922564148902893,0.7922564148902893,species,1.0,rand_species,bird_data\clips\species\chloris_chloris\XC350651__s4000__e7000.wav,
chloris_chloris,871640,Chloris chloris,c:\Users\shado\Year3Projects\FYP\src\dataset\bird_data\raw\chloris_chloris\XC871640.mp3,1.0,4.0,-26.286526075282616,-27.191158504012186,species,Chloris chloris,European Greenfinch,0.6213676929473877,0.6213676929473877,species,0.0,,,
chloris_chloris,871640,Chloris chloris,c:\Users\shado\Year3Projects\FYP\src\dataset\bird_data\raw\chloris_chloris\XC871640.mp3,4.0,7.0,-26.464149890481483,-27.191158504012186,species,Chloris chloris,European Greenfinch,0.6365851163864136,0.6365851163864136,species,0.0,,,
chloris_chloris,871640,Chloris chloris,c:\Users\shado\Year3Projects\FYP\src\dataset\bird_data\raw\chloris_chloris\XC871640.mp3,7.0,10.0,-26.838555526590014,-27.191158504012186,species,Chloris chloris,European Greenfinch,0.7672927975654602,0.7672927975654602,species,1.0,rand_species,bird_data\clips\species\chloris_chloris\XC871640__s7000__e10000.wav,
chloris_chloris,871640,Chloris chloris,c:\Users\shado\Year3Projects\FYP\src\dataset\bird_data\raw\chloris_chloris\XC871640.mp3,16.0,19.0,-26.89866645018112,-27.191158504012186,drop,Sturnus unicolor,Spotless Starling,0.2423674315214157,0.2423674315214157,drop,0.0,,,
chloris_chloris,871640,Chloris chloris,c:\Users\shado\Year3Projects\FYP\src\dataset\bird_data\raw\chloris_chloris\XC871640.mp3,19.0,22.0,-25.052344422561244,-27.191158504012186,species,Chloris chloris,European Greenfinch,0.8108397126197815,0.8108397126197815,species,1.0,rand_species,bird_data\clips\species\chloris_chloris\XC871640__s19000__e22000.wav,
chloris_chloris,871640,Chloris chloris,c:\Users\shado\Year3Projects\FYP\src\dataset\bird_data\raw\chloris_chloris\XC871640.mp3,22.0,25.0,-25.142028089041336,-27.191158504012186,species,Chloris chloris,European Greenfinch,0.735920250415802,0.735920250415802,species,1.0,rand_species,bird_data\clips\species\chloris_chloris\XC871640__s22000__e25000.wav,
chloris_chloris,167102,Chloris chloris,c:\Users\shado\Year3Projects\FYP\src\dataset\bird_data\raw\chloris_chloris\XC167102.mp3,1.0,4.0,-35.07742920914753,-36.284188657274626,species,Chloris chloris,European Greenfinch,0.8916835784912109,0.8916835784912109,species,0.0,,,
chloris_chloris,167102,Chloris chloris,c:\Users\shado\Year3Projects\FYP\src\dataset\bird_data\raw\chloris_chloris\XC167102.mp3,7.0,10.0,-35.2276151811692,-36.284188657274626,species,Chloris chloris,European Greenfinch,0.912184476852417,0.912184476852417,species,1.0,rand_species,bird_data\clips\species\chloris_chloris\XC167102__s7000__e10000.wav,
chloris_chloris,167102,Chloris chloris,c:\Users\shado\Year3Projects\FYP\src\dataset\bird_data\raw\chloris_chloris\XC167102.mp3,10.0,13.0,-35.84175444121491,-36.284188657274626,species,Chloris chloris,European Greenfinch,0.9830717444419861,0.9830717444419861,species,1.0,rand_species,bird_data\clips\species\chloris_chloris\XC167102__s10000__e13000.wav,
chloris_chloris,167102,Chloris chloris,c:\Users\shado\Year3Projects\FYP\src\dataset\bird_data\raw\chloris_chloris\XC167102.mp3,19.0,22.0,-34.20446885244307,-36.284188657274626,species,Chloris chloris,European Greenfinch,0.9397507309913635,0.9397507309913635,species,1.0,rand_species,bird_data\clips\species\chloris_chloris\XC167102__s19000__e22000.wav,
chloris_chloris,167102,Chloris chloris,c:\Users\shado\Year3Projects\FYP\src\dataset\bird_data\raw\chloris_chloris\XC167102.mp3,22.0,25.0,-34.3339100849289,-36.284188657274626,species,Chloris chloris,European Greenfinch,0.9959881901741028,0.9959881901741028,species,0.0,,,
chloris_chloris,167102,Chloris chloris,c:\Users\shado\Year3Projects\FYP\src\dataset\bird_data\raw\chloris_chloris\XC167102.mp3,25.0,28.0,-33.74080393206868,-36.284188657274626,species,Chloris chloris,European Greenfinch,0.8848379254341125,0.8848379254341125,species,0.0,,,
