species_label,xc_id,sci_name,source_path,start_s,end_s,rms_db,rms_gate_thr_db,teacher_decision,teacher_top_sci,teacher_top_common,teacher_top_conf,teacher_max_conf,final_class,selected,selected_reason,clip_path,error
cinclus_cinclus,706895,Cinclus cinclus,c:\Users\shado\Year3Projects\FYP\src\dataset\bird_data\raw\cinclus_cinclus\XC706895.mp3,1.0,4.0,-35.669101862840826,-40.0,drop,Ficedula hypoleuca,European Pied Flycatcher,0.5924514532089233,0.5924514532089233,drop,0.0,,,
cinclus_cinclus,717506,,,,,,,,,,,,,,,,no_windows
cinclus_cinclus,709606,Cinclus cinclus,c:\Users\shado\Year3Projects\FYP\src\dataset\bird_data\raw\cinclus_cinclus\XC709606.mp3,26.0,29.0,-32.66472108493752,-35.05129193326417,species,Cinclus cinclus,White-throated Dipper,0.9797161817550659,0.9797161817550659,species,0.0,,,
cinclus_cinclus,709606,Cinclus cinclus,c:\Users\shado\Year3Projects\FYP\src\dataset\bird_data\raw\cinclus_cinclus\XC709606.mp3,32.0,35.0,-32.05205784414999,-35.05129193326417,species,Cinclus cinclus,White-throated Dipper,0.5090118050575256,0.5090118050575256,species,1.0,rand_species,bird_data\clips\species\cinclus_cinclus\XC709606__s32000__e35000.wav,
cinclus_cinclus,709606,Cinclus cinclus,c:\Users\shado\Year3Projects\FYP\src\dataset\bird_data\raw\cinclus_cinclus\XC709606.mp3,35.0,38.0,-34.91149508661791,-35.05129193326417,species,Cinclus cinclus,White-throated Dipper,0.9480013251304626,0.9480013251304626,species,0.0,,,
cinclus_cinclus,709606,Cinclus cinclus,c:\Users\shado\Year3Projects\FYP\src\dataset\bird_data\raw\cinclus_cinclus\XC709606.mp3,38.0,41.0,-33.77787118128117,-35.05129193326417,species,Cinclus cinclus,White-throated Dipper,0.9728127121925354,0.9728127121925354,species,1.0,rand_species,bird_data\clips\species\cinclus_cinclus\XC709606__s38000__e41000.wav,
cinclus_cinclus,709606,Cinclus cinclus,c:\Users\shado\Year3Projects\FYP\src\dataset\bird_data\raw\cinclus_cinclus\XC709606.mp3,41.0,44.0,-34.84790210189972,-35.05129193326417,species,Cinclus cinclus,White-throated Dipper,0.9962199330329895,0.9962199330329895,species,1.0,rand_species,bird_data\clips\species\cinclus_cinclus\XC709606__s41000__e44000.wav,
cinclus_cinclus,709606,Cinclus cinclus,c:\Users\shado\Year3Projects\FYP\src\dataset\bird_data\raw\cinclus_cinclus\XC709606.mp3,44.0,47.0,-33.52540023938422,-35.05129193326417,species,Cinclus cinclus,White-throated Dipper,0.9858771562576294,0.9858771562576294,species,0.0,,,
cinclus_cinclus,637777,,,,,,,,,,,,,,,,no_windows
cinclus_cinclus,375964,Cinclus cinclus,c:\Users\shado\Year3Projects\FYP\src\dataset\bird_data\raw\cinclus_cinclus\XC375964.mp3,1.0,4.0,-28.173337979814313,-40.0,species,Cinclus cinclus,White-throated Dipper,0.8564562797546387,0.8564562797546387,species,1.0,rand_species,bird_data\clips\species\cinclus_cinclus\XC375964__s1000__e4000.wav,
cinclus_cinclus,375964,Cinclus cinclus,c:\Users\shado\Year3Projects\FYP\src\dataset\bird_data\raw\cinclus_cinclus\XC375964.mp3,4.0,7.0,-35.76623266155083,-40.0,drop,Phylloscopus borealis,Arctic Warbler,0.12509474158287048,0.12509474158287048,drop,0.0,,,
cinclus_cinclus,375964,Cinclus cinclus,c:\Users\shado\Year3Projects\FYP\src\dataset\bird_data\raw\cinclus_cinclus\XC375964.mp3,7.0,10.0,-38.09462536007773,-40.0,drop,Myiothlypis flaveola,Flavescent Warbler,0.2856643795967102,0.2856643795967102,drop,0.0,,,
cinclus_cinclus,569404,Cinclus cinclus,c:\Users\shado\Year3Projects\FYP\src\dataset\bird_data\raw\cinclus_cinclus\XC569404.mp3,1.0,4.0,-36.796986962726194,-36.796986962726194,drop,Anthus spinoletta,Water Pipit,0.18143662810325623,0.18143662810325623,drop,0.0,,,
cinclus_cinclus,380670,Cinclus cinclus,c:\Users\shado\Year3Projects\FYP\src\dataset\bird_data\raw\cinclus_cinclus\XC380670.mp3,1.0,4.0,-29.980905409776014,-33.44005316668318,drop,Phylloscopus borealis,Arctic Warbler,0.8864574432373047,0.8864574432373047,drop,0.0,,,
cinclus_cinclus,380670,Cinclus cinclus,c:\Users\shado\Year3Projects\FYP\src\dataset\bird_data\raw\cinclus_cinclus\XC380670.mp3,4.0,7.0,-29.246282328133457,-33.44005316668318,species,Cinclus cinclus,White-throated Dipper,0.9560364484786987,0.9560364484786987,species,1.0,rand_species,bird_data\clips\species\cinclus_cinclus\XC380670__s4000__e7000.wav,
cinclus_cinclus,380670,Cinclus cinclus,c:\Users\shado\Year3Projects\FYP\src\dataset\bird_data\raw\cinclus_cinclus\XC380670.mp3,7.0,10.0,-28.97229371430061,-33.44005316668318,drop,Phylloscopus borealis,Arctic Warbler,0.9533410668373108,0.9533410668373108,drop,0.0,,,
cinclus_cinclus,380670,Cinclus cinclus,c:\Users\shado\Year3Projects\FYP\src\dataset\bird_data\raw\cinclus_cinclus\XC380670.mp3,10.0,13.0,-30.315956424105522,-33.44005316668318,drop,Phylloscopus borealis,Arctic Warbler,0.9621926546096802,0.9621926546096802,drop,0.0,,,
cinclus_cinclus,380670,Cinclus cinclus,c:\Users\shado\Year3Projects\FYP\src\dataset\bird_data\raw\cinclus_cinclus\XC380670.mp3,22.0,25.0,-28.87654021626569,-33.44005316668318,drop,Phylloscopus borealis,Arctic Warbler,0.9861116409301758,0.9861116409301758,drop,0.0,,,
cinclus_cinclus,673367,Cinclus cinclus,c:\Users\shado\Year3Projects\FYP\src\dataset\bird_data\raw\cinclus_cinclus\XC673367.mp3,1.0,4.0,-24.642767577242708,-27.25025971325983,drop,Phylloscopus borealis,Arctic Warbler,0.9657692313194275,0.9657692313194275,drop,0.0,,,
cinclus_cinclus,758055,Cinclus cinclus,c:\Users\shado\Year3Projects\FYP\src\dataset\bird_data\raw\cinclus_cinclus\XC758055.mp3,1.0,4.0,-22.843673753854922,-22.843673753854922,species,Cinclus cinclus,White-throated Dipper,0.6249128580093384,0.6249128580093384,species,1.0,rand_species,bird_data\clips\species\cinclus_cinclus\XC758055__s1000__e4000.wav,
cinclus_cinclus,688764,Cinclus cinclus,c:\Users\shado\Year3Projects\FYP\src\dataset\bird_data\raw\cinclus_cinclus\XC688764.mp3,1.0,4.0,-30.75343397619442,-31.617257759372997,species,Cinclus cinclus,White-throated Dipper,0.39554306864738464,0.39554306864738464,species,1.0,rand_species,bird_data\clips\species\cinclus_cinclus\XC688764__s1000__e4000.wav,
cinclus_cinclus,688764,Cinclus cinclus,c:\Users\shado\Year3Projects\FYP\src\dataset\bird_data\raw\cinclus_cinclus\XC688764.mp3,4.0,7.0,-29.514115955654926,-31.617257759372997,species,Cinclus cinclus,White-throated Dipper,0.996354341506958,0.996354341506958,species,1.0,rand_species,bird_data\clips\species\cinclus_cinclus\XC688764__s4000__e7000.wav,
cinclus_cinclus,688764,Cinclus cinclus,c:\Users\shado\Year3Projects\FYP\src\dataset\bird_data\raw\cinclus_cinclus\XC688764.mp3,7.0,10.0,-30.685862581154026,-31.617257759372997,species,Cinclus cinclus,White-throated Dipper,0.975449800491333,0.975449800491333,species,0.0,,,
cinclus_cinclus,688764,Cinclus cinclus,c:\Users\shado\Year3Projects\FYP\src\dataset\bird_data\raw\cinclus_cinclus\XC688764.mp3,16.0,19.0,-31.560355088624704,-31.617257759372997,species,Cinclus cinclus,White-throated Dipper,0.7893007397651672,0.7893007397651672,species,0.0,,,
cinclus_cinclus,688764,Cinclus cinclus,c:\Users\shado\Year3Projects\FYP\src\dataset\bird_data\raw\cinclus_cinclus\XC688764.mp3,19.0,22.0,-30.137299294911575,-31.617257759372997,species,Cinclus cinclus,White-throated Dipper,0.8714415431022644,0.8714415431022644,species,0.0,,,
cinclus_cinclus,688764,Cinclus cinclus,c:\Users\shado\Year3Projects\FYP\src\dataset\bird_data\raw\cinclus_cinclus\XC688764.mp3,22.0,25.0,-31.485660987447794,-31.617257759372997,species,Cinclus cinclus,White-throated Dipper,0.5196613669395447,0.5196613669395447,species,1.0,rand_species,bird_data\clips\species\cinclus_cinclus\XC688764__s22000__e25000.wav,
cinclus_cinclus,397286,Cinclus cinclus,c:\Users\shado\Year3Projects\FYP\src\dataset\bird_data\raw\cinclus_cinclus\XC397286.mp3,12.0,15.0,-29.56305464857445,-29.6560968614163,drop,Cinclus mexicanus,American Dipper,0.38100332021713257,0.38100332021713257,drop,0.0,,,
cinclus_cinclus,397286,Cinclus cinclus,c:\Users\shado\Year3Projects\FYP\src\dataset\bird_data\raw\cinclus_cinclus\XC397286.mp3,15.0,18.0,-29.55158919784507,-29.6560968614163,drop,Pica pica,Eurasian Magpie,0.4174845814704895,0.4174845814704895,drop,0.0,,,
cinclus_cinclus,397286,Cinclus cinclus,c:\Users\shado\Year3Projects\FYP\src\dataset\bird_data\raw\cinclus_cinclus\XC397286.mp3,18.0,21.0,-27.94427429189328,-29.6560968614163,drop,Cinclus mexicanus,American Dipper,0.6428076028823853,0.6428076028823853,drop,0.0,,,
cinclus_cinclus,397286,Cinclus cinclus,c:\Users\shado\Year3Projects\FYP\src\dataset\bird_data\raw\cinclus_cinclus\XC397286.mp3,21.0,24.0,-27.49989510258746,-29.6560968614163,species,Cinclus cinclus,White-throated Dipper,0.836916446685791,0.836916446685791,species,1.0,rand_species,bird_data\clips\species\cinclus_cinclus\XC397286__s21000__e24000.wav,
cinclus_cinclus,397286,Cinclus cinclus,c:\Users\shado\Year3Projects\FYP\src\dataset\bird_data\raw\cinclus_cinclus\XC397286.mp3,24.0,27.0,-28.03704257211608,-29.6560968614163,species,Cinclus cinclus,White-throated Dipper,0.737378716468811,0.737378716468811,species,1.0,rand_species,bird_data\clips\species\cinclus_cinclus\XC397286__s24000__e27000.wav,
cinclus_cinclus,397286,Cinclus cinclus,c:\Users\shado\Year3Projects\FYP\src\dataset\bird_data\raw\cinclus_cinclus\XC397286.mp3,27.0,30.0,-29.121812510946228,-29.6560968614163,species,Cinclus cinclus,White-throated Dipper,0.9254389405250549,0.9254389405250549,species,1.0,rand_species,bird_data\clips\species\cinclus_cinclus\XC397286__s27000__e30000.wav,
cinclus_cinclus,613345,Cinclus cinclus,c:\Users\shado\Year3Projects\FYP\src\dataset\bird_data\raw\cinclus_cinclus\XC613345.mp3,1.0,4.0,-39.343991898580185,-40.0,species,Cinclus cinclus,White-throated Dipper,0.4845893979072571,0.4845893979072571,species,1.0,rand_species,bird_data\clips\species\cinclus_cinclus\XC613345__s1000__e4000.wav,
cinclus_cinclus,613345,Cinclus cinclus,c:\Users\shado\Year3Projects\FYP\src\dataset\bird_data\raw\cinclus_cinclus\XC613345.mp3,4.0,7.0,-26.8624477527244,-40.0,species,Cinclus cinclus,White-throated Dipper,0.6512439250946045,0.6512439250946045,species,0.0,,,
cinclus_cinclus,613345,Cinclus cinclus,c:\Users\shado\Year3Projects\FYP\src\dataset\bird_data\raw\cinclus_cinclus\XC613345.mp3,7.0,10.0,-25.159105586948858,-40.0,non_bird,,,0.0,0.0,non_bird,1.0,nonbird_lowconf,bird_data\clips\non_bird\cinclus_cinclus\XC613345__s7000__e10000.wav,
cinclus_cinclus,613345,Cinclus cinclus,c:\Users\shado\Year3Projects\FYP\src\dataset\bird_data\raw\cinclus_cinclus\XC613345.mp3,10.0,13.0,-30.473819675765192,-40.0,species,Cinclus cinclus,White-throated Dipper,0.6672579646110535,0.6672579646110535,species,1.0,rand_species,bird_data\clips\species\cinclus_cinclus\XC613345__s10000__e13000.wav,
cinclus_cinclus,613345,Cinclus cinclus,c:\Users\shado\Year3Projects\FYP\src\dataset\bird_data\raw\cinclus_cinclus\XC613345.mp3,13.0,16.0,-31.521375680186804,-40.0,species,Cinclus cinclus,White-throated Dipper,0.5850836634635925,0.5850836634635925,species,1.0,rand_species,bird_data\clips\species\cinclus_cinclus\XC613345__s13000__e16000.wav,
cinclus_cinclus,613345,Cinclus cinclus,c:\Users\shado\Year3Projects\FYP\src\dataset\bird_data\raw\cinclus_cinclus\XC613345.mp3,16.0,19.0,-35.61861871729103,-40.0,species,Cinclus cinclus,White-throated Dipper,0.8758141398429871,0.8758141398429871,species,0.0,,,
cinclus_cinclus,621043,,,,,,,,,,,,,,,,no_windows
cinclus_cinclus,633228,Cinclus cinclus,c:\Users\shado\Year3Projects\FYP\src\dataset\bird_data\raw\cinclus_cinclus\XC633228.mp3,4.0,7.0,-33.87907112970356,-40.0,species,Cinclus cinclus,White-throated Dipper,0.8360617756843567,0.8360617756843567,species,1.0,rand_species,bird_data\clips\species\cinclus_cinclus\XC633228__s4000__e7000.wav,
cinclus_cinclus,633228,Cinclus cinclus,c:\Users\shado\Year3Projects\FYP\src\dataset\bird_data\raw\cinclus_cinclus\XC633228.mp3,19.0,22.0,-38.71218416592235,-40.0,species,Cinclus cinclus,White-throated Dipper,0.9274441599845886,0.9274441599845886,species,1.0,rand_species,bird_data\clips\species\cinclus_cinclus\XC633228__s19000__e22000.wav,
cinclus_cinclus,99141,Cinclus cinclus,c:\Users\shado\Year3Projects\FYP\src\dataset\bird_data\raw\cinclus_cinclus\XC99141.mp3,4.0,7.0,-18.840193847194108,-19.682620699631126,species,Cinclus cinclus,White-throated Dipper,0.9487868547439575,0.9487868547439575,species,0.0,,,
cinclus_cinclus,99141,Cinclus cinclus,c:\Users\shado\Year3Projects\FYP\src\dataset\bird_data\raw\cinclus_cinclus\XC99141.mp3,10.0,13.0,-18.377460504044507,-19.682620699631126,drop,Cinclus cinclus,White-throated Dipper,0.1963089108467102,0.1963089108467102,drop,0.0,,,
cinclus_cinclus,99141,Cinclus cinclus,c:\Users\shado\Year3Projects\FYP\src\dataset\bird_data\raw\cinclus_cinclus\XC99141.mp3,13.0,16.0,-18.63986005888973,-19.682620699631126,drop,Chondestes grammacus,Lark Sparrow,0.33146220445632935,0.33146220445632935,drop,0.0,,,
cinclus_cinclus,99141,Cinclus cinclus,c:\Users\shado\Year3Projects\FYP\src\dataset\bird_data\raw\cinclus_cinclus\XC99141.mp3,16.0,19.0,-17.041345172338062,-19.682620699631126,species,Cinclus cinclus,White-throated Dipper,0.6440560817718506,0.6440560817718506,species,1.0,rand_species,bird_data\clips\species\cinclus_cinclus\XC99141__s16000__e19000.wav,
cinclus_cinclus,99141,Cinclus cinclus,c:\Users\shado\Year3Projects\FYP\src\dataset\bird_data\raw\cinclus_cinclus\XC99141.mp3,19.0,22.0,-18.803169400407516,-19.682620699631126,species,Cinclus cinclus,White-throated Dipper,0.9463302493095398,0.9463302493095398,species,1.0,rand_species,bird_data\clips\species\cinclus_cinclus\XC99141__s19000__e22000.wav,
cinclus_cinclus,99141,Cinclus cinclus,c:\Users\shado\Year3Projects\FYP\src\dataset\bird_data\raw\cinclus_cinclus\XC99141.mp3,22.0,25.0,-19.13108134261386,-19.682620699631126,species,Cinclus cinclus,White-throated Dipper,0.9105097055435181,0.9105097055435181,species,1.0,rand_species,bird_data\clips\species\cinclus_cinclus\XC99141__s22000__e25000.wav,
cinclus_cinclus,244019,Cinclus cinclus,c:\Users\shado\Year3Projects\FYP\src\dataset\bird_data\raw\cinclus_cinclus\XC244019.mp3,1.0,4.0,-22.41249666389978,-31.37303032306724,drop,Acrocephalus palustris,Marsh Warbler,0.2507418990135193,0.2507418990135193,drop,0.0,,,
cinclus_cinclus,244019,Cinclus cinclus,c:\Users\shado\Year3Projects\FYP\src\dataset\bird_data\raw\cinclus_cinclus\XC244019.mp3,4.0,7.0,-27.97160148759695,-31.37303032306724,non_bird,,,0.0,0.0,non_bird,1.0,nonbird_lowconf,bird_data\clips\non_bird\cinclus_cinclus\XC244019__s4000__e7000.wav,
cinclus_cinclus,244019,Cinclus cinclus,c:\Users\shado\Year3Projects\FYP\src\dataset\bird_data\raw\cinclus_cinclus\XC244019.mp3,7.0,10.0,-26.786620752559852,-31.37303032306724,species,Cinclus cinclus,White-throated Dipper,0.4081881642341614,0.4081881642341614,species,1.0,rand_species,bird_data\clips\species\cinclus_cinclus\XC244019__s7000__e10000.wav,
cinclus_cinclus,244019,Cinclus cinclus,c:\Users\shado\Year3Projects\FYP\src\dataset\bird_data\raw\cinclus_cinclus\XC244019.mp3,10.0,13.0,-25.74204496832109,-31.37303032306724,drop,Alcedo atthis,Common Kingfisher,0.4763105511665344,0.4763105511665344,drop,0.0,,,
cinclus_cinclus,244019,Cinclus cinclus,c:\Users\shado\Year3Projects\FYP\src\dataset\bird_data\raw\cinclus_cinclus\XC244019.mp3,13.0,16.0,-28.490713215508663,-31.37303032306724,drop,Alcedo atthis,Common Kingfisher,0.8462640643119812,0.8462640643119812,drop,0.0,,,
cinclus_cinclus,569402,Cinclus cinclus,c:\Users\shado\Year3Projects\FYP\src\dataset\bird_data\raw\cinclus_cinclus\XC569402.mp3,1.0,4.0,-36.73436927482961,-36.73436927482961,drop,Cinclus mexicanus,American Dipper,0.23976412415504456,0.23976412415504456,drop,0.0,,,
cinclus_cinclus,579984,Cinclus cinclus,c:\Users\shado\Year3Projects\FYP\src\dataset\bird_data\raw\cinclus_cinclus\XC579984.mp3,1.0,4.0,-35.53401825648986,-38.4262130576707,species,Cinclus cinclus,White-throated Dipper,0.9820235371589661,0.9820235371589661,species,1.0,rand_species,bird_data\clips\species\cinclus_cinclus\XC579984__s1000__e4000.wav,
cinclus_cinclus,579984,Cinclus cinclus,c:\Users\shado\Year3Projects\FYP\src\dataset\bird_data\raw\cinclus_cinclus\XC579984.mp3,4.0,7.0,-37.72562969185101,-38.4262130576707,species,Cinclus cinclus,White-throated Dipper,0.9804481863975525,0.9804481863975525,species,1.0,rand_species,bird_data\clips\species\cinclus_cinclus\XC579984__s4000__e7000.wav,
cinclus_cinclus,579984,Cinclus cinclus,c:\Users\shado\Year3Projects\FYP\src\dataset\bird_data\raw\cinclus_cinclus\XC579984.mp3,7.0,10.0,-38.38314880305454,-38.4262130576707,species,Cinclus cinclus,White-throated Dipper,0.801406741142273,0.801406741142273,species,1.0,rand_species,bird_data\clips\species\cinclus_cinclus\XC579984__s7000__e10000.wav,
cinclus_cinclus,579984,Cinclus cinclus,c:\Users\shado\Year3Projects\FYP\src\dataset\bird_data\raw\cinclus_cinclus\XC579984.mp3,19.0,22.0,-38.178810213282084,-38.4262130576707,species,Cinclus cinclus,White-throated Dipper,0.6414186954498291,0.6414186954498291,species,0.0,,,
cinclus_cinclus,579984,Cinclus cinclus,c:\Users\shado\Year3Projects\FYP\src\dataset\bird_data\raw\cinclus_cinclus\XC579984.mp3,22.0,25.0,-38.22286090792827,-38.4262130576707,species,Cinclus cinclus,White-throated Dipper,0.3700653612613678,0.3700653612613678,species,0.0,,,
cinclus_cinclus,1045919,Cinclus cinclus,c:\Users\shado\Year3Projects\FYP\src\dataset\bird_data\raw\cinclus_cinclus\XC1045919.mp3,1.0,4.0,-34.14606713937805,-36.527187906620846,drop,Cinnyris asiaticus,Purple Sunbird,0.2509689927101135,0.2509689927101135,drop,0.0,,,
cinclus_cinclus,757607,Cinclus cinclus,c:\Users\shado\Year3Projects\FYP\src\dataset\bird_data\raw\cinclus_cinclus\XC757607.mp3,4.0,7.0,-21.406621502165436,-21.45867262741045,drop,Acrocephalus bistrigiceps,Black-browed Reed Warbler,0.3004796802997589,0.3004796802997589,drop,0.0,,,
cinclus_cinclus,757607,Cinclus cinclus,c:\Users\shado\Year3Projects\FYP\src\dataset\bird_data\raw\cinclus_cinclus\XC757607.mp3,10.0,13.0,-20.83630523678451,-21.45867262741045,species,Cinclus cinclus,White-throated Dipper,0.8273671269416809,0.8273671269416809,species,1.0,rand_species,bird_data\clips\species\cinclus_cinclus\XC757607__s10000__e13000.wav,
cinclus_cinclus,757607,Cinclus cinclus,c:\Users\shado\Year3Projects\FYP\src\dataset\bird_data\raw\cinclus_cinclus\XC757607.mp3,13.0,16.0,-20.096926356685046,-21.45867262741045,species,Cinclus cinclus,White-throated Dipper,0.7417989373207092,0.7417989373207092,species,1.0,rand_species,bird_data\clips\species\cinclus_cinclus\XC757607__s13000__e16000.wav,
cinclus_cinclus,757607,Cinclus cinclus,c:\Users\shado\Year3Projects\FYP\src\dataset\bird_data\raw\cinclus_cinclus\XC757607.mp3,16.0,19.0,-20.855140001267046,-21.45867262741045,species,Cinclus cinclus,White-throated Dipper,0.5138711929321289,0.5138711929321289,species,1.0,rand_species,bird_data\clips\species\cinclus_cinclus\XC757607__s16000__e19000.wav,
cinclus_cinclus,757607,Cinclus cinclus,c:\Users\shado\Year3Projects\FYP\src\dataset\bird_data\raw\cinclus_cinclus\XC757607.mp3,19.0,22.0,-21.083191904321474,-21.45867262741045,species,Cinclus cinclus,White-throated Dipper,0.8422107696533203,0.8422107696533203,species,0.0,,,
cinclus_cinclus,1054699,Cinclus cinclus,c:\Users\shado\Year3Projects\FYP\src\dataset\bird_data\raw\cinclus_cinclus\XC1054699.mp3,1.0,4.0,-22.660382723702952,-22.660382723702952,non_bird,,,0.0,0.0,non_bird,1.0,nonbird_lowconf,bird_data\clips\non_bird\cinclus_cinclus\XC1054699__s1000__e4000.wav,
cinclus_cinclus,512901,Cinclus cinclus,c:\Users\shado\Year3Projects\FYP\src\dataset\bird_data\raw\cinclus_cinclus\XC512901.mp3,1.0,4.0,-28.162286430638108,-30.933082982283697,species,Cinclus cinclus,White-throated Dipper,0.5772532820701599,0.5772532820701599,species,0.0,,,
cinclus_cinclus,512901,Cinclus cinclus,c:\Users\shado\Year3Projects\FYP\src\dataset\bird_data\raw\cinclus_cinclus\XC512901.mp3,4.0,7.0,-28.188135430834585,-30.933082982283697,species,Cinclus cinclus,White-throated Dipper,0.9531538486480713,0.9531538486480713,species,1.0,rand_species,bird_data\clips\species\cinclus_cinclus\XC512901__s4000__e7000.wav,
cinclus_cinclus,512901,Cinclus cinclus,c:\Users\shado\Year3Projects\FYP\src\dataset\bird_data\raw\cinclus_cinclus\XC512901.mp3,7.0,10.0,-29.76256505349959,-30.933082982283697,species,Cinclus cinclus,White-throated Dipper,0.9892815351486206,0.9892815351486206,species,1.0,rand_species,bird_data\clips\species\cinclus_cinclus\XC512901__s7000__e10000.wav,
cinclus_cinclus,512901,Cinclus cinclus,c:\Users\shado\Year3Projects\FYP\src\dataset\bird_data\raw\cinclus_cinclus\XC512901.mp3,10.0,13.0,-29.16330808822969,-30.933082982283697,species,Cinclus cinclus,White-throated Dipper,0.5526626706123352,0.5526626706123352,species,0.0,,,
cinclus_cinclus,512901,Cinclus cinclus,c:\Users\shado\Year3Projects\FYP\src\dataset\bird_data\raw\cinclus_cinclus\XC512901.mp3,16.0,19.0,-30.905338555671165,-30.933082982283697,species,Cinclus cinclus,White-throated Dipper,0.638941764831543,0.638941764831543,species,0.0,,,
cinclus_cinclus,512901,Cinclus cinclus,c:\Users\shado\Year3Projects\FYP\src\dataset\bird_data\raw\cinclus_cinclus\XC512901.mp3,22.0,25.0,-28.460034534564677,-30.933082982283697,species,Cinclus cinclus,White-throated Dipper,0.6715186834335327,0.6715186834335327,species,1.0,rand_species,bird_data\clips\species\cinclus_cinclus\XC512901__s22000__e25000.wav,
cinclus_cinclus,613344,Cinclus cinclus,c:\Users\shado\Year3Projects\FYP\src\dataset\bird_data\raw\cinclus_cinclus\XC613344.mp3,1.0,4.0,-42.36566323601504,-40.0,species,Cinclus cinclus,White-throated Dipper,0.9864939451217651,0.9864939451217651,species,1.0,rand_species,bird_data\clips\species\cinclus_cinclus\XC613344__s1000__e4000.wav,
cinclus_cinclus,530663,Cinclus cinclus,c:\Users\shado\Year3Projects\FYP\src\dataset\bird_data\raw\cinclus_cinclus\XC530663.mp3,1.0,4.0,-18.26674182144782,-30.042257774426798,drop,Cinclus cinclus,White-throated Dipper,0.17953695356845856,0.17953695356845856,drop,0.0,,,
cinclus_cinclus,530663,Cinclus cinclus,c:\Users\shado\Year3Projects\FYP\src\dataset\bird_data\raw\cinclus_cinclus\XC530663.mp3,4.0,7.0,-21.839930668947176,-30.042257774426798,drop,Cinclus mexicanus,American Dipper,0.29484623670578003,0.29484623670578003,drop,0.0,,,
cinclus_cinclus,530663,Cinclus cinclus,c:\Users\shado\Year3Projects\FYP\src\dataset\bird_data\raw\cinclus_cinclus\XC530663.mp3,7.0,10.0,-16.190301940070924,-30.042257774426798,drop,Cinclus mexicanus,American Dipper,0.12579087913036346,0.12579087913036346,drop,0.0,,,
cinclus_cinclus,530663,Cinclus cinclus,c:\Users\shado\Year3Projects\FYP\src\dataset\bird_data\raw\cinclus_cinclus\XC530663.mp3,13.0,16.0,-27.50823743310167,-30.042257774426798,species,Cinclus cinclus,White-throated Dipper,0.525344729423523,0.525344729423523,species,1.0,rand_species,bird_data\clips\species\cinclus_cinclus\XC530663__s13000__e16000.wav,
cinclus_cinclus,530663,Cinclus cinclus,c:\Users\shado\Year3Projects\FYP\src\dataset\bird_data\raw\cinclus_cinclus\XC530663.mp3,16.0,19.0,-17.867246087550186,-30.042257774426798,drop,Lanius excubitor,Great Gray Shrike,0.11434134840965271,0.11434134840965271,drop,0.0,,,
cinclus_cinclus,633227,Cinclus cinclus,c:\Users\shado\Year3Projects\FYP\src\dataset\bird_data\raw\cinclus_cinclus\XC633227.mp3,1.0,4.0,-36.96362629276697,-40.0,species,Cinclus cinclus,White-throated Dipper,0.5162829756736755,0.5162829756736755,species,1.0,rand_species,bird_data\clips\species\cinclus_cinclus\XC633227__s1000__e4000.wav,
cinclus_cinclus,633227,Cinclus cinclus,c:\Users\shado\Year3Projects\FYP\src\dataset\bird_data\raw\cinclus_cinclus\XC633227.mp3,16.0,19.0,-32.22560516453625,-40.0,drop,Phylloscopus borealis,Arctic Warbler,0.9759011268615723,0.9759011268615723,drop,0.0,,,
cinclus_cinclus,987685,Cinclus cinclus,c:\Users\shado\Year3Projects\FYP\src\dataset\bird_data\raw\cinclus_cinclus\XC987685.mp3,30.0,33.0,-45.88632349370699,-40.0,drop,Anthus spinoletta,Water Pipit,0.43469473719596863,0.43469473719596863,drop,0.0,,,
cinclus_cinclus,178371,Cinclus cinclus,c:\Users\shado\Year3Projects\FYP\src\dataset\bird_data\raw\cinclus_cinclus\XC178371.mp3,1.0,4.0,-31.02313376797658,-38.949428542416186,species,Cinclus cinclus,White-throated Dipper,0.4401480257511139,0.4401480257511139,species,1.0,rand_species,bird_data\clips\species\cinclus_cinclus\XC178371__s1000__e4000.wav,
cinclus_cinclus,178371,Cinclus cinclus,c:\Users\shado\Year3Projects\FYP\src\dataset\bird_data\raw\cinclus_cinclus\XC178371.mp3,7.0,10.0,-38.683919322538486,-38.949428542416186,drop,Tesia cyaniventer,Gray-bellied Tesia,0.1802433729171753,0.1802433729171753,drop,0.0,,,
cinclus_cinclus,178371,Cinclus cinclus,c:\Users\shado\Year3Projects\FYP\src\dataset\bird_data\raw\cinclus_cinclus\XC178371.mp3,10.0,13.0,-37.13818998758285,-38.949428542416186,species,Cinclus cinclus,White-throated Dipper,0.3464614748954773,0.3464614748954773,species,1.0,rand_species,bird_data\clips\species\cinclus_cinclus\XC178371__s10000__e13000.wav,
cinclus_cinclus,569097,,,,,,,,,,,,,,,,no_windows
cinclus_cinclus,195723,Cinclus cinclus,c:\Users\shado\Year3Projects\FYP\src\dataset\bird_data\raw\cinclus_cinclus\XC195723.mp3,7.0,10.0,-41.39010797616078,-40.0,species,Cinclus cinclus,White-throated Dipper,0.6402316093444824,0.6402316093444824,species,1.0,rand_species,bird_data\clips\species\cinclus_cinclus\XC195723__s7000__e10000.wav,
cinclus_cinclus,944124,Cinclus cinclus,c:\Users\shado\Year3Projects\FYP\src\dataset\bird_data\raw\cinclus_cinclus\XC944124.mp3,1.0,4.0,-34.01009530792645,-34.140584089208375,drop,Cinclus mexicanus,American Dipper,0.3888072669506073,0.3888072669506073,drop,0.0,,,
cinclus_cinclus,944124,Cinclus cinclus,c:\Users\shado\Year3Projects\FYP\src\dataset\bird_data\raw\cinclus_cinclus\XC944124.mp3,4.0,7.0,-33.62181572440538,-34.140584089208375,species,Cinclus cinclus,White-throated Dipper,0.8996685147285461,0.8996685147285461,species,1.0,rand_species,bird_data\clips\species\cinclus_cinclus\XC944124__s4000__e7000.wav,
cinclus_cinclus,944124,Cinclus cinclus,c:\Users\shado\Year3Projects\FYP\src\dataset\bird_data\raw\cinclus_cinclus\XC944124.mp3,7.0,10.0,-33.7560326921119,-34.140584089208375,drop,Cinclus cinclus,White-throated Dipper,0.28655844926834106,0.28655844926834106,drop,0.0,,,
cinclus_cinclus,944124,Cinclus cinclus,c:\Users\shado\Year3Projects\FYP\src\dataset\bird_data\raw\cinclus_cinclus\XC944124.mp3,10.0,13.0,-33.88462805046047,-34.140584089208375,species,Cinclus cinclus,White-throated Dipper,0.7122578024864197,0.7122578024864197,species,1.0,rand_species,bird_data\clips\species\cinclus_cinclus\XC944124__s10000__e13000.wav,
cinclus_cinclus,944124,Cinclus cinclus,c:\Users\shado\Year3Projects\FYP\src\dataset\bird_data\raw\cinclus_cinclus\XC944124.mp3,19.0,22.0,-34.07602113080027,-34.140584089208375,species,Cinclus cinclus,White-throated Dipper,0.9754170179367065,0.9754170179367065,species,1.0,rand_species,bird_data\clips\species\cinclus_cinclus\XC944124__s19000__e22000.wav,
cinclus_cinclus,1054698,Cinclus cinclus,c:\Users\shado\Year3Projects\FYP\src\dataset\bird_data\raw\cinclus_cinclus\XC1054698.mp3,4.0,7.0,-19.912501599808202,-20.062820653279168,non_bird,,,0.0,0.0,non_bird,1.0,nonbird_lowconf,bird_data\clips\non_bird\cinclus_cinclus\XC1054698__s4000__e7000.wav,
cinclus_cinclus,855109,Cinclus cinclus,c:\Users\shado\Year3Projects\FYP\src\dataset\bird_data\raw\cinclus_cinclus\XC855109.mp3,19.0,22.0,-41.00464107876316,-40.0,species,Cinclus cinclus,White-throated Dipper,0.9924113750457764,0.9924113750457764,species,1.0,rand_species,bird_data\clips\species\cinclus_cinclus\XC855109__s19000__e22000.wav,
cinclus_cinclus,700212,Cinclus cinclus,c:\Users\shado\Year3Projects\FYP\src\dataset\bird_data\raw\cinclus_cinclus\XC700212.mp3,17.0,20.0,-21.700320353050092,-26.584218875836765,species,Cinclus cinclus,White-throated Dipper,0.3716024160385132,0.3716024160385132,species,0.0,,,
cinclus_cinclus,700212,Cinclus cinclus,c:\Users\shado\Year3Projects\FYP\src\dataset\bird_data\raw\cinclus_cinclus\XC700212.mp3,20.0,23.0,-19.65479794365153,-26.584218875836765,drop,Melaenornis silens,Fiscal Flycatcher,0.2559404969215393,0.2559404969215393,drop,0.0,,,
cinclus_cinclus,700212,Cinclus cinclus,c:\Users\shado\Year3Projects\FYP\src\dataset\bird_data\raw\cinclus_cinclus\XC700212.mp3,23.0,26.0,-20.65169792122566,-26.584218875836765,species,Cinclus cinclus,White-throated Dipper,0.9918370842933655,0.9918370842933655,species,0.0,,,
cinclus_cinclus,700212,Cinclus cinclus,c:\Users\shado\Year3Projects\FYP\src\dataset\bird_data\raw\cinclus_cinclus\XC700212.mp3,26.0,29.0,-24.690801998128077,-26.584218875836765,species,Cinclus cinclus,White-throated Dipper,0.9882221817970276,0.9882221817970276,species,1.0,rand_species,bird_data\clips\species\cinclus_cinclus\XC700212__s26000__e29000.wav,
cinclus_cinclus,700212,Cinclus cinclus,c:\Users\shado\Year3Projects\FYP\src\dataset\bird_data\raw\cinclus_cinclus\XC700212.mp3,29.0,32.0,-21.278824222972432,-26.584218875836765,species,Cinclus cinclus,White-throated Dipper,0.99811851978302,0.99811851978302,species,1.0,rand_species,bird_data\clips\species\cinclus_cinclus\XC700212__s29000__e32000.wav,
cinclus_cinclus,700212,Cinclus cinclus,c:\Users\shado\Year3Projects\FYP\src\dataset\bird_data\raw\cinclus_cinclus\XC700212.mp3,32.0,35.0,-19.0332138492658,-26.584218875836765,species,Cinclus cinclus,White-throated Dipper,0.8658972382545471,0.8658972382545471,species,1.0,rand_species,bird_data\clips\species\cinclus_cinclus\XC700212__s32000__e35000.wav,
cinclus_cinclus,871379,Cinclus cinclus,c:\Users\shado\Year3Projects\FYP\src\dataset\bird_data\raw\cinclus_cinclus\XC871379.mp3,4.0,7.0,-50.66541011399092,-40.0,species,Cinclus cinclus,White-throated Dipper,0.35855159163475037,0.35855159163475037,species,1.0,rand_species,bird_data\clips\species\cinclus_cinclus\XC871379__s4000__e7000.wav,
cinclus_cinclus,633226,Cinclus cinclus,c:\Users\shado\Year3Projects\FYP\src\dataset\bird_data\raw\cinclus_cinclus\XC633226.mp3,1.0,4.0,-37.955778340738355,-40.0,species,Cinclus cinclus,White-throated Dipper,0.9560604095458984,0.9560604095458984,species,1.0,rand_species,bird_data\clips\species\cinclus_cinclus\XC633226__s1000__e4000.wav,
cinclus_cinclus,829195,Cinclus cinclus,c:\Users\shado\Year3Projects\FYP\src\dataset\bird_data\raw\cinclus_cinclus\XC829195.mp3,1.0,4.0,-42.052862631792564,-40.0,species,Cinclus cinclus,White-throated Dipper,0.8967083692550659,0.8967083692550659,species,1.0,rand_species,bird_data\clips\species\cinclus_cinclus\XC829195__s1000__e4000.wav,
cinclus_cinclus,402002,Cinclus cinclus,c:\Users\shado\Year3Projects\FYP\src\dataset\bird_data\raw\cinclus_cinclus\XC402002.mp3,1.0,4.0,-22.180007323533182,-28.591066205541512,species,Cinclus cinclus,White-throated Dipper,0.9880552887916565,0.9880552887916565,species,1.0,rand_species,bird_data\clips\species\cinclus_cinclus\XC402002__s1000__e4000.wav,
cinclus_cinclus,402002,Cinclus cinclus,c:\Users\shado\Year3Projects\FYP\src\dataset\bird_data\raw\cinclus_cinclus\XC402002.mp3,4.0,7.0,-28.218521281112196,-28.591066205541512,species,Cinclus cinclus,White-throated Dipper,0.5451983213424683,0.5451983213424683,species,1.0,rand_species,bird_data\clips\species\cinclus_cinclus\XC402002__s4000__e7000.wav,
cinclus_cinclus,402002,Cinclus cinclus,c:\Users\shado\Year3Projects\FYP\src\dataset\bird_data\raw\cinclus_cinclus\XC402002.mp3,7.0,10.0,-26.07256892752215,-28.591066205541512,species,Cinclus cinclus,White-throated Dipper,0.7356151938438416,0.7356151938438416,species,0.0,,,
cinclus_cinclus,402002,Cinclus cinclus,c:\Users\shado\Year3Projects\FYP\src\dataset\bird_data\raw\cinclus_cinclus\XC402002.mp3,10.0,13.0,-28.288783704726292,-28.591066205541512,species,Cinclus cinclus,White-throated Dipper,0.8785172700881958,0.8785172700881958,species,1.0,rand_species,bird_data\clips\species\cinclus_cinclus\XC402002__s10000__e13000.wav,
cinclus_cinclus,757994,Cinclus cinclus,c:\Users\shado\Year3Projects\FYP\src\dataset\bird_data\raw\cinclus_cinclus\XC757994.mp3,1.0,4.0,-29.166371487598536,-29.166371487598536,species,Cinclus cinclus,White-throated Dipper,0.9727263450622559,0.9727263450622559,species,1.0,rand_species,bird_data\clips\species\cinclus_cinclus\XC757994__s1000__e4000.wav,
cinclus_cinclus,1054696,Cinclus cinclus,c:\Users\shado\Year3Projects\FYP\src\dataset\bird_data\raw\cinclus_cinclus\XC1054696.mp3,1.0,4.0,-32.74634379401651,-40.0,drop,Forpus modestus,Dusky-billed Parrotlet,0.4032354950904846,0.4032354950904846,drop,0.0,,,
cinclus_cinclus,694116,Cinclus cinclus,c:\Users\shado\Year3Projects\FYP\src\dataset\bird_data\raw\cinclus_cinclus\XC694116.mp3,9.0,12.0,-26.654917072026187,-27.89522107703345,species,Cinclus cinclus,White-throated Dipper,0.9969123601913452,0.9969123601913452,species,0.0,,,
cinclus_cinclus,694116,Cinclus cinclus,c:\Users\shado\Year3Projects\FYP\src\dataset\bird_data\raw\cinclus_cinclus\XC694116.mp3,12.0,15.0,-26.179323049866458,-27.89522107703345,species,Cinclus cinclus,White-throated Dipper,0.9838736653327942,0.9838736653327942,species,1.0,rand_species,bird_data\clips\species\cinclus_cinclus\XC694116__s12000__e15000.wav,
cinclus_cinclus,694116,Cinclus cinclus,c:\Users\shado\Year3Projects\FYP\src\dataset\bird_data\raw\cinclus_cinclus\XC694116.mp3,15.0,18.0,-25.40664083992709,-27.89522107703345,species,Cinclus cinclus,White-throated Dipper,0.4981917142868042,0.4981917142868042,species,1.0,rand_species,bird_data\clips\species\cinclus_cinclus\XC694116__s15000__e18000.wav,
cinclus_cinclus,694116,Cinclus cinclus,c:\Users\shado\Year3Projects\FYP\src\dataset\bird_data\raw\cinclus_cinclus\XC694116.mp3,18.0,21.0,-27.708329763329477,-27.89522107703345,species,Cinclus cinclus,White-throated Dipper,0.8343067169189453,0.8343067169189453,species,1.0,rand_species,bird_data\clips\species\cinclus_cinclus\XC694116__s18000__e21000.wav,
cinclus_cinclus,694116,Cinclus cinclus,c:\Users\shado\Year3Projects\FYP\src\dataset\bird_data\raw\cinclus_cinclus\XC694116.mp3,24.0,27.0,-26.247906472499384,-27.89522107703345,species,Cinclus cinclus,White-throated Dipper,0.5196999907493591,0.5196999907493591,species,0.0,,,
cinclus_cinclus,694116,Cinclus cinclus,c:\Users\shado\Year3Projects\FYP\src\dataset\bird_data\raw\cinclus_cinclus\XC694116.mp3,30.0,33.0,-27.750129157460442,-27.89522107703345,species,Cinclus cinclus,White-throated Dipper,0.9627772569656372,0.9627772569656372,species,0.0,,,
cinclus_cinclus,700209,Cinclus cinclus,c:\Users\shado\Year3Projects\FYP\src\dataset\bird_data\raw\cinclus_cinclus\XC700209.mp3,1.0,4.0,-25.030697995791982,-35.51838184505868,species,Cinclus cinclus,White-throated Dipper,0.9752241373062134,0.9752241373062134,species,1.0,rand_species,bird_data\clips\species\cinclus_cinclus\XC700209__s1000__e4000.wav,
cinclus_cinclus,700209,Cinclus cinclus,c:\Users\shado\Year3Projects\FYP\src\dataset\bird_data\raw\cinclus_cinclus\XC700209.mp3,4.0,7.0,-27.94358787192624,-35.51838184505868,species,Cinclus cinclus,White-throated Dipper,0.8438793420791626,0.8438793420791626,species,0.0,,,
cinclus_cinclus,700209,Cinclus cinclus,c:\Users\shado\Year3Projects\FYP\src\dataset\bird_data\raw\cinclus_cinclus\XC700209.mp3,7.0,10.0,-25.032442049567717,-35.51838184505868,species,Cinclus cinclus,White-throated Dipper,0.9996806383132935,0.9996806383132935,species,0.0,,,
cinclus_cinclus,700209,Cinclus cinclus,c:\Users\shado\Year3Projects\FYP\src\dataset\bird_data\raw\cinclus_cinclus\XC700209.mp3,10.0,13.0,-24.41214667940058,-35.51838184505868,species,Cinclus cinclus,White-throated Dipper,0.970611035823822,0.970611035823822,species,0.0,,,
cinclus_cinclus,700209,Cinclus cinclus,c:\Users\shado\Year3Projects\FYP\src\dataset\bird_data\raw\cinclus_cinclus\XC700209.mp3,13.0,16.0,-27.645879799037118,-35.51838184505868,species,Cinclus cinclus,White-throated Dipper,0.6612722873687744,0.6612722873687744,species,1.0,rand_species,bird_data\clips\species\cinclus_cinclus\XC700209__s13000__e16000.wav,
cinclus_cinclus,700209,Cinclus cinclus,c:\Users\shado\Year3Projects\FYP\src\dataset\bird_data\raw\cinclus_cinclus\XC700209.mp3,16.0,19.0,-29.5178747919776,-35.51838184505868,species,Cinclus cinclus,White-throated Dipper,0.9563412070274353,0.9563412070274353,species,1.0,rand_species,bird_data\clips\species\cinclus_cinclus\XC700209__s16000__e19000.wav,
cinclus_cinclus,687370,Cinclus cinclus,c:\Users\shado\Year3Projects\FYP\src\dataset\bird_data\raw\cinclus_cinclus\XC687370.mp3,1.0,4.0,-26.293822385473987,-29.27475888614089,species,Cinclus cinclus,White-throated Dipper,0.9157899022102356,0.9157899022102356,species,1.0,rand_species,bird_data\clips\species\cinclus_cinclus\XC687370__s1000__e4000.wav,
cinclus_cinclus,687370,Cinclus cinclus,c:\Users\shado\Year3Projects\FYP\src\dataset\bird_data\raw\cinclus_cinclus\XC687370.mp3,4.0,7.0,-23.70494954920625,-29.27475888614089,species,Cinclus cinclus,White-throated Dipper,0.760735034942627,0.760735034942627,species,0.0,,,
cinclus_cinclus,687370,Cinclus cinclus,c:\Users\shado\Year3Projects\FYP\src\dataset\bird_data\raw\cinclus_cinclus\XC687370.mp3,10.0,13.0,-29.046713969114126,-29.27475888614089,species,Cinclus cinclus,White-throated Dipper,0.7706469297409058,0.7706469297409058,species,0.0,,,
cinclus_cinclus,687370,Cinclus cinclus,c:\Users\shado\Year3Projects\FYP\src\dataset\bird_data\raw\cinclus_cinclus\XC687370.mp3,16.0,19.0,-28.67425331297568,-29.27475888614089,species,Cinclus cinclus,White-throated Dipper,0.9992561936378479,0.9992561936378479,species,0.0,,,
cinclus_cinclus,687370,Cinclus cinclus,c:\Users\shado\Year3Projects\FYP\src\dataset\bird_data\raw\cinclus_cinclus\XC687370.mp3,19.0,22.0,-23.527423712473094,-29.27475888614089,species,Cinclus cinclus,White-throated Dipper,0.4373663663864136,0.4373663663864136,species,1.0,rand_species,bird_data\clips\species\cinclus_cinclus\XC687370__s19000__e22000.wav,
cinclus_cinclus,687370,Cinclus cinclus,c:\Users\shado\Year3Projects\FYP\src\dataset\bird_data\raw\cinclus_cinclus\XC687370.mp3,22.0,25.0,-29.157972955064476,-29.27475888614089,species,Cinclus cinclus,White-throated Dipper,0.9996758699417114,0.9996758699417114,species,1.0,rand_species,bird_data\clips\species\cinclus_cinclus\XC687370__s22000__e25000.wav,
cinclus_cinclus,633223,Cinclus cinclus,c:\Users\shado\Year3Projects\FYP\src\dataset\bird_data\raw\cinclus_cinclus\XC633223.mp3,4.0,7.0,-41.3528317161167,-40.0,drop,Phylloscopus borealis,Arctic Warbler,0.9466866254806519,0.9466866254806519,drop,0.0,,,
cinclus_cinclus,679087,Cinclus cinclus,c:\Users\shado\Year3Projects\FYP\src\dataset\bird_data\raw\cinclus_cinclus\XC679087.mp3,11.0,14.0,-36.98486760244158,-40.0,species,Cinclus cinclus,White-throated Dipper,0.8306211233139038,0.8306211233139038,species,1.0,rand_species,bird_data\clips\species\cinclus_cinclus\XC679087__s11000__e14000.wav,
cinclus_cinclus,679087,Cinclus cinclus,c:\Users\shado\Year3Projects\FYP\src\dataset\bird_data\raw\cinclus_cinclus\XC679087.mp3,14.0,17.0,-33.4600082701268,-40.0,species,Cinclus cinclus,White-throated Dipper,0.7886243462562561,0.7886243462562561,species,0.0,,,
cinclus_cinclus,679087,Cinclus cinclus,c:\Users\shado\Year3Projects\FYP\src\dataset\bird_data\raw\cinclus_cinclus\XC679087.mp3,20.0,23.0,-35.9521077959871,-40.0,species,Cinclus cinclus,White-throated Dipper,0.9932816028594971,0.9932816028594971,species,1.0,rand_species,bird_data\clips\species\cinclus_cinclus\XC679087__s20000__e23000.wav,
cinclus_cinclus,679087,Cinclus cinclus,c:\Users\shado\Year3Projects\FYP\src\dataset\bird_data\raw\cinclus_cinclus\XC679087.mp3,23.0,26.0,-33.893600055068674,-40.0,species,Cinclus cinclus,White-throated Dipper,0.39830631017684937,0.39830631017684937,species,1.0,rand_species,bird_data\clips\species\cinclus_cinclus\XC679087__s23000__e26000.wav,
cinclus_cinclus,402001,Cinclus cinclus,c:\Users\shado\Year3Projects\FYP\src\dataset\bird_data\raw\cinclus_cinclus\XC402001.mp3,7.0,10.0,-25.32148521847175,-28.32734555965171,drop,Certhia himalayana,Bar-tailed Treecreeper,0.6544402241706848,0.6544402241706848,drop,0.0,,,
cinclus_cinclus,402001,Cinclus cinclus,c:\Users\shado\Year3Projects\FYP\src\dataset\bird_data\raw\cinclus_cinclus\XC402001.mp3,10.0,13.0,-24.555087110039466,-28.32734555965171,drop,Certhia himalayana,Bar-tailed Treecreeper,0.515626847743988,0.515626847743988,drop,0.0,,,
cinclus_cinclus,402001,Cinclus cinclus,c:\Users\shado\Year3Projects\FYP\src\dataset\bird_data\raw\cinclus_cinclus\XC402001.mp3,13.0,16.0,-21.4567855149501,-28.32734555965171,drop,Certhia himalayana,Bar-tailed Treecreeper,0.5359209179878235,0.5359209179878235,drop,0.0,,,
cinclus_cinclus,758980,Cinclus cinclus,c:\Users\shado\Year3Projects\FYP\src\dataset\bird_data\raw\cinclus_cinclus\XC758980.mp3,1.0,4.0,-26.599396480351253,-27.36468817664731,species,Cinclus cinclus,White-throated Dipper,0.4858875870704651,0.4858875870704651,species,0.0,,,
cinclus_cinclus,758980,Cinclus cinclus,c:\Users\shado\Year3Projects\FYP\src\dataset\bird_data\raw\cinclus_cinclus\XC758980.mp3,4.0,7.0,-24.621050500624126,-27.36468817664731,species,Cinclus cinclus,White-throated Dipper,0.9985587000846863,0.9985587000846863,species,1.0,rand_species,bird_data\clips\species\cinclus_cinclus\XC758980__s4000__e7000.wav,
cinclus_cinclus,758980,Cinclus cinclus,c:\Users\shado\Year3Projects\FYP\src\dataset\bird_data\raw\cinclus_cinclus\XC758980.mp3,7.0,10.0,-25.317123884751446,-27.36468817664731,species,Cinclus cinclus,White-throated Dipper,0.6344154477119446,0.6344154477119446,species,1.0,rand_species,bird_data\clips\species\cinclus_cinclus\XC758980__s7000__e10000.wav,
cinclus_cinclus,758980,Cinclus cinclus,c:\Users\shado\Year3Projects\FYP\src\dataset\bird_data\raw\cinclus_cinclus\XC758980.mp3,10.0,13.0,-27.07451421995978,-27.36468817664731,species,Cinclus cinclus,White-throated Dipper,0.9310773015022278,0.9310773015022278,species,0.0,,,
cinclus_cinclus,758980,Cinclus cinclus,c:\Users\shado\Year3Projects\FYP\src\dataset\bird_data\raw\cinclus_cinclus\XC758980.mp3,13.0,16.0,-26.88329769759656,-27.36468817664731,species,Cinclus cinclus,White-throated Dipper,0.9960635304450989,0.9960635304450989,species,1.0,rand_species,bird_data\clips\species\cinclus_cinclus\XC758980__s13000__e16000.wav,
cinclus_cinclus,758980,Cinclus cinclus,c:\Users\shado\Year3Projects\FYP\src\dataset\bird_data\raw\cinclus_cinclus\XC758980.mp3,19.0,22.0,-26.62203069620899,-27.36468817664731,species,Cinclus cinclus,White-throated Dipper,0.6511160731315613,0.6511160731315613,species,0.0,,,
cinclus_cinclus,685851,Cinclus cinclus,c:\Users\shado\Year3Projects\FYP\src\dataset\bird_data\raw\cinclus_cinclus\XC685851.mp3,1.0,4.0,-37.23440550865988,-37.23440550865988,drop,Phylloscopus borealis,Arctic Warbler,0.5618895292282104,0.5618895292282104,drop,0.0,,,
cinclus_cinclus,694114,Cinclus cinclus,c:\Users\shado\Year3Projects\FYP\src\dataset\bird_data\raw\cinclus_cinclus\XC694114.mp3,1.0,4.0,-24.999161661560315,-28.69538525760584,species,Cinclus cinclus,White-throated Dipper,0.9783459305763245,0.9783459305763245,species,1.0,rand_species,bird_data\clips\species\cinclus_cinclus\XC694114__s1000__e4000.wav,
cinclus_cinclus,694114,Cinclus cinclus,c:\Users\shado\Year3Projects\FYP\src\dataset\bird_data\raw\cinclus_cinclus\XC694114.mp3,4.0,7.0,-22.940672180205638,-28.69538525760584,species,Cinclus cinclus,White-throated Dipper,0.9963397979736328,0.9963397979736328,species,0.0,,,
cinclus_cinclus,694114,Cinclus cinclus,c:\Users\shado\Year3Projects\FYP\src\dataset\bird_data\raw\cinclus_cinclus\XC694114.mp3,7.0,10.0,-23.105500286279312,-28.69538525760584,species,Cinclus cinclus,White-throated Dipper,0.9527848958969116,0.9527848958969116,species,0.0,,,
cinclus_cinclus,694114,Cinclus cinclus,c:\Users\shado\Year3Projects\FYP\src\dataset\bird_data\raw\cinclus_cinclus\XC694114.mp3,10.0,13.0,-25.96230775685489,-28.69538525760584,species,Cinclus cinclus,White-throated Dipper,0.9745725393295288,0.9745725393295288,species,0.0,,,
cinclus_cinclus,694114,Cinclus cinclus,c:\Users\shado\Year3Projects\FYP\src\dataset\bird_data\raw\cinclus_cinclus\XC694114.mp3,13.0,16.0,-26.800004696452845,-28.69538525760584,species,Cinclus cinclus,White-throated Dipper,0.9030069708824158,0.9030069708824158,species,1.0,rand_species,bird_data\clips\species\cinclus_cinclus\XC694114__s13000__e16000.wav,
cinclus_cinclus,694114,Cinclus cinclus,c:\Users\shado\Year3Projects\FYP\src\dataset\bird_data\raw\cinclus_cinclus\XC694114.mp3,19.0,22.0,-27.904289263844912,-28.69538525760584,species,Cinclus cinclus,White-throated Dipper,0.9151038527488708,0.9151038527488708,species,1.0,rand_species,bird_data\clips\species\cinclus_cinclus\XC694114__s19000__e22000.wav,
cinclus_cinclus,699160,Cinclus cinclus,c:\Users\shado\Year3Projects\FYP\src\dataset\bird_data\raw\cinclus_cinclus\XC699160.mp3,16.0,19.0,-51.04468926994275,-40.0,drop,Periparus ater,Coal Tit,0.17531639337539673,0.17531639337539673,drop,0.0,,,
cinclus_cinclus,528686,Cinclus cinclus,c:\Users\shado\Year3Projects\FYP\src\dataset\bird_data\raw\cinclus_cinclus\XC528686.mp3,1.0,4.0,-33.38771665811799,-40.0,drop,Phylloscopus borealis,Arctic Warbler,0.3519479036331177,0.3519479036331177,drop,0.0,,,
cinclus_cinclus,528686,Cinclus cinclus,c:\Users\shado\Year3Projects\FYP\src\dataset\bird_data\raw\cinclus_cinclus\XC528686.mp3,4.0,7.0,-37.819709430901575,-40.0,drop,Premnornis guttuliger,Rusty-winged Barbtail,0.17493689060211182,0.17493689060211182,drop,0.0,,,
cinclus_cinclus,528686,Cinclus cinclus,c:\Users\shado\Year3Projects\FYP\src\dataset\bird_data\raw\cinclus_cinclus\XC528686.mp3,7.0,10.0,-35.663189296228616,-40.0,drop,Phylloscopus borealis,Arctic Warbler,0.9730435013771057,0.9730435013771057,drop,0.0,,,
cinclus_cinclus,528686,Cinclus cinclus,c:\Users\shado\Year3Projects\FYP\src\dataset\bird_data\raw\cinclus_cinclus\XC528686.mp3,25.0,28.0,-36.929996466461915,-40.0,drop,Phylloscopus borealis,Arctic Warbler,0.8747649788856506,0.8747649788856506,drop,0.0,,,
cinclus_cinclus,633222,Cinclus cinclus,c:\Users\shado\Year3Projects\FYP\src\dataset\bird_data\raw\cinclus_cinclus\XC633222.mp3,1.0,4.0,-34.34840117827492,-40.0,drop,Phylloscopus borealis,Arctic Warbler,0.9769030809402466,0.9769030809402466,drop,0.0,,,
cinclus_cinclus,636566,Cinclus cinclus,c:\Users\shado\Year3Projects\FYP\src\dataset\bird_data\raw\cinclus_cinclus\XC636566.mp3,1.0,4.0,-37.283044306243994,-37.283044306243994,species,Cinclus cinclus,White-throated Dipper,0.9451435208320618,0.9451435208320618,species,1.0,rand_species,bird_data\clips\species\cinclus_cinclus\XC636566__s1000__e4000.wav,
cinclus_cinclus,402000,Cinclus cinclus,c:\Users\shado\Year3Projects\FYP\src\dataset\bird_data\raw\cinclus_cinclus\XC402000.mp3,1.0,4.0,-29.692691024012355,-40.0,drop,Certhia himalayana,Bar-tailed Treecreeper,0.11890298873186111,0.11890298873186111,drop,0.0,,,
cinclus_cinclus,402000,Cinclus cinclus,c:\Users\shado\Year3Projects\FYP\src\dataset\bird_data\raw\cinclus_cinclus\XC402000.mp3,4.0,7.0,-22.75943018746752,-40.0,drop,Mirafra affinis,Jerdon's Bushlark,0.15156088769435883,0.15156088769435883,drop,0.0,,,
cinclus_cinclus,402000,Cinclus cinclus,c:\Users\shado\Year3Projects\FYP\src\dataset\bird_data\raw\cinclus_cinclus\XC402000.mp3,7.0,10.0,-33.65949948265841,-40.0,non_bird,,,0.0,0.0,non_bird,1.0,nonbird_lowconf,bird_data\clips\non_bird\cinclus_cinclus\XC402000__s7000__e10000.wav,
cinclus_cinclus,402000,Cinclus cinclus,c:\Users\shado\Year3Projects\FYP\src\dataset\bird_data\raw\cinclus_cinclus\XC402000.mp3,10.0,13.0,-31.653226472006697,-40.0,drop,Regulus ignicapilla,Common Firecrest,0.6986327767372131,0.6986327767372131,drop,0.0,,,
cinclus_cinclus,402000,Cinclus cinclus,c:\Users\shado\Year3Projects\FYP\src\dataset\bird_data\raw\cinclus_cinclus\XC402000.mp3,13.0,16.0,-25.206689961720436,-40.0,drop,Regulus ignicapilla,Common Firecrest,0.15851891040802002,0.15851891040802002,drop,0.0,,,
cinclus_cinclus,402000,Cinclus cinclus,c:\Users\shado\Year3Projects\FYP\src\dataset\bird_data\raw\cinclus_cinclus\XC402000.mp3,16.0,19.0,-38.778412203215865,-40.0,drop,Certhia himalayana,Bar-tailed Treecreeper,0.5225518345832825,0.5225518345832825,drop,0.0,,,
cinclus_cinclus,758979,Cinclus cinclus,c:\Users\shado\Year3Projects\FYP\src\dataset\bird_data\raw\cinclus_cinclus\XC758979.mp3,4.0,7.0,-25.998574811428785,-28.813688141076565,species,Cinclus cinclus,White-throated Dipper,0.362406462430954,0.362406462430954,species,1.0,rand_species,bird_data\clips\species\cinclus_cinclus\XC758979__s4000__e7000.wav,
cinclus_cinclus,758979,Cinclus cinclus,c:\Users\shado\Year3Projects\FYP\src\dataset\bird_data\raw\cinclus_cinclus\XC758979.mp3,7.0,10.0,-28.804210411538907,-28.813688141076565,species,Cinclus cinclus,White-throated Dipper,0.863886296749115,0.863886296749115,species,1.0,rand_species,bird_data\clips\species\cinclus_cinclus\XC758979__s7000__e10000.wav,
cinclus_cinclus,758979,Cinclus cinclus,c:\Users\shado\Year3Projects\FYP\src\dataset\bird_data\raw\cinclus_cinclus\XC758979.mp3,10.0,13.0,-28.213395995392993,-28.813688141076565,species,Cinclus cinclus,White-throated Dipper,0.9607052206993103,0.9607052206993103,species,1.0,rand_species,bird_data\clips\species\cinclus_cinclus\XC758979__s10000__e13000.wav,
cinclus_cinclus,758979,Cinclus cinclus,c:\Users\shado\Year3Projects\FYP\src\dataset\bird_data\raw\cinclus_cinclus\XC758979.mp3,19.0,22.0,-26.84923571236282,-28.813688141076565,drop,Colibri serrirostris,White-vented Violetear,0.12055706977844238,0.12055706977844238,drop,0.0,,,
cinclus_cinclus,758979,Cinclus cinclus,c:\Users\shado\Year3Projects\FYP\src\dataset\bird_data\raw\cinclus_cinclus\XC758979.mp3,22.0,25.0,-26.355503891728485,-28.813688141076565,non_bird,,,0.0,0.0,non_bird,1.0,nonbird_lowconf,bird_data\clips\non_bird\cinclus_cinclus\XC758979__s22000__e25000.wav,
cinclus_cinclus,758979,Cinclus cinclus,c:\Users\shado\Year3Projects\FYP\src\dataset\bird_data\raw\cinclus_cinclus\XC758979.mp3,25.0,28.0,-25.042695154644534,-28.813688141076565,drop,Colibri serrirostris,White-vented Violetear,0.15362796187400818,0.15362796187400818,drop,0.0,,,
cinclus_cinclus,685849,Cinclus cinclus,c:\Users\shado\Year3Projects\FYP\src\dataset\bird_data\raw\cinclus_cinclus\XC685849.mp3,1.0,4.0,-36.76712160434992,-40.0,drop,Empidonomus aurantioatrocristatus,Crowned Slaty Flycatcher,0.27712321281433105,0.27712321281433105,drop,0.0,,,
cinclus_cinclus,691870,Cinclus cinclus,c:\Users\shado\Year3Projects\FYP\src\dataset\bird_data\raw\cinclus_cinclus\XC691870.mp3,6.0,9.0,-27.547352781244918,-27.664183886879297,species,Cinclus cinclus,White-throated Dipper,0.9657501578330994,0.9657501578330994,species,0.0,,,
cinclus_cinclus,691870,Cinclus cinclus,c:\Users\shado\Year3Projects\FYP\src\dataset\bird_data\raw\cinclus_cinclus\XC691870.mp3,9.0,12.0,-27.255759966855663,-27.664183886879297,species,Cinclus cinclus,White-throated Dipper,0.6040878295898438,0.6040878295898438,species,1.0,rand_species,bird_data\clips\species\cinclus_cinclus\XC691870__s9000__e12000.wav,
cinclus_cinclus,691870,Cinclus cinclus,c:\Users\shado\Year3Projects\FYP\src\dataset\bird_data\raw\cinclus_cinclus\XC691870.mp3,21.0,24.0,-27.48553838243152,-27.664183886879297,species,Cinclus cinclus,White-throated Dipper,0.676654577255249,0.676654577255249,species,1.0,rand_species,bird_data\clips\species\cinclus_cinclus\XC691870__s21000__e24000.wav,
cinclus_cinclus,691870,Cinclus cinclus,c:\Users\shado\Year3Projects\FYP\src\dataset\bird_data\raw\cinclus_cinclus\XC691870.mp3,24.0,27.0,-22.177681997665637,-27.664183886879297,species,Cinclus cinclus,White-throated Dipper,0.8910219073295593,0.8910219073295593,species,1.0,rand_species,bird_data\clips\species\cinclus_cinclus\XC691870__s24000__e27000.wav,
cinclus_cinclus,691870,Cinclus cinclus,c:\Users\shado\Year3Projects\FYP\src\dataset\bird_data\raw\cinclus_cinclus\XC691870.mp3,27.0,30.0,-22.31428663822905,-27.664183886879297,non_bird,,,0.0,0.0,non_bird,1.0,nonbird_lowconf,bird_data\clips\non_bird\cinclus_cinclus\XC691870__s27000__e30000.wav,
cinclus_cinclus,691870,Cinclus cinclus,c:\Users\shado\Year3Projects\FYP\src\dataset\bird_data\raw\cinclus_cinclus\XC691870.mp3,30.0,33.0,-26.327169600280357,-27.664183886879297,non_bird,,,0.0,0.0,non_bird,1.0,nonbird_lowconf,bird_data\clips\non_bird\cinclus_cinclus\XC691870__s30000__e33000.wav,
cinclus_cinclus,660925,Cinclus cinclus,c:\Users\shado\Year3Projects\FYP\src\dataset\bird_data\raw\cinclus_cinclus\XC660925.mp3,1.0,4.0,-28.93261614367426,-31.4929782659184,species,Cinclus cinclus,White-throated Dipper,0.9966552257537842,0.9966552257537842,species,1.0,rand_species,bird_data\clips\species\cinclus_cinclus\XC660925__s1000__e4000.wav,
cinclus_cinclus,660925,Cinclus cinclus,c:\Users\shado\Year3Projects\FYP\src\dataset\bird_data\raw\cinclus_cinclus\XC660925.mp3,4.0,7.0,-28.92346689767061,-31.4929782659184,species,Cinclus cinclus,White-throated Dipper,0.9997305274009705,0.9997305274009705,species,0.0,,,
cinclus_cinclus,660925,Cinclus cinclus,c:\Users\shado\Year3Projects\FYP\src\dataset\bird_data\raw\cinclus_cinclus\XC660925.mp3,7.0,10.0,-30.16690994584646,-31.4929782659184,species,Cinclus cinclus,White-throated Dipper,0.8148398399353027,0.8148398399353027,species,1.0,rand_species,bird_data\clips\species\cinclus_cinclus\XC660925__s7000__e10000.wav,
cinclus_cinclus,660925,Cinclus cinclus,c:\Users\shado\Year3Projects\FYP\src\dataset\bird_data\raw\cinclus_cinclus\XC660925.mp3,13.0,16.0,-31.425518782713194,-31.4929782659184,species,Cinclus cinclus,White-throated Dipper,0.9863388538360596,0.9863388538360596,species,1.0,rand_species,bird_data\clips\species\cinclus_cinclus\XC660925__s13000__e16000.wav,
cinclus_cinclus,464807,Cinclus cinclus,c:\Users\shado\Year3Projects\FYP\src\dataset\bird_data\raw\cinclus_cinclus\XC464807.mp3,7.0,10.0,-47.13299096371361,-40.0,species,Cinclus cinclus,White-throated Dipper,0.3430096507072449,0.3430096507072449,species,1.0,rand_species,bird_data\clips\species\cinclus_cinclus\XC464807__s7000__e10000.wav,
cinclus_cinclus,548841,Cinclus cinclus,c:\Users\shado\Year3Projects\FYP\src\dataset\bird_data\raw\cinclus_cinclus\XC548841.mp3,29.0,32.0,-38.38347652074993,-40.0,species,Cinclus cinclus,White-throated Dipper,0.7596974968910217,0.7596974968910217,species,1.0,rand_species,bird_data\clips\species\cinclus_cinclus\XC548841__s29000__e32000.wav,
cinclus_cinclus,548841,Cinclus cinclus,c:\Users\shado\Year3Projects\FYP\src\dataset\bird_data\raw\cinclus_cinclus\XC548841.mp3,47.0,50.0,-38.65252038283755,-40.0,species,Cinclus cinclus,White-throated Dipper,0.9960522651672363,0.9960522651672363,species,1.0,rand_species,bird_data\clips\species\cinclus_cinclus\XC548841__s47000__e50000.wav,
cinclus_cinclus,548841,Cinclus cinclus,c:\Users\shado\Year3Projects\FYP\src\dataset\bird_data\raw\cinclus_cinclus\XC548841.mp3,50.0,53.0,-30.978654108774183,-40.0,species,Cinclus cinclus,White-throated Dipper,0.6096475720405579,0.6096475720405579,species,1.0,rand_species,bird_data\clips\species\cinclus_cinclus\XC548841__s50000__e53000.wav,
cinclus_cinclus,408865,Cinclus cinclus,c:\Users\shado\Year3Projects\FYP\src\dataset\bird_data\raw\cinclus_cinclus\XC408865.mp3,4.0,7.0,-20.121091354251295,-24.037013088321945,drop,Cinclus cinclus,White-throated Dipper,0.29618701338768005,0.29618701338768005,drop,0.0,,,
cinclus_cinclus,408865,Cinclus cinclus,c:\Users\shado\Year3Projects\FYP\src\dataset\bird_data\raw\cinclus_cinclus\XC408865.mp3,7.0,10.0,-23.603337147157152,-24.037013088321945,species,Cinclus cinclus,White-throated Dipper,0.9600668549537659,0.9600668549537659,species,1.0,rand_species,bird_data\clips\species\cinclus_cinclus\XC408865__s7000__e10000.wav,
cinclus_cinclus,401999,Cinclus cinclus,c:\Users\shado\Year3Projects\FYP\src\dataset\bird_data\raw\cinclus_cinclus\XC401999.mp3,1.0,4.0,-25.47958485751235,-26.80309791771254,species,Cinclus cinclus,White-throated Dipper,0.9028229117393494,0.9028229117393494,species,1.0,rand_species,bird_data\clips\species\cinclus_cinclus\XC401999__s1000__e4000.wav,
cinclus_cinclus,401999,Cinclus cinclus,c:\Users\shado\Year3Projects\FYP\src\dataset\bird_data\raw\cinclus_cinclus\XC401999.mp3,4.0,7.0,-25.675337521192247,-26.80309791771254,species,Cinclus cinclus,White-throated Dipper,0.9689506888389587,0.9689506888389587,species,1.0,rand_species,bird_data\clips\species\cinclus_cinclus\XC401999__s4000__e7000.wav,
cinclus_cinclus,401999,Cinclus cinclus,c:\Users\shado\Year3Projects\FYP\src\dataset\bird_data\raw\cinclus_cinclus\XC401999.mp3,13.0,16.0,-26.55383904472,-26.80309791771254,species,Cinclus cinclus,White-throated Dipper,0.8981451988220215,0.8981451988220215,species,1.0,rand_species,bird_data\clips\species\cinclus_cinclus\XC401999__s13000__e16000.wav,
cinclus_cinclus,401999,Cinclus cinclus,c:\Users\shado\Year3Projects\FYP\src\dataset\bird_data\raw\cinclus_cinclus\XC401999.mp3,16.0,19.0,-25.436407488207564,-26.80309791771254,drop,Ficedula hypoleuca,European Pied Flycatcher,0.4264991879463196,0.4264991879463196,drop,0.0,,,
cinclus_cinclus,758030,Cinclus cinclus,c:\Users\shado\Year3Projects\FYP\src\dataset\bird_data\raw\cinclus_cinclus\XC758030.mp3,1.0,4.0,-30.94597188700817,-30.94597188700817,drop,Dryobates minor,Lesser Spotted Woodpecker,0.10518838465213776,0.10518838465213776,drop,0.0,,,
cinclus_cinclus,294941,Cinclus cinclus,c:\Users\shado\Year3Projects\FYP\src\dataset\bird_data\raw\cinclus_cinclus\XC294941.mp3,1.0,4.0,-32.344379952782475,-36.99129260800925,species,Cinclus cinclus,White-throated Dipper,0.9918032288551331,0.9918032288551331,species,1.0,rand_species,bird_data\clips\species\cinclus_cinclus\XC294941__s1000__e4000.wav,
cinclus_cinclus,294941,Cinclus cinclus,c:\Users\shado\Year3Projects\FYP\src\dataset\bird_data\raw\cinclus_cinclus\XC294941.mp3,7.0,10.0,-36.661844321845834,-36.99129260800925,species,Cinclus cinclus,White-throated Dipper,0.983565628528595,0.983565628528595,species,1.0,rand_species,bird_data\clips\species\cinclus_cinclus\XC294941__s7000__e10000.wav,
cinclus_cinclus,512900,Cinclus cinclus,c:\Users\shado\Year3Projects\FYP\src\dataset\bird_data\raw\cinclus_cinclus\XC512900.mp3,1.0,4.0,-28.734757079580415,-40.0,species,Cinclus cinclus,White-throated Dipper,0.8994352221488953,0.8994352221488953,species,1.0,rand_species,bird_data\clips\species\cinclus_cinclus\XC512900__s1000__e4000.wav,
cinclus_cinclus,512900,Cinclus cinclus,c:\Users\shado\Year3Projects\FYP\src\dataset\bird_data\raw\cinclus_cinclus\XC512900.mp3,10.0,13.0,-32.064325233538455,-40.0,species,Cinclus cinclus,White-throated Dipper,0.7087067365646362,0.7087067365646362,species,1.0,rand_species,bird_data\clips\species\cinclus_cinclus\XC512900__s10000__e13000.wav,
cinclus_cinclus,512900,Cinclus cinclus,c:\Users\shado\Year3Projects\FYP\src\dataset\bird_data\raw\cinclus_cinclus\XC512900.mp3,13.0,16.0,-30.809005630717735,-40.0,species,Cinclus cinclus,White-throated Dipper,0.9991415739059448,0.9991415739059448,species,1.0,rand_species,bird_data\clips\species\cinclus_cinclus\XC512900__s13000__e16000.wav,
cinclus_cinclus,621686,Cinclus cinclus,c:\Users\shado\Year3Projects\FYP\src\dataset\bird_data\raw\cinclus_cinclus\XC621686.mp3,4.0,7.0,-42.42524076065614,-40.0,drop,Phylloscopus borealis,Arctic Warbler,0.8709097504615784,0.8709097504615784,drop,0.0,,,
cinclus_cinclus,463935,Cinclus cinclus,c:\Users\shado\Year3Projects\FYP\src\dataset\bird_data\raw\cinclus_cinclus\XC463935.mp3,1.0,4.0,-48.52211895409556,-40.0,species,Cinclus cinclus,White-throated Dipper,0.39559322595596313,0.39559322595596313,species,1.0,rand_species,bird_data\clips\species\cinclus_cinclus\XC463935__s1000__e4000.wav,
cinclus_cinclus,462020,Cinclus cinclus,c:\Users\shado\Year3Projects\FYP\src\dataset\bird_data\raw\cinclus_cinclus\XC462020.mp3,12.0,15.0,-37.26786866992251,-37.83393946665016,species,Cinclus cinclus,White-throated Dipper,0.995860755443573,0.995860755443573,species,0.0,,,
cinclus_cinclus,462020,Cinclus cinclus,c:\Users\shado\Year3Projects\FYP\src\dataset\bird_data\raw\cinclus_cinclus\XC462020.mp3,15.0,18.0,-37.29467806405611,-37.83393946665016,species,Cinclus cinclus,White-throated Dipper,0.9975155591964722,0.9975155591964722,species,1.0,rand_species,bird_data\clips\species\cinclus_cinclus\XC462020__s15000__e18000.wav,
cinclus_cinclus,462020,Cinclus cinclus,c:\Users\shado\Year3Projects\FYP\src\dataset\bird_data\raw\cinclus_cinclus\XC462020.mp3,18.0,21.0,-36.736322957887026,-37.83393946665016,species,Cinclus cinclus,White-throated Dipper,0.9984001517295837,0.9984001517295837,species,0.0,,,
cinclus_cinclus,462020,Cinclus cinclus,c:\Users\shado\Year3Projects\FYP\src\dataset\bird_data\raw\cinclus_cinclus\XC462020.mp3,24.0,27.0,-31.33843281229965,-37.83393946665016,species,Cinclus cinclus,White-throated Dipper,0.8486661911010742,0.8486661911010742,species,1.0,rand_species,bird_data\clips\species\cinclus_cinclus\XC462020__s24000__e27000.wav,
cinclus_cinclus,462020,Cinclus cinclus,c:\Users\shado\Year3Projects\FYP\src\dataset\bird_data\raw\cinclus_cinclus\XC462020.mp3,27.0,30.0,-28.55030260618961,-37.83393946665016,species,Cinclus cinclus,White-throated Dipper,0.9987866282463074,0.9987866282463074,species,0.0,,,
cinclus_cinclus,462020,Cinclus cinclus,c:\Users\shado\Year3Projects\FYP\src\dataset\bird_data\raw\cinclus_cinclus\XC462020.mp3,30.0,33.0,-28.49438026773186,-37.83393946665016,species,Cinclus cinclus,White-throated Dipper,0.9596030712127686,0.9596030712127686,species,1.0,rand_species,bird_data\clips\species\cinclus_cinclus\XC462020__s30000__e33000.wav,
cinclus_cinclus,408864,Cinclus cinclus,c:\Users\shado\Year3Projects\FYP\src\dataset\bird_data\raw\cinclus_cinclus\XC408864.mp3,7.0,10.0,-28.650537582631163,-32.182468949020425,species,Cinclus cinclus,White-throated Dipper,0.9887651205062866,0.9887651205062866,species,1.0,rand_species,bird_data\clips\species\cinclus_cinclus\XC408864__s7000__e10000.wav,
cinclus_cinclus,408864,Cinclus cinclus,c:\Users\shado\Year3Projects\FYP\src\dataset\bird_data\raw\cinclus_cinclus\XC408864.mp3,10.0,13.0,-24.068224665912243,-32.182468949020425,species,Cinclus cinclus,White-throated Dipper,0.9894604682922363,0.9894604682922363,species,1.0,rand_species,bird_data\clips\species\cinclus_cinclus\XC408864__s10000__e13000.wav,
cinclus_cinclus,408864,Cinclus cinclus,c:\Users\shado\Year3Projects\FYP\src\dataset\bird_data\raw\cinclus_cinclus\XC408864.mp3,13.0,16.0,-31.811906962961398,-32.182468949020425,species,Cinclus cinclus,White-throated Dipper,0.9863281846046448,0.9863281846046448,species,1.0,rand_species,bird_data\clips\species\cinclus_cinclus\XC408864__s13000__e16000.wav,
cinclus_cinclus,401998,Cinclus cinclus,c:\Users\shado\Year3Projects\FYP\src\dataset\bird_data\raw\cinclus_cinclus\XC401998.mp3,1.0,4.0,-20.73904620634682,-22.770898506572575,drop,Certhia himalayana,Bar-tailed Treecreeper,0.4419187605381012,0.4419187605381012,drop,0.0,,,
cinclus_cinclus,401998,Cinclus cinclus,c:\Users\shado\Year3Projects\FYP\src\dataset\bird_data\raw\cinclus_cinclus\XC401998.mp3,4.0,7.0,-20.14830861889898,-22.770898506572575,non_bird,,,0.0,0.0,non_bird,1.0,nonbird_lowconf,bird_data\clips\non_bird\cinclus_cinclus\XC401998__s4000__e7000.wav,
cinclus_cinclus,390894,Cinclus cinclus,c:\Users\shado\Year3Projects\FYP\src\dataset\bird_data\raw\cinclus_cinclus\XC390894.mp3,9.0,12.0,-38.649557549903584,-39.18016057516616,species,Cinclus cinclus,White-throated Dipper,0.9805938601493835,0.9805938601493835,species,1.0,rand_species,bird_data\clips\species\cinclus_cinclus\XC390894__s9000__e12000.wav,
cinclus_cinclus,390894,Cinclus cinclus,c:\Users\shado\Year3Projects\FYP\src\dataset\bird_data\raw\cinclus_cinclus\XC390894.mp3,12.0,15.0,-39.17646117429776,-39.18016057516616,species,Cinclus cinclus,White-throated Dipper,0.9965165853500366,0.9965165853500366,species,0.0,,,
cinclus_cinclus,390894,Cinclus cinclus,c:\Users\shado\Year3Projects\FYP\src\dataset\bird_data\raw\cinclus_cinclus\XC390894.mp3,21.0,24.0,-39.13848187602213,-39.18016057516616,species,Cinclus cinclus,White-throated Dipper,0.9596495032310486,0.9596495032310486,species,0.0,,,
cinclus_cinclus,390894,Cinclus cinclus,c:\Users\shado\Year3Projects\FYP\src\dataset\bird_data\raw\cinclus_cinclus\XC390894.mp3,24.0,27.0,-38.61937947494097,-39.18016057516616,species,Cinclus cinclus,White-throated Dipper,0.9881225228309631,0.9881225228309631,species,1.0,rand_species,bird_data\clips\species\cinclus_cinclus\XC390894__s24000__e27000.wav,
cinclus_cinclus,390894,Cinclus cinclus,c:\Users\shado\Year3Projects\FYP\src\dataset\bird_data\raw\cinclus_cinclus\XC390894.mp3,27.0,30.0,-36.83028558735726,-39.18016057516616,species,Cinclus cinclus,White-throated Dipper,0.9713998436927795,0.9713998436927795,species,0.0,,,
cinclus_cinclus,390894,Cinclus cinclus,c:\Users\shado\Year3Projects\FYP\src\dataset\bird_data\raw\cinclus_cinclus\XC390894.mp3,30.0,33.0,-36.815485387057294,-39.18016057516616,species,Cinclus cinclus,White-throated Dipper,0.9857008457183838,0.9857008457183838,species,1.0,rand_species,bird_data\clips\species\cinclus_cinclus\XC390894__s30000__e33000.wav,
cinclus_cinclus,1059358,Cinclus cinclus,c:\Users\shado\Year3Projects\FYP\src\dataset\bird_data\raw\cinclus_cinclus\XC1059358.mp3,1.0,4.0,-39.247488443859964,-40.0,species,Cinclus cinclus,White-throated Dipper,0.8774800896644592,0.8774800896644592,species,1.0,rand_species,bird_data\clips\species\cinclus_cinclus\XC1059358__s1000__e4000.wav,
cinclus_cinclus,72769,Cinclus cinclus,c:\Users\shado\Year3Projects\FYP\src\dataset\bird_data\raw\cinclus_cinclus\XC72769.mp3,19.0,22.0,-42.899896879490875,-40.0,species,Cinclus cinclus,White-throated Dipper,0.9780956506729126,0.9780956506729126,species,1.0,rand_species,bird_data\clips\species\cinclus_cinclus\XC72769__s19000__e22000.wav,
cinclus_cinclus,164928,Cinclus cinclus,c:\Users\shado\Year3Projects\FYP\src\dataset\bird_data\raw\cinclus_cinclus\XC164928.mp3,1.0,4.0,-23.29304383331221,-33.32528092336494,species,Cinclus cinclus,White-throated Dipper,0.9976233839988708,0.9976233839988708,species,1.0,rand_species,bird_data\clips\species\cinclus_cinclus\XC164928__s1000__e4000.wav,
cinclus_cinclus,164928,Cinclus cinclus,c:\Users\shado\Year3Projects\FYP\src\dataset\bird_data\raw\cinclus_cinclus\XC164928.mp3,4.0,7.0,-29.33443911653721,-33.32528092336494,species,Cinclus cinclus,White-throated Dipper,0.9981853365898132,0.9981853365898132,species,1.0,rand_species,bird_data\clips\species\cinclus_cinclus\XC164928__s4000__e7000.wav,
cinclus_cinclus,403105,Cinclus cinclus,c:\Users\shado\Year3Projects\FYP\src\dataset\bird_data\raw\cinclus_cinclus\XC403105.mp3,1.0,4.0,-32.69042308520152,-34.181203306400334,species,Cinclus cinclus,White-throated Dipper,0.9753662347793579,0.9753662347793579,species,1.0,rand_species,bird_data\clips\species\cinclus_cinclus\XC403105__s1000__e4000.wav,
cinclus_cinclus,403105,Cinclus cinclus,c:\Users\shado\Year3Projects\FYP\src\dataset\bird_data\raw\cinclus_cinclus\XC403105.mp3,4.0,7.0,-32.236724944765015,-34.181203306400334,species,Cinclus cinclus,White-throated Dipper,0.9986718893051147,0.9986718893051147,species,1.0,rand_species,bird_data\clips\species\cinclus_cinclus\XC403105__s4000__e7000.wav,
cinclus_cinclus,403105,Cinclus cinclus,c:\Users\shado\Year3Projects\FYP\src\dataset\bird_data\raw\cinclus_cinclus\XC403105.mp3,7.0,10.0,-32.920669800582495,-34.181203306400334,species,Cinclus cinclus,White-throated Dipper,0.9971531629562378,0.9971531629562378,species,1.0,rand_species,bird_data\clips\species\cinclus_cinclus\XC403105__s7000__e10000.wav,
cinclus_cinclus,425882,Cinclus cinclus,c:\Users\shado\Year3Projects\FYP\src\dataset\bird_data\raw\cinclus_cinclus\XC425882.mp3,1.0,4.0,-22.3829501750196,-23.038180788350388,species,Cinclus cinclus,White-throated Dipper,0.9355041980743408,0.9355041980743408,species,1.0,rand_species,bird_data\clips\species\cinclus_cinclus\XC425882__s1000__e4000.wav,
cinclus_cinclus,425882,Cinclus cinclus,c:\Users\shado\Year3Projects\FYP\src\dataset\bird_data\raw\cinclus_cinclus\XC425882.mp3,4.0,7.0,-22.43701140088138,-23.038180788350388,species,Cinclus cinclus,White-throated Dipper,0.9974675178527832,0.9974675178527832,species,1.0,rand_species,bird_data\clips\species\cinclus_cinclus\XC425882__s4000__e7000.wav,
cinclus_cinclus,425882,Cinclus cinclus,c:\Users\shado\Year3Projects\FYP\src\dataset\bird_data\raw\cinclus_cinclus\XC425882.mp3,13.0,16.0,-21.806904320545183,-23.038180788350388,species,Cinclus cinclus,White-throated Dipper,0.944444477558136,0.944444477558136,species,1.0,rand_species,bird_data\clips\species\cinclus_cinclus\XC425882__s13000__e16000.wav,
cinclus_cinclus,361798,Cinclus cinclus,c:\Users\shado\Year3Projects\FYP\src\dataset\bird_data\raw\cinclus_cinclus\XC361798.mp3,7.0,10.0,-31.07690826546947,-35.21371662916781,non_bird,,,0.0,0.0,non_bird,1.0,nonbird_lowconf,bird_data\clips\non_bird\cinclus_cinclus\XC361798__s7000__e10000.wav,
cinclus_cinclus,361798,Cinclus cinclus,c:\Users\shado\Year3Projects\FYP\src\dataset\bird_data\raw\cinclus_cinclus\XC361798.mp3,10.0,13.0,-32.64639875598302,-35.21371662916781,species,Cinclus cinclus,White-throated Dipper,0.7128991484642029,0.7128991484642029,species,1.0,rand_species,bird_data\clips\species\cinclus_cinclus\XC361798__s10000__e13000.wav,
cinclus_cinclus,361798,Cinclus cinclus,c:\Users\shado\Year3Projects\FYP\src\dataset\bird_data\raw\cinclus_cinclus\XC361798.mp3,13.0,16.0,-30.94280628095555,-35.21371662916781,species,Cinclus cinclus,White-throated Dipper,0.7880252003669739,0.7880252003669739,species,1.0,rand_species,bird_data\clips\species\cinclus_cinclus\XC361798__s13000__e16000.wav,
cinclus_cinclus,401997,Cinclus cinclus,c:\Users\shado\Year3Projects\FYP\src\dataset\bird_data\raw\cinclus_cinclus\XC401997.mp3,1.0,4.0,-22.70043835222304,-22.70043835222304,drop,Lophophanes cristatus,Crested Tit,0.6462947726249695,0.6462947726249695,drop,0.0,,,
cinclus_cinclus,390893,Cinclus cinclus,c:\Users\shado\Year3Projects\FYP\src\dataset\bird_data\raw\cinclus_cinclus\XC390893.mp3,1.0,4.0,-34.04774365201853,-37.18936942112324,drop,Cinclus cinclus,White-throated Dipper,0.29786258935928345,0.29786258935928345,drop,0.0,,,
cinclus_cinclus,390893,Cinclus cinclus,c:\Users\shado\Year3Projects\FYP\src\dataset\bird_data\raw\cinclus_cinclus\XC390893.mp3,4.0,7.0,-36.40903387365397,-37.18936942112324,species,Cinclus cinclus,White-throated Dipper,0.9813292026519775,0.9813292026519775,species,1.0,rand_species,bird_data\clips\species\cinclus_cinclus\XC390893__s4000__e7000.wav,
cinclus_cinclus,390893,Cinclus cinclus,c:\Users\shado\Year3Projects\FYP\src\dataset\bird_data\raw\cinclus_cinclus\XC390893.mp3,7.0,10.0,-35.34987716567417,-37.18936942112324,species,Cinclus cinclus,White-throated Dipper,0.868228018283844,0.868228018283844,species,1.0,rand_species,bird_data\clips\species\cinclus_cinclus\XC390893__s7000__e10000.wav,
cinclus_cinclus,390893,Cinclus cinclus,c:\Users\shado\Year3Projects\FYP\src\dataset\bird_data\raw\cinclus_cinclus\XC390893.mp3,10.0,13.0,-35.154356550340246,-37.18936942112324,species,Cinclus cinclus,White-throated Dipper,0.9660823345184326,0.9660823345184326,species,1.0,rand_species,bird_data\clips\species\cinclus_cinclus\XC390893__s10000__e13000.wav,
cinclus_cinclus,390893,Cinclus cinclus,c:\Users\shado\Year3Projects\FYP\src\dataset\bird_data\raw\cinclus_cinclus\XC390893.mp3,16.0,19.0,-35.11591651346437,-37.18936942112324,species,Cinclus cinclus,White-throated Dipper,0.9877291917800903,0.9877291917800903,species,0.0,,,
cinclus_cinclus,390893,Cinclus cinclus,c:\Users\shado\Year3Projects\FYP\src\dataset\bird_data\raw\cinclus_cinclus\XC390893.mp3,22.0,25.0,-36.07078314302898,-37.18936942112324,species,Cinclus cinclus,White-throated Dipper,0.9903562664985657,0.9903562664985657,species,0.0,,,
cinclus_cinclus,155254,Cinclus cinclus,c:\Users\shado\Year3Projects\FYP\src\dataset\bird_data\raw\cinclus_cinclus\XC155254.mp3,1.0,4.0,-29.684292045514624,-30.10936333210942,species,Cinclus cinclus,White-throated Dipper,0.9924155473709106,0.9924155473709106,species,0.0,,,
cinclus_cinclus,155254,Cinclus cinclus,c:\Users\shado\Year3Projects\FYP\src\dataset\bird_data\raw\cinclus_cinclus\XC155254.mp3,4.0,7.0,-28.54677373741149,-30.10936333210942,species,Cinclus cinclus,White-throated Dipper,0.99898761510849,0.99898761510849,species,1.0,rand_species,bird_data\clips\species\cinclus_cinclus\XC155254__s4000__e7000.wav,
cinclus_cinclus,155254,Cinclus cinclus,c:\Users\shado\Year3Projects\FYP\src\dataset\bird_data\raw\cinclus_cinclus\XC155254.mp3,7.0,10.0,-29.357479259393795,-30.10936333210942,species,Cinclus cinclus,White-throated Dipper,0.9935626983642578,0.9935626983642578,species,1.0,rand_species,bird_data\clips\species\cinclus_cinclus\XC155254__s7000__e10000.wav,
cinclus_cinclus,155254,Cinclus cinclus,c:\Users\shado\Year3Projects\FYP\src\dataset\bird_data\raw\cinclus_cinclus\XC155254.mp3,13.0,16.0,-27.731449933115915,-30.10936333210942,species,Cinclus cinclus,White-throated Dipper,0.9921132326126099,0.9921132326126099,species,0.0,,,
cinclus_cinclus,155254,Cinclus cinclus,c:\Users\shado\Year3Projects\FYP\src\dataset\bird_data\raw\cinclus_cinclus\XC155254.mp3,16.0,19.0,-29.9244470481019,-30.10936333210942,species,Cinclus cinclus,White-throated Dipper,0.9984954595565796,0.9984954595565796,species,1.0,rand_species,bird_data\clips\species\cinclus_cinclus\XC155254__s16000__e19000.wav,
cinclus_cinclus,155254,Cinclus cinclus,c:\Users\shado\Year3Projects\FYP\src\dataset\bird_data\raw\cinclus_cinclus\XC155254.mp3,22.0,25.0,-28.28809723955379,-30.10936333210942,species,Cinclus cinclus,White-throated Dipper,0.994568943977356,0.994568943977356,species,0.0,,,
cinclus_cinclus,72768,Cinclus cinclus,c:\Users\shado\Year3Projects\FYP\src\dataset\bird_data\raw\cinclus_cinclus\XC72768.mp3,12.0,15.0,-33.96196655731431,-40.0,species,Cinclus cinclus,White-throated Dipper,0.8730120658874512,0.8730120658874512,species,1.0,rand_species,bird_data\clips\species\cinclus_cinclus\XC72768__s12000__e15000.wav,
cinclus_cinclus,164919,Cinclus cinclus,c:\Users\shado\Year3Projects\FYP\src\dataset\bird_data\raw\cinclus_cinclus\XC164919.mp3,1.0,4.0,-38.47046061357189,-40.0,non_bird,,,0.0,0.0,non_bird,1.0,nonbird_lowconf,bird_data\clips\non_bird\cinclus_cinclus\XC164919__s1000__e4000.wav,
cinclus_cinclus,164919,Cinclus cinclus,c:\Users\shado\Year3Projects\FYP\src\dataset\bird_data\raw\cinclus_cinclus\XC164919.mp3,4.0,7.0,-27.716280067952997,-40.0,species,Cinclus cinclus,White-throated Dipper,0.9441752433776855,0.9441752433776855,species,1.0,rand_species,bird_data\clips\species\cinclus_cinclus\XC164919__s4000__e7000.wav,
cinclus_cinclus,164919,Cinclus cinclus,c:\Users\shado\Year3Projects\FYP\src\dataset\bird_data\raw\cinclus_cinclus\XC164919.mp3,7.0,10.0,-26.196077948509675,-40.0,species,Cinclus cinclus,White-throated Dipper,0.9812029004096985,0.9812029004096985,species,1.0,rand_species,bird_data\clips\species\cinclus_cinclus\XC164919__s7000__e10000.wav,
cinclus_cinclus,403104,Cinclus cinclus,c:\Users\shado\Year3Projects\FYP\src\dataset\bird_data\raw\cinclus_cinclus\XC403104.mp3,4.0,7.0,-19.019302792063904,-19.0756846405702,species,Cinclus cinclus,White-throated Dipper,0.6550655364990234,0.6550655364990234,species,1.0,rand_species,bird_data\clips\species\cinclus_cinclus\XC403104__s4000__e7000.wav,
cinclus_cinclus,403104,Cinclus cinclus,c:\Users\shado\Year3Projects\FYP\src\dataset\bird_data\raw\cinclus_cinclus\XC403104.mp3,7.0,10.0,-19.064602690931068,-19.0756846405702,species,Cinclus cinclus,White-throated Dipper,0.9032588005065918,0.9032588005065918,species,1.0,rand_species,bird_data\clips\species\cinclus_cinclus\XC403104__s7000__e10000.wav,
cinclus_cinclus,403104,Cinclus cinclus,c:\Users\shado\Year3Projects\FYP\src\dataset\bird_data\raw\cinclus_cinclus\XC403104.mp3,13.0,16.0,-19.073338944542794,-19.0756846405702,species,Cinclus cinclus,White-throated Dipper,0.8643526434898376,0.8643526434898376,species,0.0,,,
cinclus_cinclus,403104,Cinclus cinclus,c:\Users\shado\Year3Projects\FYP\src\dataset\bird_data\raw\cinclus_cinclus\XC403104.mp3,16.0,19.0,-19.074683271552765,-19.0756846405702,species,Cinclus cinclus,White-throated Dipper,0.9842071533203125,0.9842071533203125,species,1.0,rand_species,bird_data\clips\species\cinclus_cinclus\XC403104__s16000__e19000.wav,
cinclus_cinclus,403104,Cinclus cinclus,c:\Users\shado\Year3Projects\FYP\src\dataset\bird_data\raw\cinclus_cinclus\XC403104.mp3,19.0,22.0,-18.743752810307697,-19.0756846405702,species,Cinclus cinclus,White-throated Dipper,0.8412514925003052,0.8412514925003052,species,0.0,,,
cinclus_cinclus,425881,Cinclus cinclus,c:\Users\shado\Year3Projects\FYP\src\dataset\bird_data\raw\cinclus_cinclus\XC425881.mp3,1.0,4.0,-23.684339869530184,-24.33838432048641,species,Cinclus cinclus,White-throated Dipper,0.9959208965301514,0.9959208965301514,species,1.0,rand_species,bird_data\clips\species\cinclus_cinclus\XC425881__s1000__e4000.wav,
cinclus_cinclus,425881,Cinclus cinclus,c:\Users\shado\Year3Projects\FYP\src\dataset\bird_data\raw\cinclus_cinclus\XC425881.mp3,4.0,7.0,-22.712081435670225,-24.33838432048641,species,Cinclus cinclus,White-throated Dipper,0.7457053065299988,0.7457053065299988,species,1.0,rand_species,bird_data\clips\species\cinclus_cinclus\XC425881__s4000__e7000.wav,
cinclus_cinclus,425881,Cinclus cinclus,c:\Users\shado\Year3Projects\FYP\src\dataset\bird_data\raw\cinclus_cinclus\XC425881.mp3,13.0,16.0,-21.684941783209155,-24.33838432048641,species,Cinclus cinclus,White-throated Dipper,0.9975528120994568,0.9975528120994568,species,1.0,rand_species,bird_data\clips\species\cinclus_cinclus\XC425881__s13000__e16000.wav,
cinclus_cinclus,361797,Cinclus cinclus,c:\Users\shado\Year3Projects\FYP\src\dataset\bird_data\raw\cinclus_cinclus\XC361797.mp3,4.0,7.0,-25.970891080770752,-28.684933925353505,drop,Phoenicopterus chilensis,Chilean Flamingo,0.1513412743806839,0.1513412743806839,drop,0.0,,,
cinclus_cinclus,1008993,Cinclus cinclus,c:\Users\shado\Year3Projects\FYP\src\dataset\bird_data\raw\cinclus_cinclus\XC1008993.mp3,10.0,13.0,-39.56461087115975,-40.0,drop,Phoenicurus auroreus,Daurian Redstart,0.15208430588245392,0.15208430588245392,drop,0.0,,,
cinclus_cinclus,72765,Cinclus cinclus,c:\Users\shado\Year3Projects\FYP\src\dataset\bird_data\raw\cinclus_cinclus\XC72765.mp3,15.0,18.0,-35.85680818235322,-38.11948403411029,species,Cinclus cinclus,White-throated Dipper,0.9484676122665405,0.9484676122665405,species,0.0,,,
cinclus_cinclus,72765,Cinclus cinclus,c:\Users\shado\Year3Projects\FYP\src\dataset\bird_data\raw\cinclus_cinclus\XC72765.mp3,18.0,21.0,-34.17033708256748,-38.11948403411029,species,Cinclus cinclus,White-throated Dipper,0.8599464893341064,0.8599464893341064,species,1.0,rand_species,bird_data\clips\species\cinclus_cinclus\XC72765__s18000__e21000.wav,
cinclus_cinclus,72765,Cinclus cinclus,c:\Users\shado\Year3Projects\FYP\src\dataset\bird_data\raw\cinclus_cinclus\XC72765.mp3,21.0,24.0,-37.8868530032011,-38.11948403411029,species,Cinclus cinclus,White-throated Dipper,0.9875450730323792,0.9875450730323792,species,0.0,,,
cinclus_cinclus,72765,Cinclus cinclus,c:\Users\shado\Year3Projects\FYP\src\dataset\bird_data\raw\cinclus_cinclus\XC72765.mp3,24.0,27.0,-35.71289980486251,-38.11948403411029,species,Cinclus cinclus,White-throated Dipper,0.823195219039917,0.823195219039917,species,1.0,rand_species,bird_data\clips\species\cinclus_cinclus\XC72765__s24000__e27000.wav,
cinclus_cinclus,72765,Cinclus cinclus,c:\Users\shado\Year3Projects\FYP\src\dataset\bird_data\raw\cinclus_cinclus\XC72765.mp3,27.0,30.0,-37.405317459855816,-38.11948403411029,drop,Cinclus cinclus,White-throated Dipper,0.26118338108062744,0.26118338108062744,drop,0.0,,,
cinclus_cinclus,72765,Cinclus cinclus,c:\Users\shado\Year3Projects\FYP\src\dataset\bird_data\raw\cinclus_cinclus\XC72765.mp3,30.0,33.0,-34.331332844227795,-38.11948403411029,species,Cinclus cinclus,White-throated Dipper,0.7690655589103699,0.7690655589103699,species,1.0,rand_species,bird_data\clips\species\cinclus_cinclus\XC72765__s30000__e33000.wav,
cinclus_cinclus,72767,Cinclus cinclus,c:\Users\shado\Year3Projects\FYP\src\dataset\bird_data\raw\cinclus_cinclus\XC72767.mp3,1.0,4.0,-43.98781508144489,-40.0,species,Cinclus cinclus,White-throated Dipper,0.7319981455802917,0.7319981455802917,species,1.0,rand_species,bird_data\clips\species\cinclus_cinclus\XC72767__s1000__e4000.wav,
cinclus_cinclus,700205,Cinclus cinclus,c:\Users\shado\Year3Projects\FYP\src\dataset\bird_data\raw\cinclus_cinclus\XC700205.mp3,1.0,4.0,-39.487654763836105,-39.487654763836105,drop,Phylloscopus borealis,Arctic Warbler,0.8016143441200256,0.8016143441200256,drop,0.0,,,
cinclus_cinclus,303578,Cinclus cinclus,c:\Users\shado\Year3Projects\FYP\src\dataset\bird_data\raw\cinclus_cinclus\XC303578.mp3,1.0,4.0,-34.12431484072701,-34.33819606180092,drop,Cinclus cinclus,White-throated Dipper,0.2667938768863678,0.2667938768863678,drop,0.0,,,
cinclus_cinclus,303578,Cinclus cinclus,c:\Users\shado\Year3Projects\FYP\src\dataset\bird_data\raw\cinclus_cinclus\XC303578.mp3,4.0,7.0,-27.1928242582724,-34.33819606180092,species,Cinclus cinclus,White-throated Dipper,0.5907714366912842,0.5907714366912842,species,1.0,rand_species,bird_data\clips\species\cinclus_cinclus\XC303578__s4000__e7000.wav,
cinclus_cinclus,303578,Cinclus cinclus,c:\Users\shado\Year3Projects\FYP\src\dataset\bird_data\raw\cinclus_cinclus\XC303578.mp3,10.0,13.0,-29.062078788799365,-34.33819606180092,species,Cinclus cinclus,White-throated Dipper,0.7629187703132629,0.7629187703132629,species,1.0,rand_species,bird_data\clips\species\cinclus_cinclus\XC303578__s10000__e13000.wav,
cinclus_cinclus,303578,Cinclus cinclus,c:\Users\shado\Year3Projects\FYP\src\dataset\bird_data\raw\cinclus_cinclus\XC303578.mp3,13.0,16.0,-30.91611623384221,-34.33819606180092,drop,Progne tapera,Brown-chested Martin,0.812894880771637,0.812894880771637,drop,0.0,,,
cinclus_cinclus,303578,Cinclus cinclus,c:\Users\shado\Year3Projects\FYP\src\dataset\bird_data\raw\cinclus_cinclus\XC303578.mp3,22.0,25.0,-32.42863546480646,-34.33819606180092,drop,Cinclus cinclus,White-throated Dipper,0.21443210542201996,0.21443210542201996,drop,0.0,,,
cinclus_cinclus,303578,Cinclus cinclus,c:\Users\shado\Year3Projects\FYP\src\dataset\bird_data\raw\cinclus_cinclus\XC303578.mp3,25.0,28.0,-28.724438099648793,-34.33819606180092,species,Cinclus cinclus,White-throated Dipper,0.5714241862297058,0.5714241862297058,species,1.0,rand_species,bird_data\clips\species\cinclus_cinclus\XC303578__s25000__e28000.wav,
cinclus_cinclus,425880,Cinclus cinclus,c:\Users\shado\Year3Projects\FYP\src\dataset\bird_data\raw\cinclus_cinclus\XC425880.mp3,1.0,4.0,-23.449830229174022,-26.041673120442383,species,Cinclus cinclus,White-throated Dipper,0.9977091550827026,0.9977091550827026,species,1.0,rand_species,bird_data\clips\species\cinclus_cinclus\XC425880__s1000__e4000.wav,
cinclus_cinclus,425880,Cinclus cinclus,c:\Users\shado\Year3Projects\FYP\src\dataset\bird_data\raw\cinclus_cinclus\XC425880.mp3,7.0,10.0,-25.329604228189176,-26.041673120442383,species,Cinclus cinclus,White-throated Dipper,0.9418264627456665,0.9418264627456665,species,0.0,,,
cinclus_cinclus,425880,Cinclus cinclus,c:\Users\shado\Year3Projects\FYP\src\dataset\bird_data\raw\cinclus_cinclus\XC425880.mp3,16.0,19.0,-25.758290435570167,-26.041673120442383,species,Cinclus cinclus,White-throated Dipper,0.9770972728729248,0.9770972728729248,species,0.0,,,
cinclus_cinclus,425880,Cinclus cinclus,c:\Users\shado\Year3Projects\FYP\src\dataset\bird_data\raw\cinclus_cinclus\XC425880.mp3,19.0,22.0,-24.587518361847692,-26.041673120442383,species,Cinclus cinclus,White-throated Dipper,0.9508702754974365,0.9508702754974365,species,1.0,rand_species,bird_data\clips\species\cinclus_cinclus\XC425880__s19000__e22000.wav,
cinclus_cinclus,425880,Cinclus cinclus,c:\Users\shado\Year3Projects\FYP\src\dataset\bird_data\raw\cinclus_cinclus\XC425880.mp3,22.0,25.0,-24.070105261316392,-26.041673120442383,species,Cinclus cinclus,White-throated Dipper,0.9938183426856995,0.9938183426856995,species,1.0,rand_species,bird_data\clips\species\cinclus_cinclus\XC425880__s22000__e25000.wav,
cinclus_cinclus,361796,Cinclus cinclus,c:\Users\shado\Year3Projects\FYP\src\dataset\bird_data\raw\cinclus_cinclus\XC361796.mp3,4.0,7.0,-28.287958608741228,-30.963702457104734,non_bird,,,0.0,0.0,non_bird,1.0,nonbird_lowconf,bird_data\clips\non_bird\cinclus_cinclus\XC361796__s4000__e7000.wav,
cinclus_cinclus,361796,Cinclus cinclus,c:\Users\shado\Year3Projects\FYP\src\dataset\bird_data\raw\cinclus_cinclus\XC361796.mp3,7.0,10.0,-27.336261843684902,-30.963702457104734,drop,Melanocorypha calandra,Calandra Lark,0.18418006598949432,0.18418006598949432,drop,0.0,,,
cinclus_cinclus,569095,Cinclus cinclus,c:\Users\shado\Year3Projects\FYP\src\dataset\bird_data\raw\cinclus_cinclus\XC569095.mp3,1.0,4.0,-25.826170156852648,-40.0,drop,Corthylio calendula,Ruby-crowned Kinglet,0.3233974277973175,0.3233974277973175,drop,0.0,,,
cinclus_cinclus,569095,Cinclus cinclus,c:\Users\shado\Year3Projects\FYP\src\dataset\bird_data\raw\cinclus_cinclus\XC569095.mp3,4.0,7.0,-38.89235220383793,-40.0,drop,Elachura formosa,Spotted Elachura,0.2704016864299774,0.2704016864299774,drop,0.0,,,
cinclus_cinclus,569095,Cinclus cinclus,c:\Users\shado\Year3Projects\FYP\src\dataset\bird_data\raw\cinclus_cinclus\XC569095.mp3,7.0,10.0,-37.11367853440621,-40.0,non_bird,,,0.0,0.0,non_bird,1.0,nonbird_lowconf,bird_data\clips\non_bird\cinclus_cinclus\XC569095__s7000__e10000.wav,
cinclus_cinclus,72766,Cinclus cinclus,c:\Users\shado\Year3Projects\FYP\src\dataset\bird_data\raw\cinclus_cinclus\XC72766.mp3,10.0,13.0,-44.14412258487965,-40.0,species,Cinclus cinclus,White-throated Dipper,0.9846320152282715,0.9846320152282715,species,1.0,rand_species,bird_data\clips\species\cinclus_cinclus\XC72766__s10000__e13000.wav,
cinclus_cinclus,700204,Cinclus cinclus,c:\Users\shado\Year3Projects\FYP\src\dataset\bird_data\raw\cinclus_cinclus\XC700204.mp3,1.0,4.0,-34.84963485477678,-34.84963485477678,drop,Empidonomus aurantioatrocristatus,Crowned Slaty Flycatcher,0.8098008036613464,0.8098008036613464,drop,0.0,,,
cinclus_cinclus,303353,Cinclus cinclus,c:\Users\shado\Year3Projects\FYP\src\dataset\bird_data\raw\cinclus_cinclus\XC303353.mp3,1.0,4.0,-43.06417291819051,-40.0,species,Cinclus cinclus,White-throated Dipper,0.6942143440246582,0.6942143440246582,species,1.0,rand_species,bird_data\clips\species\cinclus_cinclus\XC303353__s1000__e4000.wav,
cinclus_cinclus,425879,Cinclus cinclus,c:\Users\shado\Year3Projects\FYP\src\dataset\bird_data\raw\cinclus_cinclus\XC425879.mp3,1.0,4.0,-24.653839480275348,-24.88840058874539,species,Cinclus cinclus,White-throated Dipper,0.9987120628356934,0.9987120628356934,species,1.0,rand_species,bird_data\clips\species\cinclus_cinclus\XC425879__s1000__e4000.wav,
cinclus_cinclus,425879,Cinclus cinclus,c:\Users\shado\Year3Projects\FYP\src\dataset\bird_data\raw\cinclus_cinclus\XC425879.mp3,4.0,7.0,-22.523705518787818,-24.88840058874539,species,Cinclus cinclus,White-throated Dipper,0.4690748453140259,0.4690748453140259,species,1.0,rand_species,bird_data\clips\species\cinclus_cinclus\XC425879__s4000__e7000.wav,
cinclus_cinclus,425879,Cinclus cinclus,c:\Users\shado\Year3Projects\FYP\src\dataset\bird_data\raw\cinclus_cinclus\XC425879.mp3,7.0,10.0,-24.86042852433968,-24.88840058874539,species,Cinclus cinclus,White-throated Dipper,0.9740539193153381,0.9740539193153381,species,1.0,rand_species,bird_data\clips\species\cinclus_cinclus\XC425879__s7000__e10000.wav,
cinclus_cinclus,425879,Cinclus cinclus,c:\Users\shado\Year3Projects\FYP\src\dataset\bird_data\raw\cinclus_cinclus\XC425879.mp3,10.0,13.0,-23.590057241088385,-24.88840058874539,species,Cinclus cinclus,White-throated Dipper,0.9967302083969116,0.9967302083969116,species,0.0,,,
cinclus_cinclus,425879,Cinclus cinclus,c:\Users\shado\Year3Projects\FYP\src\dataset\bird_data\raw\cinclus_cinclus\XC425879.mp3,13.0,16.0,-23.576570972938583,-24.88840058874539,species,Cinclus cinclus,White-throated Dipper,0.9365710020065308,0.9365710020065308,species,0.0,,,
cinclus_cinclus,75178,Cinclus cinclus,c:\Users\shado\Year3Projects\FYP\src\dataset\bird_data\raw\cinclus_cinclus\XC75178.mp3,4.0,7.0,-23.352694888349973,-23.42276437382132,species,Cinclus cinclus,White-throated Dipper,0.8385594487190247,0.8385594487190247,species,1.0,rand_species,bird_data\clips\species\cinclus_cinclus\XC75178__s4000__e7000.wav,
cinclus_cinclus,75178,Cinclus cinclus,c:\Users\shado\Year3Projects\FYP\src\dataset\bird_data\raw\cinclus_cinclus\XC75178.mp3,7.0,10.0,-22.797207814217092,-23.42276437382132,species,Cinclus cinclus,White-throated Dipper,0.4666709303855896,0.4666709303855896,species,1.0,rand_species,bird_data\clips\species\cinclus_cinclus\XC75178__s7000__e10000.wav,
cinclus_cinclus,484759,Cinclus cinclus,c:\Users\shado\Year3Projects\FYP\src\dataset\bird_data\raw\cinclus_cinclus\XC484759.mp3,1.0,4.0,-27.876430658830547,-28.68763211908265,drop,Streptopelia turtur,European Turtle-Dove,0.9849204421043396,0.9849204421043396,drop,0.0,,,
cinclus_cinclus,700203,Cinclus cinclus,c:\Users\shado\Year3Projects\FYP\src\dataset\bird_data\raw\cinclus_cinclus\XC700203.mp3,1.0,4.0,-38.9772367553167,-38.9772367553167,species,Cinclus cinclus,White-throated Dipper,0.7488151788711548,0.7488151788711548,species,1.0,rand_species,bird_data\clips\species\cinclus_cinclus\XC700203__s1000__e4000.wav,
cinclus_cinclus,303351,Cinclus cinclus,c:\Users\shado\Year3Projects\FYP\src\dataset\bird_data\raw\cinclus_cinclus\XC303351.mp3,24.0,27.0,-35.64616368134007,-35.90953285575255,species,Cinclus cinclus,White-throated Dipper,0.9987295269966125,0.9987295269966125,species,0.0,,,
cinclus_cinclus,303351,Cinclus cinclus,c:\Users\shado\Year3Projects\FYP\src\dataset\bird_data\raw\cinclus_cinclus\XC303351.mp3,27.0,30.0,-34.47407920555097,-35.90953285575255,species,Cinclus cinclus,White-throated Dipper,0.905878484249115,0.905878484249115,species,1.0,rand_species,bird_data\clips\species\cinclus_cinclus\XC303351__s27000__e30000.wav,
cinclus_cinclus,303351,Cinclus cinclus,c:\Users\shado\Year3Projects\FYP\src\dataset\bird_data\raw\cinclus_cinclus\XC303351.mp3,30.0,33.0,-35.32365964730184,-35.90953285575255,species,Cinclus cinclus,White-throated Dipper,0.9359071850776672,0.9359071850776672,species,0.0,,,
cinclus_cinclus,303351,Cinclus cinclus,c:\Users\shado\Year3Projects\FYP\src\dataset\bird_data\raw\cinclus_cinclus\XC303351.mp3,33.0,36.0,-35.658558517825625,-35.90953285575255,species,Cinclus cinclus,White-throated Dipper,0.8997732996940613,0.8997732996940613,species,1.0,rand_species,bird_data\clips\species\cinclus_cinclus\XC303351__s33000__e36000.wav,
cinclus_cinclus,303351,Cinclus cinclus,c:\Users\shado\Year3Projects\FYP\src\dataset\bird_data\raw\cinclus_cinclus\XC303351.mp3,42.0,45.0,-34.586353405322704,-35.90953285575255,species,Cinclus cinclus,White-throated Dipper,0.9999067783355713,0.9999067783355713,species,1.0,rand_species,bird_data\clips\species\cinclus_cinclus\XC303351__s42000__e45000.wav,
cinclus_cinclus,303351,Cinclus cinclus,c:\Users\shado\Year3Projects\FYP\src\dataset\bird_data\raw\cinclus_cinclus\XC303351.mp3,45.0,48.0,-34.66065289444737,-35.90953285575255,species,Cinclus cinclus,White-throated Dipper,0.4595724046230316,0.4595724046230316,species,0.0,,,
cinclus_cinclus,425878,Cinclus cinclus,c:\Users\shado\Year3Projects\FYP\src\dataset\bird_data\raw\cinclus_cinclus\XC425878.mp3,1.0,4.0,-22.404051377160933,-24.7752484285988,species,Cinclus cinclus,White-throated Dipper,0.9875972867012024,0.9875972867012024,species,1.0,rand_species,bird_data\clips\species\cinclus_cinclus\XC425878__s1000__e4000.wav,
cinclus_cinclus,425878,Cinclus cinclus,c:\Users\shado\Year3Projects\FYP\src\dataset\bird_data\raw\cinclus_cinclus\XC425878.mp3,4.0,7.0,-22.95441321583825,-24.7752484285988,species,Cinclus cinclus,White-throated Dipper,0.98614501953125,0.98614501953125,species,1.0,rand_species,bird_data\clips\species\cinclus_cinclus\XC425878__s4000__e7000.wav,
cinclus_cinclus,425878,Cinclus cinclus,c:\Users\shado\Year3Projects\FYP\src\dataset\bird_data\raw\cinclus_cinclus\XC425878.mp3,7.0,10.0,-22.84324550541995,-24.7752484285988,species,Cinclus cinclus,White-throated Dipper,0.9325380921363831,0.9325380921363831,species,0.0,,,
cinclus_cinclus,425878,Cinclus cinclus,c:\Users\shado\Year3Projects\FYP\src\dataset\bird_data\raw\cinclus_cinclus\XC425878.mp3,10.0,13.0,-24.22448382682832,-24.7752484285988,species,Cinclus cinclus,White-throated Dipper,0.9774197340011597,0.9774197340011597,species,1.0,rand_species,bird_data\clips\species\cinclus_cinclus\XC425878__s10000__e13000.wav,
cinclus_cinclus,75174,,,,,,,,,,,,,,,,no_windows
cinclus_cinclus,141166,Cinclus cinclus,c:\Users\shado\Year3Projects\FYP\src\dataset\bird_data\raw\cinclus_cinclus\XC141166.mp3,6.0,9.0,-22.414918192707276,-22.488762422655032,drop,Cinclus cinclus,White-throated Dipper,0.13949193060398102,0.13949193060398102,drop,0.0,,,
cinclus_cinclus,141166,Cinclus cinclus,c:\Users\shado\Year3Projects\FYP\src\dataset\bird_data\raw\cinclus_cinclus\XC141166.mp3,15.0,18.0,-22.460664221956662,-22.488762422655032,drop,Cinclus cinclus,White-throated Dipper,0.1895628124475479,0.1895628124475479,drop,0.0,,,
cinclus_cinclus,141166,Cinclus cinclus,c:\Users\shado\Year3Projects\FYP\src\dataset\bird_data\raw\cinclus_cinclus\XC141166.mp3,18.0,21.0,-21.66663564183341,-22.488762422655032,drop,Cinclus cinclus,White-throated Dipper,0.2772742211818695,0.2772742211818695,drop,0.0,,,
cinclus_cinclus,141166,Cinclus cinclus,c:\Users\shado\Year3Projects\FYP\src\dataset\bird_data\raw\cinclus_cinclus\XC141166.mp3,21.0,24.0,-22.051238264910435,-22.488762422655032,species,Cinclus cinclus,White-throated Dipper,0.5126833915710449,0.5126833915710449,species,1.0,rand_species,bird_data\clips\species\cinclus_cinclus\XC141166__s21000__e24000.wav,
cinclus_cinclus,141166,Cinclus cinclus,c:\Users\shado\Year3Projects\FYP\src\dataset\bird_data\raw\cinclus_cinclus\XC141166.mp3,24.0,27.0,-22.43736010583821,-22.488762422655032,drop,Cinclus cinclus,White-throated Dipper,0.2674335837364197,0.2674335837364197,drop,0.0,,,
cinclus_cinclus,141166,Cinclus cinclus,c:\Users\shado\Year3Projects\FYP\src\dataset\bird_data\raw\cinclus_cinclus\XC141166.mp3,27.0,30.0,-22.44133136048829,-22.488762422655032,drop,Alcedo atthis,Common Kingfisher,0.215721994638443,0.215721994638443,drop,0.0,,,
cinclus_cinclus,700202,Cinclus cinclus,c:\Users\shado\Year3Projects\FYP\src\dataset\bird_data\raw\cinclus_cinclus\XC700202.mp3,4.0,7.0,-41.34883508754822,-40.0,drop,Cinclus cinclus,White-throated Dipper,0.23507742583751678,0.23507742583751678,drop,0.0,,,
cinclus_cinclus,871380,Cinclus cinclus,c:\Users\shado\Year3Projects\FYP\src\dataset\bird_data\raw\cinclus_cinclus\XC871380.mp3,1.0,4.0,-52.711035751875876,-40.0,species,Cinclus cinclus,White-throated Dipper,0.9194093346595764,0.9194093346595764,species,1.0,rand_species,bird_data\clips\species\cinclus_cinclus\XC871380__s1000__e4000.wav,
cinclus_cinclus,212395,Cinclus cinclus,c:\Users\shado\Year3Projects\FYP\src\dataset\bird_data\raw\cinclus_cinclus\XC212395.mp3,4.0,7.0,-26.713556621692977,-28.60588005297366,species,Cinclus cinclus,White-throated Dipper,0.7579544186592102,0.7579544186592102,species,0.0,,,
cinclus_cinclus,212395,Cinclus cinclus,c:\Users\shado\Year3Projects\FYP\src\dataset\bird_data\raw\cinclus_cinclus\XC212395.mp3,7.0,10.0,-28.334455737723964,-28.60588005297366,species,Cinclus cinclus,White-throated Dipper,0.9796992540359497,0.9796992540359497,species,0.0,,,
cinclus_cinclus,212395,Cinclus cinclus,c:\Users\shado\Year3Projects\FYP\src\dataset\bird_data\raw\cinclus_cinclus\XC212395.mp3,10.0,13.0,-28.478552406343653,-28.60588005297366,species,Cinclus cinclus,White-throated Dipper,0.9794995784759521,0.9794995784759521,species,0.0,,,
cinclus_cinclus,212395,Cinclus cinclus,c:\Users\shado\Year3Projects\FYP\src\dataset\bird_data\raw\cinclus_cinclus\XC212395.mp3,16.0,19.0,-25.695319456130786,-28.60588005297366,species,Cinclus cinclus,White-throated Dipper,0.9918308854103088,0.9918308854103088,species,1.0,rand_species,bird_data\clips\species\cinclus_cinclus\XC212395__s16000__e19000.wav,
cinclus_cinclus,212395,Cinclus cinclus,c:\Users\shado\Year3Projects\FYP\src\dataset\bird_data\raw\cinclus_cinclus\XC212395.mp3,19.0,22.0,-27.398519271344632,-28.60588005297366,species,Cinclus cinclus,White-throated Dipper,0.6491692662239075,0.6491692662239075,species,1.0,rand_species,bird_data\clips\species\cinclus_cinclus\XC212395__s19000__e22000.wav,
cinclus_cinclus,212395,Cinclus cinclus,c:\Users\shado\Year3Projects\FYP\src\dataset\bird_data\raw\cinclus_cinclus\XC212395.mp3,22.0,25.0,-24.26464845395346,-28.60588005297366,species,Cinclus cinclus,White-throated Dipper,0.5778740644454956,0.5778740644454956,species,1.0,rand_species,bird_data\clips\species\cinclus_cinclus\XC212395__s22000__e25000.wav,
cinclus_cinclus,75167,Cinclus cinclus,c:\Users\shado\Year3Projects\FYP\src\dataset\bird_data\raw\cinclus_cinclus\XC75167.mp3,1.0,4.0,-22.473148005153412,-23.306291342982398,species,Cinclus cinclus,White-throated Dipper,0.974592387676239,0.974592387676239,species,1.0,rand_species,bird_data\clips\species\cinclus_cinclus\XC75167__s1000__e4000.wav,
cinclus_cinclus,75167,Cinclus cinclus,c:\Users\shado\Year3Projects\FYP\src\dataset\bird_data\raw\cinclus_cinclus\XC75167.mp3,4.0,7.0,-22.677281695358516,-23.306291342982398,species,Cinclus cinclus,White-throated Dipper,0.9949560761451721,0.9949560761451721,species,1.0,rand_species,bird_data\clips\species\cinclus_cinclus\XC75167__s4000__e7000.wav,
cinclus_cinclus,698736,Cinclus cinclus,c:\Users\shado\Year3Projects\FYP\src\dataset\bird_data\raw\cinclus_cinclus\XC698736.mp3,1.0,4.0,-37.450505617187645,-38.01164727316794,species,Cinclus cinclus,White-throated Dipper,0.42417967319488525,0.42417967319488525,species,1.0,rand_species,bird_data\clips\species\cinclus_cinclus\XC698736__s1000__e4000.wav,
cinclus_cinclus,703305,Cinclus cinclus,c:\Users\shado\Year3Projects\FYP\src\dataset\bird_data\raw\cinclus_cinclus\XC703305.mp3,4.0,7.0,-30.06670465447684,-37.62198866574925,species,Cinclus cinclus,White-throated Dipper,0.9554923176765442,0.9554923176765442,species,1.0,rand_species,bird_data\clips\species\cinclus_cinclus\XC703305__s4000__e7000.wav,
cinclus_cinclus,893392,Cinclus cinclus,c:\Users\shado\Year3Projects\FYP\src\dataset\bird_data\raw\cinclus_cinclus\XC893392.mp3,1.0,4.0,-22.61657765924241,-22.61657765924241,drop,Cinclus pallasii,Brown Dipper,0.4256216585636139,0.4256216585636139,drop,0.0,,,
cinclus_cinclus,390934,Cinclus cinclus,c:\Users\shado\Year3Projects\FYP\src\dataset\bird_data\raw\cinclus_cinclus\XC390934.mp3,9.0,12.0,-30.76685810636889,-30.91517681650224,drop,Pygochelidon cyanoleuca,Blue-and-white Swallow,0.21365778148174286,0.21365778148174286,drop,0.0,,,
cinclus_cinclus,390934,Cinclus cinclus,c:\Users\shado\Year3Projects\FYP\src\dataset\bird_data\raw\cinclus_cinclus\XC390934.mp3,12.0,15.0,-24.63879470466322,-30.91517681650224,species,Cinclus cinclus,White-throated Dipper,0.9892198443412781,0.9892198443412781,species,0.0,,,
cinclus_cinclus,390934,Cinclus cinclus,c:\Users\shado\Year3Projects\FYP\src\dataset\bird_data\raw\cinclus_cinclus\XC390934.mp3,15.0,18.0,-27.790772205071598,-30.91517681650224,species,Cinclus cinclus,White-throated Dipper,0.8560792207717896,0.8560792207717896,species,1.0,rand_species,bird_data\clips\species\cinclus_cinclus\XC390934__s15000__e18000.wav,
cinclus_cinclus,390934,Cinclus cinclus,c:\Users\shado\Year3Projects\FYP\src\dataset\bird_data\raw\cinclus_cinclus\XC390934.mp3,21.0,24.0,-26.334176076514467,-30.91517681650224,species,Cinclus cinclus,White-throated Dipper,0.9618182182312012,0.9618182182312012,species,1.0,rand_species,bird_data\clips\species\cinclus_cinclus\XC390934__s21000__e24000.wav,
cinclus_cinclus,390934,Cinclus cinclus,c:\Users\shado\Year3Projects\FYP\src\dataset\bird_data\raw\cinclus_cinclus\XC390934.mp3,24.0,27.0,-23.984484425476765,-30.91517681650224,species,Cinclus cinclus,White-throated Dipper,0.9075769186019897,0.9075769186019897,species,0.0,,,
cinclus_cinclus,390934,Cinclus cinclus,c:\Users\shado\Year3Projects\FYP\src\dataset\bird_data\raw\cinclus_cinclus\XC390934.mp3,30.0,33.0,-30.163272946577237,-30.91517681650224,species,Cinclus cinclus,White-throated Dipper,0.9919883012771606,0.9919883012771606,species,1.0,rand_species,bird_data\clips\species\cinclus_cinclus\XC390934__s30000__e33000.wav,
cinclus_cinclus,698733,Cinclus cinclus,c:\Users\shado\Year3Projects\FYP\src\dataset\bird_data\raw\cinclus_cinclus\XC698733.mp3,4.0,7.0,-35.21278919056926,-40.0,species,Cinclus cinclus,White-throated Dipper,0.973275363445282,0.973275363445282,species,1.0,rand_species,bird_data\clips\species\cinclus_cinclus\XC698733__s4000__e7000.wav,
cinclus_cinclus,527991,Cinclus cinclus,c:\Users\shado\Year3Projects\FYP\src\dataset\bird_data\raw\cinclus_cinclus\XC527991.mp3,1.0,4.0,-43.751235910089974,-40.0,drop,Phylloscopus borealis,Arctic Warbler,0.7983639240264893,0.7983639240264893,drop,0.0,,,
cinclus_cinclus,712618,Cinclus cinclus,c:\Users\shado\Year3Projects\FYP\src\dataset\bird_data\raw\cinclus_cinclus\XC712618.mp3,7.0,10.0,-41.08831440544613,-40.0,species,Cinclus cinclus,White-throated Dipper,0.7746631503105164,0.7746631503105164,species,1.0,rand_species,bird_data\clips\species\cinclus_cinclus\XC712618__s7000__e10000.wav,
cinclus_cinclus,390930,Cinclus cinclus,c:\Users\shado\Year3Projects\FYP\src\dataset\bird_data\raw\cinclus_cinclus\XC390930.mp3,7.0,10.0,-31.08436510505608,-32.643340807612695,species,Cinclus cinclus,White-throated Dipper,0.9940635561943054,0.9940635561943054,species,0.0,,,
cinclus_cinclus,390930,Cinclus cinclus,c:\Users\shado\Year3Projects\FYP\src\dataset\bird_data\raw\cinclus_cinclus\XC390930.mp3,10.0,13.0,-32.08969300368847,-32.643340807612695,species,Cinclus cinclus,White-throated Dipper,0.9243058562278748,0.9243058562278748,species,1.0,rand_species,bird_data\clips\species\cinclus_cinclus\XC390930__s10000__e13000.wav,
cinclus_cinclus,390930,Cinclus cinclus,c:\Users\shado\Year3Projects\FYP\src\dataset\bird_data\raw\cinclus_cinclus\XC390930.mp3,13.0,16.0,-28.64193607446773,-32.643340807612695,species,Cinclus cinclus,White-throated Dipper,0.9818634986877441,0.9818634986877441,species,0.0,,,
cinclus_cinclus,390930,Cinclus cinclus,c:\Users\shado\Year3Projects\FYP\src\dataset\bird_data\raw\cinclus_cinclus\XC390930.mp3,16.0,19.0,-23.410876887015128,-32.643340807612695,species,Cinclus cinclus,White-throated Dipper,0.8284796476364136,0.8284796476364136,species,1.0,rand_species,bird_data\clips\species\cinclus_cinclus\XC390930__s16000__e19000.wav,
cinclus_cinclus,390930,Cinclus cinclus,c:\Users\shado\Year3Projects\FYP\src\dataset\bird_data\raw\cinclus_cinclus\XC390930.mp3,19.0,22.0,-22.35409361799723,-32.643340807612695,species,Cinclus cinclus,White-throated Dipper,0.639992892742157,0.639992892742157,species,1.0,rand_species,bird_data\clips\species\cinclus_cinclus\XC390930__s19000__e22000.wav,
cinclus_cinclus,390930,Cinclus cinclus,c:\Users\shado\Year3Projects\FYP\src\dataset\bird_data\raw\cinclus_cinclus\XC390930.mp3,22.0,25.0,-24.07817814610086,-32.643340807612695,species,Cinclus cinclus,White-throated Dipper,0.9987375140190125,0.9987375140190125,species,0.0,,,
cinclus_cinclus,696702,Cinclus cinclus,c:\Users\shado\Year3Projects\FYP\src\dataset\bird_data\raw\cinclus_cinclus\XC696702.mp3,1.0,4.0,-63.72909485030077,-40.0,drop,Cinclus cinclus,White-throated Dipper,0.29432398080825806,0.29432398080825806,drop,0.0,,,
cinclus_cinclus,214649,Cinclus cinclus,c:\Users\shado\Year3Projects\FYP\src\dataset\bird_data\raw\cinclus_cinclus\XC214649.mp3,1.0,4.0,-56.56557988219226,-40.0,species,Cinclus cinclus,White-throated Dipper,0.7897329330444336,0.7897329330444336,species,1.0,rand_species,bird_data\clips\species\cinclus_cinclus\XC214649__s1000__e4000.wav,
cinclus_cinclus,709103,Cinclus cinclus,c:\Users\shado\Year3Projects\FYP\src\dataset\bird_data\raw\cinclus_cinclus\XC709103.mp3,6.0,9.0,-32.59249685481776,-33.62758353175267,drop,Luscinia svecica,Bluethroat,0.9716888070106506,0.9716888070106506,drop,0.0,,,
cinclus_cinclus,709103,Cinclus cinclus,c:\Users\shado\Year3Projects\FYP\src\dataset\bird_data\raw\cinclus_cinclus\XC709103.mp3,9.0,12.0,-26.696902538221522,-33.62758353175267,species,Cinclus cinclus,White-throated Dipper,0.8588576912879944,0.8588576912879944,species,1.0,rand_species,bird_data\clips\species\cinclus_cinclus\XC709103__s9000__e12000.wav,
cinclus_cinclus,709103,Cinclus cinclus,c:\Users\shado\Year3Projects\FYP\src\dataset\bird_data\raw\cinclus_cinclus\XC709103.mp3,12.0,15.0,-32.67193726103011,-33.62758353175267,species,Cinclus cinclus,White-throated Dipper,0.9901868104934692,0.9901868104934692,species,1.0,rand_species,bird_data\clips\species\cinclus_cinclus\XC709103__s12000__e15000.wav,
cinclus_cinclus,709103,Cinclus cinclus,c:\Users\shado\Year3Projects\FYP\src\dataset\bird_data\raw\cinclus_cinclus\XC709103.mp3,21.0,24.0,-30.53409897531862,-33.62758353175267,species,Cinclus cinclus,White-throated Dipper,0.9766924381256104,0.9766924381256104,species,0.0,,,
cinclus_cinclus,709103,Cinclus cinclus,c:\Users\shado\Year3Projects\FYP\src\dataset\bird_data\raw\cinclus_cinclus\XC709103.mp3,27.0,30.0,-31.481057094485003,-33.62758353175267,species,Cinclus cinclus,White-throated Dipper,0.9139154553413391,0.9139154553413391,species,0.0,,,
cinclus_cinclus,709103,Cinclus cinclus,c:\Users\shado\Year3Projects\FYP\src\dataset\bird_data\raw\cinclus_cinclus\XC709103.mp3,30.0,33.0,-31.642173520667395,-33.62758353175267,species,Cinclus cinclus,White-throated Dipper,0.9927869439125061,0.9927869439125061,species,1.0,rand_species,bird_data\clips\species\cinclus_cinclus\XC709103__s30000__e33000.wav,
cinclus_cinclus,390929,Cinclus cinclus,c:\Users\shado\Year3Projects\FYP\src\dataset\bird_data\raw\cinclus_cinclus\XC390929.mp3,6.0,9.0,-29.7148805355924,-30.117710305753384,species,Cinclus cinclus,White-throated Dipper,0.5643856525421143,0.5643856525421143,species,1.0,rand_species,bird_data\clips\species\cinclus_cinclus\XC390929__s6000__e9000.wav,
cinclus_cinclus,390929,Cinclus cinclus,c:\Users\shado\Year3Projects\FYP\src\dataset\bird_data\raw\cinclus_cinclus\XC390929.mp3,9.0,12.0,-29.489407588326703,-30.117710305753384,species,Cinclus cinclus,White-throated Dipper,0.9716430306434631,0.9716430306434631,species,1.0,rand_species,bird_data\clips\species\cinclus_cinclus\XC390929__s9000__e12000.wav,
cinclus_cinclus,390929,Cinclus cinclus,c:\Users\shado\Year3Projects\FYP\src\dataset\bird_data\raw\cinclus_cinclus\XC390929.mp3,12.0,15.0,-26.53021763654648,-30.117710305753384,drop,Cinclus cinclus,White-throated Dipper,0.2819787263870239,0.2819787263870239,drop,0.0,,,
cinclus_cinclus,390929,Cinclus cinclus,c:\Users\shado\Year3Projects\FYP\src\dataset\bird_data\raw\cinclus_cinclus\XC390929.mp3,15.0,18.0,-24.630422069856213,-30.117710305753384,species,Cinclus cinclus,White-throated Dipper,0.9865413904190063,0.9865413904190063,species,0.0,,,
cinclus_cinclus,390929,Cinclus cinclus,c:\Users\shado\Year3Projects\FYP\src\dataset\bird_data\raw\cinclus_cinclus\XC390929.mp3,24.0,27.0,-30.055490206544025,-30.117710305753384,species,Cinclus cinclus,White-throated Dipper,0.9918881058692932,0.9918881058692932,species,0.0,,,
cinclus_cinclus,390929,Cinclus cinclus,c:\Users\shado\Year3Projects\FYP\src\dataset\bird_data\raw\cinclus_cinclus\XC390929.mp3,27.0,30.0,-28.86840549642221,-30.117710305753384,species,Cinclus cinclus,White-throated Dipper,0.9972361922264099,0.9972361922264099,species,1.0,rand_species,bird_data\clips\species\cinclus_cinclus\XC390929__s27000__e30000.wav,
cinclus_cinclus,553280,Cinclus cinclus,c:\Users\shado\Year3Projects\FYP\src\dataset\bird_data\raw\cinclus_cinclus\XC553280.mp3,1.0,4.0,-27.318127774314938,-27.318127774314938,species,Cinclus cinclus,White-throated Dipper,0.6866386532783508,0.6866386532783508,species,1.0,rand_species,bird_data\clips\species\cinclus_cinclus\XC553280__s1000__e4000.wav,
cinclus_cinclus,214648,Cinclus cinclus,c:\Users\shado\Year3Projects\FYP\src\dataset\bird_data\raw\cinclus_cinclus\XC214648.mp3,7.0,10.0,-49.747225212154895,-40.0,species,Cinclus cinclus,White-throated Dipper,0.9549030065536499,0.9549030065536499,species,1.0,rand_species,bird_data\clips\species\cinclus_cinclus\XC214648__s7000__e10000.wav,
cinclus_cinclus,633220,Cinclus cinclus,c:\Users\shado\Year3Projects\FYP\src\dataset\bird_data\raw\cinclus_cinclus\XC633220.mp3,4.0,7.0,-54.57699071141535,-40.0,species,Cinclus cinclus,White-throated Dipper,0.6872609853744507,0.6872609853744507,species,1.0,rand_species,bird_data\clips\species\cinclus_cinclus\XC633220__s4000__e7000.wav,
cinclus_cinclus,390928,Cinclus cinclus,c:\Users\shado\Year3Projects\FYP\src\dataset\bird_data\raw\cinclus_cinclus\XC390928.mp3,1.0,4.0,-29.505670316378755,-35.33220365366028,drop,Anthus rubescens,American Pipit,0.5302480459213257,0.5302480459213257,drop,0.0,,,
cinclus_cinclus,390928,Cinclus cinclus,c:\Users\shado\Year3Projects\FYP\src\dataset\bird_data\raw\cinclus_cinclus\XC390928.mp3,4.0,7.0,-33.17933289879568,-35.33220365366028,species,Cinclus cinclus,White-throated Dipper,0.309530109167099,0.309530109167099,species,0.0,,,
cinclus_cinclus,390928,Cinclus cinclus,c:\Users\shado\Year3Projects\FYP\src\dataset\bird_data\raw\cinclus_cinclus\XC390928.mp3,7.0,10.0,-31.00322734867492,-35.33220365366028,drop,Anthus rubescens,American Pipit,0.8218863606452942,0.8218863606452942,drop,0.0,,,
cinclus_cinclus,390928,Cinclus cinclus,c:\Users\shado\Year3Projects\FYP\src\dataset\bird_data\raw\cinclus_cinclus\XC390928.mp3,13.0,16.0,-35.13923339266911,-35.33220365366028,species,Cinclus cinclus,White-throated Dipper,0.7644846439361572,0.7644846439361572,species,1.0,rand_species,bird_data\clips\species\cinclus_cinclus\XC390928__s13000__e16000.wav,
cinclus_cinclus,390928,Cinclus cinclus,c:\Users\shado\Year3Projects\FYP\src\dataset\bird_data\raw\cinclus_cinclus\XC390928.mp3,16.0,19.0,-34.838650511683696,-35.33220365366028,species,Cinclus cinclus,White-throated Dipper,0.7361485958099365,0.7361485958099365,species,1.0,rand_species,bird_data\clips\species\cinclus_cinclus\XC390928__s16000__e19000.wav,
cinclus_cinclus,390928,Cinclus cinclus,c:\Users\shado\Year3Projects\FYP\src\dataset\bird_data\raw\cinclus_cinclus\XC390928.mp3,22.0,25.0,-34.92567267296892,-35.33220365366028,species,Cinclus cinclus,White-throated Dipper,0.3746914863586426,0.3746914863586426,species,1.0,rand_species,bird_data\clips\species\cinclus_cinclus\XC390928__s22000__e25000.wav,
cinclus_cinclus,451580,Cinclus cinclus,c:\Users\shado\Year3Projects\FYP\src\dataset\bird_data\raw\cinclus_cinclus\XC451580.mp3,1.0,4.0,-45.784831847666574,-40.0,drop,Sturnella magna,Eastern Meadowlark,0.2920304536819458,0.2920304536819458,drop,0.0,,,
cinclus_cinclus,29880,Cinclus cinclus,c:\Users\shado\Year3Projects\FYP\src\dataset\bird_data\raw\cinclus_cinclus\XC29880.mp3,1.0,4.0,-17.771937409318966,-19.017114946863803,species,Cinclus cinclus,White-throated Dipper,0.9908470511436462,0.9908470511436462,species,1.0,rand_species,bird_data\clips\species\cinclus_cinclus\XC29880__s1000__e4000.wav,
cinclus_cinclus,29880,Cinclus cinclus,c:\Users\shado\Year3Projects\FYP\src\dataset\bird_data\raw\cinclus_cinclus\XC29880.mp3,4.0,7.0,-15.183995001155445,-19.017114946863803,species,Cinclus cinclus,White-throated Dipper,0.9886383414268494,0.9886383414268494,species,1.0,rand_species,bird_data\clips\species\cinclus_cinclus\XC29880__s4000__e7000.wav,
cinclus_cinclus,29880,Cinclus cinclus,c:\Users\shado\Year3Projects\FYP\src\dataset\bird_data\raw\cinclus_cinclus\XC29880.mp3,7.0,10.0,-18.77206123336363,-19.017114946863803,species,Cinclus cinclus,White-throated Dipper,0.7926615476608276,0.7926615476608276,species,1.0,rand_species,bird_data\clips\species\cinclus_cinclus\XC29880__s7000__e10000.wav,
cinclus_cinclus,357729,,,,,,,,,,,,,,,,no_windows
cinclus_cinclus,390927,Cinclus cinclus,c:\Users\shado\Year3Projects\FYP\src\dataset\bird_data\raw\cinclus_cinclus\XC390927.mp3,1.0,4.0,-24.872524904386296,-30.943154370520165,drop,Sicalis flaveola,Saffron Finch,0.6341073513031006,0.6341073513031006,drop,0.0,,,
cinclus_cinclus,390927,Cinclus cinclus,c:\Users\shado\Year3Projects\FYP\src\dataset\bird_data\raw\cinclus_cinclus\XC390927.mp3,4.0,7.0,-22.99566947279186,-30.943154370520165,species,Cinclus cinclus,White-throated Dipper,0.9907549023628235,0.9907549023628235,species,0.0,,,
cinclus_cinclus,390927,Cinclus cinclus,c:\Users\shado\Year3Projects\FYP\src\dataset\bird_data\raw\cinclus_cinclus\XC390927.mp3,7.0,10.0,-27.193035347357952,-30.943154370520165,species,Cinclus cinclus,White-throated Dipper,0.9835689663887024,0.9835689663887024,species,1.0,rand_species,bird_data\clips\species\cinclus_cinclus\XC390927__s7000__e10000.wav,
cinclus_cinclus,390927,Cinclus cinclus,c:\Users\shado\Year3Projects\FYP\src\dataset\bird_data\raw\cinclus_cinclus\XC390927.mp3,10.0,13.0,-28.888015640664953,-30.943154370520165,species,Cinclus cinclus,White-throated Dipper,0.7851058840751648,0.7851058840751648,species,0.0,,,
cinclus_cinclus,390927,Cinclus cinclus,c:\Users\shado\Year3Projects\FYP\src\dataset\bird_data\raw\cinclus_cinclus\XC390927.mp3,13.0,16.0,-29.523443452518983,-30.943154370520165,species,Cinclus cinclus,White-throated Dipper,0.9887968301773071,0.9887968301773071,species,1.0,rand_species,bird_data\clips\species\cinclus_cinclus\XC390927__s13000__e16000.wav,
cinclus_cinclus,390927,Cinclus cinclus,c:\Users\shado\Year3Projects\FYP\src\dataset\bird_data\raw\cinclus_cinclus\XC390927.mp3,19.0,22.0,-30.92959392615629,-30.943154370520165,species,Cinclus cinclus,White-throated Dipper,0.9943345785140991,0.9943345785140991,species,1.0,rand_species,bird_data\clips\species\cinclus_cinclus\XC390927__s19000__e22000.wav,
cinclus_cinclus,451579,Cinclus cinclus,c:\Users\shado\Year3Projects\FYP\src\dataset\bird_data\raw\cinclus_cinclus\XC451579.mp3,1.0,4.0,-43.50015742530534,-40.0,species,Cinclus cinclus,White-throated Dipper,0.8099974393844604,0.8099974393844604,species,1.0,rand_species,bird_data\clips\species\cinclus_cinclus\XC451579__s1000__e4000.wav,
cinclus_cinclus,357605,Cinclus cinclus,c:\Users\shado\Year3Projects\FYP\src\dataset\bird_data\raw\cinclus_cinclus\XC357605.mp3,22.0,25.0,-42.93644886555651,-40.0,species,Cinclus cinclus,White-throated Dipper,0.9496678709983826,0.9496678709983826,species,1.0,rand_species,bird_data\clips\species\cinclus_cinclus\XC357605__s22000__e25000.wav,
cinclus_cinclus,390926,Cinclus cinclus,c:\Users\shado\Year3Projects\FYP\src\dataset\bird_data\raw\cinclus_cinclus\XC390926.mp3,1.0,4.0,-31.329910378413025,-32.860809489058276,non_bird,,,0.0,0.0,non_bird,1.0,nonbird_lowconf,bird_data\clips\non_bird\cinclus_cinclus\XC390926__s1000__e4000.wav,
cinclus_cinclus,390926,Cinclus cinclus,c:\Users\shado\Year3Projects\FYP\src\dataset\bird_data\raw\cinclus_cinclus\XC390926.mp3,4.0,7.0,-25.85605282465554,-32.860809489058276,species,Cinclus cinclus,White-throated Dipper,0.9765886068344116,0.9765886068344116,species,1.0,rand_species,bird_data\clips\species\cinclus_cinclus\XC390926__s4000__e7000.wav,
cinclus_cinclus,390926,Cinclus cinclus,c:\Users\shado\Year3Projects\FYP\src\dataset\bird_data\raw\cinclus_cinclus\XC390926.mp3,7.0,10.0,-30.82176011374161,-32.860809489058276,species,Cinclus cinclus,White-throated Dipper,0.9748228788375854,0.9748228788375854,species,0.0,,,
cinclus_cinclus,390926,Cinclus cinclus,c:\Users\shado\Year3Projects\FYP\src\dataset\bird_data\raw\cinclus_cinclus\XC390926.mp3,10.0,13.0,-31.22069085693672,-32.860809489058276,species,Cinclus cinclus,White-throated Dipper,0.997234046459198,0.997234046459198,species,1.0,rand_species,bird_data\clips\species\cinclus_cinclus\XC390926__s10000__e13000.wav,
cinclus_cinclus,390926,Cinclus cinclus,c:\Users\shado\Year3Projects\FYP\src\dataset\bird_data\raw\cinclus_cinclus\XC390926.mp3,13.0,16.0,-31.373997279338802,-32.860809489058276,species,Cinclus cinclus,White-throated Dipper,0.9904391765594482,0.9904391765594482,species,0.0,,,
cinclus_cinclus,390926,Cinclus cinclus,c:\Users\shado\Year3Projects\FYP\src\dataset\bird_data\raw\cinclus_cinclus\XC390926.mp3,16.0,19.0,-32.600692640527214,-32.860809489058276,species,Cinclus cinclus,White-throated Dipper,0.9924015998840332,0.9924015998840332,species,1.0,rand_species,bird_data\clips\species\cinclus_cinclus\XC390926__s16000__e19000.wav,
cinclus_cinclus,449446,Cinclus cinclus,c:\Users\shado\Year3Projects\FYP\src\dataset\bird_data\raw\cinclus_cinclus\XC449446.mp3,1.0,4.0,-43.70005734730762,-40.0,drop,Phylloscopus borealis,Arctic Warbler,0.6149094104766846,0.6149094104766846,drop,0.0,,,
cinclus_cinclus,357380,Cinclus cinclus,c:\Users\shado\Year3Projects\FYP\src\dataset\bird_data\raw\cinclus_cinclus\XC357380.mp3,1.0,4.0,-37.43552675035047,-37.800545611446445,species,Cinclus cinclus,White-throated Dipper,0.967564046382904,0.967564046382904,species,1.0,rand_species,bird_data\clips\species\cinclus_cinclus\XC357380__s1000__e4000.wav,
cinclus_cinclus,357380,Cinclus cinclus,c:\Users\shado\Year3Projects\FYP\src\dataset\bird_data\raw\cinclus_cinclus\XC357380.mp3,4.0,7.0,-37.650770316743916,-37.800545611446445,species,Cinclus cinclus,White-throated Dipper,0.4861939251422882,0.4861939251422882,species,1.0,rand_species,bird_data\clips\species\cinclus_cinclus\XC357380__s4000__e7000.wav,
cinclus_cinclus,357380,Cinclus cinclus,c:\Users\shado\Year3Projects\FYP\src\dataset\bird_data\raw\cinclus_cinclus\XC357380.mp3,7.0,10.0,-37.36227897692523,-37.800545611446445,species,Cinclus cinclus,White-throated Dipper,0.667425274848938,0.667425274848938,species,1.0,rand_species,bird_data\clips\species\cinclus_cinclus\XC357380__s7000__e10000.wav,
cinclus_cinclus,357380,Cinclus cinclus,c:\Users\shado\Year3Projects\FYP\src\dataset\bird_data\raw\cinclus_cinclus\XC357380.mp3,10.0,13.0,-35.629249625781284,-37.800545611446445,drop,Cinclus cinclus,White-throated Dipper,0.1508610099554062,0.1508610099554062,drop,0.0,,,
cinclus_cinclus,357380,Cinclus cinclus,c:\Users\shado\Year3Projects\FYP\src\dataset\bird_data\raw\cinclus_cinclus\XC357380.mp3,13.0,16.0,-36.669441745603024,-37.800545611446445,non_bird,,,0.0,0.0,non_bird,1.0,nonbird_lowconf,bird_data\clips\non_bird\cinclus_cinclus\XC357380__s13000__e16000.wav,
cinclus_cinclus,357380,Cinclus cinclus,c:\Users\shado\Year3Projects\FYP\src\dataset\bird_data\raw\cinclus_cinclus\XC357380.mp3,16.0,19.0,-36.792175319570205,-37.800545611446445,non_bird,,,0.0,0.0,non_bird,1.0,nonbird_lowconf,bird_data\clips\non_bird\cinclus_cinclus\XC357380__s16000__e19000.wav,
cinclus_cinclus,390925,Cinclus cinclus,c:\Users\shado\Year3Projects\FYP\src\dataset\bird_data\raw\cinclus_cinclus\XC390925.mp3,1.0,4.0,-25.84670042942822,-32.048523043299866,drop,Sicalis flaveola,Saffron Finch,0.217947855591774,0.217947855591774,drop,0.0,,,
cinclus_cinclus,390925,Cinclus cinclus,c:\Users\shado\Year3Projects\FYP\src\dataset\bird_data\raw\cinclus_cinclus\XC390925.mp3,4.0,7.0,-22.727694830887813,-32.048523043299866,species,Cinclus cinclus,White-throated Dipper,0.8986237049102783,0.8986237049102783,species,1.0,rand_species,bird_data\clips\species\cinclus_cinclus\XC390925__s4000__e7000.wav,
cinclus_cinclus,390925,Cinclus cinclus,c:\Users\shado\Year3Projects\FYP\src\dataset\bird_data\raw\cinclus_cinclus\XC390925.mp3,7.0,10.0,-23.880769449930497,-32.048523043299866,species,Cinclus cinclus,White-throated Dipper,0.9928280711174011,0.9928280711174011,species,1.0,rand_species,bird_data\clips\species\cinclus_cinclus\XC390925__s7000__e10000.wav,
cinclus_cinclus,390925,Cinclus cinclus,c:\Users\shado\Year3Projects\FYP\src\dataset\bird_data\raw\cinclus_cinclus\XC390925.mp3,10.0,13.0,-29.466116330212834,-32.048523043299866,species,Cinclus cinclus,White-throated Dipper,0.8909246325492859,0.8909246325492859,species,0.0,,,
cinclus_cinclus,390925,Cinclus cinclus,c:\Users\shado\Year3Projects\FYP\src\dataset\bird_data\raw\cinclus_cinclus\XC390925.mp3,13.0,16.0,-29.539740008332682,-32.048523043299866,species,Cinclus cinclus,White-throated Dipper,0.9786010980606079,0.9786010980606079,species,1.0,rand_species,bird_data\clips\species\cinclus_cinclus\XC390925__s13000__e16000.wav,
cinclus_cinclus,390925,Cinclus cinclus,c:\Users\shado\Year3Projects\FYP\src\dataset\bird_data\raw\cinclus_cinclus\XC390925.mp3,16.0,19.0,-31.836177977863333,-32.048523043299866,species,Cinclus cinclus,White-throated Dipper,0.9714156985282898,0.9714156985282898,species,0.0,,,
cinclus_cinclus,398373,Cinclus cinclus,c:\Users\shado\Year3Projects\FYP\src\dataset\bird_data\raw\cinclus_cinclus\XC398373.mp3,1.0,4.0,-29.649117137569494,-31.012568731490948,species,Cinclus cinclus,White-throated Dipper,0.993766188621521,0.993766188621521,species,1.0,rand_species,bird_data\clips\species\cinclus_cinclus\XC398373__s1000__e4000.wav,
cinclus_cinclus,398373,Cinclus cinclus,c:\Users\shado\Year3Projects\FYP\src\dataset\bird_data\raw\cinclus_cinclus\XC398373.mp3,7.0,10.0,-30.324230349890108,-31.012568731490948,species,Cinclus cinclus,White-throated Dipper,0.3803524672985077,0.3803524672985077,species,1.0,rand_species,bird_data\clips\species\cinclus_cinclus\XC398373__s7000__e10000.wav,
cinclus_cinclus,357379,Cinclus cinclus,c:\Users\shado\Year3Projects\FYP\src\dataset\bird_data\raw\cinclus_cinclus\XC357379.mp3,1.0,4.0,-33.60647696812277,-33.91475717278627,species,Cinclus cinclus,White-throated Dipper,0.8023036122322083,0.8023036122322083,species,1.0,rand_species,bird_data\clips\species\cinclus_cinclus\XC357379__s1000__e4000.wav,
cinclus_cinclus,357379,Cinclus cinclus,c:\Users\shado\Year3Projects\FYP\src\dataset\bird_data\raw\cinclus_cinclus\XC357379.mp3,7.0,10.0,-31.116770293231248,-33.91475717278627,species,Cinclus cinclus,White-throated Dipper,0.9378025531768799,0.9378025531768799,species,1.0,rand_species,bird_data\clips\species\cinclus_cinclus\XC357379__s7000__e10000.wav,
cinclus_cinclus,390922,Cinclus cinclus,c:\Users\shado\Year3Projects\FYP\src\dataset\bird_data\raw\cinclus_cinclus\XC390922.mp3,1.0,4.0,-33.4122893920052,-37.15331693680844,non_bird,,,0.0,0.0,non_bird,1.0,nonbird_lowconf,bird_data\clips\non_bird\cinclus_cinclus\XC390922__s1000__e4000.wav,
cinclus_cinclus,390922,Cinclus cinclus,c:\Users\shado\Year3Projects\FYP\src\dataset\bird_data\raw\cinclus_cinclus\XC390922.mp3,4.0,7.0,-36.72753401010268,-37.15331693680844,drop,Cinclus cinclus,White-throated Dipper,0.10612387210130692,0.10612387210130692,drop,0.0,,,
cinclus_cinclus,398366,Cinclus cinclus,c:\Users\shado\Year3Projects\FYP\src\dataset\bird_data\raw\cinclus_cinclus\XC398366.mp3,1.0,4.0,-30.611453468672476,-32.31020522293343,species,Cinclus cinclus,White-throated Dipper,0.910969078540802,0.910969078540802,species,1.0,rand_species,bird_data\clips\species\cinclus_cinclus\XC398366__s1000__e4000.wav,
cinclus_cinclus,398366,Cinclus cinclus,c:\Users\shado\Year3Projects\FYP\src\dataset\bird_data\raw\cinclus_cinclus\XC398366.mp3,10.0,13.0,-32.09736509220446,-32.31020522293343,species,Cinclus cinclus,White-throated Dipper,0.873829185962677,0.873829185962677,species,1.0,rand_species,bird_data\clips\species\cinclus_cinclus\XC398366__s10000__e13000.wav,
cinclus_cinclus,398366,Cinclus cinclus,c:\Users\shado\Year3Projects\FYP\src\dataset\bird_data\raw\cinclus_cinclus\XC398366.mp3,13.0,16.0,-30.427243358215005,-32.31020522293343,drop,Chlidonias hybrida,Whiskered Tern,0.6413030028343201,0.6413030028343201,drop,0.0,,,
cinclus_cinclus,345907,Cinclus cinclus,c:\Users\shado\Year3Projects\FYP\src\dataset\bird_data\raw\cinclus_cinclus\XC345907.mp3,1.0,4.0,-30.696732603121184,-31.296459613242803,species,Cinclus cinclus,White-throated Dipper,0.6535217761993408,0.6535217761993408,species,1.0,rand_species,bird_data\clips\species\cinclus_cinclus\XC345907__s1000__e4000.wav,
cinclus_cinclus,345907,Cinclus cinclus,c:\Users\shado\Year3Projects\FYP\src\dataset\bird_data\raw\cinclus_cinclus\XC345907.mp3,10.0,13.0,-27.285605057620646,-31.296459613242803,species,Cinclus cinclus,White-throated Dipper,0.8876256346702576,0.8876256346702576,species,1.0,rand_species,bird_data\clips\species\cinclus_cinclus\XC345907__s10000__e13000.wav,
cinclus_cinclus,345907,Cinclus cinclus,c:\Users\shado\Year3Projects\FYP\src\dataset\bird_data\raw\cinclus_cinclus\XC345907.mp3,13.0,16.0,-28.827640152764307,-31.296459613242803,species,Cinclus cinclus,White-throated Dipper,0.967585027217865,0.967585027217865,species,0.0,,,
cinclus_cinclus,345907,Cinclus cinclus,c:\Users\shado\Year3Projects\FYP\src\dataset\bird_data\raw\cinclus_cinclus\XC345907.mp3,16.0,19.0,-27.222874909147873,-31.296459613242803,species,Cinclus cinclus,White-throated Dipper,0.6711671352386475,0.6711671352386475,species,0.0,,,
cinclus_cinclus,345907,Cinclus cinclus,c:\Users\shado\Year3Projects\FYP\src\dataset\bird_data\raw\cinclus_cinclus\XC345907.mp3,22.0,25.0,-27.748643794646352,-31.296459613242803,species,Cinclus cinclus,White-throated Dipper,0.9549353122711182,0.9549353122711182,species,1.0,rand_species,bird_data\clips\species\cinclus_cinclus\XC345907__s22000__e25000.wav,
cinclus_cinclus,345907,Cinclus cinclus,c:\Users\shado\Year3Projects\FYP\src\dataset\bird_data\raw\cinclus_cinclus\XC345907.mp3,25.0,28.0,-26.622254021247727,-31.296459613242803,species,Cinclus cinclus,White-throated Dipper,0.9989131689071655,0.9989131689071655,species,0.0,,,
cinclus_cinclus,390921,Cinclus cinclus,c:\Users\shado\Year3Projects\FYP\src\dataset\bird_data\raw\cinclus_cinclus\XC390921.mp3,1.0,4.0,-32.840952343361145,-36.2561113630638,non_bird,,,0.0,0.0,non_bird,1.0,nonbird_lowconf,bird_data\clips\non_bird\cinclus_cinclus\XC390921__s1000__e4000.wav,
cinclus_cinclus,390921,Cinclus cinclus,c:\Users\shado\Year3Projects\FYP\src\dataset\bird_data\raw\cinclus_cinclus\XC390921.mp3,4.0,7.0,-33.90858739419942,-36.2561113630638,species,Cinclus cinclus,White-throated Dipper,0.40735533833503723,0.40735533833503723,species,1.0,rand_species,bird_data\clips\species\cinclus_cinclus\XC390921__s4000__e7000.wav,
cinclus_cinclus,390921,Cinclus cinclus,c:\Users\shado\Year3Projects\FYP\src\dataset\bird_data\raw\cinclus_cinclus\XC390921.mp3,7.0,10.0,-33.097318717481606,-36.2561113630638,species,Cinclus cinclus,White-throated Dipper,0.8933314085006714,0.8933314085006714,species,1.0,rand_species,bird_data\clips\species\cinclus_cinclus\XC390921__s7000__e10000.wav,
cinclus_cinclus,390921,Cinclus cinclus,c:\Users\shado\Year3Projects\FYP\src\dataset\bird_data\raw\cinclus_cinclus\XC390921.mp3,10.0,13.0,-34.78306477334842,-36.2561113630638,species,Cinclus cinclus,White-throated Dipper,0.9392096996307373,0.9392096996307373,species,1.0,rand_species,bird_data\clips\species\cinclus_cinclus\XC390921__s10000__e13000.wav,
cinclus_cinclus,164917,Cinclus cinclus,c:\Users\shado\Year3Projects\FYP\src\dataset\bird_data\raw\cinclus_cinclus\XC164917.mp3,1.0,4.0,-35.20864863203674,-40.0,species,Cinclus cinclus,White-throated Dipper,0.6762241721153259,0.6762241721153259,species,1.0,rand_species,bird_data\clips\species\cinclus_cinclus\XC164917__s1000__e4000.wav,
cinclus_cinclus,164917,Cinclus cinclus,c:\Users\shado\Year3Projects\FYP\src\dataset\bird_data\raw\cinclus_cinclus\XC164917.mp3,4.0,7.0,-33.05932184637379,-40.0,species,Cinclus cinclus,White-throated Dipper,0.9088369607925415,0.9088369607925415,species,1.0,rand_species,bird_data\clips\species\cinclus_cinclus\XC164917__s4000__e7000.wav,
cinclus_cinclus,164917,Cinclus cinclus,c:\Users\shado\Year3Projects\FYP\src\dataset\bird_data\raw\cinclus_cinclus\XC164917.mp3,10.0,13.0,-29.317160720513854,-40.0,species,Cinclus cinclus,White-throated Dipper,0.9980661273002625,0.9980661273002625,species,1.0,rand_species,bird_data\clips\species\cinclus_cinclus\XC164917__s10000__e13000.wav,
cinclus_cinclus,164917,Cinclus cinclus,c:\Users\shado\Year3Projects\FYP\src\dataset\bird_data\raw\cinclus_cinclus\XC164917.mp3,22.0,25.0,-31.447961081061116,-40.0,species,Cinclus cinclus,White-throated Dipper,0.9714071750640869,0.9714071750640869,species,0.0,,,
cinclus_cinclus,164917,Cinclus cinclus,c:\Users\shado\Year3Projects\FYP\src\dataset\bird_data\raw\cinclus_cinclus\XC164917.mp3,25.0,28.0,-35.982376764586576,-40.0,drop,Phylloscopus borealis,Arctic Warbler,0.8915550112724304,0.8915550112724304,drop,0.0,,,
cinclus_cinclus,390916,Cinclus cinclus,c:\Users\shado\Year3Projects\FYP\src\dataset\bird_data\raw\cinclus_cinclus\XC390916.mp3,4.0,7.0,-26.23631339479436,-31.44440586607143,species,Cinclus cinclus,White-throated Dipper,0.4955276846885681,0.4955276846885681,species,0.0,,,
cinclus_cinclus,390916,Cinclus cinclus,c:\Users\shado\Year3Projects\FYP\src\dataset\bird_data\raw\cinclus_cinclus\XC390916.mp3,7.0,10.0,-26.30734108594946,-31.44440586607143,species,Cinclus cinclus,White-throated Dipper,0.9284383654594421,0.9284383654594421,species,1.0,rand_species,bird_data\clips\species\cinclus_cinclus\XC390916__s7000__e10000.wav,
cinclus_cinclus,390916,Cinclus cinclus,c:\Users\shado\Year3Projects\FYP\src\dataset\bird_data\raw\cinclus_cinclus\XC390916.mp3,10.0,13.0,-31.43500160449338,-31.44440586607143,species,Cinclus cinclus,White-throated Dipper,0.987136960029602,0.987136960029602,species,0.0,,,
cinclus_cinclus,390916,Cinclus cinclus,c:\Users\shado\Year3Projects\FYP\src\dataset\bird_data\raw\cinclus_cinclus\XC390916.mp3,13.0,16.0,-28.30447712225258,-31.44440586607143,species,Cinclus cinclus,White-throated Dipper,0.9581173658370972,0.9581173658370972,species,1.0,rand_species,bird_data\clips\species\cinclus_cinclus\XC390916__s13000__e16000.wav,
cinclus_cinclus,390916,Cinclus cinclus,c:\Users\shado\Year3Projects\FYP\src\dataset\bird_data\raw\cinclus_cinclus\XC390916.mp3,16.0,19.0,-27.48951350651055,-31.44440586607143,species,Cinclus cinclus,White-throated Dipper,0.9739314317703247,0.9739314317703247,species,0.0,,,
cinclus_cinclus,390916,Cinclus cinclus,c:\Users\shado\Year3Projects\FYP\src\dataset\bird_data\raw\cinclus_cinclus\XC390916.mp3,19.0,22.0,-30.67064769232951,-31.44440586607143,species,Cinclus cinclus,White-throated Dipper,0.9886317849159241,0.9886317849159241,species,1.0,rand_species,bird_data\clips\species\cinclus_cinclus\XC390916__s19000__e22000.wav,
cinclus_cinclus,390915,Cinclus cinclus,c:\Users\shado\Year3Projects\FYP\src\dataset\bird_data\raw\cinclus_cinclus\XC390915.mp3,1.0,4.0,-27.99065230888495,-30.626680773156476,species,Cinclus cinclus,White-throated Dipper,0.3752378523349762,0.3752378523349762,species,0.0,,,
cinclus_cinclus,390915,Cinclus cinclus,c:\Users\shado\Year3Projects\FYP\src\dataset\bird_data\raw\cinclus_cinclus\XC390915.mp3,4.0,7.0,-23.809353987981424,-30.626680773156476,species,Cinclus cinclus,White-throated Dipper,0.589304506778717,0.589304506778717,species,0.0,,,
cinclus_cinclus,390915,Cinclus cinclus,c:\Users\shado\Year3Projects\FYP\src\dataset\bird_data\raw\cinclus_cinclus\XC390915.mp3,7.0,10.0,-25.05257308480551,-30.626680773156476,species,Cinclus cinclus,White-throated Dipper,0.9707550406455994,0.9707550406455994,species,0.0,,,
cinclus_cinclus,390915,Cinclus cinclus,c:\Users\shado\Year3Projects\FYP\src\dataset\bird_data\raw\cinclus_cinclus\XC390915.mp3,10.0,13.0,-29.294684688240746,-30.626680773156476,species,Cinclus cinclus,White-throated Dipper,0.9994704127311707,0.9994704127311707,species,1.0,rand_species,bird_data\clips\species\cinclus_cinclus\XC390915__s10000__e13000.wav,
cinclus_cinclus,390915,Cinclus cinclus,c:\Users\shado\Year3Projects\FYP\src\dataset\bird_data\raw\cinclus_cinclus\XC390915.mp3,13.0,16.0,-30.149852438504013,-30.626680773156476,species,Cinclus cinclus,White-throated Dipper,0.9890261292457581,0.9890261292457581,species,1.0,rand_species,bird_data\clips\species\cinclus_cinclus\XC390915__s13000__e16000.wav,
cinclus_cinclus,390915,Cinclus cinclus,c:\Users\shado\Year3Projects\FYP\src\dataset\bird_data\raw\cinclus_cinclus\XC390915.mp3,16.0,19.0,-29.872104284380935,-30.626680773156476,species,Cinclus cinclus,White-throated Dipper,0.9315663576126099,0.9315663576126099,species,1.0,rand_species,bird_data\clips\species\cinclus_cinclus\XC390915__s16000__e19000.wav,
cinclus_cinclus,390914,Cinclus cinclus,c:\Users\shado\Year3Projects\FYP\src\dataset\bird_data\raw\cinclus_cinclus\XC390914.mp3,1.0,4.0,-26.08869238787551,-29.84728489387083,species,Cinclus cinclus,White-throated Dipper,0.43430471420288086,0.43430471420288086,species,1.0,rand_species,bird_data\clips\species\cinclus_cinclus\XC390914__s1000__e4000.wav,
cinclus_cinclus,390914,Cinclus cinclus,c:\Users\shado\Year3Projects\FYP\src\dataset\bird_data\raw\cinclus_cinclus\XC390914.mp3,4.0,7.0,-24.70194645953311,-29.84728489387083,species,Cinclus cinclus,White-throated Dipper,0.9950916767120361,0.9950916767120361,species,0.0,,,
cinclus_cinclus,390914,Cinclus cinclus,c:\Users\shado\Year3Projects\FYP\src\dataset\bird_data\raw\cinclus_cinclus\XC390914.mp3,7.0,10.0,-25.190983821080962,-29.84728489387083,species,Cinclus cinclus,White-throated Dipper,0.9908356666564941,0.9908356666564941,species,0.0,,,
cinclus_cinclus,390914,Cinclus cinclus,c:\Users\shado\Year3Projects\FYP\src\dataset\bird_data\raw\cinclus_cinclus\XC390914.mp3,10.0,13.0,-26.41457532911994,-29.84728489387083,species,Cinclus cinclus,White-throated Dipper,0.9934104084968567,0.9934104084968567,species,1.0,rand_species,bird_data\clips\species\cinclus_cinclus\XC390914__s10000__e13000.wav,
cinclus_cinclus,390914,Cinclus cinclus,c:\Users\shado\Year3Projects\FYP\src\dataset\bird_data\raw\cinclus_cinclus\XC390914.mp3,13.0,16.0,-24.96244054947738,-29.84728489387083,species,Cinclus cinclus,White-throated Dipper,0.9957911968231201,0.9957911968231201,species,0.0,,,
cinclus_cinclus,390914,Cinclus cinclus,c:\Users\shado\Year3Projects\FYP\src\dataset\bird_data\raw\cinclus_cinclus\XC390914.mp3,16.0,19.0,-29.40335584551301,-29.84728489387083,species,Cinclus cinclus,White-throated Dipper,0.9967901110649109,0.9967901110649109,species,1.0,rand_species,bird_data\clips\species\cinclus_cinclus\XC390914__s16000__e19000.wav,
cinclus_cinclus,390913,Cinclus cinclus,c:\Users\shado\Year3Projects\FYP\src\dataset\bird_data\raw\cinclus_cinclus\XC390913.mp3,1.0,4.0,-26.289393802095994,-29.987168675729368,drop,Sicalis flaveola,Saffron Finch,0.17629936337471008,0.17629936337471008,drop,0.0,,,
cinclus_cinclus,390913,Cinclus cinclus,c:\Users\shado\Year3Projects\FYP\src\dataset\bird_data\raw\cinclus_cinclus\XC390913.mp3,4.0,7.0,-23.957003248972516,-29.987168675729368,drop,Sicalis flaveola,Saffron Finch,0.9376105070114136,0.9376105070114136,drop,0.0,,,
cinclus_cinclus,390913,Cinclus cinclus,c:\Users\shado\Year3Projects\FYP\src\dataset\bird_data\raw\cinclus_cinclus\XC390913.mp3,7.0,10.0,-26.55856567451619,-29.987168675729368,species,Cinclus cinclus,White-throated Dipper,0.9769952297210693,0.9769952297210693,species,0.0,,,
cinclus_cinclus,390913,Cinclus cinclus,c:\Users\shado\Year3Projects\FYP\src\dataset\bird_data\raw\cinclus_cinclus\XC390913.mp3,13.0,16.0,-29.939635308188763,-29.987168675729368,species,Cinclus cinclus,White-throated Dipper,0.9925432205200195,0.9925432205200195,species,1.0,rand_species,bird_data\clips\species\cinclus_cinclus\XC390913__s13000__e16000.wav,
cinclus_cinclus,390913,Cinclus cinclus,c:\Users\shado\Year3Projects\FYP\src\dataset\bird_data\raw\cinclus_cinclus\XC390913.mp3,16.0,19.0,-29.37235330706681,-29.987168675729368,species,Cinclus cinclus,White-throated Dipper,0.9864112734794617,0.9864112734794617,species,1.0,rand_species,bird_data\clips\species\cinclus_cinclus\XC390913__s16000__e19000.wav,
cinclus_cinclus,390913,Cinclus cinclus,c:\Users\shado\Year3Projects\FYP\src\dataset\bird_data\raw\cinclus_cinclus\XC390913.mp3,19.0,22.0,-29.655684196505195,-29.987168675729368,species,Cinclus cinclus,White-throated Dipper,0.8409488797187805,0.8409488797187805,species,1.0,rand_species,bird_data\clips\species\cinclus_cinclus\XC390913__s19000__e22000.wav,
cinclus_cinclus,390911,Cinclus cinclus,c:\Users\shado\Year3Projects\FYP\src\dataset\bird_data\raw\cinclus_cinclus\XC390911.mp3,1.0,4.0,-24.002396391375047,-27.461403443178323,drop,Chloroceryle amazona,Amazon Kingfisher,0.26639512181282043,0.26639512181282043,drop,0.0,,,
cinclus_cinclus,390911,Cinclus cinclus,c:\Users\shado\Year3Projects\FYP\src\dataset\bird_data\raw\cinclus_cinclus\XC390911.mp3,4.0,7.0,-20.93877013238915,-27.461403443178323,species,Cinclus cinclus,White-throated Dipper,0.852540910243988,0.852540910243988,species,1.0,rand_species,bird_data\clips\species\cinclus_cinclus\XC390911__s4000__e7000.wav,
cinclus_cinclus,390911,Cinclus cinclus,c:\Users\shado\Year3Projects\FYP\src\dataset\bird_data\raw\cinclus_cinclus\XC390911.mp3,7.0,10.0,-22.376136252995362,-27.461403443178323,species,Cinclus cinclus,White-throated Dipper,0.9683544039726257,0.9683544039726257,species,0.0,,,
cinclus_cinclus,390911,Cinclus cinclus,c:\Users\shado\Year3Projects\FYP\src\dataset\bird_data\raw\cinclus_cinclus\XC390911.mp3,13.0,16.0,-26.822220934152394,-27.461403443178323,species,Cinclus cinclus,White-throated Dipper,0.9742501974105835,0.9742501974105835,species,1.0,rand_species,bird_data\clips\species\cinclus_cinclus\XC390911__s13000__e16000.wav,
cinclus_cinclus,390911,Cinclus cinclus,c:\Users\shado\Year3Projects\FYP\src\dataset\bird_data\raw\cinclus_cinclus\XC390911.mp3,16.0,19.0,-27.208193837280334,-27.461403443178323,species,Cinclus cinclus,White-throated Dipper,0.9849812984466553,0.9849812984466553,species,1.0,rand_species,bird_data\clips\species\cinclus_cinclus\XC390911__s16000__e19000.wav,
cinclus_cinclus,390911,Cinclus cinclus,c:\Users\shado\Year3Projects\FYP\src\dataset\bird_data\raw\cinclus_cinclus\XC390911.mp3,19.0,22.0,-27.29571565567702,-27.461403443178323,species,Cinclus cinclus,White-throated Dipper,0.944324254989624,0.944324254989624,species,0.0,,,
cinclus_cinclus,175111,Cinclus cinclus,c:\Users\shado\Year3Projects\FYP\src\dataset\bird_data\raw\cinclus_cinclus\XC175111.mp3,4.0,7.0,-31.175820300406905,-33.0407703281729,species,Cinclus cinclus,White-throated Dipper,0.9956586360931396,0.9956586360931396,species,0.0,,,
cinclus_cinclus,175111,Cinclus cinclus,c:\Users\shado\Year3Projects\FYP\src\dataset\bird_data\raw\cinclus_cinclus\XC175111.mp3,7.0,10.0,-30.180392897964374,-33.0407703281729,species,Cinclus cinclus,White-throated Dipper,0.936677873134613,0.936677873134613,species,1.0,rand_species,bird_data\clips\species\cinclus_cinclus\XC175111__s7000__e10000.wav,
cinclus_cinclus,175111,Cinclus cinclus,c:\Users\shado\Year3Projects\FYP\src\dataset\bird_data\raw\cinclus_cinclus\XC175111.mp3,10.0,13.0,-32.41668965069354,-33.0407703281729,species,Cinclus cinclus,White-throated Dipper,0.9826276898384094,0.9826276898384094,species,1.0,rand_species,bird_data\clips\species\cinclus_cinclus\XC175111__s10000__e13000.wav,
cinclus_cinclus,175111,Cinclus cinclus,c:\Users\shado\Year3Projects\FYP\src\dataset\bird_data\raw\cinclus_cinclus\XC175111.mp3,13.0,16.0,-31.465979536651083,-33.0407703281729,species,Cinclus cinclus,White-throated Dipper,0.9948965907096863,0.9948965907096863,species,0.0,,,
cinclus_cinclus,175111,Cinclus cinclus,c:\Users\shado\Year3Projects\FYP\src\dataset\bird_data\raw\cinclus_cinclus\XC175111.mp3,16.0,19.0,-32.4417056797903,-33.0407703281729,species,Cinclus cinclus,White-throated Dipper,0.562019944190979,0.562019944190979,species,1.0,rand_species,bird_data\clips\species\cinclus_cinclus\XC175111__s16000__e19000.wav,
