species_label,xc_id,sci_name,source_path,start_s,end_s,rms_db,rms_gate_thr_db,teacher_decision,teacher_top_sci,teacher_top_common,teacher_top_conf,teacher_max_conf,final_class,selected,selected_reason,clip_path,error
hirundo_rustica,978679,Hirundo rustica,/Users/justyna-przy/Projects/ISE/FYP/src/dataset/bird_data/raw/hirundo_rustica/XC978679.mp3,1.0,4.0,-25.977402723794675,-25.977402723794675,species,Hirundo rustica,Barn Swallow,0.9249688386917114,0.9249688386917114,species,1,rand_species,/Users/justyna-przy/Projects/ISE/FYP/src/dataset/bird_data/clips/species/hirundo_rustica/XC978679__s1000__e4000.wav,
hirundo_rustica,704091,Hirundo rustica,/Users/justyna-przy/Projects/ISE/FYP/src/dataset/bird_data/raw/hirundo_rustica/XC704091.mp3,4.0,7.0,-30.278359520088507,-40.0,species,Hirundo rustica,Barn Swallow,0.9759105443954468,0.9759105443954468,species,1,rand_species,/Users/justyna-przy/Projects/ISE/FYP/src/dataset/bird_data/clips/species/hirundo_rustica/XC704091__s4000__e7000.wav,
hirundo_rustica,704091,Hirundo rustica,/Users/justyna-przy/Projects/ISE/FYP/src/dataset/bird_data/raw/hirundo_rustica/XC704091.mp3,7.0,10.0,-34.47138299597613,-40.0,drop,Thryophilus rufalbus,Rufous-and-white Wren,0.5319871306419373,0.5319871306419373,drop,0,,,
hirundo_rustica,988212,Hirundo rustica,/Users/justyna-przy/Projects/ISE/FYP/src/dataset/bird_data/raw/hirundo_rustica/XC988212.mp3,22.0,25.0,-21.00748697557409,-24.75027726087072,species,Hirundo rustica,Barn Swallow,0.9940165281295776,0.9940165281295776,species,1,rand_species,/Users/justyna-przy/Projects/ISE/FYP/src/dataset/bird_data/clips/species/hirundo_rustica/XC988212__s22000__e25000.wav,
hirundo_rustica,988212,Hirundo rustica,/Users/justyna-przy/Projects/ISE/FYP/src/dataset/bird_data/raw/hirundo_rustica/XC988212.mp3,25.0,28.0,-21.312515024678113,-24.75027726087072,species,Hirundo rustica,Barn Swallow,0.6898943781852722,0.6898943781852722,species,0,,,
hirundo_rustica,988212,Hirundo rustica,/Users/justyna-przy/Projects/ISE/FYP/src/dataset/bird_data/raw/hirundo_rustica/XC988212.mp3,31.0,34.0,-15.819335560052597,-24.75027726087072,species,Hirundo rustica,Barn Swallow,0.9985418319702148,0.9985418319702148,species,1,rand_species,/Users/justyna-przy/Projects/ISE/FYP/src/dataset/bird_data/clips/species/hirundo_rustica/XC988212__s31000__e34000.wav,
hirundo_rustica,988212,Hirundo rustica,/Users/justyna-przy/Projects/ISE/FYP/src/dataset/bird_data/raw/hirundo_rustica/XC988212.mp3,34.0,37.0,-16.374790987433,-24.75027726087072,species,Hirundo rustica,Barn Swallow,0.9974094033241272,0.9974094033241272,species,0,,,
hirundo_rustica,988212,Hirundo rustica,/Users/justyna-przy/Projects/ISE/FYP/src/dataset/bird_data/raw/hirundo_rustica/XC988212.mp3,37.0,40.0,-23.87172671003168,-24.75027726087072,species,Hirundo rustica,Barn Swallow,0.99611496925354,0.99611496925354,species,0,,,
hirundo_rustica,988212,Hirundo rustica,/Users/justyna-przy/Projects/ISE/FYP/src/dataset/bird_data/raw/hirundo_rustica/XC988212.mp3,40.0,43.0,-20.1500131091319,-24.75027726087072,species,Hirundo rustica,Barn Swallow,0.9973504543304443,0.9973504543304443,species,1,rand_species,/Users/justyna-przy/Projects/ISE/FYP/src/dataset/bird_data/clips/species/hirundo_rustica/XC988212__s40000__e43000.wav,
hirundo_rustica,1068220,Hirundo rustica,/Users/justyna-przy/Projects/ISE/FYP/src/dataset/bird_data/raw/hirundo_rustica/XC1068220.mp3,1.0,4.0,-33.70282453803861,-39.562872066346564,species,Hirundo rustica,Barn Swallow,0.9778859615325928,0.9778859615325928,species,1,rand_species,/Users/justyna-przy/Projects/ISE/FYP/src/dataset/bird_data/clips/species/hirundo_rustica/XC1068220__s1000__e4000.wav,
hirundo_rustica,1068220,Hirundo rustica,/Users/justyna-przy/Projects/ISE/FYP/src/dataset/bird_data/raw/hirundo_rustica/XC1068220.mp3,4.0,7.0,-39.238678804142985,-39.562872066346564,non_bird,,,0.0,0.0,non_bird,1,nonbird_lowconf,/Users/justyna-przy/Projects/ISE/FYP/src/dataset/bird_data/clips/non_bird/hirundo_rustica/XC1068220__s4000__e7000.wav,
hirundo_rustica,1068220,Hirundo rustica,/Users/justyna-przy/Projects/ISE/FYP/src/dataset/bird_data/raw/hirundo_rustica/XC1068220.mp3,10.0,13.0,-35.65835437666009,-39.562872066346564,species,Hirundo rustica,Barn Swallow,0.9918495416641235,0.9918495416641235,species,0,,,
hirundo_rustica,1068220,Hirundo rustica,/Users/justyna-przy/Projects/ISE/FYP/src/dataset/bird_data/raw/hirundo_rustica/XC1068220.mp3,13.0,16.0,-27.332100328220015,-39.562872066346564,species,Hirundo rustica,Barn Swallow,0.9864299297332764,0.9864299297332764,species,1,rand_species,/Users/justyna-przy/Projects/ISE/FYP/src/dataset/bird_data/clips/species/hirundo_rustica/XC1068220__s13000__e16000.wav,
hirundo_rustica,1068220,Hirundo rustica,/Users/justyna-przy/Projects/ISE/FYP/src/dataset/bird_data/raw/hirundo_rustica/XC1068220.mp3,16.0,19.0,-35.82559208572473,-39.562872066346564,species,Hirundo rustica,Barn Swallow,0.9959129691123962,0.9959129691123962,species,1,rand_species,/Users/justyna-przy/Projects/ISE/FYP/src/dataset/bird_data/clips/species/hirundo_rustica/XC1068220__s16000__e19000.wav,
hirundo_rustica,649421,Hirundo rustica,/Users/justyna-przy/Projects/ISE/FYP/src/dataset/bird_data/raw/hirundo_rustica/XC649421.mp3,4.0,7.0,-38.51133478830328,-40.0,non_bird,,,0.0,0.0,non_bird,1,nonbird_lowconf,/Users/justyna-przy/Projects/ISE/FYP/src/dataset/bird_data/clips/non_bird/hirundo_rustica/XC649421__s4000__e7000.wav,
hirundo_rustica,649421,Hirundo rustica,/Users/justyna-przy/Projects/ISE/FYP/src/dataset/bird_data/raw/hirundo_rustica/XC649421.mp3,7.0,10.0,-35.58581785542905,-40.0,non_bird,,,0.0,0.0,non_bird,1,nonbird_lowconf,/Users/justyna-przy/Projects/ISE/FYP/src/dataset/bird_data/clips/non_bird/hirundo_rustica/XC649421__s7000__e10000.wav,
hirundo_rustica,649421,Hirundo rustica,/Users/justyna-przy/Projects/ISE/FYP/src/dataset/bird_data/raw/hirundo_rustica/XC649421.mp3,10.0,13.0,-33.991398577794925,-40.0,non_bird,,,0.0,0.0,non_bird,0,,,
hirundo_rustica,649421,Hirundo rustica,/Users/justyna-przy/Projects/ISE/FYP/src/dataset/bird_data/raw/hirundo_rustica/XC649421.mp3,13.0,16.0,-38.366595009793144,-40.0,drop,Coturnicops noveboracensis,Yellow Rail,0.2588292956352234,0.2588292956352234,drop,0,,,
hirundo_rustica,649421,Hirundo rustica,/Users/justyna-przy/Projects/ISE/FYP/src/dataset/bird_data/raw/hirundo_rustica/XC649421.mp3,16.0,19.0,-38.405321109437516,-40.0,drop,Limnornis curvirostris,Curve-billed Reedhaunter,0.10897606611251831,0.10897606611251831,drop,0,,,
hirundo_rustica,657553,Hirundo rustica,/Users/justyna-przy/Projects/ISE/FYP/src/dataset/bird_data/raw/hirundo_rustica/XC657553.mp3,1.0,4.0,-28.546353070001317,-40.0,drop,Hirundo rustica,Barn Swallow,0.22797533869743347,0.22797533869743347,drop,0,,,
hirundo_rustica,657553,Hirundo rustica,/Users/justyna-przy/Projects/ISE/FYP/src/dataset/bird_data/raw/hirundo_rustica/XC657553.mp3,4.0,7.0,-31.680236076029612,-40.0,drop,Quiscalus mexicanus,Great-tailed Grackle,0.4568840563297272,0.4568840563297272,drop,0,,,
hirundo_rustica,687539,Hirundo rustica,/Users/justyna-przy/Projects/ISE/FYP/src/dataset/bird_data/raw/hirundo_rustica/XC687539.mp3,1.0,4.0,-28.19416005156508,-28.877704027975675,species,Hirundo rustica,Barn Swallow,0.9854523539543152,0.9854523539543152,species,1,rand_species,/Users/justyna-przy/Projects/ISE/FYP/src/dataset/bird_data/clips/species/hirundo_rustica/XC687539__s1000__e4000.wav,
hirundo_rustica,687539,Hirundo rustica,/Users/justyna-przy/Projects/ISE/FYP/src/dataset/bird_data/raw/hirundo_rustica/XC687539.mp3,4.0,7.0,-28.68914159026422,-28.877704027975675,species,Hirundo rustica,Barn Swallow,0.994366466999054,0.994366466999054,species,1,rand_species,/Users/justyna-przy/Projects/ISE/FYP/src/dataset/bird_data/clips/species/hirundo_rustica/XC687539__s4000__e7000.wav,
hirundo_rustica,687539,Hirundo rustica,/Users/justyna-przy/Projects/ISE/FYP/src/dataset/bird_data/raw/hirundo_rustica/XC687539.mp3,10.0,13.0,-28.526754049071744,-28.877704027975675,species,Hirundo rustica,Barn Swallow,0.9631583094596863,0.9631583094596863,species,1,rand_species,/Users/justyna-przy/Projects/ISE/FYP/src/dataset/bird_data/clips/species/hirundo_rustica/XC687539__s10000__e13000.wav,
hirundo_rustica,157316,Hirundo rustica,/Users/justyna-przy/Projects/ISE/FYP/src/dataset/bird_data/raw/hirundo_rustica/XC157316.mp3,1.0,4.0,-39.56204072867217,-40.0,species,Hirundo rustica,Barn Swallow,0.9418975114822388,0.9418975114822388,species,1,rand_species,/Users/justyna-przy/Projects/ISE/FYP/src/dataset/bird_data/clips/species/hirundo_rustica/XC157316__s1000__e4000.wav,
hirundo_rustica,157316,Hirundo rustica,/Users/justyna-przy/Projects/ISE/FYP/src/dataset/bird_data/raw/hirundo_rustica/XC157316.mp3,4.0,7.0,-35.36316317300271,-40.0,species,Hirundo rustica,Barn Swallow,0.990635097026825,0.990635097026825,species,1,rand_species,/Users/justyna-przy/Projects/ISE/FYP/src/dataset/bird_data/clips/species/hirundo_rustica/XC157316__s4000__e7000.wav,
hirundo_rustica,157316,Hirundo rustica,/Users/justyna-przy/Projects/ISE/FYP/src/dataset/bird_data/raw/hirundo_rustica/XC157316.mp3,7.0,10.0,-31.30413333457429,-40.0,species,Hirundo rustica,Barn Swallow,0.9966264963150024,0.9966264963150024,species,0,,,
hirundo_rustica,157316,Hirundo rustica,/Users/justyna-przy/Projects/ISE/FYP/src/dataset/bird_data/raw/hirundo_rustica/XC157316.mp3,13.0,16.0,-37.902754754727866,-40.0,species,Hirundo rustica,Barn Swallow,0.9846681952476501,0.9846681952476501,species,0,,,
hirundo_rustica,157316,Hirundo rustica,/Users/justyna-przy/Projects/ISE/FYP/src/dataset/bird_data/raw/hirundo_rustica/XC157316.mp3,16.0,19.0,-34.06255445012945,-40.0,species,Hirundo rustica,Barn Swallow,0.832241952419281,0.832241952419281,species,1,rand_species,/Users/justyna-przy/Projects/ISE/FYP/src/dataset/bird_data/clips/species/hirundo_rustica/XC157316__s16000__e19000.wav,
hirundo_rustica,1067937,Hirundo rustica,/Users/justyna-przy/Projects/ISE/FYP/src/dataset/bird_data/raw/hirundo_rustica/XC1067937.mp3,1.0,4.0,-44.77727619028342,-40.0,species,Hirundo rustica,Barn Swallow,0.6502915620803833,0.6502915620803833,species,1,rand_species,/Users/justyna-przy/Projects/ISE/FYP/src/dataset/bird_data/clips/species/hirundo_rustica/XC1067937__s1000__e4000.wav,
hirundo_rustica,1049616,Hirundo rustica,/Users/justyna-przy/Projects/ISE/FYP/src/dataset/bird_data/raw/hirundo_rustica/XC1049616.mp3,,,,,,,,,,drop,0,,,no_windows
hirundo_rustica,36285,Hirundo rustica,/Users/justyna-przy/Projects/ISE/FYP/src/dataset/bird_data/raw/hirundo_rustica/XC36285.mp3,1.0,4.0,-36.378887849322844,-36.378887849322844,species,Hirundo rustica,Barn Swallow,0.9925191402435303,0.9925191402435303,species,1,rand_species,/Users/justyna-przy/Projects/ISE/FYP/src/dataset/bird_data/clips/species/hirundo_rustica/XC36285__s1000__e4000.wav,
hirundo_rustica,973187,Hirundo rustica,/Users/justyna-przy/Projects/ISE/FYP/src/dataset/bird_data/raw/hirundo_rustica/XC973187.mp3,4.0,7.0,-30.844646622451442,-31.743529217731673,drop,Acrocephalus schoenobaenus,Sedge Warbler,0.10290397703647614,0.10290397703647614,drop,0,,,
hirundo_rustica,704090,Hirundo rustica,/Users/justyna-przy/Projects/ISE/FYP/src/dataset/bird_data/raw/hirundo_rustica/XC704090.mp3,4.0,7.0,-26.60071227361721,-28.82019893140307,species,Hirundo rustica,Barn Swallow,0.9986907839775085,0.9986907839775085,species,1,rand_species,/Users/justyna-przy/Projects/ISE/FYP/src/dataset/bird_data/clips/species/hirundo_rustica/XC704090__s4000__e7000.wav,
hirundo_rustica,704090,Hirundo rustica,/Users/justyna-przy/Projects/ISE/FYP/src/dataset/bird_data/raw/hirundo_rustica/XC704090.mp3,7.0,10.0,-26.25574951599837,-28.82019893140307,species,Hirundo rustica,Barn Swallow,0.9937927722930908,0.9937927722930908,species,0,,,
hirundo_rustica,704090,Hirundo rustica,/Users/justyna-przy/Projects/ISE/FYP/src/dataset/bird_data/raw/hirundo_rustica/XC704090.mp3,10.0,13.0,-28.585752972836744,-28.82019893140307,species,Hirundo rustica,Barn Swallow,0.9979413151741028,0.9979413151741028,species,1,rand_species,/Users/justyna-przy/Projects/ISE/FYP/src/dataset/bird_data/clips/species/hirundo_rustica/XC704090__s10000__e13000.wav,
hirundo_rustica,704090,Hirundo rustica,/Users/justyna-przy/Projects/ISE/FYP/src/dataset/bird_data/raw/hirundo_rustica/XC704090.mp3,16.0,19.0,-25.81377565410304,-28.82019893140307,species,Hirundo rustica,Barn Swallow,0.9993182420730591,0.9993182420730591,species,1,rand_species,/Users/justyna-przy/Projects/ISE/FYP/src/dataset/bird_data/clips/species/hirundo_rustica/XC704090__s16000__e19000.wav,
hirundo_rustica,361817,Hirundo rustica,/Users/justyna-przy/Projects/ISE/FYP/src/dataset/bird_data/raw/hirundo_rustica/XC361817.mp3,7.0,10.0,-24.69701561790599,-36.202552813485724,species,Hirundo rustica,Barn Swallow,0.9979859590530396,0.9979859590530396,species,1,rand_species,/Users/justyna-przy/Projects/ISE/FYP/src/dataset/bird_data/clips/species/hirundo_rustica/XC361817__s7000__e10000.wav,
hirundo_rustica,361817,Hirundo rustica,/Users/justyna-przy/Projects/ISE/FYP/src/dataset/bird_data/raw/hirundo_rustica/XC361817.mp3,10.0,13.0,-24.145110059544276,-36.202552813485724,species,Hirundo rustica,Barn Swallow,0.9898780584335327,0.9898780584335327,species,0,,,
hirundo_rustica,361817,Hirundo rustica,/Users/justyna-przy/Projects/ISE/FYP/src/dataset/bird_data/raw/hirundo_rustica/XC361817.mp3,13.0,16.0,-26.737762747264696,-36.202552813485724,species,Hirundo rustica,Barn Swallow,0.9994401335716248,0.9994401335716248,species,1,rand_species,/Users/justyna-przy/Projects/ISE/FYP/src/dataset/bird_data/clips/species/hirundo_rustica/XC361817__s13000__e16000.wav,
hirundo_rustica,361817,Hirundo rustica,/Users/justyna-przy/Projects/ISE/FYP/src/dataset/bird_data/raw/hirundo_rustica/XC361817.mp3,16.0,19.0,-21.61053904817178,-36.202552813485724,species,Hirundo rustica,Barn Swallow,0.9761130213737488,0.9761130213737488,species,1,rand_species,/Users/justyna-przy/Projects/ISE/FYP/src/dataset/bird_data/clips/species/hirundo_rustica/XC361817__s16000__e19000.wav,
hirundo_rustica,1068207,Hirundo rustica,/Users/justyna-przy/Projects/ISE/FYP/src/dataset/bird_data/raw/hirundo_rustica/XC1068207.mp3,1.0,4.0,-27.52488999474265,-27.52488999474265,drop,Streptopelia turtur,European Turtle-Dove,0.36773648858070374,0.36773648858070374,drop,0,,,
hirundo_rustica,649420,Hirundo rustica,/Users/justyna-przy/Projects/ISE/FYP/src/dataset/bird_data/raw/hirundo_rustica/XC649420.mp3,1.0,4.0,-35.90362461739244,-39.699916732610475,species,Hirundo rustica,Barn Swallow,0.9490077495574951,0.9490077495574951,species,1,rand_species,/Users/justyna-przy/Projects/ISE/FYP/src/dataset/bird_data/clips/species/hirundo_rustica/XC649420__s1000__e4000.wav,
hirundo_rustica,649420,Hirundo rustica,/Users/justyna-przy/Projects/ISE/FYP/src/dataset/bird_data/raw/hirundo_rustica/XC649420.mp3,4.0,7.0,-35.57077044806016,-39.699916732610475,species,Hirundo rustica,Barn Swallow,0.9874956011772156,0.9874956011772156,species,0,,,
hirundo_rustica,649420,Hirundo rustica,/Users/justyna-przy/Projects/ISE/FYP/src/dataset/bird_data/raw/hirundo_rustica/XC649420.mp3,7.0,10.0,-35.4397660880032,-39.699916732610475,species,Hirundo rustica,Barn Swallow,0.9869869947433472,0.9869869947433472,species,1,rand_species,/Users/justyna-przy/Projects/ISE/FYP/src/dataset/bird_data/clips/species/hirundo_rustica/XC649420__s7000__e10000.wav,
hirundo_rustica,649420,Hirundo rustica,/Users/justyna-przy/Projects/ISE/FYP/src/dataset/bird_data/raw/hirundo_rustica/XC649420.mp3,13.0,16.0,-31.69422043956127,-39.699916732610475,species,Hirundo rustica,Barn Swallow,0.5669678449630737,0.5669678449630737,species,1,rand_species,/Users/justyna-przy/Projects/ISE/FYP/src/dataset/bird_data/clips/species/hirundo_rustica/XC649420__s13000__e16000.wav,
hirundo_rustica,657552,Hirundo rustica,/Users/justyna-przy/Projects/ISE/FYP/src/dataset/bird_data/raw/hirundo_rustica/XC657552.mp3,1.0,4.0,-29.741550613747275,-29.741550613747275,non_bird,,,0.0,0.0,non_bird,1,nonbird_lowconf,/Users/justyna-przy/Projects/ISE/FYP/src/dataset/bird_data/clips/non_bird/hirundo_rustica/XC657552__s1000__e4000.wav,
hirundo_rustica,618215,Hirundo rustica,/Users/justyna-przy/Projects/ISE/FYP/src/dataset/bird_data/raw/hirundo_rustica/XC618215.mp3,1.0,4.0,-37.543141108950266,-40.0,species,Hirundo rustica,Barn Swallow,0.7796785831451416,0.7796785831451416,species,1,rand_species,/Users/justyna-przy/Projects/ISE/FYP/src/dataset/bird_data/clips/species/hirundo_rustica/XC618215__s1000__e4000.wav,
hirundo_rustica,618215,Hirundo rustica,/Users/justyna-przy/Projects/ISE/FYP/src/dataset/bird_data/raw/hirundo_rustica/XC618215.mp3,4.0,7.0,-34.550278577700254,-40.0,species,Hirundo rustica,Barn Swallow,0.5267156958580017,0.5267156958580017,species,1,rand_species,/Users/justyna-przy/Projects/ISE/FYP/src/dataset/bird_data/clips/species/hirundo_rustica/XC618215__s4000__e7000.wav,
hirundo_rustica,1067940,Hirundo rustica,/Users/justyna-przy/Projects/ISE/FYP/src/dataset/bird_data/raw/hirundo_rustica/XC1067940.mp3,20.0,23.0,-19.72885736239843,-20.02822184712319,drop,Prunella modularis,Dunnock,0.6523442268371582,0.6523442268371582,drop,0,,,
hirundo_rustica,1067940,Hirundo rustica,/Users/justyna-przy/Projects/ISE/FYP/src/dataset/bird_data/raw/hirundo_rustica/XC1067940.mp3,23.0,26.0,-18.153103515750473,-20.02822184712319,drop,Prunella modularis,Dunnock,0.6379772424697876,0.6379772424697876,drop,0,,,
hirundo_rustica,1067940,Hirundo rustica,/Users/justyna-przy/Projects/ISE/FYP/src/dataset/bird_data/raw/hirundo_rustica/XC1067940.mp3,26.0,29.0,-17.5687157544705,-20.02822184712319,drop,Prunella modularis,Dunnock,0.8210672736167908,0.8210672736167908,drop,0,,,
hirundo_rustica,1067940,Hirundo rustica,/Users/justyna-przy/Projects/ISE/FYP/src/dataset/bird_data/raw/hirundo_rustica/XC1067940.mp3,29.0,32.0,-17.292305819900786,-20.02822184712319,drop,Carduelis carduelis,European Goldfinch,0.25180602073669434,0.25180602073669434,drop,0,,,
hirundo_rustica,1067940,Hirundo rustica,/Users/justyna-przy/Projects/ISE/FYP/src/dataset/bird_data/raw/hirundo_rustica/XC1067940.mp3,32.0,35.0,-17.049706993704625,-20.02822184712319,drop,Carduelis carduelis,European Goldfinch,0.5245277881622314,0.5245277881622314,drop,0,,,
hirundo_rustica,1067940,Hirundo rustica,/Users/justyna-przy/Projects/ISE/FYP/src/dataset/bird_data/raw/hirundo_rustica/XC1067940.mp3,35.0,38.0,-17.761857610439456,-20.02822184712319,drop,Prunella modularis,Dunnock,0.7430762052536011,0.7430762052536011,drop,0,,,
hirundo_rustica,1041698,Hirundo rustica,/Users/justyna-przy/Projects/ISE/FYP/src/dataset/bird_data/raw/hirundo_rustica/XC1041698.mp3,4.0,7.0,-43.990302382760866,-40.0,drop,Corvus monedula,Eurasian Jackdaw,0.7213901877403259,0.7213901877403259,drop,0,,,
hirundo_rustica,704089,Hirundo rustica,/Users/justyna-przy/Projects/ISE/FYP/src/dataset/bird_data/raw/hirundo_rustica/XC704089.mp3,1.0,4.0,-31.59208833808128,-39.406544443477486,species,Hirundo rustica,Barn Swallow,0.9007748365402222,0.9007748365402222,species,1,rand_species,/Users/justyna-przy/Projects/ISE/FYP/src/dataset/bird_data/clips/species/hirundo_rustica/XC704089__s1000__e4000.wav,
hirundo_rustica,704089,Hirundo rustica,/Users/justyna-przy/Projects/ISE/FYP/src/dataset/bird_data/raw/hirundo_rustica/XC704089.mp3,4.0,7.0,-26.868806581407185,-39.406544443477486,species,Hirundo rustica,Barn Swallow,0.8133252859115601,0.8133252859115601,species,1,rand_species,/Users/justyna-przy/Projects/ISE/FYP/src/dataset/bird_data/clips/species/hirundo_rustica/XC704089__s4000__e7000.wav,
hirundo_rustica,704089,Hirundo rustica,/Users/justyna-przy/Projects/ISE/FYP/src/dataset/bird_data/raw/hirundo_rustica/XC704089.mp3,7.0,10.0,-39.01682509609608,-39.406544443477486,non_bird,,,0.0,0.0,non_bird,1,nonbird_lowconf,/Users/justyna-przy/Projects/ISE/FYP/src/dataset/bird_data/clips/non_bird/hirundo_rustica/XC704089__s7000__e10000.wav,
hirundo_rustica,704089,Hirundo rustica,/Users/justyna-przy/Projects/ISE/FYP/src/dataset/bird_data/raw/hirundo_rustica/XC704089.mp3,13.0,16.0,-35.04194707987674,-39.406544443477486,non_bird,,,0.0,0.0,non_bird,1,nonbird_lowconf,/Users/justyna-przy/Projects/ISE/FYP/src/dataset/bird_data/clips/non_bird/hirundo_rustica/XC704089__s13000__e16000.wav,
hirundo_rustica,361815,Hirundo rustica,/Users/justyna-przy/Projects/ISE/FYP/src/dataset/bird_data/raw/hirundo_rustica/XC361815.mp3,4.0,7.0,-29.725433455356356,-40.0,species,Hirundo rustica,Barn Swallow,0.9988757967948914,0.9988757967948914,species,1,rand_species,/Users/justyna-przy/Projects/ISE/FYP/src/dataset/bird_data/clips/species/hirundo_rustica/XC361815__s4000__e7000.wav,
hirundo_rustica,361815,Hirundo rustica,/Users/justyna-przy/Projects/ISE/FYP/src/dataset/bird_data/raw/hirundo_rustica/XC361815.mp3,7.0,10.0,-24.224499614579354,-40.0,species,Hirundo rustica,Barn Swallow,0.9986795783042908,0.9986795783042908,species,1,rand_species,/Users/justyna-przy/Projects/ISE/FYP/src/dataset/bird_data/clips/species/hirundo_rustica/XC361815__s7000__e10000.wav,
hirundo_rustica,361815,Hirundo rustica,/Users/justyna-przy/Projects/ISE/FYP/src/dataset/bird_data/raw/hirundo_rustica/XC361815.mp3,10.0,13.0,-28.57316847348588,-40.0,non_bird,,,0.0,0.0,non_bird,1,nonbird_lowconf,/Users/justyna-przy/Projects/ISE/FYP/src/dataset/bird_data/clips/non_bird/hirundo_rustica/XC361815__s10000__e13000.wav,
hirundo_rustica,361815,Hirundo rustica,/Users/justyna-przy/Projects/ISE/FYP/src/dataset/bird_data/raw/hirundo_rustica/XC361815.mp3,13.0,16.0,-21.78644269768313,-40.0,species,Hirundo rustica,Barn Swallow,0.9812850952148438,0.9812850952148438,species,1,rand_species,/Users/justyna-przy/Projects/ISE/FYP/src/dataset/bird_data/clips/species/hirundo_rustica/XC361815__s13000__e16000.wav,
hirundo_rustica,361815,Hirundo rustica,/Users/justyna-przy/Projects/ISE/FYP/src/dataset/bird_data/raw/hirundo_rustica/XC361815.mp3,16.0,19.0,-33.41888254556303,-40.0,non_bird,,,0.0,0.0,non_bird,1,nonbird_lowconf,/Users/justyna-przy/Projects/ISE/FYP/src/dataset/bird_data/clips/non_bird/hirundo_rustica/XC361815__s16000__e19000.wav,
hirundo_rustica,1067944,Hirundo rustica,/Users/justyna-przy/Projects/ISE/FYP/src/dataset/bird_data/raw/hirundo_rustica/XC1067944.mp3,,,,,,,,,,drop,0,,,no_windows
hirundo_rustica,647519,Hirundo rustica,/Users/justyna-przy/Projects/ISE/FYP/src/dataset/bird_data/raw/hirundo_rustica/XC647519.mp3,7.0,10.0,-24.190295494350153,-26.647119272266725,species,Hirundo rustica,Barn Swallow,0.9987579584121704,0.9987579584121704,species,1,rand_species,/Users/justyna-przy/Projects/ISE/FYP/src/dataset/bird_data/clips/species/hirundo_rustica/XC647519__s7000__e10000.wav,
hirundo_rustica,647519,Hirundo rustica,/Users/justyna-przy/Projects/ISE/FYP/src/dataset/bird_data/raw/hirundo_rustica/XC647519.mp3,10.0,13.0,-22.300055283240226,-26.647119272266725,species,Hirundo rustica,Barn Swallow,0.9976664781570435,0.9976664781570435,species,1,rand_species,/Users/justyna-przy/Projects/ISE/FYP/src/dataset/bird_data/clips/species/hirundo_rustica/XC647519__s10000__e13000.wav,
hirundo_rustica,647519,Hirundo rustica,/Users/justyna-przy/Projects/ISE/FYP/src/dataset/bird_data/raw/hirundo_rustica/XC647519.mp3,13.0,16.0,-25.027007185193423,-26.647119272266725,species,Hirundo rustica,Barn Swallow,0.7369624376296997,0.7369624376296997,species,0,,,
hirundo_rustica,647519,Hirundo rustica,/Users/justyna-przy/Projects/ISE/FYP/src/dataset/bird_data/raw/hirundo_rustica/XC647519.mp3,16.0,19.0,-24.673620216879677,-26.647119272266725,species,Hirundo rustica,Barn Swallow,0.995886504650116,0.995886504650116,species,0,,,
hirundo_rustica,647519,Hirundo rustica,/Users/justyna-przy/Projects/ISE/FYP/src/dataset/bird_data/raw/hirundo_rustica/XC647519.mp3,22.0,25.0,-24.43387857572739,-26.647119272266725,species,Hirundo rustica,Barn Swallow,0.9889499545097351,0.9889499545097351,species,0,,,
hirundo_rustica,647519,Hirundo rustica,/Users/justyna-przy/Projects/ISE/FYP/src/dataset/bird_data/raw/hirundo_rustica/XC647519.mp3,25.0,28.0,-23.51619052066505,-26.647119272266725,species,Hirundo rustica,Barn Swallow,0.9990563988685608,0.9990563988685608,species,1,rand_species,/Users/justyna-przy/Projects/ISE/FYP/src/dataset/bird_data/clips/species/hirundo_rustica/XC647519__s25000__e28000.wav,
hirundo_rustica,184539,Hirundo rustica,/Users/justyna-przy/Projects/ISE/FYP/src/dataset/bird_data/raw/hirundo_rustica/XC184539.mp3,1.0,4.0,-27.54031867929175,-30.314689897991897,species,Hirundo rustica,Barn Swallow,0.9763570427894592,0.9763570427894592,species,0,,,
hirundo_rustica,184539,Hirundo rustica,/Users/justyna-przy/Projects/ISE/FYP/src/dataset/bird_data/raw/hirundo_rustica/XC184539.mp3,4.0,7.0,-26.194134737301695,-30.314689897991897,species,Hirundo rustica,Barn Swallow,0.9992732405662537,0.9992732405662537,species,0,,,
hirundo_rustica,184539,Hirundo rustica,/Users/justyna-przy/Projects/ISE/FYP/src/dataset/bird_data/raw/hirundo_rustica/XC184539.mp3,7.0,10.0,-27.883116085613707,-30.314689897991897,species,Hirundo rustica,Barn Swallow,0.9801622629165649,0.9801622629165649,species,1,rand_species,/Users/justyna-przy/Projects/ISE/FYP/src/dataset/bird_data/clips/species/hirundo_rustica/XC184539__s7000__e10000.wav,
hirundo_rustica,184539,Hirundo rustica,/Users/justyna-przy/Projects/ISE/FYP/src/dataset/bird_data/raw/hirundo_rustica/XC184539.mp3,10.0,13.0,-27.491465722444467,-30.314689897991897,species,Hirundo rustica,Barn Swallow,0.9953588843345642,0.9953588843345642,species,1,rand_species,/Users/justyna-przy/Projects/ISE/FYP/src/dataset/bird_data/clips/species/hirundo_rustica/XC184539__s10000__e13000.wav,
hirundo_rustica,184539,Hirundo rustica,/Users/justyna-przy/Projects/ISE/FYP/src/dataset/bird_data/raw/hirundo_rustica/XC184539.mp3,16.0,19.0,-28.833274425095276,-30.314689897991897,species,Hirundo rustica,Barn Swallow,0.9966627955436707,0.9966627955436707,species,1,rand_species,/Users/justyna-przy/Projects/ISE/FYP/src/dataset/bird_data/clips/species/hirundo_rustica/XC184539__s16000__e19000.wav,
hirundo_rustica,184539,Hirundo rustica,/Users/justyna-przy/Projects/ISE/FYP/src/dataset/bird_data/raw/hirundo_rustica/XC184539.mp3,22.0,25.0,-29.600787967235522,-30.314689897991897,species,Hirundo rustica,Barn Swallow,0.9819296002388,0.9819296002388,species,0,,,
hirundo_rustica,598655,Hirundo rustica,/Users/justyna-przy/Projects/ISE/FYP/src/dataset/bird_data/raw/hirundo_rustica/XC598655.mp3,1.0,4.0,-32.75541257898476,-33.53294480320147,species,Hirundo rustica,Barn Swallow,0.985094428062439,0.985094428062439,species,1,rand_species,/Users/justyna-przy/Projects/ISE/FYP/src/dataset/bird_data/clips/species/hirundo_rustica/XC598655__s1000__e4000.wav,
hirundo_rustica,598655,Hirundo rustica,/Users/justyna-przy/Projects/ISE/FYP/src/dataset/bird_data/raw/hirundo_rustica/XC598655.mp3,4.0,7.0,-29.75169846065436,-33.53294480320147,species,Hirundo rustica,Barn Swallow,0.9866513013839722,0.9866513013839722,species,1,rand_species,/Users/justyna-przy/Projects/ISE/FYP/src/dataset/bird_data/clips/species/hirundo_rustica/XC598655__s4000__e7000.wav,
hirundo_rustica,598655,Hirundo rustica,/Users/justyna-przy/Projects/ISE/FYP/src/dataset/bird_data/raw/hirundo_rustica/XC598655.mp3,7.0,10.0,-25.498236746409976,-33.53294480320147,species,Hirundo rustica,Barn Swallow,0.9971789121627808,0.9971789121627808,species,1,rand_species,/Users/justyna-przy/Projects/ISE/FYP/src/dataset/bird_data/clips/species/hirundo_rustica/XC598655__s7000__e10000.wav,
hirundo_rustica,1067939,Hirundo rustica,/Users/justyna-przy/Projects/ISE/FYP/src/dataset/bird_data/raw/hirundo_rustica/XC1067939.mp3,1.0,4.0,-22.116879473761315,-26.258492439932475,drop,Hirundo rustica,Barn Swallow,0.15546075999736786,0.15546075999736786,drop,0,,,
hirundo_rustica,1067939,Hirundo rustica,/Users/justyna-przy/Projects/ISE/FYP/src/dataset/bird_data/raw/hirundo_rustica/XC1067939.mp3,4.0,7.0,-24.67028964431541,-26.258492439932475,species,Hirundo rustica,Barn Swallow,0.3018589913845062,0.3018589913845062,species,1,rand_species,/Users/justyna-przy/Projects/ISE/FYP/src/dataset/bird_data/clips/species/hirundo_rustica/XC1067939__s4000__e7000.wav,
hirundo_rustica,1067939,Hirundo rustica,/Users/justyna-przy/Projects/ISE/FYP/src/dataset/bird_data/raw/hirundo_rustica/XC1067939.mp3,10.0,13.0,-26.139955036043773,-26.258492439932475,non_bird,,,0.0,0.0,non_bird,1,nonbird_lowconf,/Users/justyna-przy/Projects/ISE/FYP/src/dataset/bird_data/clips/non_bird/hirundo_rustica/XC1067939__s10000__e13000.wav,
hirundo_rustica,1067939,Hirundo rustica,/Users/justyna-przy/Projects/ISE/FYP/src/dataset/bird_data/raw/hirundo_rustica/XC1067939.mp3,16.0,19.0,-23.37858608286769,-26.258492439932475,drop,Linaria cannabina,Eurasian Linnet,0.5581421256065369,0.5581421256065369,drop,0,,,
hirundo_rustica,1041670,Hirundo rustica,/Users/justyna-przy/Projects/ISE/FYP/src/dataset/bird_data/raw/hirundo_rustica/XC1041670.mp3,6.0,9.0,-22.12165279232758,-25.064561083932183,species,Hirundo rustica,Barn Swallow,0.5206333994865417,0.5206333994865417,species,1,rand_species,/Users/justyna-przy/Projects/ISE/FYP/src/dataset/bird_data/clips/species/hirundo_rustica/XC1041670__s6000__e9000.wav,
hirundo_rustica,1041670,Hirundo rustica,/Users/justyna-przy/Projects/ISE/FYP/src/dataset/bird_data/raw/hirundo_rustica/XC1041670.mp3,12.0,15.0,-24.099071178225287,-25.064561083932183,drop,Carduelis carduelis,European Goldfinch,0.1757529079914093,0.1757529079914093,drop,0,,,
hirundo_rustica,1041670,Hirundo rustica,/Users/justyna-przy/Projects/ISE/FYP/src/dataset/bird_data/raw/hirundo_rustica/XC1041670.mp3,21.0,24.0,-24.680379480173112,-25.064561083932183,species,Hirundo rustica,Barn Swallow,0.6101811528205872,0.6101811528205872,species,1,rand_species,/Users/justyna-przy/Projects/ISE/FYP/src/dataset/bird_data/clips/species/hirundo_rustica/XC1041670__s21000__e24000.wav,
hirundo_rustica,1041670,Hirundo rustica,/Users/justyna-przy/Projects/ISE/FYP/src/dataset/bird_data/raw/hirundo_rustica/XC1041670.mp3,24.0,27.0,-24.503374522192686,-25.064561083932183,species,Hirundo rustica,Barn Swallow,0.3648771643638611,0.3648771643638611,species,0,,,
hirundo_rustica,1041670,Hirundo rustica,/Users/justyna-przy/Projects/ISE/FYP/src/dataset/bird_data/raw/hirundo_rustica/XC1041670.mp3,27.0,30.0,-22.60512033311992,-25.064561083932183,species,Hirundo rustica,Barn Swallow,0.6778444051742554,0.6778444051742554,species,0,,,
hirundo_rustica,1041670,Hirundo rustica,/Users/justyna-przy/Projects/ISE/FYP/src/dataset/bird_data/raw/hirundo_rustica/XC1041670.mp3,30.0,33.0,-22.24525818519863,-25.064561083932183,species,Hirundo rustica,Barn Swallow,0.8819403052330017,0.8819403052330017,species,1,rand_species,/Users/justyna-przy/Projects/ISE/FYP/src/dataset/bird_data/clips/species/hirundo_rustica/XC1041670__s30000__e33000.wav,
hirundo_rustica,704087,Hirundo rustica,/Users/justyna-przy/Projects/ISE/FYP/src/dataset/bird_data/raw/hirundo_rustica/XC704087.mp3,1.0,4.0,-29.449028496048303,-32.66375486768267,species,Hirundo rustica,Barn Swallow,0.9788910746574402,0.9788910746574402,species,1,rand_species,/Users/justyna-przy/Projects/ISE/FYP/src/dataset/bird_data/clips/species/hirundo_rustica/XC704087__s1000__e4000.wav,
hirundo_rustica,704087,Hirundo rustica,/Users/justyna-przy/Projects/ISE/FYP/src/dataset/bird_data/raw/hirundo_rustica/XC704087.mp3,4.0,7.0,-28.595578491280694,-32.66375486768267,species,Hirundo rustica,Barn Swallow,0.9654130339622498,0.9654130339622498,species,1,rand_species,/Users/justyna-przy/Projects/ISE/FYP/src/dataset/bird_data/clips/species/hirundo_rustica/XC704087__s4000__e7000.wav,
hirundo_rustica,704087,Hirundo rustica,/Users/justyna-przy/Projects/ISE/FYP/src/dataset/bird_data/raw/hirundo_rustica/XC704087.mp3,10.0,13.0,-32.37780425784739,-32.66375486768267,drop,Hirundo rustica,Barn Swallow,0.1761920154094696,0.1761920154094696,drop,0,,,
hirundo_rustica,361746,Hirundo rustica,/Users/justyna-przy/Projects/ISE/FYP/src/dataset/bird_data/raw/hirundo_rustica/XC361746.mp3,1.0,4.0,-19.534355996712172,-35.55346800491441,species,Hirundo rustica,Barn Swallow,0.993493378162384,0.993493378162384,species,1,rand_species,/Users/justyna-przy/Projects/ISE/FYP/src/dataset/bird_data/clips/species/hirundo_rustica/XC361746__s1000__e4000.wav,
hirundo_rustica,361746,Hirundo rustica,/Users/justyna-przy/Projects/ISE/FYP/src/dataset/bird_data/raw/hirundo_rustica/XC361746.mp3,4.0,7.0,-18.71749525431615,-35.55346800491441,species,Hirundo rustica,Barn Swallow,0.9987263083457947,0.9987263083457947,species,1,rand_species,/Users/justyna-przy/Projects/ISE/FYP/src/dataset/bird_data/clips/species/hirundo_rustica/XC361746__s4000__e7000.wav,
hirundo_rustica,361746,Hirundo rustica,/Users/justyna-przy/Projects/ISE/FYP/src/dataset/bird_data/raw/hirundo_rustica/XC361746.mp3,7.0,10.0,-14.516932118878492,-35.55346800491441,species,Hirundo rustica,Barn Swallow,0.9961948394775391,0.9961948394775391,species,0,,,
hirundo_rustica,361746,Hirundo rustica,/Users/justyna-przy/Projects/ISE/FYP/src/dataset/bird_data/raw/hirundo_rustica/XC361746.mp3,10.0,13.0,-16.463998806023476,-35.55346800491441,species,Hirundo rustica,Barn Swallow,0.867472231388092,0.867472231388092,species,1,rand_species,/Users/justyna-przy/Projects/ISE/FYP/src/dataset/bird_data/clips/species/hirundo_rustica/XC361746__s10000__e13000.wav,
hirundo_rustica,361746,Hirundo rustica,/Users/justyna-przy/Projects/ISE/FYP/src/dataset/bird_data/raw/hirundo_rustica/XC361746.mp3,13.0,16.0,-18.67295229002198,-35.55346800491441,drop,Hirundo rustica,Barn Swallow,0.12837336957454681,0.12837336957454681,drop,0,,,
hirundo_rustica,361746,Hirundo rustica,/Users/justyna-przy/Projects/ISE/FYP/src/dataset/bird_data/raw/hirundo_rustica/XC361746.mp3,25.0,28.0,-35.23198064208933,-35.55346800491441,drop,Hirundo rustica,Barn Swallow,0.2056272029876709,0.2056272029876709,drop,0,,,
hirundo_rustica,1044557,Hirundo rustica,/Users/justyna-przy/Projects/ISE/FYP/src/dataset/bird_data/raw/hirundo_rustica/XC1044557.mp3,4.0,7.0,-57.28956841252766,-40.0,species,Hirundo rustica,Barn Swallow,0.7988367676734924,0.7988367676734924,species,1,rand_species,/Users/justyna-przy/Projects/ISE/FYP/src/dataset/bird_data/clips/species/hirundo_rustica/XC1044557__s4000__e7000.wav,
hirundo_rustica,647327,Hirundo rustica,/Users/justyna-przy/Projects/ISE/FYP/src/dataset/bird_data/raw/hirundo_rustica/XC647327.mp3,4.0,7.0,-29.54167621955598,-29.784426141718317,drop,Pycnonotus barbatus,Common Bulbul,0.31284889578819275,0.31284889578819275,drop,0,,,
hirundo_rustica,1011141,Hirundo rustica,/Users/justyna-przy/Projects/ISE/FYP/src/dataset/bird_data/raw/hirundo_rustica/XC1011141.mp3,10.0,13.0,-38.98289846664409,-40.0,species,Hirundo rustica,Barn Swallow,0.9814841747283936,0.9814841747283936,species,1,rand_species,/Users/justyna-przy/Projects/ISE/FYP/src/dataset/bird_data/clips/species/hirundo_rustica/XC1011141__s10000__e13000.wav,
hirundo_rustica,1011141,Hirundo rustica,/Users/justyna-przy/Projects/ISE/FYP/src/dataset/bird_data/raw/hirundo_rustica/XC1011141.mp3,16.0,19.0,-39.86485469822828,-40.0,species,Hirundo rustica,Barn Swallow,0.9869142174720764,0.9869142174720764,species,1,rand_species,/Users/justyna-przy/Projects/ISE/FYP/src/dataset/bird_data/clips/species/hirundo_rustica/XC1011141__s16000__e19000.wav,
hirundo_rustica,1011141,Hirundo rustica,/Users/justyna-przy/Projects/ISE/FYP/src/dataset/bird_data/raw/hirundo_rustica/XC1011141.mp3,19.0,22.0,-36.02629648384722,-40.0,species,Hirundo rustica,Barn Swallow,0.9894585609436035,0.9894585609436035,species,1,rand_species,/Users/justyna-przy/Projects/ISE/FYP/src/dataset/bird_data/clips/species/hirundo_rustica/XC1011141__s19000__e22000.wav,
hirundo_rustica,574550,Hirundo rustica,/Users/justyna-przy/Projects/ISE/FYP/src/dataset/bird_data/raw/hirundo_rustica/XC574550.mp3,1.0,4.0,-35.11423491209763,-40.0,species,Hirundo rustica,Barn Swallow,0.3872419595718384,0.3872419595718384,species,1,rand_species,/Users/justyna-przy/Projects/ISE/FYP/src/dataset/bird_data/clips/species/hirundo_rustica/XC574550__s1000__e4000.wav,
hirundo_rustica,574550,Hirundo rustica,/Users/justyna-przy/Projects/ISE/FYP/src/dataset/bird_data/raw/hirundo_rustica/XC574550.mp3,4.0,7.0,-31.555425659296155,-40.0,species,Hirundo rustica,Barn Swallow,0.8814793825149536,0.8814793825149536,species,1,rand_species,/Users/justyna-przy/Projects/ISE/FYP/src/dataset/bird_data/clips/species/hirundo_rustica/XC574550__s4000__e7000.wav,
hirundo_rustica,574550,Hirundo rustica,/Users/justyna-przy/Projects/ISE/FYP/src/dataset/bird_data/raw/hirundo_rustica/XC574550.mp3,7.0,10.0,-34.304647501856,-40.0,species,Hirundo rustica,Barn Swallow,0.9267741441726685,0.9267741441726685,species,1,rand_species,/Users/justyna-przy/Projects/ISE/FYP/src/dataset/bird_data/clips/species/hirundo_rustica/XC574550__s7000__e10000.wav,
hirundo_rustica,1058975,Hirundo rustica,/Users/justyna-przy/Projects/ISE/FYP/src/dataset/bird_data/raw/hirundo_rustica/XC1058975.mp3,4.0,7.0,-63.59151868000885,-40.0,drop,Empidonax atriceps,Black-capped Flycatcher,0.44855996966362,0.44855996966362,drop,0,,,
hirundo_rustica,1036784,Hirundo rustica,/Users/justyna-przy/Projects/ISE/FYP/src/dataset/bird_data/raw/hirundo_rustica/XC1036784.mp3,,,,,,,,,,drop,0,,,no_windows
hirundo_rustica,704084,Hirundo rustica,/Users/justyna-przy/Projects/ISE/FYP/src/dataset/bird_data/raw/hirundo_rustica/XC704084.mp3,1.0,4.0,-24.64054351638708,-26.041184668709786,species,Hirundo rustica,Barn Swallow,0.7142305374145508,0.7142305374145508,species,1,rand_species,/Users/justyna-przy/Projects/ISE/FYP/src/dataset/bird_data/clips/species/hirundo_rustica/XC704084__s1000__e4000.wav,
hirundo_rustica,704084,Hirundo rustica,/Users/justyna-przy/Projects/ISE/FYP/src/dataset/bird_data/raw/hirundo_rustica/XC704084.mp3,4.0,7.0,-25.179688354052324,-26.041184668709786,species,Hirundo rustica,Barn Swallow,0.9862167835235596,0.9862167835235596,species,1,rand_species,/Users/justyna-przy/Projects/ISE/FYP/src/dataset/bird_data/clips/species/hirundo_rustica/XC704084__s4000__e7000.wav,
hirundo_rustica,704084,Hirundo rustica,/Users/justyna-przy/Projects/ISE/FYP/src/dataset/bird_data/raw/hirundo_rustica/XC704084.mp3,7.0,10.0,-22.622085314208796,-26.041184668709786,species,Hirundo rustica,Barn Swallow,0.9981277585029602,0.9981277585029602,species,1,rand_species,/Users/justyna-przy/Projects/ISE/FYP/src/dataset/bird_data/clips/species/hirundo_rustica/XC704084__s7000__e10000.wav,
hirundo_rustica,361744,Hirundo rustica,/Users/justyna-przy/Projects/ISE/FYP/src/dataset/bird_data/raw/hirundo_rustica/XC361744.mp3,1.0,4.0,-38.74038944265657,-40.0,non_bird,,,0.0,0.0,non_bird,1,nonbird_lowconf,/Users/justyna-przy/Projects/ISE/FYP/src/dataset/bird_data/clips/non_bird/hirundo_rustica/XC361744__s1000__e4000.wav,
hirundo_rustica,361744,Hirundo rustica,/Users/justyna-przy/Projects/ISE/FYP/src/dataset/bird_data/raw/hirundo_rustica/XC361744.mp3,4.0,7.0,-16.82909490216901,-40.0,species,Hirundo rustica,Barn Swallow,0.9861891865730286,0.9861891865730286,species,1,rand_species,/Users/justyna-przy/Projects/ISE/FYP/src/dataset/bird_data/clips/species/hirundo_rustica/XC361744__s4000__e7000.wav,
hirundo_rustica,361744,Hirundo rustica,/Users/justyna-przy/Projects/ISE/FYP/src/dataset/bird_data/raw/hirundo_rustica/XC361744.mp3,7.0,10.0,-22.55151200492197,-40.0,species,Hirundo rustica,Barn Swallow,0.9892998933792114,0.9892998933792114,species,1,rand_species,/Users/justyna-przy/Projects/ISE/FYP/src/dataset/bird_data/clips/species/hirundo_rustica/XC361744__s7000__e10000.wav,
hirundo_rustica,791862,Hirundo rustica,/Users/justyna-przy/Projects/ISE/FYP/src/dataset/bird_data/raw/hirundo_rustica/XC791862.mp3,4.0,7.0,-14.02616111118816,-16.7547349459397,species,Hirundo rustica,Barn Swallow,0.926364541053772,0.926364541053772,species,1,rand_species,/Users/justyna-przy/Projects/ISE/FYP/src/dataset/bird_data/clips/species/hirundo_rustica/XC791862__s4000__e7000.wav,
hirundo_rustica,791862,Hirundo rustica,/Users/justyna-przy/Projects/ISE/FYP/src/dataset/bird_data/raw/hirundo_rustica/XC791862.mp3,7.0,10.0,-15.546085445473722,-16.7547349459397,species,Hirundo rustica,Barn Swallow,0.48819422721862793,0.48819422721862793,species,1,rand_species,/Users/justyna-przy/Projects/ISE/FYP/src/dataset/bird_data/clips/species/hirundo_rustica/XC791862__s7000__e10000.wav,
hirundo_rustica,647325,Hirundo rustica,/Users/justyna-przy/Projects/ISE/FYP/src/dataset/bird_data/raw/hirundo_rustica/XC647325.mp3,1.0,4.0,-26.26590727663669,-33.231445718297095,species,Hirundo rustica,Barn Swallow,0.9262363910675049,0.9262363910675049,species,1,rand_species,/Users/justyna-przy/Projects/ISE/FYP/src/dataset/bird_data/clips/species/hirundo_rustica/XC647325__s1000__e4000.wav,
hirundo_rustica,1007106,Hirundo rustica,/Users/justyna-przy/Projects/ISE/FYP/src/dataset/bird_data/raw/hirundo_rustica/XC1007106.mp3,1.0,4.0,-21.29095321005492,-21.528833590065645,species,Hirundo rustica,Barn Swallow,0.8603823781013489,0.8603823781013489,species,1,rand_species,/Users/justyna-przy/Projects/ISE/FYP/src/dataset/bird_data/clips/species/hirundo_rustica/XC1007106__s1000__e4000.wav,
hirundo_rustica,1007106,Hirundo rustica,/Users/justyna-przy/Projects/ISE/FYP/src/dataset/bird_data/raw/hirundo_rustica/XC1007106.mp3,4.0,7.0,-21.118937334500686,-21.528833590065645,species,Hirundo rustica,Barn Swallow,0.9602333307266235,0.9602333307266235,species,1,rand_species,/Users/justyna-przy/Projects/ISE/FYP/src/dataset/bird_data/clips/species/hirundo_rustica/XC1007106__s4000__e7000.wav,
hirundo_rustica,1007106,Hirundo rustica,/Users/justyna-przy/Projects/ISE/FYP/src/dataset/bird_data/raw/hirundo_rustica/XC1007106.mp3,10.0,13.0,-21.420699920089273,-21.528833590065645,non_bird,,,0.0,0.0,non_bird,1,nonbird_lowconf,/Users/justyna-przy/Projects/ISE/FYP/src/dataset/bird_data/clips/non_bird/hirundo_rustica/XC1007106__s10000__e13000.wav,
hirundo_rustica,1068066,Hirundo rustica,/Users/justyna-przy/Projects/ISE/FYP/src/dataset/bird_data/raw/hirundo_rustica/XC1068066.mp3,1.0,4.0,-38.759150705920334,-39.05576020646939,species,Hirundo rustica,Barn Swallow,0.9066975712776184,0.9066975712776184,species,0,,,
hirundo_rustica,1068066,Hirundo rustica,/Users/justyna-przy/Projects/ISE/FYP/src/dataset/bird_data/raw/hirundo_rustica/XC1068066.mp3,4.0,7.0,-38.51959537879938,-39.05576020646939,species,Hirundo rustica,Barn Swallow,0.955693781375885,0.955693781375885,species,1,rand_species,/Users/justyna-przy/Projects/ISE/FYP/src/dataset/bird_data/clips/species/hirundo_rustica/XC1068066__s4000__e7000.wav,
hirundo_rustica,1068066,Hirundo rustica,/Users/justyna-przy/Projects/ISE/FYP/src/dataset/bird_data/raw/hirundo_rustica/XC1068066.mp3,7.0,10.0,-38.383097766165555,-39.05576020646939,species,Hirundo rustica,Barn Swallow,0.9782494902610779,0.9782494902610779,species,1,rand_species,/Users/justyna-przy/Projects/ISE/FYP/src/dataset/bird_data/clips/species/hirundo_rustica/XC1068066__s7000__e10000.wav,
hirundo_rustica,1068066,Hirundo rustica,/Users/justyna-przy/Projects/ISE/FYP/src/dataset/bird_data/raw/hirundo_rustica/XC1068066.mp3,16.0,19.0,-37.58859857415614,-39.05576020646939,species,Hirundo rustica,Barn Swallow,0.9909192323684692,0.9909192323684692,species,1,rand_species,/Users/justyna-przy/Projects/ISE/FYP/src/dataset/bird_data/clips/species/hirundo_rustica/XC1068066__s16000__e19000.wav,
hirundo_rustica,1068066,Hirundo rustica,/Users/justyna-przy/Projects/ISE/FYP/src/dataset/bird_data/raw/hirundo_rustica/XC1068066.mp3,19.0,22.0,-34.640123141427544,-39.05576020646939,species,Hirundo rustica,Barn Swallow,0.9958546161651611,0.9958546161651611,species,0,,,
hirundo_rustica,1068066,Hirundo rustica,/Users/justyna-przy/Projects/ISE/FYP/src/dataset/bird_data/raw/hirundo_rustica/XC1068066.mp3,22.0,25.0,-38.033040651663065,-39.05576020646939,species,Hirundo rustica,Barn Swallow,0.9807682633399963,0.9807682633399963,species,0,,,
hirundo_rustica,1052747,Hirundo rustica,/Users/justyna-przy/Projects/ISE/FYP/src/dataset/bird_data/raw/hirundo_rustica/XC1052747.mp3,1.0,4.0,-17.992201697388634,-18.02582684370857,species,Hirundo rustica,Barn Swallow,0.9960500597953796,0.9960500597953796,species,1,rand_species,/Users/justyna-przy/Projects/ISE/FYP/src/dataset/bird_data/clips/species/hirundo_rustica/XC1052747__s1000__e4000.wav,
hirundo_rustica,760042,Hirundo rustica,/Users/justyna-przy/Projects/ISE/FYP/src/dataset/bird_data/raw/hirundo_rustica/XC760042.mp3,4.0,7.0,-16.454672496329785,-16.457498286072777,non_bird,,,0.0,0.0,non_bird,1,nonbird_lowconf,/Users/justyna-przy/Projects/ISE/FYP/src/dataset/bird_data/clips/non_bird/hirundo_rustica/XC760042__s4000__e7000.wav,
hirundo_rustica,1008823,Hirundo rustica,/Users/justyna-przy/Projects/ISE/FYP/src/dataset/bird_data/raw/hirundo_rustica/XC1008823.mp3,7.0,10.0,-36.93790839720635,-40.0,drop,Passer cinnamomeus,Russet Sparrow,0.1575366109609604,0.1575366109609604,drop,0,,,
hirundo_rustica,1008823,Hirundo rustica,/Users/justyna-przy/Projects/ISE/FYP/src/dataset/bird_data/raw/hirundo_rustica/XC1008823.mp3,10.0,13.0,-34.13149287430702,-40.0,drop,Passer cinnamomeus,Russet Sparrow,0.30985018610954285,0.30985018610954285,drop,0,,,
hirundo_rustica,1008823,Hirundo rustica,/Users/justyna-przy/Projects/ISE/FYP/src/dataset/bird_data/raw/hirundo_rustica/XC1008823.mp3,13.0,16.0,-28.82634478693381,-40.0,drop,Orochelidon murina,Brown-bellied Swallow,0.23000842332839966,0.23000842332839966,drop,0,,,
hirundo_rustica,361739,Hirundo rustica,/Users/justyna-przy/Projects/ISE/FYP/src/dataset/bird_data/raw/hirundo_rustica/XC361739.mp3,1.0,4.0,-17.85902540942302,-31.344976865460012,species,Hirundo rustica,Barn Swallow,0.9663617014884949,0.9663617014884949,species,1,rand_species,/Users/justyna-przy/Projects/ISE/FYP/src/dataset/bird_data/clips/species/hirundo_rustica/XC361739__s1000__e4000.wav,
hirundo_rustica,361739,Hirundo rustica,/Users/justyna-przy/Projects/ISE/FYP/src/dataset/bird_data/raw/hirundo_rustica/XC361739.mp3,4.0,7.0,-15.989738493928376,-31.344976865460012,species,Hirundo rustica,Barn Swallow,0.989516019821167,0.989516019821167,species,1,rand_species,/Users/justyna-przy/Projects/ISE/FYP/src/dataset/bird_data/clips/species/hirundo_rustica/XC361739__s4000__e7000.wav,
hirundo_rustica,361739,Hirundo rustica,/Users/justyna-przy/Projects/ISE/FYP/src/dataset/bird_data/raw/hirundo_rustica/XC361739.mp3,7.0,10.0,-16.16144050683783,-31.344976865460012,species,Hirundo rustica,Barn Swallow,0.999099850654602,0.999099850654602,species,1,rand_species,/Users/justyna-przy/Projects/ISE/FYP/src/dataset/bird_data/clips/species/hirundo_rustica/XC361739__s7000__e10000.wav,
hirundo_rustica,411677,Hirundo rustica,/Users/justyna-przy/Projects/ISE/FYP/src/dataset/bird_data/raw/hirundo_rustica/XC411677.mp3,1.0,4.0,-39.72521665115448,-40.0,species,Hirundo rustica,Barn Swallow,0.8713899850845337,0.8713899850845337,species,1,rand_species,/Users/justyna-przy/Projects/ISE/FYP/src/dataset/bird_data/clips/species/hirundo_rustica/XC411677__s1000__e4000.wav,
hirundo_rustica,411677,Hirundo rustica,/Users/justyna-przy/Projects/ISE/FYP/src/dataset/bird_data/raw/hirundo_rustica/XC411677.mp3,10.0,13.0,-37.552172091280184,-40.0,species,Hirundo rustica,Barn Swallow,0.8954687714576721,0.8954687714576721,species,1,rand_species,/Users/justyna-przy/Projects/ISE/FYP/src/dataset/bird_data/clips/species/hirundo_rustica/XC411677__s10000__e13000.wav,
hirundo_rustica,411677,Hirundo rustica,/Users/justyna-przy/Projects/ISE/FYP/src/dataset/bird_data/raw/hirundo_rustica/XC411677.mp3,13.0,16.0,-37.93070740708667,-40.0,species,Hirundo rustica,Barn Swallow,0.9422273635864258,0.9422273635864258,species,1,rand_species,/Users/justyna-przy/Projects/ISE/FYP/src/dataset/bird_data/clips/species/hirundo_rustica/XC411677__s13000__e16000.wav,
hirundo_rustica,411677,Hirundo rustica,/Users/justyna-przy/Projects/ISE/FYP/src/dataset/bird_data/raw/hirundo_rustica/XC411677.mp3,16.0,19.0,-39.4765972322574,-40.0,species,Hirundo rustica,Barn Swallow,0.6603026390075684,0.6603026390075684,species,0,,,
hirundo_rustica,647324,Hirundo rustica,/Users/justyna-przy/Projects/ISE/FYP/src/dataset/bird_data/raw/hirundo_rustica/XC647324.mp3,4.0,7.0,-30.711501848051487,-40.0,species,Hirundo rustica,Barn Swallow,0.9497674107551575,0.9497674107551575,species,0,,,
hirundo_rustica,647324,Hirundo rustica,/Users/justyna-przy/Projects/ISE/FYP/src/dataset/bird_data/raw/hirundo_rustica/XC647324.mp3,7.0,10.0,-31.192387338448494,-40.0,species,Hirundo rustica,Barn Swallow,0.9978514909744263,0.9978514909744263,species,0,,,
hirundo_rustica,647324,Hirundo rustica,/Users/justyna-przy/Projects/ISE/FYP/src/dataset/bird_data/raw/hirundo_rustica/XC647324.mp3,10.0,13.0,-28.447172061264837,-40.0,species,Hirundo rustica,Barn Swallow,0.9994522929191589,0.9994522929191589,species,1,rand_species,/Users/justyna-przy/Projects/ISE/FYP/src/dataset/bird_data/clips/species/hirundo_rustica/XC647324__s10000__e13000.wav,
hirundo_rustica,647324,Hirundo rustica,/Users/justyna-przy/Projects/ISE/FYP/src/dataset/bird_data/raw/hirundo_rustica/XC647324.mp3,13.0,16.0,-26.164108911986244,-40.0,species,Hirundo rustica,Barn Swallow,0.7937108874320984,0.7937108874320984,species,1,rand_species,/Users/justyna-przy/Projects/ISE/FYP/src/dataset/bird_data/clips/species/hirundo_rustica/XC647324__s13000__e16000.wav,
hirundo_rustica,647324,Hirundo rustica,/Users/justyna-przy/Projects/ISE/FYP/src/dataset/bird_data/raw/hirundo_rustica/XC647324.mp3,16.0,19.0,-33.116903367564575,-40.0,species,Hirundo rustica,Barn Swallow,0.5080118179321289,0.5080118179321289,species,1,rand_species,/Users/justyna-przy/Projects/ISE/FYP/src/dataset/bird_data/clips/species/hirundo_rustica/XC647324__s16000__e19000.wav,
hirundo_rustica,953260,Hirundo rustica,/Users/justyna-przy/Projects/ISE/FYP/src/dataset/bird_data/raw/hirundo_rustica/XC953260.mp3,13.0,16.0,-59.775483968182854,-40.0,drop,Botaurus stellaris,Great Bittern,0.5133485794067383,0.5133485794067383,drop,0,,,
hirundo_rustica,1025092,Hirundo rustica,/Users/justyna-przy/Projects/ISE/FYP/src/dataset/bird_data/raw/hirundo_rustica/XC1025092.mp3,1.0,4.0,-46.084729131255045,-40.0,species,Hirundo rustica,Barn Swallow,0.6440858840942383,0.6440858840942383,species,1,rand_species,/Users/justyna-przy/Projects/ISE/FYP/src/dataset/bird_data/clips/species/hirundo_rustica/XC1025092__s1000__e4000.wav,
hirundo_rustica,1037759,Hirundo rustica,/Users/justyna-przy/Projects/ISE/FYP/src/dataset/bird_data/raw/hirundo_rustica/XC1037759.mp3,1.0,4.0,-7.285310877596981,-12.397655704734175,species,Hirundo rustica,Barn Swallow,0.9714077115058899,0.9714077115058899,species,1,rand_species,/Users/justyna-przy/Projects/ISE/FYP/src/dataset/bird_data/clips/species/hirundo_rustica/XC1037759__s1000__e4000.wav,
hirundo_rustica,1037759,Hirundo rustica,/Users/justyna-przy/Projects/ISE/FYP/src/dataset/bird_data/raw/hirundo_rustica/XC1037759.mp3,4.0,7.0,-11.374720693551975,-12.397655704734175,species,Hirundo rustica,Barn Swallow,0.9886522889137268,0.9886522889137268,species,1,rand_species,/Users/justyna-przy/Projects/ISE/FYP/src/dataset/bird_data/clips/species/hirundo_rustica/XC1037759__s4000__e7000.wav,
hirundo_rustica,749142,Hirundo rustica,/Users/justyna-przy/Projects/ISE/FYP/src/dataset/bird_data/raw/hirundo_rustica/XC749142.mp3,1.0,4.0,-35.62029533699938,-35.989482658411625,species,Hirundo rustica,Barn Swallow,0.9849682450294495,0.9849682450294495,species,1,rand_species,/Users/justyna-przy/Projects/ISE/FYP/src/dataset/bird_data/clips/species/hirundo_rustica/XC749142__s1000__e4000.wav,
hirundo_rustica,749142,Hirundo rustica,/Users/justyna-przy/Projects/ISE/FYP/src/dataset/bird_data/raw/hirundo_rustica/XC749142.mp3,4.0,7.0,-35.1484823734016,-35.989482658411625,species,Hirundo rustica,Barn Swallow,0.9568513035774231,0.9568513035774231,species,1,rand_species,/Users/justyna-przy/Projects/ISE/FYP/src/dataset/bird_data/clips/species/hirundo_rustica/XC749142__s4000__e7000.wav,
hirundo_rustica,749142,Hirundo rustica,/Users/justyna-przy/Projects/ISE/FYP/src/dataset/bird_data/raw/hirundo_rustica/XC749142.mp3,13.0,16.0,-35.08901035656515,-35.989482658411625,species,Hirundo rustica,Barn Swallow,0.9850420355796814,0.9850420355796814,species,1,rand_species,/Users/justyna-przy/Projects/ISE/FYP/src/dataset/bird_data/clips/species/hirundo_rustica/XC749142__s13000__e16000.wav,
hirundo_rustica,704086,Hirundo rustica,/Users/justyna-przy/Projects/ISE/FYP/src/dataset/bird_data/raw/hirundo_rustica/XC704086.mp3,1.0,4.0,-34.35585305203794,-40.0,species,Hirundo rustica,Barn Swallow,0.9854182004928589,0.9854182004928589,species,1,rand_species,/Users/justyna-przy/Projects/ISE/FYP/src/dataset/bird_data/clips/species/hirundo_rustica/XC704086__s1000__e4000.wav,
hirundo_rustica,704086,Hirundo rustica,/Users/justyna-przy/Projects/ISE/FYP/src/dataset/bird_data/raw/hirundo_rustica/XC704086.mp3,4.0,7.0,-28.57671763869659,-40.0,species,Hirundo rustica,Barn Swallow,0.9123570919036865,0.9123570919036865,species,1,rand_species,/Users/justyna-przy/Projects/ISE/FYP/src/dataset/bird_data/clips/species/hirundo_rustica/XC704086__s4000__e7000.wav,
hirundo_rustica,704086,Hirundo rustica,/Users/justyna-przy/Projects/ISE/FYP/src/dataset/bird_data/raw/hirundo_rustica/XC704086.mp3,16.0,19.0,-35.232667470061976,-40.0,drop,Thryophilus rufalbus,Rufous-and-white Wren,0.2434927523136139,0.2434927523136139,drop,0,,,
hirundo_rustica,988215,Hirundo rustica,/Users/justyna-przy/Projects/ISE/FYP/src/dataset/bird_data/raw/hirundo_rustica/XC988215.mp3,1.0,4.0,-28.246941398603926,-36.698318328284216,species,Hirundo rustica,Barn Swallow,0.9853227138519287,0.9853227138519287,species,1,rand_species,/Users/justyna-przy/Projects/ISE/FYP/src/dataset/bird_data/clips/species/hirundo_rustica/XC988215__s1000__e4000.wav,
hirundo_rustica,988215,Hirundo rustica,/Users/justyna-przy/Projects/ISE/FYP/src/dataset/bird_data/raw/hirundo_rustica/XC988215.mp3,4.0,7.0,-29.679340178815647,-36.698318328284216,species,Hirundo rustica,Barn Swallow,0.985745906829834,0.985745906829834,species,0,,,
hirundo_rustica,988215,Hirundo rustica,/Users/justyna-przy/Projects/ISE/FYP/src/dataset/bird_data/raw/hirundo_rustica/XC988215.mp3,7.0,10.0,-25.402408314011478,-36.698318328284216,species,Hirundo rustica,Barn Swallow,0.9932210445404053,0.9932210445404053,species,1,rand_species,/Users/justyna-przy/Projects/ISE/FYP/src/dataset/bird_data/clips/species/hirundo_rustica/XC988215__s7000__e10000.wav,
hirundo_rustica,988215,Hirundo rustica,/Users/justyna-przy/Projects/ISE/FYP/src/dataset/bird_data/raw/hirundo_rustica/XC988215.mp3,13.0,16.0,-30.876128484278084,-36.698318328284216,species,Hirundo rustica,Barn Swallow,0.9923615455627441,0.9923615455627441,species,1,rand_species,/Users/justyna-przy/Projects/ISE/FYP/src/dataset/bird_data/clips/species/hirundo_rustica/XC988215__s13000__e16000.wav,
hirundo_rustica,988215,Hirundo rustica,/Users/justyna-przy/Projects/ISE/FYP/src/dataset/bird_data/raw/hirundo_rustica/XC988215.mp3,16.0,19.0,-35.418343217180656,-36.698318328284216,drop,Hirundo rustica,Barn Swallow,0.2992520332336426,0.2992520332336426,drop,0,,,
hirundo_rustica,988215,Hirundo rustica,/Users/justyna-przy/Projects/ISE/FYP/src/dataset/bird_data/raw/hirundo_rustica/XC988215.mp3,19.0,22.0,-31.182829657088085,-36.698318328284216,species,Hirundo rustica,Barn Swallow,0.7537379860877991,0.7537379860877991,species,0,,,
hirundo_rustica,1043387,Hirundo rustica,/Users/justyna-przy/Projects/ISE/FYP/src/dataset/bird_data/raw/hirundo_rustica/XC1043387.mp3,13.0,16.0,-32.97414249731244,-40.0,species,Hirundo rustica,Barn Swallow,0.9725650548934937,0.9725650548934937,species,1,rand_species,/Users/justyna-przy/Projects/ISE/FYP/src/dataset/bird_data/clips/species/hirundo_rustica/XC1043387__s13000__e16000.wav,
hirundo_rustica,1043387,Hirundo rustica,/Users/justyna-przy/Projects/ISE/FYP/src/dataset/bird_data/raw/hirundo_rustica/XC1043387.mp3,16.0,19.0,-34.10908724247023,-40.0,species,Hirundo rustica,Barn Swallow,0.9937740564346313,0.9937740564346313,species,1,rand_species,/Users/justyna-przy/Projects/ISE/FYP/src/dataset/bird_data/clips/species/hirundo_rustica/XC1043387__s16000__e19000.wav,
hirundo_rustica,1043387,Hirundo rustica,/Users/justyna-przy/Projects/ISE/FYP/src/dataset/bird_data/raw/hirundo_rustica/XC1043387.mp3,19.0,22.0,-30.146948945214156,-40.0,species,Hirundo rustica,Barn Swallow,0.9931318163871765,0.9931318163871765,species,1,rand_species,/Users/justyna-przy/Projects/ISE/FYP/src/dataset/bird_data/clips/species/hirundo_rustica/XC1043387__s19000__e22000.wav,
hirundo_rustica,598651,Hirundo rustica,/Users/justyna-przy/Projects/ISE/FYP/src/dataset/bird_data/raw/hirundo_rustica/XC598651.mp3,1.0,4.0,-25.095038262489165,-34.52481168238479,species,Hirundo rustica,Barn Swallow,0.941926896572113,0.941926896572113,species,1,rand_species,/Users/justyna-przy/Projects/ISE/FYP/src/dataset/bird_data/clips/species/hirundo_rustica/XC598651__s1000__e4000.wav,
hirundo_rustica,598651,Hirundo rustica,/Users/justyna-przy/Projects/ISE/FYP/src/dataset/bird_data/raw/hirundo_rustica/XC598651.mp3,4.0,7.0,-28.960886232355435,-34.52481168238479,species,Hirundo rustica,Barn Swallow,0.987033486366272,0.987033486366272,species,1,rand_species,/Users/justyna-przy/Projects/ISE/FYP/src/dataset/bird_data/clips/species/hirundo_rustica/XC598651__s4000__e7000.wav,
hirundo_rustica,598651,Hirundo rustica,/Users/justyna-przy/Projects/ISE/FYP/src/dataset/bird_data/raw/hirundo_rustica/XC598651.mp3,7.0,10.0,-31.10545443524512,-34.52481168238479,species,Hirundo rustica,Barn Swallow,0.9587539434432983,0.9587539434432983,species,0,,,
hirundo_rustica,598651,Hirundo rustica,/Users/justyna-przy/Projects/ISE/FYP/src/dataset/bird_data/raw/hirundo_rustica/XC598651.mp3,16.0,19.0,-33.08390902812011,-34.52481168238479,species,Hirundo rustica,Barn Swallow,0.9967558979988098,0.9967558979988098,species,0,,,
hirundo_rustica,598651,Hirundo rustica,/Users/justyna-przy/Projects/ISE/FYP/src/dataset/bird_data/raw/hirundo_rustica/XC598651.mp3,19.0,22.0,-31.019393342866984,-34.52481168238479,species,Hirundo rustica,Barn Swallow,0.9826525449752808,0.9826525449752808,species,1,rand_species,/Users/justyna-przy/Projects/ISE/FYP/src/dataset/bird_data/clips/species/hirundo_rustica/XC598651__s19000__e22000.wav,
hirundo_rustica,598651,Hirundo rustica,/Users/justyna-przy/Projects/ISE/FYP/src/dataset/bird_data/raw/hirundo_rustica/XC598651.mp3,22.0,25.0,-31.84703394475798,-34.52481168238479,species,Hirundo rustica,Barn Swallow,0.9900423288345337,0.9900423288345337,species,0,,,
hirundo_rustica,822180,Hirundo rustica,/Users/justyna-przy/Projects/ISE/FYP/src/dataset/bird_data/raw/hirundo_rustica/XC822180.mp3,4.0,7.0,-32.92006471123911,-36.901067128970006,species,Hirundo rustica,Barn Swallow,0.788085401058197,0.788085401058197,species,1,rand_species,/Users/justyna-przy/Projects/ISE/FYP/src/dataset/bird_data/clips/species/hirundo_rustica/XC822180__s4000__e7000.wav,
hirundo_rustica,822180,Hirundo rustica,/Users/justyna-przy/Projects/ISE/FYP/src/dataset/bird_data/raw/hirundo_rustica/XC822180.mp3,7.0,10.0,-33.881115266429774,-36.901067128970006,species,Hirundo rustica,Barn Swallow,0.9918918609619141,0.9918918609619141,species,0,,,
hirundo_rustica,822180,Hirundo rustica,/Users/justyna-przy/Projects/ISE/FYP/src/dataset/bird_data/raw/hirundo_rustica/XC822180.mp3,13.0,16.0,-34.00266726522159,-36.901067128970006,species,Hirundo rustica,Barn Swallow,0.9625187516212463,0.9625187516212463,species,1,rand_species,/Users/justyna-przy/Projects/ISE/FYP/src/dataset/bird_data/clips/species/hirundo_rustica/XC822180__s13000__e16000.wav,
hirundo_rustica,822180,Hirundo rustica,/Users/justyna-przy/Projects/ISE/FYP/src/dataset/bird_data/raw/hirundo_rustica/XC822180.mp3,16.0,19.0,-33.16546683559027,-36.901067128970006,species,Hirundo rustica,Barn Swallow,0.9981212019920349,0.9981212019920349,species,1,rand_species,/Users/justyna-przy/Projects/ISE/FYP/src/dataset/bird_data/clips/species/hirundo_rustica/XC822180__s16000__e19000.wav,
hirundo_rustica,1017559,Hirundo rustica,/Users/justyna-przy/Projects/ISE/FYP/src/dataset/bird_data/raw/hirundo_rustica/XC1017559.mp3,19.0,22.0,-31.306743577179653,-31.410989976679282,species,Hirundo rustica,Barn Swallow,0.801506519317627,0.801506519317627,species,1,rand_species,/Users/justyna-przy/Projects/ISE/FYP/src/dataset/bird_data/clips/species/hirundo_rustica/XC1017559__s19000__e22000.wav,
hirundo_rustica,1017559,Hirundo rustica,/Users/justyna-przy/Projects/ISE/FYP/src/dataset/bird_data/raw/hirundo_rustica/XC1017559.mp3,22.0,25.0,-31.34484058240153,-31.410989976679282,species,Hirundo rustica,Barn Swallow,0.9316175580024719,0.9316175580024719,species,0,,,
hirundo_rustica,1017559,Hirundo rustica,/Users/justyna-przy/Projects/ISE/FYP/src/dataset/bird_data/raw/hirundo_rustica/XC1017559.mp3,25.0,28.0,-24.535230008633047,-31.410989976679282,species,Hirundo rustica,Barn Swallow,0.8957713842391968,0.8957713842391968,species,1,rand_species,/Users/justyna-przy/Projects/ISE/FYP/src/dataset/bird_data/clips/species/hirundo_rustica/XC1017559__s25000__e28000.wav,
hirundo_rustica,1017559,Hirundo rustica,/Users/justyna-przy/Projects/ISE/FYP/src/dataset/bird_data/raw/hirundo_rustica/XC1017559.mp3,28.0,31.0,-27.380231432311255,-31.410989976679282,species,Hirundo rustica,Barn Swallow,0.9125914573669434,0.9125914573669434,species,0,,,
hirundo_rustica,1017559,Hirundo rustica,/Users/justyna-przy/Projects/ISE/FYP/src/dataset/bird_data/raw/hirundo_rustica/XC1017559.mp3,31.0,34.0,-22.939801547707162,-31.410989976679282,species,Hirundo rustica,Barn Swallow,0.9850180745124817,0.9850180745124817,species,1,rand_species,/Users/justyna-przy/Projects/ISE/FYP/src/dataset/bird_data/clips/species/hirundo_rustica/XC1017559__s31000__e34000.wav,
hirundo_rustica,1017559,Hirundo rustica,/Users/justyna-przy/Projects/ISE/FYP/src/dataset/bird_data/raw/hirundo_rustica/XC1017559.mp3,34.0,37.0,-30.588804522239805,-31.410989976679282,species,Hirundo rustica,Barn Swallow,0.9498829245567322,0.9498829245567322,species,0,,,
hirundo_rustica,1029493,Hirundo rustica,/Users/justyna-przy/Projects/ISE/FYP/src/dataset/bird_data/raw/hirundo_rustica/XC1029493.mp3,4.0,7.0,-17.535994770593387,-22.510459818089927,species,Hirundo rustica,Barn Swallow,0.8125710487365723,0.8125710487365723,species,1,rand_species,/Users/justyna-przy/Projects/ISE/FYP/src/dataset/bird_data/clips/species/hirundo_rustica/XC1029493__s4000__e7000.wav,
hirundo_rustica,1029493,Hirundo rustica,/Users/justyna-przy/Projects/ISE/FYP/src/dataset/bird_data/raw/hirundo_rustica/XC1029493.mp3,7.0,10.0,-17.559236350875118,-22.510459818089927,species,Hirundo rustica,Barn Swallow,0.9485083818435669,0.9485083818435669,species,1,rand_species,/Users/justyna-przy/Projects/ISE/FYP/src/dataset/bird_data/clips/species/hirundo_rustica/XC1029493__s7000__e10000.wav,
hirundo_rustica,1029493,Hirundo rustica,/Users/justyna-przy/Projects/ISE/FYP/src/dataset/bird_data/raw/hirundo_rustica/XC1029493.mp3,10.0,13.0,-22.47683269214541,-22.510459818089927,species,Hirundo rustica,Barn Swallow,0.9377223253250122,0.9377223253250122,species,1,rand_species,/Users/justyna-przy/Projects/ISE/FYP/src/dataset/bird_data/clips/species/hirundo_rustica/XC1029493__s10000__e13000.wav,
hirundo_rustica,672081,Hirundo rustica,/Users/justyna-przy/Projects/ISE/FYP/src/dataset/bird_data/raw/hirundo_rustica/XC672081.mp3,1.0,4.0,-23.91723498410366,-27.32121022961767,species,Hirundo rustica,Barn Swallow,0.9944783449172974,0.9944783449172974,species,1,rand_species,/Users/justyna-przy/Projects/ISE/FYP/src/dataset/bird_data/clips/species/hirundo_rustica/XC672081__s1000__e4000.wav,
hirundo_rustica,702266,Hirundo rustica,/Users/justyna-przy/Projects/ISE/FYP/src/dataset/bird_data/raw/hirundo_rustica/XC702266.mp3,7.0,10.0,-31.750053073349637,-34.13229006213616,species,Hirundo rustica,Barn Swallow,0.9431261420249939,0.9431261420249939,species,0,,,
hirundo_rustica,702266,Hirundo rustica,/Users/justyna-przy/Projects/ISE/FYP/src/dataset/bird_data/raw/hirundo_rustica/XC702266.mp3,13.0,16.0,-32.54545747789415,-34.13229006213616,species,Hirundo rustica,Barn Swallow,0.45011335611343384,0.45011335611343384,species,1,rand_species,/Users/justyna-przy/Projects/ISE/FYP/src/dataset/bird_data/clips/species/hirundo_rustica/XC702266__s13000__e16000.wav,
hirundo_rustica,702266,Hirundo rustica,/Users/justyna-przy/Projects/ISE/FYP/src/dataset/bird_data/raw/hirundo_rustica/XC702266.mp3,16.0,19.0,-32.14097265768498,-34.13229006213616,species,Hirundo rustica,Barn Swallow,0.9614475965499878,0.9614475965499878,species,0,,,
hirundo_rustica,702266,Hirundo rustica,/Users/justyna-przy/Projects/ISE/FYP/src/dataset/bird_data/raw/hirundo_rustica/XC702266.mp3,19.0,22.0,-29.25618300722967,-34.13229006213616,drop,Anas platyrhynchos,Mallard,0.166859969496727,0.166859969496727,drop,0,,,
hirundo_rustica,702266,Hirundo rustica,/Users/justyna-przy/Projects/ISE/FYP/src/dataset/bird_data/raw/hirundo_rustica/XC702266.mp3,22.0,25.0,-30.185436112754406,-34.13229006213616,species,Hirundo rustica,Barn Swallow,0.9801166653633118,0.9801166653633118,species,1,rand_species,/Users/justyna-przy/Projects/ISE/FYP/src/dataset/bird_data/clips/species/hirundo_rustica/XC702266__s22000__e25000.wav,
hirundo_rustica,702266,Hirundo rustica,/Users/justyna-przy/Projects/ISE/FYP/src/dataset/bird_data/raw/hirundo_rustica/XC702266.mp3,25.0,28.0,-33.59560361414116,-34.13229006213616,species,Hirundo rustica,Barn Swallow,0.9400990009307861,0.9400990009307861,species,1,rand_species,/Users/justyna-przy/Projects/ISE/FYP/src/dataset/bird_data/clips/species/hirundo_rustica/XC702266__s25000__e28000.wav,
hirundo_rustica,898587,Hirundo rustica,/Users/justyna-przy/Projects/ISE/FYP/src/dataset/bird_data/raw/hirundo_rustica/XC898587.mp3,1.0,4.0,-31.18322831904549,-40.0,species,Hirundo rustica,Barn Swallow,0.6352629661560059,0.6352629661560059,species,1,rand_species,/Users/justyna-przy/Projects/ISE/FYP/src/dataset/bird_data/clips/species/hirundo_rustica/XC898587__s1000__e4000.wav,
hirundo_rustica,898587,Hirundo rustica,/Users/justyna-przy/Projects/ISE/FYP/src/dataset/bird_data/raw/hirundo_rustica/XC898587.mp3,4.0,7.0,-28.188640437841915,-40.0,species,Hirundo rustica,Barn Swallow,0.8150791525840759,0.8150791525840759,species,1,rand_species,/Users/justyna-przy/Projects/ISE/FYP/src/dataset/bird_data/clips/species/hirundo_rustica/XC898587__s4000__e7000.wav,
hirundo_rustica,898587,Hirundo rustica,/Users/justyna-przy/Projects/ISE/FYP/src/dataset/bird_data/raw/hirundo_rustica/XC898587.mp3,7.0,10.0,-38.6355645928812,-40.0,species,Hirundo rustica,Barn Swallow,0.7169598340988159,0.7169598340988159,species,1,rand_species,/Users/justyna-przy/Projects/ISE/FYP/src/dataset/bird_data/clips/species/hirundo_rustica/XC898587__s7000__e10000.wav,
hirundo_rustica,898815,Hirundo rustica,/Users/justyna-przy/Projects/ISE/FYP/src/dataset/bird_data/raw/hirundo_rustica/XC898815.mp3,1.0,4.0,-39.50009253023356,-40.0,drop,Hirundo rustica,Barn Swallow,0.15886443853378296,0.15886443853378296,drop,0,,,
hirundo_rustica,898815,Hirundo rustica,/Users/justyna-przy/Projects/ISE/FYP/src/dataset/bird_data/raw/hirundo_rustica/XC898815.mp3,13.0,16.0,-28.691981479938192,-40.0,species,Hirundo rustica,Barn Swallow,0.9937117099761963,0.9937117099761963,species,1,rand_species,/Users/justyna-przy/Projects/ISE/FYP/src/dataset/bird_data/clips/species/hirundo_rustica/XC898815__s13000__e16000.wav,
hirundo_rustica,898815,Hirundo rustica,/Users/justyna-przy/Projects/ISE/FYP/src/dataset/bird_data/raw/hirundo_rustica/XC898815.mp3,16.0,19.0,-29.16096758369795,-40.0,species,Hirundo rustica,Barn Swallow,0.9943736791610718,0.9943736791610718,species,1,rand_species,/Users/justyna-przy/Projects/ISE/FYP/src/dataset/bird_data/clips/species/hirundo_rustica/XC898815__s16000__e19000.wav,
hirundo_rustica,898815,Hirundo rustica,/Users/justyna-przy/Projects/ISE/FYP/src/dataset/bird_data/raw/hirundo_rustica/XC898815.mp3,19.0,22.0,-27.29982377896537,-40.0,species,Hirundo rustica,Barn Swallow,0.9996570348739624,0.9996570348739624,species,1,rand_species,/Users/justyna-przy/Projects/ISE/FYP/src/dataset/bird_data/clips/species/hirundo_rustica/XC898815__s19000__e22000.wav,
hirundo_rustica,1068222,Hirundo rustica,/Users/justyna-przy/Projects/ISE/FYP/src/dataset/bird_data/raw/hirundo_rustica/XC1068222.mp3,1.0,4.0,-36.52645517277708,-39.94754747802063,drop,Spinus magellanicus,Hooded Siskin,0.5217160582542419,0.5217160582542419,drop,0,,,
hirundo_rustica,1068222,Hirundo rustica,/Users/justyna-przy/Projects/ISE/FYP/src/dataset/bird_data/raw/hirundo_rustica/XC1068222.mp3,4.0,7.0,-38.99265741080519,-39.94754747802063,species,Hirundo rustica,Barn Swallow,0.9587934017181396,0.9587934017181396,species,1,rand_species,/Users/justyna-przy/Projects/ISE/FYP/src/dataset/bird_data/clips/species/hirundo_rustica/XC1068222__s4000__e7000.wav,
hirundo_rustica,1068222,Hirundo rustica,/Users/justyna-przy/Projects/ISE/FYP/src/dataset/bird_data/raw/hirundo_rustica/XC1068222.mp3,7.0,10.0,-39.47338298492493,-39.94754747802063,species,Hirundo rustica,Barn Swallow,0.8496242761611938,0.8496242761611938,species,1,rand_species,/Users/justyna-przy/Projects/ISE/FYP/src/dataset/bird_data/clips/species/hirundo_rustica/XC1068222__s7000__e10000.wav,
hirundo_rustica,737116,Hirundo rustica,/Users/justyna-przy/Projects/ISE/FYP/src/dataset/bird_data/raw/hirundo_rustica/XC737116.mp3,1.0,4.0,-16.90148748217069,-16.902593915619086,non_bird,,,0.0,0.0,non_bird,1,nonbird_lowconf,/Users/justyna-przy/Projects/ISE/FYP/src/dataset/bird_data/clips/non_bird/hirundo_rustica/XC737116__s1000__e4000.wav,
hirundo_rustica,737116,Hirundo rustica,/Users/justyna-przy/Projects/ISE/FYP/src/dataset/bird_data/raw/hirundo_rustica/XC737116.mp3,7.0,10.0,-16.902348186359426,-16.902593915619086,drop,Calidris alba,Sanderling,0.13264405727386475,0.13264405727386475,drop,0,,,
hirundo_rustica,1017558,Hirundo rustica,/Users/justyna-przy/Projects/ISE/FYP/src/dataset/bird_data/raw/hirundo_rustica/XC1017558.mp3,1.0,4.0,-22.075926503396026,-23.590925975738465,species,Hirundo rustica,Barn Swallow,0.9755217432975769,0.9755217432975769,species,1,rand_species,/Users/justyna-przy/Projects/ISE/FYP/src/dataset/bird_data/clips/species/hirundo_rustica/XC1017558__s1000__e4000.wav,
hirundo_rustica,1017558,Hirundo rustica,/Users/justyna-przy/Projects/ISE/FYP/src/dataset/bird_data/raw/hirundo_rustica/XC1017558.mp3,7.0,10.0,-21.87685187508263,-23.590925975738465,species,Hirundo rustica,Barn Swallow,0.9865036010742188,0.9865036010742188,species,1,rand_species,/Users/justyna-przy/Projects/ISE/FYP/src/dataset/bird_data/clips/species/hirundo_rustica/XC1017558__s7000__e10000.wav,
hirundo_rustica,1027200,Hirundo rustica,/Users/justyna-przy/Projects/ISE/FYP/src/dataset/bird_data/raw/hirundo_rustica/XC1027200.mp3,1.0,4.0,-43.30810991301124,-40.0,species,Hirundo rustica,Barn Swallow,0.8985024690628052,0.8985024690628052,species,1,rand_species,/Users/justyna-przy/Projects/ISE/FYP/src/dataset/bird_data/clips/species/hirundo_rustica/XC1027200__s1000__e4000.wav,
hirundo_rustica,593601,Hirundo rustica,/Users/justyna-przy/Projects/ISE/FYP/src/dataset/bird_data/raw/hirundo_rustica/XC593601.mp3,,,,,,,,,,drop,0,,,no_windows
hirundo_rustica,624409,Hirundo rustica,/Users/justyna-przy/Projects/ISE/FYP/src/dataset/bird_data/raw/hirundo_rustica/XC624409.mp3,1.0,4.0,-46.599160778220885,-40.0,drop,Hirundo rustica,Barn Swallow,0.19381123781204224,0.19381123781204224,drop,0,,,
hirundo_rustica,786371,Hirundo rustica,/Users/justyna-przy/Projects/ISE/FYP/src/dataset/bird_data/raw/hirundo_rustica/XC786371.mp3,4.0,7.0,-35.937251949491795,-36.292602059375426,species,Hirundo rustica,Barn Swallow,0.45313140749931335,0.45313140749931335,species,1,rand_species,/Users/justyna-przy/Projects/ISE/FYP/src/dataset/bird_data/clips/species/hirundo_rustica/XC786371__s4000__e7000.wav,
hirundo_rustica,786371,Hirundo rustica,/Users/justyna-przy/Projects/ISE/FYP/src/dataset/bird_data/raw/hirundo_rustica/XC786371.mp3,7.0,10.0,-33.937551383734046,-36.292602059375426,species,Hirundo rustica,Barn Swallow,0.8481072783470154,0.8481072783470154,species,1,rand_species,/Users/justyna-przy/Projects/ISE/FYP/src/dataset/bird_data/clips/species/hirundo_rustica/XC786371__s7000__e10000.wav,
hirundo_rustica,704104,Hirundo rustica,/Users/justyna-przy/Projects/ISE/FYP/src/dataset/bird_data/raw/hirundo_rustica/XC704104.mp3,1.0,4.0,-25.24135169483602,-36.84822785174832,non_bird,,,0.0,0.0,non_bird,1,nonbird_lowconf,/Users/justyna-przy/Projects/ISE/FYP/src/dataset/bird_data/clips/non_bird/hirundo_rustica/XC704104__s1000__e4000.wav,
hirundo_rustica,704104,Hirundo rustica,/Users/justyna-przy/Projects/ISE/FYP/src/dataset/bird_data/raw/hirundo_rustica/XC704104.mp3,4.0,7.0,-36.573550963945735,-36.84822785174832,non_bird,,,0.0,0.0,non_bird,1,nonbird_lowconf,/Users/justyna-przy/Projects/ISE/FYP/src/dataset/bird_data/clips/non_bird/hirundo_rustica/XC704104__s4000__e7000.wav,
hirundo_rustica,704104,Hirundo rustica,/Users/justyna-przy/Projects/ISE/FYP/src/dataset/bird_data/raw/hirundo_rustica/XC704104.mp3,13.0,16.0,-31.065094726080073,-36.84822785174832,non_bird,,,0.0,0.0,non_bird,0,,,
hirundo_rustica,704104,Hirundo rustica,/Users/justyna-przy/Projects/ISE/FYP/src/dataset/bird_data/raw/hirundo_rustica/XC704104.mp3,16.0,19.0,-28.682586197249947,-36.84822785174832,non_bird,,,0.0,0.0,non_bird,0,,,
hirundo_rustica,704104,Hirundo rustica,/Users/justyna-przy/Projects/ISE/FYP/src/dataset/bird_data/raw/hirundo_rustica/XC704104.mp3,19.0,22.0,-33.836838289689524,-36.84822785174832,non_bird,,,0.0,0.0,non_bird,0,,,
hirundo_rustica,704104,Hirundo rustica,/Users/justyna-przy/Projects/ISE/FYP/src/dataset/bird_data/raw/hirundo_rustica/XC704104.mp3,25.0,28.0,-31.422223542626924,-36.84822785174832,non_bird,,,0.0,0.0,non_bird,0,,,
hirundo_rustica,987069,Hirundo rustica,/Users/justyna-przy/Projects/ISE/FYP/src/dataset/bird_data/raw/hirundo_rustica/XC987069.mp3,7.0,10.0,-42.82505984924876,-40.0,species,Hirundo rustica,Barn Swallow,0.9306488037109375,0.9306488037109375,species,1,rand_species,/Users/justyna-przy/Projects/ISE/FYP/src/dataset/bird_data/clips/species/hirundo_rustica/XC987069__s7000__e10000.wav,
hirundo_rustica,571315,Hirundo rustica,/Users/justyna-przy/Projects/ISE/FYP/src/dataset/bird_data/raw/hirundo_rustica/XC571315.mp3,6.0,9.0,-31.663205437397643,-34.99332199654787,species,Hirundo rustica,Barn Swallow,0.908165454864502,0.908165454864502,species,1,rand_species,/Users/justyna-przy/Projects/ISE/FYP/src/dataset/bird_data/clips/species/hirundo_rustica/XC571315__s6000__e9000.wav,
hirundo_rustica,571315,Hirundo rustica,/Users/justyna-przy/Projects/ISE/FYP/src/dataset/bird_data/raw/hirundo_rustica/XC571315.mp3,18.0,21.0,-33.92425492078952,-34.99332199654787,species,Hirundo rustica,Barn Swallow,0.9170206785202026,0.9170206785202026,species,1,rand_species,/Users/justyna-przy/Projects/ISE/FYP/src/dataset/bird_data/clips/species/hirundo_rustica/XC571315__s18000__e21000.wav,
hirundo_rustica,571315,Hirundo rustica,/Users/justyna-przy/Projects/ISE/FYP/src/dataset/bird_data/raw/hirundo_rustica/XC571315.mp3,21.0,24.0,-33.90162322221872,-34.99332199654787,species,Hirundo rustica,Barn Swallow,0.8043846487998962,0.8043846487998962,species,1,rand_species,/Users/justyna-przy/Projects/ISE/FYP/src/dataset/bird_data/clips/species/hirundo_rustica/XC571315__s21000__e24000.wav,
hirundo_rustica,571315,Hirundo rustica,/Users/justyna-przy/Projects/ISE/FYP/src/dataset/bird_data/raw/hirundo_rustica/XC571315.mp3,24.0,27.0,-30.978979370981854,-34.99332199654787,species,Hirundo rustica,Barn Swallow,0.9505053758621216,0.9505053758621216,species,0,,,
hirundo_rustica,571315,Hirundo rustica,/Users/justyna-przy/Projects/ISE/FYP/src/dataset/bird_data/raw/hirundo_rustica/XC571315.mp3,27.0,30.0,-34.14055473212588,-34.99332199654787,species,Hirundo rustica,Barn Swallow,0.3953079283237457,0.3953079283237457,species,0,,,
hirundo_rustica,571315,Hirundo rustica,/Users/justyna-przy/Projects/ISE/FYP/src/dataset/bird_data/raw/hirundo_rustica/XC571315.mp3,30.0,33.0,-32.76070977446822,-34.99332199654787,species,Hirundo rustica,Barn Swallow,0.9155238270759583,0.9155238270759583,species,0,,,
hirundo_rustica,922471,Hirundo rustica,/Users/justyna-przy/Projects/ISE/FYP/src/dataset/bird_data/raw/hirundo_rustica/XC922471.mp3,7.0,10.0,-34.9882641221216,-35.418249096594174,species,Hirundo rustica,Barn Swallow,0.7972970604896545,0.7972970604896545,species,0,,,
hirundo_rustica,922471,Hirundo rustica,/Users/justyna-przy/Projects/ISE/FYP/src/dataset/bird_data/raw/hirundo_rustica/XC922471.mp3,10.0,13.0,-33.13961468721529,-35.418249096594174,species,Hirundo rustica,Barn Swallow,0.9212411046028137,0.9212411046028137,species,1,rand_species,/Users/justyna-przy/Projects/ISE/FYP/src/dataset/bird_data/clips/species/hirundo_rustica/XC922471__s10000__e13000.wav,
hirundo_rustica,922471,Hirundo rustica,/Users/justyna-przy/Projects/ISE/FYP/src/dataset/bird_data/raw/hirundo_rustica/XC922471.mp3,13.0,16.0,-25.83421517588925,-35.418249096594174,species,Hirundo rustica,Barn Swallow,0.9721731543540955,0.9721731543540955,species,1,rand_species,/Users/justyna-przy/Projects/ISE/FYP/src/dataset/bird_data/clips/species/hirundo_rustica/XC922471__s13000__e16000.wav,
hirundo_rustica,922471,Hirundo rustica,/Users/justyna-przy/Projects/ISE/FYP/src/dataset/bird_data/raw/hirundo_rustica/XC922471.mp3,16.0,19.0,-18.72334389617433,-35.418249096594174,species,Hirundo rustica,Barn Swallow,0.8419078588485718,0.8419078588485718,species,1,rand_species,/Users/justyna-przy/Projects/ISE/FYP/src/dataset/bird_data/clips/species/hirundo_rustica/XC922471__s16000__e19000.wav,
hirundo_rustica,922471,Hirundo rustica,/Users/justyna-przy/Projects/ISE/FYP/src/dataset/bird_data/raw/hirundo_rustica/XC922471.mp3,19.0,22.0,-23.54331105879915,-35.418249096594174,non_bird,,,0.0,0.0,non_bird,1,nonbird_lowconf,/Users/justyna-przy/Projects/ISE/FYP/src/dataset/bird_data/clips/non_bird/hirundo_rustica/XC922471__s19000__e22000.wav,
hirundo_rustica,922471,Hirundo rustica,/Users/justyna-przy/Projects/ISE/FYP/src/dataset/bird_data/raw/hirundo_rustica/XC922471.mp3,22.0,25.0,-32.74902046716837,-35.418249096594174,drop,Dumetia hyperythra,Tawny-bellied Babbler,0.11082876473665237,0.11082876473665237,drop,0,,,
hirundo_rustica,931343,Hirundo rustica,/Users/justyna-przy/Projects/ISE/FYP/src/dataset/bird_data/raw/hirundo_rustica/XC931343.mp3,1.0,4.0,-28.418521849244716,-28.418521849244716,species,Hirundo rustica,Barn Swallow,0.8460674285888672,0.8460674285888672,species,1,rand_species,/Users/justyna-przy/Projects/ISE/FYP/src/dataset/bird_data/clips/species/hirundo_rustica/XC931343__s1000__e4000.wav,
hirundo_rustica,934498,Hirundo rustica,/Users/justyna-przy/Projects/ISE/FYP/src/dataset/bird_data/raw/hirundo_rustica/XC934498.mp3,4.0,7.0,-27.659342810377773,-32.30364184480041,species,Hirundo rustica,Barn Swallow,0.99298095703125,0.99298095703125,species,0,,,
hirundo_rustica,934498,Hirundo rustica,/Users/justyna-przy/Projects/ISE/FYP/src/dataset/bird_data/raw/hirundo_rustica/XC934498.mp3,7.0,10.0,-25.607471565635702,-32.30364184480041,species,Hirundo rustica,Barn Swallow,0.9765039086341858,0.9765039086341858,species,0,,,
hirundo_rustica,934498,Hirundo rustica,/Users/justyna-przy/Projects/ISE/FYP/src/dataset/bird_data/raw/hirundo_rustica/XC934498.mp3,16.0,19.0,-29.610626811528988,-32.30364184480041,species,Hirundo rustica,Barn Swallow,0.9654271602630615,0.9654271602630615,species,1,rand_species,/Users/justyna-przy/Projects/ISE/FYP/src/dataset/bird_data/clips/species/hirundo_rustica/XC934498__s16000__e19000.wav,
hirundo_rustica,934498,Hirundo rustica,/Users/justyna-przy/Projects/ISE/FYP/src/dataset/bird_data/raw/hirundo_rustica/XC934498.mp3,19.0,22.0,-28.122339247005293,-32.30364184480041,species,Hirundo rustica,Barn Swallow,0.9463953375816345,0.9463953375816345,species,0,,,
hirundo_rustica,934498,Hirundo rustica,/Users/justyna-przy/Projects/ISE/FYP/src/dataset/bird_data/raw/hirundo_rustica/XC934498.mp3,22.0,25.0,-30.718630248254048,-32.30364184480041,species,Hirundo rustica,Barn Swallow,0.9793123006820679,0.9793123006820679,species,1,rand_species,/Users/justyna-przy/Projects/ISE/FYP/src/dataset/bird_data/clips/species/hirundo_rustica/XC934498__s22000__e25000.wav,
hirundo_rustica,934498,Hirundo rustica,/Users/justyna-przy/Projects/ISE/FYP/src/dataset/bird_data/raw/hirundo_rustica/XC934498.mp3,25.0,28.0,-30.827308672354267,-32.30364184480041,species,Hirundo rustica,Barn Swallow,0.9836680293083191,0.9836680293083191,species,1,rand_species,/Users/justyna-przy/Projects/ISE/FYP/src/dataset/bird_data/clips/species/hirundo_rustica/XC934498__s25000__e28000.wav,
hirundo_rustica,623206,Hirundo rustica,/Users/justyna-przy/Projects/ISE/FYP/src/dataset/bird_data/raw/hirundo_rustica/XC623206.mp3,12.0,15.0,-35.88984012932336,-39.574215998469484,non_bird,,,0.0,0.0,non_bird,1,nonbird_lowconf,/Users/justyna-przy/Projects/ISE/FYP/src/dataset/bird_data/clips/non_bird/hirundo_rustica/XC623206__s12000__e15000.wav,
hirundo_rustica,623206,Hirundo rustica,/Users/justyna-przy/Projects/ISE/FYP/src/dataset/bird_data/raw/hirundo_rustica/XC623206.mp3,15.0,18.0,-38.84841250778715,-39.574215998469484,non_bird,,,0.0,0.0,non_bird,1,nonbird_lowconf,/Users/justyna-przy/Projects/ISE/FYP/src/dataset/bird_data/clips/non_bird/hirundo_rustica/XC623206__s15000__e18000.wav,
hirundo_rustica,623206,Hirundo rustica,/Users/justyna-przy/Projects/ISE/FYP/src/dataset/bird_data/raw/hirundo_rustica/XC623206.mp3,18.0,21.0,-39.187483261157155,-39.574215998469484,non_bird,,,0.0,0.0,non_bird,0,,,
hirundo_rustica,623206,Hirundo rustica,/Users/justyna-przy/Projects/ISE/FYP/src/dataset/bird_data/raw/hirundo_rustica/XC623206.mp3,21.0,24.0,-38.30120242015604,-39.574215998469484,non_bird,,,0.0,0.0,non_bird,0,,,
hirundo_rustica,623206,Hirundo rustica,/Users/justyna-przy/Projects/ISE/FYP/src/dataset/bird_data/raw/hirundo_rustica/XC623206.mp3,24.0,27.0,-38.28132337461831,-39.574215998469484,non_bird,,,0.0,0.0,non_bird,0,,,
hirundo_rustica,623206,Hirundo rustica,/Users/justyna-przy/Projects/ISE/FYP/src/dataset/bird_data/raw/hirundo_rustica/XC623206.mp3,30.0,33.0,-37.804472125206075,-39.574215998469484,species,Hirundo rustica,Barn Swallow,0.8309414386749268,0.8309414386749268,species,1,rand_species,/Users/justyna-przy/Projects/ISE/FYP/src/dataset/bird_data/clips/species/hirundo_rustica/XC623206__s30000__e33000.wav,
hirundo_rustica,713111,Hirundo rustica,/Users/justyna-przy/Projects/ISE/FYP/src/dataset/bird_data/raw/hirundo_rustica/XC713111.mp3,1.0,4.0,-24.26670004060791,-24.26670004060791,drop,Spinus magellanicus,Hooded Siskin,0.28948965668678284,0.28948965668678284,drop,0,,,
hirundo_rustica,645358,Hirundo rustica,/Users/justyna-przy/Projects/ISE/FYP/src/dataset/bird_data/raw/hirundo_rustica/XC645358.mp3,1.0,4.0,-21.508812188512895,-26.385872806328248,drop,Quiscalus major,Boat-tailed Grackle,0.1644039899110794,0.1644039899110794,drop,0,,,
hirundo_rustica,645358,Hirundo rustica,/Users/justyna-przy/Projects/ISE/FYP/src/dataset/bird_data/raw/hirundo_rustica/XC645358.mp3,4.0,7.0,-25.04259280651885,-26.385872806328248,drop,Quiscalus major,Boat-tailed Grackle,0.1268092542886734,0.1268092542886734,drop,0,,,
hirundo_rustica,645358,Hirundo rustica,/Users/justyna-przy/Projects/ISE/FYP/src/dataset/bird_data/raw/hirundo_rustica/XC645358.mp3,7.0,10.0,-26.308555838152348,-26.385872806328248,non_bird,,,0.0,0.0,non_bird,1,nonbird_lowconf,/Users/justyna-przy/Projects/ISE/FYP/src/dataset/bird_data/clips/non_bird/hirundo_rustica/XC645358__s7000__e10000.wav,
hirundo_rustica,645358,Hirundo rustica,/Users/justyna-przy/Projects/ISE/FYP/src/dataset/bird_data/raw/hirundo_rustica/XC645358.mp3,13.0,16.0,-21.09127003787728,-26.385872806328248,non_bird,,,0.0,0.0,non_bird,1,nonbird_lowconf,/Users/justyna-przy/Projects/ISE/FYP/src/dataset/bird_data/clips/non_bird/hirundo_rustica/XC645358__s13000__e16000.wav,
hirundo_rustica,645358,Hirundo rustica,/Users/justyna-przy/Projects/ISE/FYP/src/dataset/bird_data/raw/hirundo_rustica/XC645358.mp3,16.0,19.0,-23.272570717994874,-26.385872806328248,drop,Hirundo rustica,Barn Swallow,0.18295565247535706,0.18295565247535706,drop,0,,,
hirundo_rustica,645358,Hirundo rustica,/Users/justyna-przy/Projects/ISE/FYP/src/dataset/bird_data/raw/hirundo_rustica/XC645358.mp3,19.0,22.0,-23.437298038146302,-26.385872806328248,species,Hirundo rustica,Barn Swallow,0.9310405254364014,0.9310405254364014,species,1,rand_species,/Users/justyna-przy/Projects/ISE/FYP/src/dataset/bird_data/clips/species/hirundo_rustica/XC645358__s19000__e22000.wav,
hirundo_rustica,802571,Hirundo rustica,/Users/justyna-przy/Projects/ISE/FYP/src/dataset/bird_data/raw/hirundo_rustica/XC802571.mp3,1.0,4.0,-35.02880715381291,-38.013017056868115,species,Hirundo rustica,Barn Swallow,0.9894313812255859,0.9894313812255859,species,0,,,
hirundo_rustica,802571,Hirundo rustica,/Users/justyna-przy/Projects/ISE/FYP/src/dataset/bird_data/raw/hirundo_rustica/XC802571.mp3,4.0,7.0,-33.926480171224526,-38.013017056868115,species,Hirundo rustica,Barn Swallow,0.9961267113685608,0.9961267113685608,species,0,,,
hirundo_rustica,802571,Hirundo rustica,/Users/justyna-przy/Projects/ISE/FYP/src/dataset/bird_data/raw/hirundo_rustica/XC802571.mp3,7.0,10.0,-31.43167380744559,-38.013017056868115,species,Hirundo rustica,Barn Swallow,0.8232253789901733,0.8232253789901733,species,1,rand_species,/Users/justyna-przy/Projects/ISE/FYP/src/dataset/bird_data/clips/species/hirundo_rustica/XC802571__s7000__e10000.wav,
hirundo_rustica,802571,Hirundo rustica,/Users/justyna-przy/Projects/ISE/FYP/src/dataset/bird_data/raw/hirundo_rustica/XC802571.mp3,10.0,13.0,-34.67085102696599,-38.013017056868115,species,Hirundo rustica,Barn Swallow,0.9111202955245972,0.9111202955245972,species,1,rand_species,/Users/justyna-przy/Projects/ISE/FYP/src/dataset/bird_data/clips/species/hirundo_rustica/XC802571__s10000__e13000.wav,
hirundo_rustica,802571,Hirundo rustica,/Users/justyna-przy/Projects/ISE/FYP/src/dataset/bird_data/raw/hirundo_rustica/XC802571.mp3,13.0,16.0,-36.372782097022906,-38.013017056868115,species,Hirundo rustica,Barn Swallow,0.9913261532783508,0.9913261532783508,species,1,rand_species,/Users/justyna-przy/Projects/ISE/FYP/src/dataset/bird_data/clips/species/hirundo_rustica/XC802571__s13000__e16000.wav,
hirundo_rustica,802571,Hirundo rustica,/Users/justyna-przy/Projects/ISE/FYP/src/dataset/bird_data/raw/hirundo_rustica/XC802571.mp3,16.0,19.0,-32.33047837439304,-38.013017056868115,species,Hirundo rustica,Barn Swallow,0.9143675565719604,0.9143675565719604,species,0,,,
hirundo_rustica,567543,Hirundo rustica,/Users/justyna-przy/Projects/ISE/FYP/src/dataset/bird_data/raw/hirundo_rustica/XC567543.mp3,1.0,4.0,-40.61243316966302,-40.0,species,Hirundo rustica,Barn Swallow,0.8951579332351685,0.8951579332351685,species,1,rand_species,/Users/justyna-przy/Projects/ISE/FYP/src/dataset/bird_data/clips/species/hirundo_rustica/XC567543__s1000__e4000.wav,
hirundo_rustica,814255,Hirundo rustica,/Users/justyna-przy/Projects/ISE/FYP/src/dataset/bird_data/raw/hirundo_rustica/XC814255.mp3,1.0,4.0,-31.814188278694537,-32.06813920206875,non_bird,,,0.0,0.0,non_bird,1,nonbird_lowconf,/Users/justyna-przy/Projects/ISE/FYP/src/dataset/bird_data/clips/non_bird/hirundo_rustica/XC814255__s1000__e4000.wav,
hirundo_rustica,814255,Hirundo rustica,/Users/justyna-przy/Projects/ISE/FYP/src/dataset/bird_data/raw/hirundo_rustica/XC814255.mp3,4.0,7.0,-32.05989195690099,-32.06813920206875,species,Hirundo rustica,Barn Swallow,0.8008756041526794,0.8008756041526794,species,1,rand_species,/Users/justyna-przy/Projects/ISE/FYP/src/dataset/bird_data/clips/species/hirundo_rustica/XC814255__s4000__e7000.wav,
hirundo_rustica,814255,Hirundo rustica,/Users/justyna-przy/Projects/ISE/FYP/src/dataset/bird_data/raw/hirundo_rustica/XC814255.mp3,13.0,16.0,-31.3440133728226,-32.06813920206875,species,Hirundo rustica,Barn Swallow,0.9342933297157288,0.9342933297157288,species,1,rand_species,/Users/justyna-przy/Projects/ISE/FYP/src/dataset/bird_data/clips/species/hirundo_rustica/XC814255__s13000__e16000.wav,
hirundo_rustica,814255,Hirundo rustica,/Users/justyna-przy/Projects/ISE/FYP/src/dataset/bird_data/raw/hirundo_rustica/XC814255.mp3,16.0,19.0,-31.285312878201413,-32.06813920206875,non_bird,,,0.0,0.0,non_bird,1,nonbird_lowconf,/Users/justyna-przy/Projects/ISE/FYP/src/dataset/bird_data/clips/non_bird/hirundo_rustica/XC814255__s16000__e19000.wav,
hirundo_rustica,735267,Hirundo rustica,/Users/justyna-przy/Projects/ISE/FYP/src/dataset/bird_data/raw/hirundo_rustica/XC735267.mp3,32.0,35.0,-60.18382882620373,-40.0,drop,Hirundo rustica,Barn Swallow,0.1122310683131218,0.1122310683131218,drop,0,,,
hirundo_rustica,990455,Hirundo rustica,/Users/justyna-przy/Projects/ISE/FYP/src/dataset/bird_data/raw/hirundo_rustica/XC990455.mp3,1.0,4.0,-24.702701535066392,-29.542591160878995,species,Hirundo rustica,Barn Swallow,0.9732865691184998,0.9732865691184998,species,0,,,
hirundo_rustica,990455,Hirundo rustica,/Users/justyna-przy/Projects/ISE/FYP/src/dataset/bird_data/raw/hirundo_rustica/XC990455.mp3,4.0,7.0,-27.80664276185059,-29.542591160878995,species,Hirundo rustica,Barn Swallow,0.9921472668647766,0.9921472668647766,species,1,rand_species,/Users/justyna-przy/Projects/ISE/FYP/src/dataset/bird_data/clips/species/hirundo_rustica/XC990455__s4000__e7000.wav,
hirundo_rustica,990455,Hirundo rustica,/Users/justyna-przy/Projects/ISE/FYP/src/dataset/bird_data/raw/hirundo_rustica/XC990455.mp3,7.0,10.0,-26.07509790708031,-29.542591160878995,species,Hirundo rustica,Barn Swallow,0.9775911569595337,0.9775911569595337,species,0,,,
hirundo_rustica,990455,Hirundo rustica,/Users/justyna-przy/Projects/ISE/FYP/src/dataset/bird_data/raw/hirundo_rustica/XC990455.mp3,10.0,13.0,-29.509401322783688,-29.542591160878995,species,Hirundo rustica,Barn Swallow,0.9839073419570923,0.9839073419570923,species,1,rand_species,/Users/justyna-przy/Projects/ISE/FYP/src/dataset/bird_data/clips/species/hirundo_rustica/XC990455__s10000__e13000.wav,
hirundo_rustica,990455,Hirundo rustica,/Users/justyna-przy/Projects/ISE/FYP/src/dataset/bird_data/raw/hirundo_rustica/XC990455.mp3,16.0,19.0,-29.36861884779291,-29.542591160878995,species,Hirundo rustica,Barn Swallow,0.8340262770652771,0.8340262770652771,species,1,rand_species,/Users/justyna-przy/Projects/ISE/FYP/src/dataset/bird_data/clips/species/hirundo_rustica/XC990455__s16000__e19000.wav,
hirundo_rustica,990455,Hirundo rustica,/Users/justyna-przy/Projects/ISE/FYP/src/dataset/bird_data/raw/hirundo_rustica/XC990455.mp3,19.0,22.0,-19.782596875135663,-29.542591160878995,non_bird,,,0.0,0.0,non_bird,1,nonbird_lowconf,/Users/justyna-przy/Projects/ISE/FYP/src/dataset/bird_data/clips/non_bird/hirundo_rustica/XC990455__s19000__e22000.wav,
hirundo_rustica,623204,Hirundo rustica,/Users/justyna-przy/Projects/ISE/FYP/src/dataset/bird_data/raw/hirundo_rustica/XC623204.mp3,1.0,4.0,-34.37421572522089,-34.79879779408378,drop,Ficedula hypoleuca,European Pied Flycatcher,0.2313423603773117,0.2313423603773117,drop,0,,,
hirundo_rustica,623204,Hirundo rustica,/Users/justyna-przy/Projects/ISE/FYP/src/dataset/bird_data/raw/hirundo_rustica/XC623204.mp3,7.0,10.0,-31.911958258232676,-34.79879779408378,non_bird,,,0.0,0.0,non_bird,1,nonbird_lowconf,/Users/justyna-przy/Projects/ISE/FYP/src/dataset/bird_data/clips/non_bird/hirundo_rustica/XC623204__s7000__e10000.wav,
hirundo_rustica,639318,Hirundo rustica,/Users/justyna-przy/Projects/ISE/FYP/src/dataset/bird_data/raw/hirundo_rustica/XC639318.mp3,1.0,4.0,-33.468254545179214,-34.42315672404662,drop,Turdus merula,Eurasian Blackbird,0.2154884785413742,0.2154884785413742,drop,0,,,
hirundo_rustica,639318,Hirundo rustica,/Users/justyna-przy/Projects/ISE/FYP/src/dataset/bird_data/raw/hirundo_rustica/XC639318.mp3,4.0,7.0,-28.97907698723765,-34.42315672404662,species,Hirundo rustica,Barn Swallow,0.8399172425270081,0.8399172425270081,species,1,rand_species,/Users/justyna-przy/Projects/ISE/FYP/src/dataset/bird_data/clips/species/hirundo_rustica/XC639318__s4000__e7000.wav,
hirundo_rustica,639318,Hirundo rustica,/Users/justyna-przy/Projects/ISE/FYP/src/dataset/bird_data/raw/hirundo_rustica/XC639318.mp3,10.0,13.0,-33.02144120717167,-34.42315672404662,non_bird,,,0.0,0.0,non_bird,1,nonbird_lowconf,/Users/justyna-przy/Projects/ISE/FYP/src/dataset/bird_data/clips/non_bird/hirundo_rustica/XC639318__s10000__e13000.wav,
hirundo_rustica,643586,Hirundo rustica,/Users/justyna-przy/Projects/ISE/FYP/src/dataset/bird_data/raw/hirundo_rustica/XC643586.mp3,1.0,4.0,-23.611559260533003,-28.166053281275566,species,Hirundo rustica,Barn Swallow,0.9918391108512878,0.9918391108512878,species,0,,,
hirundo_rustica,643586,Hirundo rustica,/Users/justyna-przy/Projects/ISE/FYP/src/dataset/bird_data/raw/hirundo_rustica/XC643586.mp3,4.0,7.0,-24.872671197551654,-28.166053281275566,species,Hirundo rustica,Barn Swallow,0.9988483190536499,0.9988483190536499,species,1,rand_species,/Users/justyna-przy/Projects/ISE/FYP/src/dataset/bird_data/clips/species/hirundo_rustica/XC643586__s4000__e7000.wav,
hirundo_rustica,643586,Hirundo rustica,/Users/justyna-przy/Projects/ISE/FYP/src/dataset/bird_data/raw/hirundo_rustica/XC643586.mp3,16.0,19.0,-23.76530942478049,-28.166053281275566,species,Hirundo rustica,Barn Swallow,0.9953699707984924,0.9953699707984924,species,0,,,
hirundo_rustica,643586,Hirundo rustica,/Users/justyna-przy/Projects/ISE/FYP/src/dataset/bird_data/raw/hirundo_rustica/XC643586.mp3,19.0,22.0,-21.91525052053629,-28.166053281275566,species,Hirundo rustica,Barn Swallow,0.9969327449798584,0.9969327449798584,species,0,,,
hirundo_rustica,643586,Hirundo rustica,/Users/justyna-przy/Projects/ISE/FYP/src/dataset/bird_data/raw/hirundo_rustica/XC643586.mp3,22.0,25.0,-25.65016535461766,-28.166053281275566,species,Hirundo rustica,Barn Swallow,0.9748170971870422,0.9748170971870422,species,1,rand_species,/Users/justyna-przy/Projects/ISE/FYP/src/dataset/bird_data/clips/species/hirundo_rustica/XC643586__s22000__e25000.wav,
hirundo_rustica,643586,Hirundo rustica,/Users/justyna-przy/Projects/ISE/FYP/src/dataset/bird_data/raw/hirundo_rustica/XC643586.mp3,25.0,28.0,-26.951826472472057,-28.166053281275566,species,Hirundo rustica,Barn Swallow,0.9976806640625,0.9976806640625,species,1,rand_species,/Users/justyna-przy/Projects/ISE/FYP/src/dataset/bird_data/clips/species/hirundo_rustica/XC643586__s25000__e28000.wav,
hirundo_rustica,802272,Hirundo rustica,/Users/justyna-przy/Projects/ISE/FYP/src/dataset/bird_data/raw/hirundo_rustica/XC802272.mp3,1.0,4.0,-28.875767935362447,-28.9268258403949,drop,Carduelis carduelis,European Goldfinch,0.5189276337623596,0.5189276337623596,drop,0,,,
hirundo_rustica,802272,Hirundo rustica,/Users/justyna-przy/Projects/ISE/FYP/src/dataset/bird_data/raw/hirundo_rustica/XC802272.mp3,13.0,16.0,-27.75907750383229,-28.9268258403949,non_bird,,,0.0,0.0,non_bird,1,nonbird_lowconf,/Users/justyna-przy/Projects/ISE/FYP/src/dataset/bird_data/clips/non_bird/hirundo_rustica/XC802272__s13000__e16000.wav,
hirundo_rustica,802272,Hirundo rustica,/Users/justyna-przy/Projects/ISE/FYP/src/dataset/bird_data/raw/hirundo_rustica/XC802272.mp3,16.0,19.0,-28.514898883706785,-28.9268258403949,non_bird,,,0.0,0.0,non_bird,1,nonbird_lowconf,/Users/justyna-przy/Projects/ISE/FYP/src/dataset/bird_data/clips/non_bird/hirundo_rustica/XC802272__s16000__e19000.wav,
hirundo_rustica,802272,Hirundo rustica,/Users/justyna-przy/Projects/ISE/FYP/src/dataset/bird_data/raw/hirundo_rustica/XC802272.mp3,19.0,22.0,-28.448528487584834,-28.9268258403949,drop,Corvus frugilegus,Rook,0.3606596887111664,0.3606596887111664,drop,0,,,
hirundo_rustica,802272,Hirundo rustica,/Users/justyna-przy/Projects/ISE/FYP/src/dataset/bird_data/raw/hirundo_rustica/XC802272.mp3,22.0,25.0,-28.31066556295223,-28.9268258403949,drop,Hirundo rustica,Barn Swallow,0.1806526631116867,0.1806526631116867,drop,0,,,
hirundo_rustica,802272,Hirundo rustica,/Users/justyna-przy/Projects/ISE/FYP/src/dataset/bird_data/raw/hirundo_rustica/XC802272.mp3,25.0,28.0,-28.857891619386095,-28.9268258403949,species,Hirundo rustica,Barn Swallow,0.49948829412460327,0.49948829412460327,species,1,rand_species,/Users/justyna-przy/Projects/ISE/FYP/src/dataset/bird_data/clips/species/hirundo_rustica/XC802272__s25000__e28000.wav,
hirundo_rustica,421348,Hirundo rustica,/Users/justyna-przy/Projects/ISE/FYP/src/dataset/bird_data/raw/hirundo_rustica/XC421348.mp3,4.0,7.0,-21.049903329018946,-21.430069912111612,species,Hirundo rustica,Barn Swallow,0.991549015045166,0.991549015045166,species,1,rand_species,/Users/justyna-przy/Projects/ISE/FYP/src/dataset/bird_data/clips/species/hirundo_rustica/XC421348__s4000__e7000.wav,
hirundo_rustica,421348,Hirundo rustica,/Users/justyna-przy/Projects/ISE/FYP/src/dataset/bird_data/raw/hirundo_rustica/XC421348.mp3,7.0,10.0,-20.930673329410602,-21.430069912111612,species,Hirundo rustica,Barn Swallow,0.9530342817306519,0.9530342817306519,species,1,rand_species,/Users/justyna-przy/Projects/ISE/FYP/src/dataset/bird_data/clips/species/hirundo_rustica/XC421348__s7000__e10000.wav,
hirundo_rustica,421348,Hirundo rustica,/Users/justyna-przy/Projects/ISE/FYP/src/dataset/bird_data/raw/hirundo_rustica/XC421348.mp3,10.0,13.0,-20.93876292226487,-21.430069912111612,species,Hirundo rustica,Barn Swallow,0.9710911512374878,0.9710911512374878,species,1,rand_species,/Users/justyna-przy/Projects/ISE/FYP/src/dataset/bird_data/clips/species/hirundo_rustica/XC421348__s10000__e13000.wav,
hirundo_rustica,421348,Hirundo rustica,/Users/justyna-przy/Projects/ISE/FYP/src/dataset/bird_data/raw/hirundo_rustica/XC421348.mp3,13.0,16.0,-20.21463018927826,-21.430069912111612,species,Hirundo rustica,Barn Swallow,0.4820941686630249,0.4820941686630249,species,0,,,
hirundo_rustica,421348,Hirundo rustica,/Users/justyna-przy/Projects/ISE/FYP/src/dataset/bird_data/raw/hirundo_rustica/XC421348.mp3,16.0,19.0,-19.907096728445165,-21.430069912111612,drop,Hirundo rustica,Barn Swallow,0.15226595103740692,0.15226595103740692,drop,0,,,
hirundo_rustica,421348,Hirundo rustica,/Users/justyna-przy/Projects/ISE/FYP/src/dataset/bird_data/raw/hirundo_rustica/XC421348.mp3,19.0,22.0,-20.17514126890855,-21.430069912111612,species,Hirundo rustica,Barn Swallow,0.8436470627784729,0.8436470627784729,species,0,,,
hirundo_rustica,736807,Hirundo rustica,/Users/justyna-przy/Projects/ISE/FYP/src/dataset/bird_data/raw/hirundo_rustica/XC736807.mp3,4.0,7.0,-26.907408806239047,-30.63014401650348,species,Hirundo rustica,Barn Swallow,0.9544094204902649,0.9544094204902649,species,1,rand_species,/Users/justyna-przy/Projects/ISE/FYP/src/dataset/bird_data/clips/species/hirundo_rustica/XC736807__s4000__e7000.wav,
hirundo_rustica,736807,Hirundo rustica,/Users/justyna-przy/Projects/ISE/FYP/src/dataset/bird_data/raw/hirundo_rustica/XC736807.mp3,10.0,13.0,-27.72076126648813,-30.63014401650348,species,Hirundo rustica,Barn Swallow,0.7136384844779968,0.7136384844779968,species,1,rand_species,/Users/justyna-przy/Projects/ISE/FYP/src/dataset/bird_data/clips/species/hirundo_rustica/XC736807__s10000__e13000.wav,
hirundo_rustica,736807,Hirundo rustica,/Users/justyna-przy/Projects/ISE/FYP/src/dataset/bird_data/raw/hirundo_rustica/XC736807.mp3,13.0,16.0,-29.392519891452295,-30.63014401650348,species,Hirundo rustica,Barn Swallow,0.944799542427063,0.944799542427063,species,1,rand_species,/Users/justyna-przy/Projects/ISE/FYP/src/dataset/bird_data/clips/species/hirundo_rustica/XC736807__s13000__e16000.wav,
hirundo_rustica,584761,Hirundo rustica,/Users/justyna-przy/Projects/ISE/FYP/src/dataset/bird_data/raw/hirundo_rustica/XC584761.mp3,1.0,4.0,-42.99631443520977,-40.0,non_bird,,,0.0,0.0,non_bird,1,nonbird_lowconf,/Users/justyna-przy/Projects/ISE/FYP/src/dataset/bird_data/clips/non_bird/hirundo_rustica/XC584761__s1000__e4000.wav,
hirundo_rustica,932911,Hirundo rustica,/Users/justyna-przy/Projects/ISE/FYP/src/dataset/bird_data/raw/hirundo_rustica/XC932911.mp3,4.0,7.0,-52.72654360197852,-40.0,species,Hirundo rustica,Barn Swallow,0.3160369396209717,0.3160369396209717,species,1,rand_species,/Users/justyna-przy/Projects/ISE/FYP/src/dataset/bird_data/clips/species/hirundo_rustica/XC932911__s4000__e7000.wav,
hirundo_rustica,527823,Hirundo rustica,/Users/justyna-przy/Projects/ISE/FYP/src/dataset/bird_data/raw/hirundo_rustica/XC527823.mp3,1.0,4.0,-35.20678593128396,-36.00079628108083,species,Hirundo rustica,Barn Swallow,0.9424517154693604,0.9424517154693604,species,1,rand_species,/Users/justyna-przy/Projects/ISE/FYP/src/dataset/bird_data/clips/species/hirundo_rustica/XC527823__s1000__e4000.wav,
hirundo_rustica,632471,Hirundo rustica,/Users/justyna-przy/Projects/ISE/FYP/src/dataset/bird_data/raw/hirundo_rustica/XC632471.mp3,1.0,4.0,-35.74911910688972,-35.74911910688972,species,Hirundo rustica,Barn Swallow,0.42630535364151,0.42630535364151,species,1,rand_species,/Users/justyna-przy/Projects/ISE/FYP/src/dataset/bird_data/clips/species/hirundo_rustica/XC632471__s1000__e4000.wav,
hirundo_rustica,364681,Hirundo rustica,/Users/justyna-przy/Projects/ISE/FYP/src/dataset/bird_data/raw/hirundo_rustica/XC364681.mp3,9.0,12.0,-23.0893568997589,-23.44134702260427,species,Hirundo rustica,Barn Swallow,0.9987615346908569,0.9987615346908569,species,1,rand_species,/Users/justyna-przy/Projects/ISE/FYP/src/dataset/bird_data/clips/species/hirundo_rustica/XC364681__s9000__e12000.wav,
hirundo_rustica,364681,Hirundo rustica,/Users/justyna-przy/Projects/ISE/FYP/src/dataset/bird_data/raw/hirundo_rustica/XC364681.mp3,12.0,15.0,-21.314391744197007,-23.44134702260427,species,Hirundo rustica,Barn Swallow,0.983423113822937,0.983423113822937,species,0,,,
hirundo_rustica,364681,Hirundo rustica,/Users/justyna-przy/Projects/ISE/FYP/src/dataset/bird_data/raw/hirundo_rustica/XC364681.mp3,15.0,18.0,-21.742859133164142,-23.44134702260427,species,Hirundo rustica,Barn Swallow,0.9946249127388,0.9946249127388,species,1,rand_species,/Users/justyna-przy/Projects/ISE/FYP/src/dataset/bird_data/clips/species/hirundo_rustica/XC364681__s15000__e18000.wav,
hirundo_rustica,364681,Hirundo rustica,/Users/justyna-przy/Projects/ISE/FYP/src/dataset/bird_data/raw/hirundo_rustica/XC364681.mp3,21.0,24.0,-22.100926611614156,-23.44134702260427,species,Hirundo rustica,Barn Swallow,0.9980972409248352,0.9980972409248352,species,0,,,
hirundo_rustica,364681,Hirundo rustica,/Users/justyna-przy/Projects/ISE/FYP/src/dataset/bird_data/raw/hirundo_rustica/XC364681.mp3,27.0,30.0,-21.75818062656409,-23.44134702260427,species,Hirundo rustica,Barn Swallow,0.9943848848342896,0.9943848848342896,species,1,rand_species,/Users/justyna-przy/Projects/ISE/FYP/src/dataset/bird_data/clips/species/hirundo_rustica/XC364681__s27000__e30000.wav,
hirundo_rustica,364681,Hirundo rustica,/Users/justyna-przy/Projects/ISE/FYP/src/dataset/bird_data/raw/hirundo_rustica/XC364681.mp3,30.0,33.0,-21.464475803702626,-23.44134702260427,species,Hirundo rustica,Barn Swallow,0.9921070337295532,0.9921070337295532,species,0,,,
hirundo_rustica,734995,Hirundo rustica,/Users/justyna-przy/Projects/ISE/FYP/src/dataset/bird_data/raw/hirundo_rustica/XC734995.mp3,4.0,7.0,-28.642470793706877,-35.8130623827838,drop,Emberiza schoeniclus,Reed Bunting,0.8214076161384583,0.8214076161384583,drop,0,,,
hirundo_rustica,734995,Hirundo rustica,/Users/justyna-przy/Projects/ISE/FYP/src/dataset/bird_data/raw/hirundo_rustica/XC734995.mp3,7.0,10.0,-27.61235370372181,-35.8130623827838,species,Hirundo rustica,Barn Swallow,0.3281441330909729,0.3281441330909729,species,1,rand_species,/Users/justyna-przy/Projects/ISE/FYP/src/dataset/bird_data/clips/species/hirundo_rustica/XC734995__s7000__e10000.wav,
hirundo_rustica,734995,Hirundo rustica,/Users/justyna-przy/Projects/ISE/FYP/src/dataset/bird_data/raw/hirundo_rustica/XC734995.mp3,13.0,16.0,-35.50495523552695,-35.8130623827838,species,Hirundo rustica,Barn Swallow,0.9711195230484009,0.9711195230484009,species,1,rand_species,/Users/justyna-przy/Projects/ISE/FYP/src/dataset/bird_data/clips/species/hirundo_rustica/XC734995__s13000__e16000.wav,
hirundo_rustica,734995,Hirundo rustica,/Users/justyna-przy/Projects/ISE/FYP/src/dataset/bird_data/raw/hirundo_rustica/XC734995.mp3,16.0,19.0,-31.876190449631927,-35.8130623827838,non_bird,,,0.0,0.0,non_bird,1,nonbird_lowconf,/Users/justyna-przy/Projects/ISE/FYP/src/dataset/bird_data/clips/non_bird/hirundo_rustica/XC734995__s16000__e19000.wav,
hirundo_rustica,734995,Hirundo rustica,/Users/justyna-przy/Projects/ISE/FYP/src/dataset/bird_data/raw/hirundo_rustica/XC734995.mp3,19.0,22.0,-31.729964453201095,-35.8130623827838,drop,Delichon urbicum,Common House-Martin,0.15403784811496735,0.15403784811496735,drop,0,,,
hirundo_rustica,734995,Hirundo rustica,/Users/justyna-przy/Projects/ISE/FYP/src/dataset/bird_data/raw/hirundo_rustica/XC734995.mp3,22.0,25.0,-34.15985150659991,-35.8130623827838,drop,Emberiza schoeniclus,Reed Bunting,0.24424490332603455,0.24424490332603455,drop,0,,,
hirundo_rustica,199796,Hirundo rustica,/Users/justyna-przy/Projects/ISE/FYP/src/dataset/bird_data/raw/hirundo_rustica/XC199796.mp3,1.0,4.0,-42.072085032514536,-40.0,non_bird,,,0.0,0.0,non_bird,1,nonbird_lowconf,/Users/justyna-przy/Projects/ISE/FYP/src/dataset/bird_data/clips/non_bird/hirundo_rustica/XC199796__s1000__e4000.wav,
hirundo_rustica,669745,Hirundo rustica,/Users/justyna-przy/Projects/ISE/FYP/src/dataset/bird_data/raw/hirundo_rustica/XC669745.mp3,9.0,12.0,-41.33630427433231,-40.0,species,Hirundo rustica,Barn Swallow,0.9393065571784973,0.9393065571784973,species,1,rand_species,/Users/justyna-przy/Projects/ISE/FYP/src/dataset/bird_data/clips/species/hirundo_rustica/XC669745__s9000__e12000.wav,
hirundo_rustica,383832,Hirundo rustica,/Users/justyna-przy/Projects/ISE/FYP/src/dataset/bird_data/raw/hirundo_rustica/XC383832.mp3,1.0,4.0,-53.106091718719874,-40.0,species,Hirundo rustica,Barn Swallow,0.9898994565010071,0.9898994565010071,species,1,rand_species,/Users/justyna-przy/Projects/ISE/FYP/src/dataset/bird_data/clips/species/hirundo_rustica/XC383832__s1000__e4000.wav,
hirundo_rustica,881742,Hirundo rustica,/Users/justyna-przy/Projects/ISE/FYP/src/dataset/bird_data/raw/hirundo_rustica/XC881742.mp3,19.0,22.0,-48.16680237105395,-40.0,species,Hirundo rustica,Barn Swallow,0.9549449682235718,0.9549449682235718,species,1,rand_species,/Users/justyna-przy/Projects/ISE/FYP/src/dataset/bird_data/clips/species/hirundo_rustica/XC881742__s19000__e22000.wav,
hirundo_rustica,361236,Hirundo rustica,/Users/justyna-przy/Projects/ISE/FYP/src/dataset/bird_data/raw/hirundo_rustica/XC361236.mp3,4.0,7.0,-34.599896728452634,-40.0,species,Hirundo rustica,Barn Swallow,0.9978542923927307,0.9978542923927307,species,1,rand_species,/Users/justyna-przy/Projects/ISE/FYP/src/dataset/bird_data/clips/species/hirundo_rustica/XC361236__s4000__e7000.wav,
hirundo_rustica,361236,Hirundo rustica,/Users/justyna-przy/Projects/ISE/FYP/src/dataset/bird_data/raw/hirundo_rustica/XC361236.mp3,7.0,10.0,-31.294637245014407,-40.0,species,Hirundo rustica,Barn Swallow,0.9597094058990479,0.9597094058990479,species,1,rand_species,/Users/justyna-przy/Projects/ISE/FYP/src/dataset/bird_data/clips/species/hirundo_rustica/XC361236__s7000__e10000.wav,
hirundo_rustica,361236,Hirundo rustica,/Users/justyna-przy/Projects/ISE/FYP/src/dataset/bird_data/raw/hirundo_rustica/XC361236.mp3,10.0,13.0,-31.945267967069842,-40.0,species,Hirundo rustica,Barn Swallow,0.8750805854797363,0.8750805854797363,species,1,rand_species,/Users/justyna-przy/Projects/ISE/FYP/src/dataset/bird_data/clips/species/hirundo_rustica/XC361236__s10000__e13000.wav,
hirundo_rustica,553706,Hirundo rustica,/Users/justyna-przy/Projects/ISE/FYP/src/dataset/bird_data/raw/hirundo_rustica/XC553706.mp3,1.0,4.0,-34.83440240720766,-35.02073526379215,species,Hirundo rustica,Barn Swallow,0.3431568741798401,0.3431568741798401,species,1,rand_species,/Users/justyna-przy/Projects/ISE/FYP/src/dataset/bird_data/clips/species/hirundo_rustica/XC553706__s1000__e4000.wav,
hirundo_rustica,553706,Hirundo rustica,/Users/justyna-przy/Projects/ISE/FYP/src/dataset/bird_data/raw/hirundo_rustica/XC553706.mp3,4.0,7.0,-34.091421897251614,-35.02073526379215,drop,Hirundo rustica,Barn Swallow,0.105237677693367,0.105237677693367,drop,0,,,
hirundo_rustica,553706,Hirundo rustica,/Users/justyna-przy/Projects/ISE/FYP/src/dataset/bird_data/raw/hirundo_rustica/XC553706.mp3,10.0,13.0,-34.969504286220484,-35.02073526379215,drop,Hirundo rustica,Barn Swallow,0.16639159619808197,0.16639159619808197,drop,0,,,
hirundo_rustica,993418,Hirundo rustica,/Users/justyna-przy/Projects/ISE/FYP/src/dataset/bird_data/raw/hirundo_rustica/XC993418.mp3,4.0,7.0,-32.280736255691664,-33.34316013776827,species,Hirundo rustica,Barn Swallow,0.6555313467979431,0.6555313467979431,species,1,rand_species,/Users/justyna-przy/Projects/ISE/FYP/src/dataset/bird_data/clips/species/hirundo_rustica/XC993418__s4000__e7000.wav,
hirundo_rustica,993418,Hirundo rustica,/Users/justyna-przy/Projects/ISE/FYP/src/dataset/bird_data/raw/hirundo_rustica/XC993418.mp3,7.0,10.0,-28.599703753285468,-33.34316013776827,species,Hirundo rustica,Barn Swallow,0.9011107683181763,0.9011107683181763,species,1,rand_species,/Users/justyna-przy/Projects/ISE/FYP/src/dataset/bird_data/clips/species/hirundo_rustica/XC993418__s7000__e10000.wav,
hirundo_rustica,993418,Hirundo rustica,/Users/justyna-przy/Projects/ISE/FYP/src/dataset/bird_data/raw/hirundo_rustica/XC993418.mp3,10.0,13.0,-33.30928976502618,-33.34316013776827,drop,Cyanoloxia brissonii,Ultramarine Grosbeak,0.7363227009773254,0.7363227009773254,drop,0,,,
hirundo_rustica,667927,Hirundo rustica,/Users/justyna-przy/Projects/ISE/FYP/src/dataset/bird_data/raw/hirundo_rustica/XC667927.mp3,1.0,4.0,-28.860811462735207,-29.112511260566382,species,Hirundo rustica,Barn Swallow,0.9254857301712036,0.9254857301712036,species,1,rand_species,/Users/justyna-przy/Projects/ISE/FYP/src/dataset/bird_data/clips/species/hirundo_rustica/XC667927__s1000__e4000.wav,
hirundo_rustica,667927,Hirundo rustica,/Users/justyna-przy/Projects/ISE/FYP/src/dataset/bird_data/raw/hirundo_rustica/XC667927.mp3,4.0,7.0,-29.01278808694935,-29.112511260566382,species,Hirundo rustica,Barn Swallow,0.9624181389808655,0.9624181389808655,species,0,,,
hirundo_rustica,667927,Hirundo rustica,/Users/justyna-przy/Projects/ISE/FYP/src/dataset/bird_data/raw/hirundo_rustica/XC667927.mp3,7.0,10.0,-26.872535597643434,-29.112511260566382,species,Hirundo rustica,Barn Swallow,0.974494993686676,0.974494993686676,species,0,,,
hirundo_rustica,667927,Hirundo rustica,/Users/justyna-przy/Projects/ISE/FYP/src/dataset/bird_data/raw/hirundo_rustica/XC667927.mp3,10.0,13.0,-28.470979200554098,-29.112511260566382,species,Hirundo rustica,Barn Swallow,0.9177157282829285,0.9177157282829285,species,1,rand_species,/Users/justyna-przy/Projects/ISE/FYP/src/dataset/bird_data/clips/species/hirundo_rustica/XC667927__s10000__e13000.wav,
hirundo_rustica,667927,Hirundo rustica,/Users/justyna-przy/Projects/ISE/FYP/src/dataset/bird_data/raw/hirundo_rustica/XC667927.mp3,13.0,16.0,-28.21772866810713,-29.112511260566382,species,Hirundo rustica,Barn Swallow,0.9158312082290649,0.9158312082290649,species,0,,,
hirundo_rustica,667927,Hirundo rustica,/Users/justyna-przy/Projects/ISE/FYP/src/dataset/bird_data/raw/hirundo_rustica/XC667927.mp3,22.0,25.0,-28.750058756420536,-29.112511260566382,species,Hirundo rustica,Barn Swallow,0.9117212891578674,0.9117212891578674,species,1,rand_species,/Users/justyna-przy/Projects/ISE/FYP/src/dataset/bird_data/clips/species/hirundo_rustica/XC667927__s22000__e25000.wav,
hirundo_rustica,199793,Hirundo rustica,/Users/justyna-przy/Projects/ISE/FYP/src/dataset/bird_data/raw/hirundo_rustica/XC199793.mp3,13.0,16.0,-43.66721097277186,-40.0,drop,Ploceus hypoxanthus,Asian Golden Weaver,0.15710699558258057,0.15710699558258057,drop,0,,,
hirundo_rustica,669723,Hirundo rustica,/Users/justyna-przy/Projects/ISE/FYP/src/dataset/bird_data/raw/hirundo_rustica/XC669723.mp3,15.0,18.0,-39.10164241344086,-40.0,species,Hirundo rustica,Barn Swallow,0.9299622178077698,0.9299622178077698,species,1,rand_species,/Users/justyna-przy/Projects/ISE/FYP/src/dataset/bird_data/clips/species/hirundo_rustica/XC669723__s15000__e18000.wav,
hirundo_rustica,383831,Hirundo rustica,/Users/justyna-przy/Projects/ISE/FYP/src/dataset/bird_data/raw/hirundo_rustica/XC383831.mp3,1.0,4.0,-45.49379628803888,-40.0,species,Hirundo rustica,Barn Swallow,0.9471122026443481,0.9471122026443481,species,1,rand_species,/Users/justyna-przy/Projects/ISE/FYP/src/dataset/bird_data/clips/species/hirundo_rustica/XC383831__s1000__e4000.wav,
hirundo_rustica,770129,Hirundo rustica,/Users/justyna-przy/Projects/ISE/FYP/src/dataset/bird_data/raw/hirundo_rustica/XC770129.mp3,9.0,12.0,-39.83566779500603,-40.0,species,Hirundo rustica,Barn Swallow,0.9861873388290405,0.9861873388290405,species,1,rand_species,/Users/justyna-przy/Projects/ISE/FYP/src/dataset/bird_data/clips/species/hirundo_rustica/XC770129__s9000__e12000.wav,
hirundo_rustica,770129,Hirundo rustica,/Users/justyna-przy/Projects/ISE/FYP/src/dataset/bird_data/raw/hirundo_rustica/XC770129.mp3,30.0,33.0,-38.165707481305255,-40.0,species,Hirundo rustica,Barn Swallow,0.42051422595977783,0.42051422595977783,species,1,rand_species,/Users/justyna-przy/Projects/ISE/FYP/src/dataset/bird_data/clips/species/hirundo_rustica/XC770129__s30000__e33000.wav,
hirundo_rustica,361221,Hirundo rustica,/Users/justyna-przy/Projects/ISE/FYP/src/dataset/bird_data/raw/hirundo_rustica/XC361221.mp3,1.0,4.0,-31.08286627036273,-40.0,species,Hirundo rustica,Barn Swallow,0.8363100290298462,0.8363100290298462,species,1,rand_species,/Users/justyna-przy/Projects/ISE/FYP/src/dataset/bird_data/clips/species/hirundo_rustica/XC361221__s1000__e4000.wav,
hirundo_rustica,361221,Hirundo rustica,/Users/justyna-przy/Projects/ISE/FYP/src/dataset/bird_data/raw/hirundo_rustica/XC361221.mp3,4.0,7.0,-29.541942179021277,-40.0,drop,Terpsiphone bourbonnensis,Mascarene Paradise-Flycatcher,0.6874352693557739,0.6874352693557739,drop,0,,,
hirundo_rustica,361221,Hirundo rustica,/Users/justyna-przy/Projects/ISE/FYP/src/dataset/bird_data/raw/hirundo_rustica/XC361221.mp3,7.0,10.0,-32.900177527180034,-40.0,drop,Scenopoeetes dentirostris,Tooth-billed Bowerbird,0.34058675169944763,0.34058675169944763,drop,0,,,
hirundo_rustica,361221,Hirundo rustica,/Users/justyna-przy/Projects/ISE/FYP/src/dataset/bird_data/raw/hirundo_rustica/XC361221.mp3,13.0,16.0,-36.238018658363046,-40.0,species,Hirundo rustica,Barn Swallow,0.9817684888839722,0.9817684888839722,species,1,rand_species,/Users/justyna-przy/Projects/ISE/FYP/src/dataset/bird_data/clips/species/hirundo_rustica/XC361221__s13000__e16000.wav,
hirundo_rustica,361221,Hirundo rustica,/Users/justyna-przy/Projects/ISE/FYP/src/dataset/bird_data/raw/hirundo_rustica/XC361221.mp3,16.0,19.0,-38.85874350576854,-40.0,species,Hirundo rustica,Barn Swallow,0.9956437349319458,0.9956437349319458,species,1,rand_species,/Users/justyna-przy/Projects/ISE/FYP/src/dataset/bird_data/clips/species/hirundo_rustica/XC361221__s16000__e19000.wav,
hirundo_rustica,541615,Hirundo rustica,/Users/justyna-przy/Projects/ISE/FYP/src/dataset/bird_data/raw/hirundo_rustica/XC541615.mp3,1.0,4.0,-37.61323087250459,-37.96642359308751,drop,Poecile hudsonicus,Boreal Chickadee,0.10376095026731491,0.10376095026731491,drop,0,,,
hirundo_rustica,541615,Hirundo rustica,/Users/justyna-przy/Projects/ISE/FYP/src/dataset/bird_data/raw/hirundo_rustica/XC541615.mp3,4.0,7.0,-29.27858587002254,-37.96642359308751,drop,Turdus merula,Eurasian Blackbird,0.10231658071279526,0.10231658071279526,drop,0,,,
hirundo_rustica,989012,Hirundo rustica,/Users/justyna-przy/Projects/ISE/FYP/src/dataset/bird_data/raw/hirundo_rustica/XC989012.mp3,1.0,4.0,-25.74647139774712,-26.620445957564588,species,Hirundo rustica,Barn Swallow,0.9835457801818848,0.9835457801818848,species,0,,,
hirundo_rustica,989012,Hirundo rustica,/Users/justyna-przy/Projects/ISE/FYP/src/dataset/bird_data/raw/hirundo_rustica/XC989012.mp3,4.0,7.0,-24.32946793950176,-26.620445957564588,species,Hirundo rustica,Barn Swallow,0.9964544773101807,0.9964544773101807,species,1,rand_species,/Users/justyna-przy/Projects/ISE/FYP/src/dataset/bird_data/clips/species/hirundo_rustica/XC989012__s4000__e7000.wav,
hirundo_rustica,989012,Hirundo rustica,/Users/justyna-przy/Projects/ISE/FYP/src/dataset/bird_data/raw/hirundo_rustica/XC989012.mp3,10.0,13.0,-23.37835214853515,-26.620445957564588,species,Hirundo rustica,Barn Swallow,0.9901913404464722,0.9901913404464722,species,0,,,
hirundo_rustica,989012,Hirundo rustica,/Users/justyna-przy/Projects/ISE/FYP/src/dataset/bird_data/raw/hirundo_rustica/XC989012.mp3,13.0,16.0,-21.057525862616654,-26.620445957564588,species,Hirundo rustica,Barn Swallow,0.9865190386772156,0.9865190386772156,species,1,rand_species,/Users/justyna-przy/Projects/ISE/FYP/src/dataset/bird_data/clips/species/hirundo_rustica/XC989012__s13000__e16000.wav,
hirundo_rustica,989012,Hirundo rustica,/Users/justyna-przy/Projects/ISE/FYP/src/dataset/bird_data/raw/hirundo_rustica/XC989012.mp3,19.0,22.0,-26.424082022024816,-26.620445957564588,species,Hirundo rustica,Barn Swallow,0.9876214861869812,0.9876214861869812,species,0,,,
hirundo_rustica,989012,Hirundo rustica,/Users/justyna-przy/Projects/ISE/FYP/src/dataset/bird_data/raw/hirundo_rustica/XC989012.mp3,22.0,25.0,-23.40907527580039,-26.620445957564588,species,Hirundo rustica,Barn Swallow,0.9794193506240845,0.9794193506240845,species,1,rand_species,/Users/justyna-przy/Projects/ISE/FYP/src/dataset/bird_data/clips/species/hirundo_rustica/XC989012__s22000__e25000.wav,
hirundo_rustica,649308,Hirundo rustica,/Users/justyna-przy/Projects/ISE/FYP/src/dataset/bird_data/raw/hirundo_rustica/XC649308.mp3,7.0,10.0,-27.896191580540318,-29.29829238527782,species,Hirundo rustica,Barn Swallow,0.9970031380653381,0.9970031380653381,species,1,rand_species,/Users/justyna-przy/Projects/ISE/FYP/src/dataset/bird_data/clips/species/hirundo_rustica/XC649308__s7000__e10000.wav,
hirundo_rustica,649308,Hirundo rustica,/Users/justyna-przy/Projects/ISE/FYP/src/dataset/bird_data/raw/hirundo_rustica/XC649308.mp3,10.0,13.0,-24.60992511424944,-29.29829238527782,species,Hirundo rustica,Barn Swallow,0.9981679916381836,0.9981679916381836,species,0,,,
hirundo_rustica,649308,Hirundo rustica,/Users/justyna-przy/Projects/ISE/FYP/src/dataset/bird_data/raw/hirundo_rustica/XC649308.mp3,13.0,16.0,-25.424642301083864,-29.29829238527782,species,Hirundo rustica,Barn Swallow,0.9829326868057251,0.9829326868057251,species,1,rand_species,/Users/justyna-przy/Projects/ISE/FYP/src/dataset/bird_data/clips/species/hirundo_rustica/XC649308__s13000__e16000.wav,
hirundo_rustica,649308,Hirundo rustica,/Users/justyna-przy/Projects/ISE/FYP/src/dataset/bird_data/raw/hirundo_rustica/XC649308.mp3,16.0,19.0,-26.53567026846392,-29.29829238527782,species,Hirundo rustica,Barn Swallow,0.9962157607078552,0.9962157607078552,species,1,rand_species,/Users/justyna-przy/Projects/ISE/FYP/src/dataset/bird_data/clips/species/hirundo_rustica/XC649308__s16000__e19000.wav,
hirundo_rustica,649308,Hirundo rustica,/Users/justyna-przy/Projects/ISE/FYP/src/dataset/bird_data/raw/hirundo_rustica/XC649308.mp3,19.0,22.0,-22.697551868597728,-29.29829238527782,species,Hirundo rustica,Barn Swallow,0.9844569563865662,0.9844569563865662,species,0,,,
hirundo_rustica,26593,Hirundo rustica,/Users/justyna-przy/Projects/ISE/FYP/src/dataset/bird_data/raw/hirundo_rustica/XC26593.mp3,1.0,4.0,-29.51663973223614,-31.549256478227207,drop,Dendrocopos leucotos,White-backed Woodpecker,0.21440812945365906,0.21440812945365906,drop,0,,,
hirundo_rustica,662225,Hirundo rustica,/Users/justyna-przy/Projects/ISE/FYP/src/dataset/bird_data/raw/hirundo_rustica/XC662225.mp3,1.0,4.0,-33.6558949653424,-36.94566385496695,species,Hirundo rustica,Barn Swallow,0.4964359700679779,0.4964359700679779,species,0,,,
hirundo_rustica,662225,Hirundo rustica,/Users/justyna-przy/Projects/ISE/FYP/src/dataset/bird_data/raw/hirundo_rustica/XC662225.mp3,4.0,7.0,-35.3685664238276,-36.94566385496695,species,Hirundo rustica,Barn Swallow,0.9922376275062561,0.9922376275062561,species,0,,,
hirundo_rustica,662225,Hirundo rustica,/Users/justyna-przy/Projects/ISE/FYP/src/dataset/bird_data/raw/hirundo_rustica/XC662225.mp3,7.0,10.0,-32.27980363307457,-36.94566385496695,species,Hirundo rustica,Barn Swallow,0.9860662817955017,0.9860662817955017,species,1,rand_species,/Users/justyna-przy/Projects/ISE/FYP/src/dataset/bird_data/clips/species/hirundo_rustica/XC662225__s7000__e10000.wav,
hirundo_rustica,662225,Hirundo rustica,/Users/justyna-przy/Projects/ISE/FYP/src/dataset/bird_data/raw/hirundo_rustica/XC662225.mp3,10.0,13.0,-28.566923831784486,-36.94566385496695,species,Hirundo rustica,Barn Swallow,0.9627315998077393,0.9627315998077393,species,1,rand_species,/Users/justyna-przy/Projects/ISE/FYP/src/dataset/bird_data/clips/species/hirundo_rustica/XC662225__s10000__e13000.wav,
hirundo_rustica,662225,Hirundo rustica,/Users/justyna-przy/Projects/ISE/FYP/src/dataset/bird_data/raw/hirundo_rustica/XC662225.mp3,13.0,16.0,-33.253962782509426,-36.94566385496695,species,Hirundo rustica,Barn Swallow,0.9206321835517883,0.9206321835517883,species,1,rand_species,/Users/justyna-przy/Projects/ISE/FYP/src/dataset/bird_data/clips/species/hirundo_rustica/XC662225__s13000__e16000.wav,
hirundo_rustica,662225,Hirundo rustica,/Users/justyna-przy/Projects/ISE/FYP/src/dataset/bird_data/raw/hirundo_rustica/XC662225.mp3,25.0,28.0,-36.87640075330082,-36.94566385496695,species,Hirundo rustica,Barn Swallow,0.6581182479858398,0.6581182479858398,species,0,,,
hirundo_rustica,271037,Hirundo rustica,/Users/justyna-przy/Projects/ISE/FYP/src/dataset/bird_data/raw/hirundo_rustica/XC271037.mp3,1.0,4.0,-28.124077894086945,-36.32761964448324,drop,Pyrrhocorax pyrrhocorax,Red-billed Chough,0.9996155500411987,0.9996155500411987,drop,0,,,
hirundo_rustica,271037,Hirundo rustica,/Users/justyna-przy/Projects/ISE/FYP/src/dataset/bird_data/raw/hirundo_rustica/XC271037.mp3,7.0,10.0,-35.30232117928521,-36.32761964448324,drop,Lophophanes dichrous,Gray-crested Tit,0.3121369779109955,0.3121369779109955,drop,0,,,
hirundo_rustica,271037,Hirundo rustica,/Users/justyna-przy/Projects/ISE/FYP/src/dataset/bird_data/raw/hirundo_rustica/XC271037.mp3,13.0,16.0,-36.17058557786773,-36.32761964448324,species,Hirundo rustica,Barn Swallow,0.3980181813240051,0.3980181813240051,species,1,rand_species,/Users/justyna-przy/Projects/ISE/FYP/src/dataset/bird_data/clips/species/hirundo_rustica/XC271037__s13000__e16000.wav,
hirundo_rustica,758141,Hirundo rustica,/Users/justyna-przy/Projects/ISE/FYP/src/dataset/bird_data/raw/hirundo_rustica/XC758141.mp3,9.0,12.0,-49.67661860265729,-40.0,species,Hirundo rustica,Barn Swallow,0.9654456973075867,0.9654456973075867,species,1,rand_species,/Users/justyna-przy/Projects/ISE/FYP/src/dataset/bird_data/clips/species/hirundo_rustica/XC758141__s9000__e12000.wav,
hirundo_rustica,361220,Hirundo rustica,/Users/justyna-przy/Projects/ISE/FYP/src/dataset/bird_data/raw/hirundo_rustica/XC361220.mp3,4.0,7.0,-30.058710958923097,-31.757965268141803,species,Hirundo rustica,Barn Swallow,0.3872283101081848,0.3872283101081848,species,1,rand_species,/Users/justyna-przy/Projects/ISE/FYP/src/dataset/bird_data/clips/species/hirundo_rustica/XC361220__s4000__e7000.wav,
hirundo_rustica,361220,Hirundo rustica,/Users/justyna-przy/Projects/ISE/FYP/src/dataset/bird_data/raw/hirundo_rustica/XC361220.mp3,7.0,10.0,-28.06811828497155,-31.757965268141803,species,Hirundo rustica,Barn Swallow,0.9988566637039185,0.9988566637039185,species,1,rand_species,/Users/justyna-przy/Projects/ISE/FYP/src/dataset/bird_data/clips/species/hirundo_rustica/XC361220__s7000__e10000.wav,
hirundo_rustica,361220,Hirundo rustica,/Users/justyna-przy/Projects/ISE/FYP/src/dataset/bird_data/raw/hirundo_rustica/XC361220.mp3,10.0,13.0,-29.199916413250413,-31.757965268141803,species,Hirundo rustica,Barn Swallow,0.9888900518417358,0.9888900518417358,species,1,rand_species,/Users/justyna-przy/Projects/ISE/FYP/src/dataset/bird_data/clips/species/hirundo_rustica/XC361220__s10000__e13000.wav,
hirundo_rustica,461126,Hirundo rustica,/Users/justyna-przy/Projects/ISE/FYP/src/dataset/bird_data/raw/hirundo_rustica/XC461126.mp3,1.0,4.0,-51.5747520252646,-40.0,drop,Hirundo rustica,Barn Swallow,0.27266162633895874,0.27266162633895874,drop,0,,,
hirundo_rustica,989010,Hirundo rustica,/Users/justyna-przy/Projects/ISE/FYP/src/dataset/bird_data/raw/hirundo_rustica/XC989010.mp3,1.0,4.0,-24.328879905826447,-27.69325902043373,species,Hirundo rustica,Barn Swallow,0.9946492314338684,0.9946492314338684,species,1,rand_species,/Users/justyna-przy/Projects/ISE/FYP/src/dataset/bird_data/clips/species/hirundo_rustica/XC989010__s1000__e4000.wav,
hirundo_rustica,989010,Hirundo rustica,/Users/justyna-przy/Projects/ISE/FYP/src/dataset/bird_data/raw/hirundo_rustica/XC989010.mp3,7.0,10.0,-24.302640583260274,-27.69325902043373,species,Hirundo rustica,Barn Swallow,0.9871412515640259,0.9871412515640259,species,1,rand_species,/Users/justyna-przy/Projects/ISE/FYP/src/dataset/bird_data/clips/species/hirundo_rustica/XC989010__s7000__e10000.wav,
hirundo_rustica,989010,Hirundo rustica,/Users/justyna-przy/Projects/ISE/FYP/src/dataset/bird_data/raw/hirundo_rustica/XC989010.mp3,10.0,13.0,-26.421040049226768,-27.69325902043373,species,Hirundo rustica,Barn Swallow,0.9844239354133606,0.9844239354133606,species,1,rand_species,/Users/justyna-przy/Projects/ISE/FYP/src/dataset/bird_data/clips/species/hirundo_rustica/XC989010__s10000__e13000.wav,
hirundo_rustica,989010,Hirundo rustica,/Users/justyna-przy/Projects/ISE/FYP/src/dataset/bird_data/raw/hirundo_rustica/XC989010.mp3,13.0,16.0,-27.294466361895417,-27.69325902043373,species,Hirundo rustica,Barn Swallow,0.9970146417617798,0.9970146417617798,species,0,,,
hirundo_rustica,648527,Hirundo rustica,/Users/justyna-przy/Projects/ISE/FYP/src/dataset/bird_data/raw/hirundo_rustica/XC648527.mp3,4.0,7.0,-33.54433183959332,-40.0,species,Hirundo rustica,Barn Swallow,0.888369619846344,0.888369619846344,species,1,rand_species,/Users/justyna-przy/Projects/ISE/FYP/src/dataset/bird_data/clips/species/hirundo_rustica/XC648527__s4000__e7000.wav,
hirundo_rustica,648527,Hirundo rustica,/Users/justyna-przy/Projects/ISE/FYP/src/dataset/bird_data/raw/hirundo_rustica/XC648527.mp3,7.0,10.0,-27.51906900104459,-40.0,species,Hirundo rustica,Barn Swallow,0.9740013480186462,0.9740013480186462,species,1,rand_species,/Users/justyna-przy/Projects/ISE/FYP/src/dataset/bird_data/clips/species/hirundo_rustica/XC648527__s7000__e10000.wav,
hirundo_rustica,648527,Hirundo rustica,/Users/justyna-przy/Projects/ISE/FYP/src/dataset/bird_data/raw/hirundo_rustica/XC648527.mp3,10.0,13.0,-39.788592133284986,-40.0,drop,Turdus viscivorus,Mistle Thrush,0.1220211461186409,0.1220211461186409,drop,0,,,
hirundo_rustica,807259,Hirundo rustica,/Users/justyna-przy/Projects/ISE/FYP/src/dataset/bird_data/raw/hirundo_rustica/XC807259.mp3,1.0,4.0,-38.956411342141884,-40.0,species,Hirundo rustica,Barn Swallow,0.9984654188156128,0.9984654188156128,species,1,rand_species,/Users/justyna-przy/Projects/ISE/FYP/src/dataset/bird_data/clips/species/hirundo_rustica/XC807259__s1000__e4000.wav,
hirundo_rustica,807259,Hirundo rustica,/Users/justyna-przy/Projects/ISE/FYP/src/dataset/bird_data/raw/hirundo_rustica/XC807259.mp3,4.0,7.0,-36.74833189666361,-40.0,species,Hirundo rustica,Barn Swallow,0.9990609288215637,0.9990609288215637,species,1,rand_species,/Users/justyna-przy/Projects/ISE/FYP/src/dataset/bird_data/clips/species/hirundo_rustica/XC807259__s4000__e7000.wav,
hirundo_rustica,807259,Hirundo rustica,/Users/justyna-przy/Projects/ISE/FYP/src/dataset/bird_data/raw/hirundo_rustica/XC807259.mp3,7.0,10.0,-36.10711639307338,-40.0,species,Hirundo rustica,Barn Swallow,0.9911780953407288,0.9911780953407288,species,0,,,
hirundo_rustica,807259,Hirundo rustica,/Users/justyna-przy/Projects/ISE/FYP/src/dataset/bird_data/raw/hirundo_rustica/XC807259.mp3,13.0,16.0,-33.87746878611419,-40.0,species,Hirundo rustica,Barn Swallow,0.9833021759986877,0.9833021759986877,species,0,,,
hirundo_rustica,807259,Hirundo rustica,/Users/justyna-przy/Projects/ISE/FYP/src/dataset/bird_data/raw/hirundo_rustica/XC807259.mp3,16.0,19.0,-37.283065605757585,-40.0,species,Hirundo rustica,Barn Swallow,0.9932825565338135,0.9932825565338135,species,0,,,
hirundo_rustica,807259,Hirundo rustica,/Users/justyna-przy/Projects/ISE/FYP/src/dataset/bird_data/raw/hirundo_rustica/XC807259.mp3,19.0,22.0,-34.32103572864158,-40.0,species,Hirundo rustica,Barn Swallow,0.9929303526878357,0.9929303526878357,species,1,rand_species,/Users/justyna-przy/Projects/ISE/FYP/src/dataset/bird_data/clips/species/hirundo_rustica/XC807259__s19000__e22000.wav,
hirundo_rustica,618216,Hirundo rustica,/Users/justyna-przy/Projects/ISE/FYP/src/dataset/bird_data/raw/hirundo_rustica/XC618216.mp3,4.0,7.0,-37.99013494805586,-40.0,species,Hirundo rustica,Barn Swallow,0.4469181001186371,0.4469181001186371,species,1,rand_species,/Users/justyna-przy/Projects/ISE/FYP/src/dataset/bird_data/clips/species/hirundo_rustica/XC618216__s4000__e7000.wav,
hirundo_rustica,267929,Hirundo rustica,/Users/justyna-przy/Projects/ISE/FYP/src/dataset/bird_data/raw/hirundo_rustica/XC267929.mp3,4.0,7.0,-32.73281651045766,-40.0,species,Hirundo rustica,Barn Swallow,0.9610294699668884,0.9610294699668884,species,1,rand_species,/Users/justyna-przy/Projects/ISE/FYP/src/dataset/bird_data/clips/species/hirundo_rustica/XC267929__s4000__e7000.wav,
hirundo_rustica,267929,Hirundo rustica,/Users/justyna-przy/Projects/ISE/FYP/src/dataset/bird_data/raw/hirundo_rustica/XC267929.mp3,7.0,10.0,-30.642943872158884,-40.0,species,Hirundo rustica,Barn Swallow,0.9809023141860962,0.9809023141860962,species,0,,,
hirundo_rustica,267929,Hirundo rustica,/Users/justyna-przy/Projects/ISE/FYP/src/dataset/bird_data/raw/hirundo_rustica/XC267929.mp3,10.0,13.0,-39.58700888954708,-40.0,species,Hirundo rustica,Barn Swallow,0.5915068984031677,0.5915068984031677,species,1,rand_species,/Users/justyna-przy/Projects/ISE/FYP/src/dataset/bird_data/clips/species/hirundo_rustica/XC267929__s10000__e13000.wav,
hirundo_rustica,267929,Hirundo rustica,/Users/justyna-przy/Projects/ISE/FYP/src/dataset/bird_data/raw/hirundo_rustica/XC267929.mp3,22.0,25.0,-38.19403907475192,-40.0,species,Hirundo rustica,Barn Swallow,0.8888900876045227,0.8888900876045227,species,1,rand_species,/Users/justyna-przy/Projects/ISE/FYP/src/dataset/bird_data/clips/species/hirundo_rustica/XC267929__s22000__e25000.wav,
hirundo_rustica,707136,Hirundo rustica,/Users/justyna-przy/Projects/ISE/FYP/src/dataset/bird_data/raw/hirundo_rustica/XC707136.mp3,1.0,4.0,-50.86415435954733,-40.0,species,Hirundo rustica,Barn Swallow,0.8576104640960693,0.8576104640960693,species,1,rand_species,/Users/justyna-przy/Projects/ISE/FYP/src/dataset/bird_data/clips/species/hirundo_rustica/XC707136__s1000__e4000.wav,
hirundo_rustica,361219,Hirundo rustica,/Users/justyna-przy/Projects/ISE/FYP/src/dataset/bird_data/raw/hirundo_rustica/XC361219.mp3,4.0,7.0,-32.08460740544182,-40.0,species,Hirundo rustica,Barn Swallow,0.45066508650779724,0.45066508650779724,species,1,rand_species,/Users/justyna-przy/Projects/ISE/FYP/src/dataset/bird_data/clips/species/hirundo_rustica/XC361219__s4000__e7000.wav,
hirundo_rustica,361219,Hirundo rustica,/Users/justyna-przy/Projects/ISE/FYP/src/dataset/bird_data/raw/hirundo_rustica/XC361219.mp3,7.0,10.0,-33.880041954692125,-40.0,species,Hirundo rustica,Barn Swallow,0.915485143661499,0.915485143661499,species,1,rand_species,/Users/justyna-przy/Projects/ISE/FYP/src/dataset/bird_data/clips/species/hirundo_rustica/XC361219__s7000__e10000.wav,
hirundo_rustica,381731,Hirundo rustica,/Users/justyna-przy/Projects/ISE/FYP/src/dataset/bird_data/raw/hirundo_rustica/XC381731.mp3,4.0,7.0,-29.394691727191173,-29.92284514064773,species,Hirundo rustica,Barn Swallow,0.9176813960075378,0.9176813960075378,species,1,rand_species,/Users/justyna-przy/Projects/ISE/FYP/src/dataset/bird_data/clips/species/hirundo_rustica/XC381731__s4000__e7000.wav,
hirundo_rustica,381731,Hirundo rustica,/Users/justyna-przy/Projects/ISE/FYP/src/dataset/bird_data/raw/hirundo_rustica/XC381731.mp3,7.0,10.0,-26.61511947542244,-29.92284514064773,species,Hirundo rustica,Barn Swallow,0.9900590777397156,0.9900590777397156,species,1,rand_species,/Users/justyna-przy/Projects/ISE/FYP/src/dataset/bird_data/clips/species/hirundo_rustica/XC381731__s7000__e10000.wav,
hirundo_rustica,381731,Hirundo rustica,/Users/justyna-przy/Projects/ISE/FYP/src/dataset/bird_data/raw/hirundo_rustica/XC381731.mp3,10.0,13.0,-25.827057421405346,-29.92284514064773,species,Hirundo rustica,Barn Swallow,0.98700350522995,0.98700350522995,species,1,rand_species,/Users/justyna-przy/Projects/ISE/FYP/src/dataset/bird_data/clips/species/hirundo_rustica/XC381731__s10000__e13000.wav,
hirundo_rustica,989008,Hirundo rustica,/Users/justyna-przy/Projects/ISE/FYP/src/dataset/bird_data/raw/hirundo_rustica/XC989008.mp3,1.0,4.0,-22.168282251757493,-26.180730491643928,species,Hirundo rustica,Barn Swallow,0.9971516728401184,0.9971516728401184,species,1,rand_species,/Users/justyna-przy/Projects/ISE/FYP/src/dataset/bird_data/clips/species/hirundo_rustica/XC989008__s1000__e4000.wav,
hirundo_rustica,603606,Hirundo rustica,/Users/justyna-przy/Projects/ISE/FYP/src/dataset/bird_data/raw/hirundo_rustica/XC603606.mp3,4.0,7.0,-41.22210643089579,-40.0,species,Hirundo rustica,Barn Swallow,0.9679373502731323,0.9679373502731323,species,1,rand_species,/Users/justyna-przy/Projects/ISE/FYP/src/dataset/bird_data/clips/species/hirundo_rustica/XC603606__s4000__e7000.wav,
hirundo_rustica,769695,Hirundo rustica,/Users/justyna-przy/Projects/ISE/FYP/src/dataset/bird_data/raw/hirundo_rustica/XC769695.mp3,4.0,7.0,-32.24587366331222,-40.0,species,Hirundo rustica,Barn Swallow,0.978444516658783,0.978444516658783,species,1,rand_species,/Users/justyna-przy/Projects/ISE/FYP/src/dataset/bird_data/clips/species/hirundo_rustica/XC769695__s4000__e7000.wav,
hirundo_rustica,769695,Hirundo rustica,/Users/justyna-przy/Projects/ISE/FYP/src/dataset/bird_data/raw/hirundo_rustica/XC769695.mp3,7.0,10.0,-30.937178914377405,-40.0,species,Hirundo rustica,Barn Swallow,0.99801105260849,0.99801105260849,species,1,rand_species,/Users/justyna-przy/Projects/ISE/FYP/src/dataset/bird_data/clips/species/hirundo_rustica/XC769695__s7000__e10000.wav,
hirundo_rustica,769695,Hirundo rustica,/Users/justyna-przy/Projects/ISE/FYP/src/dataset/bird_data/raw/hirundo_rustica/XC769695.mp3,13.0,16.0,-31.520736280057427,-40.0,non_bird,,,0.0,0.0,non_bird,1,nonbird_lowconf,/Users/justyna-przy/Projects/ISE/FYP/src/dataset/bird_data/clips/non_bird/hirundo_rustica/XC769695__s13000__e16000.wav,
hirundo_rustica,769695,Hirundo rustica,/Users/justyna-przy/Projects/ISE/FYP/src/dataset/bird_data/raw/hirundo_rustica/XC769695.mp3,16.0,19.0,-31.63214705892948,-40.0,species,Hirundo rustica,Barn Swallow,0.99574214220047,0.99574214220047,species,1,rand_species,/Users/justyna-przy/Projects/ISE/FYP/src/dataset/bird_data/clips/species/hirundo_rustica/XC769695__s16000__e19000.wav,
hirundo_rustica,618214,Hirundo rustica,/Users/justyna-przy/Projects/ISE/FYP/src/dataset/bird_data/raw/hirundo_rustica/XC618214.mp3,1.0,4.0,-46.454529540828204,-40.0,species,Hirundo rustica,Barn Swallow,0.9271711707115173,0.9271711707115173,species,1,rand_species,/Users/justyna-przy/Projects/ISE/FYP/src/dataset/bird_data/clips/species/hirundo_rustica/XC618214__s1000__e4000.wav,
hirundo_rustica,247566,Hirundo rustica,/Users/justyna-przy/Projects/ISE/FYP/src/dataset/bird_data/raw/hirundo_rustica/XC247566.mp3,4.0,7.0,-37.98495049522599,-40.0,non_bird,,,0.0,0.0,non_bird,1,nonbird_lowconf,/Users/justyna-przy/Projects/ISE/FYP/src/dataset/bird_data/clips/non_bird/hirundo_rustica/XC247566__s4000__e7000.wav,
hirundo_rustica,677844,Hirundo rustica,/Users/justyna-przy/Projects/ISE/FYP/src/dataset/bird_data/raw/hirundo_rustica/XC677844.mp3,1.0,4.0,-23.72208605545678,-27.32612764551254,species,Hirundo rustica,Barn Swallow,0.7879243493080139,0.7879243493080139,species,1,rand_species,/Users/justyna-przy/Projects/ISE/FYP/src/dataset/bird_data/clips/species/hirundo_rustica/XC677844__s1000__e4000.wav,
hirundo_rustica,677844,Hirundo rustica,/Users/justyna-przy/Projects/ISE/FYP/src/dataset/bird_data/raw/hirundo_rustica/XC677844.mp3,4.0,7.0,-22.764667091926256,-27.32612764551254,drop,Cincloramphus timoriensis,Tawny Grassbird,0.23015564680099487,0.23015564680099487,drop,0,,,
hirundo_rustica,361218,Hirundo rustica,/Users/justyna-przy/Projects/ISE/FYP/src/dataset/bird_data/raw/hirundo_rustica/XC361218.mp3,1.0,4.0,-32.61409712638446,-34.835935654563876,species,Hirundo rustica,Barn Swallow,0.9864825010299683,0.9864825010299683,species,1,rand_species,/Users/justyna-przy/Projects/ISE/FYP/src/dataset/bird_data/clips/species/hirundo_rustica/XC361218__s1000__e4000.wav,
hirundo_rustica,361218,Hirundo rustica,/Users/justyna-przy/Projects/ISE/FYP/src/dataset/bird_data/raw/hirundo_rustica/XC361218.mp3,4.0,7.0,-33.664152331802,-34.835935654563876,species,Hirundo rustica,Barn Swallow,0.6962985396385193,0.6962985396385193,species,1,rand_species,/Users/justyna-przy/Projects/ISE/FYP/src/dataset/bird_data/clips/species/hirundo_rustica/XC361218__s4000__e7000.wav,
hirundo_rustica,361218,Hirundo rustica,/Users/justyna-przy/Projects/ISE/FYP/src/dataset/bird_data/raw/hirundo_rustica/XC361218.mp3,10.0,13.0,-30.619492427556622,-34.835935654563876,species,Hirundo rustica,Barn Swallow,0.5604321956634521,0.5604321956634521,species,1,rand_species,/Users/justyna-przy/Projects/ISE/FYP/src/dataset/bird_data/clips/species/hirundo_rustica/XC361218__s10000__e13000.wav,
hirundo_rustica,381729,Hirundo rustica,/Users/justyna-przy/Projects/ISE/FYP/src/dataset/bird_data/raw/hirundo_rustica/XC381729.mp3,4.0,7.0,-25.223688545057094,-32.33124964884412,species,Hirundo rustica,Barn Swallow,0.9845219254493713,0.9845219254493713,species,1,rand_species,/Users/justyna-przy/Projects/ISE/FYP/src/dataset/bird_data/clips/species/hirundo_rustica/XC381729__s4000__e7000.wav,
hirundo_rustica,381729,Hirundo rustica,/Users/justyna-przy/Projects/ISE/FYP/src/dataset/bird_data/raw/hirundo_rustica/XC381729.mp3,7.0,10.0,-30.11345081199987,-32.33124964884412,species,Hirundo rustica,Barn Swallow,0.9557015299797058,0.9557015299797058,species,1,rand_species,/Users/justyna-przy/Projects/ISE/FYP/src/dataset/bird_data/clips/species/hirundo_rustica/XC381729__s7000__e10000.wav,
hirundo_rustica,381729,Hirundo rustica,/Users/justyna-przy/Projects/ISE/FYP/src/dataset/bird_data/raw/hirundo_rustica/XC381729.mp3,10.0,13.0,-30.05822061062727,-32.33124964884412,species,Hirundo rustica,Barn Swallow,0.9477077722549438,0.9477077722549438,species,0,,,
hirundo_rustica,381729,Hirundo rustica,/Users/justyna-przy/Projects/ISE/FYP/src/dataset/bird_data/raw/hirundo_rustica/XC381729.mp3,13.0,16.0,-24.50120650935893,-32.33124964884412,species,Hirundo rustica,Barn Swallow,0.9438343644142151,0.9438343644142151,species,1,rand_species,/Users/justyna-przy/Projects/ISE/FYP/src/dataset/bird_data/clips/species/hirundo_rustica/XC381729__s13000__e16000.wav,
hirundo_rustica,903342,Hirundo rustica,/Users/justyna-przy/Projects/ISE/FYP/src/dataset/bird_data/raw/hirundo_rustica/XC903342.mp3,4.0,7.0,-41.77106784599338,-40.0,species,Hirundo rustica,Barn Swallow,0.5522152781486511,0.5522152781486511,species,1,rand_species,/Users/justyna-przy/Projects/ISE/FYP/src/dataset/bird_data/clips/species/hirundo_rustica/XC903342__s4000__e7000.wav,
hirundo_rustica,472363,Hirundo rustica,/Users/justyna-przy/Projects/ISE/FYP/src/dataset/bird_data/raw/hirundo_rustica/XC472363.mp3,1.0,4.0,-50.75042770847688,-40.0,non_bird,,,0.0,0.0,non_bird,1,nonbird_lowconf,/Users/justyna-przy/Projects/ISE/FYP/src/dataset/bird_data/clips/non_bird/hirundo_rustica/XC472363__s1000__e4000.wav,
hirundo_rustica,704111,Hirundo rustica,/Users/justyna-przy/Projects/ISE/FYP/src/dataset/bird_data/raw/hirundo_rustica/XC704111.mp3,14.0,17.0,-28.90284592097855,-31.317774867880516,species,Hirundo rustica,Barn Swallow,0.7179315686225891,0.7179315686225891,species,1,rand_species,/Users/justyna-przy/Projects/ISE/FYP/src/dataset/bird_data/clips/species/hirundo_rustica/XC704111__s14000__e17000.wav,
hirundo_rustica,704111,Hirundo rustica,/Users/justyna-przy/Projects/ISE/FYP/src/dataset/bird_data/raw/hirundo_rustica/XC704111.mp3,17.0,20.0,-29.98853143647061,-31.317774867880516,species,Hirundo rustica,Barn Swallow,0.7705325484275818,0.7705325484275818,species,1,rand_species,/Users/justyna-przy/Projects/ISE/FYP/src/dataset/bird_data/clips/species/hirundo_rustica/XC704111__s17000__e20000.wav,
hirundo_rustica,704111,Hirundo rustica,/Users/justyna-przy/Projects/ISE/FYP/src/dataset/bird_data/raw/hirundo_rustica/XC704111.mp3,20.0,23.0,-27.648806462936854,-31.317774867880516,species,Hirundo rustica,Barn Swallow,0.3460831344127655,0.3460831344127655,species,0,,,
hirundo_rustica,704111,Hirundo rustica,/Users/justyna-przy/Projects/ISE/FYP/src/dataset/bird_data/raw/hirundo_rustica/XC704111.mp3,23.0,26.0,-31.116621932345065,-31.317774867880516,species,Hirundo rustica,Barn Swallow,0.6414992213249207,0.6414992213249207,species,0,,,
hirundo_rustica,704111,Hirundo rustica,/Users/justyna-przy/Projects/ISE/FYP/src/dataset/bird_data/raw/hirundo_rustica/XC704111.mp3,26.0,29.0,-27.716640366837236,-31.317774867880516,species,Hirundo rustica,Barn Swallow,0.7572435140609741,0.7572435140609741,species,0,,,
hirundo_rustica,704111,Hirundo rustica,/Users/justyna-przy/Projects/ISE/FYP/src/dataset/bird_data/raw/hirundo_rustica/XC704111.mp3,32.0,35.0,-28.56691515576731,-31.317774867880516,species,Hirundo rustica,Barn Swallow,0.43150800466537476,0.43150800466537476,species,1,rand_species,/Users/justyna-przy/Projects/ISE/FYP/src/dataset/bird_data/clips/species/hirundo_rustica/XC704111__s32000__e35000.wav,
hirundo_rustica,582362,Hirundo rustica,/Users/justyna-przy/Projects/ISE/FYP/src/dataset/bird_data/raw/hirundo_rustica/XC582362.mp3,4.0,7.0,-45.366374130703704,-40.0,species,Hirundo rustica,Barn Swallow,0.7854494452476501,0.7854494452476501,species,1,rand_species,/Users/justyna-przy/Projects/ISE/FYP/src/dataset/bird_data/clips/species/hirundo_rustica/XC582362__s4000__e7000.wav,
hirundo_rustica,203015,Hirundo rustica,/Users/justyna-przy/Projects/ISE/FYP/src/dataset/bird_data/raw/hirundo_rustica/XC203015.mp3,1.0,4.0,-26.300806013144005,-33.3561950066185,species,Hirundo rustica,Barn Swallow,0.974949300289154,0.974949300289154,species,1,rand_species,/Users/justyna-przy/Projects/ISE/FYP/src/dataset/bird_data/clips/species/hirundo_rustica/XC203015__s1000__e4000.wav,
hirundo_rustica,203015,Hirundo rustica,/Users/justyna-przy/Projects/ISE/FYP/src/dataset/bird_data/raw/hirundo_rustica/XC203015.mp3,4.0,7.0,-29.828232231858202,-33.3561950066185,species,Hirundo rustica,Barn Swallow,0.5584794878959656,0.5584794878959656,species,0,,,
hirundo_rustica,203015,Hirundo rustica,/Users/justyna-przy/Projects/ISE/FYP/src/dataset/bird_data/raw/hirundo_rustica/XC203015.mp3,10.0,13.0,-28.57371113176815,-33.3561950066185,drop,Delichon urbicum,Common House-Martin,0.4219830632209778,0.4219830632209778,drop,0,,,
hirundo_rustica,203015,Hirundo rustica,/Users/justyna-przy/Projects/ISE/FYP/src/dataset/bird_data/raw/hirundo_rustica/XC203015.mp3,13.0,16.0,-30.996397532604178,-33.3561950066185,species,Hirundo rustica,Barn Swallow,0.5482954382896423,0.5482954382896423,species,1,rand_species,/Users/justyna-przy/Projects/ISE/FYP/src/dataset/bird_data/clips/species/hirundo_rustica/XC203015__s13000__e16000.wav,
hirundo_rustica,203015,Hirundo rustica,/Users/justyna-przy/Projects/ISE/FYP/src/dataset/bird_data/raw/hirundo_rustica/XC203015.mp3,22.0,25.0,-32.0725484179226,-33.3561950066185,species,Hirundo rustica,Barn Swallow,0.9592195153236389,0.9592195153236389,species,1,rand_species,/Users/justyna-przy/Projects/ISE/FYP/src/dataset/bird_data/clips/species/hirundo_rustica/XC203015__s22000__e25000.wav,
hirundo_rustica,203015,Hirundo rustica,/Users/justyna-przy/Projects/ISE/FYP/src/dataset/bird_data/raw/hirundo_rustica/XC203015.mp3,25.0,28.0,-29.563019619490042,-33.3561950066185,drop,Delichon urbicum,Common House-Martin,0.8447101712226868,0.8447101712226868,drop,0,,,
hirundo_rustica,677842,Hirundo rustica,/Users/justyna-przy/Projects/ISE/FYP/src/dataset/bird_data/raw/hirundo_rustica/XC677842.mp3,4.0,7.0,-20.15669340476515,-24.101649662517733,species,Hirundo rustica,Barn Swallow,0.8773438930511475,0.8773438930511475,species,0,,,
hirundo_rustica,677842,Hirundo rustica,/Users/justyna-przy/Projects/ISE/FYP/src/dataset/bird_data/raw/hirundo_rustica/XC677842.mp3,7.0,10.0,-19.518872410075126,-24.101649662517733,species,Hirundo rustica,Barn Swallow,0.9935247898101807,0.9935247898101807,species,1,rand_species,/Users/justyna-przy/Projects/ISE/FYP/src/dataset/bird_data/clips/species/hirundo_rustica/XC677842__s7000__e10000.wav,
hirundo_rustica,677842,Hirundo rustica,/Users/justyna-przy/Projects/ISE/FYP/src/dataset/bird_data/raw/hirundo_rustica/XC677842.mp3,10.0,13.0,-23.642556921954885,-24.101649662517733,species,Hirundo rustica,Barn Swallow,0.8689709901809692,0.8689709901809692,species,1,rand_species,/Users/justyna-przy/Projects/ISE/FYP/src/dataset/bird_data/clips/species/hirundo_rustica/XC677842__s10000__e13000.wav,
hirundo_rustica,677842,Hirundo rustica,/Users/justyna-przy/Projects/ISE/FYP/src/dataset/bird_data/raw/hirundo_rustica/XC677842.mp3,13.0,16.0,-18.034635067120337,-24.101649662517733,species,Hirundo rustica,Barn Swallow,0.6447462439537048,0.6447462439537048,species,1,rand_species,/Users/justyna-przy/Projects/ISE/FYP/src/dataset/bird_data/clips/species/hirundo_rustica/XC677842__s13000__e16000.wav,
hirundo_rustica,677842,Hirundo rustica,/Users/justyna-przy/Projects/ISE/FYP/src/dataset/bird_data/raw/hirundo_rustica/XC677842.mp3,16.0,19.0,-17.660418354880203,-24.101649662517733,drop,Acrocephalus palustris,Marsh Warbler,0.385219931602478,0.385219931602478,drop,0,,,
hirundo_rustica,361217,Hirundo rustica,/Users/justyna-przy/Projects/ISE/FYP/src/dataset/bird_data/raw/hirundo_rustica/XC361217.mp3,4.0,7.0,-35.38062054892554,-40.0,species,Hirundo rustica,Barn Swallow,0.8279004096984863,0.8279004096984863,species,0,,,
hirundo_rustica,361217,Hirundo rustica,/Users/justyna-przy/Projects/ISE/FYP/src/dataset/bird_data/raw/hirundo_rustica/XC361217.mp3,7.0,10.0,-38.319534984896194,-40.0,species,Hirundo rustica,Barn Swallow,0.9461290240287781,0.9461290240287781,species,1,rand_species,/Users/justyna-przy/Projects/ISE/FYP/src/dataset/bird_data/clips/species/hirundo_rustica/XC361217__s7000__e10000.wav,
hirundo_rustica,361217,Hirundo rustica,/Users/justyna-przy/Projects/ISE/FYP/src/dataset/bird_data/raw/hirundo_rustica/XC361217.mp3,19.0,22.0,-31.990529063042402,-40.0,species,Hirundo rustica,Barn Swallow,0.9996880292892456,0.9996880292892456,species,1,rand_species,/Users/justyna-przy/Projects/ISE/FYP/src/dataset/bird_data/clips/species/hirundo_rustica/XC361217__s19000__e22000.wav,
hirundo_rustica,361217,Hirundo rustica,/Users/justyna-przy/Projects/ISE/FYP/src/dataset/bird_data/raw/hirundo_rustica/XC361217.mp3,22.0,25.0,-28.96727900876148,-40.0,species,Hirundo rustica,Barn Swallow,0.9957481026649475,0.9957481026649475,species,1,rand_species,/Users/justyna-przy/Projects/ISE/FYP/src/dataset/bird_data/clips/species/hirundo_rustica/XC361217__s22000__e25000.wav,
hirundo_rustica,361814,Hirundo rustica,/Users/justyna-przy/Projects/ISE/FYP/src/dataset/bird_data/raw/hirundo_rustica/XC361814.mp3,4.0,7.0,-41.16739339431426,-40.0,drop,Chelidoptera tenebrosa,Swallow-winged Puffbird,0.3753635585308075,0.3753635585308075,drop,0,,,
hirundo_rustica,894585,Hirundo rustica,/Users/justyna-przy/Projects/ISE/FYP/src/dataset/bird_data/raw/hirundo_rustica/XC894585.mp3,1.0,4.0,-22.907836565595495,-29.8897486812476,species,Hirundo rustica,Barn Swallow,0.9772119522094727,0.9772119522094727,species,1,rand_species,/Users/justyna-przy/Projects/ISE/FYP/src/dataset/bird_data/clips/species/hirundo_rustica/XC894585__s1000__e4000.wav,
hirundo_rustica,447363,Hirundo rustica,/Users/justyna-przy/Projects/ISE/FYP/src/dataset/bird_data/raw/hirundo_rustica/XC447363.mp3,1.0,4.0,-36.57512741135632,-40.0,species,Hirundo rustica,Barn Swallow,0.44347742199897766,0.44347742199897766,species,1,rand_species,/Users/justyna-przy/Projects/ISE/FYP/src/dataset/bird_data/clips/species/hirundo_rustica/XC447363__s1000__e4000.wav,
hirundo_rustica,447363,Hirundo rustica,/Users/justyna-przy/Projects/ISE/FYP/src/dataset/bird_data/raw/hirundo_rustica/XC447363.mp3,4.0,7.0,-39.092723610994334,-40.0,species,Hirundo rustica,Barn Swallow,0.9742306470870972,0.9742306470870972,species,1,rand_species,/Users/justyna-przy/Projects/ISE/FYP/src/dataset/bird_data/clips/species/hirundo_rustica/XC447363__s4000__e7000.wav,
hirundo_rustica,447363,Hirundo rustica,/Users/justyna-przy/Projects/ISE/FYP/src/dataset/bird_data/raw/hirundo_rustica/XC447363.mp3,7.0,10.0,-39.54141330561195,-40.0,species,Hirundo rustica,Barn Swallow,0.9076097011566162,0.9076097011566162,species,1,rand_species,/Users/justyna-przy/Projects/ISE/FYP/src/dataset/bird_data/clips/species/hirundo_rustica/XC447363__s7000__e10000.wav,
hirundo_rustica,654464,Hirundo rustica,/Users/justyna-przy/Projects/ISE/FYP/src/dataset/bird_data/raw/hirundo_rustica/XC654464.mp3,16.0,19.0,-35.16686246833311,-40.0,species,Hirundo rustica,Barn Swallow,0.9386299252510071,0.9386299252510071,species,0,,,
hirundo_rustica,654464,Hirundo rustica,/Users/justyna-przy/Projects/ISE/FYP/src/dataset/bird_data/raw/hirundo_rustica/XC654464.mp3,19.0,22.0,-37.32512678316362,-40.0,species,Hirundo rustica,Barn Swallow,0.9032135009765625,0.9032135009765625,species,1,rand_species,/Users/justyna-przy/Projects/ISE/FYP/src/dataset/bird_data/clips/species/hirundo_rustica/XC654464__s19000__e22000.wav,
hirundo_rustica,654464,Hirundo rustica,/Users/justyna-przy/Projects/ISE/FYP/src/dataset/bird_data/raw/hirundo_rustica/XC654464.mp3,34.0,37.0,-34.692557396184064,-40.0,species,Hirundo rustica,Barn Swallow,0.9982715845108032,0.9982715845108032,species,0,,,
hirundo_rustica,654464,Hirundo rustica,/Users/justyna-przy/Projects/ISE/FYP/src/dataset/bird_data/raw/hirundo_rustica/XC654464.mp3,37.0,40.0,-34.53226874506157,-40.0,species,Hirundo rustica,Barn Swallow,0.9988584518432617,0.9988584518432617,species,1,rand_species,/Users/justyna-przy/Projects/ISE/FYP/src/dataset/bird_data/clips/species/hirundo_rustica/XC654464__s37000__e40000.wav,
hirundo_rustica,654464,Hirundo rustica,/Users/justyna-przy/Projects/ISE/FYP/src/dataset/bird_data/raw/hirundo_rustica/XC654464.mp3,40.0,43.0,-33.991353214848566,-40.0,species,Hirundo rustica,Barn Swallow,0.9686905145645142,0.9686905145645142,species,1,rand_species,/Users/justyna-przy/Projects/ISE/FYP/src/dataset/bird_data/clips/species/hirundo_rustica/XC654464__s40000__e43000.wav,
hirundo_rustica,580258,Hirundo rustica,/Users/justyna-przy/Projects/ISE/FYP/src/dataset/bird_data/raw/hirundo_rustica/XC580258.mp3,7.0,10.0,-42.49832774975556,-40.0,species,Hirundo rustica,Barn Swallow,0.8884592056274414,0.8884592056274414,species,1,rand_species,/Users/justyna-przy/Projects/ISE/FYP/src/dataset/bird_data/clips/species/hirundo_rustica/XC580258__s7000__e10000.wav,
hirundo_rustica,195227,Hirundo rustica,/Users/justyna-przy/Projects/ISE/FYP/src/dataset/bird_data/raw/hirundo_rustica/XC195227.mp3,1.0,4.0,-36.35481487259054,-38.54357670471548,species,Hirundo rustica,Barn Swallow,0.9898654818534851,0.9898654818534851,species,0,,,
hirundo_rustica,195227,Hirundo rustica,/Users/justyna-przy/Projects/ISE/FYP/src/dataset/bird_data/raw/hirundo_rustica/XC195227.mp3,4.0,7.0,-36.60196596296377,-38.54357670471548,species,Hirundo rustica,Barn Swallow,0.9992406368255615,0.9992406368255615,species,0,,,
hirundo_rustica,195227,Hirundo rustica,/Users/justyna-przy/Projects/ISE/FYP/src/dataset/bird_data/raw/hirundo_rustica/XC195227.mp3,7.0,10.0,-38.36732160350402,-38.54357670471548,species,Hirundo rustica,Barn Swallow,0.8716379404067993,0.8716379404067993,species,1,rand_species,/Users/justyna-przy/Projects/ISE/FYP/src/dataset/bird_data/clips/species/hirundo_rustica/XC195227__s7000__e10000.wav,
hirundo_rustica,195227,Hirundo rustica,/Users/justyna-przy/Projects/ISE/FYP/src/dataset/bird_data/raw/hirundo_rustica/XC195227.mp3,10.0,13.0,-38.41364789508154,-38.54357670471548,species,Hirundo rustica,Barn Swallow,0.983252763748169,0.983252763748169,species,1,rand_species,/Users/justyna-przy/Projects/ISE/FYP/src/dataset/bird_data/clips/species/hirundo_rustica/XC195227__s10000__e13000.wav,
hirundo_rustica,195227,Hirundo rustica,/Users/justyna-przy/Projects/ISE/FYP/src/dataset/bird_data/raw/hirundo_rustica/XC195227.mp3,13.0,16.0,-35.93614734726911,-38.54357670471548,species,Hirundo rustica,Barn Swallow,0.9454735517501831,0.9454735517501831,species,0,,,
hirundo_rustica,195227,Hirundo rustica,/Users/justyna-przy/Projects/ISE/FYP/src/dataset/bird_data/raw/hirundo_rustica/XC195227.mp3,16.0,19.0,-35.21191934172738,-38.54357670471548,species,Hirundo rustica,Barn Swallow,0.9890488386154175,0.9890488386154175,species,1,rand_species,/Users/justyna-przy/Projects/ISE/FYP/src/dataset/bird_data/clips/species/hirundo_rustica/XC195227__s16000__e19000.wav,
hirundo_rustica,674253,Hirundo rustica,/Users/justyna-przy/Projects/ISE/FYP/src/dataset/bird_data/raw/hirundo_rustica/XC674253.mp3,4.0,7.0,-20.361110549001836,-20.367084773895296,species,Hirundo rustica,Barn Swallow,0.9588466286659241,0.9588466286659241,species,1,rand_species,/Users/justyna-przy/Projects/ISE/FYP/src/dataset/bird_data/clips/species/hirundo_rustica/XC674253__s4000__e7000.wav,
hirundo_rustica,674253,Hirundo rustica,/Users/justyna-przy/Projects/ISE/FYP/src/dataset/bird_data/raw/hirundo_rustica/XC674253.mp3,7.0,10.0,-19.52655376089765,-20.367084773895296,species,Hirundo rustica,Barn Swallow,0.9795347452163696,0.9795347452163696,species,1,rand_species,/Users/justyna-przy/Projects/ISE/FYP/src/dataset/bird_data/clips/species/hirundo_rustica/XC674253__s7000__e10000.wav,
hirundo_rustica,674253,Hirundo rustica,/Users/justyna-przy/Projects/ISE/FYP/src/dataset/bird_data/raw/hirundo_rustica/XC674253.mp3,13.0,16.0,-20.23593756399031,-20.367084773895296,species,Hirundo rustica,Barn Swallow,0.984161376953125,0.984161376953125,species,0,,,
hirundo_rustica,674253,Hirundo rustica,/Users/justyna-przy/Projects/ISE/FYP/src/dataset/bird_data/raw/hirundo_rustica/XC674253.mp3,19.0,22.0,-19.908299868314884,-20.367084773895296,species,Hirundo rustica,Barn Swallow,0.7713411450386047,0.7713411450386047,species,1,rand_species,/Users/justyna-przy/Projects/ISE/FYP/src/dataset/bird_data/clips/species/hirundo_rustica/XC674253__s19000__e22000.wav,
hirundo_rustica,674253,Hirundo rustica,/Users/justyna-przy/Projects/ISE/FYP/src/dataset/bird_data/raw/hirundo_rustica/XC674253.mp3,22.0,25.0,-19.995459355784874,-20.367084773895296,species,Hirundo rustica,Barn Swallow,0.9021816849708557,0.9021816849708557,species,0,,,
hirundo_rustica,674253,Hirundo rustica,/Users/justyna-przy/Projects/ISE/FYP/src/dataset/bird_data/raw/hirundo_rustica/XC674253.mp3,25.0,28.0,-18.148397648538243,-20.367084773895296,species,Hirundo rustica,Barn Swallow,0.9632591605186462,0.9632591605186462,species,0,,,
hirundo_rustica,361216,Hirundo rustica,/Users/justyna-przy/Projects/ISE/FYP/src/dataset/bird_data/raw/hirundo_rustica/XC361216.mp3,1.0,4.0,-32.42490511373952,-40.0,species,Hirundo rustica,Barn Swallow,0.9986955523490906,0.9986955523490906,species,1,rand_species,/Users/justyna-przy/Projects/ISE/FYP/src/dataset/bird_data/clips/species/hirundo_rustica/XC361216__s1000__e4000.wav,
hirundo_rustica,361216,Hirundo rustica,/Users/justyna-przy/Projects/ISE/FYP/src/dataset/bird_data/raw/hirundo_rustica/XC361216.mp3,4.0,7.0,-33.53840320742086,-40.0,species,Hirundo rustica,Barn Swallow,0.9328175187110901,0.9328175187110901,species,1,rand_species,/Users/justyna-przy/Projects/ISE/FYP/src/dataset/bird_data/clips/species/hirundo_rustica/XC361216__s4000__e7000.wav,
hirundo_rustica,361216,Hirundo rustica,/Users/justyna-przy/Projects/ISE/FYP/src/dataset/bird_data/raw/hirundo_rustica/XC361216.mp3,22.0,25.0,-34.72789245553266,-40.0,species,Hirundo rustica,Barn Swallow,0.9906024932861328,0.9906024932861328,species,0,,,
hirundo_rustica,361216,Hirundo rustica,/Users/justyna-przy/Projects/ISE/FYP/src/dataset/bird_data/raw/hirundo_rustica/XC361216.mp3,25.0,28.0,-35.344458073319174,-40.0,species,Hirundo rustica,Barn Swallow,0.891006350517273,0.891006350517273,species,1,rand_species,/Users/justyna-przy/Projects/ISE/FYP/src/dataset/bird_data/clips/species/hirundo_rustica/XC361216__s25000__e28000.wav,
hirundo_rustica,361811,Hirundo rustica,/Users/justyna-przy/Projects/ISE/FYP/src/dataset/bird_data/raw/hirundo_rustica/XC361811.mp3,28.0,31.0,-37.53524684690729,-40.0,non_bird,,,0.0,0.0,non_bird,1,nonbird_lowconf,/Users/justyna-przy/Projects/ISE/FYP/src/dataset/bird_data/clips/non_bird/hirundo_rustica/XC361811__s28000__e31000.wav,
hirundo_rustica,361811,Hirundo rustica,/Users/justyna-przy/Projects/ISE/FYP/src/dataset/bird_data/raw/hirundo_rustica/XC361811.mp3,31.0,34.0,-36.70632848174701,-40.0,drop,Hirundo rustica,Barn Swallow,0.11080766469240189,0.11080766469240189,drop,0,,,
hirundo_rustica,361811,Hirundo rustica,/Users/justyna-przy/Projects/ISE/FYP/src/dataset/bird_data/raw/hirundo_rustica/XC361811.mp3,34.0,37.0,-37.465027607147604,-40.0,non_bird,,,0.0,0.0,non_bird,1,nonbird_lowconf,/Users/justyna-przy/Projects/ISE/FYP/src/dataset/bird_data/clips/non_bird/hirundo_rustica/XC361811__s34000__e37000.wav,
hirundo_rustica,361811,Hirundo rustica,/Users/justyna-przy/Projects/ISE/FYP/src/dataset/bird_data/raw/hirundo_rustica/XC361811.mp3,40.0,43.0,-36.60212460369357,-40.0,drop,Brotogeris cyanoptera,Cobalt-winged Parakeet,0.10890297591686249,0.10890297591686249,drop,0,,,
hirundo_rustica,890358,Hirundo rustica,/Users/justyna-przy/Projects/ISE/FYP/src/dataset/bird_data/raw/hirundo_rustica/XC890358.mp3,,,,,,,,,,drop,0,,,no_windows
hirundo_rustica,994579,Hirundo rustica,/Users/justyna-przy/Projects/ISE/FYP/src/dataset/bird_data/raw/hirundo_rustica/XC994579.mp3,1.0,4.0,-26.283892765065918,-40.0,species,Hirundo rustica,Barn Swallow,0.9106819033622742,0.9106819033622742,species,1,rand_species,/Users/justyna-przy/Projects/ISE/FYP/src/dataset/bird_data/clips/species/hirundo_rustica/XC994579__s1000__e4000.wav,
hirundo_rustica,994579,Hirundo rustica,/Users/justyna-przy/Projects/ISE/FYP/src/dataset/bird_data/raw/hirundo_rustica/XC994579.mp3,4.0,7.0,-32.00486972078304,-40.0,species,Hirundo rustica,Barn Swallow,0.6654838919639587,0.6654838919639587,species,1,rand_species,/Users/justyna-przy/Projects/ISE/FYP/src/dataset/bird_data/clips/species/hirundo_rustica/XC994579__s4000__e7000.wav,
hirundo_rustica,994579,Hirundo rustica,/Users/justyna-przy/Projects/ISE/FYP/src/dataset/bird_data/raw/hirundo_rustica/XC994579.mp3,22.0,25.0,-35.886967963612776,-40.0,species,Hirundo rustica,Barn Swallow,0.9958979487419128,0.9958979487419128,species,1,rand_species,/Users/justyna-przy/Projects/ISE/FYP/src/dataset/bird_data/clips/species/hirundo_rustica/XC994579__s22000__e25000.wav,
hirundo_rustica,481796,Hirundo rustica,/Users/justyna-przy/Projects/ISE/FYP/src/dataset/bird_data/raw/hirundo_rustica/XC481796.mp3,11.0,14.0,-20.05883427221589,-20.819889019403572,drop,Iduna pallida,Eastern Olivaceous Warbler,0.6160406470298767,0.6160406470298767,drop,0,,,
hirundo_rustica,481796,Hirundo rustica,/Users/justyna-przy/Projects/ISE/FYP/src/dataset/bird_data/raw/hirundo_rustica/XC481796.mp3,14.0,17.0,-18.47055388140236,-20.819889019403572,non_bird,,,0.0,0.0,non_bird,1,nonbird_lowconf,/Users/justyna-przy/Projects/ISE/FYP/src/dataset/bird_data/clips/non_bird/hirundo_rustica/XC481796__s14000__e17000.wav,
hirundo_rustica,481796,Hirundo rustica,/Users/justyna-przy/Projects/ISE/FYP/src/dataset/bird_data/raw/hirundo_rustica/XC481796.mp3,23.0,26.0,-20.333805719422287,-20.819889019403572,species,Hirundo rustica,Barn Swallow,0.8554148077964783,0.8554148077964783,species,1,rand_species,/Users/justyna-przy/Projects/ISE/FYP/src/dataset/bird_data/clips/species/hirundo_rustica/XC481796__s23000__e26000.wav,
hirundo_rustica,481796,Hirundo rustica,/Users/justyna-przy/Projects/ISE/FYP/src/dataset/bird_data/raw/hirundo_rustica/XC481796.mp3,26.0,29.0,-19.008696171130996,-20.819889019403572,species,Hirundo rustica,Barn Swallow,0.9326571226119995,0.9326571226119995,species,1,rand_species,/Users/justyna-przy/Projects/ISE/FYP/src/dataset/bird_data/clips/species/hirundo_rustica/XC481796__s26000__e29000.wav,
hirundo_rustica,481796,Hirundo rustica,/Users/justyna-przy/Projects/ISE/FYP/src/dataset/bird_data/raw/hirundo_rustica/XC481796.mp3,29.0,32.0,-20.484986637965168,-20.819889019403572,species,Hirundo rustica,Barn Swallow,0.6520791053771973,0.6520791053771973,species,0,,,
hirundo_rustica,481796,Hirundo rustica,/Users/justyna-przy/Projects/ISE/FYP/src/dataset/bird_data/raw/hirundo_rustica/XC481796.mp3,32.0,35.0,-20.230545675531282,-20.819889019403572,species,Hirundo rustica,Barn Swallow,0.5447007417678833,0.5447007417678833,species,1,rand_species,/Users/justyna-przy/Projects/ISE/FYP/src/dataset/bird_data/clips/species/hirundo_rustica/XC481796__s32000__e35000.wav,
hirundo_rustica,574552,Hirundo rustica,/Users/justyna-przy/Projects/ISE/FYP/src/dataset/bird_data/raw/hirundo_rustica/XC574552.mp3,1.0,4.0,-39.602804780295216,-40.0,species,Hirundo rustica,Barn Swallow,0.9818929433822632,0.9818929433822632,species,1,rand_species,/Users/justyna-przy/Projects/ISE/FYP/src/dataset/bird_data/clips/species/hirundo_rustica/XC574552__s1000__e4000.wav,
hirundo_rustica,574552,Hirundo rustica,/Users/justyna-przy/Projects/ISE/FYP/src/dataset/bird_data/raw/hirundo_rustica/XC574552.mp3,4.0,7.0,-34.24322207818686,-40.0,species,Hirundo rustica,Barn Swallow,0.9794768691062927,0.9794768691062927,species,1,rand_species,/Users/justyna-przy/Projects/ISE/FYP/src/dataset/bird_data/clips/species/hirundo_rustica/XC574552__s4000__e7000.wav,
hirundo_rustica,574552,Hirundo rustica,/Users/justyna-przy/Projects/ISE/FYP/src/dataset/bird_data/raw/hirundo_rustica/XC574552.mp3,10.0,13.0,-34.670276412628624,-40.0,species,Hirundo rustica,Barn Swallow,0.7527132630348206,0.7527132630348206,species,1,rand_species,/Users/justyna-przy/Projects/ISE/FYP/src/dataset/bird_data/clips/species/hirundo_rustica/XC574552__s10000__e13000.wav,
hirundo_rustica,192146,Hirundo rustica,/Users/justyna-przy/Projects/ISE/FYP/src/dataset/bird_data/raw/hirundo_rustica/XC192146.mp3,1.0,4.0,-25.609468078916823,-40.0,species,Hirundo rustica,Barn Swallow,0.8487663865089417,0.8487663865089417,species,1,rand_species,/Users/justyna-przy/Projects/ISE/FYP/src/dataset/bird_data/clips/species/hirundo_rustica/XC192146__s1000__e4000.wav,
hirundo_rustica,192146,Hirundo rustica,/Users/justyna-przy/Projects/ISE/FYP/src/dataset/bird_data/raw/hirundo_rustica/XC192146.mp3,4.0,7.0,-39.62260193720576,-40.0,species,Hirundo rustica,Barn Swallow,0.9977887868881226,0.9977887868881226,species,1,rand_species,/Users/justyna-przy/Projects/ISE/FYP/src/dataset/bird_data/clips/species/hirundo_rustica/XC192146__s4000__e7000.wav,
hirundo_rustica,192146,Hirundo rustica,/Users/justyna-przy/Projects/ISE/FYP/src/dataset/bird_data/raw/hirundo_rustica/XC192146.mp3,7.0,10.0,-38.22581621909866,-40.0,species,Hirundo rustica,Barn Swallow,0.9974863529205322,0.9974863529205322,species,0,,,
hirundo_rustica,192146,Hirundo rustica,/Users/justyna-przy/Projects/ISE/FYP/src/dataset/bird_data/raw/hirundo_rustica/XC192146.mp3,10.0,13.0,-39.94670778669509,-40.0,species,Hirundo rustica,Barn Swallow,0.9850867986679077,0.9850867986679077,species,1,rand_species,/Users/justyna-przy/Projects/ISE/FYP/src/dataset/bird_data/clips/species/hirundo_rustica/XC192146__s10000__e13000.wav,
hirundo_rustica,672876,Hirundo rustica,/Users/justyna-przy/Projects/ISE/FYP/src/dataset/bird_data/raw/hirundo_rustica/XC672876.mp3,1.0,4.0,-33.10794475867795,-37.87500178672915,species,Hirundo rustica,Barn Swallow,0.9727897047996521,0.9727897047996521,species,0,,,
hirundo_rustica,672876,Hirundo rustica,/Users/justyna-przy/Projects/ISE/FYP/src/dataset/bird_data/raw/hirundo_rustica/XC672876.mp3,4.0,7.0,-32.81471469913872,-37.87500178672915,species,Hirundo rustica,Barn Swallow,0.945750892162323,0.945750892162323,species,1,rand_species,/Users/justyna-przy/Projects/ISE/FYP/src/dataset/bird_data/clips/species/hirundo_rustica/XC672876__s4000__e7000.wav,
hirundo_rustica,672876,Hirundo rustica,/Users/justyna-przy/Projects/ISE/FYP/src/dataset/bird_data/raw/hirundo_rustica/XC672876.mp3,7.0,10.0,-34.782133099986645,-37.87500178672915,species,Hirundo rustica,Barn Swallow,0.9871628880500793,0.9871628880500793,species,1,rand_species,/Users/justyna-przy/Projects/ISE/FYP/src/dataset/bird_data/clips/species/hirundo_rustica/XC672876__s7000__e10000.wav,
hirundo_rustica,672876,Hirundo rustica,/Users/justyna-przy/Projects/ISE/FYP/src/dataset/bird_data/raw/hirundo_rustica/XC672876.mp3,10.0,13.0,-29.202813519261717,-37.87500178672915,species,Hirundo rustica,Barn Swallow,0.9928815364837646,0.9928815364837646,species,1,rand_species,/Users/justyna-przy/Projects/ISE/FYP/src/dataset/bird_data/clips/species/hirundo_rustica/XC672876__s10000__e13000.wav,
hirundo_rustica,672876,Hirundo rustica,/Users/justyna-przy/Projects/ISE/FYP/src/dataset/bird_data/raw/hirundo_rustica/XC672876.mp3,13.0,16.0,-34.721726013034015,-37.87500178672915,species,Hirundo rustica,Barn Swallow,0.7812644839286804,0.7812644839286804,species,0,,,
hirundo_rustica,361215,Hirundo rustica,/Users/justyna-przy/Projects/ISE/FYP/src/dataset/bird_data/raw/hirundo_rustica/XC361215.mp3,1.0,4.0,-35.599342294966796,-40.0,non_bird,,,0.0,0.0,non_bird,1,nonbird_lowconf,/Users/justyna-przy/Projects/ISE/FYP/src/dataset/bird_data/clips/non_bird/hirundo_rustica/XC361215__s1000__e4000.wav,
hirundo_rustica,361215,Hirundo rustica,/Users/justyna-przy/Projects/ISE/FYP/src/dataset/bird_data/raw/hirundo_rustica/XC361215.mp3,4.0,7.0,-30.574158094754704,-40.0,species,Hirundo rustica,Barn Swallow,0.9958721995353699,0.9958721995353699,species,1,rand_species,/Users/justyna-przy/Projects/ISE/FYP/src/dataset/bird_data/clips/species/hirundo_rustica/XC361215__s4000__e7000.wav,
hirundo_rustica,361215,Hirundo rustica,/Users/justyna-przy/Projects/ISE/FYP/src/dataset/bird_data/raw/hirundo_rustica/XC361215.mp3,7.0,10.0,-28.388496121001324,-40.0,species,Hirundo rustica,Barn Swallow,0.9987316727638245,0.9987316727638245,species,1,rand_species,/Users/justyna-przy/Projects/ISE/FYP/src/dataset/bird_data/clips/species/hirundo_rustica/XC361215__s7000__e10000.wav,
hirundo_rustica,361810,Hirundo rustica,/Users/justyna-przy/Projects/ISE/FYP/src/dataset/bird_data/raw/hirundo_rustica/XC361810.mp3,1.0,4.0,-39.71106041908015,-40.0,non_bird,,,0.0,0.0,non_bird,1,nonbird_lowconf,/Users/justyna-przy/Projects/ISE/FYP/src/dataset/bird_data/clips/non_bird/hirundo_rustica/XC361810__s1000__e4000.wav,
hirundo_rustica,361810,Hirundo rustica,/Users/justyna-przy/Projects/ISE/FYP/src/dataset/bird_data/raw/hirundo_rustica/XC361810.mp3,4.0,7.0,-39.878607485962846,-40.0,drop,Hirundo rustica,Barn Swallow,0.12572723627090454,0.12572723627090454,drop,0,,,
hirundo_rustica,361810,Hirundo rustica,/Users/justyna-przy/Projects/ISE/FYP/src/dataset/bird_data/raw/hirundo_rustica/XC361810.mp3,7.0,10.0,-26.76495918199466,-40.0,species,Hirundo rustica,Barn Swallow,0.9620009660720825,0.9620009660720825,species,1,rand_species,/Users/justyna-przy/Projects/ISE/FYP/src/dataset/bird_data/clips/species/hirundo_rustica/XC361810__s7000__e10000.wav,
hirundo_rustica,361810,Hirundo rustica,/Users/justyna-przy/Projects/ISE/FYP/src/dataset/bird_data/raw/hirundo_rustica/XC361810.mp3,10.0,13.0,-38.96816672248407,-40.0,drop,Hirundo rustica,Barn Swallow,0.17569312453269958,0.17569312453269958,drop,0,,,
hirundo_rustica,890355,Hirundo rustica,/Users/justyna-przy/Projects/ISE/FYP/src/dataset/bird_data/raw/hirundo_rustica/XC890355.mp3,4.0,7.0,-28.748162732823385,-29.72262236278583,species,Hirundo rustica,Barn Swallow,0.9656267166137695,0.9656267166137695,species,1,rand_species,/Users/justyna-przy/Projects/ISE/FYP/src/dataset/bird_data/clips/species/hirundo_rustica/XC890355__s4000__e7000.wav,
hirundo_rustica,994575,Hirundo rustica,/Users/justyna-przy/Projects/ISE/FYP/src/dataset/bird_data/raw/hirundo_rustica/XC994575.mp3,1.0,4.0,-28.825900527202183,-28.825900527202183,species,Hirundo rustica,Barn Swallow,0.31742966175079346,0.31742966175079346,species,1,rand_species,/Users/justyna-przy/Projects/ISE/FYP/src/dataset/bird_data/clips/species/hirundo_rustica/XC994575__s1000__e4000.wav,
hirundo_rustica,381264,Hirundo rustica,/Users/justyna-przy/Projects/ISE/FYP/src/dataset/bird_data/raw/hirundo_rustica/XC381264.mp3,21.0,24.0,-31.44387310744351,-40.0,species,Hirundo rustica,Barn Swallow,0.856074333190918,0.856074333190918,species,0,,,
hirundo_rustica,381264,Hirundo rustica,/Users/justyna-przy/Projects/ISE/FYP/src/dataset/bird_data/raw/hirundo_rustica/XC381264.mp3,36.0,39.0,-37.154918478290455,-40.0,species,Hirundo rustica,Barn Swallow,0.8615789413452148,0.8615789413452148,species,1,rand_species,/Users/justyna-przy/Projects/ISE/FYP/src/dataset/bird_data/clips/species/hirundo_rustica/XC381264__s36000__e39000.wav,
hirundo_rustica,381264,Hirundo rustica,/Users/justyna-przy/Projects/ISE/FYP/src/dataset/bird_data/raw/hirundo_rustica/XC381264.mp3,39.0,42.0,-38.93667205326654,-40.0,species,Hirundo rustica,Barn Swallow,0.784794807434082,0.784794807434082,species,1,rand_species,/Users/justyna-przy/Projects/ISE/FYP/src/dataset/bird_data/clips/species/hirundo_rustica/XC381264__s39000__e42000.wav,
hirundo_rustica,381264,Hirundo rustica,/Users/justyna-przy/Projects/ISE/FYP/src/dataset/bird_data/raw/hirundo_rustica/XC381264.mp3,42.0,45.0,-34.58812152022588,-40.0,species,Hirundo rustica,Barn Swallow,0.9773619771003723,0.9773619771003723,species,1,rand_species,/Users/justyna-przy/Projects/ISE/FYP/src/dataset/bird_data/clips/species/hirundo_rustica/XC381264__s42000__e45000.wav,
hirundo_rustica,485373,Hirundo rustica,/Users/justyna-przy/Projects/ISE/FYP/src/dataset/bird_data/raw/hirundo_rustica/XC485373.mp3,10.0,13.0,-37.71888477757288,-40.0,non_bird,,,0.0,0.0,non_bird,1,nonbird_lowconf,/Users/justyna-przy/Projects/ISE/FYP/src/dataset/bird_data/clips/non_bird/hirundo_rustica/XC485373__s10000__e13000.wav,
hirundo_rustica,192143,Hirundo rustica,/Users/justyna-przy/Projects/ISE/FYP/src/dataset/bird_data/raw/hirundo_rustica/XC192143.mp3,1.0,4.0,-27.466942004161087,-37.38566058753121,species,Hirundo rustica,Barn Swallow,0.8430199027061462,0.8430199027061462,species,0,,,
hirundo_rustica,192143,Hirundo rustica,/Users/justyna-przy/Projects/ISE/FYP/src/dataset/bird_data/raw/hirundo_rustica/XC192143.mp3,4.0,7.0,-33.62620609092292,-37.38566058753121,species,Hirundo rustica,Barn Swallow,0.9936742782592773,0.9936742782592773,species,1,rand_species,/Users/justyna-przy/Projects/ISE/FYP/src/dataset/bird_data/clips/species/hirundo_rustica/XC192143__s4000__e7000.wav,
hirundo_rustica,192143,Hirundo rustica,/Users/justyna-przy/Projects/ISE/FYP/src/dataset/bird_data/raw/hirundo_rustica/XC192143.mp3,10.0,13.0,-34.83968919376573,-37.38566058753121,species,Hirundo rustica,Barn Swallow,0.994109034538269,0.994109034538269,species,0,,,
hirundo_rustica,192143,Hirundo rustica,/Users/justyna-przy/Projects/ISE/FYP/src/dataset/bird_data/raw/hirundo_rustica/XC192143.mp3,13.0,16.0,-36.84740378989303,-37.38566058753121,species,Hirundo rustica,Barn Swallow,0.945921003818512,0.945921003818512,species,1,rand_species,/Users/justyna-przy/Projects/ISE/FYP/src/dataset/bird_data/clips/species/hirundo_rustica/XC192143__s13000__e16000.wav,
hirundo_rustica,192143,Hirundo rustica,/Users/justyna-przy/Projects/ISE/FYP/src/dataset/bird_data/raw/hirundo_rustica/XC192143.mp3,16.0,19.0,-36.88016457221642,-37.38566058753121,species,Hirundo rustica,Barn Swallow,0.9253889322280884,0.9253889322280884,species,0,,,
hirundo_rustica,192143,Hirundo rustica,/Users/justyna-przy/Projects/ISE/FYP/src/dataset/bird_data/raw/hirundo_rustica/XC192143.mp3,22.0,25.0,-36.89051345396814,-37.38566058753121,species,Hirundo rustica,Barn Swallow,0.9885596632957458,0.9885596632957458,species,1,rand_species,/Users/justyna-przy/Projects/ISE/FYP/src/dataset/bird_data/clips/species/hirundo_rustica/XC192143__s22000__e25000.wav,
hirundo_rustica,672572,Hirundo rustica,/Users/justyna-przy/Projects/ISE/FYP/src/dataset/bird_data/raw/hirundo_rustica/XC672572.mp3,4.0,7.0,-48.253976879748606,-40.0,species,Hirundo rustica,Barn Swallow,0.7128466367721558,0.7128466367721558,species,1,rand_species,/Users/justyna-przy/Projects/ISE/FYP/src/dataset/bird_data/clips/species/hirundo_rustica/XC672572__s4000__e7000.wav,
hirundo_rustica,361213,Hirundo rustica,/Users/justyna-przy/Projects/ISE/FYP/src/dataset/bird_data/raw/hirundo_rustica/XC361213.mp3,6.0,9.0,-32.57605480376189,-32.92306910339918,species,Hirundo rustica,Barn Swallow,0.9921964406967163,0.9921964406967163,species,1,rand_species,/Users/justyna-przy/Projects/ISE/FYP/src/dataset/bird_data/clips/species/hirundo_rustica/XC361213__s6000__e9000.wav,
hirundo_rustica,361213,Hirundo rustica,/Users/justyna-przy/Projects/ISE/FYP/src/dataset/bird_data/raw/hirundo_rustica/XC361213.mp3,9.0,12.0,-29.526509627724916,-32.92306910339918,species,Hirundo rustica,Barn Swallow,0.8603668808937073,0.8603668808937073,species,0,,,
hirundo_rustica,361213,Hirundo rustica,/Users/justyna-przy/Projects/ISE/FYP/src/dataset/bird_data/raw/hirundo_rustica/XC361213.mp3,12.0,15.0,-28.637996269892305,-32.92306910339918,species,Hirundo rustica,Barn Swallow,0.9995594620704651,0.9995594620704651,species,1,rand_species,/Users/justyna-przy/Projects/ISE/FYP/src/dataset/bird_data/clips/species/hirundo_rustica/XC361213__s12000__e15000.wav,
hirundo_rustica,361213,Hirundo rustica,/Users/justyna-przy/Projects/ISE/FYP/src/dataset/bird_data/raw/hirundo_rustica/XC361213.mp3,15.0,18.0,-30.857076941267117,-32.92306910339918,species,Hirundo rustica,Barn Swallow,0.7665945887565613,0.7665945887565613,species,0,,,
hirundo_rustica,361213,Hirundo rustica,/Users/justyna-przy/Projects/ISE/FYP/src/dataset/bird_data/raw/hirundo_rustica/XC361213.mp3,18.0,21.0,-30.058607942278325,-32.92306910339918,species,Hirundo rustica,Barn Swallow,0.8140490651130676,0.8140490651130676,species,0,,,
hirundo_rustica,361213,Hirundo rustica,/Users/justyna-przy/Projects/ISE/FYP/src/dataset/bird_data/raw/hirundo_rustica/XC361213.mp3,30.0,33.0,-32.22449866182672,-32.92306910339918,species,Hirundo rustica,Barn Swallow,0.921028733253479,0.921028733253479,species,1,rand_species,/Users/justyna-przy/Projects/ISE/FYP/src/dataset/bird_data/clips/species/hirundo_rustica/XC361213__s30000__e33000.wav,
hirundo_rustica,361750,Hirundo rustica,/Users/justyna-przy/Projects/ISE/FYP/src/dataset/bird_data/raw/hirundo_rustica/XC361750.mp3,1.0,4.0,-30.307468808068478,-35.695323689948694,species,Hirundo rustica,Barn Swallow,0.7351608872413635,0.7351608872413635,species,1,rand_species,/Users/justyna-przy/Projects/ISE/FYP/src/dataset/bird_data/clips/species/hirundo_rustica/XC361750__s1000__e4000.wav,
hirundo_rustica,361750,Hirundo rustica,/Users/justyna-przy/Projects/ISE/FYP/src/dataset/bird_data/raw/hirundo_rustica/XC361750.mp3,4.0,7.0,-24.99931355542623,-35.695323689948694,species,Hirundo rustica,Barn Swallow,0.9698798060417175,0.9698798060417175,species,0,,,
hirundo_rustica,361750,Hirundo rustica,/Users/justyna-przy/Projects/ISE/FYP/src/dataset/bird_data/raw/hirundo_rustica/XC361750.mp3,7.0,10.0,-23.811934100828935,-35.695323689948694,species,Hirundo rustica,Barn Swallow,0.7614850401878357,0.7614850401878357,species,0,,,
hirundo_rustica,361750,Hirundo rustica,/Users/justyna-przy/Projects/ISE/FYP/src/dataset/bird_data/raw/hirundo_rustica/XC361750.mp3,10.0,13.0,-21.460923826611612,-35.695323689948694,species,Hirundo rustica,Barn Swallow,0.9651853442192078,0.9651853442192078,species,1,rand_species,/Users/justyna-przy/Projects/ISE/FYP/src/dataset/bird_data/clips/species/hirundo_rustica/XC361750__s10000__e13000.wav,
hirundo_rustica,361750,Hirundo rustica,/Users/justyna-przy/Projects/ISE/FYP/src/dataset/bird_data/raw/hirundo_rustica/XC361750.mp3,13.0,16.0,-25.747546217615902,-35.695323689948694,species,Hirundo rustica,Barn Swallow,0.9812135100364685,0.9812135100364685,species,1,rand_species,/Users/justyna-przy/Projects/ISE/FYP/src/dataset/bird_data/clips/species/hirundo_rustica/XC361750__s13000__e16000.wav,
hirundo_rustica,361750,Hirundo rustica,/Users/justyna-przy/Projects/ISE/FYP/src/dataset/bird_data/raw/hirundo_rustica/XC361750.mp3,22.0,25.0,-35.23431140544638,-35.695323689948694,drop,Hippolais icterina,Icterine Warbler,0.14035871624946594,0.14035871624946594,drop,0,,,
hirundo_rustica,857758,Hirundo rustica,/Users/justyna-przy/Projects/ISE/FYP/src/dataset/bird_data/raw/hirundo_rustica/XC857758.mp3,1.0,4.0,-36.83514199482829,-40.0,species,Hirundo rustica,Barn Swallow,0.9977720379829407,0.9977720379829407,species,1,rand_species,/Users/justyna-przy/Projects/ISE/FYP/src/dataset/bird_data/clips/species/hirundo_rustica/XC857758__s1000__e4000.wav,
hirundo_rustica,857758,Hirundo rustica,/Users/justyna-przy/Projects/ISE/FYP/src/dataset/bird_data/raw/hirundo_rustica/XC857758.mp3,4.0,7.0,-37.82218380186276,-40.0,species,Hirundo rustica,Barn Swallow,0.9977279305458069,0.9977279305458069,species,1,rand_species,/Users/justyna-przy/Projects/ISE/FYP/src/dataset/bird_data/clips/species/hirundo_rustica/XC857758__s4000__e7000.wav,
hirundo_rustica,857758,Hirundo rustica,/Users/justyna-przy/Projects/ISE/FYP/src/dataset/bird_data/raw/hirundo_rustica/XC857758.mp3,7.0,10.0,-35.12037562370945,-40.0,species,Hirundo rustica,Barn Swallow,0.9962596893310547,0.9962596893310547,species,1,rand_species,/Users/justyna-przy/Projects/ISE/FYP/src/dataset/bird_data/clips/species/hirundo_rustica/XC857758__s7000__e10000.wav,
hirundo_rustica,857758,Hirundo rustica,/Users/justyna-przy/Projects/ISE/FYP/src/dataset/bird_data/raw/hirundo_rustica/XC857758.mp3,10.0,13.0,-34.95415447469567,-40.0,species,Hirundo rustica,Barn Swallow,0.6388028264045715,0.6388028264045715,species,0,,,
hirundo_rustica,857758,Hirundo rustica,/Users/justyna-przy/Projects/ISE/FYP/src/dataset/bird_data/raw/hirundo_rustica/XC857758.mp3,13.0,16.0,-35.381526471347286,-40.0,drop,Hirundo rustica,Barn Swallow,0.1078539788722992,0.1078539788722992,drop,0,,,
hirundo_rustica,907019,Hirundo rustica,/Users/justyna-przy/Projects/ISE/FYP/src/dataset/bird_data/raw/hirundo_rustica/XC907019.mp3,1.0,4.0,-21.151112495293948,-32.94127143912338,species,Hirundo rustica,Barn Swallow,0.9933221936225891,0.9933221936225891,species,1,rand_species,/Users/justyna-przy/Projects/ISE/FYP/src/dataset/bird_data/clips/species/hirundo_rustica/XC907019__s1000__e4000.wav,
hirundo_rustica,907019,Hirundo rustica,/Users/justyna-przy/Projects/ISE/FYP/src/dataset/bird_data/raw/hirundo_rustica/XC907019.mp3,4.0,7.0,-29.47710813409722,-32.94127143912338,species,Hirundo rustica,Barn Swallow,0.6201478242874146,0.6201478242874146,species,1,rand_species,/Users/justyna-przy/Projects/ISE/FYP/src/dataset/bird_data/clips/species/hirundo_rustica/XC907019__s4000__e7000.wav,
hirundo_rustica,907019,Hirundo rustica,/Users/justyna-przy/Projects/ISE/FYP/src/dataset/bird_data/raw/hirundo_rustica/XC907019.mp3,10.0,13.0,-32.13815298779591,-32.94127143912338,species,Hirundo rustica,Barn Swallow,0.8827224969863892,0.8827224969863892,species,1,rand_species,/Users/justyna-przy/Projects/ISE/FYP/src/dataset/bird_data/clips/species/hirundo_rustica/XC907019__s10000__e13000.wav,
hirundo_rustica,375583,Hirundo rustica,/Users/justyna-przy/Projects/ISE/FYP/src/dataset/bird_data/raw/hirundo_rustica/XC375583.mp3,1.0,4.0,-33.857816965010116,-33.857816965010116,drop,Tachycineta thalassina,Violet-green Swallow,0.8555132150650024,0.8555132150650024,drop,0,,,
hirundo_rustica,197714,Hirundo rustica,/Users/justyna-przy/Projects/ISE/FYP/src/dataset/bird_data/raw/hirundo_rustica/XC197714.mp3,1.0,4.0,-30.63522169978416,-40.0,species,Hirundo rustica,Barn Swallow,0.9967169165611267,0.9967169165611267,species,1,rand_species,/Users/justyna-przy/Projects/ISE/FYP/src/dataset/bird_data/clips/species/hirundo_rustica/XC197714__s1000__e4000.wav,
hirundo_rustica,197714,Hirundo rustica,/Users/justyna-przy/Projects/ISE/FYP/src/dataset/bird_data/raw/hirundo_rustica/XC197714.mp3,4.0,7.0,-34.68811330116273,-40.0,non_bird,,,0.0,0.0,non_bird,1,nonbird_lowconf,/Users/justyna-przy/Projects/ISE/FYP/src/dataset/bird_data/clips/non_bird/hirundo_rustica/XC197714__s4000__e7000.wav,
hirundo_rustica,197714,Hirundo rustica,/Users/justyna-przy/Projects/ISE/FYP/src/dataset/bird_data/raw/hirundo_rustica/XC197714.mp3,7.0,10.0,-36.03149537633217,-40.0,non_bird,,,0.0,0.0,non_bird,1,nonbird_lowconf,/Users/justyna-przy/Projects/ISE/FYP/src/dataset/bird_data/clips/non_bird/hirundo_rustica/XC197714__s7000__e10000.wav,
hirundo_rustica,192142,Hirundo rustica,/Users/justyna-przy/Projects/ISE/FYP/src/dataset/bird_data/raw/hirundo_rustica/XC192142.mp3,1.0,4.0,-26.852142289658353,-40.0,species,Hirundo rustica,Barn Swallow,0.9668754935264587,0.9668754935264587,species,0,,,
hirundo_rustica,192142,Hirundo rustica,/Users/justyna-przy/Projects/ISE/FYP/src/dataset/bird_data/raw/hirundo_rustica/XC192142.mp3,4.0,7.0,-35.70697512451042,-40.0,species,Hirundo rustica,Barn Swallow,0.9671624302864075,0.9671624302864075,species,0,,,
hirundo_rustica,192142,Hirundo rustica,/Users/justyna-przy/Projects/ISE/FYP/src/dataset/bird_data/raw/hirundo_rustica/XC192142.mp3,7.0,10.0,-39.74268116411929,-40.0,species,Hirundo rustica,Barn Swallow,0.5904943943023682,0.5904943943023682,species,1,rand_species,/Users/justyna-przy/Projects/ISE/FYP/src/dataset/bird_data/clips/species/hirundo_rustica/XC192142__s7000__e10000.wav,
hirundo_rustica,192142,Hirundo rustica,/Users/justyna-przy/Projects/ISE/FYP/src/dataset/bird_data/raw/hirundo_rustica/XC192142.mp3,19.0,22.0,-26.196624740736866,-40.0,species,Hirundo rustica,Barn Swallow,0.35741114616394043,0.35741114616394043,species,0,,,
hirundo_rustica,192142,Hirundo rustica,/Users/justyna-przy/Projects/ISE/FYP/src/dataset/bird_data/raw/hirundo_rustica/XC192142.mp3,22.0,25.0,-33.732176205754975,-40.0,species,Hirundo rustica,Barn Swallow,0.9977868795394897,0.9977868795394897,species,1,rand_species,/Users/justyna-przy/Projects/ISE/FYP/src/dataset/bird_data/clips/species/hirundo_rustica/XC192142__s22000__e25000.wav,
hirundo_rustica,192142,Hirundo rustica,/Users/justyna-przy/Projects/ISE/FYP/src/dataset/bird_data/raw/hirundo_rustica/XC192142.mp3,25.0,28.0,-37.866528317320665,-40.0,species,Hirundo rustica,Barn Swallow,0.9746125340461731,0.9746125340461731,species,1,rand_species,/Users/justyna-przy/Projects/ISE/FYP/src/dataset/bird_data/clips/species/hirundo_rustica/XC192142__s25000__e28000.wav,
hirundo_rustica,672484,Hirundo rustica,/Users/justyna-przy/Projects/ISE/FYP/src/dataset/bird_data/raw/hirundo_rustica/XC672484.mp3,4.0,7.0,-53.06099229361713,-40.0,non_bird,,,0.0,0.0,non_bird,1,nonbird_lowconf,/Users/justyna-przy/Projects/ISE/FYP/src/dataset/bird_data/clips/non_bird/hirundo_rustica/XC672484__s4000__e7000.wav,
hirundo_rustica,361749,Hirundo rustica,/Users/justyna-przy/Projects/ISE/FYP/src/dataset/bird_data/raw/hirundo_rustica/XC361749.mp3,4.0,7.0,-29.776910137535936,-40.0,species,Hirundo rustica,Barn Swallow,0.9829860329627991,0.9829860329627991,species,1,rand_species,/Users/justyna-przy/Projects/ISE/FYP/src/dataset/bird_data/clips/species/hirundo_rustica/XC361749__s4000__e7000.wav,
hirundo_rustica,361749,Hirundo rustica,/Users/justyna-przy/Projects/ISE/FYP/src/dataset/bird_data/raw/hirundo_rustica/XC361749.mp3,7.0,10.0,-21.089137191206145,-40.0,species,Hirundo rustica,Barn Swallow,0.9934576153755188,0.9934576153755188,species,1,rand_species,/Users/justyna-przy/Projects/ISE/FYP/src/dataset/bird_data/clips/species/hirundo_rustica/XC361749__s7000__e10000.wav,
hirundo_rustica,361749,Hirundo rustica,/Users/justyna-przy/Projects/ISE/FYP/src/dataset/bird_data/raw/hirundo_rustica/XC361749.mp3,10.0,13.0,-23.78193437943681,-40.0,species,Hirundo rustica,Barn Swallow,0.9641523957252502,0.9641523957252502,species,1,rand_species,/Users/justyna-przy/Projects/ISE/FYP/src/dataset/bird_data/clips/species/hirundo_rustica/XC361749__s10000__e13000.wav,
hirundo_rustica,801549,Hirundo rustica,/Users/justyna-przy/Projects/ISE/FYP/src/dataset/bird_data/raw/hirundo_rustica/XC801549.mp3,1.0,4.0,-38.58430315750581,-40.0,species,Hirundo rustica,Barn Swallow,0.8665789365768433,0.8665789365768433,species,1,rand_species,/Users/justyna-przy/Projects/ISE/FYP/src/dataset/bird_data/clips/species/hirundo_rustica/XC801549__s1000__e4000.wav,
hirundo_rustica,801549,Hirundo rustica,/Users/justyna-przy/Projects/ISE/FYP/src/dataset/bird_data/raw/hirundo_rustica/XC801549.mp3,4.0,7.0,-39.79271185489314,-40.0,species,Hirundo rustica,Barn Swallow,0.9447473287582397,0.9447473287582397,species,1,rand_species,/Users/justyna-przy/Projects/ISE/FYP/src/dataset/bird_data/clips/species/hirundo_rustica/XC801549__s4000__e7000.wav,
hirundo_rustica,801549,Hirundo rustica,/Users/justyna-przy/Projects/ISE/FYP/src/dataset/bird_data/raw/hirundo_rustica/XC801549.mp3,10.0,13.0,-39.144867682040136,-40.0,species,Hirundo rustica,Barn Swallow,0.9827278256416321,0.9827278256416321,species,1,rand_species,/Users/justyna-przy/Projects/ISE/FYP/src/dataset/bird_data/clips/species/hirundo_rustica/XC801549__s10000__e13000.wav,
hirundo_rustica,805598,Hirundo rustica,/Users/justyna-przy/Projects/ISE/FYP/src/dataset/bird_data/raw/hirundo_rustica/XC805598.mp3,1.0,4.0,-23.74266213010059,-26.46415583094326,species,Hirundo rustica,Barn Swallow,0.7964341044425964,0.7964341044425964,species,1,rand_species,/Users/justyna-przy/Projects/ISE/FYP/src/dataset/bird_data/clips/species/hirundo_rustica/XC805598__s1000__e4000.wav,
hirundo_rustica,805598,Hirundo rustica,/Users/justyna-przy/Projects/ISE/FYP/src/dataset/bird_data/raw/hirundo_rustica/XC805598.mp3,4.0,7.0,-26.04542231020659,-26.46415583094326,species,Hirundo rustica,Barn Swallow,0.9733544588088989,0.9733544588088989,species,1,rand_species,/Users/justyna-przy/Projects/ISE/FYP/src/dataset/bird_data/clips/species/hirundo_rustica/XC805598__s4000__e7000.wav,
hirundo_rustica,805598,Hirundo rustica,/Users/justyna-przy/Projects/ISE/FYP/src/dataset/bird_data/raw/hirundo_rustica/XC805598.mp3,10.0,13.0,-25.053695064260644,-26.46415583094326,species,Hirundo rustica,Barn Swallow,0.9848551154136658,0.9848551154136658,species,1,rand_species,/Users/justyna-przy/Projects/ISE/FYP/src/dataset/bird_data/clips/species/hirundo_rustica/XC805598__s10000__e13000.wav,
hirundo_rustica,144983,Hirundo rustica,/Users/justyna-przy/Projects/ISE/FYP/src/dataset/bird_data/raw/hirundo_rustica/XC144983.mp3,1.0,4.0,-22.004209891808625,-23.921873792354674,species,Hirundo rustica,Barn Swallow,0.8333192467689514,0.8333192467689514,species,1,rand_species,/Users/justyna-przy/Projects/ISE/FYP/src/dataset/bird_data/clips/species/hirundo_rustica/XC144983__s1000__e4000.wav,
hirundo_rustica,144983,Hirundo rustica,/Users/justyna-przy/Projects/ISE/FYP/src/dataset/bird_data/raw/hirundo_rustica/XC144983.mp3,4.0,7.0,-21.38648672725596,-23.921873792354674,species,Hirundo rustica,Barn Swallow,0.6508552432060242,0.6508552432060242,species,0,,,
hirundo_rustica,144983,Hirundo rustica,/Users/justyna-przy/Projects/ISE/FYP/src/dataset/bird_data/raw/hirundo_rustica/XC144983.mp3,7.0,10.0,-21.95942534562974,-23.921873792354674,species,Hirundo rustica,Barn Swallow,0.8911439776420593,0.8911439776420593,species,1,rand_species,/Users/justyna-przy/Projects/ISE/FYP/src/dataset/bird_data/clips/species/hirundo_rustica/XC144983__s7000__e10000.wav,
hirundo_rustica,144983,Hirundo rustica,/Users/justyna-przy/Projects/ISE/FYP/src/dataset/bird_data/raw/hirundo_rustica/XC144983.mp3,10.0,13.0,-22.64407020117149,-23.921873792354674,species,Hirundo rustica,Barn Swallow,0.9126161336898804,0.9126161336898804,species,1,rand_species,/Users/justyna-przy/Projects/ISE/FYP/src/dataset/bird_data/clips/species/hirundo_rustica/XC144983__s10000__e13000.wav,
hirundo_rustica,144983,Hirundo rustica,/Users/justyna-przy/Projects/ISE/FYP/src/dataset/bird_data/raw/hirundo_rustica/XC144983.mp3,22.0,25.0,-22.224954315314115,-23.921873792354674,drop,Iduna pallida,Eastern Olivaceous Warbler,0.21487179398536682,0.21487179398536682,drop,0,,,
hirundo_rustica,108288,Hirundo rustica,/Users/justyna-przy/Projects/ISE/FYP/src/dataset/bird_data/raw/hirundo_rustica/XC108288.mp3,1.0,4.0,-31.41837535430119,-40.0,species,Hirundo rustica,Barn Swallow,0.9601454138755798,0.9601454138755798,species,1,rand_species,/Users/justyna-przy/Projects/ISE/FYP/src/dataset/bird_data/clips/species/hirundo_rustica/XC108288__s1000__e4000.wav,
hirundo_rustica,108288,Hirundo rustica,/Users/justyna-przy/Projects/ISE/FYP/src/dataset/bird_data/raw/hirundo_rustica/XC108288.mp3,4.0,7.0,-35.49043604459263,-40.0,species,Hirundo rustica,Barn Swallow,0.9381178021430969,0.9381178021430969,species,1,rand_species,/Users/justyna-przy/Projects/ISE/FYP/src/dataset/bird_data/clips/species/hirundo_rustica/XC108288__s4000__e7000.wav,
hirundo_rustica,108288,Hirundo rustica,/Users/justyna-przy/Projects/ISE/FYP/src/dataset/bird_data/raw/hirundo_rustica/XC108288.mp3,13.0,16.0,-25.571983773172356,-40.0,species,Hirundo rustica,Barn Swallow,0.9819367527961731,0.9819367527961731,species,1,rand_species,/Users/justyna-przy/Projects/ISE/FYP/src/dataset/bird_data/clips/species/hirundo_rustica/XC108288__s13000__e16000.wav,
hirundo_rustica,192141,Hirundo rustica,/Users/justyna-przy/Projects/ISE/FYP/src/dataset/bird_data/raw/hirundo_rustica/XC192141.mp3,1.0,4.0,-25.73151548741641,-33.974750221192544,species,Hirundo rustica,Barn Swallow,0.58537358045578,0.58537358045578,species,1,rand_species,/Users/justyna-przy/Projects/ISE/FYP/src/dataset/bird_data/clips/species/hirundo_rustica/XC192141__s1000__e4000.wav,
hirundo_rustica,192141,Hirundo rustica,/Users/justyna-przy/Projects/ISE/FYP/src/dataset/bird_data/raw/hirundo_rustica/XC192141.mp3,4.0,7.0,-28.80618381414322,-33.974750221192544,species,Hirundo rustica,Barn Swallow,0.9972558617591858,0.9972558617591858,species,1,rand_species,/Users/justyna-przy/Projects/ISE/FYP/src/dataset/bird_data/clips/species/hirundo_rustica/XC192141__s4000__e7000.wav,
hirundo_rustica,192141,Hirundo rustica,/Users/justyna-przy/Projects/ISE/FYP/src/dataset/bird_data/raw/hirundo_rustica/XC192141.mp3,7.0,10.0,-33.604503419246676,-33.974750221192544,species,Hirundo rustica,Barn Swallow,0.9961296319961548,0.9961296319961548,species,0,,,
hirundo_rustica,192141,Hirundo rustica,/Users/justyna-przy/Projects/ISE/FYP/src/dataset/bird_data/raw/hirundo_rustica/XC192141.mp3,10.0,13.0,-32.70253584302363,-33.974750221192544,species,Hirundo rustica,Barn Swallow,0.9826416373252869,0.9826416373252869,species,0,,,
hirundo_rustica,192141,Hirundo rustica,/Users/justyna-przy/Projects/ISE/FYP/src/dataset/bird_data/raw/hirundo_rustica/XC192141.mp3,22.0,25.0,-30.58486395888259,-33.974750221192544,species,Hirundo rustica,Barn Swallow,0.9072337746620178,0.9072337746620178,species,1,rand_species,/Users/justyna-przy/Projects/ISE/FYP/src/dataset/bird_data/clips/species/hirundo_rustica/XC192141__s22000__e25000.wav,
hirundo_rustica,192141,Hirundo rustica,/Users/justyna-przy/Projects/ISE/FYP/src/dataset/bird_data/raw/hirundo_rustica/XC192141.mp3,25.0,28.0,-31.011360902690306,-33.974750221192544,species,Hirundo rustica,Barn Swallow,0.9949051141738892,0.9949051141738892,species,0,,,
hirundo_rustica,671784,Hirundo rustica,/Users/justyna-przy/Projects/ISE/FYP/src/dataset/bird_data/raw/hirundo_rustica/XC671784.mp3,1.0,4.0,-33.808628028251675,-40.0,species,Hirundo rustica,Barn Swallow,0.3074588179588318,0.3074588179588318,species,1,rand_species,/Users/justyna-przy/Projects/ISE/FYP/src/dataset/bird_data/clips/species/hirundo_rustica/XC671784__s1000__e4000.wav,
hirundo_rustica,671784,Hirundo rustica,/Users/justyna-przy/Projects/ISE/FYP/src/dataset/bird_data/raw/hirundo_rustica/XC671784.mp3,4.0,7.0,-35.32749922933711,-40.0,drop,Hirundo rustica,Barn Swallow,0.13558875024318695,0.13558875024318695,drop,0,,,
hirundo_rustica,361748,Hirundo rustica,/Users/justyna-przy/Projects/ISE/FYP/src/dataset/bird_data/raw/hirundo_rustica/XC361748.mp3,1.0,4.0,-23.81466056035102,-40.0,species,Hirundo rustica,Barn Swallow,0.9968109726905823,0.9968109726905823,species,0,,,
hirundo_rustica,361748,Hirundo rustica,/Users/justyna-przy/Projects/ISE/FYP/src/dataset/bird_data/raw/hirundo_rustica/XC361748.mp3,4.0,7.0,-18.93694238555173,-40.0,species,Hirundo rustica,Barn Swallow,0.4574006497859955,0.4574006497859955,species,1,rand_species,/Users/justyna-przy/Projects/ISE/FYP/src/dataset/bird_data/clips/species/hirundo_rustica/XC361748__s4000__e7000.wav,
hirundo_rustica,361748,Hirundo rustica,/Users/justyna-przy/Projects/ISE/FYP/src/dataset/bird_data/raw/hirundo_rustica/XC361748.mp3,7.0,10.0,-32.706707372416275,-40.0,species,Hirundo rustica,Barn Swallow,0.8371728658676147,0.8371728658676147,species,1,rand_species,/Users/justyna-przy/Projects/ISE/FYP/src/dataset/bird_data/clips/species/hirundo_rustica/XC361748__s7000__e10000.wav,
hirundo_rustica,361748,Hirundo rustica,/Users/justyna-przy/Projects/ISE/FYP/src/dataset/bird_data/raw/hirundo_rustica/XC361748.mp3,16.0,19.0,-39.85727900815093,-40.0,non_bird,,,0.0,0.0,non_bird,1,nonbird_lowconf,/Users/justyna-przy/Projects/ISE/FYP/src/dataset/bird_data/clips/non_bird/hirundo_rustica/XC361748__s16000__e19000.wav,
hirundo_rustica,361748,Hirundo rustica,/Users/justyna-przy/Projects/ISE/FYP/src/dataset/bird_data/raw/hirundo_rustica/XC361748.mp3,19.0,22.0,-37.64058260113411,-40.0,species,Hirundo rustica,Barn Swallow,0.46943214535713196,0.46943214535713196,species,1,rand_species,/Users/justyna-przy/Projects/ISE/FYP/src/dataset/bird_data/clips/species/hirundo_rustica/XC361748__s19000__e22000.wav,
hirundo_rustica,795467,Hirundo rustica,/Users/justyna-przy/Projects/ISE/FYP/src/dataset/bird_data/raw/hirundo_rustica/XC795467.mp3,7.0,10.0,-46.65232298400368,-40.0,species,Hirundo rustica,Barn Swallow,0.459817498922348,0.459817498922348,species,1,rand_species,/Users/justyna-przy/Projects/ISE/FYP/src/dataset/bird_data/clips/species/hirundo_rustica/XC795467__s7000__e10000.wav,
hirundo_rustica,727116,Hirundo rustica,/Users/justyna-przy/Projects/ISE/FYP/src/dataset/bird_data/raw/hirundo_rustica/XC727116.mp3,4.0,7.0,-25.003580326604006,-25.182128750049795,species,Hirundo rustica,Barn Swallow,0.9927765130996704,0.9927765130996704,species,1,rand_species,/Users/justyna-przy/Projects/ISE/FYP/src/dataset/bird_data/clips/species/hirundo_rustica/XC727116__s4000__e7000.wav,
hirundo_rustica,144982,Hirundo rustica,/Users/justyna-przy/Projects/ISE/FYP/src/dataset/bird_data/raw/hirundo_rustica/XC144982.mp3,4.0,7.0,-24.917278889401345,-26.377739786287357,species,Hirundo rustica,Barn Swallow,0.916064441204071,0.916064441204071,species,1,rand_species,/Users/justyna-przy/Projects/ISE/FYP/src/dataset/bird_data/clips/species/hirundo_rustica/XC144982__s4000__e7000.wav,
hirundo_rustica,144982,Hirundo rustica,/Users/justyna-przy/Projects/ISE/FYP/src/dataset/bird_data/raw/hirundo_rustica/XC144982.mp3,7.0,10.0,-24.023469202697928,-26.377739786287357,species,Hirundo rustica,Barn Swallow,0.9483692646026611,0.9483692646026611,species,1,rand_species,/Users/justyna-przy/Projects/ISE/FYP/src/dataset/bird_data/clips/species/hirundo_rustica/XC144982__s7000__e10000.wav,
hirundo_rustica,144982,Hirundo rustica,/Users/justyna-przy/Projects/ISE/FYP/src/dataset/bird_data/raw/hirundo_rustica/XC144982.mp3,13.0,16.0,-24.522832597853675,-26.377739786287357,species,Hirundo rustica,Barn Swallow,0.9620885848999023,0.9620885848999023,species,1,rand_species,/Users/justyna-przy/Projects/ISE/FYP/src/dataset/bird_data/clips/species/hirundo_rustica/XC144982__s13000__e16000.wav,
hirundo_rustica,144982,Hirundo rustica,/Users/justyna-przy/Projects/ISE/FYP/src/dataset/bird_data/raw/hirundo_rustica/XC144982.mp3,16.0,19.0,-24.693632182316207,-26.377739786287357,species,Hirundo rustica,Barn Swallow,0.9864909648895264,0.9864909648895264,species,0,,,
hirundo_rustica,1020499,Hirundo rustica,/Users/justyna-przy/Projects/ISE/FYP/src/dataset/bird_data/raw/hirundo_rustica/XC1020499.mp3,7.0,10.0,-25.514536419924113,-27.717476893210808,species,Hirundo rustica,Barn Swallow,0.9865054488182068,0.9865054488182068,species,0,,,
hirundo_rustica,1020499,Hirundo rustica,/Users/justyna-przy/Projects/ISE/FYP/src/dataset/bird_data/raw/hirundo_rustica/XC1020499.mp3,13.0,16.0,-27.439669741140953,-27.717476893210808,species,Hirundo rustica,Barn Swallow,0.9770137667655945,0.9770137667655945,species,1,rand_species,/Users/justyna-przy/Projects/ISE/FYP/src/dataset/bird_data/clips/species/hirundo_rustica/XC1020499__s13000__e16000.wav,
hirundo_rustica,1020499,Hirundo rustica,/Users/justyna-przy/Projects/ISE/FYP/src/dataset/bird_data/raw/hirundo_rustica/XC1020499.mp3,16.0,19.0,-25.373727838760406,-27.717476893210808,species,Hirundo rustica,Barn Swallow,0.9763807058334351,0.9763807058334351,species,0,,,
hirundo_rustica,1020499,Hirundo rustica,/Users/justyna-przy/Projects/ISE/FYP/src/dataset/bird_data/raw/hirundo_rustica/XC1020499.mp3,19.0,22.0,-26.59509421797356,-27.717476893210808,species,Hirundo rustica,Barn Swallow,0.9964210987091064,0.9964210987091064,species,1,rand_species,/Users/justyna-przy/Projects/ISE/FYP/src/dataset/bird_data/clips/species/hirundo_rustica/XC1020499__s19000__e22000.wav,
hirundo_rustica,1020499,Hirundo rustica,/Users/justyna-przy/Projects/ISE/FYP/src/dataset/bird_data/raw/hirundo_rustica/XC1020499.mp3,22.0,25.0,-23.602326953373762,-27.717476893210808,species,Hirundo rustica,Barn Swallow,0.9928673505783081,0.9928673505783081,species,0,,,
hirundo_rustica,1020499,Hirundo rustica,/Users/justyna-przy/Projects/ISE/FYP/src/dataset/bird_data/raw/hirundo_rustica/XC1020499.mp3,25.0,28.0,-25.909013980683433,-27.717476893210808,species,Hirundo rustica,Barn Swallow,0.9987119436264038,0.9987119436264038,species,1,rand_species,/Users/justyna-przy/Projects/ISE/FYP/src/dataset/bird_data/clips/species/hirundo_rustica/XC1020499__s25000__e28000.wav,
hirundo_rustica,192140,Hirundo rustica,/Users/justyna-przy/Projects/ISE/FYP/src/dataset/bird_data/raw/hirundo_rustica/XC192140.mp3,1.0,4.0,-26.265705575949344,-38.08964573340919,species,Hirundo rustica,Barn Swallow,0.7779601812362671,0.7779601812362671,species,0,,,
hirundo_rustica,192140,Hirundo rustica,/Users/justyna-przy/Projects/ISE/FYP/src/dataset/bird_data/raw/hirundo_rustica/XC192140.mp3,4.0,7.0,-33.49521988044498,-38.08964573340919,species,Hirundo rustica,Barn Swallow,0.9159550070762634,0.9159550070762634,species,1,rand_species,/Users/justyna-przy/Projects/ISE/FYP/src/dataset/bird_data/clips/species/hirundo_rustica/XC192140__s4000__e7000.wav,
hirundo_rustica,192140,Hirundo rustica,/Users/justyna-przy/Projects/ISE/FYP/src/dataset/bird_data/raw/hirundo_rustica/XC192140.mp3,7.0,10.0,-34.818562218399244,-38.08964573340919,species,Hirundo rustica,Barn Swallow,0.9469612836837769,0.9469612836837769,species,1,rand_species,/Users/justyna-przy/Projects/ISE/FYP/src/dataset/bird_data/clips/species/hirundo_rustica/XC192140__s7000__e10000.wav,
hirundo_rustica,192140,Hirundo rustica,/Users/justyna-przy/Projects/ISE/FYP/src/dataset/bird_data/raw/hirundo_rustica/XC192140.mp3,10.0,13.0,-38.03148309209455,-38.08964573340919,species,Hirundo rustica,Barn Swallow,0.9781724214553833,0.9781724214553833,species,1,rand_species,/Users/justyna-przy/Projects/ISE/FYP/src/dataset/bird_data/clips/species/hirundo_rustica/XC192140__s10000__e13000.wav,
hirundo_rustica,192140,Hirundo rustica,/Users/justyna-przy/Projects/ISE/FYP/src/dataset/bird_data/raw/hirundo_rustica/XC192140.mp3,16.0,19.0,-36.66629660792901,-38.08964573340919,species,Hirundo rustica,Barn Swallow,0.9878464341163635,0.9878464341163635,species,0,,,
hirundo_rustica,192140,Hirundo rustica,/Users/justyna-przy/Projects/ISE/FYP/src/dataset/bird_data/raw/hirundo_rustica/XC192140.mp3,19.0,22.0,-32.11369603620897,-38.08964573340919,species,Hirundo rustica,Barn Swallow,0.9786128997802734,0.9786128997802734,species,0,,,
hirundo_rustica,671782,Hirundo rustica,/Users/justyna-przy/Projects/ISE/FYP/src/dataset/bird_data/raw/hirundo_rustica/XC671782.mp3,6.0,9.0,-37.066026008024025,-40.0,non_bird,,,0.0,0.0,non_bird,1,nonbird_lowconf,/Users/justyna-przy/Projects/ISE/FYP/src/dataset/bird_data/clips/non_bird/hirundo_rustica/XC671782__s6000__e9000.wav,
hirundo_rustica,671782,Hirundo rustica,/Users/justyna-przy/Projects/ISE/FYP/src/dataset/bird_data/raw/hirundo_rustica/XC671782.mp3,15.0,18.0,-39.8792815767202,-40.0,species,Hirundo rustica,Barn Swallow,0.9109570384025574,0.9109570384025574,species,1,rand_species,/Users/justyna-przy/Projects/ISE/FYP/src/dataset/bird_data/clips/species/hirundo_rustica/XC671782__s15000__e18000.wav,
hirundo_rustica,671782,Hirundo rustica,/Users/justyna-przy/Projects/ISE/FYP/src/dataset/bird_data/raw/hirundo_rustica/XC671782.mp3,27.0,30.0,-37.19309241088625,-40.0,species,Hirundo rustica,Barn Swallow,0.9925721287727356,0.9925721287727356,species,1,rand_species,/Users/justyna-przy/Projects/ISE/FYP/src/dataset/bird_data/clips/species/hirundo_rustica/XC671782__s27000__e30000.wav,
hirundo_rustica,671782,Hirundo rustica,/Users/justyna-przy/Projects/ISE/FYP/src/dataset/bird_data/raw/hirundo_rustica/XC671782.mp3,30.0,33.0,-32.49761012028531,-40.0,species,Hirundo rustica,Barn Swallow,0.9277477264404297,0.9277477264404297,species,1,rand_species,/Users/justyna-przy/Projects/ISE/FYP/src/dataset/bird_data/clips/species/hirundo_rustica/XC671782__s30000__e33000.wav,
hirundo_rustica,361747,Hirundo rustica,/Users/justyna-przy/Projects/ISE/FYP/src/dataset/bird_data/raw/hirundo_rustica/XC361747.mp3,1.0,4.0,-36.00666791275924,-36.42601210235022,species,Hirundo rustica,Barn Swallow,0.5841850638389587,0.5841850638389587,species,1,rand_species,/Users/justyna-przy/Projects/ISE/FYP/src/dataset/bird_data/clips/species/hirundo_rustica/XC361747__s1000__e4000.wav,
hirundo_rustica,361747,Hirundo rustica,/Users/justyna-przy/Projects/ISE/FYP/src/dataset/bird_data/raw/hirundo_rustica/XC361747.mp3,4.0,7.0,-28.689370366323686,-36.42601210235022,drop,Hirundo rustica,Barn Swallow,0.11724667996168137,0.11724667996168137,drop,0,,,
hirundo_rustica,361747,Hirundo rustica,/Users/justyna-przy/Projects/ISE/FYP/src/dataset/bird_data/raw/hirundo_rustica/XC361747.mp3,7.0,10.0,-35.92811736333287,-36.42601210235022,non_bird,,,0.0,0.0,non_bird,1,nonbird_lowconf,/Users/justyna-przy/Projects/ISE/FYP/src/dataset/bird_data/clips/non_bird/hirundo_rustica/XC361747__s7000__e10000.wav,
hirundo_rustica,790309,Hirundo rustica,/Users/justyna-przy/Projects/ISE/FYP/src/dataset/bird_data/raw/hirundo_rustica/XC790309.mp3,4.0,7.0,-39.34728692375029,-40.0,species,Hirundo rustica,Barn Swallow,0.9814939498901367,0.9814939498901367,species,1,rand_species,/Users/justyna-przy/Projects/ISE/FYP/src/dataset/bird_data/clips/species/hirundo_rustica/XC790309__s4000__e7000.wav,
hirundo_rustica,649964,Hirundo rustica,/Users/justyna-przy/Projects/ISE/FYP/src/dataset/bird_data/raw/hirundo_rustica/XC649964.mp3,1.0,4.0,-27.602882729621825,-38.33526459724295,non_bird,,,0.0,0.0,non_bird,1,nonbird_lowconf,/Users/justyna-przy/Projects/ISE/FYP/src/dataset/bird_data/clips/non_bird/hirundo_rustica/XC649964__s1000__e4000.wav,
hirundo_rustica,649964,Hirundo rustica,/Users/justyna-przy/Projects/ISE/FYP/src/dataset/bird_data/raw/hirundo_rustica/XC649964.mp3,4.0,7.0,-36.78741942978471,-38.33526459724295,non_bird,,,0.0,0.0,non_bird,1,nonbird_lowconf,/Users/justyna-przy/Projects/ISE/FYP/src/dataset/bird_data/clips/non_bird/hirundo_rustica/XC649964__s4000__e7000.wav,
hirundo_rustica,649964,Hirundo rustica,/Users/justyna-przy/Projects/ISE/FYP/src/dataset/bird_data/raw/hirundo_rustica/XC649964.mp3,7.0,10.0,-38.184670266096404,-38.33526459724295,non_bird,,,0.0,0.0,non_bird,0,,,
hirundo_rustica,144981,Hirundo rustica,/Users/justyna-przy/Projects/ISE/FYP/src/dataset/bird_data/raw/hirundo_rustica/XC144981.mp3,19.0,22.0,-21.275231173187088,-24.77561558634697,species,Hirundo rustica,Barn Swallow,0.9873560070991516,0.9873560070991516,species,0,,,
hirundo_rustica,144981,Hirundo rustica,/Users/justyna-przy/Projects/ISE/FYP/src/dataset/bird_data/raw/hirundo_rustica/XC144981.mp3,22.0,25.0,-23.274349894877417,-24.77561558634697,species,Hirundo rustica,Barn Swallow,0.9632948040962219,0.9632948040962219,species,1,rand_species,/Users/justyna-przy/Projects/ISE/FYP/src/dataset/bird_data/clips/species/hirundo_rustica/XC144981__s22000__e25000.wav,
hirundo_rustica,144981,Hirundo rustica,/Users/justyna-przy/Projects/ISE/FYP/src/dataset/bird_data/raw/hirundo_rustica/XC144981.mp3,25.0,28.0,-21.193130766155853,-24.77561558634697,species,Hirundo rustica,Barn Swallow,0.9852077960968018,0.9852077960968018,species,1,rand_species,/Users/justyna-przy/Projects/ISE/FYP/src/dataset/bird_data/clips/species/hirundo_rustica/XC144981__s25000__e28000.wav,
hirundo_rustica,144981,Hirundo rustica,/Users/justyna-przy/Projects/ISE/FYP/src/dataset/bird_data/raw/hirundo_rustica/XC144981.mp3,28.0,31.0,-20.50026774310208,-24.77561558634697,species,Hirundo rustica,Barn Swallow,0.9869920015335083,0.9869920015335083,species,0,,,
hirundo_rustica,144981,Hirundo rustica,/Users/justyna-przy/Projects/ISE/FYP/src/dataset/bird_data/raw/hirundo_rustica/XC144981.mp3,37.0,40.0,-20.9809470658711,-24.77561558634697,species,Hirundo rustica,Barn Swallow,0.9875568151473999,0.9875568151473999,species,1,rand_species,/Users/justyna-przy/Projects/ISE/FYP/src/dataset/bird_data/clips/species/hirundo_rustica/XC144981__s37000__e40000.wav,
hirundo_rustica,144981,Hirundo rustica,/Users/justyna-przy/Projects/ISE/FYP/src/dataset/bird_data/raw/hirundo_rustica/XC144981.mp3,40.0,43.0,-24.102551409008317,-24.77561558634697,species,Hirundo rustica,Barn Swallow,0.997183620929718,0.997183620929718,species,0,,,
hirundo_rustica,922371,Hirundo rustica,/Users/justyna-przy/Projects/ISE/FYP/src/dataset/bird_data/raw/hirundo_rustica/XC922371.mp3,6.0,9.0,-27.785619559949293,-30.428976423326535,species,Hirundo rustica,Barn Swallow,0.9963405132293701,0.9963405132293701,species,0,,,
hirundo_rustica,922371,Hirundo rustica,/Users/justyna-przy/Projects/ISE/FYP/src/dataset/bird_data/raw/hirundo_rustica/XC922371.mp3,9.0,12.0,-29.06379746918889,-30.428976423326535,species,Hirundo rustica,Barn Swallow,0.9703928828239441,0.9703928828239441,species,1,rand_species,/Users/justyna-przy/Projects/ISE/FYP/src/dataset/bird_data/clips/species/hirundo_rustica/XC922371__s9000__e12000.wav,
hirundo_rustica,922371,Hirundo rustica,/Users/justyna-przy/Projects/ISE/FYP/src/dataset/bird_data/raw/hirundo_rustica/XC922371.mp3,15.0,18.0,-29.38644240157757,-30.428976423326535,species,Hirundo rustica,Barn Swallow,0.9978686571121216,0.9978686571121216,species,1,rand_species,/Users/justyna-przy/Projects/ISE/FYP/src/dataset/bird_data/clips/species/hirundo_rustica/XC922371__s15000__e18000.wav,
hirundo_rustica,922371,Hirundo rustica,/Users/justyna-przy/Projects/ISE/FYP/src/dataset/bird_data/raw/hirundo_rustica/XC922371.mp3,21.0,24.0,-28.439273055312363,-30.428976423326535,species,Hirundo rustica,Barn Swallow,0.4323084354400635,0.4323084354400635,species,0,,,
hirundo_rustica,922371,Hirundo rustica,/Users/justyna-przy/Projects/ISE/FYP/src/dataset/bird_data/raw/hirundo_rustica/XC922371.mp3,24.0,27.0,-30.059208546520352,-30.428976423326535,species,Hirundo rustica,Barn Swallow,0.4964991807937622,0.4964991807937622,species,1,rand_species,/Users/justyna-przy/Projects/ISE/FYP/src/dataset/bird_data/clips/species/hirundo_rustica/XC922371__s24000__e27000.wav,
hirundo_rustica,922371,Hirundo rustica,/Users/justyna-przy/Projects/ISE/FYP/src/dataset/bird_data/raw/hirundo_rustica/XC922371.mp3,30.0,33.0,-27.805841550546276,-30.428976423326535,species,Hirundo rustica,Barn Swallow,0.8928045630455017,0.8928045630455017,species,0,,,
hirundo_rustica,192136,Hirundo rustica,/Users/justyna-przy/Projects/ISE/FYP/src/dataset/bird_data/raw/hirundo_rustica/XC192136.mp3,1.0,4.0,-26.902093144444596,-40.0,species,Hirundo rustica,Barn Swallow,0.3474847376346588,0.3474847376346588,species,1,rand_species,/Users/justyna-przy/Projects/ISE/FYP/src/dataset/bird_data/clips/species/hirundo_rustica/XC192136__s1000__e4000.wav,
hirundo_rustica,192136,Hirundo rustica,/Users/justyna-przy/Projects/ISE/FYP/src/dataset/bird_data/raw/hirundo_rustica/XC192136.mp3,4.0,7.0,-37.64609661056957,-40.0,species,Hirundo rustica,Barn Swallow,0.9961850047111511,0.9961850047111511,species,0,,,
hirundo_rustica,192136,Hirundo rustica,/Users/justyna-przy/Projects/ISE/FYP/src/dataset/bird_data/raw/hirundo_rustica/XC192136.mp3,7.0,10.0,-35.738259339394325,-40.0,species,Hirundo rustica,Barn Swallow,0.9775003790855408,0.9775003790855408,species,1,rand_species,/Users/justyna-przy/Projects/ISE/FYP/src/dataset/bird_data/clips/species/hirundo_rustica/XC192136__s7000__e10000.wav,
hirundo_rustica,192136,Hirundo rustica,/Users/justyna-przy/Projects/ISE/FYP/src/dataset/bird_data/raw/hirundo_rustica/XC192136.mp3,13.0,16.0,-38.81000939997347,-40.0,species,Hirundo rustica,Barn Swallow,0.9090787768363953,0.9090787768363953,species,1,rand_species,/Users/justyna-przy/Projects/ISE/FYP/src/dataset/bird_data/clips/species/hirundo_rustica/XC192136__s13000__e16000.wav,
hirundo_rustica,671781,Hirundo rustica,/Users/justyna-przy/Projects/ISE/FYP/src/dataset/bird_data/raw/hirundo_rustica/XC671781.mp3,1.0,4.0,-35.38011106848839,-38.983429174557045,species,Hirundo rustica,Barn Swallow,0.9841497540473938,0.9841497540473938,species,1,rand_species,/Users/justyna-przy/Projects/ISE/FYP/src/dataset/bird_data/clips/species/hirundo_rustica/XC671781__s1000__e4000.wav,
hirundo_rustica,671781,Hirundo rustica,/Users/justyna-przy/Projects/ISE/FYP/src/dataset/bird_data/raw/hirundo_rustica/XC671781.mp3,7.0,10.0,-32.26224818053774,-38.983429174557045,species,Hirundo rustica,Barn Swallow,0.9916399717330933,0.9916399717330933,species,1,rand_species,/Users/justyna-przy/Projects/ISE/FYP/src/dataset/bird_data/clips/species/hirundo_rustica/XC671781__s7000__e10000.wav,
hirundo_rustica,671781,Hirundo rustica,/Users/justyna-przy/Projects/ISE/FYP/src/dataset/bird_data/raw/hirundo_rustica/XC671781.mp3,10.0,13.0,-35.986129593856035,-38.983429174557045,species,Hirundo rustica,Barn Swallow,0.8786393404006958,0.8786393404006958,species,1,rand_species,/Users/justyna-przy/Projects/ISE/FYP/src/dataset/bird_data/clips/species/hirundo_rustica/XC671781__s10000__e13000.wav,
hirundo_rustica,361745,Hirundo rustica,/Users/justyna-przy/Projects/ISE/FYP/src/dataset/bird_data/raw/hirundo_rustica/XC361745.mp3,6.0,9.0,-22.671854250177184,-30.85068009827127,species,Hirundo rustica,Barn Swallow,0.9967139959335327,0.9967139959335327,species,1,rand_species,/Users/justyna-przy/Projects/ISE/FYP/src/dataset/bird_data/clips/species/hirundo_rustica/XC361745__s6000__e9000.wav,
hirundo_rustica,361745,Hirundo rustica,/Users/justyna-przy/Projects/ISE/FYP/src/dataset/bird_data/raw/hirundo_rustica/XC361745.mp3,9.0,12.0,-22.876098729483093,-30.85068009827127,species,Hirundo rustica,Barn Swallow,0.9972978234291077,0.9972978234291077,species,1,rand_species,/Users/justyna-przy/Projects/ISE/FYP/src/dataset/bird_data/clips/species/hirundo_rustica/XC361745__s9000__e12000.wav,
hirundo_rustica,361745,Hirundo rustica,/Users/justyna-przy/Projects/ISE/FYP/src/dataset/bird_data/raw/hirundo_rustica/XC361745.mp3,15.0,18.0,-22.335517863312973,-30.85068009827127,species,Hirundo rustica,Barn Swallow,0.9841698408126831,0.9841698408126831,species,1,rand_species,/Users/justyna-przy/Projects/ISE/FYP/src/dataset/bird_data/clips/species/hirundo_rustica/XC361745__s15000__e18000.wav,
hirundo_rustica,361745,Hirundo rustica,/Users/justyna-przy/Projects/ISE/FYP/src/dataset/bird_data/raw/hirundo_rustica/XC361745.mp3,24.0,27.0,-29.322649459025527,-30.85068009827127,species,Hirundo rustica,Barn Swallow,0.9909583330154419,0.9909583330154419,species,0,,,
hirundo_rustica,361745,Hirundo rustica,/Users/justyna-przy/Projects/ISE/FYP/src/dataset/bird_data/raw/hirundo_rustica/XC361745.mp3,27.0,30.0,-24.790011937250203,-30.85068009827127,species,Hirundo rustica,Barn Swallow,0.9896572232246399,0.9896572232246399,species,0,,,
hirundo_rustica,361745,Hirundo rustica,/Users/justyna-przy/Projects/ISE/FYP/src/dataset/bird_data/raw/hirundo_rustica/XC361745.mp3,30.0,33.0,-26.794522998444528,-30.85068009827127,species,Hirundo rustica,Barn Swallow,0.9765228629112244,0.9765228629112244,species,0,,,
hirundo_rustica,718657,Hirundo rustica,/Users/justyna-przy/Projects/ISE/FYP/src/dataset/bird_data/raw/hirundo_rustica/XC718657.mp3,,,,,,,,,,drop,0,,,no_windows
hirundo_rustica,646907,Hirundo rustica,/Users/justyna-przy/Projects/ISE/FYP/src/dataset/bird_data/raw/hirundo_rustica/XC646907.mp3,1.0,4.0,-31.143206728725694,-32.022139750506426,species,Hirundo rustica,Barn Swallow,0.994640052318573,0.994640052318573,species,0,,,
hirundo_rustica,646907,Hirundo rustica,/Users/justyna-przy/Projects/ISE/FYP/src/dataset/bird_data/raw/hirundo_rustica/XC646907.mp3,4.0,7.0,-31.06920032584845,-32.022139750506426,species,Hirundo rustica,Barn Swallow,0.9924605488777161,0.9924605488777161,species,1,rand_species,/Users/justyna-przy/Projects/ISE/FYP/src/dataset/bird_data/clips/species/hirundo_rustica/XC646907__s4000__e7000.wav,
hirundo_rustica,646907,Hirundo rustica,/Users/justyna-przy/Projects/ISE/FYP/src/dataset/bird_data/raw/hirundo_rustica/XC646907.mp3,7.0,10.0,-28.18126759321364,-32.022139750506426,species,Hirundo rustica,Barn Swallow,0.9787573218345642,0.9787573218345642,species,1,rand_species,/Users/justyna-przy/Projects/ISE/FYP/src/dataset/bird_data/clips/species/hirundo_rustica/XC646907__s7000__e10000.wav,
hirundo_rustica,646907,Hirundo rustica,/Users/justyna-przy/Projects/ISE/FYP/src/dataset/bird_data/raw/hirundo_rustica/XC646907.mp3,10.0,13.0,-31.4785965358521,-32.022139750506426,species,Hirundo rustica,Barn Swallow,0.9951778650283813,0.9951778650283813,species,1,rand_species,/Users/justyna-przy/Projects/ISE/FYP/src/dataset/bird_data/clips/species/hirundo_rustica/XC646907__s10000__e13000.wav,
hirundo_rustica,646907,Hirundo rustica,/Users/justyna-przy/Projects/ISE/FYP/src/dataset/bird_data/raw/hirundo_rustica/XC646907.mp3,13.0,16.0,-31.69729208631757,-32.022139750506426,species,Hirundo rustica,Barn Swallow,0.9630807638168335,0.9630807638168335,species,0,,,
hirundo_rustica,646907,Hirundo rustica,/Users/justyna-przy/Projects/ISE/FYP/src/dataset/bird_data/raw/hirundo_rustica/XC646907.mp3,19.0,22.0,-31.56671244596476,-32.022139750506426,species,Hirundo rustica,Barn Swallow,0.9941391944885254,0.9941391944885254,species,0,,,
hirundo_rustica,107264,Hirundo rustica,/Users/justyna-przy/Projects/ISE/FYP/src/dataset/bird_data/raw/hirundo_rustica/XC107264.mp3,1.0,4.0,-29.675331432358647,-36.562442625790666,species,Hirundo rustica,Barn Swallow,0.9755061864852905,0.9755061864852905,species,1,rand_species,/Users/justyna-przy/Projects/ISE/FYP/src/dataset/bird_data/clips/species/hirundo_rustica/XC107264__s1000__e4000.wav,
hirundo_rustica,107264,Hirundo rustica,/Users/justyna-przy/Projects/ISE/FYP/src/dataset/bird_data/raw/hirundo_rustica/XC107264.mp3,4.0,7.0,-26.180939273494957,-36.562442625790666,species,Hirundo rustica,Barn Swallow,0.9845471978187561,0.9845471978187561,species,1,rand_species,/Users/justyna-przy/Projects/ISE/FYP/src/dataset/bird_data/clips/species/hirundo_rustica/XC107264__s4000__e7000.wav,
hirundo_rustica,107264,Hirundo rustica,/Users/justyna-przy/Projects/ISE/FYP/src/dataset/bird_data/raw/hirundo_rustica/XC107264.mp3,7.0,10.0,-26.69172670162325,-36.562442625790666,species,Hirundo rustica,Barn Swallow,0.9953781366348267,0.9953781366348267,species,1,rand_species,/Users/justyna-przy/Projects/ISE/FYP/src/dataset/bird_data/clips/species/hirundo_rustica/XC107264__s7000__e10000.wav,
hirundo_rustica,107264,Hirundo rustica,/Users/justyna-przy/Projects/ISE/FYP/src/dataset/bird_data/raw/hirundo_rustica/XC107264.mp3,16.0,19.0,-27.406045136199396,-36.562442625790666,species,Hirundo rustica,Barn Swallow,0.9945407509803772,0.9945407509803772,species,0,,,
hirundo_rustica,922365,Hirundo rustica,/Users/justyna-przy/Projects/ISE/FYP/src/dataset/bird_data/raw/hirundo_rustica/XC922365.mp3,4.0,7.0,-30.64818143185992,-35.59168598350912,species,Hirundo rustica,Barn Swallow,0.9257117509841919,0.9257117509841919,species,1,rand_species,/Users/justyna-przy/Projects/ISE/FYP/src/dataset/bird_data/clips/species/hirundo_rustica/XC922365__s4000__e7000.wav,
hirundo_rustica,191909,Hirundo rustica,/Users/justyna-przy/Projects/ISE/FYP/src/dataset/bird_data/raw/hirundo_rustica/XC191909.mp3,1.0,4.0,-36.36569093478678,-40.0,species,Hirundo rustica,Barn Swallow,0.925417423248291,0.925417423248291,species,1,rand_species,/Users/justyna-przy/Projects/ISE/FYP/src/dataset/bird_data/clips/species/hirundo_rustica/XC191909__s1000__e4000.wav,
hirundo_rustica,191909,Hirundo rustica,/Users/justyna-przy/Projects/ISE/FYP/src/dataset/bird_data/raw/hirundo_rustica/XC191909.mp3,13.0,16.0,-37.59558158398586,-40.0,species,Hirundo rustica,Barn Swallow,0.35282060503959656,0.35282060503959656,species,1,rand_species,/Users/justyna-przy/Projects/ISE/FYP/src/dataset/bird_data/clips/species/hirundo_rustica/XC191909__s13000__e16000.wav,
hirundo_rustica,671774,Hirundo rustica,/Users/justyna-przy/Projects/ISE/FYP/src/dataset/bird_data/raw/hirundo_rustica/XC671774.mp3,1.0,4.0,-30.257951311519157,-40.0,species,Hirundo rustica,Barn Swallow,0.9951602816581726,0.9951602816581726,species,1,rand_species,/Users/justyna-przy/Projects/ISE/FYP/src/dataset/bird_data/clips/species/hirundo_rustica/XC671774__s1000__e4000.wav,
hirundo_rustica,671774,Hirundo rustica,/Users/justyna-przy/Projects/ISE/FYP/src/dataset/bird_data/raw/hirundo_rustica/XC671774.mp3,4.0,7.0,-31.646765921730186,-40.0,species,Hirundo rustica,Barn Swallow,0.3300057053565979,0.3300057053565979,species,1,rand_species,/Users/justyna-przy/Projects/ISE/FYP/src/dataset/bird_data/clips/species/hirundo_rustica/XC671774__s4000__e7000.wav,
hirundo_rustica,671774,Hirundo rustica,/Users/justyna-przy/Projects/ISE/FYP/src/dataset/bird_data/raw/hirundo_rustica/XC671774.mp3,10.0,13.0,-39.91478226102858,-40.0,drop,Tringa glareola,Wood Sandpiper,0.7529711723327637,0.7529711723327637,drop,0,,,
hirundo_rustica,671774,Hirundo rustica,/Users/justyna-przy/Projects/ISE/FYP/src/dataset/bird_data/raw/hirundo_rustica/XC671774.mp3,13.0,16.0,-29.659435939818003,-40.0,drop,Tringa glareola,Wood Sandpiper,0.30883529782295227,0.30883529782295227,drop,0,,,
hirundo_rustica,361740,Hirundo rustica,/Users/justyna-przy/Projects/ISE/FYP/src/dataset/bird_data/raw/hirundo_rustica/XC361740.mp3,4.0,7.0,-34.40590159381995,-36.26753166526925,species,Hirundo rustica,Barn Swallow,0.7027326822280884,0.7027326822280884,species,1,rand_species,/Users/justyna-przy/Projects/ISE/FYP/src/dataset/bird_data/clips/species/hirundo_rustica/XC361740__s4000__e7000.wav,
hirundo_rustica,361740,Hirundo rustica,/Users/justyna-przy/Projects/ISE/FYP/src/dataset/bird_data/raw/hirundo_rustica/XC361740.mp3,7.0,10.0,-29.968540887691137,-36.26753166526925,species,Hirundo rustica,Barn Swallow,0.9961985945701599,0.9961985945701599,species,0,,,
hirundo_rustica,361740,Hirundo rustica,/Users/justyna-przy/Projects/ISE/FYP/src/dataset/bird_data/raw/hirundo_rustica/XC361740.mp3,10.0,13.0,-26.950295065124614,-36.26753166526925,species,Hirundo rustica,Barn Swallow,0.9756519794464111,0.9756519794464111,species,1,rand_species,/Users/justyna-przy/Projects/ISE/FYP/src/dataset/bird_data/clips/species/hirundo_rustica/XC361740__s10000__e13000.wav,
hirundo_rustica,361740,Hirundo rustica,/Users/justyna-przy/Projects/ISE/FYP/src/dataset/bird_data/raw/hirundo_rustica/XC361740.mp3,13.0,16.0,-28.114820659033374,-36.26753166526925,species,Hirundo rustica,Barn Swallow,0.993188738822937,0.993188738822937,species,0,,,
hirundo_rustica,361740,Hirundo rustica,/Users/justyna-przy/Projects/ISE/FYP/src/dataset/bird_data/raw/hirundo_rustica/XC361740.mp3,16.0,19.0,-32.16803641750571,-36.26753166526925,species,Hirundo rustica,Barn Swallow,0.9828842878341675,0.9828842878341675,species,0,,,
hirundo_rustica,361740,Hirundo rustica,/Users/justyna-przy/Projects/ISE/FYP/src/dataset/bird_data/raw/hirundo_rustica/XC361740.mp3,19.0,22.0,-31.350663140907862,-36.26753166526925,species,Hirundo rustica,Barn Swallow,0.8836087584495544,0.8836087584495544,species,1,rand_species,/Users/justyna-przy/Projects/ISE/FYP/src/dataset/bird_data/clips/species/hirundo_rustica/XC361740__s19000__e22000.wav,
hirundo_rustica,716873,Hirundo rustica,/Users/justyna-przy/Projects/ISE/FYP/src/dataset/bird_data/raw/hirundo_rustica/XC716873.mp3,4.0,7.0,-31.033730790142048,-32.16999852474911,species,Hirundo rustica,Barn Swallow,0.9012143015861511,0.9012143015861511,species,1,rand_species,/Users/justyna-przy/Projects/ISE/FYP/src/dataset/bird_data/clips/species/hirundo_rustica/XC716873__s4000__e7000.wav,
hirundo_rustica,609237,Hirundo rustica,/Users/justyna-przy/Projects/ISE/FYP/src/dataset/bird_data/raw/hirundo_rustica/XC609237.mp3,1.0,4.0,-33.62186307944866,-37.503284801322,species,Hirundo rustica,Barn Swallow,0.8720750212669373,0.8720750212669373,species,0,,,
hirundo_rustica,609237,Hirundo rustica,/Users/justyna-przy/Projects/ISE/FYP/src/dataset/bird_data/raw/hirundo_rustica/XC609237.mp3,4.0,7.0,-29.880834294868563,-37.503284801322,species,Hirundo rustica,Barn Swallow,0.5873740315437317,0.5873740315437317,species,1,rand_species,/Users/justyna-przy/Projects/ISE/FYP/src/dataset/bird_data/clips/species/hirundo_rustica/XC609237__s4000__e7000.wav,
hirundo_rustica,609237,Hirundo rustica,/Users/justyna-przy/Projects/ISE/FYP/src/dataset/bird_data/raw/hirundo_rustica/XC609237.mp3,13.0,16.0,-33.88546585645204,-37.503284801322,species,Hirundo rustica,Barn Swallow,0.5797332525253296,0.5797332525253296,species,1,rand_species,/Users/justyna-przy/Projects/ISE/FYP/src/dataset/bird_data/clips/species/hirundo_rustica/XC609237__s13000__e16000.wav,
hirundo_rustica,609237,Hirundo rustica,/Users/justyna-przy/Projects/ISE/FYP/src/dataset/bird_data/raw/hirundo_rustica/XC609237.mp3,16.0,19.0,-30.514893029934093,-37.503284801322,species,Hirundo rustica,Barn Swallow,0.9490397572517395,0.9490397572517395,species,1,rand_species,/Users/justyna-przy/Projects/ISE/FYP/src/dataset/bird_data/clips/species/hirundo_rustica/XC609237__s16000__e19000.wav,
hirundo_rustica,1031047,Hirundo rustica,/Users/justyna-przy/Projects/ISE/FYP/src/dataset/bird_data/raw/hirundo_rustica/XC1031047.mp3,1.0,4.0,-36.49009337043238,-40.0,species,Hirundo rustica,Barn Swallow,0.9796289801597595,0.9796289801597595,species,1,rand_species,/Users/justyna-przy/Projects/ISE/FYP/src/dataset/bird_data/clips/species/hirundo_rustica/XC1031047__s1000__e4000.wav,
hirundo_rustica,922362,Hirundo rustica,/Users/justyna-przy/Projects/ISE/FYP/src/dataset/bird_data/raw/hirundo_rustica/XC922362.mp3,4.0,7.0,-31.332894605418716,-40.0,non_bird,,,0.0,0.0,non_bird,1,nonbird_lowconf,/Users/justyna-przy/Projects/ISE/FYP/src/dataset/bird_data/clips/non_bird/hirundo_rustica/XC922362__s4000__e7000.wav,
hirundo_rustica,922362,Hirundo rustica,/Users/justyna-przy/Projects/ISE/FYP/src/dataset/bird_data/raw/hirundo_rustica/XC922362.mp3,7.0,10.0,-28.013279603052887,-40.0,non_bird,,,0.0,0.0,non_bird,1,nonbird_lowconf,/Users/justyna-przy/Projects/ISE/FYP/src/dataset/bird_data/clips/non_bird/hirundo_rustica/XC922362__s7000__e10000.wav,
hirundo_rustica,922362,Hirundo rustica,/Users/justyna-przy/Projects/ISE/FYP/src/dataset/bird_data/raw/hirundo_rustica/XC922362.mp3,16.0,19.0,-36.93227081336576,-40.0,non_bird,,,0.0,0.0,non_bird,0,,,
hirundo_rustica,191639,Hirundo rustica,/Users/justyna-przy/Projects/ISE/FYP/src/dataset/bird_data/raw/hirundo_rustica/XC191639.mp3,1.0,4.0,-32.85943842463712,-34.19149099679358,non_bird,,,0.0,0.0,non_bird,1,nonbird_lowconf,/Users/justyna-przy/Projects/ISE/FYP/src/dataset/bird_data/clips/non_bird/hirundo_rustica/XC191639__s1000__e4000.wav,
hirundo_rustica,191639,Hirundo rustica,/Users/justyna-przy/Projects/ISE/FYP/src/dataset/bird_data/raw/hirundo_rustica/XC191639.mp3,10.0,13.0,-26.642658374489155,-34.19149099679358,species,Hirundo rustica,Barn Swallow,0.35886433720588684,0.35886433720588684,species,1,rand_species,/Users/justyna-przy/Projects/ISE/FYP/src/dataset/bird_data/clips/species/hirundo_rustica/XC191639__s10000__e13000.wav,
hirundo_rustica,191639,Hirundo rustica,/Users/justyna-przy/Projects/ISE/FYP/src/dataset/bird_data/raw/hirundo_rustica/XC191639.mp3,13.0,16.0,-28.998827636506572,-34.19149099679358,species,Hirundo rustica,Barn Swallow,0.6979513168334961,0.6979513168334961,species,0,,,
hirundo_rustica,191639,Hirundo rustica,/Users/justyna-przy/Projects/ISE/FYP/src/dataset/bird_data/raw/hirundo_rustica/XC191639.mp3,16.0,19.0,-31.260706323797645,-34.19149099679358,species,Hirundo rustica,Barn Swallow,0.9936548471450806,0.9936548471450806,species,1,rand_species,/Users/justyna-przy/Projects/ISE/FYP/src/dataset/bird_data/clips/species/hirundo_rustica/XC191639__s16000__e19000.wav,
hirundo_rustica,191639,Hirundo rustica,/Users/justyna-przy/Projects/ISE/FYP/src/dataset/bird_data/raw/hirundo_rustica/XC191639.mp3,19.0,22.0,-28.774973176329958,-34.19149099679358,species,Hirundo rustica,Barn Swallow,0.38003963232040405,0.38003963232040405,species,0,,,
hirundo_rustica,191639,Hirundo rustica,/Users/justyna-przy/Projects/ISE/FYP/src/dataset/bird_data/raw/hirundo_rustica/XC191639.mp3,25.0,28.0,-30.855034753206432,-34.19149099679358,species,Hirundo rustica,Barn Swallow,0.9959160685539246,0.9959160685539246,species,1,rand_species,/Users/justyna-przy/Projects/ISE/FYP/src/dataset/bird_data/clips/species/hirundo_rustica/XC191639__s25000__e28000.wav,
hirundo_rustica,501004,Hirundo rustica,/Users/justyna-przy/Projects/ISE/FYP/src/dataset/bird_data/raw/hirundo_rustica/XC501004.mp3,25.0,28.0,-32.33709527131834,-33.52380664083738,drop,Corvus monedula,Eurasian Jackdaw,0.8716859817504883,0.8716859817504883,drop,0,,,
hirundo_rustica,501004,Hirundo rustica,/Users/justyna-przy/Projects/ISE/FYP/src/dataset/bird_data/raw/hirundo_rustica/XC501004.mp3,28.0,31.0,-32.204567431735185,-33.52380664083738,drop,Corvus monedula,Eurasian Jackdaw,0.49954497814178467,0.49954497814178467,drop,0,,,
hirundo_rustica,501004,Hirundo rustica,/Users/justyna-przy/Projects/ISE/FYP/src/dataset/bird_data/raw/hirundo_rustica/XC501004.mp3,31.0,34.0,-31.831501414570504,-33.52380664083738,drop,Corvus monedula,Eurasian Jackdaw,0.5258124470710754,0.5258124470710754,drop,0,,,
hirundo_rustica,501004,Hirundo rustica,/Users/justyna-przy/Projects/ISE/FYP/src/dataset/bird_data/raw/hirundo_rustica/XC501004.mp3,34.0,37.0,-30.883981267752866,-33.52380664083738,drop,Corvus monedula,Eurasian Jackdaw,0.3640892803668976,0.3640892803668976,drop,0,,,
hirundo_rustica,501004,Hirundo rustica,/Users/justyna-przy/Projects/ISE/FYP/src/dataset/bird_data/raw/hirundo_rustica/XC501004.mp3,37.0,40.0,-33.29845731610442,-33.52380664083738,drop,Corvus monedula,Eurasian Jackdaw,0.6614048480987549,0.6614048480987549,drop,0,,,
hirundo_rustica,501004,Hirundo rustica,/Users/justyna-przy/Projects/ISE/FYP/src/dataset/bird_data/raw/hirundo_rustica/XC501004.mp3,40.0,43.0,-33.24518809663551,-33.52380664083738,drop,Corvus monedula,Eurasian Jackdaw,0.5131728649139404,0.5131728649139404,drop,0,,,
hirundo_rustica,361737,Hirundo rustica,/Users/justyna-przy/Projects/ISE/FYP/src/dataset/bird_data/raw/hirundo_rustica/XC361737.mp3,28.0,31.0,-28.84886641306554,-40.0,species,Hirundo rustica,Barn Swallow,0.9923949241638184,0.9923949241638184,species,1,rand_species,/Users/justyna-przy/Projects/ISE/FYP/src/dataset/bird_data/clips/species/hirundo_rustica/XC361737__s28000__e31000.wav,
hirundo_rustica,361737,Hirundo rustica,/Users/justyna-przy/Projects/ISE/FYP/src/dataset/bird_data/raw/hirundo_rustica/XC361737.mp3,31.0,34.0,-19.789527800044024,-40.0,species,Hirundo rustica,Barn Swallow,0.9959189295768738,0.9959189295768738,species,1,rand_species,/Users/justyna-przy/Projects/ISE/FYP/src/dataset/bird_data/clips/species/hirundo_rustica/XC361737__s31000__e34000.wav,
hirundo_rustica,361737,Hirundo rustica,/Users/justyna-przy/Projects/ISE/FYP/src/dataset/bird_data/raw/hirundo_rustica/XC361737.mp3,34.0,37.0,-17.373978341745946,-40.0,species,Hirundo rustica,Barn Swallow,0.5773245096206665,0.5773245096206665,species,0,,,
hirundo_rustica,361737,Hirundo rustica,/Users/justyna-przy/Projects/ISE/FYP/src/dataset/bird_data/raw/hirundo_rustica/XC361737.mp3,37.0,40.0,-18.68125870677507,-40.0,species,Hirundo rustica,Barn Swallow,0.9995152950286865,0.9995152950286865,species,0,,,
hirundo_rustica,361737,Hirundo rustica,/Users/justyna-przy/Projects/ISE/FYP/src/dataset/bird_data/raw/hirundo_rustica/XC361737.mp3,40.0,43.0,-18.371388363553216,-40.0,species,Hirundo rustica,Barn Swallow,0.9835050702095032,0.9835050702095032,species,1,rand_species,/Users/justyna-przy/Projects/ISE/FYP/src/dataset/bird_data/clips/species/hirundo_rustica/XC361737__s40000__e43000.wav,
hirundo_rustica,713328,Hirundo rustica,/Users/justyna-przy/Projects/ISE/FYP/src/dataset/bird_data/raw/hirundo_rustica/XC713328.mp3,1.0,4.0,-36.94402986927805,-40.0,species,Hirundo rustica,Barn Swallow,0.9781253933906555,0.9781253933906555,species,1,rand_species,/Users/justyna-przy/Projects/ISE/FYP/src/dataset/bird_data/clips/species/hirundo_rustica/XC713328__s1000__e4000.wav,
hirundo_rustica,559606,Hirundo rustica,/Users/justyna-przy/Projects/ISE/FYP/src/dataset/bird_data/raw/hirundo_rustica/XC559606.mp3,1.0,4.0,-22.541403417127807,-24.75196030213725,species,Hirundo rustica,Barn Swallow,0.9989786148071289,0.9989786148071289,species,1,rand_species,/Users/justyna-przy/Projects/ISE/FYP/src/dataset/bird_data/clips/species/hirundo_rustica/XC559606__s1000__e4000.wav,
hirundo_rustica,559606,Hirundo rustica,/Users/justyna-przy/Projects/ISE/FYP/src/dataset/bird_data/raw/hirundo_rustica/XC559606.mp3,4.0,7.0,-20.800783604193064,-24.75196030213725,species,Hirundo rustica,Barn Swallow,0.9955419898033142,0.9955419898033142,species,0,,,
hirundo_rustica,559606,Hirundo rustica,/Users/justyna-przy/Projects/ISE/FYP/src/dataset/bird_data/raw/hirundo_rustica/XC559606.mp3,7.0,10.0,-23.612419468549334,-24.75196030213725,species,Hirundo rustica,Barn Swallow,0.9979057312011719,0.9979057312011719,species,0,,,
hirundo_rustica,559606,Hirundo rustica,/Users/justyna-przy/Projects/ISE/FYP/src/dataset/bird_data/raw/hirundo_rustica/XC559606.mp3,10.0,13.0,-24.322167212669292,-24.75196030213725,species,Hirundo rustica,Barn Swallow,0.9964336156845093,0.9964336156845093,species,1,rand_species,/Users/justyna-przy/Projects/ISE/FYP/src/dataset/bird_data/clips/species/hirundo_rustica/XC559606__s10000__e13000.wav,
hirundo_rustica,559606,Hirundo rustica,/Users/justyna-przy/Projects/ISE/FYP/src/dataset/bird_data/raw/hirundo_rustica/XC559606.mp3,13.0,16.0,-21.676455758177305,-24.75196030213725,species,Hirundo rustica,Barn Swallow,0.9954124093055725,0.9954124093055725,species,1,rand_species,/Users/justyna-przy/Projects/ISE/FYP/src/dataset/bird_data/clips/species/hirundo_rustica/XC559606__s13000__e16000.wav,
hirundo_rustica,559606,Hirundo rustica,/Users/justyna-przy/Projects/ISE/FYP/src/dataset/bird_data/raw/hirundo_rustica/XC559606.mp3,22.0,25.0,-24.670675772356574,-24.75196030213725,species,Hirundo rustica,Barn Swallow,0.9968318343162537,0.9968318343162537,species,0,,,
hirundo_rustica,1007626,Hirundo rustica,/Users/justyna-przy/Projects/ISE/FYP/src/dataset/bird_data/raw/hirundo_rustica/XC1007626.mp3,1.0,4.0,-28.64109686792919,-39.069604003289925,species,Hirundo rustica,Barn Swallow,0.9762036800384521,0.9762036800384521,species,0,,,
hirundo_rustica,1007626,Hirundo rustica,/Users/justyna-przy/Projects/ISE/FYP/src/dataset/bird_data/raw/hirundo_rustica/XC1007626.mp3,4.0,7.0,-24.593875407415883,-39.069604003289925,species,Hirundo rustica,Barn Swallow,0.4196964502334595,0.4196964502334595,species,0,,,
hirundo_rustica,1007626,Hirundo rustica,/Users/justyna-przy/Projects/ISE/FYP/src/dataset/bird_data/raw/hirundo_rustica/XC1007626.mp3,7.0,10.0,-25.607500568880603,-39.069604003289925,species,Hirundo rustica,Barn Swallow,0.9501081109046936,0.9501081109046936,species,1,rand_species,/Users/justyna-przy/Projects/ISE/FYP/src/dataset/bird_data/clips/species/hirundo_rustica/XC1007626__s7000__e10000.wav,
hirundo_rustica,1007626,Hirundo rustica,/Users/justyna-przy/Projects/ISE/FYP/src/dataset/bird_data/raw/hirundo_rustica/XC1007626.mp3,13.0,16.0,-32.896049163635986,-39.069604003289925,species,Hirundo rustica,Barn Swallow,0.43505150079727173,0.43505150079727173,species,1,rand_species,/Users/justyna-przy/Projects/ISE/FYP/src/dataset/bird_data/clips/species/hirundo_rustica/XC1007626__s13000__e16000.wav,
hirundo_rustica,1007626,Hirundo rustica,/Users/justyna-przy/Projects/ISE/FYP/src/dataset/bird_data/raw/hirundo_rustica/XC1007626.mp3,19.0,22.0,-32.58325276668573,-39.069604003289925,species,Hirundo rustica,Barn Swallow,0.8579413294792175,0.8579413294792175,species,1,rand_species,/Users/justyna-przy/Projects/ISE/FYP/src/dataset/bird_data/clips/species/hirundo_rustica/XC1007626__s19000__e22000.wav,
hirundo_rustica,1007626,Hirundo rustica,/Users/justyna-przy/Projects/ISE/FYP/src/dataset/bird_data/raw/hirundo_rustica/XC1007626.mp3,25.0,28.0,-33.31035697644969,-39.069604003289925,species,Hirundo rustica,Barn Swallow,0.3396143913269043,0.3396143913269043,species,0,,,
hirundo_rustica,922360,Hirundo rustica,/Users/justyna-przy/Projects/ISE/FYP/src/dataset/bird_data/raw/hirundo_rustica/XC922360.mp3,17.0,20.0,-38.325395391329906,-40.0,drop,Hirundo rustica,Barn Swallow,0.2799552083015442,0.2799552083015442,drop,0,,,
hirundo_rustica,922360,Hirundo rustica,/Users/justyna-przy/Projects/ISE/FYP/src/dataset/bird_data/raw/hirundo_rustica/XC922360.mp3,23.0,26.0,-31.508129174315535,-40.0,species,Hirundo rustica,Barn Swallow,0.8113692402839661,0.8113692402839661,species,1,rand_species,/Users/justyna-przy/Projects/ISE/FYP/src/dataset/bird_data/clips/species/hirundo_rustica/XC922360__s23000__e26000.wav,
hirundo_rustica,922360,Hirundo rustica,/Users/justyna-przy/Projects/ISE/FYP/src/dataset/bird_data/raw/hirundo_rustica/XC922360.mp3,26.0,29.0,-32.974466020927416,-40.0,drop,Hirundo rustica,Barn Swallow,0.156565323472023,0.156565323472023,drop,0,,,
hirundo_rustica,922360,Hirundo rustica,/Users/justyna-przy/Projects/ISE/FYP/src/dataset/bird_data/raw/hirundo_rustica/XC922360.mp3,29.0,32.0,-38.157007066863656,-40.0,species,Hirundo rustica,Barn Swallow,0.4687753915786743,0.4687753915786743,species,1,rand_species,/Users/justyna-przy/Projects/ISE/FYP/src/dataset/bird_data/clips/species/hirundo_rustica/XC922360__s29000__e32000.wav,
hirundo_rustica,191394,Hirundo rustica,/Users/justyna-przy/Projects/ISE/FYP/src/dataset/bird_data/raw/hirundo_rustica/XC191394.mp3,7.0,10.0,-36.60831713784214,-37.161034188804976,species,Hirundo rustica,Barn Swallow,0.9748225212097168,0.9748225212097168,species,1,rand_species,/Users/justyna-przy/Projects/ISE/FYP/src/dataset/bird_data/clips/species/hirundo_rustica/XC191394__s7000__e10000.wav,
hirundo_rustica,191394,Hirundo rustica,/Users/justyna-przy/Projects/ISE/FYP/src/dataset/bird_data/raw/hirundo_rustica/XC191394.mp3,13.0,16.0,-35.149100618198254,-37.161034188804976,species,Hirundo rustica,Barn Swallow,0.9611668586730957,0.9611668586730957,species,0,,,
hirundo_rustica,191394,Hirundo rustica,/Users/justyna-przy/Projects/ISE/FYP/src/dataset/bird_data/raw/hirundo_rustica/XC191394.mp3,16.0,19.0,-34.35323551267477,-37.161034188804976,species,Hirundo rustica,Barn Swallow,0.48941805958747864,0.48941805958747864,species,0,,,
hirundo_rustica,191394,Hirundo rustica,/Users/justyna-przy/Projects/ISE/FYP/src/dataset/bird_data/raw/hirundo_rustica/XC191394.mp3,19.0,22.0,-36.68196634145892,-37.161034188804976,species,Hirundo rustica,Barn Swallow,0.9565789103507996,0.9565789103507996,species,1,rand_species,/Users/justyna-przy/Projects/ISE/FYP/src/dataset/bird_data/clips/species/hirundo_rustica/XC191394__s19000__e22000.wav,
hirundo_rustica,191394,Hirundo rustica,/Users/justyna-przy/Projects/ISE/FYP/src/dataset/bird_data/raw/hirundo_rustica/XC191394.mp3,22.0,25.0,-35.58833413434339,-37.161034188804976,species,Hirundo rustica,Barn Swallow,0.9774211049079895,0.9774211049079895,species,1,rand_species,/Users/justyna-przy/Projects/ISE/FYP/src/dataset/bird_data/clips/species/hirundo_rustica/XC191394__s22000__e25000.wav,
hirundo_rustica,191394,Hirundo rustica,/Users/justyna-przy/Projects/ISE/FYP/src/dataset/bird_data/raw/hirundo_rustica/XC191394.mp3,25.0,28.0,-35.13367061927388,-37.161034188804976,species,Hirundo rustica,Barn Swallow,0.9615993499755859,0.9615993499755859,species,0,,,
hirundo_rustica,499075,Hirundo rustica,/Users/justyna-przy/Projects/ISE/FYP/src/dataset/bird_data/raw/hirundo_rustica/XC499075.mp3,1.0,4.0,-44.698218754329304,-40.0,drop,Porzana porzana,Spotted Crake,0.9909345507621765,0.9909345507621765,drop,0,,,
hirundo_rustica,309194,Hirundo rustica,/Users/justyna-przy/Projects/ISE/FYP/src/dataset/bird_data/raw/hirundo_rustica/XC309194.mp3,7.0,10.0,-26.731684520295083,-27.70619365592472,species,Hirundo rustica,Barn Swallow,0.9856337904930115,0.9856337904930115,species,1,rand_species,/Users/justyna-przy/Projects/ISE/FYP/src/dataset/bird_data/clips/species/hirundo_rustica/XC309194__s7000__e10000.wav,
hirundo_rustica,309194,Hirundo rustica,/Users/justyna-przy/Projects/ISE/FYP/src/dataset/bird_data/raw/hirundo_rustica/XC309194.mp3,10.0,13.0,-24.14456253254185,-27.70619365592472,species,Hirundo rustica,Barn Swallow,0.9255911111831665,0.9255911111831665,species,1,rand_species,/Users/justyna-przy/Projects/ISE/FYP/src/dataset/bird_data/clips/species/hirundo_rustica/XC309194__s10000__e13000.wav,
hirundo_rustica,309194,Hirundo rustica,/Users/justyna-przy/Projects/ISE/FYP/src/dataset/bird_data/raw/hirundo_rustica/XC309194.mp3,13.0,16.0,-26.35430945617202,-27.70619365592472,species,Hirundo rustica,Barn Swallow,0.8500025272369385,0.8500025272369385,species,1,rand_species,/Users/justyna-przy/Projects/ISE/FYP/src/dataset/bird_data/clips/species/hirundo_rustica/XC309194__s13000__e16000.wav,
hirundo_rustica,704110,Hirundo rustica,/Users/justyna-przy/Projects/ISE/FYP/src/dataset/bird_data/raw/hirundo_rustica/XC704110.mp3,1.0,4.0,-25.703476237926694,-39.750396621889784,non_bird,,,0.0,0.0,non_bird,1,nonbird_lowconf,/Users/justyna-przy/Projects/ISE/FYP/src/dataset/bird_data/clips/non_bird/hirundo_rustica/XC704110__s1000__e4000.wav,
hirundo_rustica,704110,Hirundo rustica,/Users/justyna-przy/Projects/ISE/FYP/src/dataset/bird_data/raw/hirundo_rustica/XC704110.mp3,4.0,7.0,-24.87236500537277,-39.750396621889784,drop,Sericossypha albocristata,White-capped Tanager,0.10880135744810104,0.10880135744810104,drop,0,,,
hirundo_rustica,704110,Hirundo rustica,/Users/justyna-przy/Projects/ISE/FYP/src/dataset/bird_data/raw/hirundo_rustica/XC704110.mp3,7.0,10.0,-31.068773303961564,-39.750396621889784,non_bird,,,0.0,0.0,non_bird,1,nonbird_lowconf,/Users/justyna-przy/Projects/ISE/FYP/src/dataset/bird_data/clips/non_bird/hirundo_rustica/XC704110__s7000__e10000.wav,
hirundo_rustica,704110,Hirundo rustica,/Users/justyna-przy/Projects/ISE/FYP/src/dataset/bird_data/raw/hirundo_rustica/XC704110.mp3,19.0,22.0,-37.53408966549103,-39.750396621889784,non_bird,,,0.0,0.0,non_bird,0,,,
hirundo_rustica,704110,Hirundo rustica,/Users/justyna-przy/Projects/ISE/FYP/src/dataset/bird_data/raw/hirundo_rustica/XC704110.mp3,22.0,25.0,-30.57385092321566,-39.750396621889784,non_bird,,,0.0,0.0,non_bird,0,,,
hirundo_rustica,704110,Hirundo rustica,/Users/justyna-przy/Projects/ISE/FYP/src/dataset/bird_data/raw/hirundo_rustica/XC704110.mp3,25.0,28.0,-29.728064020817456,-39.750396621889784,non_bird,,,0.0,0.0,non_bird,0,,,
hirundo_rustica,511682,Hirundo rustica,/Users/justyna-przy/Projects/ISE/FYP/src/dataset/bird_data/raw/hirundo_rustica/XC511682.mp3,1.0,4.0,-34.49050227804187,-36.09354771869867,species,Hirundo rustica,Barn Swallow,0.9977193474769592,0.9977193474769592,species,1,rand_species,/Users/justyna-przy/Projects/ISE/FYP/src/dataset/bird_data/clips/species/hirundo_rustica/XC511682__s1000__e4000.wav,
hirundo_rustica,511682,Hirundo rustica,/Users/justyna-przy/Projects/ISE/FYP/src/dataset/bird_data/raw/hirundo_rustica/XC511682.mp3,7.0,10.0,-34.42331474888689,-36.09354771869867,species,Hirundo rustica,Barn Swallow,0.9921408891677856,0.9921408891677856,species,1,rand_species,/Users/justyna-przy/Projects/ISE/FYP/src/dataset/bird_data/clips/species/hirundo_rustica/XC511682__s7000__e10000.wav,
hirundo_rustica,511682,Hirundo rustica,/Users/justyna-przy/Projects/ISE/FYP/src/dataset/bird_data/raw/hirundo_rustica/XC511682.mp3,10.0,13.0,-33.87907272899652,-36.09354771869867,species,Hirundo rustica,Barn Swallow,0.9711290597915649,0.9711290597915649,species,1,rand_species,/Users/justyna-przy/Projects/ISE/FYP/src/dataset/bird_data/clips/species/hirundo_rustica/XC511682__s10000__e13000.wav,
hirundo_rustica,511682,Hirundo rustica,/Users/justyna-przy/Projects/ISE/FYP/src/dataset/bird_data/raw/hirundo_rustica/XC511682.mp3,13.0,16.0,-34.03091775798154,-36.09354771869867,species,Hirundo rustica,Barn Swallow,0.975816547870636,0.975816547870636,species,0,,,
hirundo_rustica,1004094,Hirundo rustica,/Users/justyna-przy/Projects/ISE/FYP/src/dataset/bird_data/raw/hirundo_rustica/XC1004094.mp3,26.0,29.0,-36.665662316659564,-40.0,species,Hirundo rustica,Barn Swallow,0.9965368509292603,0.9965368509292603,species,1,rand_species,/Users/justyna-przy/Projects/ISE/FYP/src/dataset/bird_data/clips/species/hirundo_rustica/XC1004094__s26000__e29000.wav,
hirundo_rustica,1004094,Hirundo rustica,/Users/justyna-przy/Projects/ISE/FYP/src/dataset/bird_data/raw/hirundo_rustica/XC1004094.mp3,29.0,32.0,-38.90965886633187,-40.0,species,Hirundo rustica,Barn Swallow,0.7785232067108154,0.7785232067108154,species,1,rand_species,/Users/justyna-przy/Projects/ISE/FYP/src/dataset/bird_data/clips/species/hirundo_rustica/XC1004094__s29000__e32000.wav,
hirundo_rustica,922358,Hirundo rustica,/Users/justyna-przy/Projects/ISE/FYP/src/dataset/bird_data/raw/hirundo_rustica/XC922358.mp3,19.0,22.0,-27.724651829855112,-40.0,drop,Actinodura strigula,Chestnut-tailed Minla,0.21868494153022766,0.21868494153022766,drop,0,,,
hirundo_rustica,922358,Hirundo rustica,/Users/justyna-przy/Projects/ISE/FYP/src/dataset/bird_data/raw/hirundo_rustica/XC922358.mp3,22.0,25.0,-24.327507449509813,-40.0,non_bird,,,0.0,0.0,non_bird,1,nonbird_lowconf,/Users/justyna-przy/Projects/ISE/FYP/src/dataset/bird_data/clips/non_bird/hirundo_rustica/XC922358__s22000__e25000.wav,
hirundo_rustica,922358,Hirundo rustica,/Users/justyna-przy/Projects/ISE/FYP/src/dataset/bird_data/raw/hirundo_rustica/XC922358.mp3,25.0,28.0,-29.178015008053762,-40.0,species,Hirundo rustica,Barn Swallow,0.4284892678260803,0.4284892678260803,species,1,rand_species,/Users/justyna-przy/Projects/ISE/FYP/src/dataset/bird_data/clips/species/hirundo_rustica/XC922358__s25000__e28000.wav,
hirundo_rustica,191152,Hirundo rustica,/Users/justyna-przy/Projects/ISE/FYP/src/dataset/bird_data/raw/hirundo_rustica/XC191152.mp3,1.0,4.0,-38.986514224861864,-40.0,species,Hirundo rustica,Barn Swallow,0.9972681999206543,0.9972681999206543,species,0,,,
hirundo_rustica,191152,Hirundo rustica,/Users/justyna-przy/Projects/ISE/FYP/src/dataset/bird_data/raw/hirundo_rustica/XC191152.mp3,4.0,7.0,-37.79527803895971,-40.0,species,Hirundo rustica,Barn Swallow,0.9884932637214661,0.9884932637214661,species,1,rand_species,/Users/justyna-przy/Projects/ISE/FYP/src/dataset/bird_data/clips/species/hirundo_rustica/XC191152__s4000__e7000.wav,
hirundo_rustica,191152,Hirundo rustica,/Users/justyna-przy/Projects/ISE/FYP/src/dataset/bird_data/raw/hirundo_rustica/XC191152.mp3,7.0,10.0,-39.230616201993634,-40.0,species,Hirundo rustica,Barn Swallow,0.9965386390686035,0.9965386390686035,species,1,rand_species,/Users/justyna-przy/Projects/ISE/FYP/src/dataset/bird_data/clips/species/hirundo_rustica/XC191152__s7000__e10000.wav,
hirundo_rustica,191152,Hirundo rustica,/Users/justyna-przy/Projects/ISE/FYP/src/dataset/bird_data/raw/hirundo_rustica/XC191152.mp3,10.0,13.0,-37.659868236273326,-40.0,species,Hirundo rustica,Barn Swallow,0.9963527917861938,0.9963527917861938,species,1,rand_species,/Users/justyna-przy/Projects/ISE/FYP/src/dataset/bird_data/clips/species/hirundo_rustica/XC191152__s10000__e13000.wav,
hirundo_rustica,191152,Hirundo rustica,/Users/justyna-przy/Projects/ISE/FYP/src/dataset/bird_data/raw/hirundo_rustica/XC191152.mp3,13.0,16.0,-38.44276744266157,-40.0,species,Hirundo rustica,Barn Swallow,0.9934831261634827,0.9934831261634827,species,0,,,
hirundo_rustica,496625,Hirundo rustica,/Users/justyna-przy/Projects/ISE/FYP/src/dataset/bird_data/raw/hirundo_rustica/XC496625.mp3,1.0,4.0,-23.587029684646378,-40.0,species,Hirundo rustica,Barn Swallow,0.9909060001373291,0.9909060001373291,species,1,rand_species,/Users/justyna-przy/Projects/ISE/FYP/src/dataset/bird_data/clips/species/hirundo_rustica/XC496625__s1000__e4000.wav,
hirundo_rustica,496625,Hirundo rustica,/Users/justyna-przy/Projects/ISE/FYP/src/dataset/bird_data/raw/hirundo_rustica/XC496625.mp3,7.0,10.0,-32.996205717809914,-40.0,drop,Emberiza citrinella,Yellowhammer,0.17570531368255615,0.17570531368255615,drop,0,,,
hirundo_rustica,309002,Hirundo rustica,/Users/justyna-przy/Projects/ISE/FYP/src/dataset/bird_data/raw/hirundo_rustica/XC309002.mp3,1.0,4.0,-27.960713691477427,-27.960713691477427,species,Hirundo rustica,Barn Swallow,0.9625256061553955,0.9625256061553955,species,1,rand_species,/Users/justyna-przy/Projects/ISE/FYP/src/dataset/bird_data/clips/species/hirundo_rustica/XC309002__s1000__e4000.wav,
hirundo_rustica,704108,Hirundo rustica,/Users/justyna-przy/Projects/ISE/FYP/src/dataset/bird_data/raw/hirundo_rustica/XC704108.mp3,1.0,4.0,-27.05835447633988,-31.02573197044332,species,Hirundo rustica,Barn Swallow,0.7715069055557251,0.7715069055557251,species,1,rand_species,/Users/justyna-przy/Projects/ISE/FYP/src/dataset/bird_data/clips/species/hirundo_rustica/XC704108__s1000__e4000.wav,
hirundo_rustica,704108,Hirundo rustica,/Users/justyna-przy/Projects/ISE/FYP/src/dataset/bird_data/raw/hirundo_rustica/XC704108.mp3,10.0,13.0,-24.66988857683465,-31.02573197044332,drop,Riparia riparia,Bank Swallow,0.15737731754779816,0.15737731754779816,drop,0,,,
hirundo_rustica,704108,Hirundo rustica,/Users/justyna-przy/Projects/ISE/FYP/src/dataset/bird_data/raw/hirundo_rustica/XC704108.mp3,13.0,16.0,-27.03517184440493,-31.02573197044332,drop,Perdix perdix,Gray Partridge,0.355960875749588,0.355960875749588,drop,0,,,
hirundo_rustica,704108,Hirundo rustica,/Users/justyna-przy/Projects/ISE/FYP/src/dataset/bird_data/raw/hirundo_rustica/XC704108.mp3,19.0,22.0,-28.16686792272341,-31.02573197044332,non_bird,,,0.0,0.0,non_bird,1,nonbird_lowconf,/Users/justyna-przy/Projects/ISE/FYP/src/dataset/bird_data/clips/non_bird/hirundo_rustica/XC704108__s19000__e22000.wav,
hirundo_rustica,704108,Hirundo rustica,/Users/justyna-przy/Projects/ISE/FYP/src/dataset/bird_data/raw/hirundo_rustica/XC704108.mp3,22.0,25.0,-29.909780476445324,-31.02573197044332,drop,Riparia riparia,Bank Swallow,0.10336130112409592,0.10336130112409592,drop,0,,,
hirundo_rustica,704108,Hirundo rustica,/Users/justyna-przy/Projects/ISE/FYP/src/dataset/bird_data/raw/hirundo_rustica/XC704108.mp3,25.0,28.0,-29.55389351922335,-31.02573197044332,drop,Perdix perdix,Gray Partridge,0.12053656578063965,0.12053656578063965,drop,0,,,
hirundo_rustica,387484,Hirundo rustica,/Users/justyna-przy/Projects/ISE/FYP/src/dataset/bird_data/raw/hirundo_rustica/XC387484.mp3,1.0,4.0,-27.069456049549146,-30.59454367438526,species,Hirundo rustica,Barn Swallow,0.3901391923427582,0.3901391923427582,species,1,rand_species,/Users/justyna-przy/Projects/ISE/FYP/src/dataset/bird_data/clips/species/hirundo_rustica/XC387484__s1000__e4000.wav,
hirundo_rustica,387484,Hirundo rustica,/Users/justyna-przy/Projects/ISE/FYP/src/dataset/bird_data/raw/hirundo_rustica/XC387484.mp3,4.0,7.0,-27.9757965414452,-30.59454367438526,drop,Spinus magellanicus,Hooded Siskin,0.1190105751156807,0.1190105751156807,drop,0,,,
hirundo_rustica,387484,Hirundo rustica,/Users/justyna-przy/Projects/ISE/FYP/src/dataset/bird_data/raw/hirundo_rustica/XC387484.mp3,10.0,13.0,-27.699994910947545,-30.59454367438526,species,Hirundo rustica,Barn Swallow,0.9504743218421936,0.9504743218421936,species,1,rand_species,/Users/justyna-przy/Projects/ISE/FYP/src/dataset/bird_data/clips/species/hirundo_rustica/XC387484__s10000__e13000.wav,
hirundo_rustica,1003677,Hirundo rustica,/Users/justyna-przy/Projects/ISE/FYP/src/dataset/bird_data/raw/hirundo_rustica/XC1003677.mp3,1.0,4.0,-25.9686283401104,-25.9686283401104,species,Hirundo rustica,Barn Swallow,0.9583293795585632,0.9583293795585632,species,1,rand_species,/Users/justyna-przy/Projects/ISE/FYP/src/dataset/bird_data/clips/species/hirundo_rustica/XC1003677__s1000__e4000.wav,
hirundo_rustica,919197,Hirundo rustica,/Users/justyna-przy/Projects/ISE/FYP/src/dataset/bird_data/raw/hirundo_rustica/XC919197.mp3,1.0,4.0,-29.38933468776744,-32.60345139848164,species,Hirundo rustica,Barn Swallow,0.9947031140327454,0.9947031140327454,species,0,,,
hirundo_rustica,919197,Hirundo rustica,/Users/justyna-przy/Projects/ISE/FYP/src/dataset/bird_data/raw/hirundo_rustica/XC919197.mp3,7.0,10.0,-30.33798652330425,-32.60345139848164,species,Hirundo rustica,Barn Swallow,0.9792616367340088,0.9792616367340088,species,1,rand_species,/Users/justyna-przy/Projects/ISE/FYP/src/dataset/bird_data/clips/species/hirundo_rustica/XC919197__s7000__e10000.wav,
hirundo_rustica,919197,Hirundo rustica,/Users/justyna-przy/Projects/ISE/FYP/src/dataset/bird_data/raw/hirundo_rustica/XC919197.mp3,10.0,13.0,-29.837866253417126,-32.60345139848164,species,Hirundo rustica,Barn Swallow,0.9959537982940674,0.9959537982940674,species,0,,,
hirundo_rustica,919197,Hirundo rustica,/Users/justyna-przy/Projects/ISE/FYP/src/dataset/bird_data/raw/hirundo_rustica/XC919197.mp3,13.0,16.0,-30.653504338835106,-32.60345139848164,species,Hirundo rustica,Barn Swallow,0.9982584118843079,0.9982584118843079,species,1,rand_species,/Users/justyna-przy/Projects/ISE/FYP/src/dataset/bird_data/clips/species/hirundo_rustica/XC919197__s13000__e16000.wav,
hirundo_rustica,919197,Hirundo rustica,/Users/justyna-przy/Projects/ISE/FYP/src/dataset/bird_data/raw/hirundo_rustica/XC919197.mp3,19.0,22.0,-31.432796004493568,-32.60345139848164,species,Hirundo rustica,Barn Swallow,0.9950830936431885,0.9950830936431885,species,1,rand_species,/Users/justyna-przy/Projects/ISE/FYP/src/dataset/bird_data/clips/species/hirundo_rustica/XC919197__s19000__e22000.wav,
hirundo_rustica,919197,Hirundo rustica,/Users/justyna-przy/Projects/ISE/FYP/src/dataset/bird_data/raw/hirundo_rustica/XC919197.mp3,25.0,28.0,-32.559024896042324,-32.60345139848164,species,Hirundo rustica,Barn Swallow,0.9972525238990784,0.9972525238990784,species,0,,,
hirundo_rustica,190654,Hirundo rustica,/Users/justyna-przy/Projects/ISE/FYP/src/dataset/bird_data/raw/hirundo_rustica/XC190654.mp3,16.0,19.0,-27.024761229100825,-40.0,species,Hirundo rustica,Barn Swallow,0.9932470321655273,0.9932470321655273,species,0,,,
hirundo_rustica,190654,Hirundo rustica,/Users/justyna-przy/Projects/ISE/FYP/src/dataset/bird_data/raw/hirundo_rustica/XC190654.mp3,19.0,22.0,-30.561791278263897,-40.0,species,Hirundo rustica,Barn Swallow,0.998026430606842,0.998026430606842,species,1,rand_species,/Users/justyna-przy/Projects/ISE/FYP/src/dataset/bird_data/clips/species/hirundo_rustica/XC190654__s19000__e22000.wav,
hirundo_rustica,190654,Hirundo rustica,/Users/justyna-przy/Projects/ISE/FYP/src/dataset/bird_data/raw/hirundo_rustica/XC190654.mp3,28.0,31.0,-37.65981633406489,-40.0,species,Hirundo rustica,Barn Swallow,0.9725516438484192,0.9725516438484192,species,1,rand_species,/Users/justyna-przy/Projects/ISE/FYP/src/dataset/bird_data/clips/species/hirundo_rustica/XC190654__s28000__e31000.wav,
hirundo_rustica,190654,Hirundo rustica,/Users/justyna-przy/Projects/ISE/FYP/src/dataset/bird_data/raw/hirundo_rustica/XC190654.mp3,37.0,40.0,-33.86941037846372,-40.0,drop,Hirundo rustica,Barn Swallow,0.1149730533361435,0.1149730533361435,drop,0,,,
hirundo_rustica,190654,Hirundo rustica,/Users/justyna-przy/Projects/ISE/FYP/src/dataset/bird_data/raw/hirundo_rustica/XC190654.mp3,40.0,43.0,-38.964027266635156,-40.0,species,Hirundo rustica,Barn Swallow,0.42208772897720337,0.42208772897720337,species,1,rand_species,/Users/justyna-przy/Projects/ISE/FYP/src/dataset/bird_data/clips/species/hirundo_rustica/XC190654__s40000__e43000.wav,
hirundo_rustica,496624,Hirundo rustica,/Users/justyna-przy/Projects/ISE/FYP/src/dataset/bird_data/raw/hirundo_rustica/XC496624.mp3,1.0,4.0,-31.26833513845332,-32.72952915109525,non_bird,,,0.0,0.0,non_bird,1,nonbird_lowconf,/Users/justyna-przy/Projects/ISE/FYP/src/dataset/bird_data/clips/non_bird/hirundo_rustica/XC496624__s1000__e4000.wav,
hirundo_rustica,496624,Hirundo rustica,/Users/justyna-przy/Projects/ISE/FYP/src/dataset/bird_data/raw/hirundo_rustica/XC496624.mp3,10.0,13.0,-23.75358109331719,-32.72952915109525,species,Hirundo rustica,Barn Swallow,0.9951387643814087,0.9951387643814087,species,1,rand_species,/Users/justyna-przy/Projects/ISE/FYP/src/dataset/bird_data/clips/species/hirundo_rustica/XC496624__s10000__e13000.wav,
hirundo_rustica,496624,Hirundo rustica,/Users/justyna-przy/Projects/ISE/FYP/src/dataset/bird_data/raw/hirundo_rustica/XC496624.mp3,13.0,16.0,-23.295513802502768,-32.72952915109525,species,Hirundo rustica,Barn Swallow,0.9906792044639587,0.9906792044639587,species,1,rand_species,/Users/justyna-przy/Projects/ISE/FYP/src/dataset/bird_data/clips/species/hirundo_rustica/XC496624__s13000__e16000.wav,
hirundo_rustica,496624,Hirundo rustica,/Users/justyna-przy/Projects/ISE/FYP/src/dataset/bird_data/raw/hirundo_rustica/XC496624.mp3,16.0,19.0,-26.881283834449853,-32.72952915109525,species,Hirundo rustica,Barn Swallow,0.9725822806358337,0.9725822806358337,species,0,,,
hirundo_rustica,496624,Hirundo rustica,/Users/justyna-przy/Projects/ISE/FYP/src/dataset/bird_data/raw/hirundo_rustica/XC496624.mp3,19.0,22.0,-31.818854265629582,-32.72952915109525,species,Hirundo rustica,Barn Swallow,0.7818183898925781,0.7818183898925781,species,0,,,
hirundo_rustica,496624,Hirundo rustica,/Users/justyna-przy/Projects/ISE/FYP/src/dataset/bird_data/raw/hirundo_rustica/XC496624.mp3,22.0,25.0,-30.361501923938576,-32.72952915109525,species,Hirundo rustica,Barn Swallow,0.9201672077178955,0.9201672077178955,species,1,rand_species,/Users/justyna-przy/Projects/ISE/FYP/src/dataset/bird_data/clips/species/hirundo_rustica/XC496624__s22000__e25000.wav,
hirundo_rustica,704105,Hirundo rustica,/Users/justyna-przy/Projects/ISE/FYP/src/dataset/bird_data/raw/hirundo_rustica/XC704105.mp3,1.0,4.0,-35.436404636515626,-40.0,drop,Tityra inquisitor,Black-crowned Tityra,0.13470473885536194,0.13470473885536194,drop,0,,,
hirundo_rustica,704105,Hirundo rustica,/Users/justyna-przy/Projects/ISE/FYP/src/dataset/bird_data/raw/hirundo_rustica/XC704105.mp3,4.0,7.0,-36.66944725858613,-40.0,non_bird,,,0.0,0.0,non_bird,1,nonbird_lowconf,/Users/justyna-przy/Projects/ISE/FYP/src/dataset/bird_data/clips/non_bird/hirundo_rustica/XC704105__s4000__e7000.wav,
hirundo_rustica,704105,Hirundo rustica,/Users/justyna-przy/Projects/ISE/FYP/src/dataset/bird_data/raw/hirundo_rustica/XC704105.mp3,10.0,13.0,-35.47201131850526,-40.0,non_bird,,,0.0,0.0,non_bird,1,nonbird_lowconf,/Users/justyna-przy/Projects/ISE/FYP/src/dataset/bird_data/clips/non_bird/hirundo_rustica/XC704105__s10000__e13000.wav,
hirundo_rustica,704105,Hirundo rustica,/Users/justyna-przy/Projects/ISE/FYP/src/dataset/bird_data/raw/hirundo_rustica/XC704105.mp3,19.0,22.0,-35.32237921950549,-40.0,drop,Tityra inquisitor,Black-crowned Tityra,0.19638928771018982,0.19638928771018982,drop,0,,,
hirundo_rustica,704105,Hirundo rustica,/Users/justyna-przy/Projects/ISE/FYP/src/dataset/bird_data/raw/hirundo_rustica/XC704105.mp3,22.0,25.0,-38.31481046106265,-40.0,non_bird,,,0.0,0.0,non_bird,0,,,
hirundo_rustica,378427,Hirundo rustica,/Users/justyna-przy/Projects/ISE/FYP/src/dataset/bird_data/raw/hirundo_rustica/XC378427.mp3,1.0,4.0,-29.997578785802283,-38.26566045015406,species,Hirundo rustica,Barn Swallow,0.9972479939460754,0.9972479939460754,species,1,rand_species,/Users/justyna-przy/Projects/ISE/FYP/src/dataset/bird_data/clips/species/hirundo_rustica/XC378427__s1000__e4000.wav,
hirundo_rustica,378427,Hirundo rustica,/Users/justyna-przy/Projects/ISE/FYP/src/dataset/bird_data/raw/hirundo_rustica/XC378427.mp3,4.0,7.0,-29.487059541902916,-38.26566045015406,species,Hirundo rustica,Barn Swallow,0.9961782693862915,0.9961782693862915,species,1,rand_species,/Users/justyna-przy/Projects/ISE/FYP/src/dataset/bird_data/clips/species/hirundo_rustica/XC378427__s4000__e7000.wav,
hirundo_rustica,378427,Hirundo rustica,/Users/justyna-przy/Projects/ISE/FYP/src/dataset/bird_data/raw/hirundo_rustica/XC378427.mp3,7.0,10.0,-32.9780666648625,-38.26566045015406,species,Hirundo rustica,Barn Swallow,0.9949571490287781,0.9949571490287781,species,1,rand_species,/Users/justyna-przy/Projects/ISE/FYP/src/dataset/bird_data/clips/species/hirundo_rustica/XC378427__s7000__e10000.wav,
hirundo_rustica,922173,Hirundo rustica,/Users/justyna-przy/Projects/ISE/FYP/src/dataset/bird_data/raw/hirundo_rustica/XC922173.mp3,1.0,4.0,-38.37173475381079,-39.47371020487543,species,Hirundo rustica,Barn Swallow,0.6083358526229858,0.6083358526229858,species,1,rand_species,/Users/justyna-przy/Projects/ISE/FYP/src/dataset/bird_data/clips/species/hirundo_rustica/XC922173__s1000__e4000.wav,
hirundo_rustica,922173,Hirundo rustica,/Users/justyna-przy/Projects/ISE/FYP/src/dataset/bird_data/raw/hirundo_rustica/XC922173.mp3,4.0,7.0,-38.967388808136036,-39.47371020487543,species,Hirundo rustica,Barn Swallow,0.8762105703353882,0.8762105703353882,species,1,rand_species,/Users/justyna-przy/Projects/ISE/FYP/src/dataset/bird_data/clips/species/hirundo_rustica/XC922173__s4000__e7000.wav,
hirundo_rustica,922173,Hirundo rustica,/Users/justyna-przy/Projects/ISE/FYP/src/dataset/bird_data/raw/hirundo_rustica/XC922173.mp3,13.0,16.0,-38.96638976088069,-39.47371020487543,species,Hirundo rustica,Barn Swallow,0.9717361927032471,0.9717361927032471,species,1,rand_species,/Users/justyna-przy/Projects/ISE/FYP/src/dataset/bird_data/clips/species/hirundo_rustica/XC922173__s13000__e16000.wav,
hirundo_rustica,922173,Hirundo rustica,/Users/justyna-przy/Projects/ISE/FYP/src/dataset/bird_data/raw/hirundo_rustica/XC922173.mp3,16.0,19.0,-35.63870568813404,-39.47371020487543,species,Hirundo rustica,Barn Swallow,0.9197015762329102,0.9197015762329102,species,0,,,
hirundo_rustica,922173,Hirundo rustica,/Users/justyna-przy/Projects/ISE/FYP/src/dataset/bird_data/raw/hirundo_rustica/XC922173.mp3,19.0,22.0,-36.41524548075666,-39.47371020487543,species,Hirundo rustica,Barn Swallow,0.9769858717918396,0.9769858717918396,species,0,,,
hirundo_rustica,922173,Hirundo rustica,/Users/justyna-przy/Projects/ISE/FYP/src/dataset/bird_data/raw/hirundo_rustica/XC922173.mp3,25.0,28.0,-37.02328285317363,-39.47371020487543,species,Hirundo rustica,Barn Swallow,0.923090934753418,0.923090934753418,species,0,,,
hirundo_rustica,740629,Hirundo rustica,/Users/justyna-przy/Projects/ISE/FYP/src/dataset/bird_data/raw/hirundo_rustica/XC740629.mp3,1.0,4.0,-22.304770038583428,-22.304770038583428,species,Hirundo rustica,Barn Swallow,0.9958217144012451,0.9958217144012451,species,1,rand_species,/Users/justyna-przy/Projects/ISE/FYP/src/dataset/bird_data/clips/species/hirundo_rustica/XC740629__s1000__e4000.wav,
hirundo_rustica,190653,Hirundo rustica,/Users/justyna-przy/Projects/ISE/FYP/src/dataset/bird_data/raw/hirundo_rustica/XC190653.mp3,1.0,4.0,-37.22357840871722,-40.0,drop,Streptopelia decaocto,Eurasian Collared-Dove,0.7317770719528198,0.7317770719528198,drop,0,,,
hirundo_rustica,190653,Hirundo rustica,/Users/justyna-przy/Projects/ISE/FYP/src/dataset/bird_data/raw/hirundo_rustica/XC190653.mp3,4.0,7.0,-30.881327965308788,-40.0,species,Hirundo rustica,Barn Swallow,0.9910803437232971,0.9910803437232971,species,1,rand_species,/Users/justyna-przy/Projects/ISE/FYP/src/dataset/bird_data/clips/species/hirundo_rustica/XC190653__s4000__e7000.wav,
hirundo_rustica,190653,Hirundo rustica,/Users/justyna-przy/Projects/ISE/FYP/src/dataset/bird_data/raw/hirundo_rustica/XC190653.mp3,7.0,10.0,-35.88205120696295,-40.0,non_bird,,,0.0,0.0,non_bird,1,nonbird_lowconf,/Users/justyna-przy/Projects/ISE/FYP/src/dataset/bird_data/clips/non_bird/hirundo_rustica/XC190653__s7000__e10000.wav,
hirundo_rustica,190653,Hirundo rustica,/Users/justyna-przy/Projects/ISE/FYP/src/dataset/bird_data/raw/hirundo_rustica/XC190653.mp3,10.0,13.0,-38.64580594001485,-40.0,non_bird,,,0.0,0.0,non_bird,1,nonbird_lowconf,/Users/justyna-przy/Projects/ISE/FYP/src/dataset/bird_data/clips/non_bird/hirundo_rustica/XC190653__s10000__e13000.wav,
hirundo_rustica,190653,Hirundo rustica,/Users/justyna-przy/Projects/ISE/FYP/src/dataset/bird_data/raw/hirundo_rustica/XC190653.mp3,13.0,16.0,-35.95096577576506,-40.0,non_bird,,,0.0,0.0,non_bird,0,,,
hirundo_rustica,190653,Hirundo rustica,/Users/justyna-przy/Projects/ISE/FYP/src/dataset/bird_data/raw/hirundo_rustica/XC190653.mp3,16.0,19.0,-39.307648862220134,-40.0,drop,Hirundo rustica,Barn Swallow,0.19588793814182281,0.19588793814182281,drop,0,,,
hirundo_rustica,197400,Hirundo rustica,/Users/justyna-przy/Projects/ISE/FYP/src/dataset/bird_data/raw/hirundo_rustica/XC197400.mp3,11.0,14.0,-32.721989814024404,-35.827315849380945,species,Hirundo rustica,Barn Swallow,0.847412109375,0.847412109375,species,0,,,
hirundo_rustica,197400,Hirundo rustica,/Users/justyna-przy/Projects/ISE/FYP/src/dataset/bird_data/raw/hirundo_rustica/XC197400.mp3,14.0,17.0,-35.78928132312517,-35.827315849380945,species,Hirundo rustica,Barn Swallow,0.8021901249885559,0.8021901249885559,species,0,,,
hirundo_rustica,197400,Hirundo rustica,/Users/justyna-przy/Projects/ISE/FYP/src/dataset/bird_data/raw/hirundo_rustica/XC197400.mp3,20.0,23.0,-31.761837681121982,-35.827315849380945,species,Hirundo rustica,Barn Swallow,0.9931241869926453,0.9931241869926453,species,1,rand_species,/Users/justyna-przy/Projects/ISE/FYP/src/dataset/bird_data/clips/species/hirundo_rustica/XC197400__s20000__e23000.wav,
hirundo_rustica,197400,Hirundo rustica,/Users/justyna-przy/Projects/ISE/FYP/src/dataset/bird_data/raw/hirundo_rustica/XC197400.mp3,23.0,26.0,-32.281664321247376,-35.827315849380945,species,Hirundo rustica,Barn Swallow,0.9463676810264587,0.9463676810264587,species,1,rand_species,/Users/justyna-przy/Projects/ISE/FYP/src/dataset/bird_data/clips/species/hirundo_rustica/XC197400__s23000__e26000.wav,
hirundo_rustica,197400,Hirundo rustica,/Users/justyna-przy/Projects/ISE/FYP/src/dataset/bird_data/raw/hirundo_rustica/XC197400.mp3,26.0,29.0,-26.644662856211635,-35.827315849380945,species,Hirundo rustica,Barn Swallow,0.9210960865020752,0.9210960865020752,species,1,rand_species,/Users/justyna-przy/Projects/ISE/FYP/src/dataset/bird_data/clips/species/hirundo_rustica/XC197400__s26000__e29000.wav,
hirundo_rustica,197400,Hirundo rustica,/Users/justyna-przy/Projects/ISE/FYP/src/dataset/bird_data/raw/hirundo_rustica/XC197400.mp3,35.0,38.0,-30.14537920441551,-35.827315849380945,species,Hirundo rustica,Barn Swallow,0.9693682193756104,0.9693682193756104,species,0,,,
hirundo_rustica,704103,Hirundo rustica,/Users/justyna-przy/Projects/ISE/FYP/src/dataset/bird_data/raw/hirundo_rustica/XC704103.mp3,6.0,9.0,-25.077561874763997,-30.63763867219574,non_bird,,,0.0,0.0,non_bird,1,nonbird_lowconf,/Users/justyna-przy/Projects/ISE/FYP/src/dataset/bird_data/clips/non_bird/hirundo_rustica/XC704103__s6000__e9000.wav,
hirundo_rustica,704103,Hirundo rustica,/Users/justyna-przy/Projects/ISE/FYP/src/dataset/bird_data/raw/hirundo_rustica/XC704103.mp3,9.0,12.0,-27.15967369153608,-30.63763867219574,drop,Hippolais icterina,Icterine Warbler,0.1004626676440239,0.1004626676440239,drop,0,,,
hirundo_rustica,704103,Hirundo rustica,/Users/justyna-przy/Projects/ISE/FYP/src/dataset/bird_data/raw/hirundo_rustica/XC704103.mp3,12.0,15.0,-28.21734697282026,-30.63763867219574,non_bird,,,0.0,0.0,non_bird,1,nonbird_lowconf,/Users/justyna-przy/Projects/ISE/FYP/src/dataset/bird_data/clips/non_bird/hirundo_rustica/XC704103__s12000__e15000.wav,
hirundo_rustica,704103,Hirundo rustica,/Users/justyna-przy/Projects/ISE/FYP/src/dataset/bird_data/raw/hirundo_rustica/XC704103.mp3,15.0,18.0,-29.833777665962895,-30.63763867219574,drop,Sericossypha albocristata,White-capped Tanager,0.12535136938095093,0.12535136938095093,drop,0,,,
hirundo_rustica,704103,Hirundo rustica,/Users/justyna-przy/Projects/ISE/FYP/src/dataset/bird_data/raw/hirundo_rustica/XC704103.mp3,18.0,21.0,-29.148999897601247,-30.63763867219574,drop,Sericossypha albocristata,White-capped Tanager,0.17479562759399414,0.17479562759399414,drop,0,,,
hirundo_rustica,704103,Hirundo rustica,/Users/justyna-przy/Projects/ISE/FYP/src/dataset/bird_data/raw/hirundo_rustica/XC704103.mp3,21.0,24.0,-25.52839104777709,-30.63763867219574,drop,Cinnycerthia unirufa,Rufous Wren,0.14405669271945953,0.14405669271945953,drop,0,,,
hirundo_rustica,320886,Hirundo rustica,/Users/justyna-przy/Projects/ISE/FYP/src/dataset/bird_data/raw/hirundo_rustica/XC320886.mp3,1.0,4.0,-33.184261750329284,-40.0,non_bird,,,0.0,0.0,non_bird,1,nonbird_lowconf,/Users/justyna-przy/Projects/ISE/FYP/src/dataset/bird_data/clips/non_bird/hirundo_rustica/XC320886__s1000__e4000.wav,
hirundo_rustica,320886,Hirundo rustica,/Users/justyna-przy/Projects/ISE/FYP/src/dataset/bird_data/raw/hirundo_rustica/XC320886.mp3,7.0,10.0,-39.46499392981123,-40.0,drop,Hirundo rustica,Barn Swallow,0.14732562005519867,0.14732562005519867,drop,0,,,
hirundo_rustica,920455,Hirundo rustica,/Users/justyna-przy/Projects/ISE/FYP/src/dataset/bird_data/raw/hirundo_rustica/XC920455.mp3,29.0,32.0,-21.972028004340963,-25.253677520223544,species,Hirundo rustica,Barn Swallow,0.9703731536865234,0.9703731536865234,species,0,,,
hirundo_rustica,920455,Hirundo rustica,/Users/justyna-przy/Projects/ISE/FYP/src/dataset/bird_data/raw/hirundo_rustica/XC920455.mp3,32.0,35.0,-21.16780821457288,-25.253677520223544,species,Hirundo rustica,Barn Swallow,0.9928401708602905,0.9928401708602905,species,1,rand_species,/Users/justyna-przy/Projects/ISE/FYP/src/dataset/bird_data/clips/species/hirundo_rustica/XC920455__s32000__e35000.wav,
hirundo_rustica,920455,Hirundo rustica,/Users/justyna-przy/Projects/ISE/FYP/src/dataset/bird_data/raw/hirundo_rustica/XC920455.mp3,35.0,38.0,-23.767948386137444,-25.253677520223544,species,Hirundo rustica,Barn Swallow,0.9966456294059753,0.9966456294059753,species,1,rand_species,/Users/justyna-przy/Projects/ISE/FYP/src/dataset/bird_data/clips/species/hirundo_rustica/XC920455__s35000__e38000.wav,
hirundo_rustica,920455,Hirundo rustica,/Users/justyna-przy/Projects/ISE/FYP/src/dataset/bird_data/raw/hirundo_rustica/XC920455.mp3,38.0,41.0,-24.910914856218938,-25.253677520223544,species,Hirundo rustica,Barn Swallow,0.9862598180770874,0.9862598180770874,species,0,,,
hirundo_rustica,920455,Hirundo rustica,/Users/justyna-przy/Projects/ISE/FYP/src/dataset/bird_data/raw/hirundo_rustica/XC920455.mp3,41.0,44.0,-24.79558709792486,-25.253677520223544,species,Hirundo rustica,Barn Swallow,0.981286346912384,0.981286346912384,species,1,rand_species,/Users/justyna-przy/Projects/ISE/FYP/src/dataset/bird_data/clips/species/hirundo_rustica/XC920455__s41000__e44000.wav,
hirundo_rustica,920455,Hirundo rustica,/Users/justyna-przy/Projects/ISE/FYP/src/dataset/bird_data/raw/hirundo_rustica/XC920455.mp3,44.0,47.0,-22.294111708786808,-25.253677520223544,species,Hirundo rustica,Barn Swallow,0.9762164950370789,0.9762164950370789,species,0,,,
hirundo_rustica,664783,Hirundo rustica,/Users/justyna-przy/Projects/ISE/FYP/src/dataset/bird_data/raw/hirundo_rustica/XC664783.mp3,21.0,24.0,-33.25199704175969,-33.723272076953116,drop,Hirundo rustica,Barn Swallow,0.20786462724208832,0.20786462724208832,drop,0,,,
hirundo_rustica,664783,Hirundo rustica,/Users/justyna-przy/Projects/ISE/FYP/src/dataset/bird_data/raw/hirundo_rustica/XC664783.mp3,30.0,33.0,-30.020334370540652,-33.723272076953116,drop,Motacilla alba,White Wagtail,0.5084708333015442,0.5084708333015442,drop,0,,,
hirundo_rustica,664783,Hirundo rustica,/Users/justyna-przy/Projects/ISE/FYP/src/dataset/bird_data/raw/hirundo_rustica/XC664783.mp3,33.0,36.0,-31.042764010957047,-33.723272076953116,species,Hirundo rustica,Barn Swallow,0.6439926028251648,0.6439926028251648,species,0,,,
hirundo_rustica,664783,Hirundo rustica,/Users/justyna-przy/Projects/ISE/FYP/src/dataset/bird_data/raw/hirundo_rustica/XC664783.mp3,36.0,39.0,-27.848859210970154,-33.723272076953116,species,Hirundo rustica,Barn Swallow,0.9465213418006897,0.9465213418006897,species,1,rand_species,/Users/justyna-przy/Projects/ISE/FYP/src/dataset/bird_data/clips/species/hirundo_rustica/XC664783__s36000__e39000.wav,
hirundo_rustica,664783,Hirundo rustica,/Users/justyna-przy/Projects/ISE/FYP/src/dataset/bird_data/raw/hirundo_rustica/XC664783.mp3,39.0,42.0,-29.819215167129407,-33.723272076953116,species,Hirundo rustica,Barn Swallow,0.9189501404762268,0.9189501404762268,species,1,rand_species,/Users/justyna-przy/Projects/ISE/FYP/src/dataset/bird_data/clips/species/hirundo_rustica/XC664783__s39000__e42000.wav,
hirundo_rustica,664783,Hirundo rustica,/Users/justyna-przy/Projects/ISE/FYP/src/dataset/bird_data/raw/hirundo_rustica/XC664783.mp3,42.0,45.0,-32.09586647111509,-33.723272076953116,species,Hirundo rustica,Barn Swallow,0.9870662093162537,0.9870662093162537,species,1,rand_species,/Users/justyna-przy/Projects/ISE/FYP/src/dataset/bird_data/clips/species/hirundo_rustica/XC664783__s42000__e45000.wav,
hirundo_rustica,190651,Hirundo rustica,/Users/justyna-przy/Projects/ISE/FYP/src/dataset/bird_data/raw/hirundo_rustica/XC190651.mp3,1.0,4.0,-33.36685736545377,-37.306071821742336,drop,Habia rubica,Red-crowned Ant-Tanager,0.12394867092370987,0.12394867092370987,drop,0,,,
hirundo_rustica,190651,Hirundo rustica,/Users/justyna-przy/Projects/ISE/FYP/src/dataset/bird_data/raw/hirundo_rustica/XC190651.mp3,4.0,7.0,-28.760110161453184,-37.306071821742336,species,Hirundo rustica,Barn Swallow,0.9878660440444946,0.9878660440444946,species,0,,,
hirundo_rustica,190651,Hirundo rustica,/Users/justyna-przy/Projects/ISE/FYP/src/dataset/bird_data/raw/hirundo_rustica/XC190651.mp3,7.0,10.0,-36.204688171809046,-37.306071821742336,species,Hirundo rustica,Barn Swallow,0.9706710577011108,0.9706710577011108,species,1,rand_species,/Users/justyna-przy/Projects/ISE/FYP/src/dataset/bird_data/clips/species/hirundo_rustica/XC190651__s7000__e10000.wav,
hirundo_rustica,190651,Hirundo rustica,/Users/justyna-przy/Projects/ISE/FYP/src/dataset/bird_data/raw/hirundo_rustica/XC190651.mp3,10.0,13.0,-34.87391003322684,-37.306071821742336,species,Hirundo rustica,Barn Swallow,0.9495620727539062,0.9495620727539062,species,0,,,
hirundo_rustica,190651,Hirundo rustica,/Users/justyna-przy/Projects/ISE/FYP/src/dataset/bird_data/raw/hirundo_rustica/XC190651.mp3,13.0,16.0,-35.95023800654664,-37.306071821742336,species,Hirundo rustica,Barn Swallow,0.9920303821563721,0.9920303821563721,species,1,rand_species,/Users/justyna-przy/Projects/ISE/FYP/src/dataset/bird_data/clips/species/hirundo_rustica/XC190651__s13000__e16000.wav,
hirundo_rustica,190651,Hirundo rustica,/Users/justyna-przy/Projects/ISE/FYP/src/dataset/bird_data/raw/hirundo_rustica/XC190651.mp3,25.0,28.0,-37.07687156366188,-37.306071821742336,species,Hirundo rustica,Barn Swallow,0.8118019104003906,0.8118019104003906,species,1,rand_species,/Users/justyna-przy/Projects/ISE/FYP/src/dataset/bird_data/clips/species/hirundo_rustica/XC190651__s25000__e28000.wav,
hirundo_rustica,704102,Hirundo rustica,/Users/justyna-przy/Projects/ISE/FYP/src/dataset/bird_data/raw/hirundo_rustica/XC704102.mp3,1.0,4.0,-25.58082337396975,-25.58082337396975,species,Hirundo rustica,Barn Swallow,0.9966326355934143,0.9966326355934143,species,1,rand_species,/Users/justyna-przy/Projects/ISE/FYP/src/dataset/bird_data/clips/species/hirundo_rustica/XC704102__s1000__e4000.wav,
hirundo_rustica,289357,Hirundo rustica,/Users/justyna-przy/Projects/ISE/FYP/src/dataset/bird_data/raw/hirundo_rustica/XC289357.mp3,1.0,4.0,-24.971765869221578,-30.552938324420253,species,Hirundo rustica,Barn Swallow,0.9896371960639954,0.9896371960639954,species,1,rand_species,/Users/justyna-przy/Projects/ISE/FYP/src/dataset/bird_data/clips/species/hirundo_rustica/XC289357__s1000__e4000.wav,
hirundo_rustica,289357,Hirundo rustica,/Users/justyna-przy/Projects/ISE/FYP/src/dataset/bird_data/raw/hirundo_rustica/XC289357.mp3,4.0,7.0,-28.919942180620197,-30.552938324420253,species,Hirundo rustica,Barn Swallow,0.9951222538948059,0.9951222538948059,species,1,rand_species,/Users/justyna-przy/Projects/ISE/FYP/src/dataset/bird_data/clips/species/hirundo_rustica/XC289357__s4000__e7000.wav,
hirundo_rustica,919420,Hirundo rustica,/Users/justyna-przy/Projects/ISE/FYP/src/dataset/bird_data/raw/hirundo_rustica/XC919420.mp3,1.0,4.0,-18.224632191378966,-18.82141194587522,species,Hirundo rustica,Barn Swallow,0.995240330696106,0.995240330696106,species,1,rand_species,/Users/justyna-przy/Projects/ISE/FYP/src/dataset/bird_data/clips/species/hirundo_rustica/XC919420__s1000__e4000.wav,
hirundo_rustica,919420,Hirundo rustica,/Users/justyna-przy/Projects/ISE/FYP/src/dataset/bird_data/raw/hirundo_rustica/XC919420.mp3,4.0,7.0,-16.27337864423475,-18.82141194587522,species,Hirundo rustica,Barn Swallow,0.9975261092185974,0.9975261092185974,species,1,rand_species,/Users/justyna-przy/Projects/ISE/FYP/src/dataset/bird_data/clips/species/hirundo_rustica/XC919420__s4000__e7000.wav,
hirundo_rustica,919420,Hirundo rustica,/Users/justyna-przy/Projects/ISE/FYP/src/dataset/bird_data/raw/hirundo_rustica/XC919420.mp3,7.0,10.0,-16.627893620810667,-18.82141194587522,species,Hirundo rustica,Barn Swallow,0.8941646814346313,0.8941646814346313,species,1,rand_species,/Users/justyna-przy/Projects/ISE/FYP/src/dataset/bird_data/clips/species/hirundo_rustica/XC919420__s7000__e10000.wav,
hirundo_rustica,664780,Hirundo rustica,/Users/justyna-przy/Projects/ISE/FYP/src/dataset/bird_data/raw/hirundo_rustica/XC664780.mp3,1.0,4.0,-32.83927154703543,-40.0,drop,Hirundo rustica,Barn Swallow,0.16007371246814728,0.16007371246814728,drop,0,,,
hirundo_rustica,664780,Hirundo rustica,/Users/justyna-przy/Projects/ISE/FYP/src/dataset/bird_data/raw/hirundo_rustica/XC664780.mp3,4.0,7.0,-33.77389962077608,-40.0,species,Hirundo rustica,Barn Swallow,0.36118894815444946,0.36118894815444946,species,1,rand_species,/Users/justyna-przy/Projects/ISE/FYP/src/dataset/bird_data/clips/species/hirundo_rustica/XC664780__s4000__e7000.wav,
hirundo_rustica,664780,Hirundo rustica,/Users/justyna-przy/Projects/ISE/FYP/src/dataset/bird_data/raw/hirundo_rustica/XC664780.mp3,7.0,10.0,-38.91169545002817,-40.0,species,Hirundo rustica,Barn Swallow,0.5245583057403564,0.5245583057403564,species,1,rand_species,/Users/justyna-przy/Projects/ISE/FYP/src/dataset/bird_data/clips/species/hirundo_rustica/XC664780__s7000__e10000.wav,
hirundo_rustica,190650,Hirundo rustica,/Users/justyna-przy/Projects/ISE/FYP/src/dataset/bird_data/raw/hirundo_rustica/XC190650.mp3,7.0,10.0,-32.03056380831019,-39.76915727435377,species,Hirundo rustica,Barn Swallow,0.872952401638031,0.872952401638031,species,0,,,
hirundo_rustica,190650,Hirundo rustica,/Users/justyna-przy/Projects/ISE/FYP/src/dataset/bird_data/raw/hirundo_rustica/XC190650.mp3,10.0,13.0,-31.34296349750671,-39.76915727435377,species,Hirundo rustica,Barn Swallow,0.3711148500442505,0.3711148500442505,species,1,rand_species,/Users/justyna-przy/Projects/ISE/FYP/src/dataset/bird_data/clips/species/hirundo_rustica/XC190650__s10000__e13000.wav,
hirundo_rustica,190650,Hirundo rustica,/Users/justyna-przy/Projects/ISE/FYP/src/dataset/bird_data/raw/hirundo_rustica/XC190650.mp3,13.0,16.0,-35.02343048724154,-39.76915727435377,drop,Urocissa caerulea,Taiwan Blue-Magpie,0.14299136400222778,0.14299136400222778,drop,0,,,
hirundo_rustica,190650,Hirundo rustica,/Users/justyna-przy/Projects/ISE/FYP/src/dataset/bird_data/raw/hirundo_rustica/XC190650.mp3,16.0,19.0,-37.58593130802986,-39.76915727435377,species,Hirundo rustica,Barn Swallow,0.8323766589164734,0.8323766589164734,species,1,rand_species,/Users/justyna-przy/Projects/ISE/FYP/src/dataset/bird_data/clips/species/hirundo_rustica/XC190650__s16000__e19000.wav,
hirundo_rustica,190650,Hirundo rustica,/Users/justyna-przy/Projects/ISE/FYP/src/dataset/bird_data/raw/hirundo_rustica/XC190650.mp3,19.0,22.0,-33.47093892233634,-39.76915727435377,species,Hirundo rustica,Barn Swallow,0.9837244749069214,0.9837244749069214,species,0,,,
hirundo_rustica,190650,Hirundo rustica,/Users/justyna-przy/Projects/ISE/FYP/src/dataset/bird_data/raw/hirundo_rustica/XC190650.mp3,25.0,28.0,-38.498648627467645,-39.76915727435377,species,Hirundo rustica,Barn Swallow,0.6640920639038086,0.6640920639038086,species,1,rand_species,/Users/justyna-przy/Projects/ISE/FYP/src/dataset/bird_data/clips/species/hirundo_rustica/XC190650__s25000__e28000.wav,
hirundo_rustica,645074,Hirundo rustica,/Users/justyna-przy/Projects/ISE/FYP/src/dataset/bird_data/raw/hirundo_rustica/XC645074.mp3,4.0,7.0,-34.37816664964959,-35.898507449378364,species,Hirundo rustica,Barn Swallow,0.7028581500053406,0.7028581500053406,species,1,rand_species,/Users/justyna-przy/Projects/ISE/FYP/src/dataset/bird_data/clips/species/hirundo_rustica/XC645074__s4000__e7000.wav,
hirundo_rustica,281326,Hirundo rustica,/Users/justyna-przy/Projects/ISE/FYP/src/dataset/bird_data/raw/hirundo_rustica/XC281326.mp3,1.0,4.0,-32.81678274746521,-36.9332338280481,species,Hirundo rustica,Barn Swallow,0.9527385830879211,0.9527385830879211,species,1,rand_species,/Users/justyna-przy/Projects/ISE/FYP/src/dataset/bird_data/clips/species/hirundo_rustica/XC281326__s1000__e4000.wav,
hirundo_rustica,919419,Hirundo rustica,/Users/justyna-przy/Projects/ISE/FYP/src/dataset/bird_data/raw/hirundo_rustica/XC919419.mp3,4.0,7.0,-24.46693099458819,-28.08571374191801,species,Hirundo rustica,Barn Swallow,0.9984564781188965,0.9984564781188965,species,1,rand_species,/Users/justyna-przy/Projects/ISE/FYP/src/dataset/bird_data/clips/species/hirundo_rustica/XC919419__s4000__e7000.wav,
hirundo_rustica,919419,Hirundo rustica,/Users/justyna-przy/Projects/ISE/FYP/src/dataset/bird_data/raw/hirundo_rustica/XC919419.mp3,7.0,10.0,-26.53946915715743,-28.08571374191801,species,Hirundo rustica,Barn Swallow,0.9960197806358337,0.9960197806358337,species,1,rand_species,/Users/justyna-przy/Projects/ISE/FYP/src/dataset/bird_data/clips/species/hirundo_rustica/XC919419__s7000__e10000.wav,
hirundo_rustica,919419,Hirundo rustica,/Users/justyna-przy/Projects/ISE/FYP/src/dataset/bird_data/raw/hirundo_rustica/XC919419.mp3,10.0,13.0,-20.749542266181088,-28.08571374191801,species,Hirundo rustica,Barn Swallow,0.9966614246368408,0.9966614246368408,species,1,rand_species,/Users/justyna-przy/Projects/ISE/FYP/src/dataset/bird_data/clips/species/hirundo_rustica/XC919419__s10000__e13000.wav,
hirundo_rustica,919419,Hirundo rustica,/Users/justyna-przy/Projects/ISE/FYP/src/dataset/bird_data/raw/hirundo_rustica/XC919419.mp3,13.0,16.0,-22.988873536597243,-28.08571374191801,species,Hirundo rustica,Barn Swallow,0.9934269189834595,0.9934269189834595,species,0,,,
hirundo_rustica,919419,Hirundo rustica,/Users/justyna-przy/Projects/ISE/FYP/src/dataset/bird_data/raw/hirundo_rustica/XC919419.mp3,16.0,19.0,-23.659322124695027,-28.08571374191801,species,Hirundo rustica,Barn Swallow,0.9986881613731384,0.9986881613731384,species,0,,,
hirundo_rustica,919419,Hirundo rustica,/Users/justyna-przy/Projects/ISE/FYP/src/dataset/bird_data/raw/hirundo_rustica/XC919419.mp3,19.0,22.0,-23.240714833763473,-28.08571374191801,species,Hirundo rustica,Barn Swallow,0.731842577457428,0.731842577457428,species,0,,,
hirundo_rustica,664750,Hirundo rustica,/Users/justyna-przy/Projects/ISE/FYP/src/dataset/bird_data/raw/hirundo_rustica/XC664750.mp3,7.0,10.0,-48.01960221380057,-40.0,species,Hirundo rustica,Barn Swallow,0.9854550361633301,0.9854550361633301,species,1,rand_species,/Users/justyna-przy/Projects/ISE/FYP/src/dataset/bird_data/clips/species/hirundo_rustica/XC664750__s7000__e10000.wav,
hirundo_rustica,190333,Hirundo rustica,/Users/justyna-przy/Projects/ISE/FYP/src/dataset/bird_data/raw/hirundo_rustica/XC190333.mp3,1.0,4.0,-32.14212683951254,-37.032505330512876,non_bird,,,0.0,0.0,non_bird,1,nonbird_lowconf,/Users/justyna-przy/Projects/ISE/FYP/src/dataset/bird_data/clips/non_bird/hirundo_rustica/XC190333__s1000__e4000.wav,
hirundo_rustica,190333,Hirundo rustica,/Users/justyna-przy/Projects/ISE/FYP/src/dataset/bird_data/raw/hirundo_rustica/XC190333.mp3,4.0,7.0,-30.705647737344385,-37.032505330512876,drop,Hirundo rustica,Barn Swallow,0.16276824474334717,0.16276824474334717,drop,0,,,
hirundo_rustica,190333,Hirundo rustica,/Users/justyna-przy/Projects/ISE/FYP/src/dataset/bird_data/raw/hirundo_rustica/XC190333.mp3,7.0,10.0,-30.77120808686244,-37.032505330512876,drop,Hirundo rustica,Barn Swallow,0.19883504509925842,0.19883504509925842,drop,0,,,
hirundo_rustica,190333,Hirundo rustica,/Users/justyna-przy/Projects/ISE/FYP/src/dataset/bird_data/raw/hirundo_rustica/XC190333.mp3,13.0,16.0,-36.59735351992712,-37.032505330512876,drop,Hirundo rustica,Barn Swallow,0.23608489334583282,0.23608489334583282,drop,0,,,
hirundo_rustica,190333,Hirundo rustica,/Users/justyna-przy/Projects/ISE/FYP/src/dataset/bird_data/raw/hirundo_rustica/XC190333.mp3,16.0,19.0,-36.91068540680738,-37.032505330512876,non_bird,,,0.0,0.0,non_bird,1,nonbird_lowconf,/Users/justyna-przy/Projects/ISE/FYP/src/dataset/bird_data/clips/non_bird/hirundo_rustica/XC190333__s16000__e19000.wav,
hirundo_rustica,644922,Hirundo rustica,/Users/justyna-przy/Projects/ISE/FYP/src/dataset/bird_data/raw/hirundo_rustica/XC644922.mp3,1.0,4.0,-30.584443679250267,-34.629117428457874,species,Hirundo rustica,Barn Swallow,0.9828029274940491,0.9828029274940491,species,1,rand_species,/Users/justyna-przy/Projects/ISE/FYP/src/dataset/bird_data/clips/species/hirundo_rustica/XC644922__s1000__e4000.wav,
hirundo_rustica,644922,Hirundo rustica,/Users/justyna-przy/Projects/ISE/FYP/src/dataset/bird_data/raw/hirundo_rustica/XC644922.mp3,4.0,7.0,-31.343546347769244,-34.629117428457874,species,Hirundo rustica,Barn Swallow,0.9980582594871521,0.9980582594871521,species,1,rand_species,/Users/justyna-przy/Projects/ISE/FYP/src/dataset/bird_data/clips/species/hirundo_rustica/XC644922__s4000__e7000.wav,
hirundo_rustica,644922,Hirundo rustica,/Users/justyna-przy/Projects/ISE/FYP/src/dataset/bird_data/raw/hirundo_rustica/XC644922.mp3,10.0,13.0,-31.8173758117152,-34.629117428457874,species,Hirundo rustica,Barn Swallow,0.9718627333641052,0.9718627333641052,species,0,,,
hirundo_rustica,644922,Hirundo rustica,/Users/justyna-przy/Projects/ISE/FYP/src/dataset/bird_data/raw/hirundo_rustica/XC644922.mp3,19.0,22.0,-33.396762918945775,-34.629117428457874,species,Hirundo rustica,Barn Swallow,0.9437925219535828,0.9437925219535828,species,0,,,
hirundo_rustica,644922,Hirundo rustica,/Users/justyna-przy/Projects/ISE/FYP/src/dataset/bird_data/raw/hirundo_rustica/XC644922.mp3,22.0,25.0,-28.763719695277917,-34.629117428457874,species,Hirundo rustica,Barn Swallow,0.9932102560997009,0.9932102560997009,species,0,,,
hirundo_rustica,644922,Hirundo rustica,/Users/justyna-przy/Projects/ISE/FYP/src/dataset/bird_data/raw/hirundo_rustica/XC644922.mp3,25.0,28.0,-31.15302760949708,-34.629117428457874,species,Hirundo rustica,Barn Swallow,0.9992318153381348,0.9992318153381348,species,1,rand_species,/Users/justyna-przy/Projects/ISE/FYP/src/dataset/bird_data/clips/species/hirundo_rustica/XC644922__s25000__e28000.wav,
