species_label,xc_id,sci_name,source_path,start_s,end_s,rms_db,rms_gate_thr_db,teacher_decision,teacher_top_sci,teacher_top_common,teacher_top_conf,teacher_max_conf,final_class,selected,selected_reason,clip_path,error
carduelis_carduelis,1063754,Carduelis carduelis,/Users/justyna-przy/Projects/ISE/FYP/src/bird_data/raw/carduelis_carduelis/XC1063754.mp3,1.0,4.0,-27.683266875282424,-40.0,species,Carduelis carduelis,European Goldfinch,0.9904318451881409,0.9904318451881409,species,1,rand_species,/Users/justyna-przy/Projects/ISE/FYP/src/bird_data/clips/species/carduelis_carduelis/XC1063754__s1000__e4000.wav,
carduelis_carduelis,1063754,Carduelis carduelis,/Users/justyna-przy/Projects/ISE/FYP/src/bird_data/raw/carduelis_carduelis/XC1063754.mp3,10.0,13.0,-33.13187695808091,-40.0,species,Carduelis carduelis,European Goldfinch,0.9975839853286743,0.9975839853286743,species,1,rand_species,/Users/justyna-przy/Projects/ISE/FYP/src/bird_data/clips/species/carduelis_carduelis/XC1063754__s10000__e13000.wav,
carduelis_carduelis,1063754,Carduelis carduelis,/Users/justyna-przy/Projects/ISE/FYP/src/bird_data/raw/carduelis_carduelis/XC1063754.mp3,19.0,22.0,-32.22930312237983,-40.0,species,Carduelis carduelis,European Goldfinch,0.9900722503662109,0.9900722503662109,species,0,,,
carduelis_carduelis,1063754,Carduelis carduelis,/Users/justyna-przy/Projects/ISE/FYP/src/bird_data/raw/carduelis_carduelis/XC1063754.mp3,25.0,28.0,-30.863483278240093,-40.0,species,Carduelis carduelis,European Goldfinch,0.993333637714386,0.993333637714386,species,0,,,
carduelis_carduelis,1063754,Carduelis carduelis,/Users/justyna-przy/Projects/ISE/FYP/src/bird_data/raw/carduelis_carduelis/XC1063754.mp3,31.0,34.0,-31.545360025905484,-40.0,species,Carduelis carduelis,European Goldfinch,0.9978812336921692,0.9978812336921692,species,0,,,
carduelis_carduelis,1063754,Carduelis carduelis,/Users/justyna-przy/Projects/ISE/FYP/src/bird_data/raw/carduelis_carduelis/XC1063754.mp3,34.0,37.0,-33.841849889111856,-40.0,species,Carduelis carduelis,European Goldfinch,0.9852875471115112,0.9852875471115112,species,0,,,
carduelis_carduelis,1063754,Carduelis carduelis,/Users/justyna-przy/Projects/ISE/FYP/src/bird_data/raw/carduelis_carduelis/XC1063754.mp3,37.0,40.0,-25.458134329222432,-40.0,species,Carduelis carduelis,European Goldfinch,0.9260326027870178,0.9260326027870178,species,1,rand_species,/Users/justyna-przy/Projects/ISE/FYP/src/bird_data/clips/species/carduelis_carduelis/XC1063754__s37000__e40000.wav,
carduelis_carduelis,1063754,Carduelis carduelis,/Users/justyna-przy/Projects/ISE/FYP/src/bird_data/raw/carduelis_carduelis/XC1063754.mp3,43.0,46.0,-30.742731324277926,-40.0,species,Carduelis carduelis,European Goldfinch,0.9898521304130554,0.9898521304130554,species,0,,,
carduelis_carduelis,1052341,Carduelis carduelis,/Users/justyna-przy/Projects/ISE/FYP/src/bird_data/raw/carduelis_carduelis/XC1052341.mp3,1.0,4.0,-28.058397579823968,-33.04062494375463,species,Carduelis carduelis,European Goldfinch,0.99992835521698,0.99992835521698,species,1,rand_species,/Users/justyna-przy/Projects/ISE/FYP/src/bird_data/clips/species/carduelis_carduelis/XC1052341__s1000__e4000.wav,
carduelis_carduelis,1052341,Carduelis carduelis,/Users/justyna-przy/Projects/ISE/FYP/src/bird_data/raw/carduelis_carduelis/XC1052341.mp3,4.0,7.0,-27.680411621226476,-33.04062494375463,species,Carduelis carduelis,European Goldfinch,0.9996860027313232,0.9996860027313232,species,0,,,
carduelis_carduelis,1052341,Carduelis carduelis,/Users/justyna-przy/Projects/ISE/FYP/src/bird_data/raw/carduelis_carduelis/XC1052341.mp3,7.0,10.0,-29.665962561037162,-33.04062494375463,species,Carduelis carduelis,European Goldfinch,0.9929278492927551,0.9929278492927551,species,0,,,
carduelis_carduelis,1052341,Carduelis carduelis,/Users/justyna-przy/Projects/ISE/FYP/src/bird_data/raw/carduelis_carduelis/XC1052341.mp3,10.0,13.0,-26.488143180133225,-33.04062494375463,species,Carduelis carduelis,European Goldfinch,0.9988481998443604,0.9988481998443604,species,0,,,
carduelis_carduelis,1052341,Carduelis carduelis,/Users/justyna-przy/Projects/ISE/FYP/src/bird_data/raw/carduelis_carduelis/XC1052341.mp3,13.0,16.0,-26.736005800308334,-33.04062494375463,species,Carduelis carduelis,European Goldfinch,0.9963321089744568,0.9963321089744568,species,0,,,
carduelis_carduelis,1052341,Carduelis carduelis,/Users/justyna-przy/Projects/ISE/FYP/src/bird_data/raw/carduelis_carduelis/XC1052341.mp3,19.0,22.0,-28.319029361048052,-33.04062494375463,species,Carduelis carduelis,European Goldfinch,0.9690057039260864,0.9690057039260864,species,0,,,
carduelis_carduelis,1052341,Carduelis carduelis,/Users/justyna-przy/Projects/ISE/FYP/src/bird_data/raw/carduelis_carduelis/XC1052341.mp3,22.0,25.0,-29.060319124268318,-33.04062494375463,species,Carduelis carduelis,European Goldfinch,0.9962445497512817,0.9962445497512817,species,0,,,
carduelis_carduelis,1052341,Carduelis carduelis,/Users/justyna-przy/Projects/ISE/FYP/src/bird_data/raw/carduelis_carduelis/XC1052341.mp3,37.0,40.0,-28.16803376840335,-33.04062494375463,species,Carduelis carduelis,European Goldfinch,0.9999321699142456,0.9999321699142456,species,0,,,
carduelis_carduelis,1052341,Carduelis carduelis,/Users/justyna-przy/Projects/ISE/FYP/src/bird_data/raw/carduelis_carduelis/XC1052341.mp3,40.0,43.0,-30.561416867132493,-33.04062494375463,species,Carduelis carduelis,European Goldfinch,0.9981471300125122,0.9981471300125122,species,0,,,
carduelis_carduelis,1052341,Carduelis carduelis,/Users/justyna-przy/Projects/ISE/FYP/src/bird_data/raw/carduelis_carduelis/XC1052341.mp3,43.0,46.0,-31.160317969620515,-33.04062494375463,species,Carduelis carduelis,European Goldfinch,0.9998241066932678,0.9998241066932678,species,1,rand_species,/Users/justyna-przy/Projects/ISE/FYP/src/bird_data/clips/species/carduelis_carduelis/XC1052341__s43000__e46000.wav,
carduelis_carduelis,1052341,Carduelis carduelis,/Users/justyna-przy/Projects/ISE/FYP/src/bird_data/raw/carduelis_carduelis/XC1052341.mp3,46.0,49.0,-27.20561959607666,-33.04062494375463,species,Carduelis carduelis,European Goldfinch,0.994388997554779,0.994388997554779,species,1,rand_species,/Users/justyna-przy/Projects/ISE/FYP/src/bird_data/clips/species/carduelis_carduelis/XC1052341__s46000__e49000.wav,
carduelis_carduelis,878546,Carduelis carduelis,/Users/justyna-przy/Projects/ISE/FYP/src/bird_data/raw/carduelis_carduelis/XC878546.mp3,4.0,7.0,-45.38070437252037,-40.0,species,Carduelis carduelis,European Goldfinch,0.9980664849281311,0.9980664849281311,species,1,rand_species,/Users/justyna-przy/Projects/ISE/FYP/src/bird_data/clips/species/carduelis_carduelis/XC878546__s4000__e7000.wav,
carduelis_carduelis,647553,Carduelis carduelis,/Users/justyna-przy/Projects/ISE/FYP/src/bird_data/raw/carduelis_carduelis/XC647553.mp3,1.0,4.0,-25.772859830044705,-27.863432243247672,species,Carduelis carduelis,European Goldfinch,0.9978888630867004,0.9978888630867004,species,0,,,
carduelis_carduelis,647553,Carduelis carduelis,/Users/justyna-przy/Projects/ISE/FYP/src/bird_data/raw/carduelis_carduelis/XC647553.mp3,4.0,7.0,-26.83773074383067,-27.863432243247672,species,Carduelis carduelis,European Goldfinch,0.9984326958656311,0.9984326958656311,species,0,,,
carduelis_carduelis,647553,Carduelis carduelis,/Users/justyna-przy/Projects/ISE/FYP/src/bird_data/raw/carduelis_carduelis/XC647553.mp3,13.0,16.0,-24.56971640457811,-27.863432243247672,species,Carduelis carduelis,European Goldfinch,0.9913899302482605,0.9913899302482605,species,0,,,
carduelis_carduelis,647553,Carduelis carduelis,/Users/justyna-przy/Projects/ISE/FYP/src/bird_data/raw/carduelis_carduelis/XC647553.mp3,16.0,19.0,-23.19212559177789,-27.863432243247672,species,Carduelis carduelis,European Goldfinch,0.9945277571678162,0.9945277571678162,species,0,,,
carduelis_carduelis,647553,Carduelis carduelis,/Users/justyna-przy/Projects/ISE/FYP/src/bird_data/raw/carduelis_carduelis/XC647553.mp3,19.0,22.0,-25.797558001274638,-27.863432243247672,species,Carduelis carduelis,European Goldfinch,0.9984500408172607,0.9984500408172607,species,1,rand_species,/Users/justyna-przy/Projects/ISE/FYP/src/bird_data/clips/species/carduelis_carduelis/XC647553__s19000__e22000.wav,
carduelis_carduelis,647553,Carduelis carduelis,/Users/justyna-przy/Projects/ISE/FYP/src/bird_data/raw/carduelis_carduelis/XC647553.mp3,25.0,28.0,-27.862197589710828,-27.863432243247672,species,Carduelis carduelis,European Goldfinch,0.9932630658149719,0.9932630658149719,species,1,rand_species,/Users/justyna-przy/Projects/ISE/FYP/src/bird_data/clips/species/carduelis_carduelis/XC647553__s25000__e28000.wav,
carduelis_carduelis,647553,Carduelis carduelis,/Users/justyna-przy/Projects/ISE/FYP/src/bird_data/raw/carduelis_carduelis/XC647553.mp3,28.0,31.0,-27.26690475288016,-27.863432243247672,species,Carduelis carduelis,European Goldfinch,0.9960547685623169,0.9960547685623169,species,0,,,
carduelis_carduelis,647553,Carduelis carduelis,/Users/justyna-przy/Projects/ISE/FYP/src/bird_data/raw/carduelis_carduelis/XC647553.mp3,34.0,37.0,-27.17016906472622,-27.863432243247672,species,Carduelis carduelis,European Goldfinch,0.992084801197052,0.992084801197052,species,0,,,
carduelis_carduelis,647553,Carduelis carduelis,/Users/justyna-przy/Projects/ISE/FYP/src/bird_data/raw/carduelis_carduelis/XC647553.mp3,37.0,40.0,-25.025628945816806,-27.863432243247672,species,Carduelis carduelis,European Goldfinch,0.9639028310775757,0.9639028310775757,species,1,rand_species,/Users/justyna-przy/Projects/ISE/FYP/src/bird_data/clips/species/carduelis_carduelis/XC647553__s37000__e40000.wav,
carduelis_carduelis,647553,Carduelis carduelis,/Users/justyna-przy/Projects/ISE/FYP/src/bird_data/raw/carduelis_carduelis/XC647553.mp3,40.0,43.0,-26.71094478298087,-27.863432243247672,species,Carduelis carduelis,European Goldfinch,0.9494614005088806,0.9494614005088806,species,0,,,
carduelis_carduelis,366113,Carduelis carduelis,/Users/justyna-przy/Projects/ISE/FYP/src/bird_data/raw/carduelis_carduelis/XC366113.mp3,1.0,4.0,-23.936014521463566,-25.073525103115166,species,Carduelis carduelis,European Goldfinch,0.9806422591209412,0.9806422591209412,species,1,rand_species,/Users/justyna-przy/Projects/ISE/FYP/src/bird_data/clips/species/carduelis_carduelis/XC366113__s1000__e4000.wav,
carduelis_carduelis,366113,Carduelis carduelis,/Users/justyna-przy/Projects/ISE/FYP/src/bird_data/raw/carduelis_carduelis/XC366113.mp3,7.0,10.0,-23.251993297057872,-25.073525103115166,species,Carduelis carduelis,European Goldfinch,0.8797406554222107,0.8797406554222107,species,0,,,
carduelis_carduelis,366113,Carduelis carduelis,/Users/justyna-przy/Projects/ISE/FYP/src/bird_data/raw/carduelis_carduelis/XC366113.mp3,10.0,13.0,-22.543806513549182,-25.073525103115166,species,Carduelis carduelis,European Goldfinch,0.9958286881446838,0.9958286881446838,species,0,,,
carduelis_carduelis,366113,Carduelis carduelis,/Users/justyna-przy/Projects/ISE/FYP/src/bird_data/raw/carduelis_carduelis/XC366113.mp3,16.0,19.0,-22.72394824351648,-25.073525103115166,species,Carduelis carduelis,European Goldfinch,0.9973114728927612,0.9973114728927612,species,1,rand_species,/Users/justyna-przy/Projects/ISE/FYP/src/bird_data/clips/species/carduelis_carduelis/XC366113__s16000__e19000.wav,
carduelis_carduelis,366113,Carduelis carduelis,/Users/justyna-przy/Projects/ISE/FYP/src/bird_data/raw/carduelis_carduelis/XC366113.mp3,19.0,22.0,-22.979761575777786,-25.073525103115166,species,Carduelis carduelis,European Goldfinch,0.9359280467033386,0.9359280467033386,species,0,,,
carduelis_carduelis,366113,Carduelis carduelis,/Users/justyna-przy/Projects/ISE/FYP/src/bird_data/raw/carduelis_carduelis/XC366113.mp3,22.0,25.0,-24.21300373329054,-25.073525103115166,species,Carduelis carduelis,European Goldfinch,0.9709149599075317,0.9709149599075317,species,0,,,
carduelis_carduelis,366113,Carduelis carduelis,/Users/justyna-przy/Projects/ISE/FYP/src/bird_data/raw/carduelis_carduelis/XC366113.mp3,25.0,28.0,-20.437797661313976,-25.073525103115166,species,Carduelis carduelis,European Goldfinch,0.9864864349365234,0.9864864349365234,species,0,,,
carduelis_carduelis,366113,Carduelis carduelis,/Users/justyna-przy/Projects/ISE/FYP/src/bird_data/raw/carduelis_carduelis/XC366113.mp3,28.0,31.0,-21.400261069756073,-25.073525103115166,species,Carduelis carduelis,European Goldfinch,0.9857358336448669,0.9857358336448669,species,1,rand_species,/Users/justyna-przy/Projects/ISE/FYP/src/bird_data/clips/species/carduelis_carduelis/XC366113__s28000__e31000.wav,
carduelis_carduelis,366113,Carduelis carduelis,/Users/justyna-przy/Projects/ISE/FYP/src/bird_data/raw/carduelis_carduelis/XC366113.mp3,31.0,34.0,-22.311454714781345,-25.073525103115166,species,Carduelis carduelis,European Goldfinch,0.9423727989196777,0.9423727989196777,species,0,,,
carduelis_carduelis,145542,Carduelis carduelis,/Users/justyna-przy/Projects/ISE/FYP/src/bird_data/raw/carduelis_carduelis/XC145542.mp3,1.0,4.0,-34.269295023632026,-37.98201609668985,species,Carduelis carduelis,European Goldfinch,0.9830920100212097,0.9830920100212097,species,0,,,
carduelis_carduelis,145542,Carduelis carduelis,/Users/justyna-przy/Projects/ISE/FYP/src/bird_data/raw/carduelis_carduelis/XC145542.mp3,4.0,7.0,-29.8965449790553,-37.98201609668985,species,Carduelis carduelis,European Goldfinch,0.9794583320617676,0.9794583320617676,species,0,,,
carduelis_carduelis,145542,Carduelis carduelis,/Users/justyna-przy/Projects/ISE/FYP/src/bird_data/raw/carduelis_carduelis/XC145542.mp3,7.0,10.0,-35.48311244058068,-37.98201609668985,species,Carduelis carduelis,European Goldfinch,0.5907008051872253,0.5907008051872253,species,0,,,
carduelis_carduelis,145542,Carduelis carduelis,/Users/justyna-przy/Projects/ISE/FYP/src/bird_data/raw/carduelis_carduelis/XC145542.mp3,13.0,16.0,-34.38038591655588,-37.98201609668985,species,Carduelis carduelis,European Goldfinch,0.9707353711128235,0.9707353711128235,species,1,rand_species,/Users/justyna-przy/Projects/ISE/FYP/src/bird_data/clips/species/carduelis_carduelis/XC145542__s13000__e16000.wav,
carduelis_carduelis,145542,Carduelis carduelis,/Users/justyna-przy/Projects/ISE/FYP/src/bird_data/raw/carduelis_carduelis/XC145542.mp3,16.0,19.0,-33.39761926719476,-37.98201609668985,species,Carduelis carduelis,European Goldfinch,0.9805777072906494,0.9805777072906494,species,0,,,
carduelis_carduelis,145542,Carduelis carduelis,/Users/justyna-przy/Projects/ISE/FYP/src/bird_data/raw/carduelis_carduelis/XC145542.mp3,19.0,22.0,-32.92737658301826,-37.98201609668985,species,Carduelis carduelis,European Goldfinch,0.9084967374801636,0.9084967374801636,species,1,rand_species,/Users/justyna-przy/Projects/ISE/FYP/src/bird_data/clips/species/carduelis_carduelis/XC145542__s19000__e22000.wav,
carduelis_carduelis,145542,Carduelis carduelis,/Users/justyna-przy/Projects/ISE/FYP/src/bird_data/raw/carduelis_carduelis/XC145542.mp3,22.0,25.0,-37.8798461538455,-37.98201609668985,species,Carduelis carduelis,European Goldfinch,0.9892889261245728,0.9892889261245728,species,0,,,
carduelis_carduelis,145542,Carduelis carduelis,/Users/justyna-przy/Projects/ISE/FYP/src/bird_data/raw/carduelis_carduelis/XC145542.mp3,28.0,31.0,-37.962251087074385,-37.98201609668985,species,Carduelis carduelis,European Goldfinch,0.6559449434280396,0.6559449434280396,species,0,,,
carduelis_carduelis,145542,Carduelis carduelis,/Users/justyna-przy/Projects/ISE/FYP/src/bird_data/raw/carduelis_carduelis/XC145542.mp3,34.0,37.0,-34.54588076421543,-37.98201609668985,species,Carduelis carduelis,European Goldfinch,0.9895060658454895,0.9895060658454895,species,1,rand_species,/Users/justyna-przy/Projects/ISE/FYP/src/bird_data/clips/species/carduelis_carduelis/XC145542__s34000__e37000.wav,
carduelis_carduelis,1088890,Carduelis carduelis,/Users/justyna-przy/Projects/ISE/FYP/src/bird_data/raw/carduelis_carduelis/XC1088890.mp3,1.0,4.0,-37.263275454582356,-37.263275454582356,species,Carduelis carduelis,European Goldfinch,0.998129665851593,0.998129665851593,species,1,rand_species,/Users/justyna-przy/Projects/ISE/FYP/src/bird_data/clips/species/carduelis_carduelis/XC1088890__s1000__e4000.wav,
carduelis_carduelis,1085742,Carduelis carduelis,/Users/justyna-przy/Projects/ISE/FYP/src/bird_data/raw/carduelis_carduelis/XC1085742.mp3,1.0,4.0,-38.648212904029734,-40.0,species,Carduelis carduelis,European Goldfinch,0.9931847453117371,0.9931847453117371,species,0,,,
carduelis_carduelis,1085742,Carduelis carduelis,/Users/justyna-przy/Projects/ISE/FYP/src/bird_data/raw/carduelis_carduelis/XC1085742.mp3,7.0,10.0,-31.067028981369987,-40.0,species,Carduelis carduelis,European Goldfinch,0.9936291575431824,0.9936291575431824,species,1,rand_species,/Users/justyna-przy/Projects/ISE/FYP/src/bird_data/clips/species/carduelis_carduelis/XC1085742__s7000__e10000.wav,
carduelis_carduelis,1085742,Carduelis carduelis,/Users/justyna-przy/Projects/ISE/FYP/src/bird_data/raw/carduelis_carduelis/XC1085742.mp3,13.0,16.0,-32.84451792855105,-40.0,species,Carduelis carduelis,European Goldfinch,0.9927547574043274,0.9927547574043274,species,1,rand_species,/Users/justyna-przy/Projects/ISE/FYP/src/bird_data/clips/species/carduelis_carduelis/XC1085742__s13000__e16000.wav,
carduelis_carduelis,1085742,Carduelis carduelis,/Users/justyna-przy/Projects/ISE/FYP/src/bird_data/raw/carduelis_carduelis/XC1085742.mp3,19.0,22.0,-31.83443937473718,-40.0,species,Carduelis carduelis,European Goldfinch,0.991204559803009,0.991204559803009,species,0,,,
carduelis_carduelis,1085742,Carduelis carduelis,/Users/justyna-przy/Projects/ISE/FYP/src/bird_data/raw/carduelis_carduelis/XC1085742.mp3,22.0,25.0,-30.55947302677639,-40.0,species,Carduelis carduelis,European Goldfinch,0.993906557559967,0.993906557559967,species,0,,,
carduelis_carduelis,1085742,Carduelis carduelis,/Users/justyna-przy/Projects/ISE/FYP/src/bird_data/raw/carduelis_carduelis/XC1085742.mp3,25.0,28.0,-32.42419224022878,-40.0,species,Carduelis carduelis,European Goldfinch,0.9948062300682068,0.9948062300682068,species,0,,,
carduelis_carduelis,1085742,Carduelis carduelis,/Users/justyna-przy/Projects/ISE/FYP/src/bird_data/raw/carduelis_carduelis/XC1085742.mp3,28.0,31.0,-34.25480577379793,-40.0,species,Carduelis carduelis,European Goldfinch,0.7505512237548828,0.7505512237548828,species,1,rand_species,/Users/justyna-przy/Projects/ISE/FYP/src/bird_data/clips/species/carduelis_carduelis/XC1085742__s28000__e31000.wav,
carduelis_carduelis,1085742,Carduelis carduelis,/Users/justyna-przy/Projects/ISE/FYP/src/bird_data/raw/carduelis_carduelis/XC1085742.mp3,31.0,34.0,-32.239960827476835,-40.0,species,Carduelis carduelis,European Goldfinch,0.9753966331481934,0.9753966331481934,species,0,,,
carduelis_carduelis,1085742,Carduelis carduelis,/Users/justyna-przy/Projects/ISE/FYP/src/bird_data/raw/carduelis_carduelis/XC1085742.mp3,34.0,37.0,-39.724314606490246,-40.0,species,Carduelis carduelis,European Goldfinch,0.9519213438034058,0.9519213438034058,species,0,,,
carduelis_carduelis,1085742,Carduelis carduelis,/Users/justyna-przy/Projects/ISE/FYP/src/bird_data/raw/carduelis_carduelis/XC1085742.mp3,43.0,46.0,-32.63106091794374,-40.0,species,Carduelis carduelis,European Goldfinch,0.9969702959060669,0.9969702959060669,species,0,,,
carduelis_carduelis,1029391,Carduelis carduelis,/Users/justyna-przy/Projects/ISE/FYP/src/bird_data/raw/carduelis_carduelis/XC1029391.mp3,1.0,4.0,-33.35473104469564,-40.0,species,Carduelis carduelis,European Goldfinch,0.9848448634147644,0.9848448634147644,species,1,rand_species,/Users/justyna-przy/Projects/ISE/FYP/src/bird_data/clips/species/carduelis_carduelis/XC1029391__s1000__e4000.wav,
carduelis_carduelis,1029391,Carduelis carduelis,/Users/justyna-przy/Projects/ISE/FYP/src/bird_data/raw/carduelis_carduelis/XC1029391.mp3,10.0,13.0,-32.43167153196944,-40.0,species,Carduelis carduelis,European Goldfinch,0.5186738967895508,0.5186738967895508,species,1,rand_species,/Users/justyna-przy/Projects/ISE/FYP/src/bird_data/clips/species/carduelis_carduelis/XC1029391__s10000__e13000.wav,
carduelis_carduelis,1007386,Carduelis carduelis,/Users/justyna-przy/Projects/ISE/FYP/src/bird_data/raw/carduelis_carduelis/XC1007386.mp3,1.0,4.0,-25.282585263164133,-27.02438423573973,species,Carduelis carduelis,European Goldfinch,0.9989997744560242,0.9989997744560242,species,1,rand_species,/Users/justyna-przy/Projects/ISE/FYP/src/bird_data/clips/species/carduelis_carduelis/XC1007386__s1000__e4000.wav,
carduelis_carduelis,1007386,Carduelis carduelis,/Users/justyna-przy/Projects/ISE/FYP/src/bird_data/raw/carduelis_carduelis/XC1007386.mp3,4.0,7.0,-24.00082068219223,-27.02438423573973,species,Carduelis carduelis,European Goldfinch,0.9994296431541443,0.9994296431541443,species,0,,,
carduelis_carduelis,1007386,Carduelis carduelis,/Users/justyna-przy/Projects/ISE/FYP/src/bird_data/raw/carduelis_carduelis/XC1007386.mp3,7.0,10.0,-24.168607475071124,-27.02438423573973,species,Carduelis carduelis,European Goldfinch,0.9985554814338684,0.9985554814338684,species,0,,,
carduelis_carduelis,1007386,Carduelis carduelis,/Users/justyna-przy/Projects/ISE/FYP/src/bird_data/raw/carduelis_carduelis/XC1007386.mp3,10.0,13.0,-24.08108162572024,-27.02438423573973,species,Carduelis carduelis,European Goldfinch,0.9966253042221069,0.9966253042221069,species,1,rand_species,/Users/justyna-przy/Projects/ISE/FYP/src/bird_data/clips/species/carduelis_carduelis/XC1007386__s10000__e13000.wav,
carduelis_carduelis,1007386,Carduelis carduelis,/Users/justyna-przy/Projects/ISE/FYP/src/bird_data/raw/carduelis_carduelis/XC1007386.mp3,16.0,19.0,-25.38799125572006,-27.02438423573973,species,Carduelis carduelis,European Goldfinch,0.985880434513092,0.985880434513092,species,0,,,
carduelis_carduelis,1007386,Carduelis carduelis,/Users/justyna-przy/Projects/ISE/FYP/src/bird_data/raw/carduelis_carduelis/XC1007386.mp3,19.0,22.0,-26.48142020442461,-27.02438423573973,species,Carduelis carduelis,European Goldfinch,0.9775100350379944,0.9775100350379944,species,1,rand_species,/Users/justyna-przy/Projects/ISE/FYP/src/bird_data/clips/species/carduelis_carduelis/XC1007386__s19000__e22000.wav,
carduelis_carduelis,1007386,Carduelis carduelis,/Users/justyna-przy/Projects/ISE/FYP/src/bird_data/raw/carduelis_carduelis/XC1007386.mp3,22.0,25.0,-21.992238509677357,-27.02438423573973,species,Carduelis carduelis,European Goldfinch,0.9613620638847351,0.9613620638847351,species,0,,,
carduelis_carduelis,1007386,Carduelis carduelis,/Users/justyna-przy/Projects/ISE/FYP/src/bird_data/raw/carduelis_carduelis/XC1007386.mp3,31.0,34.0,-25.49509780185862,-27.02438423573973,species,Carduelis carduelis,European Goldfinch,0.9109480381011963,0.9109480381011963,species,0,,,
carduelis_carduelis,1007386,Carduelis carduelis,/Users/justyna-przy/Projects/ISE/FYP/src/bird_data/raw/carduelis_carduelis/XC1007386.mp3,37.0,40.0,-23.738863290801607,-27.02438423573973,species,Carduelis carduelis,European Goldfinch,0.990086019039154,0.990086019039154,species,0,,,
carduelis_carduelis,1007386,Carduelis carduelis,/Users/justyna-przy/Projects/ISE/FYP/src/bird_data/raw/carduelis_carduelis/XC1007386.mp3,40.0,43.0,-26.79004099454034,-27.02438423573973,species,Carduelis carduelis,European Goldfinch,0.93817138671875,0.93817138671875,species,0,,,
carduelis_carduelis,1007386,Carduelis carduelis,/Users/justyna-przy/Projects/ISE/FYP/src/bird_data/raw/carduelis_carduelis/XC1007386.mp3,43.0,46.0,-23.127792350928445,-27.02438423573973,species,Carduelis carduelis,European Goldfinch,0.9997565150260925,0.9997565150260925,species,0,,,
carduelis_carduelis,1007384,Carduelis carduelis,/Users/justyna-przy/Projects/ISE/FYP/src/bird_data/raw/carduelis_carduelis/XC1007384.mp3,4.0,7.0,-19.310267271632277,-25.33662842175743,species,Carduelis carduelis,European Goldfinch,0.9974070191383362,0.9974070191383362,species,1,rand_species,/Users/justyna-przy/Projects/ISE/FYP/src/bird_data/clips/species/carduelis_carduelis/XC1007384__s4000__e7000.wav,
carduelis_carduelis,1007384,Carduelis carduelis,/Users/justyna-przy/Projects/ISE/FYP/src/bird_data/raw/carduelis_carduelis/XC1007384.mp3,10.0,13.0,-24.68316410527208,-25.33662842175743,species,Carduelis carduelis,European Goldfinch,0.9867159128189087,0.9867159128189087,species,1,rand_species,/Users/justyna-przy/Projects/ISE/FYP/src/bird_data/clips/species/carduelis_carduelis/XC1007384__s10000__e13000.wav,
carduelis_carduelis,1007384,Carduelis carduelis,/Users/justyna-przy/Projects/ISE/FYP/src/bird_data/raw/carduelis_carduelis/XC1007384.mp3,13.0,16.0,-22.081609096183193,-25.33662842175743,species,Carduelis carduelis,European Goldfinch,0.9993207454681396,0.9993207454681396,species,0,,,
carduelis_carduelis,1007384,Carduelis carduelis,/Users/justyna-przy/Projects/ISE/FYP/src/bird_data/raw/carduelis_carduelis/XC1007384.mp3,16.0,19.0,-20.156374488636885,-25.33662842175743,species,Carduelis carduelis,European Goldfinch,0.9996709823608398,0.9996709823608398,species,0,,,
carduelis_carduelis,1007384,Carduelis carduelis,/Users/justyna-przy/Projects/ISE/FYP/src/bird_data/raw/carduelis_carduelis/XC1007384.mp3,19.0,22.0,-21.02162119831721,-25.33662842175743,species,Carduelis carduelis,European Goldfinch,0.9996592998504639,0.9996592998504639,species,0,,,
carduelis_carduelis,1007384,Carduelis carduelis,/Users/justyna-przy/Projects/ISE/FYP/src/bird_data/raw/carduelis_carduelis/XC1007384.mp3,22.0,25.0,-24.01619194335547,-25.33662842175743,non_bird,,,0.0,0.0,non_bird,1,nonbird_lowconf,/Users/justyna-przy/Projects/ISE/FYP/src/bird_data/clips/non_bird/carduelis_carduelis/XC1007384__s22000__e25000.wav,
carduelis_carduelis,1007384,Carduelis carduelis,/Users/justyna-przy/Projects/ISE/FYP/src/bird_data/raw/carduelis_carduelis/XC1007384.mp3,25.0,28.0,-22.288342323820434,-25.33662842175743,species,Carduelis carduelis,European Goldfinch,0.9995505213737488,0.9995505213737488,species,0,,,
carduelis_carduelis,1007384,Carduelis carduelis,/Users/justyna-przy/Projects/ISE/FYP/src/bird_data/raw/carduelis_carduelis/XC1007384.mp3,31.0,34.0,-23.518898475918114,-25.33662842175743,species,Carduelis carduelis,European Goldfinch,0.9991098046302795,0.9991098046302795,species,0,,,
carduelis_carduelis,1007384,Carduelis carduelis,/Users/justyna-przy/Projects/ISE/FYP/src/bird_data/raw/carduelis_carduelis/XC1007384.mp3,37.0,40.0,-24.68859946898089,-25.33662842175743,species,Carduelis carduelis,European Goldfinch,0.9449699521064758,0.9449699521064758,species,0,,,
carduelis_carduelis,1007384,Carduelis carduelis,/Users/justyna-przy/Projects/ISE/FYP/src/bird_data/raw/carduelis_carduelis/XC1007384.mp3,40.0,43.0,-25.213499203108615,-25.33662842175743,species,Carduelis carduelis,European Goldfinch,0.9975718855857849,0.9975718855857849,species,1,rand_species,/Users/justyna-przy/Projects/ISE/FYP/src/bird_data/clips/species/carduelis_carduelis/XC1007384__s40000__e43000.wav,
carduelis_carduelis,945796,Carduelis carduelis,/Users/justyna-przy/Projects/ISE/FYP/src/bird_data/raw/carduelis_carduelis/XC945796.mp3,1.0,4.0,-28.089412786076707,-40.0,species,Carduelis carduelis,European Goldfinch,0.9963562488555908,0.9963562488555908,species,0,,,
carduelis_carduelis,945796,Carduelis carduelis,/Users/justyna-przy/Projects/ISE/FYP/src/bird_data/raw/carduelis_carduelis/XC945796.mp3,4.0,7.0,-26.69897275714891,-40.0,species,Carduelis carduelis,European Goldfinch,0.9941297769546509,0.9941297769546509,species,1,rand_species,/Users/justyna-przy/Projects/ISE/FYP/src/bird_data/clips/species/carduelis_carduelis/XC945796__s4000__e7000.wav,
carduelis_carduelis,945796,Carduelis carduelis,/Users/justyna-przy/Projects/ISE/FYP/src/bird_data/raw/carduelis_carduelis/XC945796.mp3,7.0,10.0,-24.185191378175205,-40.0,species,Carduelis carduelis,European Goldfinch,0.9902597069740295,0.9902597069740295,species,0,,,
carduelis_carduelis,945796,Carduelis carduelis,/Users/justyna-przy/Projects/ISE/FYP/src/bird_data/raw/carduelis_carduelis/XC945796.mp3,10.0,13.0,-35.17353984665063,-40.0,species,Carduelis carduelis,European Goldfinch,0.983098566532135,0.983098566532135,species,0,,,
carduelis_carduelis,945796,Carduelis carduelis,/Users/justyna-przy/Projects/ISE/FYP/src/bird_data/raw/carduelis_carduelis/XC945796.mp3,13.0,16.0,-30.093821083695893,-40.0,species,Carduelis carduelis,European Goldfinch,0.9944595098495483,0.9944595098495483,species,0,,,
carduelis_carduelis,945796,Carduelis carduelis,/Users/justyna-przy/Projects/ISE/FYP/src/bird_data/raw/carduelis_carduelis/XC945796.mp3,16.0,19.0,-27.91138556088894,-40.0,species,Carduelis carduelis,European Goldfinch,0.9943002462387085,0.9943002462387085,species,0,,,
carduelis_carduelis,945796,Carduelis carduelis,/Users/justyna-przy/Projects/ISE/FYP/src/bird_data/raw/carduelis_carduelis/XC945796.mp3,19.0,22.0,-19.963474654605676,-40.0,species,Carduelis carduelis,European Goldfinch,0.9579400420188904,0.9579400420188904,species,0,,,
carduelis_carduelis,945796,Carduelis carduelis,/Users/justyna-przy/Projects/ISE/FYP/src/bird_data/raw/carduelis_carduelis/XC945796.mp3,25.0,28.0,-33.77029707573556,-40.0,species,Carduelis carduelis,European Goldfinch,0.98795086145401,0.98795086145401,species,0,,,
carduelis_carduelis,945796,Carduelis carduelis,/Users/justyna-przy/Projects/ISE/FYP/src/bird_data/raw/carduelis_carduelis/XC945796.mp3,28.0,31.0,-27.667569104451406,-40.0,species,Carduelis carduelis,European Goldfinch,0.9911303520202637,0.9911303520202637,species,0,,,
carduelis_carduelis,945796,Carduelis carduelis,/Users/justyna-przy/Projects/ISE/FYP/src/bird_data/raw/carduelis_carduelis/XC945796.mp3,31.0,34.0,-26.68742599164694,-40.0,species,Carduelis carduelis,European Goldfinch,0.7603299617767334,0.7603299617767334,species,0,,,
carduelis_carduelis,945796,Carduelis carduelis,/Users/justyna-przy/Projects/ISE/FYP/src/bird_data/raw/carduelis_carduelis/XC945796.mp3,37.0,40.0,-39.72307337063238,-40.0,species,Carduelis carduelis,European Goldfinch,0.9668350219726562,0.9668350219726562,species,1,rand_species,/Users/justyna-przy/Projects/ISE/FYP/src/bird_data/clips/species/carduelis_carduelis/XC945796__s37000__e40000.wav,
carduelis_carduelis,945796,Carduelis carduelis,/Users/justyna-przy/Projects/ISE/FYP/src/bird_data/raw/carduelis_carduelis/XC945796.mp3,43.0,46.0,-39.04334738741699,-40.0,species,Carduelis carduelis,European Goldfinch,0.7526366114616394,0.7526366114616394,species,1,rand_species,/Users/justyna-przy/Projects/ISE/FYP/src/bird_data/clips/species/carduelis_carduelis/XC945796__s43000__e46000.wav,
carduelis_carduelis,943251,Carduelis carduelis,/Users/justyna-przy/Projects/ISE/FYP/src/bird_data/raw/carduelis_carduelis/XC943251.mp3,1.0,4.0,-36.39277714373299,-37.76400076202088,species,Carduelis carduelis,European Goldfinch,0.8388079404830933,0.8388079404830933,species,0,,,
carduelis_carduelis,943251,Carduelis carduelis,/Users/justyna-przy/Projects/ISE/FYP/src/bird_data/raw/carduelis_carduelis/XC943251.mp3,4.0,7.0,-37.736863958576016,-37.76400076202088,drop,Chlorophonia cyanocephala,Golden-rumped Euphonia,0.17877356708049774,0.17877356708049774,drop,0,,,
carduelis_carduelis,943251,Carduelis carduelis,/Users/justyna-przy/Projects/ISE/FYP/src/bird_data/raw/carduelis_carduelis/XC943251.mp3,7.0,10.0,-36.428970001378936,-37.76400076202088,species,Carduelis carduelis,European Goldfinch,0.9822474122047424,0.9822474122047424,species,1,rand_species,/Users/justyna-przy/Projects/ISE/FYP/src/bird_data/clips/species/carduelis_carduelis/XC943251__s7000__e10000.wav,
carduelis_carduelis,943251,Carduelis carduelis,/Users/justyna-przy/Projects/ISE/FYP/src/bird_data/raw/carduelis_carduelis/XC943251.mp3,10.0,13.0,-37.23243711735289,-37.76400076202088,species,Carduelis carduelis,European Goldfinch,0.8996421694755554,0.8996421694755554,species,1,rand_species,/Users/justyna-przy/Projects/ISE/FYP/src/bird_data/clips/species/carduelis_carduelis/XC943251__s10000__e13000.wav,
carduelis_carduelis,943251,Carduelis carduelis,/Users/justyna-przy/Projects/ISE/FYP/src/bird_data/raw/carduelis_carduelis/XC943251.mp3,16.0,19.0,-37.367132755770015,-37.76400076202088,species,Carduelis carduelis,European Goldfinch,0.8238510489463806,0.8238510489463806,species,1,rand_species,/Users/justyna-przy/Projects/ISE/FYP/src/bird_data/clips/species/carduelis_carduelis/XC943251__s16000__e19000.wav,
carduelis_carduelis,819266,Carduelis carduelis,/Users/justyna-przy/Projects/ISE/FYP/src/bird_data/raw/carduelis_carduelis/XC819266.mp3,1.0,4.0,-27.834518899946712,-29.191663243892812,species,Carduelis carduelis,European Goldfinch,0.9908518195152283,0.9908518195152283,species,0,,,
carduelis_carduelis,819266,Carduelis carduelis,/Users/justyna-przy/Projects/ISE/FYP/src/bird_data/raw/carduelis_carduelis/XC819266.mp3,7.0,10.0,-25.670676165151924,-29.191663243892812,species,Carduelis carduelis,European Goldfinch,0.9960039258003235,0.9960039258003235,species,0,,,
carduelis_carduelis,819266,Carduelis carduelis,/Users/justyna-przy/Projects/ISE/FYP/src/bird_data/raw/carduelis_carduelis/XC819266.mp3,10.0,13.0,-27.952664303387884,-29.191663243892812,species,Carduelis carduelis,European Goldfinch,0.9798967242240906,0.9798967242240906,species,0,,,
carduelis_carduelis,819266,Carduelis carduelis,/Users/justyna-przy/Projects/ISE/FYP/src/bird_data/raw/carduelis_carduelis/XC819266.mp3,16.0,19.0,-26.28446245845472,-29.191663243892812,species,Carduelis carduelis,European Goldfinch,0.9973269701004028,0.9973269701004028,species,1,rand_species,/Users/justyna-przy/Projects/ISE/FYP/src/bird_data/clips/species/carduelis_carduelis/XC819266__s16000__e19000.wav,
carduelis_carduelis,819266,Carduelis carduelis,/Users/justyna-przy/Projects/ISE/FYP/src/bird_data/raw/carduelis_carduelis/XC819266.mp3,19.0,22.0,-24.85751064506166,-29.191663243892812,species,Carduelis carduelis,European Goldfinch,0.9992488026618958,0.9992488026618958,species,0,,,
carduelis_carduelis,819266,Carduelis carduelis,/Users/justyna-przy/Projects/ISE/FYP/src/bird_data/raw/carduelis_carduelis/XC819266.mp3,22.0,25.0,-26.069216104720443,-29.191663243892812,species,Carduelis carduelis,European Goldfinch,0.9129927158355713,0.9129927158355713,species,0,,,
carduelis_carduelis,819266,Carduelis carduelis,/Users/justyna-przy/Projects/ISE/FYP/src/bird_data/raw/carduelis_carduelis/XC819266.mp3,28.0,31.0,-29.091807204521338,-29.191663243892812,species,Carduelis carduelis,European Goldfinch,0.9918966889381409,0.9918966889381409,species,1,rand_species,/Users/justyna-przy/Projects/ISE/FYP/src/bird_data/clips/species/carduelis_carduelis/XC819266__s28000__e31000.wav,
carduelis_carduelis,819266,Carduelis carduelis,/Users/justyna-przy/Projects/ISE/FYP/src/bird_data/raw/carduelis_carduelis/XC819266.mp3,31.0,34.0,-28.521986564014025,-29.191663243892812,species,Carduelis carduelis,European Goldfinch,0.9952114224433899,0.9952114224433899,species,0,,,
carduelis_carduelis,819266,Carduelis carduelis,/Users/justyna-przy/Projects/ISE/FYP/src/bird_data/raw/carduelis_carduelis/XC819266.mp3,34.0,37.0,-25.056708568487092,-29.191663243892812,species,Carduelis carduelis,European Goldfinch,0.9976772665977478,0.9976772665977478,species,0,,,
carduelis_carduelis,819266,Carduelis carduelis,/Users/justyna-przy/Projects/ISE/FYP/src/bird_data/raw/carduelis_carduelis/XC819266.mp3,40.0,43.0,-26.447105526064117,-29.191663243892812,species,Carduelis carduelis,European Goldfinch,0.9981649518013,0.9981649518013,species,1,rand_species,/Users/justyna-przy/Projects/ISE/FYP/src/bird_data/clips/species/carduelis_carduelis/XC819266__s40000__e43000.wav,
carduelis_carduelis,776847,Carduelis carduelis,/Users/justyna-przy/Projects/ISE/FYP/src/bird_data/raw/carduelis_carduelis/XC776847.mp3,1.0,4.0,-38.234822864115884,-40.0,drop,Carduelis carduelis,European Goldfinch,0.1400068700313568,0.1400068700313568,drop,0,,,
carduelis_carduelis,776847,Carduelis carduelis,/Users/justyna-przy/Projects/ISE/FYP/src/bird_data/raw/carduelis_carduelis/XC776847.mp3,4.0,7.0,-31.08113591903665,-40.0,species,Carduelis carduelis,European Goldfinch,0.6609965562820435,0.6609965562820435,species,1,rand_species,/Users/justyna-przy/Projects/ISE/FYP/src/bird_data/clips/species/carduelis_carduelis/XC776847__s4000__e7000.wav,
carduelis_carduelis,776847,Carduelis carduelis,/Users/justyna-przy/Projects/ISE/FYP/src/bird_data/raw/carduelis_carduelis/XC776847.mp3,7.0,10.0,-29.132105565915648,-40.0,species,Carduelis carduelis,European Goldfinch,0.7427558898925781,0.7427558898925781,species,1,rand_species,/Users/justyna-przy/Projects/ISE/FYP/src/bird_data/clips/species/carduelis_carduelis/XC776847__s7000__e10000.wav,
carduelis_carduelis,747847,Carduelis carduelis,/Users/justyna-przy/Projects/ISE/FYP/src/bird_data/raw/carduelis_carduelis/XC747847.mp3,4.0,7.0,-23.49865631467203,-24.079073377411746,drop,Aegithalos caudatus,Long-tailed Tit,0.6173632144927979,0.6173632144927979,drop,0,,,
carduelis_carduelis,747847,Carduelis carduelis,/Users/justyna-przy/Projects/ISE/FYP/src/bird_data/raw/carduelis_carduelis/XC747847.mp3,7.0,10.0,-24.064009021538077,-24.079073377411746,drop,Aegithalos caudatus,Long-tailed Tit,0.6851231455802917,0.6851231455802917,drop,0,,,
carduelis_carduelis,747847,Carduelis carduelis,/Users/justyna-przy/Projects/ISE/FYP/src/bird_data/raw/carduelis_carduelis/XC747847.mp3,10.0,13.0,-22.8459167917999,-24.079073377411746,drop,Aegithalos caudatus,Long-tailed Tit,0.7410181164741516,0.7410181164741516,drop,0,,,
carduelis_carduelis,723280,Carduelis carduelis,/Users/justyna-przy/Projects/ISE/FYP/src/bird_data/raw/carduelis_carduelis/XC723280.mp3,1.0,4.0,-23.57442800328745,-31.19021567600866,species,Carduelis carduelis,European Goldfinch,0.9952496290206909,0.9952496290206909,species,0,,,
carduelis_carduelis,723280,Carduelis carduelis,/Users/justyna-przy/Projects/ISE/FYP/src/bird_data/raw/carduelis_carduelis/XC723280.mp3,4.0,7.0,-24.16078761572859,-31.19021567600866,species,Carduelis carduelis,European Goldfinch,0.9980654120445251,0.9980654120445251,species,0,,,
carduelis_carduelis,723280,Carduelis carduelis,/Users/justyna-przy/Projects/ISE/FYP/src/bird_data/raw/carduelis_carduelis/XC723280.mp3,7.0,10.0,-26.500998077886,-31.19021567600866,species,Carduelis carduelis,European Goldfinch,0.9984904527664185,0.9984904527664185,species,0,,,
carduelis_carduelis,723280,Carduelis carduelis,/Users/justyna-przy/Projects/ISE/FYP/src/bird_data/raw/carduelis_carduelis/XC723280.mp3,10.0,13.0,-28.250721943877807,-31.19021567600866,species,Carduelis carduelis,European Goldfinch,0.9829626083374023,0.9829626083374023,species,0,,,
carduelis_carduelis,723280,Carduelis carduelis,/Users/justyna-przy/Projects/ISE/FYP/src/bird_data/raw/carduelis_carduelis/XC723280.mp3,13.0,16.0,-28.689989851748606,-31.19021567600866,species,Carduelis carduelis,European Goldfinch,0.6730064749717712,0.6730064749717712,species,1,rand_species,/Users/justyna-przy/Projects/ISE/FYP/src/bird_data/clips/species/carduelis_carduelis/XC723280__s13000__e16000.wav,
carduelis_carduelis,723280,Carduelis carduelis,/Users/justyna-przy/Projects/ISE/FYP/src/bird_data/raw/carduelis_carduelis/XC723280.mp3,16.0,19.0,-24.96227268458376,-31.19021567600866,species,Carduelis carduelis,European Goldfinch,0.9984326958656311,0.9984326958656311,species,1,rand_species,/Users/justyna-przy/Projects/ISE/FYP/src/bird_data/clips/species/carduelis_carduelis/XC723280__s16000__e19000.wav,
carduelis_carduelis,723280,Carduelis carduelis,/Users/justyna-przy/Projects/ISE/FYP/src/bird_data/raw/carduelis_carduelis/XC723280.mp3,28.0,31.0,-22.79465323834128,-31.19021567600866,species,Carduelis carduelis,European Goldfinch,0.999309778213501,0.999309778213501,species,0,,,
carduelis_carduelis,723280,Carduelis carduelis,/Users/justyna-przy/Projects/ISE/FYP/src/bird_data/raw/carduelis_carduelis/XC723280.mp3,34.0,37.0,-23.180333749565847,-31.19021567600866,species,Carduelis carduelis,European Goldfinch,0.9983940720558167,0.9983940720558167,species,1,rand_species,/Users/justyna-przy/Projects/ISE/FYP/src/bird_data/clips/species/carduelis_carduelis/XC723280__s34000__e37000.wav,
carduelis_carduelis,720828,Carduelis carduelis,/Users/justyna-przy/Projects/ISE/FYP/src/bird_data/raw/carduelis_carduelis/XC720828.mp3,1.0,4.0,-19.360649605757118,-19.991838037224944,species,Carduelis carduelis,European Goldfinch,0.711039125919342,0.711039125919342,species,1,rand_species,/Users/justyna-przy/Projects/ISE/FYP/src/bird_data/clips/species/carduelis_carduelis/XC720828__s1000__e4000.wav,
carduelis_carduelis,720828,Carduelis carduelis,/Users/justyna-przy/Projects/ISE/FYP/src/bird_data/raw/carduelis_carduelis/XC720828.mp3,7.0,10.0,-15.493906157371924,-19.991838037224944,species,Carduelis carduelis,European Goldfinch,0.9102174639701843,0.9102174639701843,species,0,,,
carduelis_carduelis,720828,Carduelis carduelis,/Users/justyna-przy/Projects/ISE/FYP/src/bird_data/raw/carduelis_carduelis/XC720828.mp3,10.0,13.0,-18.065207512446328,-19.991838037224944,drop,Carduelis carduelis,European Goldfinch,0.21506619453430176,0.21506619453430176,drop,0,,,
carduelis_carduelis,720828,Carduelis carduelis,/Users/justyna-przy/Projects/ISE/FYP/src/bird_data/raw/carduelis_carduelis/XC720828.mp3,16.0,19.0,-18.610437588946734,-19.991838037224944,species,Carduelis carduelis,European Goldfinch,0.9088670015335083,0.9088670015335083,species,0,,,
carduelis_carduelis,720828,Carduelis carduelis,/Users/justyna-przy/Projects/ISE/FYP/src/bird_data/raw/carduelis_carduelis/XC720828.mp3,19.0,22.0,-16.17883272051271,-19.991838037224944,species,Carduelis carduelis,European Goldfinch,0.9220892190933228,0.9220892190933228,species,1,rand_species,/Users/justyna-przy/Projects/ISE/FYP/src/bird_data/clips/species/carduelis_carduelis/XC720828__s19000__e22000.wav,
carduelis_carduelis,720828,Carduelis carduelis,/Users/justyna-przy/Projects/ISE/FYP/src/bird_data/raw/carduelis_carduelis/XC720828.mp3,28.0,31.0,-18.626563909554577,-19.991838037224944,species,Carduelis carduelis,European Goldfinch,0.3124285638332367,0.3124285638332367,species,0,,,
carduelis_carduelis,720828,Carduelis carduelis,/Users/justyna-przy/Projects/ISE/FYP/src/bird_data/raw/carduelis_carduelis/XC720828.mp3,31.0,34.0,-18.138548532773807,-19.991838037224944,drop,Periparus ater,Coal Tit,0.7790319919586182,0.7790319919586182,drop,0,,,
carduelis_carduelis,720828,Carduelis carduelis,/Users/justyna-przy/Projects/ISE/FYP/src/bird_data/raw/carduelis_carduelis/XC720828.mp3,34.0,37.0,-18.880019880486675,-19.991838037224944,non_bird,,,0.0,0.0,non_bird,1,nonbird_lowconf,/Users/justyna-przy/Projects/ISE/FYP/src/bird_data/clips/non_bird/carduelis_carduelis/XC720828__s34000__e37000.wav,
carduelis_carduelis,720828,Carduelis carduelis,/Users/justyna-przy/Projects/ISE/FYP/src/bird_data/raw/carduelis_carduelis/XC720828.mp3,37.0,40.0,-17.92806294132648,-19.991838037224944,species,Carduelis carduelis,European Goldfinch,0.6081916689872742,0.6081916689872742,species,1,rand_species,/Users/justyna-przy/Projects/ISE/FYP/src/bird_data/clips/species/carduelis_carduelis/XC720828__s37000__e40000.wav,
carduelis_carduelis,720828,Carduelis carduelis,/Users/justyna-przy/Projects/ISE/FYP/src/bird_data/raw/carduelis_carduelis/XC720828.mp3,40.0,43.0,-18.48935477786867,-19.991838037224944,species,Carduelis carduelis,European Goldfinch,0.9740260243415833,0.9740260243415833,species,0,,,
carduelis_carduelis,720828,Carduelis carduelis,/Users/justyna-przy/Projects/ISE/FYP/src/bird_data/raw/carduelis_carduelis/XC720828.mp3,43.0,46.0,-19.045875568724483,-19.991838037224944,species,Carduelis carduelis,European Goldfinch,0.34318679571151733,0.34318679571151733,species,0,,,
carduelis_carduelis,720828,Carduelis carduelis,/Users/justyna-przy/Projects/ISE/FYP/src/bird_data/raw/carduelis_carduelis/XC720828.mp3,46.0,49.0,-19.315351406514374,-19.991838037224944,non_bird,,,0.0,0.0,non_bird,1,nonbird_lowconf,/Users/justyna-przy/Projects/ISE/FYP/src/bird_data/clips/non_bird/carduelis_carduelis/XC720828__s46000__e49000.wav,
carduelis_carduelis,712216,Carduelis carduelis,/Users/justyna-przy/Projects/ISE/FYP/src/bird_data/raw/carduelis_carduelis/XC712216.mp3,1.0,4.0,-25.74767854127527,-29.032371136086553,species,Carduelis carduelis,European Goldfinch,0.999272882938385,0.999272882938385,species,1,rand_species,/Users/justyna-przy/Projects/ISE/FYP/src/bird_data/clips/species/carduelis_carduelis/XC712216__s1000__e4000.wav,
carduelis_carduelis,712216,Carduelis carduelis,/Users/justyna-przy/Projects/ISE/FYP/src/bird_data/raw/carduelis_carduelis/XC712216.mp3,4.0,7.0,-28.85464541070583,-29.032371136086553,species,Carduelis carduelis,European Goldfinch,0.9905270338058472,0.9905270338058472,species,1,rand_species,/Users/justyna-przy/Projects/ISE/FYP/src/bird_data/clips/species/carduelis_carduelis/XC712216__s4000__e7000.wav,
carduelis_carduelis,712216,Carduelis carduelis,/Users/justyna-przy/Projects/ISE/FYP/src/bird_data/raw/carduelis_carduelis/XC712216.mp3,10.0,13.0,-28.055271549461235,-29.032371136086553,species,Carduelis carduelis,European Goldfinch,0.9966114163398743,0.9966114163398743,species,1,rand_species,/Users/justyna-przy/Projects/ISE/FYP/src/bird_data/clips/species/carduelis_carduelis/XC712216__s10000__e13000.wav,
carduelis_carduelis,703979,Carduelis carduelis,/Users/justyna-przy/Projects/ISE/FYP/src/bird_data/raw/carduelis_carduelis/XC703979.mp3,4.0,7.0,-27.727523241567354,-34.770594950206714,species,Carduelis carduelis,European Goldfinch,0.9490064978599548,0.9490064978599548,species,0,,,
carduelis_carduelis,703979,Carduelis carduelis,/Users/justyna-przy/Projects/ISE/FYP/src/bird_data/raw/carduelis_carduelis/XC703979.mp3,7.0,10.0,-33.39347296677519,-34.770594950206714,drop,Acanthiza pusilla,Brown Thornbill,0.3399912118911743,0.3399912118911743,drop,0,,,
carduelis_carduelis,703979,Carduelis carduelis,/Users/justyna-przy/Projects/ISE/FYP/src/bird_data/raw/carduelis_carduelis/XC703979.mp3,10.0,13.0,-30.806339200506283,-34.770594950206714,species,Carduelis carduelis,European Goldfinch,0.46241268515586853,0.46241268515586853,species,0,,,
carduelis_carduelis,703979,Carduelis carduelis,/Users/justyna-przy/Projects/ISE/FYP/src/bird_data/raw/carduelis_carduelis/XC703979.mp3,16.0,19.0,-25.885920136335937,-34.770594950206714,species,Carduelis carduelis,European Goldfinch,0.5829830765724182,0.5829830765724182,species,0,,,
carduelis_carduelis,703979,Carduelis carduelis,/Users/justyna-przy/Projects/ISE/FYP/src/bird_data/raw/carduelis_carduelis/XC703979.mp3,19.0,22.0,-26.52477116870955,-34.770594950206714,species,Carduelis carduelis,European Goldfinch,0.8973900079727173,0.8973900079727173,species,1,rand_species,/Users/justyna-przy/Projects/ISE/FYP/src/bird_data/clips/species/carduelis_carduelis/XC703979__s19000__e22000.wav,
carduelis_carduelis,703979,Carduelis carduelis,/Users/justyna-przy/Projects/ISE/FYP/src/bird_data/raw/carduelis_carduelis/XC703979.mp3,25.0,28.0,-34.04289870216126,-34.770594950206714,species,Carduelis carduelis,European Goldfinch,0.9811216592788696,0.9811216592788696,species,0,,,
carduelis_carduelis,703979,Carduelis carduelis,/Users/justyna-przy/Projects/ISE/FYP/src/bird_data/raw/carduelis_carduelis/XC703979.mp3,28.0,31.0,-30.5325327584745,-34.770594950206714,species,Carduelis carduelis,European Goldfinch,0.9951987862586975,0.9951987862586975,species,1,rand_species,/Users/justyna-przy/Projects/ISE/FYP/src/bird_data/clips/species/carduelis_carduelis/XC703979__s28000__e31000.wav,
carduelis_carduelis,703979,Carduelis carduelis,/Users/justyna-przy/Projects/ISE/FYP/src/bird_data/raw/carduelis_carduelis/XC703979.mp3,34.0,37.0,-30.807960072423228,-34.770594950206714,species,Carduelis carduelis,European Goldfinch,0.9779366850852966,0.9779366850852966,species,0,,,
carduelis_carduelis,703979,Carduelis carduelis,/Users/justyna-przy/Projects/ISE/FYP/src/bird_data/raw/carduelis_carduelis/XC703979.mp3,37.0,40.0,-34.40094955249483,-34.770594950206714,species,Carduelis carduelis,European Goldfinch,0.9783265590667725,0.9783265590667725,species,1,rand_species,/Users/justyna-przy/Projects/ISE/FYP/src/bird_data/clips/species/carduelis_carduelis/XC703979__s37000__e40000.wav,
carduelis_carduelis,703977,Carduelis carduelis,/Users/justyna-przy/Projects/ISE/FYP/src/bird_data/raw/carduelis_carduelis/XC703977.mp3,4.0,7.0,-33.51754520064671,-35.03782149970622,species,Carduelis carduelis,European Goldfinch,0.9232202172279358,0.9232202172279358,species,0,,,
carduelis_carduelis,703977,Carduelis carduelis,/Users/justyna-przy/Projects/ISE/FYP/src/bird_data/raw/carduelis_carduelis/XC703977.mp3,7.0,10.0,-34.40023033980713,-35.03782149970622,species,Carduelis carduelis,European Goldfinch,0.9744774699211121,0.9744774699211121,species,0,,,
carduelis_carduelis,703977,Carduelis carduelis,/Users/justyna-przy/Projects/ISE/FYP/src/bird_data/raw/carduelis_carduelis/XC703977.mp3,10.0,13.0,-34.15204430844237,-35.03782149970622,species,Carduelis carduelis,European Goldfinch,0.8250503540039062,0.8250503540039062,species,1,rand_species,/Users/justyna-przy/Projects/ISE/FYP/src/bird_data/clips/species/carduelis_carduelis/XC703977__s10000__e13000.wav,
carduelis_carduelis,703977,Carduelis carduelis,/Users/justyna-przy/Projects/ISE/FYP/src/bird_data/raw/carduelis_carduelis/XC703977.mp3,13.0,16.0,-33.42699951782855,-35.03782149970622,species,Carduelis carduelis,European Goldfinch,0.9932904243469238,0.9932904243469238,species,0,,,
carduelis_carduelis,703977,Carduelis carduelis,/Users/justyna-przy/Projects/ISE/FYP/src/bird_data/raw/carduelis_carduelis/XC703977.mp3,16.0,19.0,-33.01574299808024,-35.03782149970622,species,Carduelis carduelis,European Goldfinch,0.41252192854881287,0.41252192854881287,species,0,,,
carduelis_carduelis,703977,Carduelis carduelis,/Users/justyna-przy/Projects/ISE/FYP/src/bird_data/raw/carduelis_carduelis/XC703977.mp3,25.0,28.0,-32.86872649316779,-35.03782149970622,species,Carduelis carduelis,European Goldfinch,0.3835294246673584,0.3835294246673584,species,0,,,
carduelis_carduelis,703977,Carduelis carduelis,/Users/justyna-przy/Projects/ISE/FYP/src/bird_data/raw/carduelis_carduelis/XC703977.mp3,28.0,31.0,-34.157106588452905,-35.03782149970622,species,Carduelis carduelis,European Goldfinch,0.7449288368225098,0.7449288368225098,species,1,rand_species,/Users/justyna-przy/Projects/ISE/FYP/src/bird_data/clips/species/carduelis_carduelis/XC703977__s28000__e31000.wav,
carduelis_carduelis,703977,Carduelis carduelis,/Users/justyna-przy/Projects/ISE/FYP/src/bird_data/raw/carduelis_carduelis/XC703977.mp3,34.0,37.0,-32.55639514098898,-35.03782149970622,species,Carduelis carduelis,European Goldfinch,0.8352164030075073,0.8352164030075073,species,0,,,
carduelis_carduelis,703977,Carduelis carduelis,/Users/justyna-przy/Projects/ISE/FYP/src/bird_data/raw/carduelis_carduelis/XC703977.mp3,37.0,40.0,-33.54835835549916,-35.03782149970622,drop,Carduelis carduelis,European Goldfinch,0.11472213268280029,0.11472213268280029,drop,0,,,
carduelis_carduelis,703977,Carduelis carduelis,/Users/justyna-przy/Projects/ISE/FYP/src/bird_data/raw/carduelis_carduelis/XC703977.mp3,43.0,46.0,-32.711761713790914,-35.03782149970622,species,Carduelis carduelis,European Goldfinch,0.377498984336853,0.377498984336853,species,0,,,
carduelis_carduelis,703977,Carduelis carduelis,/Users/justyna-przy/Projects/ISE/FYP/src/bird_data/raw/carduelis_carduelis/XC703977.mp3,46.0,49.0,-34.8566409170631,-35.03782149970622,drop,Acanthis flammea,Common Redpoll,0.4237479567527771,0.4237479567527771,drop,0,,,
carduelis_carduelis,703977,Carduelis carduelis,/Users/justyna-przy/Projects/ISE/FYP/src/bird_data/raw/carduelis_carduelis/XC703977.mp3,49.0,52.0,-32.72688708424667,-35.03782149970622,species,Carduelis carduelis,European Goldfinch,0.9367836117744446,0.9367836117744446,species,1,rand_species,/Users/justyna-przy/Projects/ISE/FYP/src/bird_data/clips/species/carduelis_carduelis/XC703977__s49000__e52000.wav,
carduelis_carduelis,702143,Carduelis carduelis,/Users/justyna-przy/Projects/ISE/FYP/src/bird_data/raw/carduelis_carduelis/XC702143.mp3,22.0,25.0,-34.885016298433186,-40.0,species,Carduelis carduelis,European Goldfinch,0.9734776616096497,0.9734776616096497,species,1,rand_species,/Users/justyna-przy/Projects/ISE/FYP/src/bird_data/clips/species/carduelis_carduelis/XC702143__s22000__e25000.wav,
carduelis_carduelis,700803,Carduelis carduelis,/Users/justyna-przy/Projects/ISE/FYP/src/bird_data/raw/carduelis_carduelis/XC700803.mp3,1.0,4.0,-29.261082604405825,-32.543361144580444,species,Carduelis carduelis,European Goldfinch,0.9716562628746033,0.9716562628746033,species,1,rand_species,/Users/justyna-przy/Projects/ISE/FYP/src/bird_data/clips/species/carduelis_carduelis/XC700803__s1000__e4000.wav,
carduelis_carduelis,700803,Carduelis carduelis,/Users/justyna-przy/Projects/ISE/FYP/src/bird_data/raw/carduelis_carduelis/XC700803.mp3,4.0,7.0,-26.955896891156943,-32.543361144580444,drop,Carduelis carduelis,European Goldfinch,0.10271725803613663,0.10271725803613663,drop,0,,,
carduelis_carduelis,700803,Carduelis carduelis,/Users/justyna-przy/Projects/ISE/FYP/src/bird_data/raw/carduelis_carduelis/XC700803.mp3,7.0,10.0,-28.88060413836665,-32.543361144580444,species,Carduelis carduelis,European Goldfinch,0.951831042766571,0.951831042766571,species,0,,,
carduelis_carduelis,700803,Carduelis carduelis,/Users/justyna-przy/Projects/ISE/FYP/src/bird_data/raw/carduelis_carduelis/XC700803.mp3,10.0,13.0,-32.543361144580444,-32.543361144580444,non_bird,,,0.0,0.0,non_bird,1,nonbird_lowconf,/Users/justyna-przy/Projects/ISE/FYP/src/bird_data/clips/non_bird/carduelis_carduelis/XC700803__s10000__e13000.wav,
carduelis_carduelis,700803,Carduelis carduelis,/Users/justyna-przy/Projects/ISE/FYP/src/bird_data/raw/carduelis_carduelis/XC700803.mp3,13.0,16.0,-28.41351333118544,-32.543361144580444,non_bird,,,0.0,0.0,non_bird,1,nonbird_lowconf,/Users/justyna-przy/Projects/ISE/FYP/src/bird_data/clips/non_bird/carduelis_carduelis/XC700803__s13000__e16000.wav,
carduelis_carduelis,700803,Carduelis carduelis,/Users/justyna-przy/Projects/ISE/FYP/src/bird_data/raw/carduelis_carduelis/XC700803.mp3,16.0,19.0,-30.500611775110833,-32.543361144580444,species,Carduelis carduelis,European Goldfinch,0.9745780825614929,0.9745780825614929,species,0,,,
carduelis_carduelis,700803,Carduelis carduelis,/Users/justyna-przy/Projects/ISE/FYP/src/bird_data/raw/carduelis_carduelis/XC700803.mp3,22.0,25.0,-30.641964935526254,-32.543361144580444,species,Carduelis carduelis,European Goldfinch,0.8268030881881714,0.8268030881881714,species,1,rand_species,/Users/justyna-przy/Projects/ISE/FYP/src/bird_data/clips/species/carduelis_carduelis/XC700803__s22000__e25000.wav,
carduelis_carduelis,700803,Carduelis carduelis,/Users/justyna-przy/Projects/ISE/FYP/src/bird_data/raw/carduelis_carduelis/XC700803.mp3,28.0,31.0,-32.47703822340101,-32.543361144580444,species,Carduelis carduelis,European Goldfinch,0.8495137095451355,0.8495137095451355,species,1,rand_species,/Users/justyna-przy/Projects/ISE/FYP/src/bird_data/clips/species/carduelis_carduelis/XC700803__s28000__e31000.wav,
carduelis_carduelis,698214,Carduelis carduelis,/Users/justyna-przy/Projects/ISE/FYP/src/bird_data/raw/carduelis_carduelis/XC698214.mp3,1.0,4.0,-22.52067906643041,-23.099219097833895,non_bird,,,0.0,0.0,non_bird,1,nonbird_lowconf,/Users/justyna-przy/Projects/ISE/FYP/src/bird_data/clips/non_bird/carduelis_carduelis/XC698214__s1000__e4000.wav,
carduelis_carduelis,698214,Carduelis carduelis,/Users/justyna-przy/Projects/ISE/FYP/src/bird_data/raw/carduelis_carduelis/XC698214.mp3,4.0,7.0,-21.52652605707643,-23.099219097833895,non_bird,,,0.0,0.0,non_bird,1,nonbird_lowconf,/Users/justyna-przy/Projects/ISE/FYP/src/bird_data/clips/non_bird/carduelis_carduelis/XC698214__s4000__e7000.wav,
carduelis_carduelis,698214,Carduelis carduelis,/Users/justyna-przy/Projects/ISE/FYP/src/bird_data/raw/carduelis_carduelis/XC698214.mp3,10.0,13.0,-22.987990756556776,-23.099219097833895,species,Carduelis carduelis,European Goldfinch,0.7272911667823792,0.7272911667823792,species,1,rand_species,/Users/justyna-przy/Projects/ISE/FYP/src/bird_data/clips/species/carduelis_carduelis/XC698214__s10000__e13000.wav,
carduelis_carduelis,698214,Carduelis carduelis,/Users/justyna-przy/Projects/ISE/FYP/src/bird_data/raw/carduelis_carduelis/XC698214.mp3,13.0,16.0,-21.93563083223292,-23.099219097833895,drop,Carduelis carduelis,European Goldfinch,0.19941040873527527,0.19941040873527527,drop,0,,,
carduelis_carduelis,698214,Carduelis carduelis,/Users/justyna-przy/Projects/ISE/FYP/src/bird_data/raw/carduelis_carduelis/XC698214.mp3,19.0,22.0,-20.865420610292595,-23.099219097833895,drop,Serinus canicollis,Cape Canary,0.49644219875335693,0.49644219875335693,drop,0,,,
carduelis_carduelis,698214,Carduelis carduelis,/Users/justyna-przy/Projects/ISE/FYP/src/bird_data/raw/carduelis_carduelis/XC698214.mp3,22.0,25.0,-20.520706447945585,-23.099219097833895,non_bird,,,0.0,0.0,non_bird,0,,,
carduelis_carduelis,690694,Carduelis carduelis,/Users/justyna-przy/Projects/ISE/FYP/src/bird_data/raw/carduelis_carduelis/XC690694.mp3,1.0,4.0,-25.45428831196571,-34.29685380248525,species,Carduelis carduelis,European Goldfinch,0.9534249901771545,0.9534249901771545,species,0,,,
carduelis_carduelis,690694,Carduelis carduelis,/Users/justyna-przy/Projects/ISE/FYP/src/bird_data/raw/carduelis_carduelis/XC690694.mp3,4.0,7.0,-23.338549149028964,-34.29685380248525,species,Carduelis carduelis,European Goldfinch,0.9514889121055603,0.9514889121055603,species,1,rand_species,/Users/justyna-przy/Projects/ISE/FYP/src/bird_data/clips/species/carduelis_carduelis/XC690694__s4000__e7000.wav,
carduelis_carduelis,690694,Carduelis carduelis,/Users/justyna-przy/Projects/ISE/FYP/src/bird_data/raw/carduelis_carduelis/XC690694.mp3,7.0,10.0,-31.85932929408998,-34.29685380248525,species,Carduelis carduelis,European Goldfinch,0.9718429446220398,0.9718429446220398,species,0,,,
carduelis_carduelis,690694,Carduelis carduelis,/Users/justyna-przy/Projects/ISE/FYP/src/bird_data/raw/carduelis_carduelis/XC690694.mp3,10.0,13.0,-34.28463290779045,-34.29685380248525,species,Carduelis carduelis,European Goldfinch,0.7747980356216431,0.7747980356216431,species,1,rand_species,/Users/justyna-przy/Projects/ISE/FYP/src/bird_data/clips/species/carduelis_carduelis/XC690694__s10000__e13000.wav,
carduelis_carduelis,690694,Carduelis carduelis,/Users/justyna-przy/Projects/ISE/FYP/src/bird_data/raw/carduelis_carduelis/XC690694.mp3,13.0,16.0,-26.885462156251513,-34.29685380248525,drop,Carduelis carduelis,European Goldfinch,0.28276294469833374,0.28276294469833374,drop,0,,,
carduelis_carduelis,690694,Carduelis carduelis,/Users/justyna-przy/Projects/ISE/FYP/src/bird_data/raw/carduelis_carduelis/XC690694.mp3,25.0,28.0,-32.528615397605655,-34.29685380248525,species,Carduelis carduelis,European Goldfinch,0.9842832088470459,0.9842832088470459,species,1,rand_species,/Users/justyna-przy/Projects/ISE/FYP/src/bird_data/clips/species/carduelis_carduelis/XC690694__s25000__e28000.wav,
carduelis_carduelis,690450,Carduelis carduelis,/Users/justyna-przy/Projects/ISE/FYP/src/bird_data/raw/carduelis_carduelis/XC690450.mp3,1.0,4.0,-21.715711218198784,-22.978134846598515,drop,Carduelis carduelis,European Goldfinch,0.29577362537384033,0.29577362537384033,drop,0,,,
carduelis_carduelis,690450,Carduelis carduelis,/Users/justyna-przy/Projects/ISE/FYP/src/bird_data/raw/carduelis_carduelis/XC690450.mp3,4.0,7.0,-20.928143860420985,-22.978134846598515,species,Carduelis carduelis,European Goldfinch,0.9271368384361267,0.9271368384361267,species,1,rand_species,/Users/justyna-przy/Projects/ISE/FYP/src/bird_data/clips/species/carduelis_carduelis/XC690450__s4000__e7000.wav,
carduelis_carduelis,690450,Carduelis carduelis,/Users/justyna-przy/Projects/ISE/FYP/src/bird_data/raw/carduelis_carduelis/XC690450.mp3,10.0,13.0,-22.79437827111785,-22.978134846598515,species,Carduelis carduelis,European Goldfinch,0.9226033091545105,0.9226033091545105,species,1,rand_species,/Users/justyna-przy/Projects/ISE/FYP/src/bird_data/clips/species/carduelis_carduelis/XC690450__s10000__e13000.wav,
carduelis_carduelis,690450,Carduelis carduelis,/Users/justyna-przy/Projects/ISE/FYP/src/bird_data/raw/carduelis_carduelis/XC690450.mp3,13.0,16.0,-20.67534290299839,-22.978134846598515,species,Carduelis carduelis,European Goldfinch,0.9521212577819824,0.9521212577819824,species,1,rand_species,/Users/justyna-przy/Projects/ISE/FYP/src/bird_data/clips/species/carduelis_carduelis/XC690450__s13000__e16000.wav,
carduelis_carduelis,690450,Carduelis carduelis,/Users/justyna-przy/Projects/ISE/FYP/src/bird_data/raw/carduelis_carduelis/XC690450.mp3,19.0,22.0,-21.42815158980582,-22.978134846598515,drop,Carduelis carduelis,European Goldfinch,0.2578383982181549,0.2578383982181549,drop,0,,,
carduelis_carduelis,690450,Carduelis carduelis,/Users/justyna-przy/Projects/ISE/FYP/src/bird_data/raw/carduelis_carduelis/XC690450.mp3,25.0,28.0,-22.107159235306302,-22.978134846598515,species,Carduelis carduelis,European Goldfinch,0.5103276968002319,0.5103276968002319,species,0,,,
carduelis_carduelis,685910,Carduelis carduelis,/Users/justyna-przy/Projects/ISE/FYP/src/bird_data/raw/carduelis_carduelis/XC685910.mp3,4.0,7.0,-23.625584310192554,-26.774902544445506,species,Carduelis carduelis,European Goldfinch,0.9429513216018677,0.9429513216018677,species,1,rand_species,/Users/justyna-przy/Projects/ISE/FYP/src/bird_data/clips/species/carduelis_carduelis/XC685910__s4000__e7000.wav,
carduelis_carduelis,685910,Carduelis carduelis,/Users/justyna-przy/Projects/ISE/FYP/src/bird_data/raw/carduelis_carduelis/XC685910.mp3,10.0,13.0,-26.39651548148887,-26.774902544445506,species,Carduelis carduelis,European Goldfinch,0.9939164519309998,0.9939164519309998,species,0,,,
carduelis_carduelis,685910,Carduelis carduelis,/Users/justyna-przy/Projects/ISE/FYP/src/bird_data/raw/carduelis_carduelis/XC685910.mp3,13.0,16.0,-25.84030311599583,-26.774902544445506,species,Carduelis carduelis,European Goldfinch,0.9695778489112854,0.9695778489112854,species,0,,,
carduelis_carduelis,685910,Carduelis carduelis,/Users/justyna-przy/Projects/ISE/FYP/src/bird_data/raw/carduelis_carduelis/XC685910.mp3,16.0,19.0,-23.342169238633204,-26.774902544445506,species,Carduelis carduelis,European Goldfinch,0.8964606523513794,0.8964606523513794,species,1,rand_species,/Users/justyna-przy/Projects/ISE/FYP/src/bird_data/clips/species/carduelis_carduelis/XC685910__s16000__e19000.wav,
carduelis_carduelis,685910,Carduelis carduelis,/Users/justyna-przy/Projects/ISE/FYP/src/bird_data/raw/carduelis_carduelis/XC685910.mp3,22.0,25.0,-24.10167239979043,-26.774902544445506,species,Carduelis carduelis,European Goldfinch,0.9510895609855652,0.9510895609855652,species,1,rand_species,/Users/justyna-przy/Projects/ISE/FYP/src/bird_data/clips/species/carduelis_carduelis/XC685910__s22000__e25000.wav,
carduelis_carduelis,685910,Carduelis carduelis,/Users/justyna-przy/Projects/ISE/FYP/src/bird_data/raw/carduelis_carduelis/XC685910.mp3,25.0,28.0,-26.140348706906785,-26.774902544445506,species,Carduelis carduelis,European Goldfinch,0.9760370254516602,0.9760370254516602,species,0,,,
carduelis_carduelis,685910,Carduelis carduelis,/Users/justyna-przy/Projects/ISE/FYP/src/bird_data/raw/carduelis_carduelis/XC685910.mp3,28.0,31.0,-24.627170305970502,-26.774902544445506,drop,Carduelis carduelis,European Goldfinch,0.2414807379245758,0.2414807379245758,drop,0,,,
carduelis_carduelis,684071,Carduelis carduelis,/Users/justyna-przy/Projects/ISE/FYP/src/bird_data/raw/carduelis_carduelis/XC684071.mp3,1.0,4.0,-31.920271324203604,-32.59269360803444,species,Carduelis carduelis,European Goldfinch,0.6790690422058105,0.6790690422058105,species,1,rand_species,/Users/justyna-przy/Projects/ISE/FYP/src/bird_data/clips/species/carduelis_carduelis/XC684071__s1000__e4000.wav,
carduelis_carduelis,684071,Carduelis carduelis,/Users/justyna-przy/Projects/ISE/FYP/src/bird_data/raw/carduelis_carduelis/XC684071.mp3,4.0,7.0,-28.94624028435089,-32.59269360803444,species,Carduelis carduelis,European Goldfinch,0.9823696613311768,0.9823696613311768,species,0,,,
carduelis_carduelis,684071,Carduelis carduelis,/Users/justyna-przy/Projects/ISE/FYP/src/bird_data/raw/carduelis_carduelis/XC684071.mp3,7.0,10.0,-29.58445851364192,-32.59269360803444,species,Carduelis carduelis,European Goldfinch,0.956214427947998,0.956214427947998,species,0,,,
carduelis_carduelis,684071,Carduelis carduelis,/Users/justyna-przy/Projects/ISE/FYP/src/bird_data/raw/carduelis_carduelis/XC684071.mp3,13.0,16.0,-31.321530327797834,-32.59269360803444,species,Carduelis carduelis,European Goldfinch,0.9132229685783386,0.9132229685783386,species,1,rand_species,/Users/justyna-przy/Projects/ISE/FYP/src/bird_data/clips/species/carduelis_carduelis/XC684071__s13000__e16000.wav,
carduelis_carduelis,684071,Carduelis carduelis,/Users/justyna-przy/Projects/ISE/FYP/src/bird_data/raw/carduelis_carduelis/XC684071.mp3,19.0,22.0,-28.885365635232382,-32.59269360803444,species,Carduelis carduelis,European Goldfinch,0.996163010597229,0.996163010597229,species,1,rand_species,/Users/justyna-przy/Projects/ISE/FYP/src/bird_data/clips/species/carduelis_carduelis/XC684071__s19000__e22000.wav,
carduelis_carduelis,684071,Carduelis carduelis,/Users/justyna-przy/Projects/ISE/FYP/src/bird_data/raw/carduelis_carduelis/XC684071.mp3,22.0,25.0,-26.19589635242538,-32.59269360803444,species,Carduelis carduelis,European Goldfinch,0.9614785313606262,0.9614785313606262,species,0,,,
carduelis_carduelis,683799,Carduelis carduelis,/Users/justyna-przy/Projects/ISE/FYP/src/bird_data/raw/carduelis_carduelis/XC683799.mp3,1.0,4.0,-21.837577070448827,-30.74853129275726,species,Carduelis carduelis,European Goldfinch,0.9163632988929749,0.9163632988929749,species,0,,,
carduelis_carduelis,683799,Carduelis carduelis,/Users/justyna-przy/Projects/ISE/FYP/src/bird_data/raw/carduelis_carduelis/XC683799.mp3,4.0,7.0,-25.031488551611595,-30.74853129275726,species,Carduelis carduelis,European Goldfinch,0.9641891121864319,0.9641891121864319,species,1,rand_species,/Users/justyna-przy/Projects/ISE/FYP/src/bird_data/clips/species/carduelis_carduelis/XC683799__s4000__e7000.wav,
carduelis_carduelis,683799,Carduelis carduelis,/Users/justyna-przy/Projects/ISE/FYP/src/bird_data/raw/carduelis_carduelis/XC683799.mp3,7.0,10.0,-23.584601554711337,-30.74853129275726,species,Carduelis carduelis,European Goldfinch,0.7819459438323975,0.7819459438323975,species,1,rand_species,/Users/justyna-przy/Projects/ISE/FYP/src/bird_data/clips/species/carduelis_carduelis/XC683799__s7000__e10000.wav,
carduelis_carduelis,683799,Carduelis carduelis,/Users/justyna-przy/Projects/ISE/FYP/src/bird_data/raw/carduelis_carduelis/XC683799.mp3,10.0,13.0,-26.93781185362164,-30.74853129275726,species,Carduelis carduelis,European Goldfinch,0.9953912496566772,0.9953912496566772,species,0,,,
carduelis_carduelis,683799,Carduelis carduelis,/Users/justyna-przy/Projects/ISE/FYP/src/bird_data/raw/carduelis_carduelis/XC683799.mp3,13.0,16.0,-29.53968469435354,-30.74853129275726,species,Carduelis carduelis,European Goldfinch,0.9846553802490234,0.9846553802490234,species,0,,,
carduelis_carduelis,683799,Carduelis carduelis,/Users/justyna-przy/Projects/ISE/FYP/src/bird_data/raw/carduelis_carduelis/XC683799.mp3,16.0,19.0,-28.740289803782034,-30.74853129275726,species,Carduelis carduelis,European Goldfinch,0.9833052754402161,0.9833052754402161,species,0,,,
carduelis_carduelis,683799,Carduelis carduelis,/Users/justyna-przy/Projects/ISE/FYP/src/bird_data/raw/carduelis_carduelis/XC683799.mp3,31.0,34.0,-29.985645097774174,-30.74853129275726,species,Carduelis carduelis,European Goldfinch,0.5695940852165222,0.5695940852165222,species,1,rand_species,/Users/justyna-przy/Projects/ISE/FYP/src/bird_data/clips/species/carduelis_carduelis/XC683799__s31000__e34000.wav,
carduelis_carduelis,683799,Carduelis carduelis,/Users/justyna-przy/Projects/ISE/FYP/src/bird_data/raw/carduelis_carduelis/XC683799.mp3,34.0,37.0,-27.43449878958775,-30.74853129275726,species,Carduelis carduelis,European Goldfinch,0.9970235228538513,0.9970235228538513,species,0,,,
carduelis_carduelis,683590,Carduelis carduelis,/Users/justyna-przy/Projects/ISE/FYP/src/bird_data/raw/carduelis_carduelis/XC683590.mp3,4.0,7.0,-23.490340119606138,-25.51900399558981,species,Carduelis carduelis,European Goldfinch,0.9553195834159851,0.9553195834159851,species,1,rand_species,/Users/justyna-przy/Projects/ISE/FYP/src/bird_data/clips/species/carduelis_carduelis/XC683590__s4000__e7000.wav,
carduelis_carduelis,683590,Carduelis carduelis,/Users/justyna-przy/Projects/ISE/FYP/src/bird_data/raw/carduelis_carduelis/XC683590.mp3,10.0,13.0,-25.247288843954436,-25.51900399558981,species,Carduelis carduelis,European Goldfinch,0.9969773292541504,0.9969773292541504,species,0,,,
carduelis_carduelis,683590,Carduelis carduelis,/Users/justyna-przy/Projects/ISE/FYP/src/bird_data/raw/carduelis_carduelis/XC683590.mp3,13.0,16.0,-22.4139431770217,-25.51900399558981,species,Carduelis carduelis,European Goldfinch,0.7923921346664429,0.7923921346664429,species,1,rand_species,/Users/justyna-przy/Projects/ISE/FYP/src/bird_data/clips/species/carduelis_carduelis/XC683590__s13000__e16000.wav,
carduelis_carduelis,683590,Carduelis carduelis,/Users/justyna-przy/Projects/ISE/FYP/src/bird_data/raw/carduelis_carduelis/XC683590.mp3,16.0,19.0,-23.879458412407573,-25.51900399558981,species,Carduelis carduelis,European Goldfinch,0.9824188351631165,0.9824188351631165,species,1,rand_species,/Users/justyna-przy/Projects/ISE/FYP/src/bird_data/clips/species/carduelis_carduelis/XC683590__s16000__e19000.wav,
carduelis_carduelis,683590,Carduelis carduelis,/Users/justyna-przy/Projects/ISE/FYP/src/bird_data/raw/carduelis_carduelis/XC683590.mp3,19.0,22.0,-21.37807939288026,-25.51900399558981,species,Carduelis carduelis,European Goldfinch,0.9983519315719604,0.9983519315719604,species,0,,,
carduelis_carduelis,683577,Carduelis carduelis,/Users/justyna-przy/Projects/ISE/FYP/src/bird_data/raw/carduelis_carduelis/XC683577.mp3,7.0,10.0,-28.732475293416265,-32.01023511876312,species,Carduelis carduelis,European Goldfinch,0.9935498833656311,0.9935498833656311,species,0,,,
carduelis_carduelis,683577,Carduelis carduelis,/Users/justyna-przy/Projects/ISE/FYP/src/bird_data/raw/carduelis_carduelis/XC683577.mp3,13.0,16.0,-32.01023511876312,-32.01023511876312,species,Carduelis carduelis,European Goldfinch,0.9980728626251221,0.9980728626251221,species,0,,,
carduelis_carduelis,683577,Carduelis carduelis,/Users/justyna-przy/Projects/ISE/FYP/src/bird_data/raw/carduelis_carduelis/XC683577.mp3,16.0,19.0,-28.746933196700937,-32.01023511876312,non_bird,,,0.0,0.0,non_bird,1,nonbird_lowconf,/Users/justyna-przy/Projects/ISE/FYP/src/bird_data/clips/non_bird/carduelis_carduelis/XC683577__s16000__e19000.wav,
carduelis_carduelis,683577,Carduelis carduelis,/Users/justyna-przy/Projects/ISE/FYP/src/bird_data/raw/carduelis_carduelis/XC683577.mp3,19.0,22.0,-29.119830811985842,-32.01023511876312,species,Carduelis carduelis,European Goldfinch,0.9980886578559875,0.9980886578559875,species,1,rand_species,/Users/justyna-przy/Projects/ISE/FYP/src/bird_data/clips/species/carduelis_carduelis/XC683577__s19000__e22000.wav,
carduelis_carduelis,683577,Carduelis carduelis,/Users/justyna-przy/Projects/ISE/FYP/src/bird_data/raw/carduelis_carduelis/XC683577.mp3,22.0,25.0,-27.744389687298355,-32.01023511876312,species,Carduelis carduelis,European Goldfinch,0.9020252823829651,0.9020252823829651,species,0,,,
carduelis_carduelis,683577,Carduelis carduelis,/Users/justyna-przy/Projects/ISE/FYP/src/bird_data/raw/carduelis_carduelis/XC683577.mp3,25.0,28.0,-29.49400905293516,-32.01023511876312,species,Carduelis carduelis,European Goldfinch,0.9951896667480469,0.9951896667480469,species,1,rand_species,/Users/justyna-przy/Projects/ISE/FYP/src/bird_data/clips/species/carduelis_carduelis/XC683577__s25000__e28000.wav,
carduelis_carduelis,683577,Carduelis carduelis,/Users/justyna-przy/Projects/ISE/FYP/src/bird_data/raw/carduelis_carduelis/XC683577.mp3,28.0,31.0,-23.473413979253053,-32.01023511876312,drop,Acanthis flammea,Common Redpoll,0.16938649117946625,0.16938649117946625,drop,0,,,
carduelis_carduelis,683577,Carduelis carduelis,/Users/justyna-przy/Projects/ISE/FYP/src/bird_data/raw/carduelis_carduelis/XC683577.mp3,31.0,34.0,-22.3189710933617,-32.01023511876312,species,Carduelis carduelis,European Goldfinch,0.41163599491119385,0.41163599491119385,species,1,rand_species,/Users/justyna-przy/Projects/ISE/FYP/src/bird_data/clips/species/carduelis_carduelis/XC683577__s31000__e34000.wav,
carduelis_carduelis,670879,Carduelis carduelis,/Users/justyna-przy/Projects/ISE/FYP/src/bird_data/raw/carduelis_carduelis/XC670879.mp3,4.0,7.0,-28.92162663617398,-29.706120114911037,species,Carduelis carduelis,European Goldfinch,0.9948216676712036,0.9948216676712036,species,1,rand_species,/Users/justyna-przy/Projects/ISE/FYP/src/bird_data/clips/species/carduelis_carduelis/XC670879__s4000__e7000.wav,
carduelis_carduelis,670879,Carduelis carduelis,/Users/justyna-przy/Projects/ISE/FYP/src/bird_data/raw/carduelis_carduelis/XC670879.mp3,10.0,13.0,-25.050170405832763,-29.706120114911037,species,Carduelis carduelis,European Goldfinch,0.9978982210159302,0.9978982210159302,species,1,rand_species,/Users/justyna-przy/Projects/ISE/FYP/src/bird_data/clips/species/carduelis_carduelis/XC670879__s10000__e13000.wav,
carduelis_carduelis,670879,Carduelis carduelis,/Users/justyna-przy/Projects/ISE/FYP/src/bird_data/raw/carduelis_carduelis/XC670879.mp3,13.0,16.0,-27.546179392423625,-29.706120114911037,species,Carduelis carduelis,European Goldfinch,0.9848929643630981,0.9848929643630981,species,1,rand_species,/Users/justyna-przy/Projects/ISE/FYP/src/bird_data/clips/species/carduelis_carduelis/XC670879__s13000__e16000.wav,
carduelis_carduelis,670878,Carduelis carduelis,/Users/justyna-przy/Projects/ISE/FYP/src/bird_data/raw/carduelis_carduelis/XC670878.mp3,4.0,7.0,-22.64385874532845,-34.40408991985363,species,Carduelis carduelis,European Goldfinch,0.979491114616394,0.979491114616394,species,1,rand_species,/Users/justyna-przy/Projects/ISE/FYP/src/bird_data/clips/species/carduelis_carduelis/XC670878__s4000__e7000.wav,
carduelis_carduelis,670878,Carduelis carduelis,/Users/justyna-przy/Projects/ISE/FYP/src/bird_data/raw/carduelis_carduelis/XC670878.mp3,7.0,10.0,-27.089693986275275,-34.40408991985363,species,Carduelis carduelis,European Goldfinch,0.9556587338447571,0.9556587338447571,species,1,rand_species,/Users/justyna-przy/Projects/ISE/FYP/src/bird_data/clips/species/carduelis_carduelis/XC670878__s7000__e10000.wav,
carduelis_carduelis,670878,Carduelis carduelis,/Users/justyna-przy/Projects/ISE/FYP/src/bird_data/raw/carduelis_carduelis/XC670878.mp3,10.0,13.0,-31.856851725342455,-34.40408991985363,species,Carduelis carduelis,European Goldfinch,0.9911637306213379,0.9911637306213379,species,1,rand_species,/Users/justyna-przy/Projects/ISE/FYP/src/bird_data/clips/species/carduelis_carduelis/XC670878__s10000__e13000.wav,
carduelis_carduelis,663610,Carduelis carduelis,/Users/justyna-przy/Projects/ISE/FYP/src/bird_data/raw/carduelis_carduelis/XC663610.mp3,4.0,7.0,-38.73903765886049,-40.0,species,Carduelis carduelis,European Goldfinch,0.9991542100906372,0.9991542100906372,species,1,rand_species,/Users/justyna-przy/Projects/ISE/FYP/src/bird_data/clips/species/carduelis_carduelis/XC663610__s4000__e7000.wav,
carduelis_carduelis,663610,Carduelis carduelis,/Users/justyna-przy/Projects/ISE/FYP/src/bird_data/raw/carduelis_carduelis/XC663610.mp3,10.0,13.0,-39.06606270233591,-40.0,species,Carduelis carduelis,European Goldfinch,0.9997208714485168,0.9997208714485168,species,1,rand_species,/Users/justyna-przy/Projects/ISE/FYP/src/bird_data/clips/species/carduelis_carduelis/XC663610__s10000__e13000.wav,
carduelis_carduelis,661073,Carduelis carduelis,/Users/justyna-przy/Projects/ISE/FYP/src/bird_data/raw/carduelis_carduelis/XC661073.mp3,4.0,7.0,-36.02703679801694,-40.0,species,Carduelis carduelis,European Goldfinch,0.9999117851257324,0.9999117851257324,species,1,rand_species,/Users/justyna-przy/Projects/ISE/FYP/src/bird_data/clips/species/carduelis_carduelis/XC661073__s4000__e7000.wav,
carduelis_carduelis,661073,Carduelis carduelis,/Users/justyna-przy/Projects/ISE/FYP/src/bird_data/raw/carduelis_carduelis/XC661073.mp3,16.0,19.0,-38.356138526394325,-40.0,species,Carduelis carduelis,European Goldfinch,0.9851074814796448,0.9851074814796448,species,1,rand_species,/Users/justyna-przy/Projects/ISE/FYP/src/bird_data/clips/species/carduelis_carduelis/XC661073__s16000__e19000.wav,
carduelis_carduelis,643306,Carduelis carduelis,/Users/justyna-przy/Projects/ISE/FYP/src/bird_data/raw/carduelis_carduelis/XC643306.mp3,1.0,4.0,-39.136912891092514,-40.0,species,Carduelis carduelis,European Goldfinch,0.9936191439628601,0.9936191439628601,species,1,rand_species,/Users/justyna-przy/Projects/ISE/FYP/src/bird_data/clips/species/carduelis_carduelis/XC643306__s1000__e4000.wav,
carduelis_carduelis,643306,Carduelis carduelis,/Users/justyna-przy/Projects/ISE/FYP/src/bird_data/raw/carduelis_carduelis/XC643306.mp3,4.0,7.0,-38.79142102739328,-40.0,species,Carduelis carduelis,European Goldfinch,0.9934013485908508,0.9934013485908508,species,1,rand_species,/Users/justyna-przy/Projects/ISE/FYP/src/bird_data/clips/species/carduelis_carduelis/XC643306__s4000__e7000.wav,
carduelis_carduelis,643306,Carduelis carduelis,/Users/justyna-przy/Projects/ISE/FYP/src/bird_data/raw/carduelis_carduelis/XC643306.mp3,10.0,13.0,-38.61004667279466,-40.0,species,Carduelis carduelis,European Goldfinch,0.9986739158630371,0.9986739158630371,species,1,rand_species,/Users/justyna-przy/Projects/ISE/FYP/src/bird_data/clips/species/carduelis_carduelis/XC643306__s10000__e13000.wav,
carduelis_carduelis,643306,Carduelis carduelis,/Users/justyna-przy/Projects/ISE/FYP/src/bird_data/raw/carduelis_carduelis/XC643306.mp3,19.0,22.0,-38.45152684483194,-40.0,species,Carduelis carduelis,European Goldfinch,0.9761973023414612,0.9761973023414612,species,0,,,
carduelis_carduelis,643306,Carduelis carduelis,/Users/justyna-przy/Projects/ISE/FYP/src/bird_data/raw/carduelis_carduelis/XC643306.mp3,22.0,25.0,-38.45947667052886,-40.0,species,Carduelis carduelis,European Goldfinch,0.993522584438324,0.993522584438324,species,0,,,
carduelis_carduelis,639785,Carduelis carduelis,/Users/justyna-przy/Projects/ISE/FYP/src/bird_data/raw/carduelis_carduelis/XC639785.mp3,1.0,4.0,-32.0965073100288,-40.0,species,Carduelis carduelis,European Goldfinch,0.9982964396476746,0.9982964396476746,species,0,,,
carduelis_carduelis,639785,Carduelis carduelis,/Users/justyna-przy/Projects/ISE/FYP/src/bird_data/raw/carduelis_carduelis/XC639785.mp3,4.0,7.0,-36.08873688533219,-40.0,species,Carduelis carduelis,European Goldfinch,0.7373566627502441,0.7373566627502441,species,0,,,
carduelis_carduelis,639785,Carduelis carduelis,/Users/justyna-przy/Projects/ISE/FYP/src/bird_data/raw/carduelis_carduelis/XC639785.mp3,7.0,10.0,-32.42353758440524,-40.0,species,Carduelis carduelis,European Goldfinch,0.9823871850967407,0.9823871850967407,species,0,,,
carduelis_carduelis,639785,Carduelis carduelis,/Users/justyna-przy/Projects/ISE/FYP/src/bird_data/raw/carduelis_carduelis/XC639785.mp3,10.0,13.0,-31.068173310034865,-40.0,species,Carduelis carduelis,European Goldfinch,0.9928635954856873,0.9928635954856873,species,0,,,
carduelis_carduelis,639785,Carduelis carduelis,/Users/justyna-przy/Projects/ISE/FYP/src/bird_data/raw/carduelis_carduelis/XC639785.mp3,16.0,19.0,-39.61348108305694,-40.0,species,Carduelis carduelis,European Goldfinch,0.9187899231910706,0.9187899231910706,species,1,rand_species,/Users/justyna-przy/Projects/ISE/FYP/src/bird_data/clips/species/carduelis_carduelis/XC639785__s16000__e19000.wav,
carduelis_carduelis,639785,Carduelis carduelis,/Users/justyna-przy/Projects/ISE/FYP/src/bird_data/raw/carduelis_carduelis/XC639785.mp3,19.0,22.0,-32.46006262036593,-40.0,species,Carduelis carduelis,European Goldfinch,0.9966611862182617,0.9966611862182617,species,0,,,
carduelis_carduelis,639785,Carduelis carduelis,/Users/justyna-przy/Projects/ISE/FYP/src/bird_data/raw/carduelis_carduelis/XC639785.mp3,28.0,31.0,-28.945131913259253,-40.0,species,Carduelis carduelis,European Goldfinch,0.996098518371582,0.996098518371582,species,0,,,
carduelis_carduelis,639785,Carduelis carduelis,/Users/justyna-przy/Projects/ISE/FYP/src/bird_data/raw/carduelis_carduelis/XC639785.mp3,31.0,34.0,-29.03251768184225,-40.0,species,Carduelis carduelis,European Goldfinch,0.9971572160720825,0.9971572160720825,species,0,,,
carduelis_carduelis,639785,Carduelis carduelis,/Users/justyna-przy/Projects/ISE/FYP/src/bird_data/raw/carduelis_carduelis/XC639785.mp3,34.0,37.0,-33.16929714048995,-40.0,non_bird,,,0.0,0.0,non_bird,1,nonbird_lowconf,/Users/justyna-przy/Projects/ISE/FYP/src/bird_data/clips/non_bird/carduelis_carduelis/XC639785__s34000__e37000.wav,
carduelis_carduelis,639785,Carduelis carduelis,/Users/justyna-przy/Projects/ISE/FYP/src/bird_data/raw/carduelis_carduelis/XC639785.mp3,37.0,40.0,-38.92370987474572,-40.0,species,Carduelis carduelis,European Goldfinch,0.9577030539512634,0.9577030539512634,species,1,rand_species,/Users/justyna-przy/Projects/ISE/FYP/src/bird_data/clips/species/carduelis_carduelis/XC639785__s37000__e40000.wav,
carduelis_carduelis,639785,Carduelis carduelis,/Users/justyna-przy/Projects/ISE/FYP/src/bird_data/raw/carduelis_carduelis/XC639785.mp3,46.0,49.0,-37.88940367702687,-40.0,species,Carduelis carduelis,European Goldfinch,0.9740046262741089,0.9740046262741089,species,1,rand_species,/Users/justyna-przy/Projects/ISE/FYP/src/bird_data/clips/species/carduelis_carduelis/XC639785__s46000__e49000.wav,
carduelis_carduelis,627912,Carduelis carduelis,/Users/justyna-przy/Projects/ISE/FYP/src/bird_data/raw/carduelis_carduelis/XC627912.mp3,1.0,4.0,-26.056709282520323,-28.599496600026978,species,Carduelis carduelis,European Goldfinch,0.9991955161094666,0.9991955161094666,species,0,,,
carduelis_carduelis,627912,Carduelis carduelis,/Users/justyna-przy/Projects/ISE/FYP/src/bird_data/raw/carduelis_carduelis/XC627912.mp3,7.0,10.0,-22.40719541171353,-28.599496600026978,species,Carduelis carduelis,European Goldfinch,0.9964483976364136,0.9964483976364136,species,1,rand_species,/Users/justyna-przy/Projects/ISE/FYP/src/bird_data/clips/species/carduelis_carduelis/XC627912__s7000__e10000.wav,
carduelis_carduelis,627912,Carduelis carduelis,/Users/justyna-przy/Projects/ISE/FYP/src/bird_data/raw/carduelis_carduelis/XC627912.mp3,10.0,13.0,-24.512433866142555,-28.599496600026978,species,Carduelis carduelis,European Goldfinch,0.984207034111023,0.984207034111023,species,0,,,
carduelis_carduelis,627912,Carduelis carduelis,/Users/justyna-przy/Projects/ISE/FYP/src/bird_data/raw/carduelis_carduelis/XC627912.mp3,13.0,16.0,-28.38447333514536,-28.599496600026978,species,Carduelis carduelis,European Goldfinch,0.9896109104156494,0.9896109104156494,species,0,,,
carduelis_carduelis,627912,Carduelis carduelis,/Users/justyna-przy/Projects/ISE/FYP/src/bird_data/raw/carduelis_carduelis/XC627912.mp3,16.0,19.0,-25.600734330000755,-28.599496600026978,species,Carduelis carduelis,European Goldfinch,0.9966224431991577,0.9966224431991577,species,1,rand_species,/Users/justyna-przy/Projects/ISE/FYP/src/bird_data/clips/species/carduelis_carduelis/XC627912__s16000__e19000.wav,
carduelis_carduelis,627912,Carduelis carduelis,/Users/justyna-przy/Projects/ISE/FYP/src/bird_data/raw/carduelis_carduelis/XC627912.mp3,25.0,28.0,-23.663870741619547,-28.599496600026978,species,Carduelis carduelis,European Goldfinch,0.9994657635688782,0.9994657635688782,species,1,rand_species,/Users/justyna-przy/Projects/ISE/FYP/src/bird_data/clips/species/carduelis_carduelis/XC627912__s25000__e28000.wav,
carduelis_carduelis,620853,Carduelis carduelis,/Users/justyna-przy/Projects/ISE/FYP/src/bird_data/raw/carduelis_carduelis/XC620853.mp3,1.0,4.0,-27.51482514293265,-32.35412757309791,species,Carduelis carduelis,European Goldfinch,0.9919191598892212,0.9919191598892212,species,1,rand_species,/Users/justyna-przy/Projects/ISE/FYP/src/bird_data/clips/species/carduelis_carduelis/XC620853__s1000__e4000.wav,
carduelis_carduelis,620853,Carduelis carduelis,/Users/justyna-przy/Projects/ISE/FYP/src/bird_data/raw/carduelis_carduelis/XC620853.mp3,4.0,7.0,-25.880464935968792,-32.35412757309791,species,Carduelis carduelis,European Goldfinch,0.7376166582107544,0.7376166582107544,species,0,,,
carduelis_carduelis,620853,Carduelis carduelis,/Users/justyna-przy/Projects/ISE/FYP/src/bird_data/raw/carduelis_carduelis/XC620853.mp3,10.0,13.0,-26.94781772470113,-32.35412757309791,species,Carduelis carduelis,European Goldfinch,0.32760459184646606,0.32760459184646606,species,0,,,
carduelis_carduelis,620853,Carduelis carduelis,/Users/justyna-przy/Projects/ISE/FYP/src/bird_data/raw/carduelis_carduelis/XC620853.mp3,13.0,16.0,-25.941725902640304,-32.35412757309791,species,Carduelis carduelis,European Goldfinch,0.9920889139175415,0.9920889139175415,species,1,rand_species,/Users/justyna-przy/Projects/ISE/FYP/src/bird_data/clips/species/carduelis_carduelis/XC620853__s13000__e16000.wav,
carduelis_carduelis,620853,Carduelis carduelis,/Users/justyna-przy/Projects/ISE/FYP/src/bird_data/raw/carduelis_carduelis/XC620853.mp3,16.0,19.0,-26.651821720156782,-32.35412757309791,species,Carduelis carduelis,European Goldfinch,0.7889196872711182,0.7889196872711182,species,1,rand_species,/Users/justyna-przy/Projects/ISE/FYP/src/bird_data/clips/species/carduelis_carduelis/XC620853__s16000__e19000.wav,
carduelis_carduelis,620853,Carduelis carduelis,/Users/justyna-przy/Projects/ISE/FYP/src/bird_data/raw/carduelis_carduelis/XC620853.mp3,19.0,22.0,-32.29992712396071,-32.35412757309791,species,Carduelis carduelis,European Goldfinch,0.9879342317581177,0.9879342317581177,species,0,,,
carduelis_carduelis,619923,Carduelis carduelis,/Users/justyna-przy/Projects/ISE/FYP/src/bird_data/raw/carduelis_carduelis/XC619923.mp3,4.0,7.0,-23.055180825553894,-23.18315588906505,species,Carduelis carduelis,European Goldfinch,0.9814427495002747,0.9814427495002747,species,1,rand_species,/Users/justyna-przy/Projects/ISE/FYP/src/bird_data/clips/species/carduelis_carduelis/XC619923__s4000__e7000.wav,
carduelis_carduelis,619923,Carduelis carduelis,/Users/justyna-przy/Projects/ISE/FYP/src/bird_data/raw/carduelis_carduelis/XC619923.mp3,10.0,13.0,-19.462183990323332,-23.18315588906505,species,Carduelis carduelis,European Goldfinch,0.989570140838623,0.989570140838623,species,1,rand_species,/Users/justyna-przy/Projects/ISE/FYP/src/bird_data/clips/species/carduelis_carduelis/XC619923__s10000__e13000.wav,
carduelis_carduelis,619923,Carduelis carduelis,/Users/justyna-przy/Projects/ISE/FYP/src/bird_data/raw/carduelis_carduelis/XC619923.mp3,13.0,16.0,-22.36516402278763,-23.18315588906505,species,Carduelis carduelis,European Goldfinch,0.9988111257553101,0.9988111257553101,species,0,,,
carduelis_carduelis,619923,Carduelis carduelis,/Users/justyna-przy/Projects/ISE/FYP/src/bird_data/raw/carduelis_carduelis/XC619923.mp3,16.0,19.0,-18.595640323111965,-23.18315588906505,species,Carduelis carduelis,European Goldfinch,0.9942238926887512,0.9942238926887512,species,1,rand_species,/Users/justyna-przy/Projects/ISE/FYP/src/bird_data/clips/species/carduelis_carduelis/XC619923__s16000__e19000.wav,
carduelis_carduelis,619922,Carduelis carduelis,/Users/justyna-przy/Projects/ISE/FYP/src/bird_data/raw/carduelis_carduelis/XC619922.mp3,4.0,7.0,-26.097476663625688,-27.869249556421742,species,Carduelis carduelis,European Goldfinch,0.9968926906585693,0.9968926906585693,species,0,,,
carduelis_carduelis,619922,Carduelis carduelis,/Users/justyna-przy/Projects/ISE/FYP/src/bird_data/raw/carduelis_carduelis/XC619922.mp3,13.0,16.0,-23.85902736768387,-27.869249556421742,species,Carduelis carduelis,European Goldfinch,0.9995492100715637,0.9995492100715637,species,1,rand_species,/Users/justyna-przy/Projects/ISE/FYP/src/bird_data/clips/species/carduelis_carduelis/XC619922__s13000__e16000.wav,
carduelis_carduelis,619922,Carduelis carduelis,/Users/justyna-przy/Projects/ISE/FYP/src/bird_data/raw/carduelis_carduelis/XC619922.mp3,16.0,19.0,-25.38855566083329,-27.869249556421742,species,Carduelis carduelis,European Goldfinch,0.9983820915222168,0.9983820915222168,species,0,,,
carduelis_carduelis,619922,Carduelis carduelis,/Users/justyna-przy/Projects/ISE/FYP/src/bird_data/raw/carduelis_carduelis/XC619922.mp3,19.0,22.0,-26.243631371501838,-27.869249556421742,species,Carduelis carduelis,European Goldfinch,0.9848451614379883,0.9848451614379883,species,1,rand_species,/Users/justyna-przy/Projects/ISE/FYP/src/bird_data/clips/species/carduelis_carduelis/XC619922__s19000__e22000.wav,
carduelis_carduelis,619922,Carduelis carduelis,/Users/justyna-przy/Projects/ISE/FYP/src/bird_data/raw/carduelis_carduelis/XC619922.mp3,22.0,25.0,-25.637031016047764,-27.869249556421742,species,Carduelis carduelis,European Goldfinch,0.996755063533783,0.996755063533783,species,1,rand_species,/Users/justyna-przy/Projects/ISE/FYP/src/bird_data/clips/species/carduelis_carduelis/XC619922__s22000__e25000.wav,
carduelis_carduelis,615108,Carduelis carduelis,/Users/justyna-przy/Projects/ISE/FYP/src/bird_data/raw/carduelis_carduelis/XC615108.mp3,1.0,4.0,-30.3930689923231,-39.46344988595202,species,Carduelis carduelis,European Goldfinch,0.9088074564933777,0.9088074564933777,species,1,rand_species,/Users/justyna-przy/Projects/ISE/FYP/src/bird_data/clips/species/carduelis_carduelis/XC615108__s1000__e4000.wav,
carduelis_carduelis,615108,Carduelis carduelis,/Users/justyna-przy/Projects/ISE/FYP/src/bird_data/raw/carduelis_carduelis/XC615108.mp3,4.0,7.0,-28.187380466893956,-39.46344988595202,species,Carduelis carduelis,European Goldfinch,0.5882736444473267,0.5882736444473267,species,1,rand_species,/Users/justyna-przy/Projects/ISE/FYP/src/bird_data/clips/species/carduelis_carduelis/XC615108__s4000__e7000.wav,
carduelis_carduelis,615108,Carduelis carduelis,/Users/justyna-przy/Projects/ISE/FYP/src/bird_data/raw/carduelis_carduelis/XC615108.mp3,10.0,13.0,-32.33141645426344,-39.46344988595202,species,Carduelis carduelis,European Goldfinch,0.9973364472389221,0.9973364472389221,species,1,rand_species,/Users/justyna-przy/Projects/ISE/FYP/src/bird_data/clips/species/carduelis_carduelis/XC615108__s10000__e13000.wav,
carduelis_carduelis,615108,Carduelis carduelis,/Users/justyna-przy/Projects/ISE/FYP/src/bird_data/raw/carduelis_carduelis/XC615108.mp3,16.0,19.0,-25.555046067553477,-39.46344988595202,species,Carduelis carduelis,European Goldfinch,0.3542482554912567,0.3542482554912567,species,0,,,
carduelis_carduelis,614383,Carduelis carduelis,/Users/justyna-przy/Projects/ISE/FYP/src/bird_data/raw/carduelis_carduelis/XC614383.mp3,1.0,4.0,-28.14396475701882,-31.326736333269647,species,Carduelis carduelis,European Goldfinch,0.777495265007019,0.777495265007019,species,0,,,
carduelis_carduelis,614383,Carduelis carduelis,/Users/justyna-przy/Projects/ISE/FYP/src/bird_data/raw/carduelis_carduelis/XC614383.mp3,10.0,13.0,-31.229989691001514,-31.326736333269647,species,Carduelis carduelis,European Goldfinch,0.9763430953025818,0.9763430953025818,species,1,rand_species,/Users/justyna-przy/Projects/ISE/FYP/src/bird_data/clips/species/carduelis_carduelis/XC614383__s10000__e13000.wav,
carduelis_carduelis,614383,Carduelis carduelis,/Users/justyna-przy/Projects/ISE/FYP/src/bird_data/raw/carduelis_carduelis/XC614383.mp3,13.0,16.0,-26.512599458050133,-31.326736333269647,species,Carduelis carduelis,European Goldfinch,0.9772342443466187,0.9772342443466187,species,0,,,
carduelis_carduelis,614383,Carduelis carduelis,/Users/justyna-przy/Projects/ISE/FYP/src/bird_data/raw/carduelis_carduelis/XC614383.mp3,16.0,19.0,-29.49585688717201,-31.326736333269647,species,Carduelis carduelis,European Goldfinch,0.9918617010116577,0.9918617010116577,species,1,rand_species,/Users/justyna-przy/Projects/ISE/FYP/src/bird_data/clips/species/carduelis_carduelis/XC614383__s16000__e19000.wav,
carduelis_carduelis,614383,Carduelis carduelis,/Users/justyna-przy/Projects/ISE/FYP/src/bird_data/raw/carduelis_carduelis/XC614383.mp3,19.0,22.0,-27.92486953103729,-31.326736333269647,species,Carduelis carduelis,European Goldfinch,0.9949408769607544,0.9949408769607544,species,1,rand_species,/Users/justyna-przy/Projects/ISE/FYP/src/bird_data/clips/species/carduelis_carduelis/XC614383__s19000__e22000.wav,
carduelis_carduelis,613703,Carduelis carduelis,/Users/justyna-przy/Projects/ISE/FYP/src/bird_data/raw/carduelis_carduelis/XC613703.mp3,1.0,4.0,-23.745225493361875,-25.7340234661274,species,Carduelis carduelis,European Goldfinch,0.8625463247299194,0.8625463247299194,species,1,rand_species,/Users/justyna-przy/Projects/ISE/FYP/src/bird_data/clips/species/carduelis_carduelis/XC613703__s1000__e4000.wav,
carduelis_carduelis,613703,Carduelis carduelis,/Users/justyna-przy/Projects/ISE/FYP/src/bird_data/raw/carduelis_carduelis/XC613703.mp3,7.0,10.0,-24.92855872346226,-25.7340234661274,species,Carduelis carduelis,European Goldfinch,0.9088348150253296,0.9088348150253296,species,1,rand_species,/Users/justyna-przy/Projects/ISE/FYP/src/bird_data/clips/species/carduelis_carduelis/XC613703__s7000__e10000.wav,
carduelis_carduelis,613703,Carduelis carduelis,/Users/justyna-przy/Projects/ISE/FYP/src/bird_data/raw/carduelis_carduelis/XC613703.mp3,10.0,13.0,-22.76898671186008,-25.7340234661274,species,Carduelis carduelis,European Goldfinch,0.9079970717430115,0.9079970717430115,species,0,,,
carduelis_carduelis,613703,Carduelis carduelis,/Users/justyna-przy/Projects/ISE/FYP/src/bird_data/raw/carduelis_carduelis/XC613703.mp3,13.0,16.0,-25.7340234661274,-25.7340234661274,species,Carduelis carduelis,European Goldfinch,0.5541677474975586,0.5541677474975586,species,0,,,
carduelis_carduelis,613703,Carduelis carduelis,/Users/justyna-przy/Projects/ISE/FYP/src/bird_data/raw/carduelis_carduelis/XC613703.mp3,16.0,19.0,-22.531522242403934,-25.7340234661274,species,Carduelis carduelis,European Goldfinch,0.9901920557022095,0.9901920557022095,species,0,,,
carduelis_carduelis,613703,Carduelis carduelis,/Users/justyna-przy/Projects/ISE/FYP/src/bird_data/raw/carduelis_carduelis/XC613703.mp3,22.0,25.0,-24.252733983071725,-25.7340234661274,species,Carduelis carduelis,European Goldfinch,0.8294582962989807,0.8294582962989807,species,0,,,
carduelis_carduelis,613703,Carduelis carduelis,/Users/justyna-przy/Projects/ISE/FYP/src/bird_data/raw/carduelis_carduelis/XC613703.mp3,28.0,31.0,-22.26692182410535,-25.7340234661274,species,Carduelis carduelis,European Goldfinch,0.4323427379131317,0.4323427379131317,species,0,,,
carduelis_carduelis,613703,Carduelis carduelis,/Users/justyna-przy/Projects/ISE/FYP/src/bird_data/raw/carduelis_carduelis/XC613703.mp3,31.0,34.0,-25.057796906617323,-25.7340234661274,species,Carduelis carduelis,European Goldfinch,0.41158974170684814,0.41158974170684814,species,1,rand_species,/Users/justyna-przy/Projects/ISE/FYP/src/bird_data/clips/species/carduelis_carduelis/XC613703__s31000__e34000.wav,
carduelis_carduelis,611987,Carduelis carduelis,/Users/justyna-przy/Projects/ISE/FYP/src/bird_data/raw/carduelis_carduelis/XC611987.mp3,1.0,4.0,-26.25487520528702,-28.944818745375425,species,Carduelis carduelis,European Goldfinch,0.8921632766723633,0.8921632766723633,species,1,rand_species,/Users/justyna-przy/Projects/ISE/FYP/src/bird_data/clips/species/carduelis_carduelis/XC611987__s1000__e4000.wav,
carduelis_carduelis,611987,Carduelis carduelis,/Users/justyna-przy/Projects/ISE/FYP/src/bird_data/raw/carduelis_carduelis/XC611987.mp3,4.0,7.0,-27.97302824300408,-28.944818745375425,species,Carduelis carduelis,European Goldfinch,0.9774917960166931,0.9774917960166931,species,1,rand_species,/Users/justyna-przy/Projects/ISE/FYP/src/bird_data/clips/species/carduelis_carduelis/XC611987__s4000__e7000.wav,
carduelis_carduelis,611987,Carduelis carduelis,/Users/justyna-przy/Projects/ISE/FYP/src/bird_data/raw/carduelis_carduelis/XC611987.mp3,7.0,10.0,-28.687689882635993,-28.944818745375425,drop,Carduelis carduelis,European Goldfinch,0.10220837593078613,0.10220837593078613,drop,0,,,
carduelis_carduelis,608555,Carduelis carduelis,/Users/justyna-przy/Projects/ISE/FYP/src/bird_data/raw/carduelis_carduelis/XC608555.mp3,4.0,7.0,-29.999274998455174,-30.154095085125117,species,Carduelis carduelis,European Goldfinch,0.9587984085083008,0.9587984085083008,species,1,rand_species,/Users/justyna-przy/Projects/ISE/FYP/src/bird_data/clips/species/carduelis_carduelis/XC608555__s4000__e7000.wav,
carduelis_carduelis,608555,Carduelis carduelis,/Users/justyna-przy/Projects/ISE/FYP/src/bird_data/raw/carduelis_carduelis/XC608555.mp3,7.0,10.0,-29.24905792317177,-30.154095085125117,species,Carduelis carduelis,European Goldfinch,0.9647189974784851,0.9647189974784851,species,1,rand_species,/Users/justyna-przy/Projects/ISE/FYP/src/bird_data/clips/species/carduelis_carduelis/XC608555__s7000__e10000.wav,
carduelis_carduelis,596923,Carduelis carduelis,/Users/justyna-przy/Projects/ISE/FYP/src/bird_data/raw/carduelis_carduelis/XC596923.mp3,1.0,4.0,-26.004443836837993,-40.0,species,Carduelis carduelis,European Goldfinch,0.7072557210922241,0.7072557210922241,species,1,rand_species,/Users/justyna-przy/Projects/ISE/FYP/src/bird_data/clips/species/carduelis_carduelis/XC596923__s1000__e4000.wav,
carduelis_carduelis,596923,Carduelis carduelis,/Users/justyna-przy/Projects/ISE/FYP/src/bird_data/raw/carduelis_carduelis/XC596923.mp3,4.0,7.0,-34.33656816510353,-40.0,species,Carduelis carduelis,European Goldfinch,0.5442739725112915,0.5442739725112915,species,1,rand_species,/Users/justyna-przy/Projects/ISE/FYP/src/bird_data/clips/species/carduelis_carduelis/XC596923__s4000__e7000.wav,
carduelis_carduelis,584317,Carduelis carduelis,/Users/justyna-przy/Projects/ISE/FYP/src/bird_data/raw/carduelis_carduelis/XC584317.mp3,1.0,4.0,-29.922333356353175,-30.675447520687538,species,Carduelis carduelis,European Goldfinch,0.9105987548828125,0.9105987548828125,species,1,rand_species,/Users/justyna-przy/Projects/ISE/FYP/src/bird_data/clips/species/carduelis_carduelis/XC584317__s1000__e4000.wav,
carduelis_carduelis,584317,Carduelis carduelis,/Users/justyna-przy/Projects/ISE/FYP/src/bird_data/raw/carduelis_carduelis/XC584317.mp3,4.0,7.0,-29.489394080903537,-30.675447520687538,species,Carduelis carduelis,European Goldfinch,0.6933197975158691,0.6933197975158691,species,1,rand_species,/Users/justyna-przy/Projects/ISE/FYP/src/bird_data/clips/species/carduelis_carduelis/XC584317__s4000__e7000.wav,
carduelis_carduelis,584317,Carduelis carduelis,/Users/justyna-przy/Projects/ISE/FYP/src/bird_data/raw/carduelis_carduelis/XC584317.mp3,7.0,10.0,-26.114619198633413,-30.675447520687538,species,Carduelis carduelis,European Goldfinch,0.9092357158660889,0.9092357158660889,species,0,,,
carduelis_carduelis,584317,Carduelis carduelis,/Users/justyna-przy/Projects/ISE/FYP/src/bird_data/raw/carduelis_carduelis/XC584317.mp3,13.0,16.0,-27.562182300223807,-30.675447520687538,species,Carduelis carduelis,European Goldfinch,0.8239578008651733,0.8239578008651733,species,1,rand_species,/Users/justyna-przy/Projects/ISE/FYP/src/bird_data/clips/species/carduelis_carduelis/XC584317__s13000__e16000.wav,
carduelis_carduelis,584317,Carduelis carduelis,/Users/justyna-przy/Projects/ISE/FYP/src/bird_data/raw/carduelis_carduelis/XC584317.mp3,16.0,19.0,-28.219824123983813,-30.675447520687538,species,Carduelis carduelis,European Goldfinch,0.5117226839065552,0.5117226839065552,species,0,,,
carduelis_carduelis,584317,Carduelis carduelis,/Users/justyna-przy/Projects/ISE/FYP/src/bird_data/raw/carduelis_carduelis/XC584317.mp3,19.0,22.0,-29.2444502458071,-30.675447520687538,drop,Peucaea botterii,Botteri's Sparrow,0.24340859055519104,0.24340859055519104,drop,0,,,
carduelis_carduelis,584317,Carduelis carduelis,/Users/justyna-przy/Projects/ISE/FYP/src/bird_data/raw/carduelis_carduelis/XC584317.mp3,22.0,25.0,-30.57718065168158,-30.675447520687538,species,Carduelis carduelis,European Goldfinch,0.872731626033783,0.872731626033783,species,0,,,
carduelis_carduelis,584317,Carduelis carduelis,/Users/justyna-przy/Projects/ISE/FYP/src/bird_data/raw/carduelis_carduelis/XC584317.mp3,25.0,28.0,-28.940364720832118,-30.675447520687538,species,Carduelis carduelis,European Goldfinch,0.7489016056060791,0.7489016056060791,species,0,,,
carduelis_carduelis,584317,Carduelis carduelis,/Users/justyna-przy/Projects/ISE/FYP/src/bird_data/raw/carduelis_carduelis/XC584317.mp3,28.0,31.0,-26.34675993205777,-30.675447520687538,species,Carduelis carduelis,European Goldfinch,0.5476472973823547,0.5476472973823547,species,0,,,
carduelis_carduelis,584317,Carduelis carduelis,/Users/justyna-przy/Projects/ISE/FYP/src/bird_data/raw/carduelis_carduelis/XC584317.mp3,31.0,34.0,-27.350363932406694,-30.675447520687538,species,Carduelis carduelis,European Goldfinch,0.9324667453765869,0.9324667453765869,species,0,,,
carduelis_carduelis,584317,Carduelis carduelis,/Users/justyna-przy/Projects/ISE/FYP/src/bird_data/raw/carduelis_carduelis/XC584317.mp3,34.0,37.0,-30.53695523282475,-30.675447520687538,species,Carduelis carduelis,European Goldfinch,0.9620131850242615,0.9620131850242615,species,0,,,
carduelis_carduelis,584317,Carduelis carduelis,/Users/justyna-przy/Projects/ISE/FYP/src/bird_data/raw/carduelis_carduelis/XC584317.mp3,37.0,40.0,-29.773089376175243,-30.675447520687538,species,Carduelis carduelis,European Goldfinch,0.9770348072052002,0.9770348072052002,species,0,,,
carduelis_carduelis,584317,Carduelis carduelis,/Users/justyna-przy/Projects/ISE/FYP/src/bird_data/raw/carduelis_carduelis/XC584317.mp3,43.0,46.0,-29.62513551875301,-30.675447520687538,species,Carduelis carduelis,European Goldfinch,0.9864073991775513,0.9864073991775513,species,0,,,
carduelis_carduelis,559409,Carduelis carduelis,/Users/justyna-przy/Projects/ISE/FYP/src/bird_data/raw/carduelis_carduelis/XC559409.mp3,7.0,10.0,-29.208502273998157,-29.330852175240015,species,Carduelis carduelis,European Goldfinch,0.9781396985054016,0.9781396985054016,species,0,,,
carduelis_carduelis,559409,Carduelis carduelis,/Users/justyna-przy/Projects/ISE/FYP/src/bird_data/raw/carduelis_carduelis/XC559409.mp3,16.0,19.0,-27.983432572969807,-29.330852175240015,species,Carduelis carduelis,European Goldfinch,0.9752123355865479,0.9752123355865479,species,0,,,
carduelis_carduelis,559409,Carduelis carduelis,/Users/justyna-przy/Projects/ISE/FYP/src/bird_data/raw/carduelis_carduelis/XC559409.mp3,19.0,22.0,-27.134135028029664,-29.330852175240015,species,Carduelis carduelis,European Goldfinch,0.9898271560668945,0.9898271560668945,species,0,,,
carduelis_carduelis,559409,Carduelis carduelis,/Users/justyna-przy/Projects/ISE/FYP/src/bird_data/raw/carduelis_carduelis/XC559409.mp3,22.0,25.0,-26.044911561227224,-29.330852175240015,species,Carduelis carduelis,European Goldfinch,0.9975670576095581,0.9975670576095581,species,1,rand_species,/Users/justyna-przy/Projects/ISE/FYP/src/bird_data/clips/species/carduelis_carduelis/XC559409__s22000__e25000.wav,
carduelis_carduelis,559409,Carduelis carduelis,/Users/justyna-przy/Projects/ISE/FYP/src/bird_data/raw/carduelis_carduelis/XC559409.mp3,25.0,28.0,-26.045966190294966,-29.330852175240015,species,Carduelis carduelis,European Goldfinch,0.9893144369125366,0.9893144369125366,species,0,,,
carduelis_carduelis,559409,Carduelis carduelis,/Users/justyna-przy/Projects/ISE/FYP/src/bird_data/raw/carduelis_carduelis/XC559409.mp3,28.0,31.0,-26.63756408104064,-29.330852175240015,species,Carduelis carduelis,European Goldfinch,0.8210362792015076,0.8210362792015076,species,1,rand_species,/Users/justyna-przy/Projects/ISE/FYP/src/bird_data/clips/species/carduelis_carduelis/XC559409__s28000__e31000.wav,
carduelis_carduelis,559409,Carduelis carduelis,/Users/justyna-przy/Projects/ISE/FYP/src/bird_data/raw/carduelis_carduelis/XC559409.mp3,31.0,34.0,-27.554563228081378,-29.330852175240015,species,Carduelis carduelis,European Goldfinch,0.8372843861579895,0.8372843861579895,species,0,,,
carduelis_carduelis,559409,Carduelis carduelis,/Users/justyna-przy/Projects/ISE/FYP/src/bird_data/raw/carduelis_carduelis/XC559409.mp3,34.0,37.0,-28.42884727831571,-29.330852175240015,species,Carduelis carduelis,European Goldfinch,0.9101459980010986,0.9101459980010986,species,1,rand_species,/Users/justyna-przy/Projects/ISE/FYP/src/bird_data/clips/species/carduelis_carduelis/XC559409__s34000__e37000.wav,
carduelis_carduelis,559409,Carduelis carduelis,/Users/justyna-przy/Projects/ISE/FYP/src/bird_data/raw/carduelis_carduelis/XC559409.mp3,37.0,40.0,-28.750767656582493,-29.330852175240015,species,Carduelis carduelis,European Goldfinch,0.9903779029846191,0.9903779029846191,species,0,,,
carduelis_carduelis,559409,Carduelis carduelis,/Users/justyna-przy/Projects/ISE/FYP/src/bird_data/raw/carduelis_carduelis/XC559409.mp3,40.0,43.0,-26.913458531107114,-29.330852175240015,species,Carduelis carduelis,European Goldfinch,0.9947749376296997,0.9947749376296997,species,0,,,
carduelis_carduelis,556840,Carduelis carduelis,/Users/justyna-przy/Projects/ISE/FYP/src/bird_data/raw/carduelis_carduelis/XC556840.mp3,1.0,4.0,-28.379936977789114,-28.379936977789114,species,Carduelis carduelis,European Goldfinch,0.5630294680595398,0.5630294680595398,species,1,rand_species,/Users/justyna-przy/Projects/ISE/FYP/src/bird_data/clips/species/carduelis_carduelis/XC556840__s1000__e4000.wav,
carduelis_carduelis,556835,Carduelis carduelis,/Users/justyna-przy/Projects/ISE/FYP/src/bird_data/raw/carduelis_carduelis/XC556835.mp3,1.0,4.0,-31.147293958489783,-32.45039480220932,species,Carduelis carduelis,European Goldfinch,0.9928200840950012,0.9928200840950012,species,1,rand_species,/Users/justyna-przy/Projects/ISE/FYP/src/bird_data/clips/species/carduelis_carduelis/XC556835__s1000__e4000.wav,
carduelis_carduelis,556835,Carduelis carduelis,/Users/justyna-przy/Projects/ISE/FYP/src/bird_data/raw/carduelis_carduelis/XC556835.mp3,10.0,13.0,-26.720879142048165,-32.45039480220932,species,Carduelis carduelis,European Goldfinch,0.9895780682563782,0.9895780682563782,species,1,rand_species,/Users/justyna-przy/Projects/ISE/FYP/src/bird_data/clips/species/carduelis_carduelis/XC556835__s10000__e13000.wav,
carduelis_carduelis,556835,Carduelis carduelis,/Users/justyna-przy/Projects/ISE/FYP/src/bird_data/raw/carduelis_carduelis/XC556835.mp3,13.0,16.0,-31.015203677940377,-32.45039480220932,species,Carduelis carduelis,European Goldfinch,0.9845161437988281,0.9845161437988281,species,1,rand_species,/Users/justyna-przy/Projects/ISE/FYP/src/bird_data/clips/species/carduelis_carduelis/XC556835__s13000__e16000.wav,
carduelis_carduelis,556828,Carduelis carduelis,/Users/justyna-przy/Projects/ISE/FYP/src/bird_data/raw/carduelis_carduelis/XC556828.mp3,1.0,4.0,-31.852049409323563,-40.0,species,Carduelis carduelis,European Goldfinch,0.6084774732589722,0.6084774732589722,species,1,rand_species,/Users/justyna-przy/Projects/ISE/FYP/src/bird_data/clips/species/carduelis_carduelis/XC556828__s1000__e4000.wav,
carduelis_carduelis,556828,Carduelis carduelis,/Users/justyna-przy/Projects/ISE/FYP/src/bird_data/raw/carduelis_carduelis/XC556828.mp3,4.0,7.0,-36.33040918451162,-40.0,species,Carduelis carduelis,European Goldfinch,0.4418434500694275,0.4418434500694275,species,1,rand_species,/Users/justyna-przy/Projects/ISE/FYP/src/bird_data/clips/species/carduelis_carduelis/XC556828__s4000__e7000.wav,
carduelis_carduelis,556828,Carduelis carduelis,/Users/justyna-przy/Projects/ISE/FYP/src/bird_data/raw/carduelis_carduelis/XC556828.mp3,7.0,10.0,-39.68201681211925,-40.0,drop,Carduelis carduelis,European Goldfinch,0.22209471464157104,0.22209471464157104,drop,0,,,
carduelis_carduelis,556828,Carduelis carduelis,/Users/justyna-przy/Projects/ISE/FYP/src/bird_data/raw/carduelis_carduelis/XC556828.mp3,10.0,13.0,-34.48711569270832,-40.0,species,Carduelis carduelis,European Goldfinch,0.9951275587081909,0.9951275587081909,species,0,,,
carduelis_carduelis,556828,Carduelis carduelis,/Users/justyna-przy/Projects/ISE/FYP/src/bird_data/raw/carduelis_carduelis/XC556828.mp3,13.0,16.0,-38.29604040661175,-40.0,species,Carduelis carduelis,European Goldfinch,0.9957782030105591,0.9957782030105591,species,1,rand_species,/Users/justyna-przy/Projects/ISE/FYP/src/bird_data/clips/species/carduelis_carduelis/XC556828__s13000__e16000.wav,
carduelis_carduelis,556818,Carduelis carduelis,/Users/justyna-przy/Projects/ISE/FYP/src/bird_data/raw/carduelis_carduelis/XC556818.mp3,4.0,7.0,-32.88324586645104,-35.057937461502675,drop,Acrocephalus palustris,Marsh Warbler,0.7125933766365051,0.7125933766365051,drop,0,,,
carduelis_carduelis,556818,Carduelis carduelis,/Users/justyna-przy/Projects/ISE/FYP/src/bird_data/raw/carduelis_carduelis/XC556818.mp3,7.0,10.0,-34.8387335659571,-35.057937461502675,species,Carduelis carduelis,European Goldfinch,0.9941099286079407,0.9941099286079407,species,1,rand_species,/Users/justyna-przy/Projects/ISE/FYP/src/bird_data/clips/species/carduelis_carduelis/XC556818__s7000__e10000.wav,
carduelis_carduelis,547346,Carduelis carduelis,/Users/justyna-przy/Projects/ISE/FYP/src/bird_data/raw/carduelis_carduelis/XC547346.mp3,1.0,4.0,-26.158027817843795,-30.267382593712277,species,Carduelis carduelis,European Goldfinch,0.9974902868270874,0.9974902868270874,species,1,rand_species,/Users/justyna-przy/Projects/ISE/FYP/src/bird_data/clips/species/carduelis_carduelis/XC547346__s1000__e4000.wav,
carduelis_carduelis,547346,Carduelis carduelis,/Users/justyna-przy/Projects/ISE/FYP/src/bird_data/raw/carduelis_carduelis/XC547346.mp3,4.0,7.0,-26.387641048071412,-30.267382593712277,species,Carduelis carduelis,European Goldfinch,0.9900462031364441,0.9900462031364441,species,1,rand_species,/Users/justyna-przy/Projects/ISE/FYP/src/bird_data/clips/species/carduelis_carduelis/XC547346__s4000__e7000.wav,
carduelis_carduelis,547346,Carduelis carduelis,/Users/justyna-przy/Projects/ISE/FYP/src/bird_data/raw/carduelis_carduelis/XC547346.mp3,10.0,13.0,-26.44991458106047,-30.267382593712277,species,Carduelis carduelis,European Goldfinch,0.9815078377723694,0.9815078377723694,species,0,,,
carduelis_carduelis,547346,Carduelis carduelis,/Users/justyna-przy/Projects/ISE/FYP/src/bird_data/raw/carduelis_carduelis/XC547346.mp3,13.0,16.0,-28.175227854024495,-30.267382593712277,species,Carduelis carduelis,European Goldfinch,0.9553222060203552,0.9553222060203552,species,1,rand_species,/Users/justyna-przy/Projects/ISE/FYP/src/bird_data/clips/species/carduelis_carduelis/XC547346__s13000__e16000.wav,
carduelis_carduelis,547346,Carduelis carduelis,/Users/justyna-przy/Projects/ISE/FYP/src/bird_data/raw/carduelis_carduelis/XC547346.mp3,19.0,22.0,-29.601245340857595,-30.267382593712277,species,Carduelis carduelis,European Goldfinch,0.8823335766792297,0.8823335766792297,species,0,,,
carduelis_carduelis,542355,Carduelis carduelis,/Users/justyna-przy/Projects/ISE/FYP/src/bird_data/raw/carduelis_carduelis/XC542355.mp3,4.0,7.0,-26.422205063999996,-27.9504327147225,species,Carduelis carduelis,European Goldfinch,0.9623944163322449,0.9623944163322449,species,0,,,
carduelis_carduelis,542355,Carduelis carduelis,/Users/justyna-przy/Projects/ISE/FYP/src/bird_data/raw/carduelis_carduelis/XC542355.mp3,13.0,16.0,-25.638083707793452,-27.9504327147225,species,Carduelis carduelis,European Goldfinch,0.9943771958351135,0.9943771958351135,species,1,rand_species,/Users/justyna-przy/Projects/ISE/FYP/src/bird_data/clips/species/carduelis_carduelis/XC542355__s13000__e16000.wav,
carduelis_carduelis,542355,Carduelis carduelis,/Users/justyna-przy/Projects/ISE/FYP/src/bird_data/raw/carduelis_carduelis/XC542355.mp3,16.0,19.0,-24.673026704103542,-27.9504327147225,species,Carduelis carduelis,European Goldfinch,0.665435791015625,0.665435791015625,species,1,rand_species,/Users/justyna-przy/Projects/ISE/FYP/src/bird_data/clips/species/carduelis_carduelis/XC542355__s16000__e19000.wav,
carduelis_carduelis,542355,Carduelis carduelis,/Users/justyna-przy/Projects/ISE/FYP/src/bird_data/raw/carduelis_carduelis/XC542355.mp3,19.0,22.0,-26.778189015032815,-27.9504327147225,species,Carduelis carduelis,European Goldfinch,0.8801205158233643,0.8801205158233643,species,1,rand_species,/Users/justyna-przy/Projects/ISE/FYP/src/bird_data/clips/species/carduelis_carduelis/XC542355__s19000__e22000.wav,
carduelis_carduelis,542355,Carduelis carduelis,/Users/justyna-przy/Projects/ISE/FYP/src/bird_data/raw/carduelis_carduelis/XC542355.mp3,22.0,25.0,-25.390262938772036,-27.9504327147225,species,Carduelis carduelis,European Goldfinch,0.9811140894889832,0.9811140894889832,species,0,,,
carduelis_carduelis,542355,Carduelis carduelis,/Users/justyna-przy/Projects/ISE/FYP/src/bird_data/raw/carduelis_carduelis/XC542355.mp3,25.0,28.0,-26.696331023628833,-27.9504327147225,species,Carduelis carduelis,European Goldfinch,0.7675366997718811,0.7675366997718811,species,0,,,
carduelis_carduelis,542355,Carduelis carduelis,/Users/justyna-przy/Projects/ISE/FYP/src/bird_data/raw/carduelis_carduelis/XC542355.mp3,28.0,31.0,-25.513338048100273,-27.9504327147225,species,Carduelis carduelis,European Goldfinch,0.9428579211235046,0.9428579211235046,species,0,,,
carduelis_carduelis,542355,Carduelis carduelis,/Users/justyna-przy/Projects/ISE/FYP/src/bird_data/raw/carduelis_carduelis/XC542355.mp3,31.0,34.0,-27.638808367594283,-27.9504327147225,species,Carduelis carduelis,European Goldfinch,0.993182361125946,0.993182361125946,species,0,,,
carduelis_carduelis,542355,Carduelis carduelis,/Users/justyna-przy/Projects/ISE/FYP/src/bird_data/raw/carduelis_carduelis/XC542355.mp3,37.0,40.0,-27.878217745028785,-27.9504327147225,species,Carduelis carduelis,European Goldfinch,0.9951735138893127,0.9951735138893127,species,0,,,
carduelis_carduelis,542354,Carduelis carduelis,/Users/justyna-przy/Projects/ISE/FYP/src/bird_data/raw/carduelis_carduelis/XC542354.mp3,1.0,4.0,-31.67248007978302,-31.686820130184884,species,Carduelis carduelis,European Goldfinch,0.9889543056488037,0.9889543056488037,species,1,rand_species,/Users/justyna-przy/Projects/ISE/FYP/src/bird_data/clips/species/carduelis_carduelis/XC542354__s1000__e4000.wav,
carduelis_carduelis,542354,Carduelis carduelis,/Users/justyna-przy/Projects/ISE/FYP/src/bird_data/raw/carduelis_carduelis/XC542354.mp3,4.0,7.0,-29.799276131606565,-31.686820130184884,species,Carduelis carduelis,European Goldfinch,0.9857681393623352,0.9857681393623352,species,1,rand_species,/Users/justyna-przy/Projects/ISE/FYP/src/bird_data/clips/species/carduelis_carduelis/XC542354__s4000__e7000.wav,
carduelis_carduelis,542354,Carduelis carduelis,/Users/justyna-przy/Projects/ISE/FYP/src/bird_data/raw/carduelis_carduelis/XC542354.mp3,7.0,10.0,-23.704516315231135,-31.686820130184884,species,Carduelis carduelis,European Goldfinch,0.9921092391014099,0.9921092391014099,species,1,rand_species,/Users/justyna-przy/Projects/ISE/FYP/src/bird_data/clips/species/carduelis_carduelis/XC542354__s7000__e10000.wav,
carduelis_carduelis,542349,Carduelis carduelis,/Users/justyna-przy/Projects/ISE/FYP/src/bird_data/raw/carduelis_carduelis/XC542349.mp3,1.0,4.0,-32.60476719501417,-37.2796710025696,species,Carduelis carduelis,European Goldfinch,0.6627829074859619,0.6627829074859619,species,1,rand_species,/Users/justyna-przy/Projects/ISE/FYP/src/bird_data/clips/species/carduelis_carduelis/XC542349__s1000__e4000.wav,
carduelis_carduelis,542349,Carduelis carduelis,/Users/justyna-przy/Projects/ISE/FYP/src/bird_data/raw/carduelis_carduelis/XC542349.mp3,7.0,10.0,-29.95077229425627,-37.2796710025696,species,Carduelis carduelis,European Goldfinch,0.7436712980270386,0.7436712980270386,species,0,,,
carduelis_carduelis,542349,Carduelis carduelis,/Users/justyna-przy/Projects/ISE/FYP/src/bird_data/raw/carduelis_carduelis/XC542349.mp3,13.0,16.0,-34.19988253519322,-37.2796710025696,species,Carduelis carduelis,European Goldfinch,0.9875076413154602,0.9875076413154602,species,0,,,
carduelis_carduelis,542349,Carduelis carduelis,/Users/justyna-przy/Projects/ISE/FYP/src/bird_data/raw/carduelis_carduelis/XC542349.mp3,19.0,22.0,-34.25988905043556,-37.2796710025696,species,Carduelis carduelis,European Goldfinch,0.9608837962150574,0.9608837962150574,species,0,,,
carduelis_carduelis,542349,Carduelis carduelis,/Users/justyna-przy/Projects/ISE/FYP/src/bird_data/raw/carduelis_carduelis/XC542349.mp3,22.0,25.0,-29.26907257202439,-37.2796710025696,species,Carduelis carduelis,European Goldfinch,0.9903672933578491,0.9903672933578491,species,1,rand_species,/Users/justyna-przy/Projects/ISE/FYP/src/bird_data/clips/species/carduelis_carduelis/XC542349__s22000__e25000.wav,
carduelis_carduelis,542349,Carduelis carduelis,/Users/justyna-przy/Projects/ISE/FYP/src/bird_data/raw/carduelis_carduelis/XC542349.mp3,25.0,28.0,-27.982285564061343,-37.2796710025696,species,Carduelis carduelis,European Goldfinch,0.9851122498512268,0.9851122498512268,species,1,rand_species,/Users/justyna-przy/Projects/ISE/FYP/src/bird_data/clips/species/carduelis_carduelis/XC542349__s25000__e28000.wav,
carduelis_carduelis,513545,Carduelis carduelis,/Users/justyna-przy/Projects/ISE/FYP/src/bird_data/raw/carduelis_carduelis/XC513545.mp3,7.0,10.0,-35.25398893028346,-37.18313604090869,species,Carduelis carduelis,European Goldfinch,0.9790802597999573,0.9790802597999573,species,0,,,
carduelis_carduelis,513545,Carduelis carduelis,/Users/justyna-przy/Projects/ISE/FYP/src/bird_data/raw/carduelis_carduelis/XC513545.mp3,10.0,13.0,-37.18313604090869,-37.18313604090869,species,Carduelis carduelis,European Goldfinch,0.9906972646713257,0.9906972646713257,species,0,,,
carduelis_carduelis,513545,Carduelis carduelis,/Users/justyna-przy/Projects/ISE/FYP/src/bird_data/raw/carduelis_carduelis/XC513545.mp3,13.0,16.0,-36.76593637022721,-37.18313604090869,species,Carduelis carduelis,European Goldfinch,0.9559943079948425,0.9559943079948425,species,0,,,
carduelis_carduelis,513545,Carduelis carduelis,/Users/justyna-przy/Projects/ISE/FYP/src/bird_data/raw/carduelis_carduelis/XC513545.mp3,16.0,19.0,-35.604021577561326,-37.18313604090869,drop,Hippolais icterina,Icterine Warbler,0.6154276132583618,0.6154276132583618,drop,0,,,
carduelis_carduelis,513545,Carduelis carduelis,/Users/justyna-przy/Projects/ISE/FYP/src/bird_data/raw/carduelis_carduelis/XC513545.mp3,19.0,22.0,-34.326908918033666,-37.18313604090869,species,Carduelis carduelis,European Goldfinch,0.9882243871688843,0.9882243871688843,species,1,rand_species,/Users/justyna-przy/Projects/ISE/FYP/src/bird_data/clips/species/carduelis_carduelis/XC513545__s19000__e22000.wav,
carduelis_carduelis,513545,Carduelis carduelis,/Users/justyna-przy/Projects/ISE/FYP/src/bird_data/raw/carduelis_carduelis/XC513545.mp3,22.0,25.0,-32.32070281529388,-37.18313604090869,species,Carduelis carduelis,European Goldfinch,0.9957919120788574,0.9957919120788574,species,1,rand_species,/Users/justyna-przy/Projects/ISE/FYP/src/bird_data/clips/species/carduelis_carduelis/XC513545__s22000__e25000.wav,
carduelis_carduelis,513545,Carduelis carduelis,/Users/justyna-przy/Projects/ISE/FYP/src/bird_data/raw/carduelis_carduelis/XC513545.mp3,25.0,28.0,-34.613811898156,-37.18313604090869,species,Carduelis carduelis,European Goldfinch,0.996239185333252,0.996239185333252,species,1,rand_species,/Users/justyna-przy/Projects/ISE/FYP/src/bird_data/clips/species/carduelis_carduelis/XC513545__s25000__e28000.wav,
carduelis_carduelis,513545,Carduelis carduelis,/Users/justyna-przy/Projects/ISE/FYP/src/bird_data/raw/carduelis_carduelis/XC513545.mp3,31.0,34.0,-34.30628358986584,-37.18313604090869,species,Carduelis carduelis,European Goldfinch,0.9935296177864075,0.9935296177864075,species,0,,,
carduelis_carduelis,496334,Carduelis carduelis,/Users/justyna-przy/Projects/ISE/FYP/src/bird_data/raw/carduelis_carduelis/XC496334.mp3,1.0,4.0,-38.32571359892463,-39.50327465995525,species,Carduelis carduelis,European Goldfinch,0.9873026609420776,0.9873026609420776,species,0,,,
carduelis_carduelis,496334,Carduelis carduelis,/Users/justyna-przy/Projects/ISE/FYP/src/bird_data/raw/carduelis_carduelis/XC496334.mp3,7.0,10.0,-35.15208880464887,-39.50327465995525,species,Carduelis carduelis,European Goldfinch,0.9426319599151611,0.9426319599151611,species,1,rand_species,/Users/justyna-przy/Projects/ISE/FYP/src/bird_data/clips/species/carduelis_carduelis/XC496334__s7000__e10000.wav,
carduelis_carduelis,496334,Carduelis carduelis,/Users/justyna-przy/Projects/ISE/FYP/src/bird_data/raw/carduelis_carduelis/XC496334.mp3,10.0,13.0,-32.82633626030949,-39.50327465995525,species,Carduelis carduelis,European Goldfinch,0.6509495973587036,0.6509495973587036,species,0,,,
carduelis_carduelis,496334,Carduelis carduelis,/Users/justyna-przy/Projects/ISE/FYP/src/bird_data/raw/carduelis_carduelis/XC496334.mp3,13.0,16.0,-32.52344483404321,-39.50327465995525,species,Carduelis carduelis,European Goldfinch,0.9995211362838745,0.9995211362838745,species,1,rand_species,/Users/justyna-przy/Projects/ISE/FYP/src/bird_data/clips/species/carduelis_carduelis/XC496334__s13000__e16000.wav,
carduelis_carduelis,496334,Carduelis carduelis,/Users/justyna-przy/Projects/ISE/FYP/src/bird_data/raw/carduelis_carduelis/XC496334.mp3,16.0,19.0,-32.17114695691796,-39.50327465995525,species,Carduelis carduelis,European Goldfinch,0.9660362601280212,0.9660362601280212,species,0,,,
carduelis_carduelis,496334,Carduelis carduelis,/Users/justyna-przy/Projects/ISE/FYP/src/bird_data/raw/carduelis_carduelis/XC496334.mp3,19.0,22.0,-33.21638134760639,-39.50327465995525,non_bird,,,0.0,0.0,non_bird,1,nonbird_lowconf,/Users/justyna-przy/Projects/ISE/FYP/src/bird_data/clips/non_bird/carduelis_carduelis/XC496334__s19000__e22000.wav,
carduelis_carduelis,496334,Carduelis carduelis,/Users/justyna-przy/Projects/ISE/FYP/src/bird_data/raw/carduelis_carduelis/XC496334.mp3,22.0,25.0,-38.6369605236611,-39.50327465995525,drop,Motacilla alba,White Wagtail,0.15107734501361847,0.15107734501361847,drop,0,,,
carduelis_carduelis,496334,Carduelis carduelis,/Users/justyna-przy/Projects/ISE/FYP/src/bird_data/raw/carduelis_carduelis/XC496334.mp3,31.0,34.0,-39.50327465995525,-39.50327465995525,species,Carduelis carduelis,European Goldfinch,0.9770235419273376,0.9770235419273376,species,1,rand_species,/Users/justyna-przy/Projects/ISE/FYP/src/bird_data/clips/species/carduelis_carduelis/XC496334__s31000__e34000.wav,
carduelis_carduelis,471820,Carduelis carduelis,/Users/justyna-przy/Projects/ISE/FYP/src/bird_data/raw/carduelis_carduelis/XC471820.mp3,1.0,4.0,-32.02122960968063,-40.0,species,Carduelis carduelis,European Goldfinch,0.9981119632720947,0.9981119632720947,species,0,,,
carduelis_carduelis,471820,Carduelis carduelis,/Users/justyna-przy/Projects/ISE/FYP/src/bird_data/raw/carduelis_carduelis/XC471820.mp3,4.0,7.0,-31.65687491105824,-40.0,species,Carduelis carduelis,European Goldfinch,0.9955052137374878,0.9955052137374878,species,1,rand_species,/Users/justyna-przy/Projects/ISE/FYP/src/bird_data/clips/species/carduelis_carduelis/XC471820__s4000__e7000.wav,
carduelis_carduelis,471820,Carduelis carduelis,/Users/justyna-przy/Projects/ISE/FYP/src/bird_data/raw/carduelis_carduelis/XC471820.mp3,19.0,22.0,-38.37393613263614,-40.0,species,Carduelis carduelis,European Goldfinch,0.9215867519378662,0.9215867519378662,species,1,rand_species,/Users/justyna-przy/Projects/ISE/FYP/src/bird_data/clips/species/carduelis_carduelis/XC471820__s19000__e22000.wav,
carduelis_carduelis,471820,Carduelis carduelis,/Users/justyna-przy/Projects/ISE/FYP/src/bird_data/raw/carduelis_carduelis/XC471820.mp3,31.0,34.0,-26.443346131684002,-40.0,species,Carduelis carduelis,European Goldfinch,0.9994833469390869,0.9994833469390869,species,0,,,
carduelis_carduelis,471820,Carduelis carduelis,/Users/justyna-przy/Projects/ISE/FYP/src/bird_data/raw/carduelis_carduelis/XC471820.mp3,34.0,37.0,-27.155899757569074,-40.0,species,Carduelis carduelis,European Goldfinch,0.9989018440246582,0.9989018440246582,species,1,rand_species,/Users/justyna-przy/Projects/ISE/FYP/src/bird_data/clips/species/carduelis_carduelis/XC471820__s34000__e37000.wav,
carduelis_carduelis,471820,Carduelis carduelis,/Users/justyna-przy/Projects/ISE/FYP/src/bird_data/raw/carduelis_carduelis/XC471820.mp3,40.0,43.0,-37.64721081496753,-40.0,species,Carduelis carduelis,European Goldfinch,0.9274511337280273,0.9274511337280273,species,0,,,
carduelis_carduelis,471820,Carduelis carduelis,/Users/justyna-przy/Projects/ISE/FYP/src/bird_data/raw/carduelis_carduelis/XC471820.mp3,43.0,46.0,-35.34357683172768,-40.0,drop,Carduelis carduelis,European Goldfinch,0.2930198609828949,0.2930198609828949,drop,0,,,
carduelis_carduelis,467936,Carduelis carduelis,/Users/justyna-przy/Projects/ISE/FYP/src/bird_data/raw/carduelis_carduelis/XC467936.mp3,4.0,7.0,-26.00124634380574,-26.34416609040412,species,Carduelis carduelis,European Goldfinch,0.9904261231422424,0.9904261231422424,species,0,,,
carduelis_carduelis,467936,Carduelis carduelis,/Users/justyna-przy/Projects/ISE/FYP/src/bird_data/raw/carduelis_carduelis/XC467936.mp3,7.0,10.0,-23.723873302431322,-26.34416609040412,species,Carduelis carduelis,European Goldfinch,0.9987723231315613,0.9987723231315613,species,1,rand_species,/Users/justyna-przy/Projects/ISE/FYP/src/bird_data/clips/species/carduelis_carduelis/XC467936__s7000__e10000.wav,
carduelis_carduelis,467936,Carduelis carduelis,/Users/justyna-przy/Projects/ISE/FYP/src/bird_data/raw/carduelis_carduelis/XC467936.mp3,13.0,16.0,-23.63305466307731,-26.34416609040412,species,Carduelis carduelis,European Goldfinch,0.9995811581611633,0.9995811581611633,species,0,,,
carduelis_carduelis,467936,Carduelis carduelis,/Users/justyna-przy/Projects/ISE/FYP/src/bird_data/raw/carduelis_carduelis/XC467936.mp3,16.0,19.0,-23.49553463084551,-26.34416609040412,species,Carduelis carduelis,European Goldfinch,0.9932183623313904,0.9932183623313904,species,0,,,
carduelis_carduelis,467936,Carduelis carduelis,/Users/justyna-przy/Projects/ISE/FYP/src/bird_data/raw/carduelis_carduelis/XC467936.mp3,19.0,22.0,-26.087533430399468,-26.34416609040412,species,Carduelis carduelis,European Goldfinch,0.9949936270713806,0.9949936270713806,species,0,,,
carduelis_carduelis,467936,Carduelis carduelis,/Users/justyna-przy/Projects/ISE/FYP/src/bird_data/raw/carduelis_carduelis/XC467936.mp3,22.0,25.0,-25.862321949770486,-26.34416609040412,species,Carduelis carduelis,European Goldfinch,0.9985352754592896,0.9985352754592896,species,0,,,
carduelis_carduelis,467936,Carduelis carduelis,/Users/justyna-przy/Projects/ISE/FYP/src/bird_data/raw/carduelis_carduelis/XC467936.mp3,25.0,28.0,-24.10986194280722,-26.34416609040412,species,Carduelis carduelis,European Goldfinch,0.9996180534362793,0.9996180534362793,species,1,rand_species,/Users/justyna-przy/Projects/ISE/FYP/src/bird_data/clips/species/carduelis_carduelis/XC467936__s25000__e28000.wav,
carduelis_carduelis,467936,Carduelis carduelis,/Users/justyna-przy/Projects/ISE/FYP/src/bird_data/raw/carduelis_carduelis/XC467936.mp3,28.0,31.0,-26.22434355575151,-26.34416609040412,species,Carduelis carduelis,European Goldfinch,0.9994427561759949,0.9994427561759949,species,0,,,
carduelis_carduelis,467936,Carduelis carduelis,/Users/justyna-przy/Projects/ISE/FYP/src/bird_data/raw/carduelis_carduelis/XC467936.mp3,31.0,34.0,-25.647008846736178,-26.34416609040412,species,Carduelis carduelis,European Goldfinch,0.9992488026618958,0.9992488026618958,species,0,,,
carduelis_carduelis,467936,Carduelis carduelis,/Users/justyna-przy/Projects/ISE/FYP/src/bird_data/raw/carduelis_carduelis/XC467936.mp3,34.0,37.0,-26.150061622920987,-26.34416609040412,species,Carduelis carduelis,European Goldfinch,0.9987232089042664,0.9987232089042664,species,1,rand_species,/Users/justyna-przy/Projects/ISE/FYP/src/bird_data/clips/species/carduelis_carduelis/XC467936__s34000__e37000.wav,
carduelis_carduelis,461858,Carduelis carduelis,/Users/justyna-przy/Projects/ISE/FYP/src/bird_data/raw/carduelis_carduelis/XC461858.mp3,13.0,16.0,-47.3152225383491,-40.0,species,Carduelis carduelis,European Goldfinch,0.8853604793548584,0.8853604793548584,species,1,rand_species,/Users/justyna-przy/Projects/ISE/FYP/src/bird_data/clips/species/carduelis_carduelis/XC461858__s13000__e16000.wav,
carduelis_carduelis,448656,Carduelis carduelis,/Users/justyna-przy/Projects/ISE/FYP/src/bird_data/raw/carduelis_carduelis/XC448656.mp3,7.0,10.0,-41.159400601903386,-40.0,species,Carduelis carduelis,European Goldfinch,0.9960607886314392,0.9960607886314392,species,1,rand_species,/Users/justyna-przy/Projects/ISE/FYP/src/bird_data/clips/species/carduelis_carduelis/XC448656__s7000__e10000.wav,
carduelis_carduelis,405946,Carduelis carduelis,/Users/justyna-przy/Projects/ISE/FYP/src/bird_data/raw/carduelis_carduelis/XC405946.mp3,1.0,4.0,-24.400338154874184,-25.54906947639636,species,Carduelis carduelis,European Goldfinch,0.9078422784805298,0.9078422784805298,species,1,rand_species,/Users/justyna-przy/Projects/ISE/FYP/src/bird_data/clips/species/carduelis_carduelis/XC405946__s1000__e4000.wav,
carduelis_carduelis,405946,Carduelis carduelis,/Users/justyna-przy/Projects/ISE/FYP/src/bird_data/raw/carduelis_carduelis/XC405946.mp3,4.0,7.0,-24.321839909868107,-25.54906947639636,species,Carduelis carduelis,European Goldfinch,0.961188018321991,0.961188018321991,species,1,rand_species,/Users/justyna-przy/Projects/ISE/FYP/src/bird_data/clips/species/carduelis_carduelis/XC405946__s4000__e7000.wav,
carduelis_carduelis,405946,Carduelis carduelis,/Users/justyna-przy/Projects/ISE/FYP/src/bird_data/raw/carduelis_carduelis/XC405946.mp3,13.0,16.0,-25.13578426990399,-25.54906947639636,species,Carduelis carduelis,European Goldfinch,0.9882549047470093,0.9882549047470093,species,1,rand_species,/Users/justyna-przy/Projects/ISE/FYP/src/bird_data/clips/species/carduelis_carduelis/XC405946__s13000__e16000.wav,
carduelis_carduelis,405946,Carduelis carduelis,/Users/justyna-przy/Projects/ISE/FYP/src/bird_data/raw/carduelis_carduelis/XC405946.mp3,16.0,19.0,-22.957311757919285,-25.54906947639636,species,Carduelis carduelis,European Goldfinch,0.8792797327041626,0.8792797327041626,species,0,,,
carduelis_carduelis,405945,Carduelis carduelis,/Users/justyna-przy/Projects/ISE/FYP/src/bird_data/raw/carduelis_carduelis/XC405945.mp3,1.0,4.0,-25.756972578102427,-34.55542238814494,species,Carduelis carduelis,European Goldfinch,0.9945683479309082,0.9945683479309082,species,0,,,
carduelis_carduelis,405945,Carduelis carduelis,/Users/justyna-przy/Projects/ISE/FYP/src/bird_data/raw/carduelis_carduelis/XC405945.mp3,4.0,7.0,-34.004219861510435,-34.55542238814494,species,Carduelis carduelis,European Goldfinch,0.978099524974823,0.978099524974823,species,0,,,
carduelis_carduelis,405945,Carduelis carduelis,/Users/justyna-przy/Projects/ISE/FYP/src/bird_data/raw/carduelis_carduelis/XC405945.mp3,7.0,10.0,-28.32620028593427,-34.55542238814494,species,Carduelis carduelis,European Goldfinch,0.99354088306427,0.99354088306427,species,1,rand_species,/Users/justyna-przy/Projects/ISE/FYP/src/bird_data/clips/species/carduelis_carduelis/XC405945__s7000__e10000.wav,
carduelis_carduelis,405945,Carduelis carduelis,/Users/justyna-przy/Projects/ISE/FYP/src/bird_data/raw/carduelis_carduelis/XC405945.mp3,16.0,19.0,-29.685888687198684,-34.55542238814494,species,Carduelis carduelis,European Goldfinch,0.5674430727958679,0.5674430727958679,species,0,,,
carduelis_carduelis,405945,Carduelis carduelis,/Users/justyna-przy/Projects/ISE/FYP/src/bird_data/raw/carduelis_carduelis/XC405945.mp3,19.0,22.0,-31.76484682704947,-34.55542238814494,species,Carduelis carduelis,European Goldfinch,0.8662696480751038,0.8662696480751038,species,0,,,
carduelis_carduelis,405945,Carduelis carduelis,/Users/justyna-przy/Projects/ISE/FYP/src/bird_data/raw/carduelis_carduelis/XC405945.mp3,22.0,25.0,-24.650369461875208,-34.55542238814494,species,Carduelis carduelis,European Goldfinch,0.9880824089050293,0.9880824089050293,species,1,rand_species,/Users/justyna-przy/Projects/ISE/FYP/src/bird_data/clips/species/carduelis_carduelis/XC405945__s22000__e25000.wav,
carduelis_carduelis,405945,Carduelis carduelis,/Users/justyna-przy/Projects/ISE/FYP/src/bird_data/raw/carduelis_carduelis/XC405945.mp3,25.0,28.0,-21.14574488457101,-34.55542238814494,species,Carduelis carduelis,European Goldfinch,0.7615025043487549,0.7615025043487549,species,0,,,
carduelis_carduelis,405945,Carduelis carduelis,/Users/justyna-przy/Projects/ISE/FYP/src/bird_data/raw/carduelis_carduelis/XC405945.mp3,28.0,31.0,-24.437792236316067,-34.55542238814494,species,Carduelis carduelis,European Goldfinch,0.9135855436325073,0.9135855436325073,species,0,,,
carduelis_carduelis,405945,Carduelis carduelis,/Users/justyna-przy/Projects/ISE/FYP/src/bird_data/raw/carduelis_carduelis/XC405945.mp3,31.0,34.0,-21.76047793391448,-34.55542238814494,species,Carduelis carduelis,European Goldfinch,0.9946824908256531,0.9946824908256531,species,1,rand_species,/Users/justyna-przy/Projects/ISE/FYP/src/bird_data/clips/species/carduelis_carduelis/XC405945__s31000__e34000.wav,
carduelis_carduelis,405944,Carduelis carduelis,/Users/justyna-przy/Projects/ISE/FYP/src/bird_data/raw/carduelis_carduelis/XC405944.mp3,16.0,19.0,-28.19353172052019,-28.545420863601336,species,Carduelis carduelis,European Goldfinch,0.6731537580490112,0.6731537580490112,species,1,rand_species,/Users/justyna-przy/Projects/ISE/FYP/src/bird_data/clips/species/carduelis_carduelis/XC405944__s16000__e19000.wav,
carduelis_carduelis,405944,Carduelis carduelis,/Users/justyna-przy/Projects/ISE/FYP/src/bird_data/raw/carduelis_carduelis/XC405944.mp3,19.0,22.0,-25.95895866422604,-28.545420863601336,species,Carduelis carduelis,European Goldfinch,0.3836837112903595,0.3836837112903595,species,1,rand_species,/Users/justyna-przy/Projects/ISE/FYP/src/bird_data/clips/species/carduelis_carduelis/XC405944__s19000__e22000.wav,
carduelis_carduelis,405944,Carduelis carduelis,/Users/justyna-przy/Projects/ISE/FYP/src/bird_data/raw/carduelis_carduelis/XC405944.mp3,22.0,25.0,-24.483611843203676,-28.545420863601336,species,Carduelis carduelis,European Goldfinch,0.9719274640083313,0.9719274640083313,species,0,,,
carduelis_carduelis,405944,Carduelis carduelis,/Users/justyna-przy/Projects/ISE/FYP/src/bird_data/raw/carduelis_carduelis/XC405944.mp3,25.0,28.0,-20.440550458857977,-28.545420863601336,drop,Carduelis carduelis,European Goldfinch,0.2489708811044693,0.2489708811044693,drop,0,,,
carduelis_carduelis,405944,Carduelis carduelis,/Users/justyna-przy/Projects/ISE/FYP/src/bird_data/raw/carduelis_carduelis/XC405944.mp3,28.0,31.0,-27.474335383537024,-28.545420863601336,species,Carduelis carduelis,European Goldfinch,0.9579675793647766,0.9579675793647766,species,0,,,
carduelis_carduelis,405944,Carduelis carduelis,/Users/justyna-przy/Projects/ISE/FYP/src/bird_data/raw/carduelis_carduelis/XC405944.mp3,31.0,34.0,-27.978970310809363,-28.545420863601336,drop,Linaria flavirostris,Twite,0.6252288222312927,0.6252288222312927,drop,0,,,
carduelis_carduelis,405944,Carduelis carduelis,/Users/justyna-przy/Projects/ISE/FYP/src/bird_data/raw/carduelis_carduelis/XC405944.mp3,34.0,37.0,-26.413263733295956,-28.545420863601336,species,Carduelis carduelis,European Goldfinch,0.9766358137130737,0.9766358137130737,species,0,,,
carduelis_carduelis,405944,Carduelis carduelis,/Users/justyna-przy/Projects/ISE/FYP/src/bird_data/raw/carduelis_carduelis/XC405944.mp3,37.0,40.0,-26.760467739292633,-28.545420863601336,species,Carduelis carduelis,European Goldfinch,0.7945731282234192,0.7945731282234192,species,0,,,
carduelis_carduelis,405944,Carduelis carduelis,/Users/justyna-przy/Projects/ISE/FYP/src/bird_data/raw/carduelis_carduelis/XC405944.mp3,40.0,43.0,-23.58190138743256,-28.545420863601336,species,Carduelis carduelis,European Goldfinch,0.9431804418563843,0.9431804418563843,species,0,,,
carduelis_carduelis,405944,Carduelis carduelis,/Users/justyna-przy/Projects/ISE/FYP/src/bird_data/raw/carduelis_carduelis/XC405944.mp3,43.0,46.0,-27.242513678198176,-28.545420863601336,non_bird,,,0.0,0.0,non_bird,1,nonbird_lowconf,/Users/justyna-przy/Projects/ISE/FYP/src/bird_data/clips/non_bird/carduelis_carduelis/XC405944__s43000__e46000.wav,
carduelis_carduelis,405944,Carduelis carduelis,/Users/justyna-przy/Projects/ISE/FYP/src/bird_data/raw/carduelis_carduelis/XC405944.mp3,46.0,49.0,-26.029100994325056,-28.545420863601336,species,Carduelis carduelis,European Goldfinch,0.9888412356376648,0.9888412356376648,species,1,rand_species,/Users/justyna-przy/Projects/ISE/FYP/src/bird_data/clips/species/carduelis_carduelis/XC405944__s46000__e49000.wav,
carduelis_carduelis,405944,Carduelis carduelis,/Users/justyna-przy/Projects/ISE/FYP/src/bird_data/raw/carduelis_carduelis/XC405944.mp3,52.0,55.0,-28.506636508481563,-28.545420863601336,species,Carduelis carduelis,European Goldfinch,0.9969379901885986,0.9969379901885986,species,0,,,
carduelis_carduelis,378401,Carduelis carduelis,/Users/justyna-przy/Projects/ISE/FYP/src/bird_data/raw/carduelis_carduelis/XC378401.mp3,4.0,7.0,-30.27816194641648,-30.34480968432272,species,Carduelis carduelis,European Goldfinch,0.9755052924156189,0.9755052924156189,species,1,rand_species,/Users/justyna-przy/Projects/ISE/FYP/src/bird_data/clips/species/carduelis_carduelis/XC378401__s4000__e7000.wav,
carduelis_carduelis,378400,Carduelis carduelis,/Users/justyna-przy/Projects/ISE/FYP/src/bird_data/raw/carduelis_carduelis/XC378400.mp3,1.0,4.0,-28.397523151071088,-30.27448835195323,species,Carduelis carduelis,European Goldfinch,0.9873232245445251,0.9873232245445251,species,0,,,
carduelis_carduelis,378400,Carduelis carduelis,/Users/justyna-przy/Projects/ISE/FYP/src/bird_data/raw/carduelis_carduelis/XC378400.mp3,4.0,7.0,-26.27521323269047,-30.27448835195323,species,Carduelis carduelis,European Goldfinch,0.982187807559967,0.982187807559967,species,0,,,
carduelis_carduelis,378400,Carduelis carduelis,/Users/justyna-przy/Projects/ISE/FYP/src/bird_data/raw/carduelis_carduelis/XC378400.mp3,10.0,13.0,-24.310668453506572,-30.27448835195323,species,Carduelis carduelis,European Goldfinch,0.9943236112594604,0.9943236112594604,species,0,,,
carduelis_carduelis,378400,Carduelis carduelis,/Users/justyna-przy/Projects/ISE/FYP/src/bird_data/raw/carduelis_carduelis/XC378400.mp3,16.0,19.0,-29.521180118095188,-30.27448835195323,species,Carduelis carduelis,European Goldfinch,0.7023454904556274,0.7023454904556274,species,0,,,
carduelis_carduelis,378400,Carduelis carduelis,/Users/justyna-przy/Projects/ISE/FYP/src/bird_data/raw/carduelis_carduelis/XC378400.mp3,19.0,22.0,-24.365595874921105,-30.27448835195323,species,Carduelis carduelis,European Goldfinch,0.9950788021087646,0.9950788021087646,species,1,rand_species,/Users/justyna-przy/Projects/ISE/FYP/src/bird_data/clips/species/carduelis_carduelis/XC378400__s19000__e22000.wav,
carduelis_carduelis,378400,Carduelis carduelis,/Users/justyna-przy/Projects/ISE/FYP/src/bird_data/raw/carduelis_carduelis/XC378400.mp3,22.0,25.0,-27.745480447351696,-30.27448835195323,species,Carduelis carduelis,European Goldfinch,0.9552825093269348,0.9552825093269348,species,1,rand_species,/Users/justyna-przy/Projects/ISE/FYP/src/bird_data/clips/species/carduelis_carduelis/XC378400__s22000__e25000.wav,
carduelis_carduelis,378400,Carduelis carduelis,/Users/justyna-przy/Projects/ISE/FYP/src/bird_data/raw/carduelis_carduelis/XC378400.mp3,28.0,31.0,-30.200418951171052,-30.27448835195323,species,Carduelis carduelis,European Goldfinch,0.9964003562927246,0.9964003562927246,species,0,,,
carduelis_carduelis,378400,Carduelis carduelis,/Users/justyna-przy/Projects/ISE/FYP/src/bird_data/raw/carduelis_carduelis/XC378400.mp3,31.0,34.0,-25.824113089659203,-30.27448835195323,species,Carduelis carduelis,European Goldfinch,0.9874983429908752,0.9874983429908752,species,1,rand_species,/Users/justyna-przy/Projects/ISE/FYP/src/bird_data/clips/species/carduelis_carduelis/XC378400__s31000__e34000.wav,
carduelis_carduelis,378400,Carduelis carduelis,/Users/justyna-przy/Projects/ISE/FYP/src/bird_data/raw/carduelis_carduelis/XC378400.mp3,37.0,40.0,-28.322054413415362,-30.27448835195323,species,Carduelis carduelis,European Goldfinch,0.9945928454399109,0.9945928454399109,species,0,,,
carduelis_carduelis,378395,Carduelis carduelis,/Users/justyna-przy/Projects/ISE/FYP/src/bird_data/raw/carduelis_carduelis/XC378395.mp3,4.0,7.0,-31.954798925272545,-31.9898124671915,drop,Carduelis carduelis,European Goldfinch,0.11957037448883057,0.11957037448883057,drop,0,,,
carduelis_carduelis,378395,Carduelis carduelis,/Users/justyna-przy/Projects/ISE/FYP/src/bird_data/raw/carduelis_carduelis/XC378395.mp3,7.0,10.0,-31.19763228255909,-31.9898124671915,species,Carduelis carduelis,European Goldfinch,0.5069165825843811,0.5069165825843811,species,1,rand_species,/Users/justyna-przy/Projects/ISE/FYP/src/bird_data/clips/species/carduelis_carduelis/XC378395__s7000__e10000.wav,
carduelis_carduelis,378395,Carduelis carduelis,/Users/justyna-przy/Projects/ISE/FYP/src/bird_data/raw/carduelis_carduelis/XC378395.mp3,10.0,13.0,-31.563785241773864,-31.9898124671915,species,Carduelis carduelis,European Goldfinch,0.5279098153114319,0.5279098153114319,species,1,rand_species,/Users/justyna-przy/Projects/ISE/FYP/src/bird_data/clips/species/carduelis_carduelis/XC378395__s10000__e13000.wav,
carduelis_carduelis,378395,Carduelis carduelis,/Users/justyna-przy/Projects/ISE/FYP/src/bird_data/raw/carduelis_carduelis/XC378395.mp3,13.0,16.0,-31.038917675231552,-31.9898124671915,species,Carduelis carduelis,European Goldfinch,0.7299143671989441,0.7299143671989441,species,1,rand_species,/Users/justyna-przy/Projects/ISE/FYP/src/bird_data/clips/species/carduelis_carduelis/XC378395__s13000__e16000.wav,
carduelis_carduelis,378395,Carduelis carduelis,/Users/justyna-przy/Projects/ISE/FYP/src/bird_data/raw/carduelis_carduelis/XC378395.mp3,16.0,19.0,-31.633935172277937,-31.9898124671915,drop,Lagonosticta senegala,Red-billed Firefinch,0.24687176942825317,0.24687176942825317,drop,0,,,
carduelis_carduelis,378395,Carduelis carduelis,/Users/justyna-przy/Projects/ISE/FYP/src/bird_data/raw/carduelis_carduelis/XC378395.mp3,22.0,25.0,-31.54690048966542,-31.9898124671915,species,Carduelis carduelis,European Goldfinch,0.8244860768318176,0.8244860768318176,species,0,,,
carduelis_carduelis,375881,Carduelis carduelis,/Users/justyna-przy/Projects/ISE/FYP/src/bird_data/raw/carduelis_carduelis/XC375881.mp3,1.0,4.0,-30.008621360368466,-34.72529634264484,species,Carduelis carduelis,European Goldfinch,0.9966064691543579,0.9966064691543579,species,1,rand_species,/Users/justyna-przy/Projects/ISE/FYP/src/bird_data/clips/species/carduelis_carduelis/XC375881__s1000__e4000.wav,
carduelis_carduelis,375881,Carduelis carduelis,/Users/justyna-przy/Projects/ISE/FYP/src/bird_data/raw/carduelis_carduelis/XC375881.mp3,4.0,7.0,-34.14138627399994,-34.72529634264484,species,Carduelis carduelis,European Goldfinch,0.9455437660217285,0.9455437660217285,species,0,,,
carduelis_carduelis,375881,Carduelis carduelis,/Users/justyna-przy/Projects/ISE/FYP/src/bird_data/raw/carduelis_carduelis/XC375881.mp3,7.0,10.0,-28.96490353256042,-34.72529634264484,species,Carduelis carduelis,European Goldfinch,0.937980592250824,0.937980592250824,species,1,rand_species,/Users/justyna-przy/Projects/ISE/FYP/src/bird_data/clips/species/carduelis_carduelis/XC375881__s7000__e10000.wav,
carduelis_carduelis,375881,Carduelis carduelis,/Users/justyna-przy/Projects/ISE/FYP/src/bird_data/raw/carduelis_carduelis/XC375881.mp3,10.0,13.0,-27.864893972935615,-34.72529634264484,species,Carduelis carduelis,European Goldfinch,0.9924824833869934,0.9924824833869934,species,0,,,
carduelis_carduelis,375881,Carduelis carduelis,/Users/justyna-przy/Projects/ISE/FYP/src/bird_data/raw/carduelis_carduelis/XC375881.mp3,16.0,19.0,-26.015649838675046,-34.72529634264484,species,Carduelis carduelis,European Goldfinch,0.9973359704017639,0.9973359704017639,species,0,,,
carduelis_carduelis,375881,Carduelis carduelis,/Users/justyna-przy/Projects/ISE/FYP/src/bird_data/raw/carduelis_carduelis/XC375881.mp3,22.0,25.0,-31.13253191878762,-34.72529634264484,species,Carduelis carduelis,European Goldfinch,0.994432270526886,0.994432270526886,species,1,rand_species,/Users/justyna-przy/Projects/ISE/FYP/src/bird_data/clips/species/carduelis_carduelis/XC375881__s22000__e25000.wav,
carduelis_carduelis,375881,Carduelis carduelis,/Users/justyna-przy/Projects/ISE/FYP/src/bird_data/raw/carduelis_carduelis/XC375881.mp3,25.0,28.0,-30.720138116637163,-34.72529634264484,species,Carduelis carduelis,European Goldfinch,0.9793899655342102,0.9793899655342102,species,0,,,
carduelis_carduelis,375881,Carduelis carduelis,/Users/justyna-przy/Projects/ISE/FYP/src/bird_data/raw/carduelis_carduelis/XC375881.mp3,34.0,37.0,-30.428332758749566,-34.72529634264484,species,Carduelis carduelis,European Goldfinch,0.9654770493507385,0.9654770493507385,species,0,,,
carduelis_carduelis,375881,Carduelis carduelis,/Users/justyna-przy/Projects/ISE/FYP/src/bird_data/raw/carduelis_carduelis/XC375881.mp3,37.0,40.0,-29.64845972202677,-34.72529634264484,species,Carduelis carduelis,European Goldfinch,0.9976154565811157,0.9976154565811157,species,0,,,
carduelis_carduelis,374321,Carduelis carduelis,/Users/justyna-przy/Projects/ISE/FYP/src/bird_data/raw/carduelis_carduelis/XC374321.mp3,7.0,10.0,-26.852344547300156,-28.365525568641225,species,Carduelis carduelis,European Goldfinch,0.9934566617012024,0.9934566617012024,species,1,rand_species,/Users/justyna-przy/Projects/ISE/FYP/src/bird_data/clips/species/carduelis_carduelis/XC374321__s7000__e10000.wav,
carduelis_carduelis,374321,Carduelis carduelis,/Users/justyna-przy/Projects/ISE/FYP/src/bird_data/raw/carduelis_carduelis/XC374321.mp3,10.0,13.0,-27.827436495345395,-28.365525568641225,species,Carduelis carduelis,European Goldfinch,0.969531238079071,0.969531238079071,species,0,,,
carduelis_carduelis,374321,Carduelis carduelis,/Users/justyna-przy/Projects/ISE/FYP/src/bird_data/raw/carduelis_carduelis/XC374321.mp3,16.0,19.0,-24.320996962367545,-28.365525568641225,species,Carduelis carduelis,European Goldfinch,0.9687734246253967,0.9687734246253967,species,0,,,
carduelis_carduelis,374321,Carduelis carduelis,/Users/justyna-przy/Projects/ISE/FYP/src/bird_data/raw/carduelis_carduelis/XC374321.mp3,19.0,22.0,-27.941494222336082,-28.365525568641225,drop,Emberiza schoeniclus,Reed Bunting,0.21412183344364166,0.21412183344364166,drop,0,,,
carduelis_carduelis,374321,Carduelis carduelis,/Users/justyna-przy/Projects/ISE/FYP/src/bird_data/raw/carduelis_carduelis/XC374321.mp3,22.0,25.0,-24.68640804323809,-28.365525568641225,species,Carduelis carduelis,European Goldfinch,0.9758592247962952,0.9758592247962952,species,1,rand_species,/Users/justyna-przy/Projects/ISE/FYP/src/bird_data/clips/species/carduelis_carduelis/XC374321__s22000__e25000.wav,
carduelis_carduelis,374321,Carduelis carduelis,/Users/justyna-przy/Projects/ISE/FYP/src/bird_data/raw/carduelis_carduelis/XC374321.mp3,25.0,28.0,-27.41075031146577,-28.365525568641225,species,Carduelis carduelis,European Goldfinch,0.7184367775917053,0.7184367775917053,species,0,,,
carduelis_carduelis,374321,Carduelis carduelis,/Users/justyna-przy/Projects/ISE/FYP/src/bird_data/raw/carduelis_carduelis/XC374321.mp3,28.0,31.0,-24.75350714912347,-28.365525568641225,species,Carduelis carduelis,European Goldfinch,0.9463561773300171,0.9463561773300171,species,1,rand_species,/Users/justyna-przy/Projects/ISE/FYP/src/bird_data/clips/species/carduelis_carduelis/XC374321__s28000__e31000.wav,
carduelis_carduelis,374321,Carduelis carduelis,/Users/justyna-przy/Projects/ISE/FYP/src/bird_data/raw/carduelis_carduelis/XC374321.mp3,31.0,34.0,-25.429986598936587,-28.365525568641225,drop,Sporophila caerulescens,Double-collared Seedeater,0.12547823786735535,0.12547823786735535,drop,0,,,
carduelis_carduelis,325326,Carduelis carduelis,/Users/justyna-przy/Projects/ISE/FYP/src/bird_data/raw/carduelis_carduelis/XC325326.mp3,1.0,4.0,-25.81988658952239,-32.788354882189694,species,Carduelis carduelis,European Goldfinch,0.9945809245109558,0.9945809245109558,species,1,rand_species,/Users/justyna-przy/Projects/ISE/FYP/src/bird_data/clips/species/carduelis_carduelis/XC325326__s1000__e4000.wav,
carduelis_carduelis,325326,Carduelis carduelis,/Users/justyna-przy/Projects/ISE/FYP/src/bird_data/raw/carduelis_carduelis/XC325326.mp3,4.0,7.0,-27.166216307296224,-32.788354882189694,species,Carduelis carduelis,European Goldfinch,0.9988905787467957,0.9988905787467957,species,1,rand_species,/Users/justyna-przy/Projects/ISE/FYP/src/bird_data/clips/species/carduelis_carduelis/XC325326__s4000__e7000.wav,
carduelis_carduelis,325326,Carduelis carduelis,/Users/justyna-przy/Projects/ISE/FYP/src/bird_data/raw/carduelis_carduelis/XC325326.mp3,7.0,10.0,-28.96269487717764,-32.788354882189694,species,Carduelis carduelis,European Goldfinch,0.9954612851142883,0.9954612851142883,species,0,,,
carduelis_carduelis,325326,Carduelis carduelis,/Users/justyna-przy/Projects/ISE/FYP/src/bird_data/raw/carduelis_carduelis/XC325326.mp3,10.0,13.0,-32.66628150796094,-32.788354882189694,non_bird,,,0.0,0.0,non_bird,1,nonbird_lowconf,/Users/justyna-przy/Projects/ISE/FYP/src/bird_data/clips/non_bird/carduelis_carduelis/XC325326__s10000__e13000.wav,
carduelis_carduelis,325326,Carduelis carduelis,/Users/justyna-przy/Projects/ISE/FYP/src/bird_data/raw/carduelis_carduelis/XC325326.mp3,13.0,16.0,-30.61115705143496,-32.788354882189694,species,Carduelis carduelis,European Goldfinch,0.9951646327972412,0.9951646327972412,species,0,,,
carduelis_carduelis,325326,Carduelis carduelis,/Users/justyna-przy/Projects/ISE/FYP/src/bird_data/raw/carduelis_carduelis/XC325326.mp3,16.0,19.0,-32.297369311838786,-32.788354882189694,non_bird,,,0.0,0.0,non_bird,1,nonbird_lowconf,/Users/justyna-przy/Projects/ISE/FYP/src/bird_data/clips/non_bird/carduelis_carduelis/XC325326__s16000__e19000.wav,
carduelis_carduelis,325326,Carduelis carduelis,/Users/justyna-przy/Projects/ISE/FYP/src/bird_data/raw/carduelis_carduelis/XC325326.mp3,22.0,25.0,-28.9588310811377,-32.788354882189694,species,Carduelis carduelis,European Goldfinch,0.8368287086486816,0.8368287086486816,species,1,rand_species,/Users/justyna-przy/Projects/ISE/FYP/src/bird_data/clips/species/carduelis_carduelis/XC325326__s22000__e25000.wav,
carduelis_carduelis,325326,Carduelis carduelis,/Users/justyna-przy/Projects/ISE/FYP/src/bird_data/raw/carduelis_carduelis/XC325326.mp3,25.0,28.0,-30.068042121471205,-32.788354882189694,non_bird,,,0.0,0.0,non_bird,0,,,
carduelis_carduelis,325326,Carduelis carduelis,/Users/justyna-przy/Projects/ISE/FYP/src/bird_data/raw/carduelis_carduelis/XC325326.mp3,34.0,37.0,-29.304552885907746,-32.788354882189694,species,Carduelis carduelis,European Goldfinch,0.9962234497070312,0.9962234497070312,species,0,,,
carduelis_carduelis,325326,Carduelis carduelis,/Users/justyna-przy/Projects/ISE/FYP/src/bird_data/raw/carduelis_carduelis/XC325326.mp3,37.0,40.0,-32.590758659140604,-32.788354882189694,species,Carduelis carduelis,European Goldfinch,0.9711557030677795,0.9711557030677795,species,0,,,
carduelis_carduelis,292577,Carduelis carduelis,/Users/justyna-przy/Projects/ISE/FYP/src/bird_data/raw/carduelis_carduelis/XC292577.mp3,1.0,4.0,-32.536195465191724,-35.701535828076615,species,Carduelis carduelis,European Goldfinch,0.9995537400245667,0.9995537400245667,species,0,,,
carduelis_carduelis,292577,Carduelis carduelis,/Users/justyna-przy/Projects/ISE/FYP/src/bird_data/raw/carduelis_carduelis/XC292577.mp3,4.0,7.0,-33.207868058038166,-35.701535828076615,species,Carduelis carduelis,European Goldfinch,0.9988382458686829,0.9988382458686829,species,0,,,
carduelis_carduelis,292577,Carduelis carduelis,/Users/justyna-przy/Projects/ISE/FYP/src/bird_data/raw/carduelis_carduelis/XC292577.mp3,16.0,19.0,-32.0379722818637,-35.701535828076615,species,Carduelis carduelis,European Goldfinch,0.9997560381889343,0.9997560381889343,species,0,,,
carduelis_carduelis,292577,Carduelis carduelis,/Users/justyna-przy/Projects/ISE/FYP/src/bird_data/raw/carduelis_carduelis/XC292577.mp3,25.0,28.0,-34.493245625172705,-35.701535828076615,species,Carduelis carduelis,European Goldfinch,0.9977286458015442,0.9977286458015442,species,1,rand_species,/Users/justyna-przy/Projects/ISE/FYP/src/bird_data/clips/species/carduelis_carduelis/XC292577__s25000__e28000.wav,
carduelis_carduelis,292577,Carduelis carduelis,/Users/justyna-przy/Projects/ISE/FYP/src/bird_data/raw/carduelis_carduelis/XC292577.mp3,28.0,31.0,-28.171359815733915,-35.701535828076615,species,Carduelis carduelis,European Goldfinch,0.9812505841255188,0.9812505841255188,species,1,rand_species,/Users/justyna-przy/Projects/ISE/FYP/src/bird_data/clips/species/carduelis_carduelis/XC292577__s28000__e31000.wav,
carduelis_carduelis,292577,Carduelis carduelis,/Users/justyna-przy/Projects/ISE/FYP/src/bird_data/raw/carduelis_carduelis/XC292577.mp3,31.0,34.0,-27.546916888522787,-35.701535828076615,species,Carduelis carduelis,European Goldfinch,0.9967296123504639,0.9967296123504639,species,0,,,
carduelis_carduelis,292577,Carduelis carduelis,/Users/justyna-przy/Projects/ISE/FYP/src/bird_data/raw/carduelis_carduelis/XC292577.mp3,34.0,37.0,-29.93600232928258,-35.701535828076615,species,Carduelis carduelis,European Goldfinch,0.998801589012146,0.998801589012146,species,0,,,
carduelis_carduelis,292577,Carduelis carduelis,/Users/justyna-przy/Projects/ISE/FYP/src/bird_data/raw/carduelis_carduelis/XC292577.mp3,37.0,40.0,-31.415722922670867,-35.701535828076615,species,Carduelis carduelis,European Goldfinch,0.995884358882904,0.995884358882904,species,1,rand_species,/Users/justyna-przy/Projects/ISE/FYP/src/bird_data/clips/species/carduelis_carduelis/XC292577__s37000__e40000.wav,
carduelis_carduelis,292577,Carduelis carduelis,/Users/justyna-przy/Projects/ISE/FYP/src/bird_data/raw/carduelis_carduelis/XC292577.mp3,40.0,43.0,-29.126096485967278,-35.701535828076615,species,Carduelis carduelis,European Goldfinch,0.9626835584640503,0.9626835584640503,species,0,,,
carduelis_carduelis,292577,Carduelis carduelis,/Users/justyna-przy/Projects/ISE/FYP/src/bird_data/raw/carduelis_carduelis/XC292577.mp3,43.0,46.0,-26.351886117579735,-35.701535828076615,species,Carduelis carduelis,European Goldfinch,0.9982080459594727,0.9982080459594727,species,0,,,
carduelis_carduelis,292577,Carduelis carduelis,/Users/justyna-przy/Projects/ISE/FYP/src/bird_data/raw/carduelis_carduelis/XC292577.mp3,46.0,49.0,-35.56309633640806,-35.701535828076615,drop,Spinus spinus,Eurasian Siskin,0.621941328048706,0.621941328048706,drop,0,,,
carduelis_carduelis,292577,Carduelis carduelis,/Users/justyna-przy/Projects/ISE/FYP/src/bird_data/raw/carduelis_carduelis/XC292577.mp3,49.0,52.0,-25.233250886763045,-35.701535828076615,species,Carduelis carduelis,European Goldfinch,0.9916715025901794,0.9916715025901794,species,0,,,
carduelis_carduelis,292577,Carduelis carduelis,/Users/justyna-przy/Projects/ISE/FYP/src/bird_data/raw/carduelis_carduelis/XC292577.mp3,55.0,58.0,-29.016867846252712,-35.701535828076615,species,Carduelis carduelis,European Goldfinch,0.9997642636299133,0.9997642636299133,species,0,,,
carduelis_carduelis,281773,Carduelis carduelis,/Users/justyna-przy/Projects/ISE/FYP/src/bird_data/raw/carduelis_carduelis/XC281773.mp3,13.0,16.0,-38.784016775102685,-40.0,species,Carduelis carduelis,European Goldfinch,0.9857660531997681,0.9857660531997681,species,1,rand_species,/Users/justyna-przy/Projects/ISE/FYP/src/bird_data/clips/species/carduelis_carduelis/XC281773__s13000__e16000.wav,
carduelis_carduelis,281773,Carduelis carduelis,/Users/justyna-przy/Projects/ISE/FYP/src/bird_data/raw/carduelis_carduelis/XC281773.mp3,28.0,31.0,-39.34804708763512,-40.0,species,Carduelis carduelis,European Goldfinch,0.9887564778327942,0.9887564778327942,species,1,rand_species,/Users/justyna-przy/Projects/ISE/FYP/src/bird_data/clips/species/carduelis_carduelis/XC281773__s28000__e31000.wav,
carduelis_carduelis,281772,Carduelis carduelis,/Users/justyna-przy/Projects/ISE/FYP/src/bird_data/raw/carduelis_carduelis/XC281772.mp3,4.0,7.0,-33.4618776136912,-38.42297665192749,species,Carduelis carduelis,European Goldfinch,0.989719808101654,0.989719808101654,species,1,rand_species,/Users/justyna-przy/Projects/ISE/FYP/src/bird_data/clips/species/carduelis_carduelis/XC281772__s4000__e7000.wav,
carduelis_carduelis,281772,Carduelis carduelis,/Users/justyna-przy/Projects/ISE/FYP/src/bird_data/raw/carduelis_carduelis/XC281772.mp3,10.0,13.0,-31.524358747181633,-38.42297665192749,species,Carduelis carduelis,European Goldfinch,0.9971802234649658,0.9971802234649658,species,0,,,
carduelis_carduelis,281772,Carduelis carduelis,/Users/justyna-przy/Projects/ISE/FYP/src/bird_data/raw/carduelis_carduelis/XC281772.mp3,13.0,16.0,-31.619233687661946,-38.42297665192749,species,Carduelis carduelis,European Goldfinch,0.992647647857666,0.992647647857666,species,0,,,
carduelis_carduelis,281772,Carduelis carduelis,/Users/justyna-przy/Projects/ISE/FYP/src/bird_data/raw/carduelis_carduelis/XC281772.mp3,16.0,19.0,-35.602861028622165,-38.42297665192749,species,Carduelis carduelis,European Goldfinch,0.962611198425293,0.962611198425293,species,1,rand_species,/Users/justyna-przy/Projects/ISE/FYP/src/bird_data/clips/species/carduelis_carduelis/XC281772__s16000__e19000.wav,
carduelis_carduelis,281772,Carduelis carduelis,/Users/justyna-przy/Projects/ISE/FYP/src/bird_data/raw/carduelis_carduelis/XC281772.mp3,19.0,22.0,-31.13081961817569,-38.42297665192749,species,Carduelis carduelis,European Goldfinch,0.9969812035560608,0.9969812035560608,species,1,rand_species,/Users/justyna-przy/Projects/ISE/FYP/src/bird_data/clips/species/carduelis_carduelis/XC281772__s19000__e22000.wav,
carduelis_carduelis,281769,Carduelis carduelis,/Users/justyna-przy/Projects/ISE/FYP/src/bird_data/raw/carduelis_carduelis/XC281769.mp3,4.0,7.0,-28.055576658072624,-28.848669147645953,species,Carduelis carduelis,European Goldfinch,0.9994614720344543,0.9994614720344543,species,1,rand_species,/Users/justyna-przy/Projects/ISE/FYP/src/bird_data/clips/species/carduelis_carduelis/XC281769__s4000__e7000.wav,
carduelis_carduelis,281769,Carduelis carduelis,/Users/justyna-przy/Projects/ISE/FYP/src/bird_data/raw/carduelis_carduelis/XC281769.mp3,7.0,10.0,-26.438220021630624,-28.848669147645953,species,Carduelis carduelis,European Goldfinch,0.9992440938949585,0.9992440938949585,species,0,,,
carduelis_carduelis,281769,Carduelis carduelis,/Users/justyna-przy/Projects/ISE/FYP/src/bird_data/raw/carduelis_carduelis/XC281769.mp3,13.0,16.0,-25.129050257749427,-28.848669147645953,species,Carduelis carduelis,European Goldfinch,0.9732781052589417,0.9732781052589417,species,1,rand_species,/Users/justyna-przy/Projects/ISE/FYP/src/bird_data/clips/species/carduelis_carduelis/XC281769__s13000__e16000.wav,
carduelis_carduelis,281769,Carduelis carduelis,/Users/justyna-przy/Projects/ISE/FYP/src/bird_data/raw/carduelis_carduelis/XC281769.mp3,16.0,19.0,-26.583318679884464,-28.848669147645953,species,Carduelis carduelis,European Goldfinch,0.9942792654037476,0.9942792654037476,species,1,rand_species,/Users/justyna-przy/Projects/ISE/FYP/src/bird_data/clips/species/carduelis_carduelis/XC281769__s16000__e19000.wav,
carduelis_carduelis,152637,Carduelis carduelis,/Users/justyna-przy/Projects/ISE/FYP/src/bird_data/raw/carduelis_carduelis/XC152637.mp3,1.0,4.0,-29.554932656172905,-31.476011318472167,drop,Riparia riparia,Bank Swallow,0.14298582077026367,0.14298582077026367,drop,0,,,
carduelis_carduelis,152637,Carduelis carduelis,/Users/justyna-przy/Projects/ISE/FYP/src/bird_data/raw/carduelis_carduelis/XC152637.mp3,4.0,7.0,-24.47608294267927,-31.476011318472167,drop,Phoenicurus ochruros,Black Redstart,0.2928244173526764,0.2928244173526764,drop,0,,,
carduelis_carduelis,152637,Carduelis carduelis,/Users/justyna-przy/Projects/ISE/FYP/src/bird_data/raw/carduelis_carduelis/XC152637.mp3,7.0,10.0,-27.22708033019444,-31.476011318472167,species,Carduelis carduelis,European Goldfinch,0.7745286226272583,0.7745286226272583,species,0,,,
carduelis_carduelis,152637,Carduelis carduelis,/Users/justyna-przy/Projects/ISE/FYP/src/bird_data/raw/carduelis_carduelis/XC152637.mp3,10.0,13.0,-26.058307398792415,-31.476011318472167,species,Carduelis carduelis,European Goldfinch,0.9919098019599915,0.9919098019599915,species,1,rand_species,/Users/justyna-przy/Projects/ISE/FYP/src/bird_data/clips/species/carduelis_carduelis/XC152637__s10000__e13000.wav,
carduelis_carduelis,152637,Carduelis carduelis,/Users/justyna-przy/Projects/ISE/FYP/src/bird_data/raw/carduelis_carduelis/XC152637.mp3,13.0,16.0,-29.733397996217896,-31.476011318472167,drop,Saxicola rubicola,European Stonechat,0.19861096143722534,0.19861096143722534,drop,0,,,
carduelis_carduelis,152637,Carduelis carduelis,/Users/justyna-przy/Projects/ISE/FYP/src/bird_data/raw/carduelis_carduelis/XC152637.mp3,16.0,19.0,-30.37276149096511,-31.476011318472167,species,Carduelis carduelis,European Goldfinch,0.9955902099609375,0.9955902099609375,species,1,rand_species,/Users/justyna-przy/Projects/ISE/FYP/src/bird_data/clips/species/carduelis_carduelis/XC152637__s16000__e19000.wav,
carduelis_carduelis,152637,Carduelis carduelis,/Users/justyna-przy/Projects/ISE/FYP/src/bird_data/raw/carduelis_carduelis/XC152637.mp3,22.0,25.0,-29.007240643235473,-31.476011318472167,species,Carduelis carduelis,European Goldfinch,0.8180592656135559,0.8180592656135559,species,0,,,
carduelis_carduelis,152637,Carduelis carduelis,/Users/justyna-przy/Projects/ISE/FYP/src/bird_data/raw/carduelis_carduelis/XC152637.mp3,28.0,31.0,-28.410944538112094,-31.476011318472167,species,Carduelis carduelis,European Goldfinch,0.9310833215713501,0.9310833215713501,species,0,,,
carduelis_carduelis,152637,Carduelis carduelis,/Users/justyna-przy/Projects/ISE/FYP/src/bird_data/raw/carduelis_carduelis/XC152637.mp3,31.0,34.0,-27.55383048709708,-31.476011318472167,species,Carduelis carduelis,European Goldfinch,0.9943903088569641,0.9943903088569641,species,0,,,
carduelis_carduelis,152637,Carduelis carduelis,/Users/justyna-przy/Projects/ISE/FYP/src/bird_data/raw/carduelis_carduelis/XC152637.mp3,40.0,43.0,-31.473965466676415,-31.476011318472167,species,Carduelis carduelis,European Goldfinch,0.9688554406166077,0.9688554406166077,species,1,rand_species,/Users/justyna-przy/Projects/ISE/FYP/src/bird_data/clips/species/carduelis_carduelis/XC152637__s40000__e43000.wav,
carduelis_carduelis,152636,Carduelis carduelis,/Users/justyna-przy/Projects/ISE/FYP/src/bird_data/raw/carduelis_carduelis/XC152636.mp3,1.0,4.0,-40.92664638972846,-40.0,species,Carduelis carduelis,European Goldfinch,0.9770439267158508,0.9770439267158508,species,1,rand_species,/Users/justyna-przy/Projects/ISE/FYP/src/bird_data/clips/species/carduelis_carduelis/XC152636__s1000__e4000.wav,
carduelis_carduelis,152632,Carduelis carduelis,/Users/justyna-przy/Projects/ISE/FYP/src/bird_data/raw/carduelis_carduelis/XC152632.mp3,1.0,4.0,-38.25704418900611,-38.62391534699219,species,Carduelis carduelis,European Goldfinch,0.44706347584724426,0.44706347584724426,species,1,rand_species,/Users/justyna-przy/Projects/ISE/FYP/src/bird_data/clips/species/carduelis_carduelis/XC152632__s1000__e4000.wav,
carduelis_carduelis,144943,Carduelis carduelis,/Users/justyna-przy/Projects/ISE/FYP/src/bird_data/raw/carduelis_carduelis/XC144943.mp3,1.0,4.0,-20.90402561657056,-24.61192894353902,species,Carduelis carduelis,European Goldfinch,0.997921884059906,0.997921884059906,species,1,rand_species,/Users/justyna-przy/Projects/ISE/FYP/src/bird_data/clips/species/carduelis_carduelis/XC144943__s1000__e4000.wav,
carduelis_carduelis,144943,Carduelis carduelis,/Users/justyna-przy/Projects/ISE/FYP/src/bird_data/raw/carduelis_carduelis/XC144943.mp3,7.0,10.0,-23.287896224257643,-24.61192894353902,species,Carduelis carduelis,European Goldfinch,0.9909148216247559,0.9909148216247559,species,1,rand_species,/Users/justyna-przy/Projects/ISE/FYP/src/bird_data/clips/species/carduelis_carduelis/XC144943__s7000__e10000.wav,
carduelis_carduelis,144943,Carduelis carduelis,/Users/justyna-przy/Projects/ISE/FYP/src/bird_data/raw/carduelis_carduelis/XC144943.mp3,13.0,16.0,-24.61192894353902,-24.61192894353902,species,Carduelis carduelis,European Goldfinch,0.9864695072174072,0.9864695072174072,species,1,rand_species,/Users/justyna-przy/Projects/ISE/FYP/src/bird_data/clips/species/carduelis_carduelis/XC144943__s13000__e16000.wav,
carduelis_carduelis,144943,Carduelis carduelis,/Users/justyna-przy/Projects/ISE/FYP/src/bird_data/raw/carduelis_carduelis/XC144943.mp3,19.0,22.0,-23.133790887958074,-24.61192894353902,species,Carduelis carduelis,European Goldfinch,0.6607248783111572,0.6607248783111572,species,0,,,
carduelis_carduelis,144943,Carduelis carduelis,/Users/justyna-przy/Projects/ISE/FYP/src/bird_data/raw/carduelis_carduelis/XC144943.mp3,22.0,25.0,-21.231406798626303,-24.61192894353902,species,Carduelis carduelis,European Goldfinch,0.9979580640792847,0.9979580640792847,species,0,,,
carduelis_carduelis,144943,Carduelis carduelis,/Users/justyna-przy/Projects/ISE/FYP/src/bird_data/raw/carduelis_carduelis/XC144943.mp3,25.0,28.0,-21.002691818653755,-24.61192894353902,species,Carduelis carduelis,European Goldfinch,0.7328181266784668,0.7328181266784668,species,0,,,
carduelis_carduelis,144943,Carduelis carduelis,/Users/justyna-przy/Projects/ISE/FYP/src/bird_data/raw/carduelis_carduelis/XC144943.mp3,28.0,31.0,-17.497924974423803,-24.61192894353902,species,Carduelis carduelis,European Goldfinch,0.9985737800598145,0.9985737800598145,species,0,,,
carduelis_carduelis,144943,Carduelis carduelis,/Users/justyna-przy/Projects/ISE/FYP/src/bird_data/raw/carduelis_carduelis/XC144943.mp3,31.0,34.0,-19.94318646553422,-24.61192894353902,species,Carduelis carduelis,European Goldfinch,0.9747390151023865,0.9747390151023865,species,0,,,
carduelis_carduelis,127382,Carduelis carduelis,/Users/justyna-przy/Projects/ISE/FYP/src/bird_data/raw/carduelis_carduelis/XC127382.mp3,7.0,10.0,-39.27660252635718,-40.0,species,Carduelis carduelis,European Goldfinch,0.6515212059020996,0.6515212059020996,species,1,rand_species,/Users/justyna-przy/Projects/ISE/FYP/src/bird_data/clips/species/carduelis_carduelis/XC127382__s7000__e10000.wav,
carduelis_carduelis,127382,Carduelis carduelis,/Users/justyna-przy/Projects/ISE/FYP/src/bird_data/raw/carduelis_carduelis/XC127382.mp3,10.0,13.0,-24.65959346682812,-40.0,species,Carduelis carduelis,European Goldfinch,0.8709784746170044,0.8709784746170044,species,1,rand_species,/Users/justyna-przy/Projects/ISE/FYP/src/bird_data/clips/species/carduelis_carduelis/XC127382__s10000__e13000.wav,
carduelis_carduelis,112805,Carduelis carduelis,/Users/justyna-przy/Projects/ISE/FYP/src/bird_data/raw/carduelis_carduelis/XC112805.mp3,4.0,7.0,-30.557020108595424,-31.213504839808277,species,Carduelis carduelis,European Goldfinch,0.9886166453361511,0.9886166453361511,species,0,,,
carduelis_carduelis,112805,Carduelis carduelis,/Users/justyna-przy/Projects/ISE/FYP/src/bird_data/raw/carduelis_carduelis/XC112805.mp3,10.0,13.0,-30.444370326079838,-31.213504839808277,species,Carduelis carduelis,European Goldfinch,0.9910222291946411,0.9910222291946411,species,0,,,
carduelis_carduelis,112805,Carduelis carduelis,/Users/justyna-przy/Projects/ISE/FYP/src/bird_data/raw/carduelis_carduelis/XC112805.mp3,13.0,16.0,-27.73410444924849,-31.213504839808277,species,Carduelis carduelis,European Goldfinch,0.9621556401252747,0.9621556401252747,species,1,rand_species,/Users/justyna-przy/Projects/ISE/FYP/src/bird_data/clips/species/carduelis_carduelis/XC112805__s13000__e16000.wav,
carduelis_carduelis,112805,Carduelis carduelis,/Users/justyna-przy/Projects/ISE/FYP/src/bird_data/raw/carduelis_carduelis/XC112805.mp3,16.0,19.0,-25.509595650606162,-31.213504839808277,species,Carduelis carduelis,European Goldfinch,0.9791069030761719,0.9791069030761719,species,0,,,
carduelis_carduelis,112805,Carduelis carduelis,/Users/justyna-przy/Projects/ISE/FYP/src/bird_data/raw/carduelis_carduelis/XC112805.mp3,19.0,22.0,-25.836475478253014,-31.213504839808277,species,Carduelis carduelis,European Goldfinch,0.9264867901802063,0.9264867901802063,species,0,,,
carduelis_carduelis,112805,Carduelis carduelis,/Users/justyna-przy/Projects/ISE/FYP/src/bird_data/raw/carduelis_carduelis/XC112805.mp3,22.0,25.0,-25.753460733025033,-31.213504839808277,species,Carduelis carduelis,European Goldfinch,0.7422578930854797,0.7422578930854797,species,0,,,
carduelis_carduelis,112805,Carduelis carduelis,/Users/justyna-przy/Projects/ISE/FYP/src/bird_data/raw/carduelis_carduelis/XC112805.mp3,25.0,28.0,-29.025366035008986,-31.213504839808277,species,Carduelis carduelis,European Goldfinch,0.622711181640625,0.622711181640625,species,1,rand_species,/Users/justyna-przy/Projects/ISE/FYP/src/bird_data/clips/species/carduelis_carduelis/XC112805__s25000__e28000.wav,
carduelis_carduelis,112805,Carduelis carduelis,/Users/justyna-przy/Projects/ISE/FYP/src/bird_data/raw/carduelis_carduelis/XC112805.mp3,28.0,31.0,-27.187717466015545,-31.213504839808277,species,Carduelis carduelis,European Goldfinch,0.9714317917823792,0.9714317917823792,species,1,rand_species,/Users/justyna-przy/Projects/ISE/FYP/src/bird_data/clips/species/carduelis_carduelis/XC112805__s28000__e31000.wav,
carduelis_carduelis,112804,Carduelis carduelis,/Users/justyna-przy/Projects/ISE/FYP/src/bird_data/raw/carduelis_carduelis/XC112804.mp3,1.0,4.0,-27.768203640571492,-34.60538287355061,species,Carduelis carduelis,European Goldfinch,0.9730882048606873,0.9730882048606873,species,1,rand_species,/Users/justyna-przy/Projects/ISE/FYP/src/bird_data/clips/species/carduelis_carduelis/XC112804__s1000__e4000.wav,
carduelis_carduelis,112804,Carduelis carduelis,/Users/justyna-przy/Projects/ISE/FYP/src/bird_data/raw/carduelis_carduelis/XC112804.mp3,10.0,13.0,-30.93121917074334,-34.60538287355061,species,Carduelis carduelis,European Goldfinch,0.9689452648162842,0.9689452648162842,species,0,,,
carduelis_carduelis,112804,Carduelis carduelis,/Users/justyna-przy/Projects/ISE/FYP/src/bird_data/raw/carduelis_carduelis/XC112804.mp3,16.0,19.0,-34.12998567828127,-34.60538287355061,species,Carduelis carduelis,European Goldfinch,0.9847359657287598,0.9847359657287598,species,0,,,
carduelis_carduelis,112804,Carduelis carduelis,/Users/justyna-przy/Projects/ISE/FYP/src/bird_data/raw/carduelis_carduelis/XC112804.mp3,19.0,22.0,-33.34509374741362,-34.60538287355061,species,Carduelis carduelis,European Goldfinch,0.9462869763374329,0.9462869763374329,species,0,,,
carduelis_carduelis,112804,Carduelis carduelis,/Users/justyna-przy/Projects/ISE/FYP/src/bird_data/raw/carduelis_carduelis/XC112804.mp3,25.0,28.0,-32.064743118756326,-34.60538287355061,species,Carduelis carduelis,European Goldfinch,0.9941364526748657,0.9941364526748657,species,0,,,
carduelis_carduelis,112804,Carduelis carduelis,/Users/justyna-przy/Projects/ISE/FYP/src/bird_data/raw/carduelis_carduelis/XC112804.mp3,28.0,31.0,-26.388759055690223,-34.60538287355061,species,Carduelis carduelis,European Goldfinch,0.9979561567306519,0.9979561567306519,species,0,,,
carduelis_carduelis,112804,Carduelis carduelis,/Users/justyna-przy/Projects/ISE/FYP/src/bird_data/raw/carduelis_carduelis/XC112804.mp3,31.0,34.0,-27.859055799082967,-34.60538287355061,species,Carduelis carduelis,European Goldfinch,0.9908303022384644,0.9908303022384644,species,1,rand_species,/Users/justyna-przy/Projects/ISE/FYP/src/bird_data/clips/species/carduelis_carduelis/XC112804__s31000__e34000.wav,
carduelis_carduelis,112804,Carduelis carduelis,/Users/justyna-przy/Projects/ISE/FYP/src/bird_data/raw/carduelis_carduelis/XC112804.mp3,34.0,37.0,-26.591258488520527,-34.60538287355061,species,Carduelis carduelis,European Goldfinch,0.9947906732559204,0.9947906732559204,species,1,rand_species,/Users/justyna-przy/Projects/ISE/FYP/src/bird_data/clips/species/carduelis_carduelis/XC112804__s34000__e37000.wav,
carduelis_carduelis,112804,Carduelis carduelis,/Users/justyna-przy/Projects/ISE/FYP/src/bird_data/raw/carduelis_carduelis/XC112804.mp3,37.0,40.0,-33.53736834222525,-34.60538287355061,species,Carduelis carduelis,European Goldfinch,0.9579908847808838,0.9579908847808838,species,0,,,
carduelis_carduelis,77547,Carduelis carduelis,/Users/justyna-przy/Projects/ISE/FYP/src/bird_data/raw/carduelis_carduelis/XC77547.mp3,1.0,4.0,-31.207957646063793,-40.0,species,Carduelis carduelis,European Goldfinch,0.9939038157463074,0.9939038157463074,species,0,,,
carduelis_carduelis,77547,Carduelis carduelis,/Users/justyna-przy/Projects/ISE/FYP/src/bird_data/raw/carduelis_carduelis/XC77547.mp3,4.0,7.0,-29.911718923064356,-40.0,species,Carduelis carduelis,European Goldfinch,0.7131262421607971,0.7131262421607971,species,0,,,
carduelis_carduelis,77547,Carduelis carduelis,/Users/justyna-przy/Projects/ISE/FYP/src/bird_data/raw/carduelis_carduelis/XC77547.mp3,10.0,13.0,-20.912843754221562,-40.0,species,Carduelis carduelis,European Goldfinch,0.9902433753013611,0.9902433753013611,species,1,rand_species,/Users/justyna-przy/Projects/ISE/FYP/src/bird_data/clips/species/carduelis_carduelis/XC77547__s10000__e13000.wav,
carduelis_carduelis,77547,Carduelis carduelis,/Users/justyna-przy/Projects/ISE/FYP/src/bird_data/raw/carduelis_carduelis/XC77547.mp3,13.0,16.0,-25.906949976922494,-40.0,species,Carduelis carduelis,European Goldfinch,0.910473644733429,0.910473644733429,species,0,,,
carduelis_carduelis,77547,Carduelis carduelis,/Users/justyna-przy/Projects/ISE/FYP/src/bird_data/raw/carduelis_carduelis/XC77547.mp3,16.0,19.0,-23.977820812892432,-40.0,species,Carduelis carduelis,European Goldfinch,0.9944682121276855,0.9944682121276855,species,0,,,
carduelis_carduelis,77547,Carduelis carduelis,/Users/justyna-przy/Projects/ISE/FYP/src/bird_data/raw/carduelis_carduelis/XC77547.mp3,19.0,22.0,-20.262494418955615,-40.0,species,Carduelis carduelis,European Goldfinch,0.89505934715271,0.89505934715271,species,0,,,
carduelis_carduelis,77547,Carduelis carduelis,/Users/justyna-przy/Projects/ISE/FYP/src/bird_data/raw/carduelis_carduelis/XC77547.mp3,28.0,31.0,-28.228418779599302,-40.0,species,Carduelis carduelis,European Goldfinch,0.999313473701477,0.999313473701477,species,0,,,
carduelis_carduelis,77547,Carduelis carduelis,/Users/justyna-przy/Projects/ISE/FYP/src/bird_data/raw/carduelis_carduelis/XC77547.mp3,31.0,34.0,-30.42554584256088,-40.0,species,Carduelis carduelis,European Goldfinch,0.9990262985229492,0.9990262985229492,species,1,rand_species,/Users/justyna-przy/Projects/ISE/FYP/src/bird_data/clips/species/carduelis_carduelis/XC77547__s31000__e34000.wav,
carduelis_carduelis,77547,Carduelis carduelis,/Users/justyna-przy/Projects/ISE/FYP/src/bird_data/raw/carduelis_carduelis/XC77547.mp3,34.0,37.0,-33.248176950007476,-40.0,species,Carduelis carduelis,European Goldfinch,0.9983201622962952,0.9983201622962952,species,0,,,
carduelis_carduelis,77547,Carduelis carduelis,/Users/justyna-przy/Projects/ISE/FYP/src/bird_data/raw/carduelis_carduelis/XC77547.mp3,37.0,40.0,-29.43005463347317,-40.0,species,Carduelis carduelis,European Goldfinch,0.9983590245246887,0.9983590245246887,species,0,,,
carduelis_carduelis,77547,Carduelis carduelis,/Users/justyna-przy/Projects/ISE/FYP/src/bird_data/raw/carduelis_carduelis/XC77547.mp3,40.0,43.0,-35.98493723504629,-40.0,species,Carduelis carduelis,European Goldfinch,0.9949653744697571,0.9949653744697571,species,0,,,
carduelis_carduelis,77547,Carduelis carduelis,/Users/justyna-przy/Projects/ISE/FYP/src/bird_data/raw/carduelis_carduelis/XC77547.mp3,43.0,46.0,-38.62594989841605,-40.0,species,Carduelis carduelis,European Goldfinch,0.3128441274166107,0.3128441274166107,species,1,rand_species,/Users/justyna-przy/Projects/ISE/FYP/src/bird_data/clips/species/carduelis_carduelis/XC77547__s43000__e46000.wav,
carduelis_carduelis,34678,Carduelis carduelis,/Users/justyna-przy/Projects/ISE/FYP/src/bird_data/raw/carduelis_carduelis/XC34678.mp3,1.0,4.0,-20.69443152371615,-26.423604624648362,species,Carduelis carduelis,European Goldfinch,0.9503600597381592,0.9503600597381592,species,1,rand_species,/Users/justyna-przy/Projects/ISE/FYP/src/bird_data/clips/species/carduelis_carduelis/XC34678__s1000__e4000.wav,
carduelis_carduelis,34678,Carduelis carduelis,/Users/justyna-przy/Projects/ISE/FYP/src/bird_data/raw/carduelis_carduelis/XC34678.mp3,7.0,10.0,-20.618080079125185,-26.423604624648362,species,Carduelis carduelis,European Goldfinch,0.9995957016944885,0.9995957016944885,species,0,,,
carduelis_carduelis,34678,Carduelis carduelis,/Users/justyna-przy/Projects/ISE/FYP/src/bird_data/raw/carduelis_carduelis/XC34678.mp3,10.0,13.0,-24.673409074634,-26.423604624648362,species,Carduelis carduelis,European Goldfinch,0.9835410714149475,0.9835410714149475,species,1,rand_species,/Users/justyna-przy/Projects/ISE/FYP/src/bird_data/clips/species/carduelis_carduelis/XC34678__s10000__e13000.wav,
carduelis_carduelis,34678,Carduelis carduelis,/Users/justyna-przy/Projects/ISE/FYP/src/bird_data/raw/carduelis_carduelis/XC34678.mp3,13.0,16.0,-25.51810321059723,-26.423604624648362,species,Carduelis carduelis,European Goldfinch,0.9608052372932434,0.9608052372932434,species,0,,,
carduelis_carduelis,34678,Carduelis carduelis,/Users/justyna-przy/Projects/ISE/FYP/src/bird_data/raw/carduelis_carduelis/XC34678.mp3,16.0,19.0,-23.581899432510536,-26.423604624648362,species,Carduelis carduelis,European Goldfinch,0.9967591166496277,0.9967591166496277,species,0,,,
carduelis_carduelis,34678,Carduelis carduelis,/Users/justyna-przy/Projects/ISE/FYP/src/bird_data/raw/carduelis_carduelis/XC34678.mp3,19.0,22.0,-24.12357656676332,-26.423604624648362,species,Carduelis carduelis,European Goldfinch,0.9660027027130127,0.9660027027130127,species,1,rand_species,/Users/justyna-przy/Projects/ISE/FYP/src/bird_data/clips/species/carduelis_carduelis/XC34678__s19000__e22000.wav,
carduelis_carduelis,34678,Carduelis carduelis,/Users/justyna-przy/Projects/ISE/FYP/src/bird_data/raw/carduelis_carduelis/XC34678.mp3,25.0,28.0,-23.74904405652366,-26.423604624648362,species,Carduelis carduelis,European Goldfinch,0.9978733062744141,0.9978733062744141,species,0,,,
carduelis_carduelis,27689,Carduelis carduelis,/Users/justyna-przy/Projects/ISE/FYP/src/bird_data/raw/carduelis_carduelis/XC27689.mp3,1.0,4.0,-25.119037186353374,-25.119037186353374,species,Carduelis carduelis,European Goldfinch,0.9726081490516663,0.9726081490516663,species,1,rand_species,/Users/justyna-przy/Projects/ISE/FYP/src/bird_data/clips/species/carduelis_carduelis/XC27689__s1000__e4000.wav,
carduelis_carduelis,1089443,Carduelis carduelis,/Users/justyna-przy/Projects/ISE/FYP/src/bird_data/raw/carduelis_carduelis/XC1089443.mp3,7.0,10.0,-45.71029148999597,-40.0,drop,Spinus psaltria,Lesser Goldfinch,0.2585189938545227,0.2585189938545227,drop,0,,,
carduelis_carduelis,1089441,Carduelis carduelis,/Users/justyna-przy/Projects/ISE/FYP/src/bird_data/raw/carduelis_carduelis/XC1089441.mp3,4.0,7.0,-46.993778680432605,-40.0,species,Carduelis carduelis,European Goldfinch,0.9711329936981201,0.9711329936981201,species,1,rand_species,/Users/justyna-przy/Projects/ISE/FYP/src/bird_data/clips/species/carduelis_carduelis/XC1089441__s4000__e7000.wav,
carduelis_carduelis,1089395,Carduelis carduelis,/Users/justyna-przy/Projects/ISE/FYP/src/bird_data/raw/carduelis_carduelis/XC1089395.mp3,4.0,7.0,-31.879732405499087,-33.429743980205515,species,Carduelis carduelis,European Goldfinch,0.955710768699646,0.955710768699646,species,1,rand_species,/Users/justyna-przy/Projects/ISE/FYP/src/bird_data/clips/species/carduelis_carduelis/XC1089395__s4000__e7000.wav,
carduelis_carduelis,1086820,Carduelis carduelis,/Users/justyna-przy/Projects/ISE/FYP/src/bird_data/raw/carduelis_carduelis/XC1086820.mp3,1.0,4.0,-24.824657413857825,-26.710210240636158,species,Carduelis carduelis,European Goldfinch,0.4728132486343384,0.4728132486343384,species,1,rand_species,/Users/justyna-przy/Projects/ISE/FYP/src/bird_data/clips/species/carduelis_carduelis/XC1086820__s1000__e4000.wav,
carduelis_carduelis,1086820,Carduelis carduelis,/Users/justyna-przy/Projects/ISE/FYP/src/bird_data/raw/carduelis_carduelis/XC1086820.mp3,4.0,7.0,-25.736970609073108,-26.710210240636158,species,Carduelis carduelis,European Goldfinch,0.8602449297904968,0.8602449297904968,species,1,rand_species,/Users/justyna-przy/Projects/ISE/FYP/src/bird_data/clips/species/carduelis_carduelis/XC1086820__s4000__e7000.wav,
carduelis_carduelis,1086820,Carduelis carduelis,/Users/justyna-przy/Projects/ISE/FYP/src/bird_data/raw/carduelis_carduelis/XC1086820.mp3,7.0,10.0,-23.497156798447616,-26.710210240636158,species,Carduelis carduelis,European Goldfinch,0.9981077909469604,0.9981077909469604,species,0,,,
carduelis_carduelis,1086820,Carduelis carduelis,/Users/justyna-przy/Projects/ISE/FYP/src/bird_data/raw/carduelis_carduelis/XC1086820.mp3,10.0,13.0,-26.441066958749822,-26.710210240636158,species,Carduelis carduelis,European Goldfinch,0.7437500357627869,0.7437500357627869,species,1,rand_species,/Users/justyna-przy/Projects/ISE/FYP/src/bird_data/clips/species/carduelis_carduelis/XC1086820__s10000__e13000.wav,
carduelis_carduelis,1083347,Carduelis carduelis,/Users/justyna-przy/Projects/ISE/FYP/src/bird_data/raw/carduelis_carduelis/XC1083347.mp3,1.0,4.0,-33.17033918135311,-33.17033918135311,species,Carduelis carduelis,European Goldfinch,0.8191239237785339,0.8191239237785339,species,1,rand_species,/Users/justyna-przy/Projects/ISE/FYP/src/bird_data/clips/species/carduelis_carduelis/XC1083347__s1000__e4000.wav,
carduelis_carduelis,1083346,Carduelis carduelis,/Users/justyna-przy/Projects/ISE/FYP/src/bird_data/raw/carduelis_carduelis/XC1083346.mp3,1.0,4.0,-32.35661252679605,-32.4194047881129,species,Carduelis carduelis,European Goldfinch,0.9918702840805054,0.9918702840805054,species,1,rand_species,/Users/justyna-przy/Projects/ISE/FYP/src/bird_data/clips/species/carduelis_carduelis/XC1083346__s1000__e4000.wav,
carduelis_carduelis,1083346,Carduelis carduelis,/Users/justyna-przy/Projects/ISE/FYP/src/bird_data/raw/carduelis_carduelis/XC1083346.mp3,4.0,7.0,-32.247428877054844,-32.4194047881129,species,Carduelis carduelis,European Goldfinch,0.9215580821037292,0.9215580821037292,species,1,rand_species,/Users/justyna-przy/Projects/ISE/FYP/src/bird_data/clips/species/carduelis_carduelis/XC1083346__s4000__e7000.wav,
carduelis_carduelis,1083346,Carduelis carduelis,/Users/justyna-przy/Projects/ISE/FYP/src/bird_data/raw/carduelis_carduelis/XC1083346.mp3,10.0,13.0,-31.904715054632597,-32.4194047881129,non_bird,,,0.0,0.0,non_bird,1,nonbird_lowconf,/Users/justyna-przy/Projects/ISE/FYP/src/bird_data/clips/non_bird/carduelis_carduelis/XC1083346__s10000__e13000.wav,
carduelis_carduelis,1082696,Carduelis carduelis,/Users/justyna-przy/Projects/ISE/FYP/src/bird_data/raw/carduelis_carduelis/XC1082696.mp3,4.0,7.0,-37.267097354945314,-37.267097354945314,species,Carduelis carduelis,European Goldfinch,0.9235644936561584,0.9235644936561584,species,0,,,
carduelis_carduelis,1082696,Carduelis carduelis,/Users/justyna-przy/Projects/ISE/FYP/src/bird_data/raw/carduelis_carduelis/XC1082696.mp3,13.0,16.0,-31.959666096728128,-37.267097354945314,species,Carduelis carduelis,European Goldfinch,0.9782565832138062,0.9782565832138062,species,0,,,
carduelis_carduelis,1082696,Carduelis carduelis,/Users/justyna-przy/Projects/ISE/FYP/src/bird_data/raw/carduelis_carduelis/XC1082696.mp3,16.0,19.0,-34.74199228695989,-37.267097354945314,species,Carduelis carduelis,European Goldfinch,0.965048611164093,0.965048611164093,species,1,rand_species,/Users/justyna-przy/Projects/ISE/FYP/src/bird_data/clips/species/carduelis_carduelis/XC1082696__s16000__e19000.wav,
carduelis_carduelis,1082696,Carduelis carduelis,/Users/justyna-przy/Projects/ISE/FYP/src/bird_data/raw/carduelis_carduelis/XC1082696.mp3,19.0,22.0,-32.64571603633622,-37.267097354945314,species,Carduelis carduelis,European Goldfinch,0.9970177412033081,0.9970177412033081,species,0,,,
carduelis_carduelis,1082696,Carduelis carduelis,/Users/justyna-przy/Projects/ISE/FYP/src/bird_data/raw/carduelis_carduelis/XC1082696.mp3,22.0,25.0,-27.307493475602385,-37.267097354945314,species,Carduelis carduelis,European Goldfinch,0.9638455510139465,0.9638455510139465,species,0,,,
carduelis_carduelis,1082696,Carduelis carduelis,/Users/justyna-przy/Projects/ISE/FYP/src/bird_data/raw/carduelis_carduelis/XC1082696.mp3,25.0,28.0,-27.402605752735113,-37.267097354945314,species,Carduelis carduelis,European Goldfinch,0.9964017868041992,0.9964017868041992,species,1,rand_species,/Users/justyna-przy/Projects/ISE/FYP/src/bird_data/clips/species/carduelis_carduelis/XC1082696__s25000__e28000.wav,
carduelis_carduelis,1082696,Carduelis carduelis,/Users/justyna-przy/Projects/ISE/FYP/src/bird_data/raw/carduelis_carduelis/XC1082696.mp3,28.0,31.0,-33.22297569677183,-37.267097354945314,species,Carduelis carduelis,European Goldfinch,0.6862444281578064,0.6862444281578064,species,1,rand_species,/Users/justyna-przy/Projects/ISE/FYP/src/bird_data/clips/species/carduelis_carduelis/XC1082696__s28000__e31000.wav,
carduelis_carduelis,1082696,Carduelis carduelis,/Users/justyna-przy/Projects/ISE/FYP/src/bird_data/raw/carduelis_carduelis/XC1082696.mp3,31.0,34.0,-30.02638564969888,-37.267097354945314,species,Carduelis carduelis,European Goldfinch,0.9390527606010437,0.9390527606010437,species,0,,,
carduelis_carduelis,1078548,Carduelis carduelis,/Users/justyna-przy/Projects/ISE/FYP/src/bird_data/raw/carduelis_carduelis/XC1078548.mp3,1.0,4.0,-25.136108657870054,-32.55938518446119,species,Carduelis carduelis,European Goldfinch,0.9884564876556396,0.9884564876556396,species,1,rand_species,/Users/justyna-przy/Projects/ISE/FYP/src/bird_data/clips/species/carduelis_carduelis/XC1078548__s1000__e4000.wav,
carduelis_carduelis,1078548,Carduelis carduelis,/Users/justyna-przy/Projects/ISE/FYP/src/bird_data/raw/carduelis_carduelis/XC1078548.mp3,4.0,7.0,-24.16774005492919,-32.55938518446119,species,Carduelis carduelis,European Goldfinch,0.9988126754760742,0.9988126754760742,species,1,rand_species,/Users/justyna-przy/Projects/ISE/FYP/src/bird_data/clips/species/carduelis_carduelis/XC1078548__s4000__e7000.wav,
carduelis_carduelis,1078548,Carduelis carduelis,/Users/justyna-przy/Projects/ISE/FYP/src/bird_data/raw/carduelis_carduelis/XC1078548.mp3,7.0,10.0,-32.00967541023905,-32.55938518446119,species,Carduelis carduelis,European Goldfinch,0.6317636370658875,0.6317636370658875,species,0,,,
carduelis_carduelis,1078548,Carduelis carduelis,/Users/justyna-przy/Projects/ISE/FYP/src/bird_data/raw/carduelis_carduelis/XC1078548.mp3,19.0,22.0,-32.1942520635502,-32.55938518446119,drop,Prunella modularis,Dunnock,0.6784799695014954,0.6784799695014954,drop,0,,,
carduelis_carduelis,1078548,Carduelis carduelis,/Users/justyna-przy/Projects/ISE/FYP/src/bird_data/raw/carduelis_carduelis/XC1078548.mp3,22.0,25.0,-31.992624820582385,-32.55938518446119,species,Carduelis carduelis,European Goldfinch,0.994810938835144,0.994810938835144,species,1,rand_species,/Users/justyna-przy/Projects/ISE/FYP/src/bird_data/clips/species/carduelis_carduelis/XC1078548__s22000__e25000.wav,
carduelis_carduelis,1078547,Carduelis carduelis,/Users/justyna-przy/Projects/ISE/FYP/src/bird_data/raw/carduelis_carduelis/XC1078547.mp3,1.0,4.0,-16.99469810571186,-19.131811212931158,species,Carduelis carduelis,European Goldfinch,0.9986913800239563,0.9986913800239563,species,0,,,
carduelis_carduelis,1078547,Carduelis carduelis,/Users/justyna-przy/Projects/ISE/FYP/src/bird_data/raw/carduelis_carduelis/XC1078547.mp3,7.0,10.0,-18.701992968269654,-19.131811212931158,species,Carduelis carduelis,European Goldfinch,0.9923403263092041,0.9923403263092041,species,0,,,
carduelis_carduelis,1078547,Carduelis carduelis,/Users/justyna-przy/Projects/ISE/FYP/src/bird_data/raw/carduelis_carduelis/XC1078547.mp3,10.0,13.0,-19.127126317435035,-19.131811212931158,species,Carduelis carduelis,European Goldfinch,0.996315062046051,0.996315062046051,species,1,rand_species,/Users/justyna-przy/Projects/ISE/FYP/src/bird_data/clips/species/carduelis_carduelis/XC1078547__s10000__e13000.wav,
carduelis_carduelis,1078547,Carduelis carduelis,/Users/justyna-przy/Projects/ISE/FYP/src/bird_data/raw/carduelis_carduelis/XC1078547.mp3,16.0,19.0,-18.75516424916534,-19.131811212931158,species,Carduelis carduelis,European Goldfinch,0.9258392453193665,0.9258392453193665,species,1,rand_species,/Users/justyna-przy/Projects/ISE/FYP/src/bird_data/clips/species/carduelis_carduelis/XC1078547__s16000__e19000.wav,
carduelis_carduelis,1078547,Carduelis carduelis,/Users/justyna-przy/Projects/ISE/FYP/src/bird_data/raw/carduelis_carduelis/XC1078547.mp3,19.0,22.0,-16.504261790277255,-19.131811212931158,species,Carduelis carduelis,European Goldfinch,0.9952021837234497,0.9952021837234497,species,0,,,
carduelis_carduelis,1078547,Carduelis carduelis,/Users/justyna-przy/Projects/ISE/FYP/src/bird_data/raw/carduelis_carduelis/XC1078547.mp3,25.0,28.0,-16.82336654006775,-19.131811212931158,species,Carduelis carduelis,European Goldfinch,0.9970439076423645,0.9970439076423645,species,1,rand_species,/Users/justyna-przy/Projects/ISE/FYP/src/bird_data/clips/species/carduelis_carduelis/XC1078547__s25000__e28000.wav,
carduelis_carduelis,1078547,Carduelis carduelis,/Users/justyna-przy/Projects/ISE/FYP/src/bird_data/raw/carduelis_carduelis/XC1078547.mp3,28.0,31.0,-18.22633043294189,-19.131811212931158,non_bird,,,0.0,0.0,non_bird,1,nonbird_lowconf,/Users/justyna-przy/Projects/ISE/FYP/src/bird_data/clips/non_bird/carduelis_carduelis/XC1078547__s28000__e31000.wav,
carduelis_carduelis,1078545,Carduelis carduelis,/Users/justyna-przy/Projects/ISE/FYP/src/bird_data/raw/carduelis_carduelis/XC1078545.mp3,1.0,4.0,-34.03644079865225,-34.03644079865225,species,Carduelis carduelis,European Goldfinch,0.9285396337509155,0.9285396337509155,species,1,rand_species,/Users/justyna-przy/Projects/ISE/FYP/src/bird_data/clips/species/carduelis_carduelis/XC1078545__s1000__e4000.wav,
carduelis_carduelis,1076275,Carduelis carduelis,/Users/justyna-przy/Projects/ISE/FYP/src/bird_data/raw/carduelis_carduelis/XC1076275.mp3,1.0,4.0,-32.76671581051457,-40.0,species,Carduelis carduelis,European Goldfinch,0.7430383563041687,0.7430383563041687,species,1,rand_species,/Users/justyna-przy/Projects/ISE/FYP/src/bird_data/clips/species/carduelis_carduelis/XC1076275__s1000__e4000.wav,
carduelis_carduelis,1076275,Carduelis carduelis,/Users/justyna-przy/Projects/ISE/FYP/src/bird_data/raw/carduelis_carduelis/XC1076275.mp3,4.0,7.0,-26.152245980666798,-40.0,drop,Carduelis carduelis,European Goldfinch,0.17412742972373962,0.17412742972373962,drop,0,,,
carduelis_carduelis,1076275,Carduelis carduelis,/Users/justyna-przy/Projects/ISE/FYP/src/bird_data/raw/carduelis_carduelis/XC1076275.mp3,7.0,10.0,-27.687260633789737,-40.0,drop,Pastor roseus,Rosy Starling,0.2704806923866272,0.2704806923866272,drop,0,,,
carduelis_carduelis,1076275,Carduelis carduelis,/Users/justyna-przy/Projects/ISE/FYP/src/bird_data/raw/carduelis_carduelis/XC1076275.mp3,10.0,13.0,-31.690515883060403,-40.0,drop,Pastor roseus,Rosy Starling,0.5094021558761597,0.5094021558761597,drop,0,,,
carduelis_carduelis,1076275,Carduelis carduelis,/Users/justyna-przy/Projects/ISE/FYP/src/bird_data/raw/carduelis_carduelis/XC1076275.mp3,13.0,16.0,-27.213868764281127,-40.0,non_bird,,,0.0,0.0,non_bird,1,nonbird_lowconf,/Users/justyna-przy/Projects/ISE/FYP/src/bird_data/clips/non_bird/carduelis_carduelis/XC1076275__s13000__e16000.wav,
carduelis_carduelis,1076275,Carduelis carduelis,/Users/justyna-przy/Projects/ISE/FYP/src/bird_data/raw/carduelis_carduelis/XC1076275.mp3,16.0,19.0,-39.69013736425923,-40.0,species,Carduelis carduelis,European Goldfinch,0.7664673328399658,0.7664673328399658,species,1,rand_species,/Users/justyna-przy/Projects/ISE/FYP/src/bird_data/clips/species/carduelis_carduelis/XC1076275__s16000__e19000.wav,
carduelis_carduelis,1076275,Carduelis carduelis,/Users/justyna-przy/Projects/ISE/FYP/src/bird_data/raw/carduelis_carduelis/XC1076275.mp3,28.0,31.0,-37.37691364869604,-40.0,drop,Pastor roseus,Rosy Starling,0.12320499122142792,0.12320499122142792,drop,0,,,
carduelis_carduelis,1076275,Carduelis carduelis,/Users/justyna-przy/Projects/ISE/FYP/src/bird_data/raw/carduelis_carduelis/XC1076275.mp3,31.0,34.0,-24.522600036193396,-40.0,non_bird,,,0.0,0.0,non_bird,1,nonbird_lowconf,/Users/justyna-przy/Projects/ISE/FYP/src/bird_data/clips/non_bird/carduelis_carduelis/XC1076275__s31000__e34000.wav,
carduelis_carduelis,1056165,Carduelis carduelis,/Users/justyna-przy/Projects/ISE/FYP/src/bird_data/raw/carduelis_carduelis/XC1056165.mp3,1.0,4.0,-14.886937376765282,-20.450951465140726,species,Carduelis carduelis,European Goldfinch,0.9710581302642822,0.9710581302642822,species,1,rand_species,/Users/justyna-przy/Projects/ISE/FYP/src/bird_data/clips/species/carduelis_carduelis/XC1056165__s1000__e4000.wav,
carduelis_carduelis,1056165,Carduelis carduelis,/Users/justyna-przy/Projects/ISE/FYP/src/bird_data/raw/carduelis_carduelis/XC1056165.mp3,4.0,7.0,-15.505327492777951,-20.450951465140726,species,Carduelis carduelis,European Goldfinch,0.9477283358573914,0.9477283358573914,species,0,,,
carduelis_carduelis,1056165,Carduelis carduelis,/Users/justyna-przy/Projects/ISE/FYP/src/bird_data/raw/carduelis_carduelis/XC1056165.mp3,19.0,22.0,-14.88756242879151,-20.450951465140726,species,Carduelis carduelis,European Goldfinch,0.980148434638977,0.980148434638977,species,0,,,
carduelis_carduelis,1056165,Carduelis carduelis,/Users/justyna-przy/Projects/ISE/FYP/src/bird_data/raw/carduelis_carduelis/XC1056165.mp3,22.0,25.0,-15.58578812030863,-20.450951465140726,species,Carduelis carduelis,European Goldfinch,0.9822921752929688,0.9822921752929688,species,0,,,
carduelis_carduelis,1056165,Carduelis carduelis,/Users/justyna-przy/Projects/ISE/FYP/src/bird_data/raw/carduelis_carduelis/XC1056165.mp3,25.0,28.0,-16.450641829798663,-20.450951465140726,species,Carduelis carduelis,European Goldfinch,0.9002711772918701,0.9002711772918701,species,1,rand_species,/Users/justyna-przy/Projects/ISE/FYP/src/bird_data/clips/species/carduelis_carduelis/XC1056165__s25000__e28000.wav,
carduelis_carduelis,1056165,Carduelis carduelis,/Users/justyna-przy/Projects/ISE/FYP/src/bird_data/raw/carduelis_carduelis/XC1056165.mp3,28.0,31.0,-14.471379784242803,-20.450951465140726,drop,Phoenicurus ochruros,Black Redstart,0.6967653632164001,0.6967653632164001,drop,0,,,
carduelis_carduelis,1056165,Carduelis carduelis,/Users/justyna-przy/Projects/ISE/FYP/src/bird_data/raw/carduelis_carduelis/XC1056165.mp3,31.0,34.0,-19.517735485838195,-20.450951465140726,species,Carduelis carduelis,European Goldfinch,0.5420626401901245,0.5420626401901245,species,1,rand_species,/Users/justyna-przy/Projects/ISE/FYP/src/bird_data/clips/species/carduelis_carduelis/XC1056165__s31000__e34000.wav,
carduelis_carduelis,1056165,Carduelis carduelis,/Users/justyna-przy/Projects/ISE/FYP/src/bird_data/raw/carduelis_carduelis/XC1056165.mp3,34.0,37.0,-19.787132889651563,-20.450951465140726,drop,Ficedula hypoleuca,European Pied Flycatcher,0.10516459494829178,0.10516459494829178,drop,0,,,
carduelis_carduelis,1056165,Carduelis carduelis,/Users/justyna-przy/Projects/ISE/FYP/src/bird_data/raw/carduelis_carduelis/XC1056165.mp3,37.0,40.0,-20.22414171520278,-20.450951465140726,drop,Parus major,Great Tit,0.12243969738483429,0.12243969738483429,drop,0,,,
carduelis_carduelis,1044261,Carduelis carduelis,/Users/justyna-przy/Projects/ISE/FYP/src/bird_data/raw/carduelis_carduelis/XC1044261.mp3,7.0,10.0,-35.34984211961912,-35.91589130597931,drop,Columba livia,Rock Pigeon,0.17954260110855103,0.17954260110855103,drop,0,,,
carduelis_carduelis,1044261,Carduelis carduelis,/Users/justyna-przy/Projects/ISE/FYP/src/bird_data/raw/carduelis_carduelis/XC1044261.mp3,10.0,13.0,-35.19189310759971,-35.91589130597931,non_bird,,,0.0,0.0,non_bird,1,nonbird_lowconf,/Users/justyna-przy/Projects/ISE/FYP/src/bird_data/clips/non_bird/carduelis_carduelis/XC1044261__s10000__e13000.wav,
carduelis_carduelis,1044261,Carduelis carduelis,/Users/justyna-przy/Projects/ISE/FYP/src/bird_data/raw/carduelis_carduelis/XC1044261.mp3,13.0,16.0,-34.90221783125418,-35.91589130597931,non_bird,,,0.0,0.0,non_bird,1,nonbird_lowconf,/Users/justyna-przy/Projects/ISE/FYP/src/bird_data/clips/non_bird/carduelis_carduelis/XC1044261__s13000__e16000.wav,
carduelis_carduelis,1044261,Carduelis carduelis,/Users/justyna-przy/Projects/ISE/FYP/src/bird_data/raw/carduelis_carduelis/XC1044261.mp3,16.0,19.0,-27.126017060905735,-35.91589130597931,drop,Dendrocopos leucotos,White-backed Woodpecker,0.14294202625751495,0.14294202625751495,drop,0,,,
carduelis_carduelis,1044261,Carduelis carduelis,/Users/justyna-przy/Projects/ISE/FYP/src/bird_data/raw/carduelis_carduelis/XC1044261.mp3,19.0,22.0,-35.1639656173313,-35.91589130597931,non_bird,,,0.0,0.0,non_bird,0,,,
carduelis_carduelis,1041702,Carduelis carduelis,/Users/justyna-przy/Projects/ISE/FYP/src/bird_data/raw/carduelis_carduelis/XC1041702.mp3,1.0,4.0,-41.558040795225295,-40.0,species,Carduelis carduelis,European Goldfinch,0.944526731967926,0.944526731967926,species,1,rand_species,/Users/justyna-przy/Projects/ISE/FYP/src/bird_data/clips/species/carduelis_carduelis/XC1041702__s1000__e4000.wav,
carduelis_carduelis,1034264,Carduelis carduelis,/Users/justyna-przy/Projects/ISE/FYP/src/bird_data/raw/carduelis_carduelis/XC1034264.mp3,1.0,4.0,-54.95317747619046,-40.0,species,Carduelis carduelis,European Goldfinch,0.5932472944259644,0.5932472944259644,species,1,rand_species,/Users/justyna-przy/Projects/ISE/FYP/src/bird_data/clips/species/carduelis_carduelis/XC1034264__s1000__e4000.wav,
carduelis_carduelis,1017407,Carduelis carduelis,/Users/justyna-przy/Projects/ISE/FYP/src/bird_data/raw/carduelis_carduelis/XC1017407.mp3,10.0,13.0,-38.55306166214249,-38.586981530459674,species,Carduelis carduelis,European Goldfinch,0.9935907125473022,0.9935907125473022,species,1,rand_species,/Users/justyna-przy/Projects/ISE/FYP/src/bird_data/clips/species/carduelis_carduelis/XC1017407__s10000__e13000.wav,
carduelis_carduelis,1017407,Carduelis carduelis,/Users/justyna-przy/Projects/ISE/FYP/src/bird_data/raw/carduelis_carduelis/XC1017407.mp3,16.0,19.0,-37.69685687726107,-38.586981530459674,species,Carduelis carduelis,European Goldfinch,0.9991449117660522,0.9991449117660522,species,0,,,
carduelis_carduelis,1017407,Carduelis carduelis,/Users/justyna-przy/Projects/ISE/FYP/src/bird_data/raw/carduelis_carduelis/XC1017407.mp3,19.0,22.0,-32.73979142756029,-38.586981530459674,species,Carduelis carduelis,European Goldfinch,0.9995328187942505,0.9995328187942505,species,0,,,
carduelis_carduelis,1017407,Carduelis carduelis,/Users/justyna-przy/Projects/ISE/FYP/src/bird_data/raw/carduelis_carduelis/XC1017407.mp3,22.0,25.0,-34.2512911491641,-38.586981530459674,species,Carduelis carduelis,European Goldfinch,0.9996953010559082,0.9996953010559082,species,1,rand_species,/Users/justyna-przy/Projects/ISE/FYP/src/bird_data/clips/species/carduelis_carduelis/XC1017407__s22000__e25000.wav,
carduelis_carduelis,1017407,Carduelis carduelis,/Users/justyna-przy/Projects/ISE/FYP/src/bird_data/raw/carduelis_carduelis/XC1017407.mp3,25.0,28.0,-34.89708526131218,-38.586981530459674,species,Carduelis carduelis,European Goldfinch,0.9987848401069641,0.9987848401069641,species,1,rand_species,/Users/justyna-przy/Projects/ISE/FYP/src/bird_data/clips/species/carduelis_carduelis/XC1017407__s25000__e28000.wav,
carduelis_carduelis,1017407,Carduelis carduelis,/Users/justyna-przy/Projects/ISE/FYP/src/bird_data/raw/carduelis_carduelis/XC1017407.mp3,28.0,31.0,-35.26852794884075,-38.586981530459674,species,Carduelis carduelis,European Goldfinch,0.9970657229423523,0.9970657229423523,species,0,,,
carduelis_carduelis,1017407,Carduelis carduelis,/Users/justyna-przy/Projects/ISE/FYP/src/bird_data/raw/carduelis_carduelis/XC1017407.mp3,31.0,34.0,-36.04201328713694,-38.586981530459674,species,Carduelis carduelis,European Goldfinch,0.9991875290870667,0.9991875290870667,species,0,,,
carduelis_carduelis,1017407,Carduelis carduelis,/Users/justyna-przy/Projects/ISE/FYP/src/bird_data/raw/carduelis_carduelis/XC1017407.mp3,34.0,37.0,-33.67234415651626,-38.586981530459674,species,Carduelis carduelis,European Goldfinch,0.9998217225074768,0.9998217225074768,species,0,,,
carduelis_carduelis,1017407,Carduelis carduelis,/Users/justyna-przy/Projects/ISE/FYP/src/bird_data/raw/carduelis_carduelis/XC1017407.mp3,37.0,40.0,-31.43572043126761,-38.586981530459674,species,Carduelis carduelis,European Goldfinch,0.9998058676719666,0.9998058676719666,species,0,,,
carduelis_carduelis,1017407,Carduelis carduelis,/Users/justyna-przy/Projects/ISE/FYP/src/bird_data/raw/carduelis_carduelis/XC1017407.mp3,40.0,43.0,-36.171567348299874,-38.586981530459674,species,Carduelis carduelis,European Goldfinch,0.9994262456893921,0.9994262456893921,species,0,,,
carduelis_carduelis,1011150,Carduelis carduelis,/Users/justyna-przy/Projects/ISE/FYP/src/bird_data/raw/carduelis_carduelis/XC1011150.mp3,1.0,4.0,-21.83238749246116,-24.028085129624845,species,Carduelis carduelis,European Goldfinch,0.9747371077537537,0.9747371077537537,species,1,rand_species,/Users/justyna-przy/Projects/ISE/FYP/src/bird_data/clips/species/carduelis_carduelis/XC1011150__s1000__e4000.wav,
carduelis_carduelis,1011150,Carduelis carduelis,/Users/justyna-przy/Projects/ISE/FYP/src/bird_data/raw/carduelis_carduelis/XC1011150.mp3,4.0,7.0,-19.37732554337574,-24.028085129624845,species,Carduelis carduelis,European Goldfinch,0.46954426169395447,0.46954426169395447,species,1,rand_species,/Users/justyna-przy/Projects/ISE/FYP/src/bird_data/clips/species/carduelis_carduelis/XC1011150__s4000__e7000.wav,
carduelis_carduelis,1011143,Carduelis carduelis,/Users/justyna-przy/Projects/ISE/FYP/src/bird_data/raw/carduelis_carduelis/XC1011143.mp3,7.0,10.0,-39.252690043363515,-39.69702985070063,species,Carduelis carduelis,European Goldfinch,0.8818615078926086,0.8818615078926086,species,1,rand_species,/Users/justyna-przy/Projects/ISE/FYP/src/bird_data/clips/species/carduelis_carduelis/XC1011143__s7000__e10000.wav,
carduelis_carduelis,1011143,Carduelis carduelis,/Users/justyna-przy/Projects/ISE/FYP/src/bird_data/raw/carduelis_carduelis/XC1011143.mp3,10.0,13.0,-36.5774541619114,-39.69702985070063,species,Carduelis carduelis,European Goldfinch,0.8054513335227966,0.8054513335227966,species,1,rand_species,/Users/justyna-przy/Projects/ISE/FYP/src/bird_data/clips/species/carduelis_carduelis/XC1011143__s10000__e13000.wav,
carduelis_carduelis,1011143,Carduelis carduelis,/Users/justyna-przy/Projects/ISE/FYP/src/bird_data/raw/carduelis_carduelis/XC1011143.mp3,13.0,16.0,-39.60205830895097,-39.69702985070063,species,Carduelis carduelis,European Goldfinch,0.8628059029579163,0.8628059029579163,species,0,,,
carduelis_carduelis,1011143,Carduelis carduelis,/Users/justyna-przy/Projects/ISE/FYP/src/bird_data/raw/carduelis_carduelis/XC1011143.mp3,16.0,19.0,-34.155342338244964,-39.69702985070063,species,Carduelis carduelis,European Goldfinch,0.7542847394943237,0.7542847394943237,species,1,rand_species,/Users/justyna-przy/Projects/ISE/FYP/src/bird_data/clips/species/carduelis_carduelis/XC1011143__s16000__e19000.wav,
carduelis_carduelis,1011143,Carduelis carduelis,/Users/justyna-przy/Projects/ISE/FYP/src/bird_data/raw/carduelis_carduelis/XC1011143.mp3,19.0,22.0,-34.17118719360337,-39.69702985070063,species,Carduelis carduelis,European Goldfinch,0.876787006855011,0.876787006855011,species,0,,,
carduelis_carduelis,998466,Carduelis carduelis,/Users/justyna-przy/Projects/ISE/FYP/src/bird_data/raw/carduelis_carduelis/XC998466.mp3,1.0,4.0,-13.84884520967007,-13.885327799079912,species,Carduelis carduelis,European Goldfinch,0.5889954566955566,0.5889954566955566,species,1,rand_species,/Users/justyna-przy/Projects/ISE/FYP/src/bird_data/clips/species/carduelis_carduelis/XC998466__s1000__e4000.wav,
carduelis_carduelis,998466,Carduelis carduelis,/Users/justyna-przy/Projects/ISE/FYP/src/bird_data/raw/carduelis_carduelis/XC998466.mp3,13.0,16.0,-13.678766784763425,-13.885327799079912,species,Carduelis carduelis,European Goldfinch,0.9643232226371765,0.9643232226371765,species,1,rand_species,/Users/justyna-przy/Projects/ISE/FYP/src/bird_data/clips/species/carduelis_carduelis/XC998466__s13000__e16000.wav,
carduelis_carduelis,998466,Carduelis carduelis,/Users/justyna-przy/Projects/ISE/FYP/src/bird_data/raw/carduelis_carduelis/XC998466.mp3,16.0,19.0,-13.494977850265235,-13.885327799079912,drop,Troglodytes troglodytes,Eurasian Wren,0.6998308897018433,0.6998308897018433,drop,0,,,
carduelis_carduelis,998466,Carduelis carduelis,/Users/justyna-przy/Projects/ISE/FYP/src/bird_data/raw/carduelis_carduelis/XC998466.mp3,19.0,22.0,-13.55585228001279,-13.885327799079912,species,Carduelis carduelis,European Goldfinch,0.6829505562782288,0.6829505562782288,species,0,,,
carduelis_carduelis,998466,Carduelis carduelis,/Users/justyna-przy/Projects/ISE/FYP/src/bird_data/raw/carduelis_carduelis/XC998466.mp3,22.0,25.0,-13.14734979553693,-13.885327799079912,species,Carduelis carduelis,European Goldfinch,0.8424279689788818,0.8424279689788818,species,1,rand_species,/Users/justyna-przy/Projects/ISE/FYP/src/bird_data/clips/species/carduelis_carduelis/XC998466__s22000__e25000.wav,
carduelis_carduelis,998466,Carduelis carduelis,/Users/justyna-przy/Projects/ISE/FYP/src/bird_data/raw/carduelis_carduelis/XC998466.mp3,25.0,28.0,-13.237436332072193,-13.885327799079912,drop,Phylloscopus yunnanensis,Chinese Leaf Warbler,0.12393872439861298,0.12393872439861298,drop,0,,,
carduelis_carduelis,998466,Carduelis carduelis,/Users/justyna-przy/Projects/ISE/FYP/src/bird_data/raw/carduelis_carduelis/XC998466.mp3,28.0,31.0,-13.028103354506385,-13.885327799079912,drop,Troglodytes troglodytes,Eurasian Wren,0.7026380896568298,0.7026380896568298,drop,0,,,
carduelis_carduelis,990202,Carduelis carduelis,/Users/justyna-przy/Projects/ISE/FYP/src/bird_data/raw/carduelis_carduelis/XC990202.mp3,1.0,4.0,-29.397374827665995,-35.61119064173459,species,Carduelis carduelis,European Goldfinch,0.9778948426246643,0.9778948426246643,species,0,,,
carduelis_carduelis,990202,Carduelis carduelis,/Users/justyna-przy/Projects/ISE/FYP/src/bird_data/raw/carduelis_carduelis/XC990202.mp3,4.0,7.0,-35.31666963860649,-35.61119064173459,species,Carduelis carduelis,European Goldfinch,0.9938158988952637,0.9938158988952637,species,0,,,
carduelis_carduelis,990202,Carduelis carduelis,/Users/justyna-przy/Projects/ISE/FYP/src/bird_data/raw/carduelis_carduelis/XC990202.mp3,7.0,10.0,-31.116055275264614,-35.61119064173459,species,Carduelis carduelis,European Goldfinch,0.6665485501289368,0.6665485501289368,species,1,rand_species,/Users/justyna-przy/Projects/ISE/FYP/src/bird_data/clips/species/carduelis_carduelis/XC990202__s7000__e10000.wav,
carduelis_carduelis,990202,Carduelis carduelis,/Users/justyna-przy/Projects/ISE/FYP/src/bird_data/raw/carduelis_carduelis/XC990202.mp3,10.0,13.0,-33.60755342698623,-35.61119064173459,species,Carduelis carduelis,European Goldfinch,0.8978336453437805,0.8978336453437805,species,1,rand_species,/Users/justyna-przy/Projects/ISE/FYP/src/bird_data/clips/species/carduelis_carduelis/XC990202__s10000__e13000.wav,
carduelis_carduelis,990202,Carduelis carduelis,/Users/justyna-przy/Projects/ISE/FYP/src/bird_data/raw/carduelis_carduelis/XC990202.mp3,13.0,16.0,-33.88080733556102,-35.61119064173459,species,Carduelis carduelis,European Goldfinch,0.958810567855835,0.958810567855835,species,0,,,
carduelis_carduelis,990202,Carduelis carduelis,/Users/justyna-przy/Projects/ISE/FYP/src/bird_data/raw/carduelis_carduelis/XC990202.mp3,19.0,22.0,-31.37637982367965,-35.61119064173459,species,Carduelis carduelis,European Goldfinch,0.9412171244621277,0.9412171244621277,species,1,rand_species,/Users/justyna-przy/Projects/ISE/FYP/src/bird_data/clips/species/carduelis_carduelis/XC990202__s19000__e22000.wav,
carduelis_carduelis,990202,Carduelis carduelis,/Users/justyna-przy/Projects/ISE/FYP/src/bird_data/raw/carduelis_carduelis/XC990202.mp3,25.0,28.0,-33.24148096847158,-35.61119064173459,species,Carduelis carduelis,European Goldfinch,0.44942140579223633,0.44942140579223633,species,0,,,
carduelis_carduelis,984538,Carduelis carduelis,/Users/justyna-przy/Projects/ISE/FYP/src/bird_data/raw/carduelis_carduelis/XC984538.mp3,1.0,4.0,-10.362336056374637,-10.598240832976446,species,Carduelis carduelis,European Goldfinch,0.997697651386261,0.997697651386261,species,1,rand_species,/Users/justyna-przy/Projects/ISE/FYP/src/bird_data/clips/species/carduelis_carduelis/XC984538__s1000__e4000.wav,
carduelis_carduelis,984538,Carduelis carduelis,/Users/justyna-przy/Projects/ISE/FYP/src/bird_data/raw/carduelis_carduelis/XC984538.mp3,4.0,7.0,-6.689342437666054,-10.598240832976446,species,Carduelis carduelis,European Goldfinch,0.977222740650177,0.977222740650177,species,1,rand_species,/Users/justyna-przy/Projects/ISE/FYP/src/bird_data/clips/species/carduelis_carduelis/XC984538__s4000__e7000.wav,
carduelis_carduelis,984538,Carduelis carduelis,/Users/justyna-przy/Projects/ISE/FYP/src/bird_data/raw/carduelis_carduelis/XC984538.mp3,10.0,13.0,-6.294716537658461,-10.598240832976446,species,Carduelis carduelis,European Goldfinch,0.9988510608673096,0.9988510608673096,species,0,,,
carduelis_carduelis,984538,Carduelis carduelis,/Users/justyna-przy/Projects/ISE/FYP/src/bird_data/raw/carduelis_carduelis/XC984538.mp3,13.0,16.0,-10.306192352016499,-10.598240832976446,species,Carduelis carduelis,European Goldfinch,0.9976490139961243,0.9976490139961243,species,0,,,
carduelis_carduelis,984538,Carduelis carduelis,/Users/justyna-przy/Projects/ISE/FYP/src/bird_data/raw/carduelis_carduelis/XC984538.mp3,16.0,19.0,-7.0917466753482925,-10.598240832976446,species,Carduelis carduelis,European Goldfinch,0.9990969896316528,0.9990969896316528,species,1,rand_species,/Users/justyna-przy/Projects/ISE/FYP/src/bird_data/clips/species/carduelis_carduelis/XC984538__s16000__e19000.wav,
carduelis_carduelis,948693,Carduelis carduelis,/Users/justyna-przy/Projects/ISE/FYP/src/bird_data/raw/carduelis_carduelis/XC948693.mp3,7.0,10.0,-38.30660646771874,-40.0,species,Carduelis carduelis,European Goldfinch,0.9938117265701294,0.9938117265701294,species,1,rand_species,/Users/justyna-przy/Projects/ISE/FYP/src/bird_data/clips/species/carduelis_carduelis/XC948693__s7000__e10000.wav,
carduelis_carduelis,923915,Carduelis carduelis,/Users/justyna-przy/Projects/ISE/FYP/src/bird_data/raw/carduelis_carduelis/XC923915.mp3,19.0,22.0,-38.07893547070219,-40.0,species,Carduelis carduelis,European Goldfinch,0.6490209698677063,0.6490209698677063,species,1,rand_species,/Users/justyna-przy/Projects/ISE/FYP/src/bird_data/clips/species/carduelis_carduelis/XC923915__s19000__e22000.wav,
carduelis_carduelis,921697,Carduelis carduelis,/Users/justyna-przy/Projects/ISE/FYP/src/bird_data/raw/carduelis_carduelis/XC921697.mp3,7.0,10.0,-35.64395784663797,-39.25274643146087,drop,Carduelis carduelis,European Goldfinch,0.12195120751857758,0.12195120751857758,drop,0,,,
carduelis_carduelis,921697,Carduelis carduelis,/Users/justyna-przy/Projects/ISE/FYP/src/bird_data/raw/carduelis_carduelis/XC921697.mp3,10.0,13.0,-37.000228669076456,-39.25274643146087,drop,Hippolais icterina,Icterine Warbler,0.10408017039299011,0.10408017039299011,drop,0,,,
carduelis_carduelis,921697,Carduelis carduelis,/Users/justyna-przy/Projects/ISE/FYP/src/bird_data/raw/carduelis_carduelis/XC921697.mp3,13.0,16.0,-36.86935468485246,-39.25274643146087,drop,Acrocephalus dumetorum,Blyth's Reed Warbler,0.5354089736938477,0.5354089736938477,drop,0,,,
carduelis_carduelis,921697,Carduelis carduelis,/Users/justyna-przy/Projects/ISE/FYP/src/bird_data/raw/carduelis_carduelis/XC921697.mp3,16.0,19.0,-34.32423611604061,-39.25274643146087,species,Carduelis carduelis,European Goldfinch,0.630622148513794,0.630622148513794,species,1,rand_species,/Users/justyna-przy/Projects/ISE/FYP/src/bird_data/clips/species/carduelis_carduelis/XC921697__s16000__e19000.wav,
carduelis_carduelis,921697,Carduelis carduelis,/Users/justyna-przy/Projects/ISE/FYP/src/bird_data/raw/carduelis_carduelis/XC921697.mp3,19.0,22.0,-35.20813143394073,-39.25274643146087,non_bird,,,0.0,0.0,non_bird,1,nonbird_lowconf,/Users/justyna-przy/Projects/ISE/FYP/src/bird_data/clips/non_bird/carduelis_carduelis/XC921697__s19000__e22000.wav,
carduelis_carduelis,921697,Carduelis carduelis,/Users/justyna-przy/Projects/ISE/FYP/src/bird_data/raw/carduelis_carduelis/XC921697.mp3,22.0,25.0,-35.82361529107735,-39.25274643146087,drop,Acrocephalus palustris,Marsh Warbler,0.11386117339134216,0.11386117339134216,drop,0,,,
carduelis_carduelis,921697,Carduelis carduelis,/Users/justyna-przy/Projects/ISE/FYP/src/bird_data/raw/carduelis_carduelis/XC921697.mp3,25.0,28.0,-33.96772219440142,-39.25274643146087,drop,Corvus monedula,Eurasian Jackdaw,0.2069431096315384,0.2069431096315384,drop,0,,,
carduelis_carduelis,921697,Carduelis carduelis,/Users/justyna-przy/Projects/ISE/FYP/src/bird_data/raw/carduelis_carduelis/XC921697.mp3,28.0,31.0,-38.72035325204888,-39.25274643146087,non_bird,,,0.0,0.0,non_bird,1,nonbird_lowconf,/Users/justyna-przy/Projects/ISE/FYP/src/bird_data/clips/non_bird/carduelis_carduelis/XC921697__s28000__e31000.wav,
carduelis_carduelis,921697,Carduelis carduelis,/Users/justyna-przy/Projects/ISE/FYP/src/bird_data/raw/carduelis_carduelis/XC921697.mp3,31.0,34.0,-37.67350949178602,-39.25274643146087,drop,Corvus monedula,Eurasian Jackdaw,0.8906230926513672,0.8906230926513672,drop,0,,,
carduelis_carduelis,921697,Carduelis carduelis,/Users/justyna-przy/Projects/ISE/FYP/src/bird_data/raw/carduelis_carduelis/XC921697.mp3,37.0,40.0,-38.29005293663195,-39.25274643146087,species,Carduelis carduelis,European Goldfinch,0.5446726679801941,0.5446726679801941,species,1,rand_species,/Users/justyna-przy/Projects/ISE/FYP/src/bird_data/clips/species/carduelis_carduelis/XC921697__s37000__e40000.wav,
carduelis_carduelis,921697,Carduelis carduelis,/Users/justyna-przy/Projects/ISE/FYP/src/bird_data/raw/carduelis_carduelis/XC921697.mp3,43.0,46.0,-36.903272237816424,-39.25274643146087,drop,Corvus monedula,Eurasian Jackdaw,0.6230238676071167,0.6230238676071167,drop,0,,,
carduelis_carduelis,921679,Carduelis carduelis,/Users/justyna-przy/Projects/ISE/FYP/src/bird_data/raw/carduelis_carduelis/XC921679.mp3,1.0,4.0,-23.821929611725828,-25.34232949221266,species,Carduelis carduelis,European Goldfinch,0.9990503191947937,0.9990503191947937,species,0,,,
carduelis_carduelis,921679,Carduelis carduelis,/Users/justyna-przy/Projects/ISE/FYP/src/bird_data/raw/carduelis_carduelis/XC921679.mp3,4.0,7.0,-23.335760009397415,-25.34232949221266,species,Carduelis carduelis,European Goldfinch,0.9909173846244812,0.9909173846244812,species,1,rand_species,/Users/justyna-przy/Projects/ISE/FYP/src/bird_data/clips/species/carduelis_carduelis/XC921679__s4000__e7000.wav,
carduelis_carduelis,921679,Carduelis carduelis,/Users/justyna-przy/Projects/ISE/FYP/src/bird_data/raw/carduelis_carduelis/XC921679.mp3,10.0,13.0,-22.616865423200903,-25.34232949221266,species,Carduelis carduelis,European Goldfinch,0.9988176226615906,0.9988176226615906,species,0,,,
carduelis_carduelis,921679,Carduelis carduelis,/Users/justyna-przy/Projects/ISE/FYP/src/bird_data/raw/carduelis_carduelis/XC921679.mp3,13.0,16.0,-22.530552236654437,-25.34232949221266,species,Carduelis carduelis,European Goldfinch,0.9823452830314636,0.9823452830314636,species,0,,,
carduelis_carduelis,921679,Carduelis carduelis,/Users/justyna-przy/Projects/ISE/FYP/src/bird_data/raw/carduelis_carduelis/XC921679.mp3,16.0,19.0,-23.05491956413941,-25.34232949221266,species,Carduelis carduelis,European Goldfinch,0.9991913437843323,0.9991913437843323,species,0,,,
carduelis_carduelis,921679,Carduelis carduelis,/Users/justyna-przy/Projects/ISE/FYP/src/bird_data/raw/carduelis_carduelis/XC921679.mp3,19.0,22.0,-23.007181992691677,-25.34232949221266,species,Carduelis carduelis,European Goldfinch,0.997386634349823,0.997386634349823,species,0,,,
carduelis_carduelis,921679,Carduelis carduelis,/Users/justyna-przy/Projects/ISE/FYP/src/bird_data/raw/carduelis_carduelis/XC921679.mp3,22.0,25.0,-23.07828475148635,-25.34232949221266,species,Carduelis carduelis,European Goldfinch,0.9981940388679504,0.9981940388679504,species,1,rand_species,/Users/justyna-przy/Projects/ISE/FYP/src/bird_data/clips/species/carduelis_carduelis/XC921679__s22000__e25000.wav,
carduelis_carduelis,921679,Carduelis carduelis,/Users/justyna-przy/Projects/ISE/FYP/src/bird_data/raw/carduelis_carduelis/XC921679.mp3,28.0,31.0,-24.412659709638056,-25.34232949221266,species,Carduelis carduelis,European Goldfinch,0.9977533221244812,0.9977533221244812,species,0,,,
carduelis_carduelis,921679,Carduelis carduelis,/Users/justyna-przy/Projects/ISE/FYP/src/bird_data/raw/carduelis_carduelis/XC921679.mp3,34.0,37.0,-21.725776459465067,-25.34232949221266,species,Carduelis carduelis,European Goldfinch,0.9994091987609863,0.9994091987609863,species,1,rand_species,/Users/justyna-przy/Projects/ISE/FYP/src/bird_data/clips/species/carduelis_carduelis/XC921679__s34000__e37000.wav,
carduelis_carduelis,921679,Carduelis carduelis,/Users/justyna-przy/Projects/ISE/FYP/src/bird_data/raw/carduelis_carduelis/XC921679.mp3,37.0,40.0,-25.189862199720206,-25.34232949221266,species,Carduelis carduelis,European Goldfinch,0.9984931945800781,0.9984931945800781,species,0,,,
carduelis_carduelis,921677,Carduelis carduelis,/Users/justyna-przy/Projects/ISE/FYP/src/bird_data/raw/carduelis_carduelis/XC921677.mp3,1.0,4.0,-31.545515282491476,-31.561587400037553,species,Carduelis carduelis,European Goldfinch,0.9953513145446777,0.9953513145446777,species,1,rand_species,/Users/justyna-przy/Projects/ISE/FYP/src/bird_data/clips/species/carduelis_carduelis/XC921677__s1000__e4000.wav,
carduelis_carduelis,921677,Carduelis carduelis,/Users/justyna-przy/Projects/ISE/FYP/src/bird_data/raw/carduelis_carduelis/XC921677.mp3,4.0,7.0,-30.901548610418722,-31.561587400037553,species,Carduelis carduelis,European Goldfinch,0.9164041876792908,0.9164041876792908,species,0,,,
carduelis_carduelis,921677,Carduelis carduelis,/Users/justyna-przy/Projects/ISE/FYP/src/bird_data/raw/carduelis_carduelis/XC921677.mp3,7.0,10.0,-26.325326200563662,-31.561587400037553,species,Carduelis carduelis,European Goldfinch,0.9418538212776184,0.9418538212776184,species,0,,,
carduelis_carduelis,921677,Carduelis carduelis,/Users/justyna-przy/Projects/ISE/FYP/src/bird_data/raw/carduelis_carduelis/XC921677.mp3,10.0,13.0,-30.160927824561327,-31.561587400037553,species,Carduelis carduelis,European Goldfinch,0.9127546548843384,0.9127546548843384,species,0,,,
carduelis_carduelis,921677,Carduelis carduelis,/Users/justyna-przy/Projects/ISE/FYP/src/bird_data/raw/carduelis_carduelis/XC921677.mp3,16.0,19.0,-31.47864748709931,-31.561587400037553,species,Carduelis carduelis,European Goldfinch,0.937138020992279,0.937138020992279,species,0,,,
carduelis_carduelis,921677,Carduelis carduelis,/Users/justyna-przy/Projects/ISE/FYP/src/bird_data/raw/carduelis_carduelis/XC921677.mp3,19.0,22.0,-29.449046742562537,-31.561587400037553,species,Carduelis carduelis,European Goldfinch,0.9760901927947998,0.9760901927947998,species,0,,,
carduelis_carduelis,921677,Carduelis carduelis,/Users/justyna-przy/Projects/ISE/FYP/src/bird_data/raw/carduelis_carduelis/XC921677.mp3,22.0,25.0,-30.201256685487742,-31.561587400037553,species,Carduelis carduelis,European Goldfinch,0.9791237115859985,0.9791237115859985,species,1,rand_species,/Users/justyna-przy/Projects/ISE/FYP/src/bird_data/clips/species/carduelis_carduelis/XC921677__s22000__e25000.wav,
carduelis_carduelis,921677,Carduelis carduelis,/Users/justyna-przy/Projects/ISE/FYP/src/bird_data/raw/carduelis_carduelis/XC921677.mp3,34.0,37.0,-29.70411592394365,-31.561587400037553,species,Carduelis carduelis,European Goldfinch,0.9306526780128479,0.9306526780128479,species,1,rand_species,/Users/justyna-przy/Projects/ISE/FYP/src/bird_data/clips/species/carduelis_carduelis/XC921677__s34000__e37000.wav,
carduelis_carduelis,921677,Carduelis carduelis,/Users/justyna-przy/Projects/ISE/FYP/src/bird_data/raw/carduelis_carduelis/XC921677.mp3,37.0,40.0,-31.282160527447523,-31.561587400037553,species,Carduelis carduelis,European Goldfinch,0.9031106233596802,0.9031106233596802,species,0,,,
carduelis_carduelis,921677,Carduelis carduelis,/Users/justyna-przy/Projects/ISE/FYP/src/bird_data/raw/carduelis_carduelis/XC921677.mp3,40.0,43.0,-26.953842348674847,-31.561587400037553,drop,Mitrephanes phaeocercus,Tufted Flycatcher,0.32684800028800964,0.32684800028800964,drop,0,,,
carduelis_carduelis,921676,Carduelis carduelis,/Users/justyna-przy/Projects/ISE/FYP/src/bird_data/raw/carduelis_carduelis/XC921676.mp3,1.0,4.0,-38.09715656864603,-39.42688566346589,species,Carduelis carduelis,European Goldfinch,0.9910441637039185,0.9910441637039185,species,0,,,
carduelis_carduelis,921676,Carduelis carduelis,/Users/justyna-przy/Projects/ISE/FYP/src/bird_data/raw/carduelis_carduelis/XC921676.mp3,4.0,7.0,-38.14803691788464,-39.42688566346589,species,Carduelis carduelis,European Goldfinch,0.9778032302856445,0.9778032302856445,species,1,rand_species,/Users/justyna-przy/Projects/ISE/FYP/src/bird_data/clips/species/carduelis_carduelis/XC921676__s4000__e7000.wav,
carduelis_carduelis,921676,Carduelis carduelis,/Users/justyna-przy/Projects/ISE/FYP/src/bird_data/raw/carduelis_carduelis/XC921676.mp3,10.0,13.0,-37.039413891167946,-39.42688566346589,species,Carduelis carduelis,European Goldfinch,0.9980716109275818,0.9980716109275818,species,1,rand_species,/Users/justyna-przy/Projects/ISE/FYP/src/bird_data/clips/species/carduelis_carduelis/XC921676__s10000__e13000.wav,
carduelis_carduelis,921676,Carduelis carduelis,/Users/justyna-przy/Projects/ISE/FYP/src/bird_data/raw/carduelis_carduelis/XC921676.mp3,16.0,19.0,-37.018065905654765,-39.42688566346589,species,Carduelis carduelis,European Goldfinch,0.9991708993911743,0.9991708993911743,species,1,rand_species,/Users/justyna-przy/Projects/ISE/FYP/src/bird_data/clips/species/carduelis_carduelis/XC921676__s16000__e19000.wav,
carduelis_carduelis,921676,Carduelis carduelis,/Users/justyna-przy/Projects/ISE/FYP/src/bird_data/raw/carduelis_carduelis/XC921676.mp3,19.0,22.0,-38.45433418471921,-39.42688566346589,species,Carduelis carduelis,European Goldfinch,0.9742220640182495,0.9742220640182495,species,0,,,
carduelis_carduelis,915436,Carduelis carduelis,/Users/justyna-przy/Projects/ISE/FYP/src/bird_data/raw/carduelis_carduelis/XC915436.mp3,1.0,4.0,-36.70737936226533,-38.66972216628737,species,Carduelis carduelis,European Goldfinch,0.9954664707183838,0.9954664707183838,species,0,,,
carduelis_carduelis,915436,Carduelis carduelis,/Users/justyna-przy/Projects/ISE/FYP/src/bird_data/raw/carduelis_carduelis/XC915436.mp3,4.0,7.0,-35.79713904139481,-38.66972216628737,species,Carduelis carduelis,European Goldfinch,0.9999045133590698,0.9999045133590698,species,0,,,
carduelis_carduelis,915436,Carduelis carduelis,/Users/justyna-przy/Projects/ISE/FYP/src/bird_data/raw/carduelis_carduelis/XC915436.mp3,7.0,10.0,-38.55369581559406,-38.66972216628737,species,Carduelis carduelis,European Goldfinch,0.9951272010803223,0.9951272010803223,species,0,,,
carduelis_carduelis,915436,Carduelis carduelis,/Users/justyna-przy/Projects/ISE/FYP/src/bird_data/raw/carduelis_carduelis/XC915436.mp3,10.0,13.0,-35.60519788874713,-38.66972216628737,species,Carduelis carduelis,European Goldfinch,0.9987382292747498,0.9987382292747498,species,1,rand_species,/Users/justyna-przy/Projects/ISE/FYP/src/bird_data/clips/species/carduelis_carduelis/XC915436__s10000__e13000.wav,
carduelis_carduelis,915436,Carduelis carduelis,/Users/justyna-przy/Projects/ISE/FYP/src/bird_data/raw/carduelis_carduelis/XC915436.mp3,16.0,19.0,-35.411899552598555,-38.66972216628737,species,Carduelis carduelis,European Goldfinch,0.9990573525428772,0.9990573525428772,species,1,rand_species,/Users/justyna-przy/Projects/ISE/FYP/src/bird_data/clips/species/carduelis_carduelis/XC915436__s16000__e19000.wav,
carduelis_carduelis,915436,Carduelis carduelis,/Users/justyna-przy/Projects/ISE/FYP/src/bird_data/raw/carduelis_carduelis/XC915436.mp3,25.0,28.0,-36.33283675233482,-38.66972216628737,species,Carduelis carduelis,European Goldfinch,0.9964838027954102,0.9964838027954102,species,1,rand_species,/Users/justyna-przy/Projects/ISE/FYP/src/bird_data/clips/species/carduelis_carduelis/XC915436__s25000__e28000.wav,
carduelis_carduelis,915436,Carduelis carduelis,/Users/justyna-przy/Projects/ISE/FYP/src/bird_data/raw/carduelis_carduelis/XC915436.mp3,28.0,31.0,-38.61605542834797,-38.66972216628737,species,Carduelis carduelis,European Goldfinch,0.9984716773033142,0.9984716773033142,species,0,,,
carduelis_carduelis,893166,Carduelis carduelis,/Users/justyna-przy/Projects/ISE/FYP/src/bird_data/raw/carduelis_carduelis/XC893166.mp3,1.0,4.0,-33.30456864704011,-40.0,species,Carduelis carduelis,European Goldfinch,0.976477861404419,0.976477861404419,species,0,,,
carduelis_carduelis,893166,Carduelis carduelis,/Users/justyna-przy/Projects/ISE/FYP/src/bird_data/raw/carduelis_carduelis/XC893166.mp3,4.0,7.0,-32.91747440285359,-40.0,species,Carduelis carduelis,European Goldfinch,0.9984294772148132,0.9984294772148132,species,0,,,
carduelis_carduelis,893166,Carduelis carduelis,/Users/justyna-przy/Projects/ISE/FYP/src/bird_data/raw/carduelis_carduelis/XC893166.mp3,10.0,13.0,-35.76451472108384,-40.0,species,Carduelis carduelis,European Goldfinch,0.9941874742507935,0.9941874742507935,species,0,,,
carduelis_carduelis,893166,Carduelis carduelis,/Users/justyna-przy/Projects/ISE/FYP/src/bird_data/raw/carduelis_carduelis/XC893166.mp3,13.0,16.0,-36.06190293158874,-40.0,species,Carduelis carduelis,European Goldfinch,0.9986156225204468,0.9986156225204468,species,0,,,
carduelis_carduelis,893166,Carduelis carduelis,/Users/justyna-przy/Projects/ISE/FYP/src/bird_data/raw/carduelis_carduelis/XC893166.mp3,22.0,25.0,-34.42493076906098,-40.0,species,Carduelis carduelis,European Goldfinch,0.9676492214202881,0.9676492214202881,species,0,,,
carduelis_carduelis,893166,Carduelis carduelis,/Users/justyna-przy/Projects/ISE/FYP/src/bird_data/raw/carduelis_carduelis/XC893166.mp3,25.0,28.0,-33.02123835976806,-40.0,species,Carduelis carduelis,European Goldfinch,0.9576780796051025,0.9576780796051025,species,1,rand_species,/Users/justyna-przy/Projects/ISE/FYP/src/bird_data/clips/species/carduelis_carduelis/XC893166__s25000__e28000.wav,
carduelis_carduelis,893166,Carduelis carduelis,/Users/justyna-przy/Projects/ISE/FYP/src/bird_data/raw/carduelis_carduelis/XC893166.mp3,28.0,31.0,-28.93323874384967,-40.0,species,Carduelis carduelis,European Goldfinch,0.9004930853843689,0.9004930853843689,species,0,,,
carduelis_carduelis,893166,Carduelis carduelis,/Users/justyna-przy/Projects/ISE/FYP/src/bird_data/raw/carduelis_carduelis/XC893166.mp3,37.0,40.0,-36.955199214808474,-40.0,species,Carduelis carduelis,European Goldfinch,0.9965000152587891,0.9965000152587891,species,0,,,
carduelis_carduelis,893166,Carduelis carduelis,/Users/justyna-przy/Projects/ISE/FYP/src/bird_data/raw/carduelis_carduelis/XC893166.mp3,43.0,46.0,-31.961619115695527,-40.0,species,Carduelis carduelis,European Goldfinch,0.9829484820365906,0.9829484820365906,species,0,,,
carduelis_carduelis,893166,Carduelis carduelis,/Users/justyna-przy/Projects/ISE/FYP/src/bird_data/raw/carduelis_carduelis/XC893166.mp3,46.0,49.0,-29.305364249508248,-40.0,species,Carduelis carduelis,European Goldfinch,0.7847347855567932,0.7847347855567932,species,1,rand_species,/Users/justyna-przy/Projects/ISE/FYP/src/bird_data/clips/species/carduelis_carduelis/XC893166__s46000__e49000.wav,
carduelis_carduelis,893166,Carduelis carduelis,/Users/justyna-przy/Projects/ISE/FYP/src/bird_data/raw/carduelis_carduelis/XC893166.mp3,49.0,52.0,-28.188191910423186,-40.0,species,Carduelis carduelis,European Goldfinch,0.9756508469581604,0.9756508469581604,species,1,rand_species,/Users/justyna-przy/Projects/ISE/FYP/src/bird_data/clips/species/carduelis_carduelis/XC893166__s49000__e52000.wav,
carduelis_carduelis,893166,Carduelis carduelis,/Users/justyna-przy/Projects/ISE/FYP/src/bird_data/raw/carduelis_carduelis/XC893166.mp3,52.0,55.0,-32.83606836322154,-40.0,species,Carduelis carduelis,European Goldfinch,0.996044397354126,0.996044397354126,species,0,,,
carduelis_carduelis,843211,Carduelis carduelis,/Users/justyna-przy/Projects/ISE/FYP/src/bird_data/raw/carduelis_carduelis/XC843211.mp3,7.0,10.0,-18.11785612885549,-18.358960501891648,drop,Alauda gulgula,Oriental Skylark,0.21501149237155914,0.21501149237155914,drop,0,,,
carduelis_carduelis,843211,Carduelis carduelis,/Users/justyna-przy/Projects/ISE/FYP/src/bird_data/raw/carduelis_carduelis/XC843211.mp3,10.0,13.0,-17.823497812966792,-18.358960501891648,species,Carduelis carduelis,European Goldfinch,0.4435745179653168,0.4435745179653168,species,1,rand_species,/Users/justyna-przy/Projects/ISE/FYP/src/bird_data/clips/species/carduelis_carduelis/XC843211__s10000__e13000.wav,
carduelis_carduelis,843211,Carduelis carduelis,/Users/justyna-przy/Projects/ISE/FYP/src/bird_data/raw/carduelis_carduelis/XC843211.mp3,13.0,16.0,-16.539018916452367,-18.358960501891648,drop,Alauda gulgula,Oriental Skylark,0.3925091624259949,0.3925091624259949,drop,0,,,
carduelis_carduelis,843211,Carduelis carduelis,/Users/justyna-przy/Projects/ISE/FYP/src/bird_data/raw/carduelis_carduelis/XC843211.mp3,16.0,19.0,-15.348955263101871,-18.358960501891648,species,Carduelis carduelis,European Goldfinch,0.8708894848823547,0.8708894848823547,species,1,rand_species,/Users/justyna-przy/Projects/ISE/FYP/src/bird_data/clips/species/carduelis_carduelis/XC843211__s16000__e19000.wav,
carduelis_carduelis,843211,Carduelis carduelis,/Users/justyna-przy/Projects/ISE/FYP/src/bird_data/raw/carduelis_carduelis/XC843211.mp3,19.0,22.0,-15.949650606584946,-18.358960501891648,species,Carduelis carduelis,European Goldfinch,0.9219469428062439,0.9219469428062439,species,1,rand_species,/Users/justyna-przy/Projects/ISE/FYP/src/bird_data/clips/species/carduelis_carduelis/XC843211__s19000__e22000.wav,
carduelis_carduelis,843210,Carduelis carduelis,/Users/justyna-przy/Projects/ISE/FYP/src/bird_data/raw/carduelis_carduelis/XC843210.mp3,1.0,4.0,-21.012474567072175,-21.476865304785903,species,Carduelis carduelis,European Goldfinch,0.8085848689079285,0.8085848689079285,species,1,rand_species,/Users/justyna-przy/Projects/ISE/FYP/src/bird_data/clips/species/carduelis_carduelis/XC843210__s1000__e4000.wav,
carduelis_carduelis,843210,Carduelis carduelis,/Users/justyna-przy/Projects/ISE/FYP/src/bird_data/raw/carduelis_carduelis/XC843210.mp3,7.0,10.0,-21.082825361380607,-21.476865304785903,species,Carduelis carduelis,European Goldfinch,0.8981735110282898,0.8981735110282898,species,1,rand_species,/Users/justyna-przy/Projects/ISE/FYP/src/bird_data/clips/species/carduelis_carduelis/XC843210__s7000__e10000.wav,
carduelis_carduelis,839234,Carduelis carduelis,/Users/justyna-przy/Projects/ISE/FYP/src/bird_data/raw/carduelis_carduelis/XC839234.mp3,1.0,4.0,-48.947932915206025,-40.0,non_bird,,,0.0,0.0,non_bird,1,nonbird_lowconf,/Users/justyna-przy/Projects/ISE/FYP/src/bird_data/clips/non_bird/carduelis_carduelis/XC839234__s1000__e4000.wav,
carduelis_carduelis,832143,Carduelis carduelis,/Users/justyna-przy/Projects/ISE/FYP/src/bird_data/raw/carduelis_carduelis/XC832143.mp3,1.0,4.0,-34.22835748383564,-40.0,species,Carduelis carduelis,European Goldfinch,0.7510565519332886,0.7510565519332886,species,0,,,
carduelis_carduelis,832143,Carduelis carduelis,/Users/justyna-przy/Projects/ISE/FYP/src/bird_data/raw/carduelis_carduelis/XC832143.mp3,4.0,7.0,-36.32233225262594,-40.0,species,Carduelis carduelis,European Goldfinch,0.9100164175033569,0.9100164175033569,species,1,rand_species,/Users/justyna-przy/Projects/ISE/FYP/src/bird_data/clips/species/carduelis_carduelis/XC832143__s4000__e7000.wav,
carduelis_carduelis,832143,Carduelis carduelis,/Users/justyna-przy/Projects/ISE/FYP/src/bird_data/raw/carduelis_carduelis/XC832143.mp3,7.0,10.0,-26.839056833688577,-40.0,species,Carduelis carduelis,European Goldfinch,0.9438933730125427,0.9438933730125427,species,1,rand_species,/Users/justyna-przy/Projects/ISE/FYP/src/bird_data/clips/species/carduelis_carduelis/XC832143__s7000__e10000.wav,
carduelis_carduelis,832143,Carduelis carduelis,/Users/justyna-przy/Projects/ISE/FYP/src/bird_data/raw/carduelis_carduelis/XC832143.mp3,10.0,13.0,-24.91412021920754,-40.0,non_bird,,,0.0,0.0,non_bird,1,nonbird_lowconf,/Users/justyna-przy/Projects/ISE/FYP/src/bird_data/clips/non_bird/carduelis_carduelis/XC832143__s10000__e13000.wav,
carduelis_carduelis,832143,Carduelis carduelis,/Users/justyna-przy/Projects/ISE/FYP/src/bird_data/raw/carduelis_carduelis/XC832143.mp3,13.0,16.0,-29.441850986420498,-40.0,species,Carduelis carduelis,European Goldfinch,0.8185768127441406,0.8185768127441406,species,0,,,
carduelis_carduelis,832143,Carduelis carduelis,/Users/justyna-przy/Projects/ISE/FYP/src/bird_data/raw/carduelis_carduelis/XC832143.mp3,16.0,19.0,-28.35533112461427,-40.0,drop,Emberiza schoeniclus,Reed Bunting,0.2874029874801636,0.2874029874801636,drop,0,,,
carduelis_carduelis,832143,Carduelis carduelis,/Users/justyna-przy/Projects/ISE/FYP/src/bird_data/raw/carduelis_carduelis/XC832143.mp3,19.0,22.0,-39.39554080680465,-40.0,non_bird,,,0.0,0.0,non_bird,1,nonbird_lowconf,/Users/justyna-przy/Projects/ISE/FYP/src/bird_data/clips/non_bird/carduelis_carduelis/XC832143__s19000__e22000.wav,
carduelis_carduelis,832143,Carduelis carduelis,/Users/justyna-przy/Projects/ISE/FYP/src/bird_data/raw/carduelis_carduelis/XC832143.mp3,22.0,25.0,-38.711919132517394,-40.0,species,Carduelis carduelis,European Goldfinch,0.9340158104896545,0.9340158104896545,species,1,rand_species,/Users/justyna-przy/Projects/ISE/FYP/src/bird_data/clips/species/carduelis_carduelis/XC832143__s22000__e25000.wav,
carduelis_carduelis,832143,Carduelis carduelis,/Users/justyna-przy/Projects/ISE/FYP/src/bird_data/raw/carduelis_carduelis/XC832143.mp3,25.0,28.0,-34.57435829817452,-40.0,non_bird,,,0.0,0.0,non_bird,0,,,
carduelis_carduelis,832143,Carduelis carduelis,/Users/justyna-przy/Projects/ISE/FYP/src/bird_data/raw/carduelis_carduelis/XC832143.mp3,28.0,31.0,-39.96440148279186,-40.0,non_bird,,,0.0,0.0,non_bird,0,,,
carduelis_carduelis,832143,Carduelis carduelis,/Users/justyna-przy/Projects/ISE/FYP/src/bird_data/raw/carduelis_carduelis/XC832143.mp3,31.0,34.0,-39.54861082140455,-40.0,non_bird,,,0.0,0.0,non_bird,0,,,
carduelis_carduelis,832143,Carduelis carduelis,/Users/justyna-przy/Projects/ISE/FYP/src/bird_data/raw/carduelis_carduelis/XC832143.mp3,40.0,43.0,-27.713126124131037,-40.0,species,Carduelis carduelis,European Goldfinch,0.9731405973434448,0.9731405973434448,species,0,,,
carduelis_carduelis,832142,Carduelis carduelis,/Users/justyna-przy/Projects/ISE/FYP/src/bird_data/raw/carduelis_carduelis/XC832142.mp3,7.0,10.0,-37.35460101042107,-40.0,species,Carduelis carduelis,European Goldfinch,0.8552848100662231,0.8552848100662231,species,1,rand_species,/Users/justyna-przy/Projects/ISE/FYP/src/bird_data/clips/species/carduelis_carduelis/XC832142__s7000__e10000.wav,
carduelis_carduelis,814994,Carduelis carduelis,/Users/justyna-przy/Projects/ISE/FYP/src/bird_data/raw/carduelis_carduelis/XC814994.mp3,1.0,4.0,-37.91491670002847,-38.30572883470798,species,Carduelis carduelis,European Goldfinch,0.9933225512504578,0.9933225512504578,species,0,,,
carduelis_carduelis,814994,Carduelis carduelis,/Users/justyna-przy/Projects/ISE/FYP/src/bird_data/raw/carduelis_carduelis/XC814994.mp3,4.0,7.0,-37.74644945483867,-38.30572883470798,species,Carduelis carduelis,European Goldfinch,0.9862632751464844,0.9862632751464844,species,0,,,
carduelis_carduelis,814994,Carduelis carduelis,/Users/justyna-przy/Projects/ISE/FYP/src/bird_data/raw/carduelis_carduelis/XC814994.mp3,7.0,10.0,-33.845087155262526,-38.30572883470798,species,Carduelis carduelis,European Goldfinch,0.9901266098022461,0.9901266098022461,species,0,,,
carduelis_carduelis,814994,Carduelis carduelis,/Users/justyna-przy/Projects/ISE/FYP/src/bird_data/raw/carduelis_carduelis/XC814994.mp3,10.0,13.0,-30.88804462827664,-38.30572883470798,species,Carduelis carduelis,European Goldfinch,0.9839914441108704,0.9839914441108704,species,0,,,
carduelis_carduelis,814994,Carduelis carduelis,/Users/justyna-przy/Projects/ISE/FYP/src/bird_data/raw/carduelis_carduelis/XC814994.mp3,16.0,19.0,-34.00828842844844,-38.30572883470798,species,Carduelis carduelis,European Goldfinch,0.9951208233833313,0.9951208233833313,species,0,,,
carduelis_carduelis,814994,Carduelis carduelis,/Users/justyna-przy/Projects/ISE/FYP/src/bird_data/raw/carduelis_carduelis/XC814994.mp3,19.0,22.0,-34.38152965334344,-38.30572883470798,species,Carduelis carduelis,European Goldfinch,0.9921242594718933,0.9921242594718933,species,1,rand_species,/Users/justyna-przy/Projects/ISE/FYP/src/bird_data/clips/species/carduelis_carduelis/XC814994__s19000__e22000.wav,
carduelis_carduelis,814994,Carduelis carduelis,/Users/justyna-przy/Projects/ISE/FYP/src/bird_data/raw/carduelis_carduelis/XC814994.mp3,22.0,25.0,-29.27400485942803,-38.30572883470798,species,Carduelis carduelis,European Goldfinch,0.9998540878295898,0.9998540878295898,species,0,,,
carduelis_carduelis,814994,Carduelis carduelis,/Users/justyna-przy/Projects/ISE/FYP/src/bird_data/raw/carduelis_carduelis/XC814994.mp3,25.0,28.0,-31.766887572253797,-38.30572883470798,species,Carduelis carduelis,European Goldfinch,0.9929230213165283,0.9929230213165283,species,1,rand_species,/Users/justyna-przy/Projects/ISE/FYP/src/bird_data/clips/species/carduelis_carduelis/XC814994__s25000__e28000.wav,
carduelis_carduelis,814994,Carduelis carduelis,/Users/justyna-przy/Projects/ISE/FYP/src/bird_data/raw/carduelis_carduelis/XC814994.mp3,37.0,40.0,-33.74915505763084,-38.30572883470798,species,Carduelis carduelis,European Goldfinch,0.9884784817695618,0.9884784817695618,species,1,rand_species,/Users/justyna-przy/Projects/ISE/FYP/src/bird_data/clips/species/carduelis_carduelis/XC814994__s37000__e40000.wav,
carduelis_carduelis,812036,Carduelis carduelis,/Users/justyna-przy/Projects/ISE/FYP/src/bird_data/raw/carduelis_carduelis/XC812036.mp3,1.0,4.0,-31.309525329912876,-32.64495741494291,species,Carduelis carduelis,European Goldfinch,0.464141845703125,0.464141845703125,species,1,rand_species,/Users/justyna-przy/Projects/ISE/FYP/src/bird_data/clips/species/carduelis_carduelis/XC812036__s1000__e4000.wav,
carduelis_carduelis,812036,Carduelis carduelis,/Users/justyna-przy/Projects/ISE/FYP/src/bird_data/raw/carduelis_carduelis/XC812036.mp3,10.0,13.0,-27.35954450843014,-32.64495741494291,non_bird,,,0.0,0.0,non_bird,1,nonbird_lowconf,/Users/justyna-przy/Projects/ISE/FYP/src/bird_data/clips/non_bird/carduelis_carduelis/XC812036__s10000__e13000.wav,
carduelis_carduelis,812036,Carduelis carduelis,/Users/justyna-przy/Projects/ISE/FYP/src/bird_data/raw/carduelis_carduelis/XC812036.mp3,13.0,16.0,-31.24939882386474,-32.64495741494291,species,Carduelis carduelis,European Goldfinch,0.861847996711731,0.861847996711731,species,1,rand_species,/Users/justyna-przy/Projects/ISE/FYP/src/bird_data/clips/species/carduelis_carduelis/XC812036__s13000__e16000.wav,
carduelis_carduelis,812036,Carduelis carduelis,/Users/justyna-przy/Projects/ISE/FYP/src/bird_data/raw/carduelis_carduelis/XC812036.mp3,16.0,19.0,-32.421354853143654,-32.64495741494291,non_bird,,,0.0,0.0,non_bird,1,nonbird_lowconf,/Users/justyna-przy/Projects/ISE/FYP/src/bird_data/clips/non_bird/carduelis_carduelis/XC812036__s16000__e19000.wav,
carduelis_carduelis,812036,Carduelis carduelis,/Users/justyna-przy/Projects/ISE/FYP/src/bird_data/raw/carduelis_carduelis/XC812036.mp3,19.0,22.0,-31.22217597570051,-32.64495741494291,species,Carduelis carduelis,European Goldfinch,0.8273130655288696,0.8273130655288696,species,0,,,
carduelis_carduelis,812036,Carduelis carduelis,/Users/justyna-przy/Projects/ISE/FYP/src/bird_data/raw/carduelis_carduelis/XC812036.mp3,25.0,28.0,-31.744378770541246,-32.64495741494291,species,Carduelis carduelis,European Goldfinch,0.7564132809638977,0.7564132809638977,species,0,,,
carduelis_carduelis,812036,Carduelis carduelis,/Users/justyna-przy/Projects/ISE/FYP/src/bird_data/raw/carduelis_carduelis/XC812036.mp3,28.0,31.0,-32.63243519249028,-32.64495741494291,drop,Hirundo rustica,Barn Swallow,0.6857693791389465,0.6857693791389465,drop,0,,,
carduelis_carduelis,812036,Carduelis carduelis,/Users/justyna-przy/Projects/ISE/FYP/src/bird_data/raw/carduelis_carduelis/XC812036.mp3,31.0,34.0,-32.16986346170814,-32.64495741494291,species,Carduelis carduelis,European Goldfinch,0.5236477255821228,0.5236477255821228,species,1,rand_species,/Users/justyna-przy/Projects/ISE/FYP/src/bird_data/clips/species/carduelis_carduelis/XC812036__s31000__e34000.wav,
carduelis_carduelis,812036,Carduelis carduelis,/Users/justyna-przy/Projects/ISE/FYP/src/bird_data/raw/carduelis_carduelis/XC812036.mp3,37.0,40.0,-32.26479234946895,-32.64495741494291,species,Carduelis carduelis,European Goldfinch,0.6204075217247009,0.6204075217247009,species,0,,,
carduelis_carduelis,812035,Carduelis carduelis,/Users/justyna-przy/Projects/ISE/FYP/src/bird_data/raw/carduelis_carduelis/XC812035.mp3,1.0,4.0,-23.36663675874545,-29.671539727572373,drop,Hippolais polyglotta,Melodious Warbler,0.4090569317340851,0.4090569317340851,drop,0,,,
carduelis_carduelis,812035,Carduelis carduelis,/Users/justyna-przy/Projects/ISE/FYP/src/bird_data/raw/carduelis_carduelis/XC812035.mp3,4.0,7.0,-29.270088533432308,-29.671539727572373,species,Carduelis carduelis,European Goldfinch,0.8824478983879089,0.8824478983879089,species,0,,,
carduelis_carduelis,812035,Carduelis carduelis,/Users/justyna-przy/Projects/ISE/FYP/src/bird_data/raw/carduelis_carduelis/XC812035.mp3,7.0,10.0,-28.05424178478184,-29.671539727572373,species,Carduelis carduelis,European Goldfinch,0.8020470142364502,0.8020470142364502,species,1,rand_species,/Users/justyna-przy/Projects/ISE/FYP/src/bird_data/clips/species/carduelis_carduelis/XC812035__s7000__e10000.wav,
carduelis_carduelis,812035,Carduelis carduelis,/Users/justyna-przy/Projects/ISE/FYP/src/bird_data/raw/carduelis_carduelis/XC812035.mp3,10.0,13.0,-25.5946579064366,-29.671539727572373,species,Carduelis carduelis,European Goldfinch,0.9584918022155762,0.9584918022155762,species,0,,,
carduelis_carduelis,812035,Carduelis carduelis,/Users/justyna-przy/Projects/ISE/FYP/src/bird_data/raw/carduelis_carduelis/XC812035.mp3,13.0,16.0,-25.502751577179854,-29.671539727572373,drop,Carduelis carduelis,European Goldfinch,0.19180695712566376,0.19180695712566376,drop,0,,,
carduelis_carduelis,812035,Carduelis carduelis,/Users/justyna-przy/Projects/ISE/FYP/src/bird_data/raw/carduelis_carduelis/XC812035.mp3,19.0,22.0,-28.406035773756866,-29.671539727572373,species,Carduelis carduelis,European Goldfinch,0.9449913501739502,0.9449913501739502,species,0,,,
carduelis_carduelis,812035,Carduelis carduelis,/Users/justyna-przy/Projects/ISE/FYP/src/bird_data/raw/carduelis_carduelis/XC812035.mp3,22.0,25.0,-27.261805744836998,-29.671539727572373,species,Carduelis carduelis,European Goldfinch,0.9421297311782837,0.9421297311782837,species,1,rand_species,/Users/justyna-przy/Projects/ISE/FYP/src/bird_data/clips/species/carduelis_carduelis/XC812035__s22000__e25000.wav,
carduelis_carduelis,812035,Carduelis carduelis,/Users/justyna-przy/Projects/ISE/FYP/src/bird_data/raw/carduelis_carduelis/XC812035.mp3,25.0,28.0,-28.448887954669758,-29.671539727572373,species,Carduelis carduelis,European Goldfinch,0.9413241147994995,0.9413241147994995,species,0,,,
carduelis_carduelis,812035,Carduelis carduelis,/Users/justyna-przy/Projects/ISE/FYP/src/bird_data/raw/carduelis_carduelis/XC812035.mp3,28.0,31.0,-27.944621560304583,-29.671539727572373,species,Carduelis carduelis,European Goldfinch,0.8712171912193298,0.8712171912193298,species,0,,,
carduelis_carduelis,812035,Carduelis carduelis,/Users/justyna-przy/Projects/ISE/FYP/src/bird_data/raw/carduelis_carduelis/XC812035.mp3,34.0,37.0,-29.563025457660967,-29.671539727572373,species,Carduelis carduelis,European Goldfinch,0.9603200554847717,0.9603200554847717,species,0,,,
carduelis_carduelis,812035,Carduelis carduelis,/Users/justyna-przy/Projects/ISE/FYP/src/bird_data/raw/carduelis_carduelis/XC812035.mp3,37.0,40.0,-21.07298287209715,-29.671539727572373,drop,Alauda arvensis,Eurasian Skylark,0.3924051523208618,0.3924051523208618,drop,0,,,
carduelis_carduelis,812035,Carduelis carduelis,/Users/justyna-przy/Projects/ISE/FYP/src/bird_data/raw/carduelis_carduelis/XC812035.mp3,43.0,46.0,-29.460470819849117,-29.671539727572373,species,Carduelis carduelis,European Goldfinch,0.8373638391494751,0.8373638391494751,species,1,rand_species,/Users/justyna-przy/Projects/ISE/FYP/src/bird_data/clips/species/carduelis_carduelis/XC812035__s43000__e46000.wav,
carduelis_carduelis,812028,Carduelis carduelis,/Users/justyna-przy/Projects/ISE/FYP/src/bird_data/raw/carduelis_carduelis/XC812028.mp3,16.0,19.0,-42.24736822325208,-40.0,species,Carduelis carduelis,European Goldfinch,0.9902659058570862,0.9902659058570862,species,1,rand_species,/Users/justyna-przy/Projects/ISE/FYP/src/bird_data/clips/species/carduelis_carduelis/XC812028__s16000__e19000.wav,
carduelis_carduelis,811507,Carduelis carduelis,/Users/justyna-przy/Projects/ISE/FYP/src/bird_data/raw/carduelis_carduelis/XC811507.mp3,1.0,4.0,-37.34700253968774,-38.59496660471042,species,Carduelis carduelis,European Goldfinch,0.5736756920814514,0.5736756920814514,species,1,rand_species,/Users/justyna-przy/Projects/ISE/FYP/src/bird_data/clips/species/carduelis_carduelis/XC811507__s1000__e4000.wav,
carduelis_carduelis,811507,Carduelis carduelis,/Users/justyna-przy/Projects/ISE/FYP/src/bird_data/raw/carduelis_carduelis/XC811507.mp3,7.0,10.0,-37.88279858675563,-38.59496660471042,species,Carduelis carduelis,European Goldfinch,0.8399131298065186,0.8399131298065186,species,1,rand_species,/Users/justyna-przy/Projects/ISE/FYP/src/bird_data/clips/species/carduelis_carduelis/XC811507__s7000__e10000.wav,
carduelis_carduelis,811507,Carduelis carduelis,/Users/justyna-przy/Projects/ISE/FYP/src/bird_data/raw/carduelis_carduelis/XC811507.mp3,10.0,13.0,-38.35954939958115,-38.59496660471042,species,Carduelis carduelis,European Goldfinch,0.8158252239227295,0.8158252239227295,species,1,rand_species,/Users/justyna-przy/Projects/ISE/FYP/src/bird_data/clips/species/carduelis_carduelis/XC811507__s10000__e13000.wav,
carduelis_carduelis,811507,Carduelis carduelis,/Users/justyna-przy/Projects/ISE/FYP/src/bird_data/raw/carduelis_carduelis/XC811507.mp3,16.0,19.0,-37.14559740638785,-38.59496660471042,species,Carduelis carduelis,European Goldfinch,0.36773037910461426,0.36773037910461426,species,0,,,
carduelis_carduelis,795985,Carduelis carduelis,/Users/justyna-przy/Projects/ISE/FYP/src/bird_data/raw/carduelis_carduelis/XC795985.mp3,1.0,4.0,-29.203367103399167,-38.743305897800425,species,Carduelis carduelis,European Goldfinch,0.9819130897521973,0.9819130897521973,species,0,,,
carduelis_carduelis,795985,Carduelis carduelis,/Users/justyna-przy/Projects/ISE/FYP/src/bird_data/raw/carduelis_carduelis/XC795985.mp3,4.0,7.0,-32.11157608460796,-38.743305897800425,species,Carduelis carduelis,European Goldfinch,0.963736355304718,0.963736355304718,species,0,,,
carduelis_carduelis,795985,Carduelis carduelis,/Users/justyna-przy/Projects/ISE/FYP/src/bird_data/raw/carduelis_carduelis/XC795985.mp3,7.0,10.0,-38.619287008126236,-38.743305897800425,species,Carduelis carduelis,European Goldfinch,0.9504407644271851,0.9504407644271851,species,0,,,
carduelis_carduelis,795985,Carduelis carduelis,/Users/justyna-przy/Projects/ISE/FYP/src/bird_data/raw/carduelis_carduelis/XC795985.mp3,13.0,16.0,-37.28559647808852,-38.743305897800425,species,Carduelis carduelis,European Goldfinch,0.9810395240783691,0.9810395240783691,species,1,rand_species,/Users/justyna-przy/Projects/ISE/FYP/src/bird_data/clips/species/carduelis_carduelis/XC795985__s13000__e16000.wav,
carduelis_carduelis,795985,Carduelis carduelis,/Users/justyna-przy/Projects/ISE/FYP/src/bird_data/raw/carduelis_carduelis/XC795985.mp3,16.0,19.0,-37.96905071318607,-38.743305897800425,species,Carduelis carduelis,European Goldfinch,0.9034762382507324,0.9034762382507324,species,1,rand_species,/Users/justyna-przy/Projects/ISE/FYP/src/bird_data/clips/species/carduelis_carduelis/XC795985__s16000__e19000.wav,
carduelis_carduelis,795985,Carduelis carduelis,/Users/justyna-przy/Projects/ISE/FYP/src/bird_data/raw/carduelis_carduelis/XC795985.mp3,22.0,25.0,-38.26125596826441,-38.743305897800425,species,Carduelis carduelis,European Goldfinch,0.9610762596130371,0.9610762596130371,species,0,,,
carduelis_carduelis,795985,Carduelis carduelis,/Users/justyna-przy/Projects/ISE/FYP/src/bird_data/raw/carduelis_carduelis/XC795985.mp3,25.0,28.0,-36.94247776286534,-38.743305897800425,species,Carduelis carduelis,European Goldfinch,0.8459014296531677,0.8459014296531677,species,0,,,
carduelis_carduelis,795985,Carduelis carduelis,/Users/justyna-przy/Projects/ISE/FYP/src/bird_data/raw/carduelis_carduelis/XC795985.mp3,28.0,31.0,-37.41217442433423,-38.743305897800425,species,Carduelis carduelis,European Goldfinch,0.8501521944999695,0.8501521944999695,species,1,rand_species,/Users/justyna-przy/Projects/ISE/FYP/src/bird_data/clips/species/carduelis_carduelis/XC795985__s28000__e31000.wav,
carduelis_carduelis,795985,Carduelis carduelis,/Users/justyna-przy/Projects/ISE/FYP/src/bird_data/raw/carduelis_carduelis/XC795985.mp3,31.0,34.0,-38.534433017458646,-38.743305897800425,species,Carduelis carduelis,European Goldfinch,0.6113662123680115,0.6113662123680115,species,0,,,
carduelis_carduelis,795985,Carduelis carduelis,/Users/justyna-przy/Projects/ISE/FYP/src/bird_data/raw/carduelis_carduelis/XC795985.mp3,37.0,40.0,-38.45169741205709,-38.743305897800425,species,Carduelis carduelis,European Goldfinch,0.8443541526794434,0.8443541526794434,species,0,,,
carduelis_carduelis,795985,Carduelis carduelis,/Users/justyna-przy/Projects/ISE/FYP/src/bird_data/raw/carduelis_carduelis/XC795985.mp3,46.0,49.0,-34.77850939734268,-38.743305897800425,species,Carduelis carduelis,European Goldfinch,0.625479519367218,0.625479519367218,species,0,,,
carduelis_carduelis,795985,Carduelis carduelis,/Users/justyna-przy/Projects/ISE/FYP/src/bird_data/raw/carduelis_carduelis/XC795985.mp3,52.0,55.0,-32.74946209571906,-38.743305897800425,species,Carduelis carduelis,European Goldfinch,0.3381170928478241,0.3381170928478241,species,0,,,
carduelis_carduelis,795853,Carduelis carduelis,/Users/justyna-przy/Projects/ISE/FYP/src/bird_data/raw/carduelis_carduelis/XC795853.mp3,1.0,4.0,-22.43617268142509,-33.24918816189008,species,Carduelis carduelis,European Goldfinch,0.7322232127189636,0.7322232127189636,species,0,,,
carduelis_carduelis,795853,Carduelis carduelis,/Users/justyna-przy/Projects/ISE/FYP/src/bird_data/raw/carduelis_carduelis/XC795853.mp3,7.0,10.0,-19.9725581827918,-33.24918816189008,species,Carduelis carduelis,European Goldfinch,0.8323248624801636,0.8323248624801636,species,1,rand_species,/Users/justyna-przy/Projects/ISE/FYP/src/bird_data/clips/species/carduelis_carduelis/XC795853__s7000__e10000.wav,
carduelis_carduelis,795853,Carduelis carduelis,/Users/justyna-przy/Projects/ISE/FYP/src/bird_data/raw/carduelis_carduelis/XC795853.mp3,10.0,13.0,-32.16809551788125,-33.24918816189008,drop,Phylloscopus collybita,Common Chiffchaff,0.530299186706543,0.530299186706543,drop,0,,,
carduelis_carduelis,795853,Carduelis carduelis,/Users/justyna-przy/Projects/ISE/FYP/src/bird_data/raw/carduelis_carduelis/XC795853.mp3,13.0,16.0,-25.904487357017445,-33.24918816189008,species,Carduelis carduelis,European Goldfinch,0.9835325479507446,0.9835325479507446,species,1,rand_species,/Users/justyna-przy/Projects/ISE/FYP/src/bird_data/clips/species/carduelis_carduelis/XC795853__s13000__e16000.wav,
carduelis_carduelis,795853,Carduelis carduelis,/Users/justyna-przy/Projects/ISE/FYP/src/bird_data/raw/carduelis_carduelis/XC795853.mp3,16.0,19.0,-31.119053625046988,-33.24918816189008,species,Carduelis carduelis,European Goldfinch,0.8729082345962524,0.8729082345962524,species,0,,,
carduelis_carduelis,795853,Carduelis carduelis,/Users/justyna-przy/Projects/ISE/FYP/src/bird_data/raw/carduelis_carduelis/XC795853.mp3,19.0,22.0,-25.622738187338918,-33.24918816189008,species,Carduelis carduelis,European Goldfinch,0.9822008609771729,0.9822008609771729,species,1,rand_species,/Users/justyna-przy/Projects/ISE/FYP/src/bird_data/clips/species/carduelis_carduelis/XC795853__s19000__e22000.wav,
carduelis_carduelis,787410,Carduelis carduelis,/Users/justyna-przy/Projects/ISE/FYP/src/bird_data/raw/carduelis_carduelis/XC787410.mp3,1.0,4.0,-24.481083416606793,-25.833664852164123,species,Carduelis carduelis,European Goldfinch,0.6703042984008789,0.6703042984008789,species,1,rand_species,/Users/justyna-przy/Projects/ISE/FYP/src/bird_data/clips/species/carduelis_carduelis/XC787410__s1000__e4000.wav,
carduelis_carduelis,787410,Carduelis carduelis,/Users/justyna-przy/Projects/ISE/FYP/src/bird_data/raw/carduelis_carduelis/XC787410.mp3,4.0,7.0,-15.40283579256087,-25.833664852164123,species,Carduelis carduelis,European Goldfinch,0.9256820678710938,0.9256820678710938,species,0,,,
carduelis_carduelis,787410,Carduelis carduelis,/Users/justyna-przy/Projects/ISE/FYP/src/bird_data/raw/carduelis_carduelis/XC787410.mp3,7.0,10.0,-17.263594873791284,-25.833664852164123,species,Carduelis carduelis,European Goldfinch,0.8971784710884094,0.8971784710884094,species,1,rand_species,/Users/justyna-przy/Projects/ISE/FYP/src/bird_data/clips/species/carduelis_carduelis/XC787410__s7000__e10000.wav,
carduelis_carduelis,787410,Carduelis carduelis,/Users/justyna-przy/Projects/ISE/FYP/src/bird_data/raw/carduelis_carduelis/XC787410.mp3,13.0,16.0,-24.210383672390705,-25.833664852164123,species,Carduelis carduelis,European Goldfinch,0.8758042454719543,0.8758042454719543,species,0,,,
carduelis_carduelis,787410,Carduelis carduelis,/Users/justyna-przy/Projects/ISE/FYP/src/bird_data/raw/carduelis_carduelis/XC787410.mp3,16.0,19.0,-25.527668900422647,-25.833664852164123,species,Carduelis carduelis,European Goldfinch,0.4771709442138672,0.4771709442138672,species,0,,,
carduelis_carduelis,787410,Carduelis carduelis,/Users/justyna-przy/Projects/ISE/FYP/src/bird_data/raw/carduelis_carduelis/XC787410.mp3,19.0,22.0,-25.818768637748406,-25.833664852164123,drop,Emberiza calandra,Corn Bunting,0.1897880584001541,0.1897880584001541,drop,0,,,
carduelis_carduelis,787410,Carduelis carduelis,/Users/justyna-przy/Projects/ISE/FYP/src/bird_data/raw/carduelis_carduelis/XC787410.mp3,22.0,25.0,-24.69431209705093,-25.833664852164123,species,Carduelis carduelis,European Goldfinch,0.7073361277580261,0.7073361277580261,species,0,,,
carduelis_carduelis,787410,Carduelis carduelis,/Users/justyna-przy/Projects/ISE/FYP/src/bird_data/raw/carduelis_carduelis/XC787410.mp3,25.0,28.0,-25.71800202640184,-25.833664852164123,species,Carduelis carduelis,European Goldfinch,0.92203289270401,0.92203289270401,species,1,rand_species,/Users/justyna-przy/Projects/ISE/FYP/src/bird_data/clips/species/carduelis_carduelis/XC787410__s25000__e28000.wav,
carduelis_carduelis,769782,Carduelis carduelis,/Users/justyna-przy/Projects/ISE/FYP/src/bird_data/raw/carduelis_carduelis/XC769782.mp3,7.0,10.0,-45.90827402487338,-40.0,drop,Phylloscopus collybita,Common Chiffchaff,0.8792151212692261,0.8792151212692261,drop,0,,,
carduelis_carduelis,767094,Carduelis carduelis,/Users/justyna-przy/Projects/ISE/FYP/src/bird_data/raw/carduelis_carduelis/XC767094.mp3,1.0,4.0,-28.97811814994393,-28.97811814994393,drop,Carduelis carduelis,European Goldfinch,0.17052483558654785,0.17052483558654785,drop,0,,,
carduelis_carduelis,749285,Carduelis carduelis,/Users/justyna-przy/Projects/ISE/FYP/src/bird_data/raw/carduelis_carduelis/XC749285.mp3,1.0,4.0,-40.1257122300207,-40.0,species,Carduelis carduelis,European Goldfinch,0.40048834681510925,0.40048834681510925,species,1,rand_species,/Users/justyna-przy/Projects/ISE/FYP/src/bird_data/clips/species/carduelis_carduelis/XC749285__s1000__e4000.wav,
carduelis_carduelis,738826,Carduelis carduelis,/Users/justyna-przy/Projects/ISE/FYP/src/bird_data/raw/carduelis_carduelis/XC738826.mp3,4.0,7.0,-23.282225666126312,-26.534038079569676,species,Carduelis carduelis,European Goldfinch,0.9935534000396729,0.9935534000396729,species,1,rand_species,/Users/justyna-przy/Projects/ISE/FYP/src/bird_data/clips/species/carduelis_carduelis/XC738826__s4000__e7000.wav,
carduelis_carduelis,738826,Carduelis carduelis,/Users/justyna-przy/Projects/ISE/FYP/src/bird_data/raw/carduelis_carduelis/XC738826.mp3,7.0,10.0,-24.419779114639176,-26.534038079569676,species,Carduelis carduelis,European Goldfinch,0.9908638596534729,0.9908638596534729,species,1,rand_species,/Users/justyna-przy/Projects/ISE/FYP/src/bird_data/clips/species/carduelis_carduelis/XC738826__s7000__e10000.wav,
carduelis_carduelis,738826,Carduelis carduelis,/Users/justyna-przy/Projects/ISE/FYP/src/bird_data/raw/carduelis_carduelis/XC738826.mp3,13.0,16.0,-24.237913780228027,-26.534038079569676,species,Carduelis carduelis,European Goldfinch,0.8402391076087952,0.8402391076087952,species,1,rand_species,/Users/justyna-przy/Projects/ISE/FYP/src/bird_data/clips/species/carduelis_carduelis/XC738826__s13000__e16000.wav,
carduelis_carduelis,736650,Carduelis carduelis,/Users/justyna-przy/Projects/ISE/FYP/src/bird_data/raw/carduelis_carduelis/XC736650.mp3,1.0,4.0,-32.55623857583026,-32.55623857583026,drop,Saxicola rubicola,European Stonechat,0.2541174590587616,0.2541174590587616,drop,0,,,
carduelis_carduelis,726739,Carduelis carduelis,/Users/justyna-przy/Projects/ISE/FYP/src/bird_data/raw/carduelis_carduelis/XC726739.mp3,1.0,4.0,-33.899325781348864,-39.585463965236684,species,Carduelis carduelis,European Goldfinch,0.9920653700828552,0.9920653700828552,species,0,,,
carduelis_carduelis,726739,Carduelis carduelis,/Users/justyna-przy/Projects/ISE/FYP/src/bird_data/raw/carduelis_carduelis/XC726739.mp3,4.0,7.0,-35.472990230511726,-39.585463965236684,species,Carduelis carduelis,European Goldfinch,0.9940034747123718,0.9940034747123718,species,0,,,
carduelis_carduelis,726739,Carduelis carduelis,/Users/justyna-przy/Projects/ISE/FYP/src/bird_data/raw/carduelis_carduelis/XC726739.mp3,10.0,13.0,-39.585463965236684,-39.585463965236684,species,Carduelis carduelis,European Goldfinch,0.9739508032798767,0.9739508032798767,species,1,rand_species,/Users/justyna-przy/Projects/ISE/FYP/src/bird_data/clips/species/carduelis_carduelis/XC726739__s10000__e13000.wav,
carduelis_carduelis,726739,Carduelis carduelis,/Users/justyna-przy/Projects/ISE/FYP/src/bird_data/raw/carduelis_carduelis/XC726739.mp3,13.0,16.0,-32.007825017824956,-39.585463965236684,species,Carduelis carduelis,European Goldfinch,0.9968005418777466,0.9968005418777466,species,1,rand_species,/Users/justyna-przy/Projects/ISE/FYP/src/bird_data/clips/species/carduelis_carduelis/XC726739__s13000__e16000.wav,
carduelis_carduelis,726739,Carduelis carduelis,/Users/justyna-przy/Projects/ISE/FYP/src/bird_data/raw/carduelis_carduelis/XC726739.mp3,16.0,19.0,-24.94971665410518,-39.585463965236684,species,Carduelis carduelis,European Goldfinch,0.9868016242980957,0.9868016242980957,species,0,,,
carduelis_carduelis,726739,Carduelis carduelis,/Users/justyna-przy/Projects/ISE/FYP/src/bird_data/raw/carduelis_carduelis/XC726739.mp3,19.0,22.0,-34.41731392535382,-39.585463965236684,species,Carduelis carduelis,European Goldfinch,0.9745780825614929,0.9745780825614929,species,0,,,
carduelis_carduelis,726739,Carduelis carduelis,/Users/justyna-przy/Projects/ISE/FYP/src/bird_data/raw/carduelis_carduelis/XC726739.mp3,22.0,25.0,-24.377017664385924,-39.585463965236684,species,Carduelis carduelis,European Goldfinch,0.9919671416282654,0.9919671416282654,species,1,rand_species,/Users/justyna-przy/Projects/ISE/FYP/src/bird_data/clips/species/carduelis_carduelis/XC726739__s22000__e25000.wav,
carduelis_carduelis,726739,Carduelis carduelis,/Users/justyna-przy/Projects/ISE/FYP/src/bird_data/raw/carduelis_carduelis/XC726739.mp3,28.0,31.0,-30.060981756045408,-39.585463965236684,species,Carduelis carduelis,European Goldfinch,0.9942905902862549,0.9942905902862549,species,0,,,
carduelis_carduelis,725072,Carduelis carduelis,/Users/justyna-przy/Projects/ISE/FYP/src/bird_data/raw/carduelis_carduelis/XC725072.mp3,1.0,4.0,-33.944915867656185,-34.45770012632225,species,Carduelis carduelis,European Goldfinch,0.8335831165313721,0.8335831165313721,species,1,rand_species,/Users/justyna-przy/Projects/ISE/FYP/src/bird_data/clips/species/carduelis_carduelis/XC725072__s1000__e4000.wav,
carduelis_carduelis,725072,Carduelis carduelis,/Users/justyna-przy/Projects/ISE/FYP/src/bird_data/raw/carduelis_carduelis/XC725072.mp3,4.0,7.0,-32.546054171627084,-34.45770012632225,species,Carduelis carduelis,European Goldfinch,0.8455509543418884,0.8455509543418884,species,1,rand_species,/Users/justyna-przy/Projects/ISE/FYP/src/bird_data/clips/species/carduelis_carduelis/XC725072__s4000__e7000.wav,
carduelis_carduelis,725072,Carduelis carduelis,/Users/justyna-przy/Projects/ISE/FYP/src/bird_data/raw/carduelis_carduelis/XC725072.mp3,7.0,10.0,-33.62704807730787,-34.45770012632225,species,Carduelis carduelis,European Goldfinch,0.8453769683837891,0.8453769683837891,species,1,rand_species,/Users/justyna-przy/Projects/ISE/FYP/src/bird_data/clips/species/carduelis_carduelis/XC725072__s7000__e10000.wav,
carduelis_carduelis,725072,Carduelis carduelis,/Users/justyna-przy/Projects/ISE/FYP/src/bird_data/raw/carduelis_carduelis/XC725072.mp3,10.0,13.0,-27.691730019610915,-34.45770012632225,species,Carduelis carduelis,European Goldfinch,0.986809253692627,0.986809253692627,species,0,,,
carduelis_carduelis,723741,Carduelis carduelis,/Users/justyna-przy/Projects/ISE/FYP/src/bird_data/raw/carduelis_carduelis/XC723741.mp3,1.0,4.0,-31.091200078548667,-34.24036457811827,species,Carduelis carduelis,European Goldfinch,0.9831616878509521,0.9831616878509521,species,0,,,
carduelis_carduelis,723741,Carduelis carduelis,/Users/justyna-przy/Projects/ISE/FYP/src/bird_data/raw/carduelis_carduelis/XC723741.mp3,4.0,7.0,-30.614456635854967,-34.24036457811827,species,Carduelis carduelis,European Goldfinch,0.9904661178588867,0.9904661178588867,species,0,,,
carduelis_carduelis,723741,Carduelis carduelis,/Users/justyna-przy/Projects/ISE/FYP/src/bird_data/raw/carduelis_carduelis/XC723741.mp3,7.0,10.0,-33.026856085733094,-34.24036457811827,species,Carduelis carduelis,European Goldfinch,0.9888309836387634,0.9888309836387634,species,0,,,
carduelis_carduelis,723741,Carduelis carduelis,/Users/justyna-przy/Projects/ISE/FYP/src/bird_data/raw/carduelis_carduelis/XC723741.mp3,10.0,13.0,-30.48006563419257,-34.24036457811827,species,Carduelis carduelis,European Goldfinch,0.8339335918426514,0.8339335918426514,species,0,,,
carduelis_carduelis,723741,Carduelis carduelis,/Users/justyna-przy/Projects/ISE/FYP/src/bird_data/raw/carduelis_carduelis/XC723741.mp3,13.0,16.0,-31.696311205575224,-34.24036457811827,species,Carduelis carduelis,European Goldfinch,0.997416615486145,0.997416615486145,species,1,rand_species,/Users/justyna-przy/Projects/ISE/FYP/src/bird_data/clips/species/carduelis_carduelis/XC723741__s13000__e16000.wav,
carduelis_carduelis,723741,Carduelis carduelis,/Users/justyna-przy/Projects/ISE/FYP/src/bird_data/raw/carduelis_carduelis/XC723741.mp3,19.0,22.0,-33.75605634411424,-34.24036457811827,species,Carduelis carduelis,European Goldfinch,0.9716317653656006,0.9716317653656006,species,0,,,
carduelis_carduelis,723741,Carduelis carduelis,/Users/justyna-przy/Projects/ISE/FYP/src/bird_data/raw/carduelis_carduelis/XC723741.mp3,31.0,34.0,-34.13491487554667,-34.24036457811827,species,Carduelis carduelis,European Goldfinch,0.973942220211029,0.973942220211029,species,0,,,
carduelis_carduelis,723741,Carduelis carduelis,/Users/justyna-przy/Projects/ISE/FYP/src/bird_data/raw/carduelis_carduelis/XC723741.mp3,34.0,37.0,-26.99424612897357,-34.24036457811827,species,Carduelis carduelis,European Goldfinch,0.9690431356430054,0.9690431356430054,species,1,rand_species,/Users/justyna-przy/Projects/ISE/FYP/src/bird_data/clips/species/carduelis_carduelis/XC723741__s34000__e37000.wav,
carduelis_carduelis,723741,Carduelis carduelis,/Users/justyna-przy/Projects/ISE/FYP/src/bird_data/raw/carduelis_carduelis/XC723741.mp3,37.0,40.0,-27.93313515200977,-34.24036457811827,species,Carduelis carduelis,European Goldfinch,0.8861113786697388,0.8861113786697388,species,1,rand_species,/Users/justyna-przy/Projects/ISE/FYP/src/bird_data/clips/species/carduelis_carduelis/XC723741__s37000__e40000.wav,
carduelis_carduelis,723741,Carduelis carduelis,/Users/justyna-przy/Projects/ISE/FYP/src/bird_data/raw/carduelis_carduelis/XC723741.mp3,40.0,43.0,-30.510628813617807,-34.24036457811827,species,Carduelis carduelis,European Goldfinch,0.9740047454833984,0.9740047454833984,species,0,,,
carduelis_carduelis,716306,Carduelis carduelis,/Users/justyna-przy/Projects/ISE/FYP/src/bird_data/raw/carduelis_carduelis/XC716306.mp3,1.0,4.0,-28.453586358951522,-31.137259238370095,species,Carduelis carduelis,European Goldfinch,0.9923105239868164,0.9923105239868164,species,1,rand_species,/Users/justyna-przy/Projects/ISE/FYP/src/bird_data/clips/species/carduelis_carduelis/XC716306__s1000__e4000.wav,
carduelis_carduelis,716306,Carduelis carduelis,/Users/justyna-przy/Projects/ISE/FYP/src/bird_data/raw/carduelis_carduelis/XC716306.mp3,4.0,7.0,-31.032259680612494,-31.137259238370095,species,Carduelis carduelis,European Goldfinch,0.41027429699897766,0.41027429699897766,species,1,rand_species,/Users/justyna-przy/Projects/ISE/FYP/src/bird_data/clips/species/carduelis_carduelis/XC716306__s4000__e7000.wav,
carduelis_carduelis,716306,Carduelis carduelis,/Users/justyna-przy/Projects/ISE/FYP/src/bird_data/raw/carduelis_carduelis/XC716306.mp3,7.0,10.0,-22.52663347713812,-31.137259238370095,species,Carduelis carduelis,European Goldfinch,0.9984519481658936,0.9984519481658936,species,1,rand_species,/Users/justyna-przy/Projects/ISE/FYP/src/bird_data/clips/species/carduelis_carduelis/XC716306__s7000__e10000.wav,
carduelis_carduelis,715014,Carduelis carduelis,/Users/justyna-przy/Projects/ISE/FYP/src/bird_data/raw/carduelis_carduelis/XC715014.mp3,1.0,4.0,-27.7052046312504,-28.48176023957381,species,Carduelis carduelis,European Goldfinch,0.998958945274353,0.998958945274353,species,0,,,
carduelis_carduelis,715014,Carduelis carduelis,/Users/justyna-przy/Projects/ISE/FYP/src/bird_data/raw/carduelis_carduelis/XC715014.mp3,4.0,7.0,-28.46970076836914,-28.48176023957381,species,Carduelis carduelis,European Goldfinch,0.9988693594932556,0.9988693594932556,species,0,,,
carduelis_carduelis,715014,Carduelis carduelis,/Users/justyna-przy/Projects/ISE/FYP/src/bird_data/raw/carduelis_carduelis/XC715014.mp3,7.0,10.0,-28.283967830313607,-28.48176023957381,species,Carduelis carduelis,European Goldfinch,0.9987659454345703,0.9987659454345703,species,0,,,
carduelis_carduelis,715014,Carduelis carduelis,/Users/justyna-przy/Projects/ISE/FYP/src/bird_data/raw/carduelis_carduelis/XC715014.mp3,13.0,16.0,-26.672529422283308,-28.48176023957381,species,Carduelis carduelis,European Goldfinch,0.9580841064453125,0.9580841064453125,species,0,,,
carduelis_carduelis,715014,Carduelis carduelis,/Users/justyna-przy/Projects/ISE/FYP/src/bird_data/raw/carduelis_carduelis/XC715014.mp3,16.0,19.0,-25.557023203193083,-28.48176023957381,species,Carduelis carduelis,European Goldfinch,0.9957988858222961,0.9957988858222961,species,1,rand_species,/Users/justyna-przy/Projects/ISE/FYP/src/bird_data/clips/species/carduelis_carduelis/XC715014__s16000__e19000.wav,
carduelis_carduelis,715014,Carduelis carduelis,/Users/justyna-przy/Projects/ISE/FYP/src/bird_data/raw/carduelis_carduelis/XC715014.mp3,19.0,22.0,-27.679365817632974,-28.48176023957381,species,Carduelis carduelis,European Goldfinch,0.9580305814743042,0.9580305814743042,species,0,,,
carduelis_carduelis,715014,Carduelis carduelis,/Users/justyna-przy/Projects/ISE/FYP/src/bird_data/raw/carduelis_carduelis/XC715014.mp3,31.0,34.0,-26.019934522579224,-28.48176023957381,species,Carduelis carduelis,European Goldfinch,0.980726420879364,0.980726420879364,species,1,rand_species,/Users/justyna-przy/Projects/ISE/FYP/src/bird_data/clips/species/carduelis_carduelis/XC715014__s31000__e34000.wav,
carduelis_carduelis,715014,Carduelis carduelis,/Users/justyna-przy/Projects/ISE/FYP/src/bird_data/raw/carduelis_carduelis/XC715014.mp3,34.0,37.0,-24.785871790346427,-28.48176023957381,species,Carduelis carduelis,European Goldfinch,0.9980725049972534,0.9980725049972534,species,0,,,
carduelis_carduelis,715014,Carduelis carduelis,/Users/justyna-przy/Projects/ISE/FYP/src/bird_data/raw/carduelis_carduelis/XC715014.mp3,37.0,40.0,-22.90943039561173,-28.48176023957381,species,Carduelis carduelis,European Goldfinch,0.9460257291793823,0.9460257291793823,species,0,,,
carduelis_carduelis,715014,Carduelis carduelis,/Users/justyna-przy/Projects/ISE/FYP/src/bird_data/raw/carduelis_carduelis/XC715014.mp3,40.0,43.0,-24.144029639403257,-28.48176023957381,species,Carduelis carduelis,European Goldfinch,0.9902841448783875,0.9902841448783875,species,1,rand_species,/Users/justyna-przy/Projects/ISE/FYP/src/bird_data/clips/species/carduelis_carduelis/XC715014__s40000__e43000.wav,
carduelis_carduelis,711726,Carduelis carduelis,/Users/justyna-przy/Projects/ISE/FYP/src/bird_data/raw/carduelis_carduelis/XC711726.mp3,40.0,43.0,-45.69407594297967,-40.0,species,Carduelis carduelis,European Goldfinch,0.6085055470466614,0.6085055470466614,species,1,rand_species,/Users/justyna-przy/Projects/ISE/FYP/src/bird_data/clips/species/carduelis_carduelis/XC711726__s40000__e43000.wav,
carduelis_carduelis,678445,Carduelis carduelis,/Users/justyna-przy/Projects/ISE/FYP/src/bird_data/raw/carduelis_carduelis/XC678445.mp3,7.0,10.0,-47.771188252921306,-40.0,species,Carduelis carduelis,European Goldfinch,0.44419196248054504,0.44419196248054504,species,1,rand_species,/Users/justyna-przy/Projects/ISE/FYP/src/bird_data/clips/species/carduelis_carduelis/XC678445__s7000__e10000.wav,
carduelis_carduelis,671215,Carduelis carduelis,/Users/justyna-przy/Projects/ISE/FYP/src/bird_data/raw/carduelis_carduelis/XC671215.mp3,7.0,10.0,-31.43057467755851,-32.69493521752477,species,Carduelis carduelis,European Goldfinch,0.9692903757095337,0.9692903757095337,species,1,rand_species,/Users/justyna-przy/Projects/ISE/FYP/src/bird_data/clips/species/carduelis_carduelis/XC671215__s7000__e10000.wav,
carduelis_carduelis,671215,Carduelis carduelis,/Users/justyna-przy/Projects/ISE/FYP/src/bird_data/raw/carduelis_carduelis/XC671215.mp3,10.0,13.0,-29.785620814890855,-32.69493521752477,species,Carduelis carduelis,European Goldfinch,0.8406069278717041,0.8406069278717041,species,1,rand_species,/Users/justyna-przy/Projects/ISE/FYP/src/bird_data/clips/species/carduelis_carduelis/XC671215__s10000__e13000.wav,
carduelis_carduelis,671215,Carduelis carduelis,/Users/justyna-przy/Projects/ISE/FYP/src/bird_data/raw/carduelis_carduelis/XC671215.mp3,13.0,16.0,-32.20577890057177,-32.69493521752477,species,Carduelis carduelis,European Goldfinch,0.7977287173271179,0.7977287173271179,species,1,rand_species,/Users/justyna-przy/Projects/ISE/FYP/src/bird_data/clips/species/carduelis_carduelis/XC671215__s13000__e16000.wav,
carduelis_carduelis,669732,Carduelis carduelis,/Users/justyna-przy/Projects/ISE/FYP/src/bird_data/raw/carduelis_carduelis/XC669732.mp3,22.0,25.0,-45.69114471785737,-40.0,species,Carduelis carduelis,European Goldfinch,0.9817630052566528,0.9817630052566528,species,1,rand_species,/Users/justyna-przy/Projects/ISE/FYP/src/bird_data/clips/species/carduelis_carduelis/XC669732__s22000__e25000.wav,
carduelis_carduelis,669730,Carduelis carduelis,/Users/justyna-przy/Projects/ISE/FYP/src/bird_data/raw/carduelis_carduelis/XC669730.mp3,1.0,4.0,-49.516558199701855,-40.0,species,Carduelis carduelis,European Goldfinch,0.7693036198616028,0.7693036198616028,species,1,rand_species,/Users/justyna-przy/Projects/ISE/FYP/src/bird_data/clips/species/carduelis_carduelis/XC669730__s1000__e4000.wav,
carduelis_carduelis,666834,Carduelis carduelis,/Users/justyna-przy/Projects/ISE/FYP/src/bird_data/raw/carduelis_carduelis/XC666834.mp3,10.0,13.0,-34.2034727036401,-39.0599525704278,drop,Chloris chloris,European Greenfinch,0.17413555085659027,0.17413555085659027,drop,0,,,
carduelis_carduelis,666834,Carduelis carduelis,/Users/justyna-przy/Projects/ISE/FYP/src/bird_data/raw/carduelis_carduelis/XC666834.mp3,13.0,16.0,-28.570963459024263,-39.0599525704278,species,Carduelis carduelis,European Goldfinch,0.9578643441200256,0.9578643441200256,species,1,rand_species,/Users/justyna-przy/Projects/ISE/FYP/src/bird_data/clips/species/carduelis_carduelis/XC666834__s13000__e16000.wav,
carduelis_carduelis,666834,Carduelis carduelis,/Users/justyna-przy/Projects/ISE/FYP/src/bird_data/raw/carduelis_carduelis/XC666834.mp3,16.0,19.0,-31.78025925702858,-39.0599525704278,drop,Phyllomyias griseocapilla,Gray-capped Tyrannulet,0.6464704871177673,0.6464704871177673,drop,0,,,
carduelis_carduelis,666834,Carduelis carduelis,/Users/justyna-przy/Projects/ISE/FYP/src/bird_data/raw/carduelis_carduelis/XC666834.mp3,19.0,22.0,-38.91433287179514,-39.0599525704278,species,Carduelis carduelis,European Goldfinch,0.918876588344574,0.918876588344574,species,1,rand_species,/Users/justyna-przy/Projects/ISE/FYP/src/bird_data/clips/species/carduelis_carduelis/XC666834__s19000__e22000.wav,
carduelis_carduelis,666834,Carduelis carduelis,/Users/justyna-przy/Projects/ISE/FYP/src/bird_data/raw/carduelis_carduelis/XC666834.mp3,22.0,25.0,-38.667936765228596,-39.0599525704278,species,Carduelis carduelis,European Goldfinch,0.8714832663536072,0.8714832663536072,species,0,,,
carduelis_carduelis,666834,Carduelis carduelis,/Users/justyna-przy/Projects/ISE/FYP/src/bird_data/raw/carduelis_carduelis/XC666834.mp3,25.0,28.0,-32.05607352437673,-39.0599525704278,non_bird,,,0.0,0.0,non_bird,1,nonbird_lowconf,/Users/justyna-przy/Projects/ISE/FYP/src/bird_data/clips/non_bird/carduelis_carduelis/XC666834__s25000__e28000.wav,
carduelis_carduelis,666834,Carduelis carduelis,/Users/justyna-przy/Projects/ISE/FYP/src/bird_data/raw/carduelis_carduelis/XC666834.mp3,28.0,31.0,-31.962221267558682,-39.0599525704278,species,Carduelis carduelis,European Goldfinch,0.569218099117279,0.569218099117279,species,1,rand_species,/Users/justyna-przy/Projects/ISE/FYP/src/bird_data/clips/species/carduelis_carduelis/XC666834__s28000__e31000.wav,
carduelis_carduelis,666118,Carduelis carduelis,/Users/justyna-przy/Projects/ISE/FYP/src/bird_data/raw/carduelis_carduelis/XC666118.mp3,1.0,4.0,-35.302287266602654,-35.8290719346766,species,Carduelis carduelis,European Goldfinch,0.9730990529060364,0.9730990529060364,species,1,rand_species,/Users/justyna-przy/Projects/ISE/FYP/src/bird_data/clips/species/carduelis_carduelis/XC666118__s1000__e4000.wav,
carduelis_carduelis,666118,Carduelis carduelis,/Users/justyna-przy/Projects/ISE/FYP/src/bird_data/raw/carduelis_carduelis/XC666118.mp3,4.0,7.0,-34.99209276457357,-35.8290719346766,species,Carduelis carduelis,European Goldfinch,0.7225250601768494,0.7225250601768494,species,1,rand_species,/Users/justyna-przy/Projects/ISE/FYP/src/bird_data/clips/species/carduelis_carduelis/XC666118__s4000__e7000.wav,
carduelis_carduelis,666118,Carduelis carduelis,/Users/justyna-przy/Projects/ISE/FYP/src/bird_data/raw/carduelis_carduelis/XC666118.mp3,16.0,19.0,-35.51371026647456,-35.8290719346766,species,Carduelis carduelis,European Goldfinch,0.9742525815963745,0.9742525815963745,species,0,,,
carduelis_carduelis,666118,Carduelis carduelis,/Users/justyna-przy/Projects/ISE/FYP/src/bird_data/raw/carduelis_carduelis/XC666118.mp3,19.0,22.0,-30.90773338644864,-35.8290719346766,drop,Columba palumbus,Common Wood-Pigeon,0.7732620239257812,0.7732620239257812,drop,0,,,
carduelis_carduelis,666118,Carduelis carduelis,/Users/justyna-przy/Projects/ISE/FYP/src/bird_data/raw/carduelis_carduelis/XC666118.mp3,22.0,25.0,-30.092314173535865,-35.8290719346766,drop,Columba palumbus,Common Wood-Pigeon,0.9646123051643372,0.9646123051643372,drop,0,,,
carduelis_carduelis,666118,Carduelis carduelis,/Users/justyna-przy/Projects/ISE/FYP/src/bird_data/raw/carduelis_carduelis/XC666118.mp3,25.0,28.0,-29.840897789645823,-35.8290719346766,species,Carduelis carduelis,European Goldfinch,0.8231921792030334,0.8231921792030334,species,0,,,
carduelis_carduelis,666118,Carduelis carduelis,/Users/justyna-przy/Projects/ISE/FYP/src/bird_data/raw/carduelis_carduelis/XC666118.mp3,28.0,31.0,-30.375050199820535,-35.8290719346766,species,Carduelis carduelis,European Goldfinch,0.8527893424034119,0.8527893424034119,species,1,rand_species,/Users/justyna-przy/Projects/ISE/FYP/src/bird_data/clips/species/carduelis_carduelis/XC666118__s28000__e31000.wav,
carduelis_carduelis,666118,Carduelis carduelis,/Users/justyna-przy/Projects/ISE/FYP/src/bird_data/raw/carduelis_carduelis/XC666118.mp3,31.0,34.0,-33.026162369540636,-35.8290719346766,species,Carduelis carduelis,European Goldfinch,0.9931935667991638,0.9931935667991638,species,0,,,
carduelis_carduelis,666118,Carduelis carduelis,/Users/justyna-przy/Projects/ISE/FYP/src/bird_data/raw/carduelis_carduelis/XC666118.mp3,40.0,43.0,-32.24450421906505,-35.8290719346766,species,Carduelis carduelis,European Goldfinch,0.9948869347572327,0.9948869347572327,species,0,,,
carduelis_carduelis,666118,Carduelis carduelis,/Users/justyna-przy/Projects/ISE/FYP/src/bird_data/raw/carduelis_carduelis/XC666118.mp3,43.0,46.0,-32.58954536890947,-35.8290719346766,species,Carduelis carduelis,European Goldfinch,0.9931555390357971,0.9931555390357971,species,0,,,
carduelis_carduelis,666118,Carduelis carduelis,/Users/justyna-przy/Projects/ISE/FYP/src/bird_data/raw/carduelis_carduelis/XC666118.mp3,46.0,49.0,-32.36439585714467,-35.8290719346766,species,Carduelis carduelis,European Goldfinch,0.918086051940918,0.918086051940918,species,0,,,
carduelis_carduelis,636443,Carduelis carduelis,/Users/justyna-przy/Projects/ISE/FYP/src/bird_data/raw/carduelis_carduelis/XC636443.mp3,4.0,7.0,-23.28007101242388,-29.219381454011106,species,Carduelis carduelis,European Goldfinch,0.9589529633522034,0.9589529633522034,species,1,rand_species,/Users/justyna-przy/Projects/ISE/FYP/src/bird_data/clips/species/carduelis_carduelis/XC636443__s4000__e7000.wav,
carduelis_carduelis,636443,Carduelis carduelis,/Users/justyna-przy/Projects/ISE/FYP/src/bird_data/raw/carduelis_carduelis/XC636443.mp3,7.0,10.0,-24.555774853735805,-29.219381454011106,species,Carduelis carduelis,European Goldfinch,0.9626307487487793,0.9626307487487793,species,1,rand_species,/Users/justyna-przy/Projects/ISE/FYP/src/bird_data/clips/species/carduelis_carduelis/XC636443__s7000__e10000.wav,
carduelis_carduelis,636443,Carduelis carduelis,/Users/justyna-przy/Projects/ISE/FYP/src/bird_data/raw/carduelis_carduelis/XC636443.mp3,10.0,13.0,-27.655726676400224,-29.219381454011106,drop,Remiz pendulinus,Eurasian Penduline-Tit,0.23320934176445007,0.23320934176445007,drop,0,,,
carduelis_carduelis,631728,Carduelis carduelis,/Users/justyna-przy/Projects/ISE/FYP/src/bird_data/raw/carduelis_carduelis/XC631728.mp3,1.0,4.0,-31.377201728308115,-31.377201728308115,drop,Sinosuthora webbiana,Vinous-throated Parrotbill,0.1807006448507309,0.1807006448507309,drop,0,,,
carduelis_carduelis,629241,Carduelis carduelis,/Users/justyna-przy/Projects/ISE/FYP/src/bird_data/raw/carduelis_carduelis/XC629241.mp3,1.0,4.0,-76.9787135400779,-40.0,non_bird,,,0.0,0.0,non_bird,1,nonbird_lowconf,/Users/justyna-przy/Projects/ISE/FYP/src/bird_data/clips/non_bird/carduelis_carduelis/XC629241__s1000__e4000.wav,
carduelis_carduelis,627920,Carduelis carduelis,/Users/justyna-przy/Projects/ISE/FYP/src/bird_data/raw/carduelis_carduelis/XC627920.mp3,1.0,4.0,-19.527352300558753,-29.499238945690763,species,Carduelis carduelis,European Goldfinch,0.80159991979599,0.80159991979599,species,1,rand_species,/Users/justyna-przy/Projects/ISE/FYP/src/bird_data/clips/species/carduelis_carduelis/XC627920__s1000__e4000.wav,
carduelis_carduelis,627920,Carduelis carduelis,/Users/justyna-przy/Projects/ISE/FYP/src/bird_data/raw/carduelis_carduelis/XC627920.mp3,4.0,7.0,-21.367416521900875,-29.499238945690763,species,Carduelis carduelis,European Goldfinch,0.9973465204238892,0.9973465204238892,species,0,,,
carduelis_carduelis,627920,Carduelis carduelis,/Users/justyna-przy/Projects/ISE/FYP/src/bird_data/raw/carduelis_carduelis/XC627920.mp3,10.0,13.0,-27.698929474902553,-29.499238945690763,species,Carduelis carduelis,European Goldfinch,0.998969554901123,0.998969554901123,species,0,,,
carduelis_carduelis,627920,Carduelis carduelis,/Users/justyna-przy/Projects/ISE/FYP/src/bird_data/raw/carduelis_carduelis/XC627920.mp3,13.0,16.0,-26.850065860347556,-29.499238945690763,species,Carduelis carduelis,European Goldfinch,0.9954356551170349,0.9954356551170349,species,1,rand_species,/Users/justyna-przy/Projects/ISE/FYP/src/bird_data/clips/species/carduelis_carduelis/XC627920__s13000__e16000.wav,
carduelis_carduelis,627920,Carduelis carduelis,/Users/justyna-przy/Projects/ISE/FYP/src/bird_data/raw/carduelis_carduelis/XC627920.mp3,16.0,19.0,-25.868468419381795,-29.499238945690763,species,Carduelis carduelis,European Goldfinch,0.9058007597923279,0.9058007597923279,species,1,rand_species,/Users/justyna-przy/Projects/ISE/FYP/src/bird_data/clips/species/carduelis_carduelis/XC627920__s16000__e19000.wav,
carduelis_carduelis,624403,Carduelis carduelis,/Users/justyna-przy/Projects/ISE/FYP/src/bird_data/raw/carduelis_carduelis/XC624403.mp3,1.0,4.0,-36.16815089127145,-40.0,species,Carduelis carduelis,European Goldfinch,0.8517560362815857,0.8517560362815857,species,1,rand_species,/Users/justyna-przy/Projects/ISE/FYP/src/bird_data/clips/species/carduelis_carduelis/XC624403__s1000__e4000.wav,
carduelis_carduelis,624403,Carduelis carduelis,/Users/justyna-przy/Projects/ISE/FYP/src/bird_data/raw/carduelis_carduelis/XC624403.mp3,4.0,7.0,-38.27876978074479,-40.0,species,Carduelis carduelis,European Goldfinch,0.6687558889389038,0.6687558889389038,species,1,rand_species,/Users/justyna-przy/Projects/ISE/FYP/src/bird_data/clips/species/carduelis_carduelis/XC624403__s4000__e7000.wav,
carduelis_carduelis,623624,Carduelis carduelis,/Users/justyna-przy/Projects/ISE/FYP/src/bird_data/raw/carduelis_carduelis/XC623624.mp3,4.0,7.0,-26.14909936592435,-27.9934568833602,drop,Carduelis carduelis,European Goldfinch,0.16774287819862366,0.16774287819862366,drop,0,,,
carduelis_carduelis,623624,Carduelis carduelis,/Users/justyna-przy/Projects/ISE/FYP/src/bird_data/raw/carduelis_carduelis/XC623624.mp3,13.0,16.0,-25.79625498431078,-27.9934568833602,species,Carduelis carduelis,European Goldfinch,0.9698969721794128,0.9698969721794128,species,0,,,
carduelis_carduelis,623624,Carduelis carduelis,/Users/justyna-przy/Projects/ISE/FYP/src/bird_data/raw/carduelis_carduelis/XC623624.mp3,16.0,19.0,-24.026452183473396,-27.9934568833602,drop,Linaria cannabina,Eurasian Linnet,0.756751298904419,0.756751298904419,drop,0,,,
carduelis_carduelis,623624,Carduelis carduelis,/Users/justyna-przy/Projects/ISE/FYP/src/bird_data/raw/carduelis_carduelis/XC623624.mp3,19.0,22.0,-25.76949684650871,-27.9934568833602,species,Carduelis carduelis,European Goldfinch,0.9302259087562561,0.9302259087562561,species,1,rand_species,/Users/justyna-przy/Projects/ISE/FYP/src/bird_data/clips/species/carduelis_carduelis/XC623624__s19000__e22000.wav,
carduelis_carduelis,623624,Carduelis carduelis,/Users/justyna-przy/Projects/ISE/FYP/src/bird_data/raw/carduelis_carduelis/XC623624.mp3,22.0,25.0,-24.721905726570487,-27.9934568833602,species,Carduelis carduelis,European Goldfinch,0.8089916110038757,0.8089916110038757,species,1,rand_species,/Users/justyna-przy/Projects/ISE/FYP/src/bird_data/clips/species/carduelis_carduelis/XC623624__s22000__e25000.wav,
carduelis_carduelis,623624,Carduelis carduelis,/Users/justyna-przy/Projects/ISE/FYP/src/bird_data/raw/carduelis_carduelis/XC623624.mp3,25.0,28.0,-25.16266828870593,-27.9934568833602,species,Carduelis carduelis,European Goldfinch,0.9919306635856628,0.9919306635856628,species,0,,,
carduelis_carduelis,623624,Carduelis carduelis,/Users/justyna-przy/Projects/ISE/FYP/src/bird_data/raw/carduelis_carduelis/XC623624.mp3,28.0,31.0,-23.374424902282538,-27.9934568833602,drop,Spinus magellanicus,Hooded Siskin,0.17805345356464386,0.17805345356464386,drop,0,,,
carduelis_carduelis,623624,Carduelis carduelis,/Users/justyna-przy/Projects/ISE/FYP/src/bird_data/raw/carduelis_carduelis/XC623624.mp3,31.0,34.0,-25.69127789326453,-27.9934568833602,drop,Linaria cannabina,Eurasian Linnet,0.3120686411857605,0.3120686411857605,drop,0,,,
carduelis_carduelis,623624,Carduelis carduelis,/Users/justyna-przy/Projects/ISE/FYP/src/bird_data/raw/carduelis_carduelis/XC623624.mp3,37.0,40.0,-27.739860000099434,-27.9934568833602,species,Carduelis carduelis,European Goldfinch,0.623075008392334,0.623075008392334,species,1,rand_species,/Users/justyna-przy/Projects/ISE/FYP/src/bird_data/clips/species/carduelis_carduelis/XC623624__s37000__e40000.wav,
carduelis_carduelis,623624,Carduelis carduelis,/Users/justyna-przy/Projects/ISE/FYP/src/bird_data/raw/carduelis_carduelis/XC623624.mp3,40.0,43.0,-22.991709629497336,-27.9934568833602,drop,Linaria cannabina,Eurasian Linnet,0.6232596635818481,0.6232596635818481,drop,0,,,
carduelis_carduelis,621404,Carduelis carduelis,/Users/justyna-przy/Projects/ISE/FYP/src/bird_data/raw/carduelis_carduelis/XC621404.mp3,1.0,4.0,-24.658364693034272,-28.393062884605314,species,Carduelis carduelis,European Goldfinch,0.8740794658660889,0.8740794658660889,species,0,,,
carduelis_carduelis,621404,Carduelis carduelis,/Users/justyna-przy/Projects/ISE/FYP/src/bird_data/raw/carduelis_carduelis/XC621404.mp3,4.0,7.0,-28.327740516780146,-28.393062884605314,species,Carduelis carduelis,European Goldfinch,0.9677594900131226,0.9677594900131226,species,0,,,
carduelis_carduelis,621404,Carduelis carduelis,/Users/justyna-przy/Projects/ISE/FYP/src/bird_data/raw/carduelis_carduelis/XC621404.mp3,16.0,19.0,-26.533944798940155,-28.393062884605314,species,Carduelis carduelis,European Goldfinch,0.9419406652450562,0.9419406652450562,species,0,,,
carduelis_carduelis,621404,Carduelis carduelis,/Users/justyna-przy/Projects/ISE/FYP/src/bird_data/raw/carduelis_carduelis/XC621404.mp3,19.0,22.0,-27.24185744285798,-28.393062884605314,species,Carduelis carduelis,European Goldfinch,0.8643919229507446,0.8643919229507446,species,0,,,
carduelis_carduelis,621404,Carduelis carduelis,/Users/justyna-przy/Projects/ISE/FYP/src/bird_data/raw/carduelis_carduelis/XC621404.mp3,22.0,25.0,-28.35153271243003,-28.393062884605314,species,Carduelis carduelis,European Goldfinch,0.9973468780517578,0.9973468780517578,species,1,rand_species,/Users/justyna-przy/Projects/ISE/FYP/src/bird_data/clips/species/carduelis_carduelis/XC621404__s22000__e25000.wav,
carduelis_carduelis,621404,Carduelis carduelis,/Users/justyna-przy/Projects/ISE/FYP/src/bird_data/raw/carduelis_carduelis/XC621404.mp3,25.0,28.0,-26.51053620758985,-28.393062884605314,species,Carduelis carduelis,European Goldfinch,0.990656316280365,0.990656316280365,species,0,,,
carduelis_carduelis,621404,Carduelis carduelis,/Users/justyna-przy/Projects/ISE/FYP/src/bird_data/raw/carduelis_carduelis/XC621404.mp3,28.0,31.0,-26.08152198610358,-28.393062884605314,species,Carduelis carduelis,European Goldfinch,0.9845153093338013,0.9845153093338013,species,0,,,
carduelis_carduelis,621404,Carduelis carduelis,/Users/justyna-przy/Projects/ISE/FYP/src/bird_data/raw/carduelis_carduelis/XC621404.mp3,31.0,34.0,-27.480124168663433,-28.393062884605314,species,Carduelis carduelis,European Goldfinch,0.9238713979721069,0.9238713979721069,species,1,rand_species,/Users/justyna-przy/Projects/ISE/FYP/src/bird_data/clips/species/carduelis_carduelis/XC621404__s31000__e34000.wav,
carduelis_carduelis,621404,Carduelis carduelis,/Users/justyna-przy/Projects/ISE/FYP/src/bird_data/raw/carduelis_carduelis/XC621404.mp3,37.0,40.0,-28.04355057247513,-28.393062884605314,species,Carduelis carduelis,European Goldfinch,0.9834761619567871,0.9834761619567871,species,1,rand_species,/Users/justyna-przy/Projects/ISE/FYP/src/bird_data/clips/species/carduelis_carduelis/XC621404__s37000__e40000.wav,
carduelis_carduelis,621404,Carduelis carduelis,/Users/justyna-przy/Projects/ISE/FYP/src/bird_data/raw/carduelis_carduelis/XC621404.mp3,40.0,43.0,-26.592322147874864,-28.393062884605314,species,Carduelis carduelis,European Goldfinch,0.9445289373397827,0.9445289373397827,species,0,,,
carduelis_carduelis,615349,Carduelis carduelis,/Users/justyna-przy/Projects/ISE/FYP/src/bird_data/raw/carduelis_carduelis/XC615349.mp3,1.0,4.0,-34.58764952499716,-35.332210374709334,species,Carduelis carduelis,European Goldfinch,0.876666784286499,0.876666784286499,species,0,,,
carduelis_carduelis,615349,Carduelis carduelis,/Users/justyna-przy/Projects/ISE/FYP/src/bird_data/raw/carduelis_carduelis/XC615349.mp3,4.0,7.0,-29.700932045365924,-35.332210374709334,species,Carduelis carduelis,European Goldfinch,0.827470600605011,0.827470600605011,species,0,,,
carduelis_carduelis,615349,Carduelis carduelis,/Users/justyna-przy/Projects/ISE/FYP/src/bird_data/raw/carduelis_carduelis/XC615349.mp3,7.0,10.0,-30.718969815384433,-35.332210374709334,drop,Troglodytes troglodytes,Eurasian Wren,0.6286427974700928,0.6286427974700928,drop,0,,,
carduelis_carduelis,615349,Carduelis carduelis,/Users/justyna-przy/Projects/ISE/FYP/src/bird_data/raw/carduelis_carduelis/XC615349.mp3,16.0,19.0,-33.84943646776272,-35.332210374709334,species,Carduelis carduelis,European Goldfinch,0.9842103719711304,0.9842103719711304,species,1,rand_species,/Users/justyna-przy/Projects/ISE/FYP/src/bird_data/clips/species/carduelis_carduelis/XC615349__s16000__e19000.wav,
carduelis_carduelis,615349,Carduelis carduelis,/Users/justyna-przy/Projects/ISE/FYP/src/bird_data/raw/carduelis_carduelis/XC615349.mp3,19.0,22.0,-32.71405083305504,-35.332210374709334,drop,Spinus magellanicus,Hooded Siskin,0.26390522718429565,0.26390522718429565,drop,0,,,
carduelis_carduelis,615349,Carduelis carduelis,/Users/justyna-przy/Projects/ISE/FYP/src/bird_data/raw/carduelis_carduelis/XC615349.mp3,22.0,25.0,-34.54065240607322,-35.332210374709334,species,Carduelis carduelis,European Goldfinch,0.8605350255966187,0.8605350255966187,species,1,rand_species,/Users/justyna-przy/Projects/ISE/FYP/src/bird_data/clips/species/carduelis_carduelis/XC615349__s22000__e25000.wav,
carduelis_carduelis,615349,Carduelis carduelis,/Users/justyna-przy/Projects/ISE/FYP/src/bird_data/raw/carduelis_carduelis/XC615349.mp3,25.0,28.0,-34.579916448001356,-35.332210374709334,drop,Hirundo rustica,Barn Swallow,0.9287331104278564,0.9287331104278564,drop,0,,,
carduelis_carduelis,615349,Carduelis carduelis,/Users/justyna-przy/Projects/ISE/FYP/src/bird_data/raw/carduelis_carduelis/XC615349.mp3,28.0,31.0,-34.67247346652435,-35.332210374709334,species,Carduelis carduelis,European Goldfinch,0.7907168865203857,0.7907168865203857,species,0,,,
carduelis_carduelis,615349,Carduelis carduelis,/Users/justyna-przy/Projects/ISE/FYP/src/bird_data/raw/carduelis_carduelis/XC615349.mp3,31.0,34.0,-34.167735994981825,-35.332210374709334,drop,Carduelis carduelis,European Goldfinch,0.15093356370925903,0.15093356370925903,drop,0,,,
carduelis_carduelis,615349,Carduelis carduelis,/Users/justyna-przy/Projects/ISE/FYP/src/bird_data/raw/carduelis_carduelis/XC615349.mp3,40.0,43.0,-34.891298008808015,-35.332210374709334,species,Carduelis carduelis,European Goldfinch,0.928950309753418,0.928950309753418,species,0,,,
carduelis_carduelis,615349,Carduelis carduelis,/Users/justyna-przy/Projects/ISE/FYP/src/bird_data/raw/carduelis_carduelis/XC615349.mp3,46.0,49.0,-34.43604841478598,-35.332210374709334,species,Carduelis carduelis,European Goldfinch,0.9583446383476257,0.9583446383476257,species,1,rand_species,/Users/justyna-przy/Projects/ISE/FYP/src/bird_data/clips/species/carduelis_carduelis/XC615349__s46000__e49000.wav,
carduelis_carduelis,610868,Carduelis carduelis,/Users/justyna-przy/Projects/ISE/FYP/src/bird_data/raw/carduelis_carduelis/XC610868.mp3,4.0,7.0,-29.228771877462645,-40.0,non_bird,,,0.0,0.0,non_bird,1,nonbird_lowconf,/Users/justyna-przy/Projects/ISE/FYP/src/bird_data/clips/non_bird/carduelis_carduelis/XC610868__s4000__e7000.wav,
carduelis_carduelis,610868,Carduelis carduelis,/Users/justyna-przy/Projects/ISE/FYP/src/bird_data/raw/carduelis_carduelis/XC610868.mp3,10.0,13.0,-38.48882054051536,-40.0,species,Carduelis carduelis,European Goldfinch,0.8664543628692627,0.8664543628692627,species,1,rand_species,/Users/justyna-przy/Projects/ISE/FYP/src/bird_data/clips/species/carduelis_carduelis/XC610868__s10000__e13000.wav,
carduelis_carduelis,602330,Carduelis carduelis,/Users/justyna-przy/Projects/ISE/FYP/src/bird_data/raw/carduelis_carduelis/XC602330.mp3,10.0,13.0,-44.52763050769954,-40.0,species,Carduelis carduelis,European Goldfinch,0.6142836213111877,0.6142836213111877,species,1,rand_species,/Users/justyna-przy/Projects/ISE/FYP/src/bird_data/clips/species/carduelis_carduelis/XC602330__s10000__e13000.wav,
carduelis_carduelis,581075,Carduelis carduelis,/Users/justyna-przy/Projects/ISE/FYP/src/bird_data/raw/carduelis_carduelis/XC581075.mp3,10.0,13.0,-38.69896049880903,-40.0,drop,Sitta neumayer,Western Rock Nuthatch,0.42201706767082214,0.42201706767082214,drop,0,,,
carduelis_carduelis,580068,Carduelis carduelis,/Users/justyna-przy/Projects/ISE/FYP/src/bird_data/raw/carduelis_carduelis/XC580068.mp3,13.0,16.0,-43.66883183306641,-40.0,species,Carduelis carduelis,European Goldfinch,0.9221121072769165,0.9221121072769165,species,1,rand_species,/Users/justyna-przy/Projects/ISE/FYP/src/bird_data/clips/species/carduelis_carduelis/XC580068__s13000__e16000.wav,
carduelis_carduelis,580067,Carduelis carduelis,/Users/justyna-przy/Projects/ISE/FYP/src/bird_data/raw/carduelis_carduelis/XC580067.mp3,1.0,4.0,-43.34913571846489,-40.0,species,Carduelis carduelis,European Goldfinch,0.5080346465110779,0.5080346465110779,species,1,rand_species,/Users/justyna-przy/Projects/ISE/FYP/src/bird_data/clips/species/carduelis_carduelis/XC580067__s1000__e4000.wav,
carduelis_carduelis,565331,Carduelis carduelis,/Users/justyna-przy/Projects/ISE/FYP/src/bird_data/raw/carduelis_carduelis/XC565331.mp3,1.0,4.0,-51.079060802074984,-40.0,species,Carduelis carduelis,European Goldfinch,0.9907671213150024,0.9907671213150024,species,1,rand_species,/Users/justyna-przy/Projects/ISE/FYP/src/bird_data/clips/species/carduelis_carduelis/XC565331__s1000__e4000.wav,
carduelis_carduelis,555636,Carduelis carduelis,/Users/justyna-przy/Projects/ISE/FYP/src/bird_data/raw/carduelis_carduelis/XC555636.mp3,1.0,4.0,-30.415511003415638,-35.490348396770855,species,Carduelis carduelis,European Goldfinch,0.9289043545722961,0.9289043545722961,species,0,,,
carduelis_carduelis,555636,Carduelis carduelis,/Users/justyna-przy/Projects/ISE/FYP/src/bird_data/raw/carduelis_carduelis/XC555636.mp3,4.0,7.0,-28.618147714140466,-35.490348396770855,species,Carduelis carduelis,European Goldfinch,0.993984043598175,0.993984043598175,species,1,rand_species,/Users/justyna-przy/Projects/ISE/FYP/src/bird_data/clips/species/carduelis_carduelis/XC555636__s4000__e7000.wav,
carduelis_carduelis,555636,Carduelis carduelis,/Users/justyna-przy/Projects/ISE/FYP/src/bird_data/raw/carduelis_carduelis/XC555636.mp3,10.0,13.0,-33.91695772105689,-35.490348396770855,species,Carduelis carduelis,European Goldfinch,0.9934148788452148,0.9934148788452148,species,1,rand_species,/Users/justyna-przy/Projects/ISE/FYP/src/bird_data/clips/species/carduelis_carduelis/XC555636__s10000__e13000.wav,
carduelis_carduelis,555636,Carduelis carduelis,/Users/justyna-przy/Projects/ISE/FYP/src/bird_data/raw/carduelis_carduelis/XC555636.mp3,13.0,16.0,-34.80502260969771,-35.490348396770855,species,Carduelis carduelis,European Goldfinch,0.9849658012390137,0.9849658012390137,species,1,rand_species,/Users/justyna-przy/Projects/ISE/FYP/src/bird_data/clips/species/carduelis_carduelis/XC555636__s13000__e16000.wav,
carduelis_carduelis,545526,Carduelis carduelis,/Users/justyna-przy/Projects/ISE/FYP/src/bird_data/raw/carduelis_carduelis/XC545526.mp3,7.0,10.0,-23.947073408470967,-26.147657268628883,species,Carduelis carduelis,European Goldfinch,0.6886087656021118,0.6886087656021118,species,1,rand_species,/Users/justyna-przy/Projects/ISE/FYP/src/bird_data/clips/species/carduelis_carduelis/XC545526__s7000__e10000.wav,
carduelis_carduelis,545526,Carduelis carduelis,/Users/justyna-przy/Projects/ISE/FYP/src/bird_data/raw/carduelis_carduelis/XC545526.mp3,10.0,13.0,-26.06617813699213,-26.147657268628883,species,Carduelis carduelis,European Goldfinch,0.9939939379692078,0.9939939379692078,species,0,,,
carduelis_carduelis,545526,Carduelis carduelis,/Users/justyna-przy/Projects/ISE/FYP/src/bird_data/raw/carduelis_carduelis/XC545526.mp3,13.0,16.0,-20.38775641246735,-26.147657268628883,species,Carduelis carduelis,European Goldfinch,0.9873728156089783,0.9873728156089783,species,0,,,
carduelis_carduelis,545526,Carduelis carduelis,/Users/justyna-przy/Projects/ISE/FYP/src/bird_data/raw/carduelis_carduelis/XC545526.mp3,16.0,19.0,-24.46659115644211,-26.147657268628883,species,Carduelis carduelis,European Goldfinch,0.9900180697441101,0.9900180697441101,species,0,,,
carduelis_carduelis,545526,Carduelis carduelis,/Users/justyna-przy/Projects/ISE/FYP/src/bird_data/raw/carduelis_carduelis/XC545526.mp3,19.0,22.0,-17.960108424213765,-26.147657268628883,species,Carduelis carduelis,European Goldfinch,0.9823386073112488,0.9823386073112488,species,1,rand_species,/Users/justyna-przy/Projects/ISE/FYP/src/bird_data/clips/species/carduelis_carduelis/XC545526__s19000__e22000.wav,
carduelis_carduelis,545526,Carduelis carduelis,/Users/justyna-przy/Projects/ISE/FYP/src/bird_data/raw/carduelis_carduelis/XC545526.mp3,22.0,25.0,-23.704375543625268,-26.147657268628883,species,Carduelis carduelis,European Goldfinch,0.6060704588890076,0.6060704588890076,species,1,rand_species,/Users/justyna-przy/Projects/ISE/FYP/src/bird_data/clips/species/carduelis_carduelis/XC545526__s22000__e25000.wav,
carduelis_carduelis,545526,Carduelis carduelis,/Users/justyna-przy/Projects/ISE/FYP/src/bird_data/raw/carduelis_carduelis/XC545526.mp3,25.0,28.0,-20.51764856475637,-26.147657268628883,species,Carduelis carduelis,European Goldfinch,0.8991606831550598,0.8991606831550598,species,0,,,
carduelis_carduelis,545526,Carduelis carduelis,/Users/justyna-przy/Projects/ISE/FYP/src/bird_data/raw/carduelis_carduelis/XC545526.mp3,31.0,34.0,-25.094628729621654,-26.147657268628883,species,Carduelis carduelis,European Goldfinch,0.9520260691642761,0.9520260691642761,species,0,,,
carduelis_carduelis,526733,Carduelis carduelis,/Users/justyna-przy/Projects/ISE/FYP/src/bird_data/raw/carduelis_carduelis/XC526733.mp3,1.0,4.0,-23.474195930525163,-23.737827693305228,species,Carduelis carduelis,European Goldfinch,0.9697055816650391,0.9697055816650391,species,1,rand_species,/Users/justyna-przy/Projects/ISE/FYP/src/bird_data/clips/species/carduelis_carduelis/XC526733__s1000__e4000.wav,
carduelis_carduelis,496772,Carduelis carduelis,/Users/justyna-przy/Projects/ISE/FYP/src/bird_data/raw/carduelis_carduelis/XC496772.mp3,1.0,4.0,-27.886559404155953,-33.35858341114914,species,Carduelis carduelis,European Goldfinch,0.9898484349250793,0.9898484349250793,species,1,rand_species,/Users/justyna-przy/Projects/ISE/FYP/src/bird_data/clips/species/carduelis_carduelis/XC496772__s1000__e4000.wav,
carduelis_carduelis,496772,Carduelis carduelis,/Users/justyna-przy/Projects/ISE/FYP/src/bird_data/raw/carduelis_carduelis/XC496772.mp3,4.0,7.0,-33.26795605001993,-33.35858341114914,species,Carduelis carduelis,European Goldfinch,0.9934114813804626,0.9934114813804626,species,1,rand_species,/Users/justyna-przy/Projects/ISE/FYP/src/bird_data/clips/species/carduelis_carduelis/XC496772__s4000__e7000.wav,
carduelis_carduelis,495511,Carduelis carduelis,/Users/justyna-przy/Projects/ISE/FYP/src/bird_data/raw/carduelis_carduelis/XC495511.mp3,1.0,4.0,-28.782313730919373,-28.84056674074169,drop,Turdus iliacus,Redwing,0.10553355515003204,0.10553355515003204,drop,0,,,
carduelis_carduelis,495511,Carduelis carduelis,/Users/justyna-przy/Projects/ISE/FYP/src/bird_data/raw/carduelis_carduelis/XC495511.mp3,7.0,10.0,-28.426916781492384,-28.84056674074169,non_bird,,,0.0,0.0,non_bird,1,nonbird_lowconf,/Users/justyna-przy/Projects/ISE/FYP/src/bird_data/clips/non_bird/carduelis_carduelis/XC495511__s7000__e10000.wav,
carduelis_carduelis,488464,Carduelis carduelis,/Users/justyna-przy/Projects/ISE/FYP/src/bird_data/raw/carduelis_carduelis/XC488464.mp3,4.0,7.0,-38.05840202507,-39.70890889874782,species,Carduelis carduelis,European Goldfinch,0.7038494944572449,0.7038494944572449,species,1,rand_species,/Users/justyna-przy/Projects/ISE/FYP/src/bird_data/clips/species/carduelis_carduelis/XC488464__s4000__e7000.wav,
carduelis_carduelis,488464,Carduelis carduelis,/Users/justyna-przy/Projects/ISE/FYP/src/bird_data/raw/carduelis_carduelis/XC488464.mp3,10.0,13.0,-38.54078560751026,-39.70890889874782,species,Carduelis carduelis,European Goldfinch,0.830286979675293,0.830286979675293,species,0,,,
carduelis_carduelis,488464,Carduelis carduelis,/Users/justyna-przy/Projects/ISE/FYP/src/bird_data/raw/carduelis_carduelis/XC488464.mp3,13.0,16.0,-39.70162114221159,-39.70890889874782,species,Carduelis carduelis,European Goldfinch,0.9812318682670593,0.9812318682670593,species,0,,,
carduelis_carduelis,488464,Carduelis carduelis,/Users/justyna-przy/Projects/ISE/FYP/src/bird_data/raw/carduelis_carduelis/XC488464.mp3,16.0,19.0,-29.269922961245975,-39.70890889874782,species,Carduelis carduelis,European Goldfinch,0.9315807819366455,0.9315807819366455,species,1,rand_species,/Users/justyna-przy/Projects/ISE/FYP/src/bird_data/clips/species/carduelis_carduelis/XC488464__s16000__e19000.wav,
carduelis_carduelis,488464,Carduelis carduelis,/Users/justyna-przy/Projects/ISE/FYP/src/bird_data/raw/carduelis_carduelis/XC488464.mp3,19.0,22.0,-38.10829198758766,-39.70890889874782,species,Carduelis carduelis,European Goldfinch,0.9569964408874512,0.9569964408874512,species,0,,,
carduelis_carduelis,488464,Carduelis carduelis,/Users/justyna-przy/Projects/ISE/FYP/src/bird_data/raw/carduelis_carduelis/XC488464.mp3,25.0,28.0,-31.843685583920607,-39.70890889874782,species,Carduelis carduelis,European Goldfinch,0.6378318667411804,0.6378318667411804,species,1,rand_species,/Users/justyna-przy/Projects/ISE/FYP/src/bird_data/clips/species/carduelis_carduelis/XC488464__s25000__e28000.wav,
carduelis_carduelis,484656,Carduelis carduelis,/Users/justyna-przy/Projects/ISE/FYP/src/bird_data/raw/carduelis_carduelis/XC484656.mp3,16.0,19.0,-38.889560565867676,-40.0,species,Carduelis carduelis,European Goldfinch,0.865451991558075,0.865451991558075,species,1,rand_species,/Users/justyna-przy/Projects/ISE/FYP/src/bird_data/clips/species/carduelis_carduelis/XC484656__s16000__e19000.wav,
carduelis_carduelis,484656,Carduelis carduelis,/Users/justyna-przy/Projects/ISE/FYP/src/bird_data/raw/carduelis_carduelis/XC484656.mp3,37.0,40.0,-39.29457123997959,-40.0,species,Carduelis carduelis,European Goldfinch,0.9950354099273682,0.9950354099273682,species,1,rand_species,/Users/justyna-przy/Projects/ISE/FYP/src/bird_data/clips/species/carduelis_carduelis/XC484656__s37000__e40000.wav,
carduelis_carduelis,455075,Carduelis carduelis,/Users/justyna-przy/Projects/ISE/FYP/src/bird_data/raw/carduelis_carduelis/XC455075.mp3,4.0,7.0,-43.45730083321197,-40.0,species,Carduelis carduelis,European Goldfinch,0.9914570450782776,0.9914570450782776,species,1,rand_species,/Users/justyna-przy/Projects/ISE/FYP/src/bird_data/clips/species/carduelis_carduelis/XC455075__s4000__e7000.wav,
carduelis_carduelis,428795,Carduelis carduelis,/Users/justyna-przy/Projects/ISE/FYP/src/bird_data/raw/carduelis_carduelis/XC428795.mp3,4.0,7.0,-27.499318106857583,-40.0,drop,Periparus ater,Coal Tit,0.9964575171470642,0.9964575171470642,drop,0,,,
carduelis_carduelis,428795,Carduelis carduelis,/Users/justyna-przy/Projects/ISE/FYP/src/bird_data/raw/carduelis_carduelis/XC428795.mp3,7.0,10.0,-29.532071224340704,-40.0,drop,Periparus ater,Coal Tit,0.9955463409423828,0.9955463409423828,drop,0,,,
carduelis_carduelis,428795,Carduelis carduelis,/Users/justyna-przy/Projects/ISE/FYP/src/bird_data/raw/carduelis_carduelis/XC428795.mp3,13.0,16.0,-30.20143104910078,-40.0,drop,Periparus ater,Coal Tit,0.9948804378509521,0.9948804378509521,drop,0,,,
carduelis_carduelis,416146,Carduelis carduelis,/Users/justyna-przy/Projects/ISE/FYP/src/bird_data/raw/carduelis_carduelis/XC416146.mp3,1.0,4.0,-20.969294423288712,-26.459883328130662,species,Carduelis carduelis,European Goldfinch,0.9993045330047607,0.9993045330047607,species,1,rand_species,/Users/justyna-przy/Projects/ISE/FYP/src/bird_data/clips/species/carduelis_carduelis/XC416146__s1000__e4000.wav,
carduelis_carduelis,416146,Carduelis carduelis,/Users/justyna-przy/Projects/ISE/FYP/src/bird_data/raw/carduelis_carduelis/XC416146.mp3,7.0,10.0,-24.068123358971604,-26.459883328130662,species,Carduelis carduelis,European Goldfinch,0.9644911885261536,0.9644911885261536,species,1,rand_species,/Users/justyna-przy/Projects/ISE/FYP/src/bird_data/clips/species/carduelis_carduelis/XC416146__s7000__e10000.wav,
carduelis_carduelis,367037,Carduelis carduelis,/Users/justyna-przy/Projects/ISE/FYP/src/bird_data/raw/carduelis_carduelis/XC367037.mp3,4.0,7.0,-31.25854867559309,-31.35864935202093,species,Carduelis carduelis,European Goldfinch,0.9519813060760498,0.9519813060760498,species,1,rand_species,/Users/justyna-przy/Projects/ISE/FYP/src/bird_data/clips/species/carduelis_carduelis/XC367037__s4000__e7000.wav,
carduelis_carduelis,367037,Carduelis carduelis,/Users/justyna-przy/Projects/ISE/FYP/src/bird_data/raw/carduelis_carduelis/XC367037.mp3,7.0,10.0,-28.779413928441365,-31.35864935202093,species,Carduelis carduelis,European Goldfinch,0.926506757736206,0.926506757736206,species,1,rand_species,/Users/justyna-przy/Projects/ISE/FYP/src/bird_data/clips/species/carduelis_carduelis/XC367037__s7000__e10000.wav,
carduelis_carduelis,367037,Carduelis carduelis,/Users/justyna-przy/Projects/ISE/FYP/src/bird_data/raw/carduelis_carduelis/XC367037.mp3,10.0,13.0,-24.674757480709815,-31.35864935202093,species,Carduelis carduelis,European Goldfinch,0.5793176889419556,0.5793176889419556,species,1,rand_species,/Users/justyna-przy/Projects/ISE/FYP/src/bird_data/clips/species/carduelis_carduelis/XC367037__s10000__e13000.wav,
carduelis_carduelis,364925,Carduelis carduelis,/Users/justyna-przy/Projects/ISE/FYP/src/bird_data/raw/carduelis_carduelis/XC364925.mp3,1.0,4.0,-26.563392009457054,-31.371400256983474,species,Carduelis carduelis,European Goldfinch,0.8919435739517212,0.8919435739517212,species,1,rand_species,/Users/justyna-przy/Projects/ISE/FYP/src/bird_data/clips/species/carduelis_carduelis/XC364925__s1000__e4000.wav,
carduelis_carduelis,364925,Carduelis carduelis,/Users/justyna-przy/Projects/ISE/FYP/src/bird_data/raw/carduelis_carduelis/XC364925.mp3,4.0,7.0,-28.50816857037781,-31.371400256983474,species,Carduelis carduelis,European Goldfinch,0.6012976169586182,0.6012976169586182,species,1,rand_species,/Users/justyna-przy/Projects/ISE/FYP/src/bird_data/clips/species/carduelis_carduelis/XC364925__s4000__e7000.wav,
carduelis_carduelis,364925,Carduelis carduelis,/Users/justyna-przy/Projects/ISE/FYP/src/bird_data/raw/carduelis_carduelis/XC364925.mp3,7.0,10.0,-28.903124585815053,-31.371400256983474,species,Carduelis carduelis,European Goldfinch,0.7591701149940491,0.7591701149940491,species,1,rand_species,/Users/justyna-przy/Projects/ISE/FYP/src/bird_data/clips/species/carduelis_carduelis/XC364925__s7000__e10000.wav,
carduelis_carduelis,364925,Carduelis carduelis,/Users/justyna-przy/Projects/ISE/FYP/src/bird_data/raw/carduelis_carduelis/XC364925.mp3,16.0,19.0,-31.050004516936568,-31.371400256983474,species,Carduelis carduelis,European Goldfinch,0.9888390898704529,0.9888390898704529,species,0,,,
carduelis_carduelis,352843,Carduelis carduelis,/Users/justyna-przy/Projects/ISE/FYP/src/bird_data/raw/carduelis_carduelis/XC352843.mp3,1.0,4.0,-20.95735391323788,-26.078514401350155,species,Carduelis carduelis,European Goldfinch,0.9878714084625244,0.9878714084625244,species,1,rand_species,/Users/justyna-przy/Projects/ISE/FYP/src/bird_data/clips/species/carduelis_carduelis/XC352843__s1000__e4000.wav,
carduelis_carduelis,352843,Carduelis carduelis,/Users/justyna-przy/Projects/ISE/FYP/src/bird_data/raw/carduelis_carduelis/XC352843.mp3,4.0,7.0,-22.918919826567688,-26.078514401350155,species,Carduelis carduelis,European Goldfinch,0.9907928109169006,0.9907928109169006,species,0,,,
carduelis_carduelis,352843,Carduelis carduelis,/Users/justyna-przy/Projects/ISE/FYP/src/bird_data/raw/carduelis_carduelis/XC352843.mp3,10.0,13.0,-21.323008929806907,-26.078514401350155,species,Carduelis carduelis,European Goldfinch,0.9322669506072998,0.9322669506072998,species,1,rand_species,/Users/justyna-przy/Projects/ISE/FYP/src/bird_data/clips/species/carduelis_carduelis/XC352843__s10000__e13000.wav,
carduelis_carduelis,352843,Carduelis carduelis,/Users/justyna-przy/Projects/ISE/FYP/src/bird_data/raw/carduelis_carduelis/XC352843.mp3,16.0,19.0,-23.80981556214824,-26.078514401350155,species,Carduelis carduelis,European Goldfinch,0.999019980430603,0.999019980430603,species,0,,,
carduelis_carduelis,352843,Carduelis carduelis,/Users/justyna-przy/Projects/ISE/FYP/src/bird_data/raw/carduelis_carduelis/XC352843.mp3,19.0,22.0,-22.5852701470544,-26.078514401350155,drop,Thraupis palmarum,Palm Tanager,0.5659041404724121,0.5659041404724121,drop,0,,,
carduelis_carduelis,352843,Carduelis carduelis,/Users/justyna-przy/Projects/ISE/FYP/src/bird_data/raw/carduelis_carduelis/XC352843.mp3,22.0,25.0,-23.283281471591607,-26.078514401350155,non_bird,,,0.0,0.0,non_bird,1,nonbird_lowconf,/Users/justyna-przy/Projects/ISE/FYP/src/bird_data/clips/non_bird/carduelis_carduelis/XC352843__s22000__e25000.wav,
carduelis_carduelis,352843,Carduelis carduelis,/Users/justyna-przy/Projects/ISE/FYP/src/bird_data/raw/carduelis_carduelis/XC352843.mp3,25.0,28.0,-23.677826403369828,-26.078514401350155,drop,Passerina amoena,Lazuli Bunting,0.1752958446741104,0.1752958446741104,drop,0,,,
carduelis_carduelis,352843,Carduelis carduelis,/Users/justyna-przy/Projects/ISE/FYP/src/bird_data/raw/carduelis_carduelis/XC352843.mp3,28.0,31.0,-25.837076128355886,-26.078514401350155,species,Carduelis carduelis,European Goldfinch,0.7108436226844788,0.7108436226844788,species,0,,,
carduelis_carduelis,352843,Carduelis carduelis,/Users/justyna-przy/Projects/ISE/FYP/src/bird_data/raw/carduelis_carduelis/XC352843.mp3,31.0,34.0,-23.40466865328334,-26.078514401350155,species,Carduelis carduelis,European Goldfinch,0.9012606739997864,0.9012606739997864,species,1,rand_species,/Users/justyna-przy/Projects/ISE/FYP/src/bird_data/clips/species/carduelis_carduelis/XC352843__s31000__e34000.wav,
carduelis_carduelis,352843,Carduelis carduelis,/Users/justyna-przy/Projects/ISE/FYP/src/bird_data/raw/carduelis_carduelis/XC352843.mp3,40.0,43.0,-25.999029262560537,-26.078514401350155,species,Carduelis carduelis,European Goldfinch,0.30866771936416626,0.30866771936416626,species,0,,,
carduelis_carduelis,335677,Carduelis carduelis,/Users/justyna-przy/Projects/ISE/FYP/src/bird_data/raw/carduelis_carduelis/XC335677.mp3,4.0,7.0,-37.19957811702438,-40.0,species,Carduelis carduelis,European Goldfinch,0.9992678761482239,0.9992678761482239,species,1,rand_species,/Users/justyna-przy/Projects/ISE/FYP/src/bird_data/clips/species/carduelis_carduelis/XC335677__s4000__e7000.wav,
carduelis_carduelis,335677,Carduelis carduelis,/Users/justyna-przy/Projects/ISE/FYP/src/bird_data/raw/carduelis_carduelis/XC335677.mp3,10.0,13.0,-37.67477205067146,-40.0,species,Carduelis carduelis,European Goldfinch,0.9942343831062317,0.9942343831062317,species,1,rand_species,/Users/justyna-przy/Projects/ISE/FYP/src/bird_data/clips/species/carduelis_carduelis/XC335677__s10000__e13000.wav,
carduelis_carduelis,335677,Carduelis carduelis,/Users/justyna-przy/Projects/ISE/FYP/src/bird_data/raw/carduelis_carduelis/XC335677.mp3,13.0,16.0,-36.79113369787456,-40.0,species,Carduelis carduelis,European Goldfinch,0.9525742530822754,0.9525742530822754,species,1,rand_species,/Users/justyna-przy/Projects/ISE/FYP/src/bird_data/clips/species/carduelis_carduelis/XC335677__s13000__e16000.wav,
carduelis_carduelis,332135,Carduelis carduelis,/Users/justyna-przy/Projects/ISE/FYP/src/bird_data/raw/carduelis_carduelis/XC332135.mp3,1.0,4.0,-38.97310016307149,-40.0,drop,Spinus psaltria,Lesser Goldfinch,0.6630574464797974,0.6630574464797974,drop,0,,,
carduelis_carduelis,332135,Carduelis carduelis,/Users/justyna-przy/Projects/ISE/FYP/src/bird_data/raw/carduelis_carduelis/XC332135.mp3,7.0,10.0,-39.47833620864013,-40.0,drop,Spinus psaltria,Lesser Goldfinch,0.13122589886188507,0.13122589886188507,drop,0,,,
carduelis_carduelis,332135,Carduelis carduelis,/Users/justyna-przy/Projects/ISE/FYP/src/bird_data/raw/carduelis_carduelis/XC332135.mp3,10.0,13.0,-39.15176220505235,-40.0,species,Carduelis carduelis,European Goldfinch,0.9811124801635742,0.9811124801635742,species,1,rand_species,/Users/justyna-przy/Projects/ISE/FYP/src/bird_data/clips/species/carduelis_carduelis/XC332135__s10000__e13000.wav,
carduelis_carduelis,332135,Carduelis carduelis,/Users/justyna-przy/Projects/ISE/FYP/src/bird_data/raw/carduelis_carduelis/XC332135.mp3,13.0,16.0,-36.9912476778948,-40.0,drop,Carduelis carduelis,European Goldfinch,0.18020060658454895,0.18020060658454895,drop,0,,,
carduelis_carduelis,332135,Carduelis carduelis,/Users/justyna-przy/Projects/ISE/FYP/src/bird_data/raw/carduelis_carduelis/XC332135.mp3,16.0,19.0,-34.89331623361371,-40.0,species,Carduelis carduelis,European Goldfinch,0.9835678339004517,0.9835678339004517,species,1,rand_species,/Users/justyna-przy/Projects/ISE/FYP/src/bird_data/clips/species/carduelis_carduelis/XC332135__s16000__e19000.wav,
carduelis_carduelis,332135,Carduelis carduelis,/Users/justyna-przy/Projects/ISE/FYP/src/bird_data/raw/carduelis_carduelis/XC332135.mp3,19.0,22.0,-37.271316210126116,-40.0,drop,Spinus psaltria,Lesser Goldfinch,0.6008456349372864,0.6008456349372864,drop,0,,,
carduelis_carduelis,332135,Carduelis carduelis,/Users/justyna-przy/Projects/ISE/FYP/src/bird_data/raw/carduelis_carduelis/XC332135.mp3,22.0,25.0,-38.5578360715041,-40.0,species,Carduelis carduelis,European Goldfinch,0.984024167060852,0.984024167060852,species,0,,,
carduelis_carduelis,332135,Carduelis carduelis,/Users/justyna-przy/Projects/ISE/FYP/src/bird_data/raw/carduelis_carduelis/XC332135.mp3,25.0,28.0,-39.363243303626675,-40.0,drop,Spinus psaltria,Lesser Goldfinch,0.6612988710403442,0.6612988710403442,drop,0,,,
carduelis_carduelis,332135,Carduelis carduelis,/Users/justyna-przy/Projects/ISE/FYP/src/bird_data/raw/carduelis_carduelis/XC332135.mp3,28.0,31.0,-39.66732658745168,-40.0,species,Carduelis carduelis,European Goldfinch,0.8880348205566406,0.8880348205566406,species,1,rand_species,/Users/justyna-przy/Projects/ISE/FYP/src/bird_data/clips/species/carduelis_carduelis/XC332135__s28000__e31000.wav,
carduelis_carduelis,332135,Carduelis carduelis,/Users/justyna-przy/Projects/ISE/FYP/src/bird_data/raw/carduelis_carduelis/XC332135.mp3,34.0,37.0,-39.99388750747309,-40.0,species,Carduelis carduelis,European Goldfinch,0.5880318284034729,0.5880318284034729,species,0,,,
carduelis_carduelis,332073,Carduelis carduelis,/Users/justyna-przy/Projects/ISE/FYP/src/bird_data/raw/carduelis_carduelis/XC332073.mp3,1.0,4.0,-32.90575178768301,-39.583325729296504,species,Carduelis carduelis,European Goldfinch,0.9358159899711609,0.9358159899711609,species,0,,,
carduelis_carduelis,332073,Carduelis carduelis,/Users/justyna-przy/Projects/ISE/FYP/src/bird_data/raw/carduelis_carduelis/XC332073.mp3,4.0,7.0,-37.27956963496186,-39.583325729296504,species,Carduelis carduelis,European Goldfinch,0.8999251127243042,0.8999251127243042,species,0,,,
carduelis_carduelis,332073,Carduelis carduelis,/Users/justyna-przy/Projects/ISE/FYP/src/bird_data/raw/carduelis_carduelis/XC332073.mp3,7.0,10.0,-37.369146851824894,-39.583325729296504,species,Carduelis carduelis,European Goldfinch,0.9902092218399048,0.9902092218399048,species,0,,,
carduelis_carduelis,332073,Carduelis carduelis,/Users/justyna-przy/Projects/ISE/FYP/src/bird_data/raw/carduelis_carduelis/XC332073.mp3,10.0,13.0,-36.40031269033123,-39.583325729296504,species,Carduelis carduelis,European Goldfinch,0.933785617351532,0.933785617351532,species,1,rand_species,/Users/justyna-przy/Projects/ISE/FYP/src/bird_data/clips/species/carduelis_carduelis/XC332073__s10000__e13000.wav,
carduelis_carduelis,332073,Carduelis carduelis,/Users/justyna-przy/Projects/ISE/FYP/src/bird_data/raw/carduelis_carduelis/XC332073.mp3,16.0,19.0,-33.425458697763126,-39.583325729296504,species,Carduelis carduelis,European Goldfinch,0.9935570359230042,0.9935570359230042,species,0,,,
carduelis_carduelis,332073,Carduelis carduelis,/Users/justyna-przy/Projects/ISE/FYP/src/bird_data/raw/carduelis_carduelis/XC332073.mp3,19.0,22.0,-36.643382422419904,-39.583325729296504,species,Carduelis carduelis,European Goldfinch,0.9921143054962158,0.9921143054962158,species,0,,,
carduelis_carduelis,332073,Carduelis carduelis,/Users/justyna-przy/Projects/ISE/FYP/src/bird_data/raw/carduelis_carduelis/XC332073.mp3,25.0,28.0,-39.030721474381366,-39.583325729296504,drop,Carduelis carduelis,European Goldfinch,0.2213740348815918,0.2213740348815918,drop,0,,,
carduelis_carduelis,332073,Carduelis carduelis,/Users/justyna-przy/Projects/ISE/FYP/src/bird_data/raw/carduelis_carduelis/XC332073.mp3,31.0,34.0,-38.45622882262322,-39.583325729296504,species,Carduelis carduelis,European Goldfinch,0.9914524555206299,0.9914524555206299,species,0,,,
carduelis_carduelis,332073,Carduelis carduelis,/Users/justyna-przy/Projects/ISE/FYP/src/bird_data/raw/carduelis_carduelis/XC332073.mp3,34.0,37.0,-38.420214857620344,-39.583325729296504,species,Carduelis carduelis,European Goldfinch,0.521632969379425,0.521632969379425,species,1,rand_species,/Users/justyna-przy/Projects/ISE/FYP/src/bird_data/clips/species/carduelis_carduelis/XC332073__s34000__e37000.wav,
carduelis_carduelis,332073,Carduelis carduelis,/Users/justyna-przy/Projects/ISE/FYP/src/bird_data/raw/carduelis_carduelis/XC332073.mp3,43.0,46.0,-38.07933620794341,-39.583325729296504,species,Carduelis carduelis,European Goldfinch,0.9968223571777344,0.9968223571777344,species,0,,,
carduelis_carduelis,332073,Carduelis carduelis,/Users/justyna-przy/Projects/ISE/FYP/src/bird_data/raw/carduelis_carduelis/XC332073.mp3,46.0,49.0,-33.62047436418514,-39.583325729296504,species,Carduelis carduelis,European Goldfinch,0.9187377095222473,0.9187377095222473,species,0,,,
carduelis_carduelis,332073,Carduelis carduelis,/Users/justyna-przy/Projects/ISE/FYP/src/bird_data/raw/carduelis_carduelis/XC332073.mp3,52.0,55.0,-36.626351291072965,-39.583325729296504,species,Carduelis carduelis,European Goldfinch,0.6201568245887756,0.6201568245887756,species,1,rand_species,/Users/justyna-przy/Projects/ISE/FYP/src/bird_data/clips/species/carduelis_carduelis/XC332073__s52000__e55000.wav,
carduelis_carduelis,328124,Carduelis carduelis,/Users/justyna-przy/Projects/ISE/FYP/src/bird_data/raw/carduelis_carduelis/XC328124.mp3,4.0,7.0,-46.791179494669926,-40.0,species,Carduelis carduelis,European Goldfinch,0.9995636343955994,0.9995636343955994,species,1,rand_species,/Users/justyna-przy/Projects/ISE/FYP/src/bird_data/clips/species/carduelis_carduelis/XC328124__s4000__e7000.wav,
carduelis_carduelis,327176,Carduelis carduelis,/Users/justyna-przy/Projects/ISE/FYP/src/bird_data/raw/carduelis_carduelis/XC327176.mp3,19.0,22.0,-37.48518404222049,-40.0,species,Carduelis carduelis,European Goldfinch,0.674371600151062,0.674371600151062,species,1,rand_species,/Users/justyna-przy/Projects/ISE/FYP/src/bird_data/clips/species/carduelis_carduelis/XC327176__s19000__e22000.wav,
carduelis_carduelis,327176,Carduelis carduelis,/Users/justyna-przy/Projects/ISE/FYP/src/bird_data/raw/carduelis_carduelis/XC327176.mp3,22.0,25.0,-39.52872165084833,-40.0,species,Carduelis carduelis,European Goldfinch,0.9386390447616577,0.9386390447616577,species,1,rand_species,/Users/justyna-przy/Projects/ISE/FYP/src/bird_data/clips/species/carduelis_carduelis/XC327176__s22000__e25000.wav,
carduelis_carduelis,312319,Carduelis carduelis,/Users/justyna-przy/Projects/ISE/FYP/src/bird_data/raw/carduelis_carduelis/XC312319.mp3,4.0,7.0,-34.05805713159214,-34.27505385570544,drop,Carpodacus erythrinus,Common Rosefinch,0.958956241607666,0.958956241607666,drop,0,,,
carduelis_carduelis,308586,Carduelis carduelis,/Users/justyna-przy/Projects/ISE/FYP/src/bird_data/raw/carduelis_carduelis/XC308586.mp3,4.0,7.0,-33.930626703108196,-35.803535622979304,species,Carduelis carduelis,European Goldfinch,0.9994814991950989,0.9994814991950989,species,1,rand_species,/Users/justyna-przy/Projects/ISE/FYP/src/bird_data/clips/species/carduelis_carduelis/XC308586__s4000__e7000.wav,
carduelis_carduelis,304943,Carduelis carduelis,/Users/justyna-przy/Projects/ISE/FYP/src/bird_data/raw/carduelis_carduelis/XC304943.mp3,7.0,10.0,-37.02677768699682,-37.02938604529863,species,Carduelis carduelis,European Goldfinch,0.6354259848594666,0.6354259848594666,species,0,,,
carduelis_carduelis,304943,Carduelis carduelis,/Users/justyna-przy/Projects/ISE/FYP/src/bird_data/raw/carduelis_carduelis/XC304943.mp3,16.0,19.0,-33.924513753715146,-37.02938604529863,species,Carduelis carduelis,European Goldfinch,0.9566720128059387,0.9566720128059387,species,1,rand_species,/Users/justyna-przy/Projects/ISE/FYP/src/bird_data/clips/species/carduelis_carduelis/XC304943__s16000__e19000.wav,
carduelis_carduelis,304943,Carduelis carduelis,/Users/justyna-przy/Projects/ISE/FYP/src/bird_data/raw/carduelis_carduelis/XC304943.mp3,19.0,22.0,-34.57326511139081,-37.02938604529863,species,Carduelis carduelis,European Goldfinch,0.8411078453063965,0.8411078453063965,species,0,,,
carduelis_carduelis,304943,Carduelis carduelis,/Users/justyna-przy/Projects/ISE/FYP/src/bird_data/raw/carduelis_carduelis/XC304943.mp3,25.0,28.0,-35.9169921877751,-37.02938604529863,species,Carduelis carduelis,European Goldfinch,0.9048582911491394,0.9048582911491394,species,1,rand_species,/Users/justyna-przy/Projects/ISE/FYP/src/bird_data/clips/species/carduelis_carduelis/XC304943__s25000__e28000.wav,
carduelis_carduelis,304943,Carduelis carduelis,/Users/justyna-przy/Projects/ISE/FYP/src/bird_data/raw/carduelis_carduelis/XC304943.mp3,28.0,31.0,-34.37520455783558,-37.02938604529863,species,Carduelis carduelis,European Goldfinch,0.8015987873077393,0.8015987873077393,species,0,,,
carduelis_carduelis,304943,Carduelis carduelis,/Users/justyna-przy/Projects/ISE/FYP/src/bird_data/raw/carduelis_carduelis/XC304943.mp3,31.0,34.0,-33.63457209835646,-37.02938604529863,species,Carduelis carduelis,European Goldfinch,0.9028409123420715,0.9028409123420715,species,0,,,
carduelis_carduelis,304943,Carduelis carduelis,/Users/justyna-przy/Projects/ISE/FYP/src/bird_data/raw/carduelis_carduelis/XC304943.mp3,34.0,37.0,-36.05397262811827,-37.02938604529863,drop,Carduelis carduelis,European Goldfinch,0.157459557056427,0.157459557056427,drop,0,,,
carduelis_carduelis,304943,Carduelis carduelis,/Users/justyna-przy/Projects/ISE/FYP/src/bird_data/raw/carduelis_carduelis/XC304943.mp3,37.0,40.0,-35.02226379224908,-37.02938604529863,species,Carduelis carduelis,European Goldfinch,0.8729608058929443,0.8729608058929443,species,1,rand_species,/Users/justyna-przy/Projects/ISE/FYP/src/bird_data/clips/species/carduelis_carduelis/XC304943__s37000__e40000.wav,
carduelis_carduelis,304943,Carduelis carduelis,/Users/justyna-przy/Projects/ISE/FYP/src/bird_data/raw/carduelis_carduelis/XC304943.mp3,40.0,43.0,-35.15180919714291,-37.02938604529863,species,Carduelis carduelis,European Goldfinch,0.37217965722084045,0.37217965722084045,species,0,,,
carduelis_carduelis,304943,Carduelis carduelis,/Users/justyna-przy/Projects/ISE/FYP/src/bird_data/raw/carduelis_carduelis/XC304943.mp3,43.0,46.0,-36.89715054968523,-37.02938604529863,drop,Carduelis carduelis,European Goldfinch,0.12513619661331177,0.12513619661331177,drop,0,,,
carduelis_carduelis,304943,Carduelis carduelis,/Users/justyna-przy/Projects/ISE/FYP/src/bird_data/raw/carduelis_carduelis/XC304943.mp3,46.0,49.0,-32.74899168134918,-37.02938604529863,species,Carduelis carduelis,European Goldfinch,0.8540289402008057,0.8540289402008057,species,0,,,
carduelis_carduelis,304943,Carduelis carduelis,/Users/justyna-przy/Projects/ISE/FYP/src/bird_data/raw/carduelis_carduelis/XC304943.mp3,49.0,52.0,-33.96325754915876,-37.02938604529863,species,Carduelis carduelis,European Goldfinch,0.960502028465271,0.960502028465271,species,0,,,
carduelis_carduelis,264190,Carduelis carduelis,/Users/justyna-przy/Projects/ISE/FYP/src/bird_data/raw/carduelis_carduelis/XC264190.mp3,1.0,4.0,-47.00281099669824,-40.0,non_bird,,,0.0,0.0,non_bird,1,nonbird_lowconf,/Users/justyna-przy/Projects/ISE/FYP/src/bird_data/clips/non_bird/carduelis_carduelis/XC264190__s1000__e4000.wav,
carduelis_carduelis,198806,Carduelis carduelis,/Users/justyna-przy/Projects/ISE/FYP/src/bird_data/raw/carduelis_carduelis/XC198806.mp3,1.0,4.0,-35.58057348964889,-35.8692712963636,species,Carduelis carduelis,European Goldfinch,0.3676902651786804,0.3676902651786804,species,0,,,
carduelis_carduelis,198806,Carduelis carduelis,/Users/justyna-przy/Projects/ISE/FYP/src/bird_data/raw/carduelis_carduelis/XC198806.mp3,13.0,16.0,-35.49741706405035,-35.8692712963636,species,Carduelis carduelis,European Goldfinch,0.7544569969177246,0.7544569969177246,species,0,,,
carduelis_carduelis,198806,Carduelis carduelis,/Users/justyna-przy/Projects/ISE/FYP/src/bird_data/raw/carduelis_carduelis/XC198806.mp3,16.0,19.0,-33.16255931881891,-35.8692712963636,species,Carduelis carduelis,European Goldfinch,0.9853120446205139,0.9853120446205139,species,1,rand_species,/Users/justyna-przy/Projects/ISE/FYP/src/bird_data/clips/species/carduelis_carduelis/XC198806__s16000__e19000.wav,
carduelis_carduelis,198806,Carduelis carduelis,/Users/justyna-przy/Projects/ISE/FYP/src/bird_data/raw/carduelis_carduelis/XC198806.mp3,19.0,22.0,-35.59970005066154,-35.8692712963636,species,Carduelis carduelis,European Goldfinch,0.961551308631897,0.961551308631897,species,0,,,
carduelis_carduelis,198806,Carduelis carduelis,/Users/justyna-przy/Projects/ISE/FYP/src/bird_data/raw/carduelis_carduelis/XC198806.mp3,22.0,25.0,-24.30140818581975,-35.8692712963636,species,Carduelis carduelis,European Goldfinch,0.9933740496635437,0.9933740496635437,species,0,,,
carduelis_carduelis,198806,Carduelis carduelis,/Users/justyna-przy/Projects/ISE/FYP/src/bird_data/raw/carduelis_carduelis/XC198806.mp3,28.0,31.0,-34.02358084408475,-35.8692712963636,species,Carduelis carduelis,European Goldfinch,0.9959618449211121,0.9959618449211121,species,0,,,
carduelis_carduelis,198806,Carduelis carduelis,/Users/justyna-przy/Projects/ISE/FYP/src/bird_data/raw/carduelis_carduelis/XC198806.mp3,31.0,34.0,-28.285364520191997,-35.8692712963636,species,Carduelis carduelis,European Goldfinch,0.5519368648529053,0.5519368648529053,species,0,,,
carduelis_carduelis,198806,Carduelis carduelis,/Users/justyna-przy/Projects/ISE/FYP/src/bird_data/raw/carduelis_carduelis/XC198806.mp3,34.0,37.0,-26.7984559395275,-35.8692712963636,species,Carduelis carduelis,European Goldfinch,0.9848203063011169,0.9848203063011169,species,0,,,
carduelis_carduelis,198806,Carduelis carduelis,/Users/justyna-przy/Projects/ISE/FYP/src/bird_data/raw/carduelis_carduelis/XC198806.mp3,37.0,40.0,-25.643598181346896,-35.8692712963636,species,Carduelis carduelis,European Goldfinch,0.950129508972168,0.950129508972168,species,0,,,
carduelis_carduelis,198806,Carduelis carduelis,/Users/justyna-przy/Projects/ISE/FYP/src/bird_data/raw/carduelis_carduelis/XC198806.mp3,40.0,43.0,-33.83356432240782,-35.8692712963636,species,Carduelis carduelis,European Goldfinch,0.969537615776062,0.969537615776062,species,1,rand_species,/Users/justyna-przy/Projects/ISE/FYP/src/bird_data/clips/species/carduelis_carduelis/XC198806__s40000__e43000.wav,
carduelis_carduelis,198806,Carduelis carduelis,/Users/justyna-przy/Projects/ISE/FYP/src/bird_data/raw/carduelis_carduelis/XC198806.mp3,43.0,46.0,-31.813458242899348,-35.8692712963636,species,Carduelis carduelis,European Goldfinch,0.9896486401557922,0.9896486401557922,species,1,rand_species,/Users/justyna-przy/Projects/ISE/FYP/src/bird_data/clips/species/carduelis_carduelis/XC198806__s43000__e46000.wav,
carduelis_carduelis,198211,Carduelis carduelis,/Users/justyna-przy/Projects/ISE/FYP/src/bird_data/raw/carduelis_carduelis/XC198211.mp3,7.0,10.0,-31.52304480336476,-34.48630288881447,species,Carduelis carduelis,European Goldfinch,0.9404513835906982,0.9404513835906982,species,1,rand_species,/Users/justyna-przy/Projects/ISE/FYP/src/bird_data/clips/species/carduelis_carduelis/XC198211__s7000__e10000.wav,
carduelis_carduelis,198211,Carduelis carduelis,/Users/justyna-przy/Projects/ISE/FYP/src/bird_data/raw/carduelis_carduelis/XC198211.mp3,10.0,13.0,-31.530788657583365,-34.48630288881447,species,Carduelis carduelis,European Goldfinch,0.9203678369522095,0.9203678369522095,species,1,rand_species,/Users/justyna-przy/Projects/ISE/FYP/src/bird_data/clips/species/carduelis_carduelis/XC198211__s10000__e13000.wav,
carduelis_carduelis,198211,Carduelis carduelis,/Users/justyna-przy/Projects/ISE/FYP/src/bird_data/raw/carduelis_carduelis/XC198211.mp3,13.0,16.0,-29.57046745015286,-34.48630288881447,species,Carduelis carduelis,European Goldfinch,0.9346232414245605,0.9346232414245605,species,1,rand_species,/Users/justyna-przy/Projects/ISE/FYP/src/bird_data/clips/species/carduelis_carduelis/XC198211__s13000__e16000.wav,
carduelis_carduelis,198211,Carduelis carduelis,/Users/justyna-przy/Projects/ISE/FYP/src/bird_data/raw/carduelis_carduelis/XC198211.mp3,16.0,19.0,-32.15728815199762,-34.48630288881447,species,Carduelis carduelis,European Goldfinch,0.9581461548805237,0.9581461548805237,species,0,,,
carduelis_carduelis,198211,Carduelis carduelis,/Users/justyna-przy/Projects/ISE/FYP/src/bird_data/raw/carduelis_carduelis/XC198211.mp3,19.0,22.0,-33.88746987690504,-34.48630288881447,species,Carduelis carduelis,European Goldfinch,0.9922375082969666,0.9922375082969666,species,0,,,
carduelis_carduelis,198211,Carduelis carduelis,/Users/justyna-przy/Projects/ISE/FYP/src/bird_data/raw/carduelis_carduelis/XC198211.mp3,25.0,28.0,-30.090065154291338,-34.48630288881447,species,Carduelis carduelis,European Goldfinch,0.9719334840774536,0.9719334840774536,species,0,,,
carduelis_carduelis,198211,Carduelis carduelis,/Users/justyna-przy/Projects/ISE/FYP/src/bird_data/raw/carduelis_carduelis/XC198211.mp3,28.0,31.0,-33.1366710273287,-34.48630288881447,species,Carduelis carduelis,European Goldfinch,0.9976747632026672,0.9976747632026672,species,0,,,
carduelis_carduelis,198211,Carduelis carduelis,/Users/justyna-przy/Projects/ISE/FYP/src/bird_data/raw/carduelis_carduelis/XC198211.mp3,31.0,34.0,-29.672578832274144,-34.48630288881447,species,Carduelis carduelis,European Goldfinch,0.9981327652931213,0.9981327652931213,species,0,,,
carduelis_carduelis,198211,Carduelis carduelis,/Users/justyna-przy/Projects/ISE/FYP/src/bird_data/raw/carduelis_carduelis/XC198211.mp3,34.0,37.0,-33.056822069854995,-34.48630288881447,species,Carduelis carduelis,European Goldfinch,0.9649336338043213,0.9649336338043213,species,0,,,
carduelis_carduelis,198211,Carduelis carduelis,/Users/justyna-przy/Projects/ISE/FYP/src/bird_data/raw/carduelis_carduelis/XC198211.mp3,40.0,43.0,-28.24016980588015,-34.48630288881447,species,Carduelis carduelis,European Goldfinch,0.9849178194999695,0.9849178194999695,species,0,,,
carduelis_carduelis,196320,Carduelis carduelis,/Users/justyna-przy/Projects/ISE/FYP/src/bird_data/raw/carduelis_carduelis/XC196320.mp3,1.0,4.0,-26.798827531068035,-40.0,species,Carduelis carduelis,European Goldfinch,0.9301287531852722,0.9301287531852722,species,0,,,
carduelis_carduelis,196320,Carduelis carduelis,/Users/justyna-przy/Projects/ISE/FYP/src/bird_data/raw/carduelis_carduelis/XC196320.mp3,10.0,13.0,-27.51560225968091,-40.0,species,Carduelis carduelis,European Goldfinch,0.8931040167808533,0.8931040167808533,species,0,,,
carduelis_carduelis,196320,Carduelis carduelis,/Users/justyna-przy/Projects/ISE/FYP/src/bird_data/raw/carduelis_carduelis/XC196320.mp3,13.0,16.0,-36.56670429078866,-40.0,drop,Emberiza citrinella,Yellowhammer,0.21243277192115784,0.21243277192115784,drop,0,,,
carduelis_carduelis,196320,Carduelis carduelis,/Users/justyna-przy/Projects/ISE/FYP/src/bird_data/raw/carduelis_carduelis/XC196320.mp3,19.0,22.0,-31.717527152353323,-40.0,species,Carduelis carduelis,European Goldfinch,0.9860690832138062,0.9860690832138062,species,1,rand_species,/Users/justyna-przy/Projects/ISE/FYP/src/bird_data/clips/species/carduelis_carduelis/XC196320__s19000__e22000.wav,
carduelis_carduelis,196320,Carduelis carduelis,/Users/justyna-przy/Projects/ISE/FYP/src/bird_data/raw/carduelis_carduelis/XC196320.mp3,22.0,25.0,-33.99447895202296,-40.0,species,Carduelis carduelis,European Goldfinch,0.5753630995750427,0.5753630995750427,species,1,rand_species,/Users/justyna-przy/Projects/ISE/FYP/src/bird_data/clips/species/carduelis_carduelis/XC196320__s22000__e25000.wav,
carduelis_carduelis,196320,Carduelis carduelis,/Users/justyna-przy/Projects/ISE/FYP/src/bird_data/raw/carduelis_carduelis/XC196320.mp3,25.0,28.0,-32.478700722324135,-40.0,species,Carduelis carduelis,European Goldfinch,0.8813892602920532,0.8813892602920532,species,0,,,
carduelis_carduelis,196320,Carduelis carduelis,/Users/justyna-przy/Projects/ISE/FYP/src/bird_data/raw/carduelis_carduelis/XC196320.mp3,28.0,31.0,-30.039104196975735,-40.0,species,Carduelis carduelis,European Goldfinch,0.38766899704933167,0.38766899704933167,species,0,,,
carduelis_carduelis,196320,Carduelis carduelis,/Users/justyna-przy/Projects/ISE/FYP/src/bird_data/raw/carduelis_carduelis/XC196320.mp3,31.0,34.0,-38.98096669691988,-40.0,species,Carduelis carduelis,European Goldfinch,0.8053717017173767,0.8053717017173767,species,1,rand_species,/Users/justyna-przy/Projects/ISE/FYP/src/bird_data/clips/species/carduelis_carduelis/XC196320__s31000__e34000.wav,
carduelis_carduelis,196320,Carduelis carduelis,/Users/justyna-przy/Projects/ISE/FYP/src/bird_data/raw/carduelis_carduelis/XC196320.mp3,40.0,43.0,-39.81685347538662,-40.0,drop,Emberiza calandra,Corn Bunting,0.11645836383104324,0.11645836383104324,drop,0,,,
carduelis_carduelis,194934,Carduelis carduelis,/Users/justyna-przy/Projects/ISE/FYP/src/bird_data/raw/carduelis_carduelis/XC194934.mp3,1.0,4.0,-32.24044485711109,-40.0,drop,Carduelis carduelis,European Goldfinch,0.14930963516235352,0.14930963516235352,drop,0,,,
carduelis_carduelis,194934,Carduelis carduelis,/Users/justyna-przy/Projects/ISE/FYP/src/bird_data/raw/carduelis_carduelis/XC194934.mp3,4.0,7.0,-31.06521733952523,-40.0,species,Carduelis carduelis,European Goldfinch,0.6148819923400879,0.6148819923400879,species,1,rand_species,/Users/justyna-przy/Projects/ISE/FYP/src/bird_data/clips/species/carduelis_carduelis/XC194934__s4000__e7000.wav,
carduelis_carduelis,194934,Carduelis carduelis,/Users/justyna-przy/Projects/ISE/FYP/src/bird_data/raw/carduelis_carduelis/XC194934.mp3,7.0,10.0,-31.389722155043675,-40.0,non_bird,,,0.0,0.0,non_bird,1,nonbird_lowconf,/Users/justyna-przy/Projects/ISE/FYP/src/bird_data/clips/non_bird/carduelis_carduelis/XC194934__s7000__e10000.wav,
carduelis_carduelis,194934,Carduelis carduelis,/Users/justyna-przy/Projects/ISE/FYP/src/bird_data/raw/carduelis_carduelis/XC194934.mp3,10.0,13.0,-30.369736620388366,-40.0,drop,Ficedula hypoleuca,European Pied Flycatcher,0.20205818116664886,0.20205818116664886,drop,0,,,
carduelis_carduelis,194934,Carduelis carduelis,/Users/justyna-przy/Projects/ISE/FYP/src/bird_data/raw/carduelis_carduelis/XC194934.mp3,13.0,16.0,-30.971936274554043,-40.0,drop,Cinnyris asiaticus,Purple Sunbird,0.1645227074623108,0.1645227074623108,drop,0,,,
carduelis_carduelis,194934,Carduelis carduelis,/Users/justyna-przy/Projects/ISE/FYP/src/bird_data/raw/carduelis_carduelis/XC194934.mp3,16.0,19.0,-30.552455466037138,-40.0,non_bird,,,0.0,0.0,non_bird,1,nonbird_lowconf,/Users/justyna-przy/Projects/ISE/FYP/src/bird_data/clips/non_bird/carduelis_carduelis/XC194934__s16000__e19000.wav,
carduelis_carduelis,194934,Carduelis carduelis,/Users/justyna-przy/Projects/ISE/FYP/src/bird_data/raw/carduelis_carduelis/XC194934.mp3,19.0,22.0,-29.734442954188683,-40.0,drop,Cinnyris asiaticus,Purple Sunbird,0.17006081342697144,0.17006081342697144,drop,0,,,
carduelis_carduelis,193039,Carduelis carduelis,/Users/justyna-przy/Projects/ISE/FYP/src/bird_data/raw/carduelis_carduelis/XC193039.mp3,1.0,4.0,-20.765835665335107,-34.73638290547814,species,Carduelis carduelis,European Goldfinch,0.9920424818992615,0.9920424818992615,species,0,,,
carduelis_carduelis,193039,Carduelis carduelis,/Users/justyna-przy/Projects/ISE/FYP/src/bird_data/raw/carduelis_carduelis/XC193039.mp3,4.0,7.0,-28.45091579885578,-34.73638290547814,species,Carduelis carduelis,European Goldfinch,0.9840341806411743,0.9840341806411743,species,0,,,
carduelis_carduelis,193039,Carduelis carduelis,/Users/justyna-przy/Projects/ISE/FYP/src/bird_data/raw/carduelis_carduelis/XC193039.mp3,7.0,10.0,-29.241965872878946,-34.73638290547814,species,Carduelis carduelis,European Goldfinch,0.8462615013122559,0.8462615013122559,species,0,,,
carduelis_carduelis,193039,Carduelis carduelis,/Users/justyna-przy/Projects/ISE/FYP/src/bird_data/raw/carduelis_carduelis/XC193039.mp3,10.0,13.0,-26.567728218005723,-34.73638290547814,species,Carduelis carduelis,European Goldfinch,0.9912864565849304,0.9912864565849304,species,0,,,
carduelis_carduelis,193039,Carduelis carduelis,/Users/justyna-przy/Projects/ISE/FYP/src/bird_data/raw/carduelis_carduelis/XC193039.mp3,13.0,16.0,-24.265529307828665,-34.73638290547814,species,Carduelis carduelis,European Goldfinch,0.9906564354896545,0.9906564354896545,species,0,,,
carduelis_carduelis,193039,Carduelis carduelis,/Users/justyna-przy/Projects/ISE/FYP/src/bird_data/raw/carduelis_carduelis/XC193039.mp3,16.0,19.0,-33.68449079196514,-34.73638290547814,species,Carduelis carduelis,European Goldfinch,0.7404748797416687,0.7404748797416687,species,0,,,
carduelis_carduelis,193039,Carduelis carduelis,/Users/justyna-przy/Projects/ISE/FYP/src/bird_data/raw/carduelis_carduelis/XC193039.mp3,22.0,25.0,-34.49231019833452,-34.73638290547814,species,Carduelis carduelis,European Goldfinch,0.9182894229888916,0.9182894229888916,species,1,rand_species,/Users/justyna-przy/Projects/ISE/FYP/src/bird_data/clips/species/carduelis_carduelis/XC193039__s22000__e25000.wav,
carduelis_carduelis,193039,Carduelis carduelis,/Users/justyna-przy/Projects/ISE/FYP/src/bird_data/raw/carduelis_carduelis/XC193039.mp3,28.0,31.0,-31.217402946697668,-34.73638290547814,species,Carduelis carduelis,European Goldfinch,0.8080548644065857,0.8080548644065857,species,1,rand_species,/Users/justyna-przy/Projects/ISE/FYP/src/bird_data/clips/species/carduelis_carduelis/XC193039__s28000__e31000.wav,
carduelis_carduelis,193039,Carduelis carduelis,/Users/justyna-przy/Projects/ISE/FYP/src/bird_data/raw/carduelis_carduelis/XC193039.mp3,34.0,37.0,-34.5687604161583,-34.73638290547814,drop,Emberiza calandra,Corn Bunting,0.3870614469051361,0.3870614469051361,drop,0,,,
carduelis_carduelis,193039,Carduelis carduelis,/Users/justyna-przy/Projects/ISE/FYP/src/bird_data/raw/carduelis_carduelis/XC193039.mp3,37.0,40.0,-28.065148439215257,-34.73638290547814,species,Carduelis carduelis,European Goldfinch,0.49374714493751526,0.49374714493751526,species,1,rand_species,/Users/justyna-przy/Projects/ISE/FYP/src/bird_data/clips/species/carduelis_carduelis/XC193039__s37000__e40000.wav,
carduelis_carduelis,193038,Carduelis carduelis,/Users/justyna-przy/Projects/ISE/FYP/src/bird_data/raw/carduelis_carduelis/XC193038.mp3,1.0,4.0,-21.280411695358097,-38.808961794279085,drop,Carduelis carduelis,European Goldfinch,0.2688215672969818,0.2688215672969818,drop,0,,,
carduelis_carduelis,193038,Carduelis carduelis,/Users/justyna-przy/Projects/ISE/FYP/src/bird_data/raw/carduelis_carduelis/XC193038.mp3,10.0,13.0,-28.686489107866034,-38.808961794279085,species,Carduelis carduelis,European Goldfinch,0.3640802204608917,0.3640802204608917,species,0,,,
carduelis_carduelis,193038,Carduelis carduelis,/Users/justyna-przy/Projects/ISE/FYP/src/bird_data/raw/carduelis_carduelis/XC193038.mp3,16.0,19.0,-34.77428793865694,-38.808961794279085,species,Carduelis carduelis,European Goldfinch,0.9950048327445984,0.9950048327445984,species,1,rand_species,/Users/justyna-przy/Projects/ISE/FYP/src/bird_data/clips/species/carduelis_carduelis/XC193038__s16000__e19000.wav,
carduelis_carduelis,193038,Carduelis carduelis,/Users/justyna-przy/Projects/ISE/FYP/src/bird_data/raw/carduelis_carduelis/XC193038.mp3,19.0,22.0,-34.58084835380584,-38.808961794279085,species,Carduelis carduelis,European Goldfinch,0.982194185256958,0.982194185256958,species,1,rand_species,/Users/justyna-przy/Projects/ISE/FYP/src/bird_data/clips/species/carduelis_carduelis/XC193038__s19000__e22000.wav,
carduelis_carduelis,193038,Carduelis carduelis,/Users/justyna-przy/Projects/ISE/FYP/src/bird_data/raw/carduelis_carduelis/XC193038.mp3,22.0,25.0,-33.80350634082544,-38.808961794279085,species,Carduelis carduelis,European Goldfinch,0.988085150718689,0.988085150718689,species,0,,,
carduelis_carduelis,193038,Carduelis carduelis,/Users/justyna-przy/Projects/ISE/FYP/src/bird_data/raw/carduelis_carduelis/XC193038.mp3,25.0,28.0,-35.65132228805724,-38.808961794279085,species,Carduelis carduelis,European Goldfinch,0.9877687096595764,0.9877687096595764,species,0,,,
carduelis_carduelis,193038,Carduelis carduelis,/Users/justyna-przy/Projects/ISE/FYP/src/bird_data/raw/carduelis_carduelis/XC193038.mp3,28.0,31.0,-29.592302583321594,-38.808961794279085,species,Carduelis carduelis,European Goldfinch,0.9935909509658813,0.9935909509658813,species,1,rand_species,/Users/justyna-przy/Projects/ISE/FYP/src/bird_data/clips/species/carduelis_carduelis/XC193038__s28000__e31000.wav,
carduelis_carduelis,193038,Carduelis carduelis,/Users/justyna-przy/Projects/ISE/FYP/src/bird_data/raw/carduelis_carduelis/XC193038.mp3,31.0,34.0,-32.806303956802864,-38.808961794279085,species,Carduelis carduelis,European Goldfinch,0.5127643942832947,0.5127643942832947,species,0,,,
carduelis_carduelis,188837,Carduelis carduelis,/Users/justyna-przy/Projects/ISE/FYP/src/bird_data/raw/carduelis_carduelis/XC188837.mp3,4.0,7.0,-33.66419679779719,-33.79043924189022,species,Carduelis carduelis,European Goldfinch,0.9941284656524658,0.9941284656524658,species,1,rand_species,/Users/justyna-przy/Projects/ISE/FYP/src/bird_data/clips/species/carduelis_carduelis/XC188837__s4000__e7000.wav,
carduelis_carduelis,188722,Carduelis carduelis,/Users/justyna-przy/Projects/ISE/FYP/src/bird_data/raw/carduelis_carduelis/XC188722.mp3,1.0,4.0,-35.99343305019224,-40.0,species,Carduelis carduelis,European Goldfinch,0.9839158654212952,0.9839158654212952,species,1,rand_species,/Users/justyna-przy/Projects/ISE/FYP/src/bird_data/clips/species/carduelis_carduelis/XC188722__s1000__e4000.wav,
carduelis_carduelis,188722,Carduelis carduelis,/Users/justyna-przy/Projects/ISE/FYP/src/bird_data/raw/carduelis_carduelis/XC188722.mp3,4.0,7.0,-33.99482173347741,-40.0,species,Carduelis carduelis,European Goldfinch,0.8483400940895081,0.8483400940895081,species,1,rand_species,/Users/justyna-przy/Projects/ISE/FYP/src/bird_data/clips/species/carduelis_carduelis/XC188722__s4000__e7000.wav,
carduelis_carduelis,188722,Carduelis carduelis,/Users/justyna-przy/Projects/ISE/FYP/src/bird_data/raw/carduelis_carduelis/XC188722.mp3,7.0,10.0,-34.39064002099771,-40.0,species,Carduelis carduelis,European Goldfinch,0.981186032295227,0.981186032295227,species,1,rand_species,/Users/justyna-przy/Projects/ISE/FYP/src/bird_data/clips/species/carduelis_carduelis/XC188722__s7000__e10000.wav,
carduelis_carduelis,180726,Carduelis carduelis,/Users/justyna-przy/Projects/ISE/FYP/src/bird_data/raw/carduelis_carduelis/XC180726.mp3,1.0,4.0,-34.537110788442035,-39.45991829401942,species,Carduelis carduelis,European Goldfinch,0.888400137424469,0.888400137424469,species,1,rand_species,/Users/justyna-przy/Projects/ISE/FYP/src/bird_data/clips/species/carduelis_carduelis/XC180726__s1000__e4000.wav,
carduelis_carduelis,180726,Carduelis carduelis,/Users/justyna-przy/Projects/ISE/FYP/src/bird_data/raw/carduelis_carduelis/XC180726.mp3,4.0,7.0,-39.21709140397753,-39.45991829401942,non_bird,,,0.0,0.0,non_bird,1,nonbird_lowconf,/Users/justyna-przy/Projects/ISE/FYP/src/bird_data/clips/non_bird/carduelis_carduelis/XC180726__s4000__e7000.wav,
carduelis_carduelis,180726,Carduelis carduelis,/Users/justyna-przy/Projects/ISE/FYP/src/bird_data/raw/carduelis_carduelis/XC180726.mp3,7.0,10.0,-35.00083053220764,-39.45991829401942,species,Carduelis carduelis,European Goldfinch,0.9967122077941895,0.9967122077941895,species,1,rand_species,/Users/justyna-przy/Projects/ISE/FYP/src/bird_data/clips/species/carduelis_carduelis/XC180726__s7000__e10000.wav,
carduelis_carduelis,180726,Carduelis carduelis,/Users/justyna-przy/Projects/ISE/FYP/src/bird_data/raw/carduelis_carduelis/XC180726.mp3,13.0,16.0,-36.36178860581531,-39.45991829401942,species,Carduelis carduelis,European Goldfinch,0.3988337516784668,0.3988337516784668,species,1,rand_species,/Users/justyna-przy/Projects/ISE/FYP/src/bird_data/clips/species/carduelis_carduelis/XC180726__s13000__e16000.wav,
carduelis_carduelis,179909,Carduelis carduelis,/Users/justyna-przy/Projects/ISE/FYP/src/bird_data/raw/carduelis_carduelis/XC179909.mp3,1.0,4.0,-26.114407242933744,-40.0,species,Carduelis carduelis,European Goldfinch,0.9990696310997009,0.9990696310997009,species,1,rand_species,/Users/justyna-przy/Projects/ISE/FYP/src/bird_data/clips/species/carduelis_carduelis/XC179909__s1000__e4000.wav,
carduelis_carduelis,179909,Carduelis carduelis,/Users/justyna-przy/Projects/ISE/FYP/src/bird_data/raw/carduelis_carduelis/XC179909.mp3,4.0,7.0,-34.84998180452348,-40.0,drop,Saxicola rubicola,European Stonechat,0.10127180069684982,0.10127180069684982,drop,0,,,
carduelis_carduelis,179909,Carduelis carduelis,/Users/justyna-przy/Projects/ISE/FYP/src/bird_data/raw/carduelis_carduelis/XC179909.mp3,7.0,10.0,-25.19960991080588,-40.0,species,Carduelis carduelis,European Goldfinch,0.9973636269569397,0.9973636269569397,species,1,rand_species,/Users/justyna-przy/Projects/ISE/FYP/src/bird_data/clips/species/carduelis_carduelis/XC179909__s7000__e10000.wav,
carduelis_carduelis,179909,Carduelis carduelis,/Users/justyna-przy/Projects/ISE/FYP/src/bird_data/raw/carduelis_carduelis/XC179909.mp3,10.0,13.0,-30.3876272236231,-40.0,drop,Carduelis carduelis,European Goldfinch,0.2175312340259552,0.2175312340259552,drop,0,,,
carduelis_carduelis,170284,Carduelis carduelis,/Users/justyna-przy/Projects/ISE/FYP/src/bird_data/raw/carduelis_carduelis/XC170284.mp3,1.0,4.0,-29.928685109100698,-39.92637552077671,species,Carduelis carduelis,European Goldfinch,0.9979897737503052,0.9979897737503052,species,0,,,
carduelis_carduelis,170284,Carduelis carduelis,/Users/justyna-przy/Projects/ISE/FYP/src/bird_data/raw/carduelis_carduelis/XC170284.mp3,4.0,7.0,-28.17209680744737,-39.92637552077671,species,Carduelis carduelis,European Goldfinch,0.9951933026313782,0.9951933026313782,species,0,,,
carduelis_carduelis,170284,Carduelis carduelis,/Users/justyna-przy/Projects/ISE/FYP/src/bird_data/raw/carduelis_carduelis/XC170284.mp3,7.0,10.0,-27.93160445537965,-39.92637552077671,species,Carduelis carduelis,European Goldfinch,0.9439171552658081,0.9439171552658081,species,1,rand_species,/Users/justyna-przy/Projects/ISE/FYP/src/bird_data/clips/species/carduelis_carduelis/XC170284__s7000__e10000.wav,
carduelis_carduelis,170284,Carduelis carduelis,/Users/justyna-przy/Projects/ISE/FYP/src/bird_data/raw/carduelis_carduelis/XC170284.mp3,10.0,13.0,-25.68400657060566,-39.92637552077671,species,Carduelis carduelis,European Goldfinch,0.986944317817688,0.986944317817688,species,0,,,
carduelis_carduelis,170284,Carduelis carduelis,/Users/justyna-przy/Projects/ISE/FYP/src/bird_data/raw/carduelis_carduelis/XC170284.mp3,13.0,16.0,-28.293235701918086,-39.92637552077671,drop,Linaria cannabina,Eurasian Linnet,0.653472900390625,0.653472900390625,drop,0,,,
carduelis_carduelis,170284,Carduelis carduelis,/Users/justyna-przy/Projects/ISE/FYP/src/bird_data/raw/carduelis_carduelis/XC170284.mp3,19.0,22.0,-36.90785854564797,-39.92637552077671,species,Carduelis carduelis,European Goldfinch,0.9949716329574585,0.9949716329574585,species,0,,,
carduelis_carduelis,170284,Carduelis carduelis,/Users/justyna-przy/Projects/ISE/FYP/src/bird_data/raw/carduelis_carduelis/XC170284.mp3,22.0,25.0,-35.15729559243472,-39.92637552077671,species,Carduelis carduelis,European Goldfinch,0.9942678213119507,0.9942678213119507,species,0,,,
carduelis_carduelis,170284,Carduelis carduelis,/Users/justyna-przy/Projects/ISE/FYP/src/bird_data/raw/carduelis_carduelis/XC170284.mp3,25.0,28.0,-37.114049307739414,-39.92637552077671,species,Carduelis carduelis,European Goldfinch,0.9945070147514343,0.9945070147514343,species,0,,,
carduelis_carduelis,170284,Carduelis carduelis,/Users/justyna-przy/Projects/ISE/FYP/src/bird_data/raw/carduelis_carduelis/XC170284.mp3,28.0,31.0,-38.77077887562794,-39.92637552077671,species,Carduelis carduelis,European Goldfinch,0.9254826307296753,0.9254826307296753,species,1,rand_species,/Users/justyna-przy/Projects/ISE/FYP/src/bird_data/clips/species/carduelis_carduelis/XC170284__s28000__e31000.wav,
carduelis_carduelis,170284,Carduelis carduelis,/Users/justyna-przy/Projects/ISE/FYP/src/bird_data/raw/carduelis_carduelis/XC170284.mp3,31.0,34.0,-39.190849879775826,-39.92637552077671,species,Carduelis carduelis,European Goldfinch,0.9915949702262878,0.9915949702262878,species,0,,,
carduelis_carduelis,170284,Carduelis carduelis,/Users/justyna-przy/Projects/ISE/FYP/src/bird_data/raw/carduelis_carduelis/XC170284.mp3,34.0,37.0,-39.789666689233165,-39.92637552077671,species,Carduelis carduelis,European Goldfinch,0.9621517062187195,0.9621517062187195,species,1,rand_species,/Users/justyna-przy/Projects/ISE/FYP/src/bird_data/clips/species/carduelis_carduelis/XC170284__s34000__e37000.wav,
carduelis_carduelis,170284,Carduelis carduelis,/Users/justyna-przy/Projects/ISE/FYP/src/bird_data/raw/carduelis_carduelis/XC170284.mp3,37.0,40.0,-37.970208408674694,-39.92637552077671,species,Carduelis carduelis,European Goldfinch,0.9831346273422241,0.9831346273422241,species,0,,,
carduelis_carduelis,133888,Carduelis carduelis,/Users/justyna-przy/Projects/ISE/FYP/src/bird_data/raw/carduelis_carduelis/XC133888.mp3,4.0,7.0,-31.13277148128926,-31.29804683925994,non_bird,,,0.0,0.0,non_bird,1,nonbird_lowconf,/Users/justyna-przy/Projects/ISE/FYP/src/bird_data/clips/non_bird/carduelis_carduelis/XC133888__s4000__e7000.wav,
carduelis_carduelis,133888,Carduelis carduelis,/Users/justyna-przy/Projects/ISE/FYP/src/bird_data/raw/carduelis_carduelis/XC133888.mp3,10.0,13.0,-29.195465302676766,-31.29804683925994,species,Carduelis carduelis,European Goldfinch,0.967191755771637,0.967191755771637,species,1,rand_species,/Users/justyna-przy/Projects/ISE/FYP/src/bird_data/clips/species/carduelis_carduelis/XC133888__s10000__e13000.wav,
carduelis_carduelis,133888,Carduelis carduelis,/Users/justyna-przy/Projects/ISE/FYP/src/bird_data/raw/carduelis_carduelis/XC133888.mp3,13.0,16.0,-24.35741717272103,-31.29804683925994,species,Carduelis carduelis,European Goldfinch,0.9968284964561462,0.9968284964561462,species,1,rand_species,/Users/justyna-przy/Projects/ISE/FYP/src/bird_data/clips/species/carduelis_carduelis/XC133888__s13000__e16000.wav,
carduelis_carduelis,133888,Carduelis carduelis,/Users/justyna-przy/Projects/ISE/FYP/src/bird_data/raw/carduelis_carduelis/XC133888.mp3,16.0,19.0,-31.23255121090319,-31.29804683925994,drop,Carduelis carduelis,European Goldfinch,0.27741530537605286,0.27741530537605286,drop,0,,,
carduelis_carduelis,133888,Carduelis carduelis,/Users/justyna-przy/Projects/ISE/FYP/src/bird_data/raw/carduelis_carduelis/XC133888.mp3,19.0,22.0,-29.239747512999482,-31.29804683925994,species,Carduelis carduelis,European Goldfinch,0.954650342464447,0.954650342464447,species,1,rand_species,/Users/justyna-przy/Projects/ISE/FYP/src/bird_data/clips/species/carduelis_carduelis/XC133888__s19000__e22000.wav,
carduelis_carduelis,133886,Carduelis carduelis,/Users/justyna-przy/Projects/ISE/FYP/src/bird_data/raw/carduelis_carduelis/XC133886.mp3,1.0,4.0,-17.05993209821,-38.049455395490895,species,Carduelis carduelis,European Goldfinch,0.9936724901199341,0.9936724901199341,species,1,rand_species,/Users/justyna-przy/Projects/ISE/FYP/src/bird_data/clips/species/carduelis_carduelis/XC133886__s1000__e4000.wav,
carduelis_carduelis,133886,Carduelis carduelis,/Users/justyna-przy/Projects/ISE/FYP/src/bird_data/raw/carduelis_carduelis/XC133886.mp3,4.0,7.0,-29.79551248254792,-38.049455395490895,species,Carduelis carduelis,European Goldfinch,0.8960162401199341,0.8960162401199341,species,1,rand_species,/Users/justyna-przy/Projects/ISE/FYP/src/bird_data/clips/species/carduelis_carduelis/XC133886__s4000__e7000.wav,
carduelis_carduelis,133886,Carduelis carduelis,/Users/justyna-przy/Projects/ISE/FYP/src/bird_data/raw/carduelis_carduelis/XC133886.mp3,7.0,10.0,-15.812530818132908,-38.049455395490895,species,Carduelis carduelis,European Goldfinch,0.8234952092170715,0.8234952092170715,species,0,,,
carduelis_carduelis,133886,Carduelis carduelis,/Users/justyna-przy/Projects/ISE/FYP/src/bird_data/raw/carduelis_carduelis/XC133886.mp3,13.0,16.0,-38.02724072327919,-38.049455395490895,species,Carduelis carduelis,European Goldfinch,0.7756568789482117,0.7756568789482117,species,0,,,
carduelis_carduelis,133886,Carduelis carduelis,/Users/justyna-przy/Projects/ISE/FYP/src/bird_data/raw/carduelis_carduelis/XC133886.mp3,16.0,19.0,-36.96336795524153,-38.049455395490895,species,Carduelis carduelis,European Goldfinch,0.6929972171783447,0.6929972171783447,species,1,rand_species,/Users/justyna-przy/Projects/ISE/FYP/src/bird_data/clips/species/carduelis_carduelis/XC133886__s16000__e19000.wav,
carduelis_carduelis,133885,Carduelis carduelis,/Users/justyna-przy/Projects/ISE/FYP/src/bird_data/raw/carduelis_carduelis/XC133885.mp3,7.0,10.0,-21.51969487891442,-25.40054320069403,species,Carduelis carduelis,European Goldfinch,0.9838461875915527,0.9838461875915527,species,1,rand_species,/Users/justyna-przy/Projects/ISE/FYP/src/bird_data/clips/species/carduelis_carduelis/XC133885__s7000__e10000.wav,
carduelis_carduelis,133885,Carduelis carduelis,/Users/justyna-przy/Projects/ISE/FYP/src/bird_data/raw/carduelis_carduelis/XC133885.mp3,10.0,13.0,-23.53646779966073,-25.40054320069403,species,Carduelis carduelis,European Goldfinch,0.9911256432533264,0.9911256432533264,species,0,,,
carduelis_carduelis,133885,Carduelis carduelis,/Users/justyna-przy/Projects/ISE/FYP/src/bird_data/raw/carduelis_carduelis/XC133885.mp3,19.0,22.0,-24.198672953191718,-25.40054320069403,species,Carduelis carduelis,European Goldfinch,0.9099016189575195,0.9099016189575195,species,0,,,
carduelis_carduelis,133885,Carduelis carduelis,/Users/justyna-przy/Projects/ISE/FYP/src/bird_data/raw/carduelis_carduelis/XC133885.mp3,22.0,25.0,-25.132349423277567,-25.40054320069403,species,Carduelis carduelis,European Goldfinch,0.9918519854545593,0.9918519854545593,species,1,rand_species,/Users/justyna-przy/Projects/ISE/FYP/src/bird_data/clips/species/carduelis_carduelis/XC133885__s22000__e25000.wav,
carduelis_carduelis,133885,Carduelis carduelis,/Users/justyna-przy/Projects/ISE/FYP/src/bird_data/raw/carduelis_carduelis/XC133885.mp3,25.0,28.0,-24.10248239266993,-25.40054320069403,species,Carduelis carduelis,European Goldfinch,0.6560580730438232,0.6560580730438232,species,0,,,
carduelis_carduelis,133885,Carduelis carduelis,/Users/justyna-przy/Projects/ISE/FYP/src/bird_data/raw/carduelis_carduelis/XC133885.mp3,28.0,31.0,-20.454176849733948,-25.40054320069403,species,Carduelis carduelis,European Goldfinch,0.8230875730514526,0.8230875730514526,species,0,,,
carduelis_carduelis,133885,Carduelis carduelis,/Users/justyna-przy/Projects/ISE/FYP/src/bird_data/raw/carduelis_carduelis/XC133885.mp3,31.0,34.0,-25.029823213282214,-25.40054320069403,species,Carduelis carduelis,European Goldfinch,0.9727215766906738,0.9727215766906738,species,0,,,
carduelis_carduelis,133885,Carduelis carduelis,/Users/justyna-przy/Projects/ISE/FYP/src/bird_data/raw/carduelis_carduelis/XC133885.mp3,34.0,37.0,-23.5763033170244,-25.40054320069403,species,Carduelis carduelis,European Goldfinch,0.9871755242347717,0.9871755242347717,species,1,rand_species,/Users/justyna-przy/Projects/ISE/FYP/src/bird_data/clips/species/carduelis_carduelis/XC133885__s34000__e37000.wav,
carduelis_carduelis,97792,Carduelis carduelis,/Users/justyna-przy/Projects/ISE/FYP/src/bird_data/raw/carduelis_carduelis/XC97792.mp3,1.0,4.0,-35.06220836487424,-40.0,species,Carduelis carduelis,European Goldfinch,0.9132163524627686,0.9132163524627686,species,0,,,
carduelis_carduelis,97792,Carduelis carduelis,/Users/justyna-przy/Projects/ISE/FYP/src/bird_data/raw/carduelis_carduelis/XC97792.mp3,4.0,7.0,-34.39050516502477,-40.0,species,Carduelis carduelis,European Goldfinch,0.98876953125,0.98876953125,species,0,,,
carduelis_carduelis,97792,Carduelis carduelis,/Users/justyna-przy/Projects/ISE/FYP/src/bird_data/raw/carduelis_carduelis/XC97792.mp3,7.0,10.0,-36.559811293695276,-40.0,species,Carduelis carduelis,European Goldfinch,0.9949682354927063,0.9949682354927063,species,1,rand_species,/Users/justyna-przy/Projects/ISE/FYP/src/bird_data/clips/species/carduelis_carduelis/XC97792__s7000__e10000.wav,
carduelis_carduelis,97792,Carduelis carduelis,/Users/justyna-przy/Projects/ISE/FYP/src/bird_data/raw/carduelis_carduelis/XC97792.mp3,10.0,13.0,-36.94362133343896,-40.0,species,Carduelis carduelis,European Goldfinch,0.9903541803359985,0.9903541803359985,species,1,rand_species,/Users/justyna-przy/Projects/ISE/FYP/src/bird_data/clips/species/carduelis_carduelis/XC97792__s10000__e13000.wav,
carduelis_carduelis,97792,Carduelis carduelis,/Users/justyna-przy/Projects/ISE/FYP/src/bird_data/raw/carduelis_carduelis/XC97792.mp3,13.0,16.0,-36.00994886686274,-40.0,species,Carduelis carduelis,European Goldfinch,0.9988607168197632,0.9988607168197632,species,1,rand_species,/Users/justyna-przy/Projects/ISE/FYP/src/bird_data/clips/species/carduelis_carduelis/XC97792__s13000__e16000.wav,
carduelis_carduelis,97792,Carduelis carduelis,/Users/justyna-przy/Projects/ISE/FYP/src/bird_data/raw/carduelis_carduelis/XC97792.mp3,16.0,19.0,-38.520652810533484,-40.0,species,Carduelis carduelis,European Goldfinch,0.9796041250228882,0.9796041250228882,species,0,,,
carduelis_carduelis,97792,Carduelis carduelis,/Users/justyna-przy/Projects/ISE/FYP/src/bird_data/raw/carduelis_carduelis/XC97792.mp3,19.0,22.0,-38.46128840674611,-40.0,species,Carduelis carduelis,European Goldfinch,0.9983723759651184,0.9983723759651184,species,0,,,
carduelis_carduelis,94567,Carduelis carduelis,/Users/justyna-przy/Projects/ISE/FYP/src/bird_data/raw/carduelis_carduelis/XC94567.mp3,1.0,4.0,-23.03333470853115,-26.435226420499657,species,Carduelis carduelis,European Goldfinch,0.9198971390724182,0.9198971390724182,species,0,,,
carduelis_carduelis,94567,Carduelis carduelis,/Users/justyna-przy/Projects/ISE/FYP/src/bird_data/raw/carduelis_carduelis/XC94567.mp3,4.0,7.0,-23.147803915580063,-26.435226420499657,species,Carduelis carduelis,European Goldfinch,0.8530770540237427,0.8530770540237427,species,1,rand_species,/Users/justyna-przy/Projects/ISE/FYP/src/bird_data/clips/species/carduelis_carduelis/XC94567__s4000__e7000.wav,
carduelis_carduelis,94567,Carduelis carduelis,/Users/justyna-przy/Projects/ISE/FYP/src/bird_data/raw/carduelis_carduelis/XC94567.mp3,7.0,10.0,-24.167427930357714,-26.435226420499657,drop,Acanthiza nana,Yellow Thornbill,0.166489377617836,0.166489377617836,drop,0,,,
carduelis_carduelis,94567,Carduelis carduelis,/Users/justyna-przy/Projects/ISE/FYP/src/bird_data/raw/carduelis_carduelis/XC94567.mp3,10.0,13.0,-25.799407536180013,-26.435226420499657,drop,Erithacus rubecula,European Robin,0.3719462752342224,0.3719462752342224,drop,0,,,
carduelis_carduelis,94567,Carduelis carduelis,/Users/justyna-przy/Projects/ISE/FYP/src/bird_data/raw/carduelis_carduelis/XC94567.mp3,13.0,16.0,-21.25079098628071,-26.435226420499657,species,Carduelis carduelis,European Goldfinch,0.7602618932723999,0.7602618932723999,species,0,,,
carduelis_carduelis,94567,Carduelis carduelis,/Users/justyna-przy/Projects/ISE/FYP/src/bird_data/raw/carduelis_carduelis/XC94567.mp3,19.0,22.0,-26.341685119368115,-26.435226420499657,species,Carduelis carduelis,European Goldfinch,0.7111260890960693,0.7111260890960693,species,0,,,
carduelis_carduelis,94567,Carduelis carduelis,/Users/justyna-przy/Projects/ISE/FYP/src/bird_data/raw/carduelis_carduelis/XC94567.mp3,25.0,28.0,-25.81614947603969,-26.435226420499657,drop,Turdus philomelos,Song Thrush,0.26375770568847656,0.26375770568847656,drop,0,,,
carduelis_carduelis,94567,Carduelis carduelis,/Users/justyna-przy/Projects/ISE/FYP/src/bird_data/raw/carduelis_carduelis/XC94567.mp3,28.0,31.0,-26.233260861589027,-26.435226420499657,species,Carduelis carduelis,European Goldfinch,0.9623074531555176,0.9623074531555176,species,0,,,
carduelis_carduelis,94567,Carduelis carduelis,/Users/justyna-przy/Projects/ISE/FYP/src/bird_data/raw/carduelis_carduelis/XC94567.mp3,31.0,34.0,-26.105782287312714,-26.435226420499657,species,Carduelis carduelis,European Goldfinch,0.9145029187202454,0.9145029187202454,species,1,rand_species,/Users/justyna-przy/Projects/ISE/FYP/src/bird_data/clips/species/carduelis_carduelis/XC94567__s31000__e34000.wav,
carduelis_carduelis,94567,Carduelis carduelis,/Users/justyna-przy/Projects/ISE/FYP/src/bird_data/raw/carduelis_carduelis/XC94567.mp3,34.0,37.0,-25.12466713357528,-26.435226420499657,species,Carduelis carduelis,European Goldfinch,0.9413958191871643,0.9413958191871643,species,0,,,
carduelis_carduelis,94567,Carduelis carduelis,/Users/justyna-przy/Projects/ISE/FYP/src/bird_data/raw/carduelis_carduelis/XC94567.mp3,37.0,40.0,-25.394983319551674,-26.435226420499657,species,Carduelis carduelis,European Goldfinch,0.5799313187599182,0.5799313187599182,species,0,,,
carduelis_carduelis,94567,Carduelis carduelis,/Users/justyna-przy/Projects/ISE/FYP/src/bird_data/raw/carduelis_carduelis/XC94567.mp3,43.0,46.0,-24.201455863913836,-26.435226420499657,species,Carduelis carduelis,European Goldfinch,0.9876684546470642,0.9876684546470642,species,1,rand_species,/Users/justyna-przy/Projects/ISE/FYP/src/bird_data/clips/species/carduelis_carduelis/XC94567__s43000__e46000.wav,
carduelis_carduelis,94566,Carduelis carduelis,/Users/justyna-przy/Projects/ISE/FYP/src/bird_data/raw/carduelis_carduelis/XC94566.mp3,1.0,4.0,-29.732619073246852,-29.76123199278132,non_bird,,,0.0,0.0,non_bird,1,nonbird_lowconf,/Users/justyna-przy/Projects/ISE/FYP/src/bird_data/clips/non_bird/carduelis_carduelis/XC94566__s1000__e4000.wav,
carduelis_carduelis,94566,Carduelis carduelis,/Users/justyna-przy/Projects/ISE/FYP/src/bird_data/raw/carduelis_carduelis/XC94566.mp3,4.0,7.0,-27.4382548128003,-29.76123199278132,species,Carduelis carduelis,European Goldfinch,0.9509354829788208,0.9509354829788208,species,1,rand_species,/Users/justyna-przy/Projects/ISE/FYP/src/bird_data/clips/species/carduelis_carduelis/XC94566__s4000__e7000.wav,
carduelis_carduelis,94566,Carduelis carduelis,/Users/justyna-przy/Projects/ISE/FYP/src/bird_data/raw/carduelis_carduelis/XC94566.mp3,7.0,10.0,-29.76123199278132,-29.76123199278132,species,Carduelis carduelis,European Goldfinch,0.8763930201530457,0.8763930201530457,species,0,,,
carduelis_carduelis,94566,Carduelis carduelis,/Users/justyna-przy/Projects/ISE/FYP/src/bird_data/raw/carduelis_carduelis/XC94566.mp3,13.0,16.0,-28.81085738521609,-29.76123199278132,drop,Turdus philomelos,Song Thrush,0.29814180731773376,0.29814180731773376,drop,0,,,
carduelis_carduelis,94566,Carduelis carduelis,/Users/justyna-przy/Projects/ISE/FYP/src/bird_data/raw/carduelis_carduelis/XC94566.mp3,16.0,19.0,-28.90943255796244,-29.76123199278132,species,Carduelis carduelis,European Goldfinch,0.9195201992988586,0.9195201992988586,species,0,,,
carduelis_carduelis,94566,Carduelis carduelis,/Users/justyna-przy/Projects/ISE/FYP/src/bird_data/raw/carduelis_carduelis/XC94566.mp3,22.0,25.0,-27.065218949657577,-29.76123199278132,species,Carduelis carduelis,European Goldfinch,0.6931664943695068,0.6931664943695068,species,1,rand_species,/Users/justyna-przy/Projects/ISE/FYP/src/bird_data/clips/species/carduelis_carduelis/XC94566__s22000__e25000.wav,
carduelis_carduelis,94566,Carduelis carduelis,/Users/justyna-przy/Projects/ISE/FYP/src/bird_data/raw/carduelis_carduelis/XC94566.mp3,25.0,28.0,-28.76145868097206,-29.76123199278132,species,Carduelis carduelis,European Goldfinch,0.8334950804710388,0.8334950804710388,species,1,rand_species,/Users/justyna-przy/Projects/ISE/FYP/src/bird_data/clips/species/carduelis_carduelis/XC94566__s25000__e28000.wav,
carduelis_carduelis,94566,Carduelis carduelis,/Users/justyna-przy/Projects/ISE/FYP/src/bird_data/raw/carduelis_carduelis/XC94566.mp3,31.0,34.0,-28.466827127902068,-29.76123199278132,species,Carduelis carduelis,European Goldfinch,0.9029293060302734,0.9029293060302734,species,0,,,
carduelis_carduelis,94565,Carduelis carduelis,/Users/justyna-przy/Projects/ISE/FYP/src/bird_data/raw/carduelis_carduelis/XC94565.mp3,1.0,4.0,-26.590633070635654,-27.045390157312106,species,Carduelis carduelis,European Goldfinch,0.8825532793998718,0.8825532793998718,species,1,rand_species,/Users/justyna-przy/Projects/ISE/FYP/src/bird_data/clips/species/carduelis_carduelis/XC94565__s1000__e4000.wav,
carduelis_carduelis,94565,Carduelis carduelis,/Users/justyna-przy/Projects/ISE/FYP/src/bird_data/raw/carduelis_carduelis/XC94565.mp3,4.0,7.0,-26.626926437594452,-27.045390157312106,species,Carduelis carduelis,European Goldfinch,0.39233916997909546,0.39233916997909546,species,0,,,
carduelis_carduelis,94565,Carduelis carduelis,/Users/justyna-przy/Projects/ISE/FYP/src/bird_data/raw/carduelis_carduelis/XC94565.mp3,7.0,10.0,-26.56231053405962,-27.045390157312106,species,Carduelis carduelis,European Goldfinch,0.9875626564025879,0.9875626564025879,species,0,,,
carduelis_carduelis,94565,Carduelis carduelis,/Users/justyna-przy/Projects/ISE/FYP/src/bird_data/raw/carduelis_carduelis/XC94565.mp3,10.0,13.0,-24.974994918659164,-27.045390157312106,species,Carduelis carduelis,European Goldfinch,0.9783160090446472,0.9783160090446472,species,0,,,
carduelis_carduelis,94565,Carduelis carduelis,/Users/justyna-przy/Projects/ISE/FYP/src/bird_data/raw/carduelis_carduelis/XC94565.mp3,13.0,16.0,-26.237512281715695,-27.045390157312106,species,Carduelis carduelis,European Goldfinch,0.6766782402992249,0.6766782402992249,species,1,rand_species,/Users/justyna-przy/Projects/ISE/FYP/src/bird_data/clips/species/carduelis_carduelis/XC94565__s13000__e16000.wav,
carduelis_carduelis,94565,Carduelis carduelis,/Users/justyna-przy/Projects/ISE/FYP/src/bird_data/raw/carduelis_carduelis/XC94565.mp3,16.0,19.0,-25.794949010022556,-27.045390157312106,species,Carduelis carduelis,European Goldfinch,0.6992363333702087,0.6992363333702087,species,0,,,
carduelis_carduelis,94565,Carduelis carduelis,/Users/justyna-przy/Projects/ISE/FYP/src/bird_data/raw/carduelis_carduelis/XC94565.mp3,19.0,22.0,-20.036456402213783,-27.045390157312106,species,Carduelis carduelis,European Goldfinch,0.9847036004066467,0.9847036004066467,species,0,,,
carduelis_carduelis,94565,Carduelis carduelis,/Users/justyna-przy/Projects/ISE/FYP/src/bird_data/raw/carduelis_carduelis/XC94565.mp3,22.0,25.0,-27.00334252134325,-27.045390157312106,species,Carduelis carduelis,European Goldfinch,0.9935044050216675,0.9935044050216675,species,0,,,
carduelis_carduelis,94565,Carduelis carduelis,/Users/justyna-przy/Projects/ISE/FYP/src/bird_data/raw/carduelis_carduelis/XC94565.mp3,28.0,31.0,-24.97293768781192,-27.045390157312106,species,Carduelis carduelis,European Goldfinch,0.8630433678627014,0.8630433678627014,species,0,,,
carduelis_carduelis,94565,Carduelis carduelis,/Users/justyna-przy/Projects/ISE/FYP/src/bird_data/raw/carduelis_carduelis/XC94565.mp3,31.0,34.0,-25.49297210367282,-27.045390157312106,species,Carduelis carduelis,European Goldfinch,0.30613332986831665,0.30613332986831665,species,1,rand_species,/Users/justyna-przy/Projects/ISE/FYP/src/bird_data/clips/species/carduelis_carduelis/XC94565__s31000__e34000.wav,
carduelis_carduelis,94565,Carduelis carduelis,/Users/justyna-przy/Projects/ISE/FYP/src/bird_data/raw/carduelis_carduelis/XC94565.mp3,43.0,46.0,-26.733483445907776,-27.045390157312106,species,Carduelis carduelis,European Goldfinch,0.9830875992774963,0.9830875992774963,species,0,,,
carduelis_carduelis,65798,Carduelis carduelis,/Users/justyna-przy/Projects/ISE/FYP/src/bird_data/raw/carduelis_carduelis/XC65798.mp3,1.0,4.0,-46.25068589089926,-40.0,drop,Petronia petronia,Rock Sparrow,0.7253990769386292,0.7253990769386292,drop,0,,,
carduelis_carduelis,42174,Carduelis carduelis,/Users/justyna-przy/Projects/ISE/FYP/src/bird_data/raw/carduelis_carduelis/XC42174.mp3,7.0,10.0,-24.734100777560425,-29.22206457266453,species,Carduelis carduelis,European Goldfinch,0.9928162097930908,0.9928162097930908,species,0,,,
carduelis_carduelis,42174,Carduelis carduelis,/Users/justyna-przy/Projects/ISE/FYP/src/bird_data/raw/carduelis_carduelis/XC42174.mp3,10.0,13.0,-27.659801576288174,-29.22206457266453,species,Carduelis carduelis,European Goldfinch,0.6265864372253418,0.6265864372253418,species,0,,,
carduelis_carduelis,42174,Carduelis carduelis,/Users/justyna-przy/Projects/ISE/FYP/src/bird_data/raw/carduelis_carduelis/XC42174.mp3,13.0,16.0,-26.572324495028884,-29.22206457266453,species,Carduelis carduelis,European Goldfinch,0.39671948552131653,0.39671948552131653,species,0,,,
carduelis_carduelis,42174,Carduelis carduelis,/Users/justyna-przy/Projects/ISE/FYP/src/bird_data/raw/carduelis_carduelis/XC42174.mp3,19.0,22.0,-27.245096643228393,-29.22206457266453,species,Carduelis carduelis,European Goldfinch,0.8431951403617859,0.8431951403617859,species,0,,,
carduelis_carduelis,42174,Carduelis carduelis,/Users/justyna-przy/Projects/ISE/FYP/src/bird_data/raw/carduelis_carduelis/XC42174.mp3,22.0,25.0,-28.70382097954134,-29.22206457266453,species,Carduelis carduelis,European Goldfinch,0.3442349135875702,0.3442349135875702,species,1,rand_species,/Users/justyna-przy/Projects/ISE/FYP/src/bird_data/clips/species/carduelis_carduelis/XC42174__s22000__e25000.wav,
carduelis_carduelis,42174,Carduelis carduelis,/Users/justyna-przy/Projects/ISE/FYP/src/bird_data/raw/carduelis_carduelis/XC42174.mp3,28.0,31.0,-24.915925928447926,-29.22206457266453,drop,Carduelis carduelis,European Goldfinch,0.10757026076316833,0.10757026076316833,drop,0,,,
carduelis_carduelis,42174,Carduelis carduelis,/Users/justyna-przy/Projects/ISE/FYP/src/bird_data/raw/carduelis_carduelis/XC42174.mp3,31.0,34.0,-27.704542345093838,-29.22206457266453,species,Carduelis carduelis,European Goldfinch,0.9459773302078247,0.9459773302078247,species,1,rand_species,/Users/justyna-przy/Projects/ISE/FYP/src/bird_data/clips/species/carduelis_carduelis/XC42174__s31000__e34000.wav,
carduelis_carduelis,42174,Carduelis carduelis,/Users/justyna-przy/Projects/ISE/FYP/src/bird_data/raw/carduelis_carduelis/XC42174.mp3,34.0,37.0,-28.473380415995866,-29.22206457266453,species,Carduelis carduelis,European Goldfinch,0.5826048254966736,0.5826048254966736,species,1,rand_species,/Users/justyna-przy/Projects/ISE/FYP/src/bird_data/clips/species/carduelis_carduelis/XC42174__s34000__e37000.wav,
carduelis_carduelis,42174,Carduelis carduelis,/Users/justyna-przy/Projects/ISE/FYP/src/bird_data/raw/carduelis_carduelis/XC42174.mp3,37.0,40.0,-27.125701025429898,-29.22206457266453,non_bird,,,0.0,0.0,non_bird,1,nonbird_lowconf,/Users/justyna-przy/Projects/ISE/FYP/src/bird_data/clips/non_bird/carduelis_carduelis/XC42174__s37000__e40000.wav,
carduelis_carduelis,42174,Carduelis carduelis,/Users/justyna-przy/Projects/ISE/FYP/src/bird_data/raw/carduelis_carduelis/XC42174.mp3,40.0,43.0,-27.774988409174828,-29.22206457266453,drop,Carduelis carduelis,European Goldfinch,0.13843144476413727,0.13843144476413727,drop,0,,,
carduelis_carduelis,42174,Carduelis carduelis,/Users/justyna-przy/Projects/ISE/FYP/src/bird_data/raw/carduelis_carduelis/XC42174.mp3,43.0,46.0,-27.301544820424915,-29.22206457266453,non_bird,,,0.0,0.0,non_bird,1,nonbird_lowconf,/Users/justyna-przy/Projects/ISE/FYP/src/bird_data/clips/non_bird/carduelis_carduelis/XC42174__s43000__e46000.wav,
carduelis_carduelis,29468,Carduelis carduelis,/Users/justyna-przy/Projects/ISE/FYP/src/bird_data/raw/carduelis_carduelis/XC29468.mp3,4.0,7.0,-28.581264112593097,-29.31353263805999,species,Carduelis carduelis,European Goldfinch,0.9921058416366577,0.9921058416366577,species,0,,,
carduelis_carduelis,29468,Carduelis carduelis,/Users/justyna-przy/Projects/ISE/FYP/src/bird_data/raw/carduelis_carduelis/XC29468.mp3,7.0,10.0,-27.204186660364794,-29.31353263805999,species,Carduelis carduelis,European Goldfinch,0.9719752669334412,0.9719752669334412,species,1,rand_species,/Users/justyna-przy/Projects/ISE/FYP/src/bird_data/clips/species/carduelis_carduelis/XC29468__s7000__e10000.wav,
carduelis_carduelis,29468,Carduelis carduelis,/Users/justyna-przy/Projects/ISE/FYP/src/bird_data/raw/carduelis_carduelis/XC29468.mp3,10.0,13.0,-28.519035177585735,-29.31353263805999,species,Carduelis carduelis,European Goldfinch,0.9296981692314148,0.9296981692314148,species,1,rand_species,/Users/justyna-przy/Projects/ISE/FYP/src/bird_data/clips/species/carduelis_carduelis/XC29468__s10000__e13000.wav,
carduelis_carduelis,29468,Carduelis carduelis,/Users/justyna-przy/Projects/ISE/FYP/src/bird_data/raw/carduelis_carduelis/XC29468.mp3,16.0,19.0,-28.371801931986923,-29.31353263805999,species,Carduelis carduelis,European Goldfinch,0.3874620199203491,0.3874620199203491,species,1,rand_species,/Users/justyna-przy/Projects/ISE/FYP/src/bird_data/clips/species/carduelis_carduelis/XC29468__s16000__e19000.wav,
carduelis_carduelis,1088100,Carduelis carduelis,/Users/justyna-przy/Projects/ISE/FYP/src/bird_data/raw/carduelis_carduelis/XC1088100.mp3,4.0,7.0,-35.832271096227714,-38.82041739301887,species,Carduelis carduelis,European Goldfinch,0.9485065340995789,0.9485065340995789,species,1,rand_species,/Users/justyna-przy/Projects/ISE/FYP/src/bird_data/clips/species/carduelis_carduelis/XC1088100__s4000__e7000.wav,
carduelis_carduelis,1087482,Carduelis carduelis,/Users/justyna-przy/Projects/ISE/FYP/src/bird_data/raw/carduelis_carduelis/XC1087482.mp3,13.0,16.0,-42.07977872541954,-40.0,drop,Carduelis carduelis,European Goldfinch,0.21134671568870544,0.21134671568870544,drop,0,,,
carduelis_carduelis,1086424,Carduelis carduelis,/Users/justyna-przy/Projects/ISE/FYP/src/bird_data/raw/carduelis_carduelis/XC1086424.mp3,1.0,4.0,-21.18101147877895,-22.36801525386269,species,Carduelis carduelis,European Goldfinch,0.9315381050109863,0.9315381050109863,species,1,rand_species,/Users/justyna-przy/Projects/ISE/FYP/src/bird_data/clips/species/carduelis_carduelis/XC1086424__s1000__e4000.wav,
carduelis_carduelis,1086424,Carduelis carduelis,/Users/justyna-przy/Projects/ISE/FYP/src/bird_data/raw/carduelis_carduelis/XC1086424.mp3,4.0,7.0,-20.898668550335692,-22.36801525386269,species,Carduelis carduelis,European Goldfinch,0.9728484749794006,0.9728484749794006,species,1,rand_species,/Users/justyna-przy/Projects/ISE/FYP/src/bird_data/clips/species/carduelis_carduelis/XC1086424__s4000__e7000.wav,
carduelis_carduelis,1086424,Carduelis carduelis,/Users/justyna-przy/Projects/ISE/FYP/src/bird_data/raw/carduelis_carduelis/XC1086424.mp3,7.0,10.0,-19.72965652784695,-22.36801525386269,species,Carduelis carduelis,European Goldfinch,0.995442271232605,0.995442271232605,species,0,,,
carduelis_carduelis,1086424,Carduelis carduelis,/Users/justyna-przy/Projects/ISE/FYP/src/bird_data/raw/carduelis_carduelis/XC1086424.mp3,13.0,16.0,-21.270754872119873,-22.36801525386269,species,Carduelis carduelis,European Goldfinch,0.9557538032531738,0.9557538032531738,species,1,rand_species,/Users/justyna-przy/Projects/ISE/FYP/src/bird_data/clips/species/carduelis_carduelis/XC1086424__s13000__e16000.wav,
carduelis_carduelis,1086424,Carduelis carduelis,/Users/justyna-przy/Projects/ISE/FYP/src/bird_data/raw/carduelis_carduelis/XC1086424.mp3,16.0,19.0,-21.607913472812474,-22.36801525386269,species,Carduelis carduelis,European Goldfinch,0.9911852478981018,0.9911852478981018,species,0,,,
carduelis_carduelis,1086424,Carduelis carduelis,/Users/justyna-przy/Projects/ISE/FYP/src/bird_data/raw/carduelis_carduelis/XC1086424.mp3,19.0,22.0,-21.123511344219356,-22.36801525386269,drop,Carduelis carduelis,European Goldfinch,0.17209558188915253,0.17209558188915253,drop,0,,,
carduelis_carduelis,1084542,Carduelis carduelis,/Users/justyna-przy/Projects/ISE/FYP/src/bird_data/raw/carduelis_carduelis/XC1084542.mp3,1.0,4.0,-54.842569454942165,-40.0,species,Carduelis carduelis,European Goldfinch,0.9820654988288879,0.9820654988288879,species,1,rand_species,/Users/justyna-przy/Projects/ISE/FYP/src/bird_data/clips/species/carduelis_carduelis/XC1084542__s1000__e4000.wav,
carduelis_carduelis,1075684,Carduelis carduelis,/Users/justyna-przy/Projects/ISE/FYP/src/bird_data/raw/carduelis_carduelis/XC1075684.mp3,1.0,4.0,-27.414709583378567,-27.414709583378567,species,Carduelis carduelis,European Goldfinch,0.9705185294151306,0.9705185294151306,species,1,rand_species,/Users/justyna-przy/Projects/ISE/FYP/src/bird_data/clips/species/carduelis_carduelis/XC1075684__s1000__e4000.wav,
carduelis_carduelis,1075645,Carduelis carduelis,/Users/justyna-przy/Projects/ISE/FYP/src/bird_data/raw/carduelis_carduelis/XC1075645.mp3,1.0,4.0,-32.41498425316143,-35.54510041541271,species,Carduelis carduelis,European Goldfinch,0.9912529587745667,0.9912529587745667,species,0,,,
carduelis_carduelis,1075645,Carduelis carduelis,/Users/justyna-przy/Projects/ISE/FYP/src/bird_data/raw/carduelis_carduelis/XC1075645.mp3,7.0,10.0,-35.19576047821666,-35.54510041541271,species,Carduelis carduelis,European Goldfinch,0.9937333464622498,0.9937333464622498,species,1,rand_species,/Users/justyna-przy/Projects/ISE/FYP/src/bird_data/clips/species/carduelis_carduelis/XC1075645__s7000__e10000.wav,
carduelis_carduelis,1075645,Carduelis carduelis,/Users/justyna-przy/Projects/ISE/FYP/src/bird_data/raw/carduelis_carduelis/XC1075645.mp3,10.0,13.0,-32.674678112662995,-35.54510041541271,species,Carduelis carduelis,European Goldfinch,0.9833084344863892,0.9833084344863892,species,0,,,
carduelis_carduelis,1075645,Carduelis carduelis,/Users/justyna-przy/Projects/ISE/FYP/src/bird_data/raw/carduelis_carduelis/XC1075645.mp3,13.0,16.0,-35.427008470202026,-35.54510041541271,species,Carduelis carduelis,European Goldfinch,0.38307979702949524,0.38307979702949524,species,0,,,
carduelis_carduelis,1075645,Carduelis carduelis,/Users/justyna-przy/Projects/ISE/FYP/src/bird_data/raw/carduelis_carduelis/XC1075645.mp3,16.0,19.0,-32.61184870793301,-35.54510041541271,species,Carduelis carduelis,European Goldfinch,0.9745356440544128,0.9745356440544128,species,1,rand_species,/Users/justyna-przy/Projects/ISE/FYP/src/bird_data/clips/species/carduelis_carduelis/XC1075645__s16000__e19000.wav,
carduelis_carduelis,1075645,Carduelis carduelis,/Users/justyna-przy/Projects/ISE/FYP/src/bird_data/raw/carduelis_carduelis/XC1075645.mp3,19.0,22.0,-34.99819226974107,-35.54510041541271,species,Carduelis carduelis,European Goldfinch,0.9911078214645386,0.9911078214645386,species,0,,,
carduelis_carduelis,1075645,Carduelis carduelis,/Users/justyna-przy/Projects/ISE/FYP/src/bird_data/raw/carduelis_carduelis/XC1075645.mp3,25.0,28.0,-32.71521380248116,-35.54510041541271,species,Carduelis carduelis,European Goldfinch,0.9934384226799011,0.9934384226799011,species,0,,,
carduelis_carduelis,1075645,Carduelis carduelis,/Users/justyna-przy/Projects/ISE/FYP/src/bird_data/raw/carduelis_carduelis/XC1075645.mp3,34.0,37.0,-34.3001162735962,-35.54510041541271,species,Carduelis carduelis,European Goldfinch,0.981285572052002,0.981285572052002,species,0,,,
carduelis_carduelis,1075645,Carduelis carduelis,/Users/justyna-przy/Projects/ISE/FYP/src/bird_data/raw/carduelis_carduelis/XC1075645.mp3,37.0,40.0,-32.57176323946653,-35.54510041541271,species,Carduelis carduelis,European Goldfinch,0.9761950373649597,0.9761950373649597,species,1,rand_species,/Users/justyna-przy/Projects/ISE/FYP/src/bird_data/clips/species/carduelis_carduelis/XC1075645__s37000__e40000.wav,
carduelis_carduelis,1075645,Carduelis carduelis,/Users/justyna-przy/Projects/ISE/FYP/src/bird_data/raw/carduelis_carduelis/XC1075645.mp3,40.0,43.0,-35.1064460805378,-35.54510041541271,species,Carduelis carduelis,European Goldfinch,0.9689881801605225,0.9689881801605225,species,0,,,
carduelis_carduelis,1074625,Carduelis carduelis,/Users/justyna-przy/Projects/ISE/FYP/src/bird_data/raw/carduelis_carduelis/XC1074625.mp3,1.0,4.0,-20.797965335570275,-22.26888511585609,species,Carduelis carduelis,European Goldfinch,0.9060826301574707,0.9060826301574707,species,0,,,
carduelis_carduelis,1074625,Carduelis carduelis,/Users/justyna-przy/Projects/ISE/FYP/src/bird_data/raw/carduelis_carduelis/XC1074625.mp3,7.0,10.0,-22.268564448778708,-22.26888511585609,species,Carduelis carduelis,European Goldfinch,0.6635077595710754,0.6635077595710754,species,1,rand_species,/Users/justyna-przy/Projects/ISE/FYP/src/bird_data/clips/species/carduelis_carduelis/XC1074625__s7000__e10000.wav,
carduelis_carduelis,1074625,Carduelis carduelis,/Users/justyna-przy/Projects/ISE/FYP/src/bird_data/raw/carduelis_carduelis/XC1074625.mp3,10.0,13.0,-20.973577453890467,-22.26888511585609,species,Carduelis carduelis,European Goldfinch,0.9716870188713074,0.9716870188713074,species,0,,,
carduelis_carduelis,1074625,Carduelis carduelis,/Users/justyna-przy/Projects/ISE/FYP/src/bird_data/raw/carduelis_carduelis/XC1074625.mp3,16.0,19.0,-21.322935074943395,-22.26888511585609,species,Carduelis carduelis,European Goldfinch,0.7606502175331116,0.7606502175331116,species,1,rand_species,/Users/justyna-przy/Projects/ISE/FYP/src/bird_data/clips/species/carduelis_carduelis/XC1074625__s16000__e19000.wav,
carduelis_carduelis,1074625,Carduelis carduelis,/Users/justyna-przy/Projects/ISE/FYP/src/bird_data/raw/carduelis_carduelis/XC1074625.mp3,19.0,22.0,-21.96247573502366,-22.26888511585609,species,Carduelis carduelis,European Goldfinch,0.9818801879882812,0.9818801879882812,species,0,,,
carduelis_carduelis,1074625,Carduelis carduelis,/Users/justyna-przy/Projects/ISE/FYP/src/bird_data/raw/carduelis_carduelis/XC1074625.mp3,25.0,28.0,-20.709072593263258,-22.26888511585609,species,Carduelis carduelis,European Goldfinch,0.9879280924797058,0.9879280924797058,species,1,rand_species,/Users/justyna-przy/Projects/ISE/FYP/src/bird_data/clips/species/carduelis_carduelis/XC1074625__s25000__e28000.wav,
carduelis_carduelis,1052228,Carduelis carduelis,/Users/justyna-przy/Projects/ISE/FYP/src/bird_data/raw/carduelis_carduelis/XC1052228.mp3,13.0,16.0,-57.00620742467908,-40.0,species,Carduelis carduelis,European Goldfinch,0.5189922451972961,0.5189922451972961,species,1,rand_species,/Users/justyna-przy/Projects/ISE/FYP/src/bird_data/clips/species/carduelis_carduelis/XC1052228__s13000__e16000.wav,
carduelis_carduelis,1051945,Carduelis carduelis,/Users/justyna-przy/Projects/ISE/FYP/src/bird_data/raw/carduelis_carduelis/XC1051945.mp3,16.0,19.0,-49.39542781110748,-40.0,non_bird,,,0.0,0.0,non_bird,1,nonbird_lowconf,/Users/justyna-przy/Projects/ISE/FYP/src/bird_data/clips/non_bird/carduelis_carduelis/XC1051945__s16000__e19000.wav,
carduelis_carduelis,1051505,Carduelis carduelis,/Users/justyna-przy/Projects/ISE/FYP/src/bird_data/raw/carduelis_carduelis/XC1051505.mp3,4.0,7.0,-51.560086304662605,-40.0,species,Carduelis carduelis,European Goldfinch,0.7104431986808777,0.7104431986808777,species,1,rand_species,/Users/justyna-przy/Projects/ISE/FYP/src/bird_data/clips/species/carduelis_carduelis/XC1051505__s4000__e7000.wav,
carduelis_carduelis,1047520,Carduelis carduelis,/Users/justyna-przy/Projects/ISE/FYP/src/bird_data/raw/carduelis_carduelis/XC1047520.mp3,10.0,13.0,-38.933535583567355,-40.0,species,Carduelis carduelis,European Goldfinch,0.8088489174842834,0.8088489174842834,species,1,rand_species,/Users/justyna-przy/Projects/ISE/FYP/src/bird_data/clips/species/carduelis_carduelis/XC1047520__s10000__e13000.wav,
carduelis_carduelis,1044278,Carduelis carduelis,/Users/justyna-przy/Projects/ISE/FYP/src/bird_data/raw/carduelis_carduelis/XC1044278.mp3,28.0,31.0,-42.77963374905536,-40.0,drop,Lullula arborea,Wood Lark,0.2437657117843628,0.2437657117843628,drop,0,,,
carduelis_carduelis,1041136,Carduelis carduelis,/Users/justyna-przy/Projects/ISE/FYP/src/bird_data/raw/carduelis_carduelis/XC1041136.mp3,1.0,4.0,-31.5188287214306,-32.23215042983513,drop,Cisticola juncidis,Zitting Cisticola,0.9200895428657532,0.9200895428657532,drop,0,,,
carduelis_carduelis,1040638,Carduelis carduelis,/Users/justyna-przy/Projects/ISE/FYP/src/bird_data/raw/carduelis_carduelis/XC1040638.mp3,1.0,4.0,-62.09574301522192,-40.0,drop,Empidonax oberholseri,Dusky Flycatcher,0.4290931820869446,0.4290931820869446,drop,0,,,
carduelis_carduelis,1038341,Carduelis carduelis,/Users/justyna-przy/Projects/ISE/FYP/src/bird_data/raw/carduelis_carduelis/XC1038341.mp3,1.0,4.0,-39.24360003876782,-40.0,drop,Cyanoloxia brissonii,Ultramarine Grosbeak,0.1263664960861206,0.1263664960861206,drop,0,,,
carduelis_carduelis,1038341,Carduelis carduelis,/Users/justyna-przy/Projects/ISE/FYP/src/bird_data/raw/carduelis_carduelis/XC1038341.mp3,7.0,10.0,-36.880271326949426,-40.0,drop,Zonotrichia atricapilla,Golden-crowned Sparrow,0.15788277983665466,0.15788277983665466,drop,0,,,
carduelis_carduelis,1026365,Carduelis carduelis,/Users/justyna-przy/Projects/ISE/FYP/src/bird_data/raw/carduelis_carduelis/XC1026365.mp3,1.0,4.0,-58.796000507048575,-40.0,drop,Carduelis carduelis,European Goldfinch,0.15952053666114807,0.15952053666114807,drop,0,,,
carduelis_carduelis,1025069,Carduelis carduelis,/Users/justyna-przy/Projects/ISE/FYP/src/bird_data/raw/carduelis_carduelis/XC1025069.mp3,7.0,10.0,-39.78454222855661,-40.0,species,Carduelis carduelis,European Goldfinch,0.9629732370376587,0.9629732370376587,species,1,rand_species,/Users/justyna-przy/Projects/ISE/FYP/src/bird_data/clips/species/carduelis_carduelis/XC1025069__s7000__e10000.wav,
carduelis_carduelis,1025069,Carduelis carduelis,/Users/justyna-przy/Projects/ISE/FYP/src/bird_data/raw/carduelis_carduelis/XC1025069.mp3,10.0,13.0,-38.85576055349552,-40.0,species,Carduelis carduelis,European Goldfinch,0.9889496564865112,0.9889496564865112,species,1,rand_species,/Users/justyna-przy/Projects/ISE/FYP/src/bird_data/clips/species/carduelis_carduelis/XC1025069__s10000__e13000.wav,
carduelis_carduelis,1024355,Carduelis carduelis,/Users/justyna-przy/Projects/ISE/FYP/src/bird_data/raw/carduelis_carduelis/XC1024355.mp3,1.0,4.0,-32.37463295981704,-40.0,species,Carduelis carduelis,European Goldfinch,0.7041622400283813,0.7041622400283813,species,1,rand_species,/Users/justyna-przy/Projects/ISE/FYP/src/bird_data/clips/species/carduelis_carduelis/XC1024355__s1000__e4000.wav,
carduelis_carduelis,1024355,Carduelis carduelis,/Users/justyna-przy/Projects/ISE/FYP/src/bird_data/raw/carduelis_carduelis/XC1024355.mp3,4.0,7.0,-34.73000094454781,-40.0,species,Carduelis carduelis,European Goldfinch,0.9490053057670593,0.9490053057670593,species,1,rand_species,/Users/justyna-przy/Projects/ISE/FYP/src/bird_data/clips/species/carduelis_carduelis/XC1024355__s4000__e7000.wav,
carduelis_carduelis,1017696,Carduelis carduelis,/Users/justyna-przy/Projects/ISE/FYP/src/bird_data/raw/carduelis_carduelis/XC1017696.mp3,1.0,4.0,-20.16742872984954,-25.67448222327773,non_bird,,,0.0,0.0,non_bird,1,nonbird_lowconf,/Users/justyna-przy/Projects/ISE/FYP/src/bird_data/clips/non_bird/carduelis_carduelis/XC1017696__s1000__e4000.wav,
carduelis_carduelis,1017695,Carduelis carduelis,/Users/justyna-przy/Projects/ISE/FYP/src/bird_data/raw/carduelis_carduelis/XC1017695.mp3,10.0,13.0,-33.06505527880146,-33.490772791905805,species,Carduelis carduelis,European Goldfinch,0.9269670844078064,0.9269670844078064,species,0,,,
carduelis_carduelis,1017695,Carduelis carduelis,/Users/justyna-przy/Projects/ISE/FYP/src/bird_data/raw/carduelis_carduelis/XC1017695.mp3,13.0,16.0,-31.914051722555197,-33.490772791905805,species,Carduelis carduelis,European Goldfinch,0.6856033802032471,0.6856033802032471,species,1,rand_species,/Users/justyna-przy/Projects/ISE/FYP/src/bird_data/clips/species/carduelis_carduelis/XC1017695__s13000__e16000.wav,
carduelis_carduelis,1017695,Carduelis carduelis,/Users/justyna-przy/Projects/ISE/FYP/src/bird_data/raw/carduelis_carduelis/XC1017695.mp3,16.0,19.0,-30.73044898848905,-33.490772791905805,species,Carduelis carduelis,European Goldfinch,0.9971883893013,0.9971883893013,species,1,rand_species,/Users/justyna-przy/Projects/ISE/FYP/src/bird_data/clips/species/carduelis_carduelis/XC1017695__s16000__e19000.wav,
carduelis_carduelis,1017695,Carduelis carduelis,/Users/justyna-przy/Projects/ISE/FYP/src/bird_data/raw/carduelis_carduelis/XC1017695.mp3,19.0,22.0,-32.97918622444208,-33.490772791905805,species,Carduelis carduelis,European Goldfinch,0.9813119769096375,0.9813119769096375,species,0,,,
carduelis_carduelis,1017695,Carduelis carduelis,/Users/justyna-przy/Projects/ISE/FYP/src/bird_data/raw/carduelis_carduelis/XC1017695.mp3,22.0,25.0,-31.334093594407825,-33.490772791905805,species,Carduelis carduelis,European Goldfinch,0.9876344799995422,0.9876344799995422,species,0,,,
carduelis_carduelis,1017695,Carduelis carduelis,/Users/justyna-przy/Projects/ISE/FYP/src/bird_data/raw/carduelis_carduelis/XC1017695.mp3,25.0,28.0,-31.270195570793508,-33.490772791905805,drop,Carduelis carduelis,European Goldfinch,0.2081114649772644,0.2081114649772644,drop,0,,,
carduelis_carduelis,1017695,Carduelis carduelis,/Users/justyna-przy/Projects/ISE/FYP/src/bird_data/raw/carduelis_carduelis/XC1017695.mp3,28.0,31.0,-32.05907483067917,-33.490772791905805,species,Carduelis carduelis,European Goldfinch,0.36158037185668945,0.36158037185668945,species,0,,,
carduelis_carduelis,1017695,Carduelis carduelis,/Users/justyna-przy/Projects/ISE/FYP/src/bird_data/raw/carduelis_carduelis/XC1017695.mp3,34.0,37.0,-31.17360808645987,-33.490772791905805,drop,Ptiliogonys caudatus,Long-tailed Silky-flycatcher,0.6330004334449768,0.6330004334449768,drop,0,,,
carduelis_carduelis,1017695,Carduelis carduelis,/Users/justyna-przy/Projects/ISE/FYP/src/bird_data/raw/carduelis_carduelis/XC1017695.mp3,37.0,40.0,-29.99476102239518,-33.490772791905805,species,Carduelis carduelis,European Goldfinch,0.8917897939682007,0.8917897939682007,species,0,,,
carduelis_carduelis,1017695,Carduelis carduelis,/Users/justyna-przy/Projects/ISE/FYP/src/bird_data/raw/carduelis_carduelis/XC1017695.mp3,40.0,43.0,-32.13110977673384,-33.490772791905805,species,Carduelis carduelis,European Goldfinch,0.8890266418457031,0.8890266418457031,species,1,rand_species,/Users/justyna-przy/Projects/ISE/FYP/src/bird_data/clips/species/carduelis_carduelis/XC1017695__s40000__e43000.wav,
carduelis_carduelis,1017695,Carduelis carduelis,/Users/justyna-przy/Projects/ISE/FYP/src/bird_data/raw/carduelis_carduelis/XC1017695.mp3,43.0,46.0,-29.39347978351547,-33.490772791905805,species,Carduelis carduelis,European Goldfinch,0.9400951266288757,0.9400951266288757,species,0,,,
carduelis_carduelis,1010646,Carduelis carduelis,/Users/justyna-przy/Projects/ISE/FYP/src/bird_data/raw/carduelis_carduelis/XC1010646.mp3,1.0,4.0,-30.351707512185197,-31.504653303277586,species,Carduelis carduelis,European Goldfinch,0.9517794251441956,0.9517794251441956,species,1,rand_species,/Users/justyna-przy/Projects/ISE/FYP/src/bird_data/clips/species/carduelis_carduelis/XC1010646__s1000__e4000.wav,
carduelis_carduelis,1010646,Carduelis carduelis,/Users/justyna-przy/Projects/ISE/FYP/src/bird_data/raw/carduelis_carduelis/XC1010646.mp3,4.0,7.0,-31.249193831009826,-31.504653303277586,species,Carduelis carduelis,European Goldfinch,0.9890696406364441,0.9890696406364441,species,1,rand_species,/Users/justyna-przy/Projects/ISE/FYP/src/bird_data/clips/species/carduelis_carduelis/XC1010646__s4000__e7000.wav,
carduelis_carduelis,1010646,Carduelis carduelis,/Users/justyna-przy/Projects/ISE/FYP/src/bird_data/raw/carduelis_carduelis/XC1010646.mp3,7.0,10.0,-30.6855060360186,-31.504653303277586,species,Carduelis carduelis,European Goldfinch,0.9962236881256104,0.9962236881256104,species,1,rand_species,/Users/justyna-przy/Projects/ISE/FYP/src/bird_data/clips/species/carduelis_carduelis/XC1010646__s7000__e10000.wav,
carduelis_carduelis,1010450,Carduelis carduelis,/Users/justyna-przy/Projects/ISE/FYP/src/bird_data/raw/carduelis_carduelis/XC1010450.mp3,1.0,4.0,-29.807251658282308,-29.907530781504466,species,Carduelis carduelis,European Goldfinch,0.9956756234169006,0.9956756234169006,species,1,rand_species,/Users/justyna-przy/Projects/ISE/FYP/src/bird_data/clips/species/carduelis_carduelis/XC1010450__s1000__e4000.wav,
carduelis_carduelis,1010450,Carduelis carduelis,/Users/justyna-przy/Projects/ISE/FYP/src/bird_data/raw/carduelis_carduelis/XC1010450.mp3,4.0,7.0,-28.25033377670726,-29.907530781504466,species,Carduelis carduelis,European Goldfinch,0.9975515007972717,0.9975515007972717,species,1,rand_species,/Users/justyna-przy/Projects/ISE/FYP/src/bird_data/clips/species/carduelis_carduelis/XC1010450__s4000__e7000.wav,
carduelis_carduelis,1010450,Carduelis carduelis,/Users/justyna-przy/Projects/ISE/FYP/src/bird_data/raw/carduelis_carduelis/XC1010450.mp3,10.0,13.0,-29.054889922677592,-29.907530781504466,species,Carduelis carduelis,European Goldfinch,0.9987190961837769,0.9987190961837769,species,1,rand_species,/Users/justyna-przy/Projects/ISE/FYP/src/bird_data/clips/species/carduelis_carduelis/XC1010450__s10000__e13000.wav,
carduelis_carduelis,1009107,Carduelis carduelis,/Users/justyna-przy/Projects/ISE/FYP/src/bird_data/raw/carduelis_carduelis/XC1009107.mp3,1.0,4.0,-24.674965884377308,-25.826534938927633,species,Carduelis carduelis,European Goldfinch,0.9968600273132324,0.9968600273132324,species,1,rand_species,/Users/justyna-przy/Projects/ISE/FYP/src/bird_data/clips/species/carduelis_carduelis/XC1009107__s1000__e4000.wav,
carduelis_carduelis,1009107,Carduelis carduelis,/Users/justyna-przy/Projects/ISE/FYP/src/bird_data/raw/carduelis_carduelis/XC1009107.mp3,4.0,7.0,-25.11035783438341,-25.826534938927633,species,Carduelis carduelis,European Goldfinch,0.9583699107170105,0.9583699107170105,species,1,rand_species,/Users/justyna-przy/Projects/ISE/FYP/src/bird_data/clips/species/carduelis_carduelis/XC1009107__s4000__e7000.wav,
carduelis_carduelis,1009107,Carduelis carduelis,/Users/justyna-przy/Projects/ISE/FYP/src/bird_data/raw/carduelis_carduelis/XC1009107.mp3,13.0,16.0,-24.40714165370265,-25.826534938927633,species,Carduelis carduelis,European Goldfinch,0.9969521760940552,0.9969521760940552,species,0,,,
carduelis_carduelis,1009107,Carduelis carduelis,/Users/justyna-przy/Projects/ISE/FYP/src/bird_data/raw/carduelis_carduelis/XC1009107.mp3,19.0,22.0,-23.383982643775333,-25.826534938927633,species,Carduelis carduelis,European Goldfinch,0.7604551315307617,0.7604551315307617,species,1,rand_species,/Users/justyna-przy/Projects/ISE/FYP/src/bird_data/clips/species/carduelis_carduelis/XC1009107__s19000__e22000.wav,
carduelis_carduelis,1009107,Carduelis carduelis,/Users/justyna-przy/Projects/ISE/FYP/src/bird_data/raw/carduelis_carduelis/XC1009107.mp3,22.0,25.0,-25.498912572116925,-25.826534938927633,species,Carduelis carduelis,European Goldfinch,0.9405849575996399,0.9405849575996399,species,0,,,
carduelis_carduelis,1009107,Carduelis carduelis,/Users/justyna-przy/Projects/ISE/FYP/src/bird_data/raw/carduelis_carduelis/XC1009107.mp3,25.0,28.0,-25.361400524809994,-25.826534938927633,drop,Phoenicurus ochruros,Black Redstart,0.28860631585121155,0.28860631585121155,drop,0,,,
carduelis_carduelis,1007388,Carduelis carduelis,/Users/justyna-przy/Projects/ISE/FYP/src/bird_data/raw/carduelis_carduelis/XC1007388.mp3,1.0,4.0,-20.446179254962136,-25.924655759554017,species,Carduelis carduelis,European Goldfinch,0.9994290471076965,0.9994290471076965,species,1,rand_species,/Users/justyna-przy/Projects/ISE/FYP/src/bird_data/clips/species/carduelis_carduelis/XC1007388__s1000__e4000.wav,
carduelis_carduelis,1007355,Carduelis carduelis,/Users/justyna-przy/Projects/ISE/FYP/src/bird_data/raw/carduelis_carduelis/XC1007355.mp3,1.0,4.0,-18.84264212422085,-30.32688879870882,species,Carduelis carduelis,European Goldfinch,0.9995136260986328,0.9995136260986328,species,0,,,
carduelis_carduelis,1007355,Carduelis carduelis,/Users/justyna-przy/Projects/ISE/FYP/src/bird_data/raw/carduelis_carduelis/XC1007355.mp3,4.0,7.0,-21.762331913258617,-30.32688879870882,species,Carduelis carduelis,European Goldfinch,0.9952645301818848,0.9952645301818848,species,0,,,
carduelis_carduelis,1007355,Carduelis carduelis,/Users/justyna-przy/Projects/ISE/FYP/src/bird_data/raw/carduelis_carduelis/XC1007355.mp3,7.0,10.0,-26.326160039104074,-30.32688879870882,drop,Chloris chloris,European Greenfinch,0.3681308627128601,0.3681308627128601,drop,0,,,
carduelis_carduelis,1007355,Carduelis carduelis,/Users/justyna-przy/Projects/ISE/FYP/src/bird_data/raw/carduelis_carduelis/XC1007355.mp3,10.0,13.0,-21.013074492263918,-30.32688879870882,species,Carduelis carduelis,European Goldfinch,0.9982494115829468,0.9982494115829468,species,1,rand_species,/Users/justyna-przy/Projects/ISE/FYP/src/bird_data/clips/species/carduelis_carduelis/XC1007355__s10000__e13000.wav,
carduelis_carduelis,1007355,Carduelis carduelis,/Users/justyna-przy/Projects/ISE/FYP/src/bird_data/raw/carduelis_carduelis/XC1007355.mp3,16.0,19.0,-30.104643453142444,-30.32688879870882,species,Carduelis carduelis,European Goldfinch,0.9398950934410095,0.9398950934410095,species,0,,,
carduelis_carduelis,1007355,Carduelis carduelis,/Users/justyna-przy/Projects/ISE/FYP/src/bird_data/raw/carduelis_carduelis/XC1007355.mp3,19.0,22.0,-20.613690255887207,-30.32688879870882,species,Carduelis carduelis,European Goldfinch,0.9931644797325134,0.9931644797325134,species,1,rand_species,/Users/justyna-przy/Projects/ISE/FYP/src/bird_data/clips/species/carduelis_carduelis/XC1007355__s19000__e22000.wav,
carduelis_carduelis,1007355,Carduelis carduelis,/Users/justyna-przy/Projects/ISE/FYP/src/bird_data/raw/carduelis_carduelis/XC1007355.mp3,25.0,28.0,-25.314511476372715,-30.32688879870882,species,Carduelis carduelis,European Goldfinch,0.9969719648361206,0.9969719648361206,species,1,rand_species,/Users/justyna-przy/Projects/ISE/FYP/src/bird_data/clips/species/carduelis_carduelis/XC1007355__s25000__e28000.wav,
carduelis_carduelis,1007355,Carduelis carduelis,/Users/justyna-przy/Projects/ISE/FYP/src/bird_data/raw/carduelis_carduelis/XC1007355.mp3,28.0,31.0,-21.927476523215574,-30.32688879870882,species,Carduelis carduelis,European Goldfinch,0.8217787146568298,0.8217787146568298,species,0,,,
carduelis_carduelis,1007355,Carduelis carduelis,/Users/justyna-przy/Projects/ISE/FYP/src/bird_data/raw/carduelis_carduelis/XC1007355.mp3,34.0,37.0,-25.618219886340352,-30.32688879870882,species,Carduelis carduelis,European Goldfinch,0.9951115250587463,0.9951115250587463,species,0,,,
carduelis_carduelis,1007355,Carduelis carduelis,/Users/justyna-przy/Projects/ISE/FYP/src/bird_data/raw/carduelis_carduelis/XC1007355.mp3,40.0,43.0,-21.932517905710775,-30.32688879870882,species,Carduelis carduelis,European Goldfinch,0.9929059743881226,0.9929059743881226,species,0,,,
carduelis_carduelis,1006224,Carduelis carduelis,/Users/justyna-przy/Projects/ISE/FYP/src/bird_data/raw/carduelis_carduelis/XC1006224.mp3,1.0,4.0,-33.14559318821964,-34.45684224690998,species,Carduelis carduelis,European Goldfinch,0.7848356366157532,0.7848356366157532,species,1,rand_species,/Users/justyna-przy/Projects/ISE/FYP/src/bird_data/clips/species/carduelis_carduelis/XC1006224__s1000__e4000.wav,
carduelis_carduelis,1006224,Carduelis carduelis,/Users/justyna-przy/Projects/ISE/FYP/src/bird_data/raw/carduelis_carduelis/XC1006224.mp3,7.0,10.0,-28.718504913218887,-34.45684224690998,species,Carduelis carduelis,European Goldfinch,0.88048255443573,0.88048255443573,species,1,rand_species,/Users/justyna-przy/Projects/ISE/FYP/src/bird_data/clips/species/carduelis_carduelis/XC1006224__s7000__e10000.wav,
carduelis_carduelis,1006224,Carduelis carduelis,/Users/justyna-przy/Projects/ISE/FYP/src/bird_data/raw/carduelis_carduelis/XC1006224.mp3,13.0,16.0,-34.44813906292701,-34.45684224690998,species,Carduelis carduelis,European Goldfinch,0.8730483055114746,0.8730483055114746,species,1,rand_species,/Users/justyna-przy/Projects/ISE/FYP/src/bird_data/clips/species/carduelis_carduelis/XC1006224__s13000__e16000.wav,
carduelis_carduelis,1001401,Carduelis carduelis,/Users/justyna-przy/Projects/ISE/FYP/src/bird_data/raw/carduelis_carduelis/XC1001401.mp3,1.0,4.0,-33.103005626824356,-34.57144759685245,species,Carduelis carduelis,European Goldfinch,0.9805106520652771,0.9805106520652771,species,0,,,
carduelis_carduelis,1001401,Carduelis carduelis,/Users/justyna-przy/Projects/ISE/FYP/src/bird_data/raw/carduelis_carduelis/XC1001401.mp3,4.0,7.0,-29.433232759629785,-34.57144759685245,species,Carduelis carduelis,European Goldfinch,0.9933984279632568,0.9933984279632568,species,0,,,
carduelis_carduelis,1001401,Carduelis carduelis,/Users/justyna-przy/Projects/ISE/FYP/src/bird_data/raw/carduelis_carduelis/XC1001401.mp3,7.0,10.0,-32.64907048182688,-34.57144759685245,species,Carduelis carduelis,European Goldfinch,0.998768150806427,0.998768150806427,species,1,rand_species,/Users/justyna-przy/Projects/ISE/FYP/src/bird_data/clips/species/carduelis_carduelis/XC1001401__s7000__e10000.wav,
carduelis_carduelis,1001401,Carduelis carduelis,/Users/justyna-przy/Projects/ISE/FYP/src/bird_data/raw/carduelis_carduelis/XC1001401.mp3,10.0,13.0,-32.660849053473214,-34.57144759685245,species,Carduelis carduelis,European Goldfinch,0.9873989820480347,0.9873989820480347,species,0,,,
carduelis_carduelis,1001401,Carduelis carduelis,/Users/justyna-przy/Projects/ISE/FYP/src/bird_data/raw/carduelis_carduelis/XC1001401.mp3,13.0,16.0,-32.49437705804798,-34.57144759685245,species,Carduelis carduelis,European Goldfinch,0.9547724723815918,0.9547724723815918,species,0,,,
carduelis_carduelis,1001401,Carduelis carduelis,/Users/justyna-przy/Projects/ISE/FYP/src/bird_data/raw/carduelis_carduelis/XC1001401.mp3,16.0,19.0,-32.78112612308319,-34.57144759685245,species,Carduelis carduelis,European Goldfinch,0.9966188669204712,0.9966188669204712,species,1,rand_species,/Users/justyna-przy/Projects/ISE/FYP/src/bird_data/clips/species/carduelis_carduelis/XC1001401__s16000__e19000.wav,
carduelis_carduelis,1001401,Carduelis carduelis,/Users/justyna-przy/Projects/ISE/FYP/src/bird_data/raw/carduelis_carduelis/XC1001401.mp3,19.0,22.0,-32.67642622264645,-34.57144759685245,species,Carduelis carduelis,European Goldfinch,0.9740973711013794,0.9740973711013794,species,0,,,
carduelis_carduelis,1001401,Carduelis carduelis,/Users/justyna-przy/Projects/ISE/FYP/src/bird_data/raw/carduelis_carduelis/XC1001401.mp3,22.0,25.0,-32.68164619104366,-34.57144759685245,species,Carduelis carduelis,European Goldfinch,0.9935737252235413,0.9935737252235413,species,0,,,
carduelis_carduelis,1001401,Carduelis carduelis,/Users/justyna-przy/Projects/ISE/FYP/src/bird_data/raw/carduelis_carduelis/XC1001401.mp3,25.0,28.0,-33.49043334458806,-34.57144759685245,species,Carduelis carduelis,European Goldfinch,0.9115661382675171,0.9115661382675171,species,0,,,
carduelis_carduelis,1001401,Carduelis carduelis,/Users/justyna-przy/Projects/ISE/FYP/src/bird_data/raw/carduelis_carduelis/XC1001401.mp3,37.0,40.0,-33.60462428331916,-34.57144759685245,species,Carduelis carduelis,European Goldfinch,0.9980944991111755,0.9980944991111755,species,1,rand_species,/Users/justyna-przy/Projects/ISE/FYP/src/bird_data/clips/species/carduelis_carduelis/XC1001401__s37000__e40000.wav,
carduelis_carduelis,1001401,Carduelis carduelis,/Users/justyna-przy/Projects/ISE/FYP/src/bird_data/raw/carduelis_carduelis/XC1001401.mp3,40.0,43.0,-33.90140756078788,-34.57144759685245,species,Carduelis carduelis,European Goldfinch,0.9968070983886719,0.9968070983886719,species,0,,,
carduelis_carduelis,1001401,Carduelis carduelis,/Users/justyna-przy/Projects/ISE/FYP/src/bird_data/raw/carduelis_carduelis/XC1001401.mp3,52.0,55.0,-32.80962909783,-34.57144759685245,species,Carduelis carduelis,European Goldfinch,0.9772781729698181,0.9772781729698181,species,0,,,
carduelis_carduelis,1000520,Carduelis carduelis,/Users/justyna-przy/Projects/ISE/FYP/src/bird_data/raw/carduelis_carduelis/XC1000520.mp3,1.0,4.0,-29.879307372710215,-29.879307372710215,species,Carduelis carduelis,European Goldfinch,0.9871687889099121,0.9871687889099121,species,0,,,
carduelis_carduelis,1000520,Carduelis carduelis,/Users/justyna-przy/Projects/ISE/FYP/src/bird_data/raw/carduelis_carduelis/XC1000520.mp3,7.0,10.0,-25.594540833099497,-29.879307372710215,species,Carduelis carduelis,European Goldfinch,0.9808337092399597,0.9808337092399597,species,0,,,
carduelis_carduelis,1000520,Carduelis carduelis,/Users/justyna-przy/Projects/ISE/FYP/src/bird_data/raw/carduelis_carduelis/XC1000520.mp3,10.0,13.0,-26.55371862394476,-29.879307372710215,species,Carduelis carduelis,European Goldfinch,0.997831404209137,0.997831404209137,species,1,rand_species,/Users/justyna-przy/Projects/ISE/FYP/src/bird_data/clips/species/carduelis_carduelis/XC1000520__s10000__e13000.wav,
carduelis_carduelis,1000520,Carduelis carduelis,/Users/justyna-przy/Projects/ISE/FYP/src/bird_data/raw/carduelis_carduelis/XC1000520.mp3,13.0,16.0,-27.25209693427228,-29.879307372710215,species,Carduelis carduelis,European Goldfinch,0.9948941469192505,0.9948941469192505,species,1,rand_species,/Users/justyna-przy/Projects/ISE/FYP/src/bird_data/clips/species/carduelis_carduelis/XC1000520__s13000__e16000.wav,
carduelis_carduelis,1000520,Carduelis carduelis,/Users/justyna-przy/Projects/ISE/FYP/src/bird_data/raw/carduelis_carduelis/XC1000520.mp3,16.0,19.0,-27.197483483571116,-29.879307372710215,species,Carduelis carduelis,European Goldfinch,0.9966842532157898,0.9966842532157898,species,0,,,
carduelis_carduelis,1000520,Carduelis carduelis,/Users/justyna-przy/Projects/ISE/FYP/src/bird_data/raw/carduelis_carduelis/XC1000520.mp3,19.0,22.0,-29.319739550937044,-29.879307372710215,species,Carduelis carduelis,European Goldfinch,0.8325074315071106,0.8325074315071106,species,0,,,
carduelis_carduelis,1000520,Carduelis carduelis,/Users/justyna-przy/Projects/ISE/FYP/src/bird_data/raw/carduelis_carduelis/XC1000520.mp3,22.0,25.0,-27.91560877508514,-29.879307372710215,species,Carduelis carduelis,European Goldfinch,0.9423021078109741,0.9423021078109741,species,0,,,
carduelis_carduelis,1000520,Carduelis carduelis,/Users/justyna-przy/Projects/ISE/FYP/src/bird_data/raw/carduelis_carduelis/XC1000520.mp3,25.0,28.0,-28.29668069456592,-29.879307372710215,species,Carduelis carduelis,European Goldfinch,0.9937378168106079,0.9937378168106079,species,1,rand_species,/Users/justyna-przy/Projects/ISE/FYP/src/bird_data/clips/species/carduelis_carduelis/XC1000520__s25000__e28000.wav,
carduelis_carduelis,993694,Carduelis carduelis,/Users/justyna-przy/Projects/ISE/FYP/src/bird_data/raw/carduelis_carduelis/XC993694.mp3,1.0,4.0,-25.321449989511933,-31.5716712713905,species,Carduelis carduelis,European Goldfinch,0.9973590970039368,0.9973590970039368,species,1,rand_species,/Users/justyna-przy/Projects/ISE/FYP/src/bird_data/clips/species/carduelis_carduelis/XC993694__s1000__e4000.wav,
carduelis_carduelis,993694,Carduelis carduelis,/Users/justyna-przy/Projects/ISE/FYP/src/bird_data/raw/carduelis_carduelis/XC993694.mp3,4.0,7.0,-31.381494761071686,-31.5716712713905,species,Carduelis carduelis,European Goldfinch,0.9925030469894409,0.9925030469894409,species,0,,,
carduelis_carduelis,993694,Carduelis carduelis,/Users/justyna-przy/Projects/ISE/FYP/src/bird_data/raw/carduelis_carduelis/XC993694.mp3,13.0,16.0,-31.416613601274562,-31.5716712713905,species,Carduelis carduelis,European Goldfinch,0.9981435537338257,0.9981435537338257,species,0,,,
carduelis_carduelis,993694,Carduelis carduelis,/Users/justyna-przy/Projects/ISE/FYP/src/bird_data/raw/carduelis_carduelis/XC993694.mp3,19.0,22.0,-26.608620916455653,-31.5716712713905,species,Carduelis carduelis,European Goldfinch,0.9986294507980347,0.9986294507980347,species,0,,,
carduelis_carduelis,993694,Carduelis carduelis,/Users/justyna-przy/Projects/ISE/FYP/src/bird_data/raw/carduelis_carduelis/XC993694.mp3,25.0,28.0,-28.243033776908682,-31.5716712713905,species,Carduelis carduelis,European Goldfinch,0.9990857839584351,0.9990857839584351,species,1,rand_species,/Users/justyna-przy/Projects/ISE/FYP/src/bird_data/clips/species/carduelis_carduelis/XC993694__s25000__e28000.wav,
carduelis_carduelis,993694,Carduelis carduelis,/Users/justyna-przy/Projects/ISE/FYP/src/bird_data/raw/carduelis_carduelis/XC993694.mp3,28.0,31.0,-31.060271376211936,-31.5716712713905,species,Carduelis carduelis,European Goldfinch,0.9946693778038025,0.9946693778038025,species,0,,,
carduelis_carduelis,993694,Carduelis carduelis,/Users/justyna-przy/Projects/ISE/FYP/src/bird_data/raw/carduelis_carduelis/XC993694.mp3,34.0,37.0,-29.830177647858847,-31.5716712713905,species,Carduelis carduelis,European Goldfinch,0.9846920371055603,0.9846920371055603,species,1,rand_species,/Users/justyna-przy/Projects/ISE/FYP/src/bird_data/clips/species/carduelis_carduelis/XC993694__s34000__e37000.wav,
carduelis_carduelis,993694,Carduelis carduelis,/Users/justyna-przy/Projects/ISE/FYP/src/bird_data/raw/carduelis_carduelis/XC993694.mp3,37.0,40.0,-24.929092337585637,-31.5716712713905,species,Carduelis carduelis,European Goldfinch,0.9989228844642639,0.9989228844642639,species,0,,,
carduelis_carduelis,993694,Carduelis carduelis,/Users/justyna-przy/Projects/ISE/FYP/src/bird_data/raw/carduelis_carduelis/XC993694.mp3,40.0,43.0,-27.58749917728164,-31.5716712713905,species,Carduelis carduelis,European Goldfinch,0.9977497458457947,0.9977497458457947,species,0,,,
carduelis_carduelis,993694,Carduelis carduelis,/Users/justyna-przy/Projects/ISE/FYP/src/bird_data/raw/carduelis_carduelis/XC993694.mp3,43.0,46.0,-29.015756821794337,-31.5716712713905,species,Carduelis carduelis,European Goldfinch,0.9993522763252258,0.9993522763252258,species,0,,,
carduelis_carduelis,993694,Carduelis carduelis,/Users/justyna-przy/Projects/ISE/FYP/src/bird_data/raw/carduelis_carduelis/XC993694.mp3,46.0,49.0,-31.03030665342798,-31.5716712713905,species,Carduelis carduelis,European Goldfinch,0.9816141128540039,0.9816141128540039,species,0,,,
carduelis_carduelis,991265,Carduelis carduelis,/Users/justyna-przy/Projects/ISE/FYP/src/bird_data/raw/carduelis_carduelis/XC991265.mp3,1.0,4.0,-26.06615862039479,-28.137082123362546,species,Carduelis carduelis,European Goldfinch,0.9964621663093567,0.9964621663093567,species,1,rand_species,/Users/justyna-przy/Projects/ISE/FYP/src/bird_data/clips/species/carduelis_carduelis/XC991265__s1000__e4000.wav,
carduelis_carduelis,991265,Carduelis carduelis,/Users/justyna-przy/Projects/ISE/FYP/src/bird_data/raw/carduelis_carduelis/XC991265.mp3,4.0,7.0,-27.939202525113917,-28.137082123362546,species,Carduelis carduelis,European Goldfinch,0.9989919066429138,0.9989919066429138,species,1,rand_species,/Users/justyna-przy/Projects/ISE/FYP/src/bird_data/clips/species/carduelis_carduelis/XC991265__s4000__e7000.wav,
carduelis_carduelis,991265,Carduelis carduelis,/Users/justyna-przy/Projects/ISE/FYP/src/bird_data/raw/carduelis_carduelis/XC991265.mp3,7.0,10.0,-27.003537460331586,-28.137082123362546,species,Carduelis carduelis,European Goldfinch,0.9634183645248413,0.9634183645248413,species,0,,,
carduelis_carduelis,991265,Carduelis carduelis,/Users/justyna-przy/Projects/ISE/FYP/src/bird_data/raw/carduelis_carduelis/XC991265.mp3,16.0,19.0,-27.038732867081418,-28.137082123362546,species,Carduelis carduelis,European Goldfinch,0.9920796751976013,0.9920796751976013,species,1,rand_species,/Users/justyna-przy/Projects/ISE/FYP/src/bird_data/clips/species/carduelis_carduelis/XC991265__s16000__e19000.wav,
carduelis_carduelis,989590,Carduelis carduelis,/Users/justyna-przy/Projects/ISE/FYP/src/bird_data/raw/carduelis_carduelis/XC989590.mp3,1.0,4.0,-27.627128861994144,-28.819958832036757,species,Carduelis carduelis,European Goldfinch,0.9986416697502136,0.9986416697502136,species,1,rand_species,/Users/justyna-przy/Projects/ISE/FYP/src/bird_data/clips/species/carduelis_carduelis/XC989590__s1000__e4000.wav,
carduelis_carduelis,989590,Carduelis carduelis,/Users/justyna-przy/Projects/ISE/FYP/src/bird_data/raw/carduelis_carduelis/XC989590.mp3,4.0,7.0,-28.167954217455055,-28.819958832036757,species,Carduelis carduelis,European Goldfinch,0.9995038509368896,0.9995038509368896,species,0,,,
carduelis_carduelis,989590,Carduelis carduelis,/Users/justyna-przy/Projects/ISE/FYP/src/bird_data/raw/carduelis_carduelis/XC989590.mp3,7.0,10.0,-27.826799083243486,-28.819958832036757,species,Carduelis carduelis,European Goldfinch,0.9987402558326721,0.9987402558326721,species,1,rand_species,/Users/justyna-przy/Projects/ISE/FYP/src/bird_data/clips/species/carduelis_carduelis/XC989590__s7000__e10000.wav,
carduelis_carduelis,989590,Carduelis carduelis,/Users/justyna-przy/Projects/ISE/FYP/src/bird_data/raw/carduelis_carduelis/XC989590.mp3,10.0,13.0,-26.599069292466993,-28.819958832036757,species,Carduelis carduelis,European Goldfinch,0.9955170750617981,0.9955170750617981,species,1,rand_species,/Users/justyna-przy/Projects/ISE/FYP/src/bird_data/clips/species/carduelis_carduelis/XC989590__s10000__e13000.wav,
carduelis_carduelis,989590,Carduelis carduelis,/Users/justyna-przy/Projects/ISE/FYP/src/bird_data/raw/carduelis_carduelis/XC989590.mp3,16.0,19.0,-24.237815745350474,-28.819958832036757,species,Carduelis carduelis,European Goldfinch,0.9982826709747314,0.9982826709747314,species,0,,,
carduelis_carduelis,978126,Carduelis carduelis,/Users/justyna-przy/Projects/ISE/FYP/src/bird_data/raw/carduelis_carduelis/XC978126.mp3,1.0,4.0,-32.48365199486238,-38.400807068663525,species,Carduelis carduelis,European Goldfinch,0.9952606558799744,0.9952606558799744,species,0,,,
carduelis_carduelis,978126,Carduelis carduelis,/Users/justyna-przy/Projects/ISE/FYP/src/bird_data/raw/carduelis_carduelis/XC978126.mp3,4.0,7.0,-29.84913991484187,-38.400807068663525,species,Carduelis carduelis,European Goldfinch,0.9830502867698669,0.9830502867698669,species,0,,,
carduelis_carduelis,978126,Carduelis carduelis,/Users/justyna-przy/Projects/ISE/FYP/src/bird_data/raw/carduelis_carduelis/XC978126.mp3,7.0,10.0,-35.775242258108705,-38.400807068663525,species,Carduelis carduelis,European Goldfinch,0.9618145823478699,0.9618145823478699,species,0,,,
carduelis_carduelis,978126,Carduelis carduelis,/Users/justyna-przy/Projects/ISE/FYP/src/bird_data/raw/carduelis_carduelis/XC978126.mp3,10.0,13.0,-35.05988118267279,-38.400807068663525,species,Carduelis carduelis,European Goldfinch,0.9934804439544678,0.9934804439544678,species,1,rand_species,/Users/justyna-przy/Projects/ISE/FYP/src/bird_data/clips/species/carduelis_carduelis/XC978126__s10000__e13000.wav,
carduelis_carduelis,978126,Carduelis carduelis,/Users/justyna-przy/Projects/ISE/FYP/src/bird_data/raw/carduelis_carduelis/XC978126.mp3,16.0,19.0,-37.60311284853434,-38.400807068663525,species,Carduelis carduelis,European Goldfinch,0.9288978576660156,0.9288978576660156,species,0,,,
carduelis_carduelis,978126,Carduelis carduelis,/Users/justyna-przy/Projects/ISE/FYP/src/bird_data/raw/carduelis_carduelis/XC978126.mp3,22.0,25.0,-34.35272713088002,-38.400807068663525,species,Carduelis carduelis,European Goldfinch,0.9963223934173584,0.9963223934173584,species,1,rand_species,/Users/justyna-przy/Projects/ISE/FYP/src/bird_data/clips/species/carduelis_carduelis/XC978126__s22000__e25000.wav,
carduelis_carduelis,978126,Carduelis carduelis,/Users/justyna-przy/Projects/ISE/FYP/src/bird_data/raw/carduelis_carduelis/XC978126.mp3,25.0,28.0,-36.694507917422236,-38.400807068663525,species,Carduelis carduelis,European Goldfinch,0.9921554923057556,0.9921554923057556,species,0,,,
carduelis_carduelis,978126,Carduelis carduelis,/Users/justyna-przy/Projects/ISE/FYP/src/bird_data/raw/carduelis_carduelis/XC978126.mp3,28.0,31.0,-37.74208140302243,-38.400807068663525,species,Carduelis carduelis,European Goldfinch,0.419595330953598,0.419595330953598,species,0,,,
carduelis_carduelis,978126,Carduelis carduelis,/Users/justyna-przy/Projects/ISE/FYP/src/bird_data/raw/carduelis_carduelis/XC978126.mp3,31.0,34.0,-37.96621667536452,-38.400807068663525,drop,Carduelis carduelis,European Goldfinch,0.2678132951259613,0.2678132951259613,drop,0,,,
carduelis_carduelis,978126,Carduelis carduelis,/Users/justyna-przy/Projects/ISE/FYP/src/bird_data/raw/carduelis_carduelis/XC978126.mp3,37.0,40.0,-31.355611050591,-38.400807068663525,species,Carduelis carduelis,European Goldfinch,0.9624311923980713,0.9624311923980713,species,1,rand_species,/Users/justyna-przy/Projects/ISE/FYP/src/bird_data/clips/species/carduelis_carduelis/XC978126__s37000__e40000.wav,
carduelis_carduelis,941759,Carduelis carduelis,/Users/justyna-przy/Projects/ISE/FYP/src/bird_data/raw/carduelis_carduelis/XC941759.mp3,10.0,13.0,-54.93455978014481,-40.0,species,Carduelis carduelis,European Goldfinch,0.34016644954681396,0.34016644954681396,species,1,rand_species,/Users/justyna-przy/Projects/ISE/FYP/src/bird_data/clips/species/carduelis_carduelis/XC941759__s10000__e13000.wav,
carduelis_carduelis,941438,Carduelis carduelis,/Users/justyna-przy/Projects/ISE/FYP/src/bird_data/raw/carduelis_carduelis/XC941438.mp3,1.0,4.0,-42.792094173863795,-40.0,drop,Coccothraustes coccothraustes,Hawfinch,0.34136614203453064,0.34136614203453064,drop,0,,,
carduelis_carduelis,933923,Carduelis carduelis,/Users/justyna-przy/Projects/ISE/FYP/src/bird_data/raw/carduelis_carduelis/XC933923.mp3,25.0,28.0,-35.025632036041394,-40.0,species,Carduelis carduelis,European Goldfinch,0.9131723046302795,0.9131723046302795,species,1,rand_species,/Users/justyna-przy/Projects/ISE/FYP/src/bird_data/clips/species/carduelis_carduelis/XC933923__s25000__e28000.wav,
carduelis_carduelis,930974,Carduelis carduelis,/Users/justyna-przy/Projects/ISE/FYP/src/bird_data/raw/carduelis_carduelis/XC930974.mp3,4.0,7.0,-27.54262547757861,-28.750059177900127,species,Carduelis carduelis,European Goldfinch,0.988768458366394,0.988768458366394,species,1,rand_species,/Users/justyna-przy/Projects/ISE/FYP/src/bird_data/clips/species/carduelis_carduelis/XC930974__s4000__e7000.wav,
carduelis_carduelis,930974,Carduelis carduelis,/Users/justyna-przy/Projects/ISE/FYP/src/bird_data/raw/carduelis_carduelis/XC930974.mp3,10.0,13.0,-28.283070976516825,-28.750059177900127,species,Carduelis carduelis,European Goldfinch,0.9950704574584961,0.9950704574584961,species,1,rand_species,/Users/justyna-przy/Projects/ISE/FYP/src/bird_data/clips/species/carduelis_carduelis/XC930974__s10000__e13000.wav,
carduelis_carduelis,930974,Carduelis carduelis,/Users/justyna-przy/Projects/ISE/FYP/src/bird_data/raw/carduelis_carduelis/XC930974.mp3,13.0,16.0,-28.402924294064967,-28.750059177900127,species,Carduelis carduelis,European Goldfinch,0.9799198508262634,0.9799198508262634,species,1,rand_species,/Users/justyna-przy/Projects/ISE/FYP/src/bird_data/clips/species/carduelis_carduelis/XC930974__s13000__e16000.wav,
carduelis_carduelis,920978,Carduelis carduelis,/Users/justyna-przy/Projects/ISE/FYP/src/bird_data/raw/carduelis_carduelis/XC920978.mp3,4.0,7.0,-36.56150775852955,-40.0,species,Carduelis carduelis,European Goldfinch,0.9993196725845337,0.9993196725845337,species,1,rand_species,/Users/justyna-przy/Projects/ISE/FYP/src/bird_data/clips/species/carduelis_carduelis/XC920978__s4000__e7000.wav,
carduelis_carduelis,920978,Carduelis carduelis,/Users/justyna-przy/Projects/ISE/FYP/src/bird_data/raw/carduelis_carduelis/XC920978.mp3,7.0,10.0,-36.74630209245262,-40.0,species,Carduelis carduelis,European Goldfinch,0.695355236530304,0.695355236530304,species,1,rand_species,/Users/justyna-przy/Projects/ISE/FYP/src/bird_data/clips/species/carduelis_carduelis/XC920978__s7000__e10000.wav,
carduelis_carduelis,920978,Carduelis carduelis,/Users/justyna-przy/Projects/ISE/FYP/src/bird_data/raw/carduelis_carduelis/XC920978.mp3,31.0,34.0,-23.89298799828081,-40.0,species,Carduelis carduelis,European Goldfinch,0.910959005355835,0.910959005355835,species,1,rand_species,/Users/justyna-przy/Projects/ISE/FYP/src/bird_data/clips/species/carduelis_carduelis/XC920978__s31000__e34000.wav,
carduelis_carduelis,920968,Carduelis carduelis,/Users/justyna-przy/Projects/ISE/FYP/src/bird_data/raw/carduelis_carduelis/XC920968.mp3,1.0,4.0,-33.85619301575163,-40.0,species,Carduelis carduelis,European Goldfinch,0.47871509194374084,0.47871509194374084,species,1,rand_species,/Users/justyna-przy/Projects/ISE/FYP/src/bird_data/clips/species/carduelis_carduelis/XC920968__s1000__e4000.wav,
carduelis_carduelis,920968,Carduelis carduelis,/Users/justyna-przy/Projects/ISE/FYP/src/bird_data/raw/carduelis_carduelis/XC920968.mp3,4.0,7.0,-36.670560401554354,-40.0,species,Carduelis carduelis,European Goldfinch,0.5522831082344055,0.5522831082344055,species,1,rand_species,/Users/justyna-przy/Projects/ISE/FYP/src/bird_data/clips/species/carduelis_carduelis/XC920968__s4000__e7000.wav,
carduelis_carduelis,920968,Carduelis carduelis,/Users/justyna-przy/Projects/ISE/FYP/src/bird_data/raw/carduelis_carduelis/XC920968.mp3,13.0,16.0,-38.32861002408524,-40.0,drop,Carduelis carduelis,European Goldfinch,0.16204123198986053,0.16204123198986053,drop,0,,,
carduelis_carduelis,919914,Carduelis carduelis,/Users/justyna-przy/Projects/ISE/FYP/src/bird_data/raw/carduelis_carduelis/XC919914.mp3,4.0,7.0,-32.84761274264656,-33.48654280155587,species,Carduelis carduelis,European Goldfinch,0.8714491724967957,0.8714491724967957,species,1,rand_species,/Users/justyna-przy/Projects/ISE/FYP/src/bird_data/clips/species/carduelis_carduelis/XC919914__s4000__e7000.wav,
carduelis_carduelis,919914,Carduelis carduelis,/Users/justyna-przy/Projects/ISE/FYP/src/bird_data/raw/carduelis_carduelis/XC919914.mp3,7.0,10.0,-32.60200551256537,-33.48654280155587,species,Carduelis carduelis,European Goldfinch,0.8372010588645935,0.8372010588645935,species,0,,,
carduelis_carduelis,919914,Carduelis carduelis,/Users/justyna-przy/Projects/ISE/FYP/src/bird_data/raw/carduelis_carduelis/XC919914.mp3,10.0,13.0,-33.2972113358908,-33.48654280155587,species,Carduelis carduelis,European Goldfinch,0.9447829723358154,0.9447829723358154,species,1,rand_species,/Users/justyna-przy/Projects/ISE/FYP/src/bird_data/clips/species/carduelis_carduelis/XC919914__s10000__e13000.wav,
carduelis_carduelis,919914,Carduelis carduelis,/Users/justyna-przy/Projects/ISE/FYP/src/bird_data/raw/carduelis_carduelis/XC919914.mp3,16.0,19.0,-32.87922959407655,-33.48654280155587,species,Carduelis carduelis,European Goldfinch,0.9661080241203308,0.9661080241203308,species,1,rand_species,/Users/justyna-przy/Projects/ISE/FYP/src/bird_data/clips/species/carduelis_carduelis/XC919914__s16000__e19000.wav,
carduelis_carduelis,919144,Carduelis carduelis,/Users/justyna-przy/Projects/ISE/FYP/src/bird_data/raw/carduelis_carduelis/XC919144.mp3,4.0,7.0,-30.53369365766371,-30.9224629242669,species,Carduelis carduelis,European Goldfinch,0.9884821176528931,0.9884821176528931,species,1,rand_species,/Users/justyna-przy/Projects/ISE/FYP/src/bird_data/clips/species/carduelis_carduelis/XC919144__s4000__e7000.wav,
carduelis_carduelis,915004,Carduelis carduelis,/Users/justyna-przy/Projects/ISE/FYP/src/bird_data/raw/carduelis_carduelis/XC915004.mp3,1.0,4.0,-28.394987151589504,-38.37648468884034,species,Carduelis carduelis,European Goldfinch,0.9758553504943848,0.9758553504943848,species,1,rand_species,/Users/justyna-przy/Projects/ISE/FYP/src/bird_data/clips/species/carduelis_carduelis/XC915004__s1000__e4000.wav,
carduelis_carduelis,915004,Carduelis carduelis,/Users/justyna-przy/Projects/ISE/FYP/src/bird_data/raw/carduelis_carduelis/XC915004.mp3,4.0,7.0,-35.80782210152757,-38.37648468884034,drop,Curruca iberiae,Western Subalpine Warbler,0.11193875968456268,0.11193875968456268,drop,0,,,
carduelis_carduelis,915004,Carduelis carduelis,/Users/justyna-przy/Projects/ISE/FYP/src/bird_data/raw/carduelis_carduelis/XC915004.mp3,7.0,10.0,-37.993555300871414,-38.37648468884034,species,Carduelis carduelis,European Goldfinch,0.9299062490463257,0.9299062490463257,species,0,,,
carduelis_carduelis,915004,Carduelis carduelis,/Users/justyna-przy/Projects/ISE/FYP/src/bird_data/raw/carduelis_carduelis/XC915004.mp3,10.0,13.0,-38.2662211018294,-38.37648468884034,species,Carduelis carduelis,European Goldfinch,0.8619099855422974,0.8619099855422974,species,0,,,
carduelis_carduelis,915004,Carduelis carduelis,/Users/justyna-przy/Projects/ISE/FYP/src/bird_data/raw/carduelis_carduelis/XC915004.mp3,13.0,16.0,-34.27198694593062,-38.37648468884034,species,Carduelis carduelis,European Goldfinch,0.9902982115745544,0.9902982115745544,species,1,rand_species,/Users/justyna-przy/Projects/ISE/FYP/src/bird_data/clips/species/carduelis_carduelis/XC915004__s13000__e16000.wav,
carduelis_carduelis,915004,Carduelis carduelis,/Users/justyna-przy/Projects/ISE/FYP/src/bird_data/raw/carduelis_carduelis/XC915004.mp3,25.0,28.0,-34.714288214183455,-38.37648468884034,species,Carduelis carduelis,European Goldfinch,0.9338182806968689,0.9338182806968689,species,0,,,
carduelis_carduelis,915004,Carduelis carduelis,/Users/justyna-przy/Projects/ISE/FYP/src/bird_data/raw/carduelis_carduelis/XC915004.mp3,28.0,31.0,-38.10103537453658,-38.37648468884034,drop,Anthus trivialis,Tree Pipit,0.17632710933685303,0.17632710933685303,drop,0,,,
carduelis_carduelis,915004,Carduelis carduelis,/Users/justyna-przy/Projects/ISE/FYP/src/bird_data/raw/carduelis_carduelis/XC915004.mp3,31.0,34.0,-30.71348445811159,-38.37648468884034,species,Carduelis carduelis,European Goldfinch,0.9753772020339966,0.9753772020339966,species,0,,,
carduelis_carduelis,915004,Carduelis carduelis,/Users/justyna-przy/Projects/ISE/FYP/src/bird_data/raw/carduelis_carduelis/XC915004.mp3,34.0,37.0,-33.668447861801354,-38.37648468884034,species,Carduelis carduelis,European Goldfinch,0.983428418636322,0.983428418636322,species,1,rand_species,/Users/justyna-przy/Projects/ISE/FYP/src/bird_data/clips/species/carduelis_carduelis/XC915004__s34000__e37000.wav,
carduelis_carduelis,915004,Carduelis carduelis,/Users/justyna-przy/Projects/ISE/FYP/src/bird_data/raw/carduelis_carduelis/XC915004.mp3,40.0,43.0,-34.30681278079501,-38.37648468884034,species,Carduelis carduelis,European Goldfinch,0.9485239386558533,0.9485239386558533,species,0,,,
carduelis_carduelis,915003,Carduelis carduelis,/Users/justyna-przy/Projects/ISE/FYP/src/bird_data/raw/carduelis_carduelis/XC915003.mp3,1.0,4.0,-32.53921728343441,-35.48240729177454,species,Carduelis carduelis,European Goldfinch,0.9187214970588684,0.9187214970588684,species,0,,,
carduelis_carduelis,915003,Carduelis carduelis,/Users/justyna-przy/Projects/ISE/FYP/src/bird_data/raw/carduelis_carduelis/XC915003.mp3,7.0,10.0,-32.22082058655625,-35.48240729177454,species,Carduelis carduelis,European Goldfinch,0.6034524440765381,0.6034524440765381,species,0,,,
carduelis_carduelis,915003,Carduelis carduelis,/Users/justyna-przy/Projects/ISE/FYP/src/bird_data/raw/carduelis_carduelis/XC915003.mp3,10.0,13.0,-33.03793695622336,-35.48240729177454,species,Carduelis carduelis,European Goldfinch,0.7772579193115234,0.7772579193115234,species,0,,,
carduelis_carduelis,915003,Carduelis carduelis,/Users/justyna-przy/Projects/ISE/FYP/src/bird_data/raw/carduelis_carduelis/XC915003.mp3,13.0,16.0,-34.313289160902784,-35.48240729177454,species,Carduelis carduelis,European Goldfinch,0.897757351398468,0.897757351398468,species,1,rand_species,/Users/justyna-przy/Projects/ISE/FYP/src/bird_data/clips/species/carduelis_carduelis/XC915003__s13000__e16000.wav,
carduelis_carduelis,915003,Carduelis carduelis,/Users/justyna-przy/Projects/ISE/FYP/src/bird_data/raw/carduelis_carduelis/XC915003.mp3,16.0,19.0,-35.01827139667152,-35.48240729177454,species,Carduelis carduelis,European Goldfinch,0.9669162034988403,0.9669162034988403,species,1,rand_species,/Users/justyna-przy/Projects/ISE/FYP/src/bird_data/clips/species/carduelis_carduelis/XC915003__s16000__e19000.wav,
carduelis_carduelis,915003,Carduelis carduelis,/Users/justyna-przy/Projects/ISE/FYP/src/bird_data/raw/carduelis_carduelis/XC915003.mp3,19.0,22.0,-34.118365758459476,-35.48240729177454,species,Carduelis carduelis,European Goldfinch,0.8869104385375977,0.8869104385375977,species,0,,,
carduelis_carduelis,915003,Carduelis carduelis,/Users/justyna-przy/Projects/ISE/FYP/src/bird_data/raw/carduelis_carduelis/XC915003.mp3,22.0,25.0,-32.892070506970384,-35.48240729177454,species,Carduelis carduelis,European Goldfinch,0.6261067986488342,0.6261067986488342,species,1,rand_species,/Users/justyna-przy/Projects/ISE/FYP/src/bird_data/clips/species/carduelis_carduelis/XC915003__s22000__e25000.wav,
carduelis_carduelis,915003,Carduelis carduelis,/Users/justyna-przy/Projects/ISE/FYP/src/bird_data/raw/carduelis_carduelis/XC915003.mp3,25.0,28.0,-34.523707997217635,-35.48240729177454,drop,Anthus campestris,Tawny Pipit,0.4109300971031189,0.4109300971031189,drop,0,,,
carduelis_carduelis,915003,Carduelis carduelis,/Users/justyna-przy/Projects/ISE/FYP/src/bird_data/raw/carduelis_carduelis/XC915003.mp3,34.0,37.0,-33.14146113317142,-35.48240729177454,species,Carduelis carduelis,European Goldfinch,0.878484308719635,0.878484308719635,species,0,,,
carduelis_carduelis,914894,Carduelis carduelis,/Users/justyna-przy/Projects/ISE/FYP/src/bird_data/raw/carduelis_carduelis/XC914894.mp3,1.0,4.0,-48.671796812566015,-40.0,species,Carduelis carduelis,European Goldfinch,0.9987108707427979,0.9987108707427979,species,1,rand_species,/Users/justyna-przy/Projects/ISE/FYP/src/bird_data/clips/species/carduelis_carduelis/XC914894__s1000__e4000.wav,
carduelis_carduelis,913621,Carduelis carduelis,/Users/justyna-przy/Projects/ISE/FYP/src/bird_data/raw/carduelis_carduelis/XC913621.mp3,1.0,4.0,-23.454395641648297,-24.730597533768215,species,Carduelis carduelis,European Goldfinch,0.9953327775001526,0.9953327775001526,species,0,,,
carduelis_carduelis,913621,Carduelis carduelis,/Users/justyna-przy/Projects/ISE/FYP/src/bird_data/raw/carduelis_carduelis/XC913621.mp3,7.0,10.0,-23.34626457229197,-24.730597533768215,species,Carduelis carduelis,European Goldfinch,0.9915183186531067,0.9915183186531067,species,1,rand_species,/Users/justyna-przy/Projects/ISE/FYP/src/bird_data/clips/species/carduelis_carduelis/XC913621__s7000__e10000.wav,
carduelis_carduelis,913621,Carduelis carduelis,/Users/justyna-przy/Projects/ISE/FYP/src/bird_data/raw/carduelis_carduelis/XC913621.mp3,10.0,13.0,-21.949246211723853,-24.730597533768215,species,Carduelis carduelis,European Goldfinch,0.9989163875579834,0.9989163875579834,species,0,,,
carduelis_carduelis,913621,Carduelis carduelis,/Users/justyna-przy/Projects/ISE/FYP/src/bird_data/raw/carduelis_carduelis/XC913621.mp3,13.0,16.0,-22.88414725069133,-24.730597533768215,species,Carduelis carduelis,European Goldfinch,0.9990454316139221,0.9990454316139221,species,0,,,
carduelis_carduelis,913621,Carduelis carduelis,/Users/justyna-przy/Projects/ISE/FYP/src/bird_data/raw/carduelis_carduelis/XC913621.mp3,19.0,22.0,-21.156067940875086,-24.730597533768215,species,Carduelis carduelis,European Goldfinch,0.9857386350631714,0.9857386350631714,species,1,rand_species,/Users/justyna-przy/Projects/ISE/FYP/src/bird_data/clips/species/carduelis_carduelis/XC913621__s19000__e22000.wav,
carduelis_carduelis,913621,Carduelis carduelis,/Users/justyna-przy/Projects/ISE/FYP/src/bird_data/raw/carduelis_carduelis/XC913621.mp3,22.0,25.0,-22.77977467099962,-24.730597533768215,species,Carduelis carduelis,European Goldfinch,0.9979668259620667,0.9979668259620667,species,0,,,
carduelis_carduelis,913621,Carduelis carduelis,/Users/justyna-przy/Projects/ISE/FYP/src/bird_data/raw/carduelis_carduelis/XC913621.mp3,28.0,31.0,-23.035244522141987,-24.730597533768215,species,Carduelis carduelis,European Goldfinch,0.9930962920188904,0.9930962920188904,species,1,rand_species,/Users/justyna-przy/Projects/ISE/FYP/src/bird_data/clips/species/carduelis_carduelis/XC913621__s28000__e31000.wav,
carduelis_carduelis,913621,Carduelis carduelis,/Users/justyna-przy/Projects/ISE/FYP/src/bird_data/raw/carduelis_carduelis/XC913621.mp3,34.0,37.0,-23.867246746853766,-24.730597533768215,species,Carduelis carduelis,European Goldfinch,0.9961175918579102,0.9961175918579102,species,0,,,
carduelis_carduelis,913621,Carduelis carduelis,/Users/justyna-przy/Projects/ISE/FYP/src/bird_data/raw/carduelis_carduelis/XC913621.mp3,37.0,40.0,-24.681613591306053,-24.730597533768215,species,Carduelis carduelis,European Goldfinch,0.9975364208221436,0.9975364208221436,species,0,,,
carduelis_carduelis,913621,Carduelis carduelis,/Users/justyna-przy/Projects/ISE/FYP/src/bird_data/raw/carduelis_carduelis/XC913621.mp3,40.0,43.0,-22.20654144307442,-24.730597533768215,species,Carduelis carduelis,European Goldfinch,0.9948697090148926,0.9948697090148926,species,0,,,
carduelis_carduelis,913621,Carduelis carduelis,/Users/justyna-przy/Projects/ISE/FYP/src/bird_data/raw/carduelis_carduelis/XC913621.mp3,43.0,46.0,-21.34103547455885,-24.730597533768215,species,Carduelis carduelis,European Goldfinch,0.9498556852340698,0.9498556852340698,species,0,,,
carduelis_carduelis,913621,Carduelis carduelis,/Users/justyna-przy/Projects/ISE/FYP/src/bird_data/raw/carduelis_carduelis/XC913621.mp3,49.0,52.0,-23.89509246921166,-24.730597533768215,species,Carduelis carduelis,European Goldfinch,0.9984039664268494,0.9984039664268494,species,0,,,
carduelis_carduelis,913621,Carduelis carduelis,/Users/justyna-przy/Projects/ISE/FYP/src/bird_data/raw/carduelis_carduelis/XC913621.mp3,52.0,55.0,-24.508564736777277,-24.730597533768215,species,Carduelis carduelis,European Goldfinch,0.9955287575721741,0.9955287575721741,species,0,,,
carduelis_carduelis,912102,Carduelis carduelis,/Users/justyna-przy/Projects/ISE/FYP/src/bird_data/raw/carduelis_carduelis/XC912102.mp3,1.0,4.0,-31.881806043977345,-34.28930897329755,species,Carduelis carduelis,European Goldfinch,0.9952451586723328,0.9952451586723328,species,1,rand_species,/Users/justyna-przy/Projects/ISE/FYP/src/bird_data/clips/species/carduelis_carduelis/XC912102__s1000__e4000.wav,
carduelis_carduelis,912102,Carduelis carduelis,/Users/justyna-przy/Projects/ISE/FYP/src/bird_data/raw/carduelis_carduelis/XC912102.mp3,7.0,10.0,-31.963340393351658,-34.28930897329755,species,Carduelis carduelis,European Goldfinch,0.9976428151130676,0.9976428151130676,species,1,rand_species,/Users/justyna-przy/Projects/ISE/FYP/src/bird_data/clips/species/carduelis_carduelis/XC912102__s7000__e10000.wav,
carduelis_carduelis,912102,Carduelis carduelis,/Users/justyna-przy/Projects/ISE/FYP/src/bird_data/raw/carduelis_carduelis/XC912102.mp3,10.0,13.0,-32.61075132062947,-34.28930897329755,species,Carduelis carduelis,European Goldfinch,0.6455104947090149,0.6455104947090149,species,0,,,
carduelis_carduelis,912102,Carduelis carduelis,/Users/justyna-przy/Projects/ISE/FYP/src/bird_data/raw/carduelis_carduelis/XC912102.mp3,13.0,16.0,-34.17092255868112,-34.28930897329755,species,Carduelis carduelis,European Goldfinch,0.9882215857505798,0.9882215857505798,species,1,rand_species,/Users/justyna-przy/Projects/ISE/FYP/src/bird_data/clips/species/carduelis_carduelis/XC912102__s13000__e16000.wav,
carduelis_carduelis,910194,Carduelis carduelis,/Users/justyna-przy/Projects/ISE/FYP/src/bird_data/raw/carduelis_carduelis/XC910194.mp3,4.0,7.0,-35.98756165986897,-40.0,species,Carduelis carduelis,European Goldfinch,0.9984413981437683,0.9984413981437683,species,0,,,
carduelis_carduelis,910194,Carduelis carduelis,/Users/justyna-przy/Projects/ISE/FYP/src/bird_data/raw/carduelis_carduelis/XC910194.mp3,7.0,10.0,-37.49938991158113,-40.0,species,Carduelis carduelis,European Goldfinch,0.9657419323921204,0.9657419323921204,species,1,rand_species,/Users/justyna-przy/Projects/ISE/FYP/src/bird_data/clips/species/carduelis_carduelis/XC910194__s7000__e10000.wav,
carduelis_carduelis,910194,Carduelis carduelis,/Users/justyna-przy/Projects/ISE/FYP/src/bird_data/raw/carduelis_carduelis/XC910194.mp3,10.0,13.0,-39.30672716347294,-40.0,species,Carduelis carduelis,European Goldfinch,0.9214893579483032,0.9214893579483032,species,0,,,
carduelis_carduelis,910194,Carduelis carduelis,/Users/justyna-przy/Projects/ISE/FYP/src/bird_data/raw/carduelis_carduelis/XC910194.mp3,13.0,16.0,-37.519189205621245,-40.0,species,Carduelis carduelis,European Goldfinch,0.9937061667442322,0.9937061667442322,species,0,,,
carduelis_carduelis,910194,Carduelis carduelis,/Users/justyna-przy/Projects/ISE/FYP/src/bird_data/raw/carduelis_carduelis/XC910194.mp3,16.0,19.0,-37.1793052974698,-40.0,species,Carduelis carduelis,European Goldfinch,0.9298762679100037,0.9298762679100037,species,0,,,
carduelis_carduelis,910194,Carduelis carduelis,/Users/justyna-przy/Projects/ISE/FYP/src/bird_data/raw/carduelis_carduelis/XC910194.mp3,19.0,22.0,-35.82789257662257,-40.0,species,Carduelis carduelis,European Goldfinch,0.9784644842147827,0.9784644842147827,species,1,rand_species,/Users/justyna-przy/Projects/ISE/FYP/src/bird_data/clips/species/carduelis_carduelis/XC910194__s19000__e22000.wav,
carduelis_carduelis,910194,Carduelis carduelis,/Users/justyna-przy/Projects/ISE/FYP/src/bird_data/raw/carduelis_carduelis/XC910194.mp3,22.0,25.0,-39.1426291109624,-40.0,species,Carduelis carduelis,European Goldfinch,0.9902308583259583,0.9902308583259583,species,0,,,
carduelis_carduelis,910194,Carduelis carduelis,/Users/justyna-przy/Projects/ISE/FYP/src/bird_data/raw/carduelis_carduelis/XC910194.mp3,28.0,31.0,-39.04340825171454,-40.0,species,Carduelis carduelis,European Goldfinch,0.9777212738990784,0.9777212738990784,species,0,,,
carduelis_carduelis,910194,Carduelis carduelis,/Users/justyna-przy/Projects/ISE/FYP/src/bird_data/raw/carduelis_carduelis/XC910194.mp3,34.0,37.0,-39.74724351997901,-40.0,species,Carduelis carduelis,European Goldfinch,0.97115558385849,0.97115558385849,species,1,rand_species,/Users/justyna-przy/Projects/ISE/FYP/src/bird_data/clips/species/carduelis_carduelis/XC910194__s34000__e37000.wav,
carduelis_carduelis,905549,Carduelis carduelis,/Users/justyna-przy/Projects/ISE/FYP/src/bird_data/raw/carduelis_carduelis/XC905549.mp3,13.0,16.0,-36.4614030290367,-40.0,species,Carduelis carduelis,European Goldfinch,0.9984421133995056,0.9984421133995056,species,1,rand_species,/Users/justyna-przy/Projects/ISE/FYP/src/bird_data/clips/species/carduelis_carduelis/XC905549__s13000__e16000.wav,
carduelis_carduelis,905549,Carduelis carduelis,/Users/justyna-przy/Projects/ISE/FYP/src/bird_data/raw/carduelis_carduelis/XC905549.mp3,16.0,19.0,-36.5576280456431,-40.0,species,Carduelis carduelis,European Goldfinch,0.9789738655090332,0.9789738655090332,species,1,rand_species,/Users/justyna-przy/Projects/ISE/FYP/src/bird_data/clips/species/carduelis_carduelis/XC905549__s16000__e19000.wav,
carduelis_carduelis,905549,Carduelis carduelis,/Users/justyna-przy/Projects/ISE/FYP/src/bird_data/raw/carduelis_carduelis/XC905549.mp3,19.0,22.0,-30.569162713223157,-40.0,species,Carduelis carduelis,European Goldfinch,0.3222942650318146,0.3222942650318146,species,1,rand_species,/Users/justyna-przy/Projects/ISE/FYP/src/bird_data/clips/species/carduelis_carduelis/XC905549__s19000__e22000.wav,
carduelis_carduelis,905549,Carduelis carduelis,/Users/justyna-przy/Projects/ISE/FYP/src/bird_data/raw/carduelis_carduelis/XC905549.mp3,37.0,40.0,-39.79481866656015,-40.0,non_bird,,,0.0,0.0,non_bird,1,nonbird_lowconf,/Users/justyna-przy/Projects/ISE/FYP/src/bird_data/clips/non_bird/carduelis_carduelis/XC905549__s37000__e40000.wav,
carduelis_carduelis,904969,Carduelis carduelis,/Users/justyna-przy/Projects/ISE/FYP/src/bird_data/raw/carduelis_carduelis/XC904969.mp3,13.0,16.0,-34.391572195952506,-40.0,species,Carduelis carduelis,European Goldfinch,0.996118426322937,0.996118426322937,species,0,,,
carduelis_carduelis,904969,Carduelis carduelis,/Users/justyna-przy/Projects/ISE/FYP/src/bird_data/raw/carduelis_carduelis/XC904969.mp3,16.0,19.0,-32.493240555346034,-40.0,species,Carduelis carduelis,European Goldfinch,0.9990041851997375,0.9990041851997375,species,0,,,
carduelis_carduelis,904969,Carduelis carduelis,/Users/justyna-przy/Projects/ISE/FYP/src/bird_data/raw/carduelis_carduelis/XC904969.mp3,19.0,22.0,-31.996289267757604,-40.0,species,Carduelis carduelis,European Goldfinch,0.9986932873725891,0.9986932873725891,species,0,,,
carduelis_carduelis,904969,Carduelis carduelis,/Users/justyna-przy/Projects/ISE/FYP/src/bird_data/raw/carduelis_carduelis/XC904969.mp3,25.0,28.0,-34.16183889300543,-40.0,species,Carduelis carduelis,European Goldfinch,0.999046266078949,0.999046266078949,species,0,,,
carduelis_carduelis,904969,Carduelis carduelis,/Users/justyna-przy/Projects/ISE/FYP/src/bird_data/raw/carduelis_carduelis/XC904969.mp3,28.0,31.0,-32.307051236881335,-40.0,species,Carduelis carduelis,European Goldfinch,0.9978858828544617,0.9978858828544617,species,1,rand_species,/Users/justyna-przy/Projects/ISE/FYP/src/bird_data/clips/species/carduelis_carduelis/XC904969__s28000__e31000.wav,
carduelis_carduelis,904969,Carduelis carduelis,/Users/justyna-przy/Projects/ISE/FYP/src/bird_data/raw/carduelis_carduelis/XC904969.mp3,31.0,34.0,-39.87851096363916,-40.0,species,Carduelis carduelis,European Goldfinch,0.9917280673980713,0.9917280673980713,species,0,,,
carduelis_carduelis,904969,Carduelis carduelis,/Users/justyna-przy/Projects/ISE/FYP/src/bird_data/raw/carduelis_carduelis/XC904969.mp3,34.0,37.0,-30.726507621301103,-40.0,species,Carduelis carduelis,European Goldfinch,0.99894779920578,0.99894779920578,species,1,rand_species,/Users/justyna-przy/Projects/ISE/FYP/src/bird_data/clips/species/carduelis_carduelis/XC904969__s34000__e37000.wav,
carduelis_carduelis,904969,Carduelis carduelis,/Users/justyna-przy/Projects/ISE/FYP/src/bird_data/raw/carduelis_carduelis/XC904969.mp3,37.0,40.0,-33.118415316390916,-40.0,species,Carduelis carduelis,European Goldfinch,0.9980552196502686,0.9980552196502686,species,1,rand_species,/Users/justyna-przy/Projects/ISE/FYP/src/bird_data/clips/species/carduelis_carduelis/XC904969__s37000__e40000.wav,
carduelis_carduelis,904969,Carduelis carduelis,/Users/justyna-przy/Projects/ISE/FYP/src/bird_data/raw/carduelis_carduelis/XC904969.mp3,40.0,43.0,-30.680687468735126,-40.0,species,Carduelis carduelis,European Goldfinch,0.9979870319366455,0.9979870319366455,species,0,,,
carduelis_carduelis,904969,Carduelis carduelis,/Users/justyna-przy/Projects/ISE/FYP/src/bird_data/raw/carduelis_carduelis/XC904969.mp3,46.0,49.0,-38.33776135856444,-40.0,drop,Hippolais icterina,Icterine Warbler,0.7932119369506836,0.7932119369506836,drop,0,,,
carduelis_carduelis,904968,Carduelis carduelis,/Users/justyna-przy/Projects/ISE/FYP/src/bird_data/raw/carduelis_carduelis/XC904968.mp3,1.0,4.0,-35.0433934665946,-37.79601697545303,species,Carduelis carduelis,European Goldfinch,0.9798189401626587,0.9798189401626587,species,1,rand_species,/Users/justyna-przy/Projects/ISE/FYP/src/bird_data/clips/species/carduelis_carduelis/XC904968__s1000__e4000.wav,
carduelis_carduelis,904968,Carduelis carduelis,/Users/justyna-przy/Projects/ISE/FYP/src/bird_data/raw/carduelis_carduelis/XC904968.mp3,4.0,7.0,-35.59393973373226,-37.79601697545303,drop,Vidua macroura,Pin-tailed Whydah,0.5035828948020935,0.5035828948020935,drop,0,,,
carduelis_carduelis,904968,Carduelis carduelis,/Users/justyna-przy/Projects/ISE/FYP/src/bird_data/raw/carduelis_carduelis/XC904968.mp3,7.0,10.0,-36.49104819863173,-37.79601697545303,species,Carduelis carduelis,European Goldfinch,0.9801915884017944,0.9801915884017944,species,1,rand_species,/Users/justyna-przy/Projects/ISE/FYP/src/bird_data/clips/species/carduelis_carduelis/XC904968__s7000__e10000.wav,
carduelis_carduelis,904968,Carduelis carduelis,/Users/justyna-przy/Projects/ISE/FYP/src/bird_data/raw/carduelis_carduelis/XC904968.mp3,13.0,16.0,-37.25978684836021,-37.79601697545303,species,Carduelis carduelis,European Goldfinch,0.9646083116531372,0.9646083116531372,species,1,rand_species,/Users/justyna-przy/Projects/ISE/FYP/src/bird_data/clips/species/carduelis_carduelis/XC904968__s13000__e16000.wav,
carduelis_carduelis,903258,Carduelis carduelis,/Users/justyna-przy/Projects/ISE/FYP/src/bird_data/raw/carduelis_carduelis/XC903258.mp3,1.0,4.0,-33.56002361892167,-35.8773103466788,species,Carduelis carduelis,European Goldfinch,0.9980533123016357,0.9980533123016357,species,1,rand_species,/Users/justyna-przy/Projects/ISE/FYP/src/bird_data/clips/species/carduelis_carduelis/XC903258__s1000__e4000.wav,
carduelis_carduelis,903258,Carduelis carduelis,/Users/justyna-przy/Projects/ISE/FYP/src/bird_data/raw/carduelis_carduelis/XC903258.mp3,4.0,7.0,-35.8773103466788,-35.8773103466788,species,Carduelis carduelis,European Goldfinch,0.7114608883857727,0.7114608883857727,species,0,,,
carduelis_carduelis,903258,Carduelis carduelis,/Users/justyna-przy/Projects/ISE/FYP/src/bird_data/raw/carduelis_carduelis/XC903258.mp3,7.0,10.0,-35.62042529831214,-35.8773103466788,species,Carduelis carduelis,European Goldfinch,0.9976964592933655,0.9976964592933655,species,1,rand_species,/Users/justyna-przy/Projects/ISE/FYP/src/bird_data/clips/species/carduelis_carduelis/XC903258__s7000__e10000.wav,
carduelis_carduelis,903258,Carduelis carduelis,/Users/justyna-przy/Projects/ISE/FYP/src/bird_data/raw/carduelis_carduelis/XC903258.mp3,10.0,13.0,-34.77648929617903,-35.8773103466788,species,Carduelis carduelis,European Goldfinch,0.8932528495788574,0.8932528495788574,species,0,,,
carduelis_carduelis,903258,Carduelis carduelis,/Users/justyna-przy/Projects/ISE/FYP/src/bird_data/raw/carduelis_carduelis/XC903258.mp3,13.0,16.0,-34.39389670754736,-35.8773103466788,species,Carduelis carduelis,European Goldfinch,0.9838584065437317,0.9838584065437317,species,0,,,
carduelis_carduelis,903258,Carduelis carduelis,/Users/justyna-przy/Projects/ISE/FYP/src/bird_data/raw/carduelis_carduelis/XC903258.mp3,19.0,22.0,-33.653818993296795,-35.8773103466788,species,Carduelis carduelis,European Goldfinch,0.9419816136360168,0.9419816136360168,species,0,,,
carduelis_carduelis,903258,Carduelis carduelis,/Users/justyna-przy/Projects/ISE/FYP/src/bird_data/raw/carduelis_carduelis/XC903258.mp3,22.0,25.0,-34.961902983608255,-35.8773103466788,species,Carduelis carduelis,European Goldfinch,0.9968798160552979,0.9968798160552979,species,1,rand_species,/Users/justyna-przy/Projects/ISE/FYP/src/bird_data/clips/species/carduelis_carduelis/XC903258__s22000__e25000.wav,
carduelis_carduelis,903258,Carduelis carduelis,/Users/justyna-przy/Projects/ISE/FYP/src/bird_data/raw/carduelis_carduelis/XC903258.mp3,28.0,31.0,-32.544798419011556,-35.8773103466788,species,Carduelis carduelis,European Goldfinch,0.9860692024230957,0.9860692024230957,species,0,,,
carduelis_carduelis,900200,Carduelis carduelis,/Users/justyna-przy/Projects/ISE/FYP/src/bird_data/raw/carduelis_carduelis/XC900200.mp3,10.0,13.0,-42.75777619283357,-40.0,drop,Carduelis carduelis,European Goldfinch,0.17856711149215698,0.17856711149215698,drop,0,,,
carduelis_carduelis,900199,Carduelis carduelis,/Users/justyna-przy/Projects/ISE/FYP/src/bird_data/raw/carduelis_carduelis/XC900199.mp3,16.0,19.0,-36.949692174253464,-40.0,species,Carduelis carduelis,European Goldfinch,0.8735733032226562,0.8735733032226562,species,1,rand_species,/Users/justyna-przy/Projects/ISE/FYP/src/bird_data/clips/species/carduelis_carduelis/XC900199__s16000__e19000.wav,
carduelis_carduelis,900199,Carduelis carduelis,/Users/justyna-przy/Projects/ISE/FYP/src/bird_data/raw/carduelis_carduelis/XC900199.mp3,19.0,22.0,-36.4002688632218,-40.0,species,Carduelis carduelis,European Goldfinch,0.9297906160354614,0.9297906160354614,species,1,rand_species,/Users/justyna-przy/Projects/ISE/FYP/src/bird_data/clips/species/carduelis_carduelis/XC900199__s19000__e22000.wav,
carduelis_carduelis,899071,Carduelis carduelis,/Users/justyna-przy/Projects/ISE/FYP/src/bird_data/raw/carduelis_carduelis/XC899071.mp3,1.0,4.0,-26.203600682432793,-33.639382090345315,species,Carduelis carduelis,European Goldfinch,0.9944345355033875,0.9944345355033875,species,0,,,
carduelis_carduelis,899071,Carduelis carduelis,/Users/justyna-przy/Projects/ISE/FYP/src/bird_data/raw/carduelis_carduelis/XC899071.mp3,4.0,7.0,-25.88282202336773,-33.639382090345315,species,Carduelis carduelis,European Goldfinch,0.9930419921875,0.9930419921875,species,0,,,
carduelis_carduelis,899071,Carduelis carduelis,/Users/justyna-przy/Projects/ISE/FYP/src/bird_data/raw/carduelis_carduelis/XC899071.mp3,7.0,10.0,-28.886596022941244,-33.639382090345315,species,Carduelis carduelis,European Goldfinch,0.9895973801612854,0.9895973801612854,species,1,rand_species,/Users/justyna-przy/Projects/ISE/FYP/src/bird_data/clips/species/carduelis_carduelis/XC899071__s7000__e10000.wav,
carduelis_carduelis,899071,Carduelis carduelis,/Users/justyna-przy/Projects/ISE/FYP/src/bird_data/raw/carduelis_carduelis/XC899071.mp3,10.0,13.0,-32.00356223408796,-33.639382090345315,species,Carduelis carduelis,European Goldfinch,0.9093731641769409,0.9093731641769409,species,0,,,
carduelis_carduelis,899071,Carduelis carduelis,/Users/justyna-przy/Projects/ISE/FYP/src/bird_data/raw/carduelis_carduelis/XC899071.mp3,13.0,16.0,-33.600451572379214,-33.639382090345315,species,Carduelis carduelis,European Goldfinch,0.6666288375854492,0.6666288375854492,species,0,,,
carduelis_carduelis,899071,Carduelis carduelis,/Users/justyna-przy/Projects/ISE/FYP/src/bird_data/raw/carduelis_carduelis/XC899071.mp3,16.0,19.0,-33.50251030229486,-33.639382090345315,drop,Empidonax oberholseri,Dusky Flycatcher,0.4726523756980896,0.4726523756980896,drop,0,,,
carduelis_carduelis,899071,Carduelis carduelis,/Users/justyna-przy/Projects/ISE/FYP/src/bird_data/raw/carduelis_carduelis/XC899071.mp3,22.0,25.0,-33.576896001724144,-33.639382090345315,species,Carduelis carduelis,European Goldfinch,0.6275813579559326,0.6275813579559326,species,1,rand_species,/Users/justyna-przy/Projects/ISE/FYP/src/bird_data/clips/species/carduelis_carduelis/XC899071__s22000__e25000.wav,
carduelis_carduelis,899071,Carduelis carduelis,/Users/justyna-przy/Projects/ISE/FYP/src/bird_data/raw/carduelis_carduelis/XC899071.mp3,25.0,28.0,-33.5755831812739,-33.639382090345315,species,Carduelis carduelis,European Goldfinch,0.9668435454368591,0.9668435454368591,species,0,,,
carduelis_carduelis,899071,Carduelis carduelis,/Users/justyna-przy/Projects/ISE/FYP/src/bird_data/raw/carduelis_carduelis/XC899071.mp3,34.0,37.0,-29.93800251473672,-33.639382090345315,drop,Empidonax atriceps,Black-capped Flycatcher,0.3826347291469574,0.3826347291469574,drop,0,,,
carduelis_carduelis,899071,Carduelis carduelis,/Users/justyna-przy/Projects/ISE/FYP/src/bird_data/raw/carduelis_carduelis/XC899071.mp3,37.0,40.0,-32.299281100313564,-33.639382090345315,species,Carduelis carduelis,European Goldfinch,0.9917631149291992,0.9917631149291992,species,1,rand_species,/Users/justyna-przy/Projects/ISE/FYP/src/bird_data/clips/species/carduelis_carduelis/XC899071__s37000__e40000.wav,
carduelis_carduelis,899070,Carduelis carduelis,/Users/justyna-przy/Projects/ISE/FYP/src/bird_data/raw/carduelis_carduelis/XC899070.mp3,1.0,4.0,-37.95030000617902,-40.0,species,Carduelis carduelis,European Goldfinch,0.9918892979621887,0.9918892979621887,species,1,rand_species,/Users/justyna-przy/Projects/ISE/FYP/src/bird_data/clips/species/carduelis_carduelis/XC899070__s1000__e4000.wav,
carduelis_carduelis,899070,Carduelis carduelis,/Users/justyna-przy/Projects/ISE/FYP/src/bird_data/raw/carduelis_carduelis/XC899070.mp3,7.0,10.0,-37.04793578082292,-40.0,drop,Fringilla coelebs,Common Chaffinch,0.48640918731689453,0.48640918731689453,drop,0,,,
carduelis_carduelis,899070,Carduelis carduelis,/Users/justyna-przy/Projects/ISE/FYP/src/bird_data/raw/carduelis_carduelis/XC899070.mp3,10.0,13.0,-31.031808544180585,-40.0,species,Carduelis carduelis,European Goldfinch,0.9935801029205322,0.9935801029205322,species,1,rand_species,/Users/justyna-przy/Projects/ISE/FYP/src/bird_data/clips/species/carduelis_carduelis/XC899070__s10000__e13000.wav,
carduelis_carduelis,899070,Carduelis carduelis,/Users/justyna-przy/Projects/ISE/FYP/src/bird_data/raw/carduelis_carduelis/XC899070.mp3,13.0,16.0,-37.01065230260937,-40.0,species,Carduelis carduelis,European Goldfinch,0.6179673075675964,0.6179673075675964,species,1,rand_species,/Users/justyna-przy/Projects/ISE/FYP/src/bird_data/clips/species/carduelis_carduelis/XC899070__s13000__e16000.wav,
carduelis_carduelis,894563,Carduelis carduelis,/Users/justyna-przy/Projects/ISE/FYP/src/bird_data/raw/carduelis_carduelis/XC894563.mp3,4.0,7.0,-26.696300245452278,-27.30777104419107,species,Carduelis carduelis,European Goldfinch,0.9353487491607666,0.9353487491607666,species,1,rand_species,/Users/justyna-przy/Projects/ISE/FYP/src/bird_data/clips/species/carduelis_carduelis/XC894563__s4000__e7000.wav,
carduelis_carduelis,894563,Carduelis carduelis,/Users/justyna-przy/Projects/ISE/FYP/src/bird_data/raw/carduelis_carduelis/XC894563.mp3,10.0,13.0,-24.78023104797552,-27.30777104419107,species,Carduelis carduelis,European Goldfinch,0.9864903688430786,0.9864903688430786,species,1,rand_species,/Users/justyna-przy/Projects/ISE/FYP/src/bird_data/clips/species/carduelis_carduelis/XC894563__s10000__e13000.wav,
carduelis_carduelis,894563,Carduelis carduelis,/Users/justyna-przy/Projects/ISE/FYP/src/bird_data/raw/carduelis_carduelis/XC894563.mp3,13.0,16.0,-25.762157891000953,-27.30777104419107,species,Carduelis carduelis,European Goldfinch,0.9810531735420227,0.9810531735420227,species,1,rand_species,/Users/justyna-przy/Projects/ISE/FYP/src/bird_data/clips/species/carduelis_carduelis/XC894563__s13000__e16000.wav,
carduelis_carduelis,893749,Carduelis carduelis,/Users/justyna-przy/Projects/ISE/FYP/src/bird_data/raw/carduelis_carduelis/XC893749.mp3,4.0,7.0,-34.9501579763327,-36.284145003231366,species,Carduelis carduelis,European Goldfinch,0.9934491515159607,0.9934491515159607,species,0,,,
carduelis_carduelis,893749,Carduelis carduelis,/Users/justyna-przy/Projects/ISE/FYP/src/bird_data/raw/carduelis_carduelis/XC893749.mp3,7.0,10.0,-33.45031745420215,-36.284145003231366,species,Carduelis carduelis,European Goldfinch,0.9978585839271545,0.9978585839271545,species,0,,,
carduelis_carduelis,893749,Carduelis carduelis,/Users/justyna-przy/Projects/ISE/FYP/src/bird_data/raw/carduelis_carduelis/XC893749.mp3,13.0,16.0,-33.86063646639186,-36.284145003231366,species,Carduelis carduelis,European Goldfinch,0.9956860542297363,0.9956860542297363,species,0,,,
carduelis_carduelis,893749,Carduelis carduelis,/Users/justyna-przy/Projects/ISE/FYP/src/bird_data/raw/carduelis_carduelis/XC893749.mp3,16.0,19.0,-33.264070080452804,-36.284145003231366,species,Carduelis carduelis,European Goldfinch,0.9874645471572876,0.9874645471572876,species,1,rand_species,/Users/justyna-przy/Projects/ISE/FYP/src/bird_data/clips/species/carduelis_carduelis/XC893749__s16000__e19000.wav,
carduelis_carduelis,893749,Carduelis carduelis,/Users/justyna-przy/Projects/ISE/FYP/src/bird_data/raw/carduelis_carduelis/XC893749.mp3,19.0,22.0,-34.563115959677646,-36.284145003231366,species,Carduelis carduelis,European Goldfinch,0.9957213401794434,0.9957213401794434,species,1,rand_species,/Users/justyna-przy/Projects/ISE/FYP/src/bird_data/clips/species/carduelis_carduelis/XC893749__s19000__e22000.wav,
carduelis_carduelis,893749,Carduelis carduelis,/Users/justyna-przy/Projects/ISE/FYP/src/bird_data/raw/carduelis_carduelis/XC893749.mp3,22.0,25.0,-35.66880215930092,-36.284145003231366,species,Carduelis carduelis,European Goldfinch,0.968437671661377,0.968437671661377,species,1,rand_species,/Users/justyna-przy/Projects/ISE/FYP/src/bird_data/clips/species/carduelis_carduelis/XC893749__s22000__e25000.wav,
carduelis_carduelis,892908,Carduelis carduelis,/Users/justyna-przy/Projects/ISE/FYP/src/bird_data/raw/carduelis_carduelis/XC892908.mp3,1.0,4.0,-27.758162887827243,-29.310376490598262,species,Carduelis carduelis,European Goldfinch,0.9741437435150146,0.9741437435150146,species,0,,,
carduelis_carduelis,892908,Carduelis carduelis,/Users/justyna-przy/Projects/ISE/FYP/src/bird_data/raw/carduelis_carduelis/XC892908.mp3,10.0,13.0,-29.10372398119255,-29.310376490598262,species,Carduelis carduelis,European Goldfinch,0.9970424771308899,0.9970424771308899,species,1,rand_species,/Users/justyna-przy/Projects/ISE/FYP/src/bird_data/clips/species/carduelis_carduelis/XC892908__s10000__e13000.wav,
carduelis_carduelis,892908,Carduelis carduelis,/Users/justyna-przy/Projects/ISE/FYP/src/bird_data/raw/carduelis_carduelis/XC892908.mp3,13.0,16.0,-28.794896975422006,-29.310376490598262,species,Carduelis carduelis,European Goldfinch,0.9858027696609497,0.9858027696609497,species,0,,,
carduelis_carduelis,892908,Carduelis carduelis,/Users/justyna-przy/Projects/ISE/FYP/src/bird_data/raw/carduelis_carduelis/XC892908.mp3,16.0,19.0,-24.58412245244872,-29.310376490598262,species,Carduelis carduelis,European Goldfinch,0.9951713681221008,0.9951713681221008,species,0,,,
carduelis_carduelis,892908,Carduelis carduelis,/Users/justyna-przy/Projects/ISE/FYP/src/bird_data/raw/carduelis_carduelis/XC892908.mp3,19.0,22.0,-27.19559919308821,-29.310376490598262,species,Carduelis carduelis,European Goldfinch,0.9978708028793335,0.9978708028793335,species,0,,,
carduelis_carduelis,892908,Carduelis carduelis,/Users/justyna-przy/Projects/ISE/FYP/src/bird_data/raw/carduelis_carduelis/XC892908.mp3,22.0,25.0,-27.434170567024765,-29.310376490598262,species,Carduelis carduelis,European Goldfinch,0.9913482069969177,0.9913482069969177,species,1,rand_species,/Users/justyna-przy/Projects/ISE/FYP/src/bird_data/clips/species/carduelis_carduelis/XC892908__s22000__e25000.wav,
carduelis_carduelis,892908,Carduelis carduelis,/Users/justyna-przy/Projects/ISE/FYP/src/bird_data/raw/carduelis_carduelis/XC892908.mp3,28.0,31.0,-24.655615104648735,-29.310376490598262,species,Carduelis carduelis,European Goldfinch,0.9879530072212219,0.9879530072212219,species,1,rand_species,/Users/justyna-przy/Projects/ISE/FYP/src/bird_data/clips/species/carduelis_carduelis/XC892908__s28000__e31000.wav,
carduelis_carduelis,890361,Carduelis carduelis,/Users/justyna-przy/Projects/ISE/FYP/src/bird_data/raw/carduelis_carduelis/XC890361.mp3,1.0,4.0,-31.501005079810884,-34.05739618661615,species,Carduelis carduelis,European Goldfinch,0.681455671787262,0.681455671787262,species,1,rand_species,/Users/justyna-przy/Projects/ISE/FYP/src/bird_data/clips/species/carduelis_carduelis/XC890361__s1000__e4000.wav,
carduelis_carduelis,890361,Carduelis carduelis,/Users/justyna-przy/Projects/ISE/FYP/src/bird_data/raw/carduelis_carduelis/XC890361.mp3,4.0,7.0,-31.007009075569016,-34.05739618661615,non_bird,,,0.0,0.0,non_bird,1,nonbird_lowconf,/Users/justyna-przy/Projects/ISE/FYP/src/bird_data/clips/non_bird/carduelis_carduelis/XC890361__s4000__e7000.wav,
carduelis_carduelis,890361,Carduelis carduelis,/Users/justyna-przy/Projects/ISE/FYP/src/bird_data/raw/carduelis_carduelis/XC890361.mp3,10.0,13.0,-32.42262872258692,-34.05739618661615,drop,Linaria flavirostris,Twite,0.25422489643096924,0.25422489643096924,drop,0,,,
carduelis_carduelis,884263,Carduelis carduelis,/Users/justyna-przy/Projects/ISE/FYP/src/bird_data/raw/carduelis_carduelis/XC884263.mp3,1.0,4.0,-26.957304580127833,-33.79489901440046,species,Carduelis carduelis,European Goldfinch,0.9879986047744751,0.9879986047744751,species,0,,,
carduelis_carduelis,884263,Carduelis carduelis,/Users/justyna-przy/Projects/ISE/FYP/src/bird_data/raw/carduelis_carduelis/XC884263.mp3,4.0,7.0,-28.395283164348093,-33.79489901440046,species,Carduelis carduelis,European Goldfinch,0.9829413294792175,0.9829413294792175,species,0,,,
carduelis_carduelis,884263,Carduelis carduelis,/Users/justyna-przy/Projects/ISE/FYP/src/bird_data/raw/carduelis_carduelis/XC884263.mp3,10.0,13.0,-26.794826503170547,-33.79489901440046,species,Carduelis carduelis,European Goldfinch,0.9614808559417725,0.9614808559417725,species,1,rand_species,/Users/justyna-przy/Projects/ISE/FYP/src/bird_data/clips/species/carduelis_carduelis/XC884263__s10000__e13000.wav,
carduelis_carduelis,884263,Carduelis carduelis,/Users/justyna-przy/Projects/ISE/FYP/src/bird_data/raw/carduelis_carduelis/XC884263.mp3,13.0,16.0,-32.42499439613862,-33.79489901440046,drop,Phoenicurus phoenicurus,Common Redstart,0.1495683342218399,0.1495683342218399,drop,0,,,
carduelis_carduelis,884263,Carduelis carduelis,/Users/justyna-przy/Projects/ISE/FYP/src/bird_data/raw/carduelis_carduelis/XC884263.mp3,16.0,19.0,-26.290140086866476,-33.79489901440046,species,Carduelis carduelis,European Goldfinch,0.9787139296531677,0.9787139296531677,species,0,,,
carduelis_carduelis,884263,Carduelis carduelis,/Users/justyna-przy/Projects/ISE/FYP/src/bird_data/raw/carduelis_carduelis/XC884263.mp3,19.0,22.0,-30.35806617228941,-33.79489901440046,species,Carduelis carduelis,European Goldfinch,0.9856008887290955,0.9856008887290955,species,0,,,
carduelis_carduelis,884263,Carduelis carduelis,/Users/justyna-przy/Projects/ISE/FYP/src/bird_data/raw/carduelis_carduelis/XC884263.mp3,25.0,28.0,-27.008261538976548,-33.79489901440046,species,Carduelis carduelis,European Goldfinch,0.9504191875457764,0.9504191875457764,species,1,rand_species,/Users/justyna-przy/Projects/ISE/FYP/src/bird_data/clips/species/carduelis_carduelis/XC884263__s25000__e28000.wav,
carduelis_carduelis,884263,Carduelis carduelis,/Users/justyna-przy/Projects/ISE/FYP/src/bird_data/raw/carduelis_carduelis/XC884263.mp3,28.0,31.0,-28.947312539136707,-33.79489901440046,species,Carduelis carduelis,European Goldfinch,0.9943628311157227,0.9943628311157227,species,0,,,
carduelis_carduelis,884263,Carduelis carduelis,/Users/justyna-przy/Projects/ISE/FYP/src/bird_data/raw/carduelis_carduelis/XC884263.mp3,31.0,34.0,-29.66966161454094,-33.79489901440046,species,Carduelis carduelis,European Goldfinch,0.48889675736427307,0.48889675736427307,species,0,,,
carduelis_carduelis,884263,Carduelis carduelis,/Users/justyna-przy/Projects/ISE/FYP/src/bird_data/raw/carduelis_carduelis/XC884263.mp3,37.0,40.0,-30.659348237909793,-33.79489901440046,species,Carduelis carduelis,European Goldfinch,0.996322512626648,0.996322512626648,species,1,rand_species,/Users/justyna-przy/Projects/ISE/FYP/src/bird_data/clips/species/carduelis_carduelis/XC884263__s37000__e40000.wav,
carduelis_carduelis,884098,Carduelis carduelis,/Users/justyna-przy/Projects/ISE/FYP/src/bird_data/raw/carduelis_carduelis/XC884098.mp3,4.0,7.0,-30.268919571848926,-31.355193449985116,species,Carduelis carduelis,European Goldfinch,0.9666467905044556,0.9666467905044556,species,0,,,
carduelis_carduelis,884098,Carduelis carduelis,/Users/justyna-przy/Projects/ISE/FYP/src/bird_data/raw/carduelis_carduelis/XC884098.mp3,7.0,10.0,-28.93259352096164,-31.355193449985116,species,Carduelis carduelis,European Goldfinch,0.9979833364486694,0.9979833364486694,species,0,,,
carduelis_carduelis,884098,Carduelis carduelis,/Users/justyna-przy/Projects/ISE/FYP/src/bird_data/raw/carduelis_carduelis/XC884098.mp3,10.0,13.0,-24.015654537647563,-31.355193449985116,species,Carduelis carduelis,European Goldfinch,0.9984225034713745,0.9984225034713745,species,0,,,
carduelis_carduelis,884098,Carduelis carduelis,/Users/justyna-przy/Projects/ISE/FYP/src/bird_data/raw/carduelis_carduelis/XC884098.mp3,13.0,16.0,-26.677218499604965,-31.355193449985116,species,Carduelis carduelis,European Goldfinch,0.9781533479690552,0.9781533479690552,species,0,,,
carduelis_carduelis,884098,Carduelis carduelis,/Users/justyna-przy/Projects/ISE/FYP/src/bird_data/raw/carduelis_carduelis/XC884098.mp3,16.0,19.0,-28.85071911067981,-31.355193449985116,drop,Spinus magellanicus,Hooded Siskin,0.17180225253105164,0.17180225253105164,drop,0,,,
carduelis_carduelis,884098,Carduelis carduelis,/Users/justyna-przy/Projects/ISE/FYP/src/bird_data/raw/carduelis_carduelis/XC884098.mp3,22.0,25.0,-29.8300843301803,-31.355193449985116,species,Carduelis carduelis,European Goldfinch,0.9928064346313477,0.9928064346313477,species,0,,,
carduelis_carduelis,884098,Carduelis carduelis,/Users/justyna-przy/Projects/ISE/FYP/src/bird_data/raw/carduelis_carduelis/XC884098.mp3,25.0,28.0,-28.311516407756677,-31.355193449985116,species,Carduelis carduelis,European Goldfinch,0.9751326441764832,0.9751326441764832,species,0,,,
carduelis_carduelis,884098,Carduelis carduelis,/Users/justyna-przy/Projects/ISE/FYP/src/bird_data/raw/carduelis_carduelis/XC884098.mp3,31.0,34.0,-30.65656953670027,-31.355193449985116,species,Carduelis carduelis,European Goldfinch,0.9965302348136902,0.9965302348136902,species,0,,,
carduelis_carduelis,884098,Carduelis carduelis,/Users/justyna-przy/Projects/ISE/FYP/src/bird_data/raw/carduelis_carduelis/XC884098.mp3,40.0,43.0,-27.897255788469906,-31.355193449985116,species,Carduelis carduelis,European Goldfinch,0.36989840865135193,0.36989840865135193,species,1,rand_species,/Users/justyna-przy/Projects/ISE/FYP/src/bird_data/clips/species/carduelis_carduelis/XC884098__s40000__e43000.wav,
carduelis_carduelis,884098,Carduelis carduelis,/Users/justyna-przy/Projects/ISE/FYP/src/bird_data/raw/carduelis_carduelis/XC884098.mp3,46.0,49.0,-29.69924269060991,-31.355193449985116,species,Carduelis carduelis,European Goldfinch,0.9714877009391785,0.9714877009391785,species,1,rand_species,/Users/justyna-przy/Projects/ISE/FYP/src/bird_data/clips/species/carduelis_carduelis/XC884098__s46000__e49000.wav,
carduelis_carduelis,884098,Carduelis carduelis,/Users/justyna-przy/Projects/ISE/FYP/src/bird_data/raw/carduelis_carduelis/XC884098.mp3,49.0,52.0,-28.319258711993214,-31.355193449985116,species,Carduelis carduelis,European Goldfinch,0.9831075668334961,0.9831075668334961,species,1,rand_species,/Users/justyna-przy/Projects/ISE/FYP/src/bird_data/clips/species/carduelis_carduelis/XC884098__s49000__e52000.wav,
carduelis_carduelis,884098,Carduelis carduelis,/Users/justyna-przy/Projects/ISE/FYP/src/bird_data/raw/carduelis_carduelis/XC884098.mp3,52.0,55.0,-28.08722868817956,-31.355193449985116,species,Carduelis carduelis,European Goldfinch,0.39212310314178467,0.39212310314178467,species,0,,,
carduelis_carduelis,881810,Carduelis carduelis,/Users/justyna-przy/Projects/ISE/FYP/src/bird_data/raw/carduelis_carduelis/XC881810.mp3,19.0,22.0,-46.25472711867214,-40.0,species,Carduelis carduelis,European Goldfinch,0.9141281247138977,0.9141281247138977,species,1,rand_species,/Users/justyna-przy/Projects/ISE/FYP/src/bird_data/clips/species/carduelis_carduelis/XC881810__s19000__e22000.wav,
carduelis_carduelis,881808,Carduelis carduelis,/Users/justyna-przy/Projects/ISE/FYP/src/bird_data/raw/carduelis_carduelis/XC881808.mp3,22.0,25.0,-41.99627997248597,-40.0,drop,Carduelis carduelis,European Goldfinch,0.11295230686664581,0.11295230686664581,drop,0,,,
carduelis_carduelis,881806,Carduelis carduelis,/Users/justyna-przy/Projects/ISE/FYP/src/bird_data/raw/carduelis_carduelis/XC881806.mp3,1.0,4.0,-37.760478755349226,-38.518300003649216,species,Carduelis carduelis,European Goldfinch,0.632413387298584,0.632413387298584,species,1,rand_species,/Users/justyna-przy/Projects/ISE/FYP/src/bird_data/clips/species/carduelis_carduelis/XC881806__s1000__e4000.wav,
carduelis_carduelis,881806,Carduelis carduelis,/Users/justyna-przy/Projects/ISE/FYP/src/bird_data/raw/carduelis_carduelis/XC881806.mp3,4.0,7.0,-37.475021646174355,-38.518300003649216,species,Carduelis carduelis,European Goldfinch,0.8304893970489502,0.8304893970489502,species,1,rand_species,/Users/justyna-przy/Projects/ISE/FYP/src/bird_data/clips/species/carduelis_carduelis/XC881806__s4000__e7000.wav,
carduelis_carduelis,881806,Carduelis carduelis,/Users/justyna-przy/Projects/ISE/FYP/src/bird_data/raw/carduelis_carduelis/XC881806.mp3,7.0,10.0,-38.34439218236608,-38.518300003649216,species,Carduelis carduelis,European Goldfinch,0.8166964054107666,0.8166964054107666,species,1,rand_species,/Users/justyna-przy/Projects/ISE/FYP/src/bird_data/clips/species/carduelis_carduelis/XC881806__s7000__e10000.wav,
carduelis_carduelis,880617,Carduelis carduelis,/Users/justyna-przy/Projects/ISE/FYP/src/bird_data/raw/carduelis_carduelis/XC880617.mp3,1.0,4.0,-25.451961031239865,-29.334276571836785,species,Carduelis carduelis,European Goldfinch,0.9982574582099915,0.9982574582099915,species,0,,,
carduelis_carduelis,880617,Carduelis carduelis,/Users/justyna-przy/Projects/ISE/FYP/src/bird_data/raw/carduelis_carduelis/XC880617.mp3,7.0,10.0,-22.805569681917248,-29.334276571836785,species,Carduelis carduelis,European Goldfinch,0.995294988155365,0.995294988155365,species,0,,,
carduelis_carduelis,880617,Carduelis carduelis,/Users/justyna-przy/Projects/ISE/FYP/src/bird_data/raw/carduelis_carduelis/XC880617.mp3,10.0,13.0,-27.161278626716673,-29.334276571836785,species,Carduelis carduelis,European Goldfinch,0.8286657929420471,0.8286657929420471,species,0,,,
carduelis_carduelis,880617,Carduelis carduelis,/Users/justyna-przy/Projects/ISE/FYP/src/bird_data/raw/carduelis_carduelis/XC880617.mp3,13.0,16.0,-26.585700413019637,-29.334276571836785,species,Carduelis carduelis,European Goldfinch,0.9912880063056946,0.9912880063056946,species,1,rand_species,/Users/justyna-przy/Projects/ISE/FYP/src/bird_data/clips/species/carduelis_carduelis/XC880617__s13000__e16000.wav,
carduelis_carduelis,880617,Carduelis carduelis,/Users/justyna-przy/Projects/ISE/FYP/src/bird_data/raw/carduelis_carduelis/XC880617.mp3,19.0,22.0,-27.486138978417056,-29.334276571836785,species,Carduelis carduelis,European Goldfinch,0.9938424825668335,0.9938424825668335,species,1,rand_species,/Users/justyna-przy/Projects/ISE/FYP/src/bird_data/clips/species/carduelis_carduelis/XC880617__s19000__e22000.wav,
carduelis_carduelis,880617,Carduelis carduelis,/Users/justyna-przy/Projects/ISE/FYP/src/bird_data/raw/carduelis_carduelis/XC880617.mp3,25.0,28.0,-26.504861886549605,-29.334276571836785,species,Carduelis carduelis,European Goldfinch,0.9967177510261536,0.9967177510261536,species,0,,,
carduelis_carduelis,880617,Carduelis carduelis,/Users/justyna-przy/Projects/ISE/FYP/src/bird_data/raw/carduelis_carduelis/XC880617.mp3,28.0,31.0,-28.454206381969907,-29.334276571836785,species,Carduelis carduelis,European Goldfinch,0.9855631589889526,0.9855631589889526,species,0,,,
carduelis_carduelis,880617,Carduelis carduelis,/Users/justyna-przy/Projects/ISE/FYP/src/bird_data/raw/carduelis_carduelis/XC880617.mp3,31.0,34.0,-26.19534036184007,-29.334276571836785,species,Carduelis carduelis,European Goldfinch,0.9880532622337341,0.9880532622337341,species,0,,,
carduelis_carduelis,880617,Carduelis carduelis,/Users/justyna-przy/Projects/ISE/FYP/src/bird_data/raw/carduelis_carduelis/XC880617.mp3,34.0,37.0,-29.19947689170605,-29.334276571836785,species,Carduelis carduelis,European Goldfinch,0.9830432534217834,0.9830432534217834,species,0,,,
carduelis_carduelis,880617,Carduelis carduelis,/Users/justyna-przy/Projects/ISE/FYP/src/bird_data/raw/carduelis_carduelis/XC880617.mp3,43.0,46.0,-25.475688002247402,-29.334276571836785,species,Carduelis carduelis,European Goldfinch,0.6860166788101196,0.6860166788101196,species,0,,,
carduelis_carduelis,880617,Carduelis carduelis,/Users/justyna-przy/Projects/ISE/FYP/src/bird_data/raw/carduelis_carduelis/XC880617.mp3,49.0,52.0,-28.06195776482268,-29.334276571836785,drop,Carduelis carduelis,European Goldfinch,0.24942542612552643,0.24942542612552643,drop,0,,,
carduelis_carduelis,880617,Carduelis carduelis,/Users/justyna-przy/Projects/ISE/FYP/src/bird_data/raw/carduelis_carduelis/XC880617.mp3,52.0,55.0,-29.240065324381955,-29.334276571836785,species,Carduelis carduelis,European Goldfinch,0.9927235245704651,0.9927235245704651,species,1,rand_species,/Users/justyna-przy/Projects/ISE/FYP/src/bird_data/clips/species/carduelis_carduelis/XC880617__s52000__e55000.wav,
carduelis_carduelis,877910,Carduelis carduelis,/Users/justyna-przy/Projects/ISE/FYP/src/bird_data/raw/carduelis_carduelis/XC877910.mp3,4.0,7.0,-37.930598402896514,-38.95851649392127,species,Carduelis carduelis,European Goldfinch,0.9275112152099609,0.9275112152099609,species,1,rand_species,/Users/justyna-przy/Projects/ISE/FYP/src/bird_data/clips/species/carduelis_carduelis/XC877910__s4000__e7000.wav,
carduelis_carduelis,877910,Carduelis carduelis,/Users/justyna-przy/Projects/ISE/FYP/src/bird_data/raw/carduelis_carduelis/XC877910.mp3,7.0,10.0,-37.552180635084454,-38.95851649392127,species,Carduelis carduelis,European Goldfinch,0.9613094329833984,0.9613094329833984,species,1,rand_species,/Users/justyna-przy/Projects/ISE/FYP/src/bird_data/clips/species/carduelis_carduelis/XC877910__s7000__e10000.wav,
carduelis_carduelis,877910,Carduelis carduelis,/Users/justyna-przy/Projects/ISE/FYP/src/bird_data/raw/carduelis_carduelis/XC877910.mp3,10.0,13.0,-36.83379630982672,-38.95851649392127,species,Carduelis carduelis,European Goldfinch,0.963753879070282,0.963753879070282,species,0,,,
carduelis_carduelis,877910,Carduelis carduelis,/Users/justyna-przy/Projects/ISE/FYP/src/bird_data/raw/carduelis_carduelis/XC877910.mp3,13.0,16.0,-36.12814204600421,-38.95851649392127,drop,Turdus philomelos,Song Thrush,0.22252635657787323,0.22252635657787323,drop,0,,,
carduelis_carduelis,877910,Carduelis carduelis,/Users/justyna-przy/Projects/ISE/FYP/src/bird_data/raw/carduelis_carduelis/XC877910.mp3,16.0,19.0,-37.39241837884387,-38.95851649392127,species,Carduelis carduelis,European Goldfinch,0.8724771738052368,0.8724771738052368,species,0,,,
carduelis_carduelis,877910,Carduelis carduelis,/Users/justyna-przy/Projects/ISE/FYP/src/bird_data/raw/carduelis_carduelis/XC877910.mp3,19.0,22.0,-38.26213207895996,-38.95851649392127,species,Carduelis carduelis,European Goldfinch,0.9536667466163635,0.9536667466163635,species,0,,,
carduelis_carduelis,877910,Carduelis carduelis,/Users/justyna-przy/Projects/ISE/FYP/src/bird_data/raw/carduelis_carduelis/XC877910.mp3,25.0,28.0,-36.95275481747689,-38.95851649392127,species,Carduelis carduelis,European Goldfinch,0.4078967273235321,0.4078967273235321,species,0,,,
carduelis_carduelis,877910,Carduelis carduelis,/Users/justyna-przy/Projects/ISE/FYP/src/bird_data/raw/carduelis_carduelis/XC877910.mp3,31.0,34.0,-37.350061879321146,-38.95851649392127,drop,Turdus philomelos,Song Thrush,0.27381736040115356,0.27381736040115356,drop,0,,,
carduelis_carduelis,877910,Carduelis carduelis,/Users/justyna-przy/Projects/ISE/FYP/src/bird_data/raw/carduelis_carduelis/XC877910.mp3,34.0,37.0,-36.69703887005668,-38.95851649392127,drop,Carduelis carduelis,European Goldfinch,0.2019476443529129,0.2019476443529129,drop,0,,,
carduelis_carduelis,877910,Carduelis carduelis,/Users/justyna-przy/Projects/ISE/FYP/src/bird_data/raw/carduelis_carduelis/XC877910.mp3,37.0,40.0,-38.90922649270564,-38.95851649392127,species,Carduelis carduelis,European Goldfinch,0.9692069292068481,0.9692069292068481,species,1,rand_species,/Users/justyna-przy/Projects/ISE/FYP/src/bird_data/clips/species/carduelis_carduelis/XC877910__s37000__e40000.wav,
carduelis_carduelis,877910,Carduelis carduelis,/Users/justyna-przy/Projects/ISE/FYP/src/bird_data/raw/carduelis_carduelis/XC877910.mp3,46.0,49.0,-38.33681479738096,-38.95851649392127,drop,Spinus magellanicus,Hooded Siskin,0.10397375375032425,0.10397375375032425,drop,0,,,
carduelis_carduelis,877910,Carduelis carduelis,/Users/justyna-przy/Projects/ISE/FYP/src/bird_data/raw/carduelis_carduelis/XC877910.mp3,49.0,52.0,-38.08266148391492,-38.95851649392127,species,Carduelis carduelis,European Goldfinch,0.34539157152175903,0.34539157152175903,species,0,,,
carduelis_carduelis,864255,Carduelis carduelis,/Users/justyna-przy/Projects/ISE/FYP/src/bird_data/raw/carduelis_carduelis/XC864255.mp3,1.0,4.0,-22.1828233313858,-24.36872607036752,species,Carduelis carduelis,European Goldfinch,0.9503341317176819,0.9503341317176819,species,1,rand_species,/Users/justyna-przy/Projects/ISE/FYP/src/bird_data/clips/species/carduelis_carduelis/XC864255__s1000__e4000.wav,
carduelis_carduelis,864255,Carduelis carduelis,/Users/justyna-przy/Projects/ISE/FYP/src/bird_data/raw/carduelis_carduelis/XC864255.mp3,4.0,7.0,-17.78863768834408,-24.36872607036752,drop,Carduelis carduelis,European Goldfinch,0.21784763038158417,0.21784763038158417,drop,0,,,
carduelis_carduelis,864255,Carduelis carduelis,/Users/justyna-przy/Projects/ISE/FYP/src/bird_data/raw/carduelis_carduelis/XC864255.mp3,13.0,16.0,-23.37268427018943,-24.36872607036752,drop,Carduelis carduelis,European Goldfinch,0.2395097315311432,0.2395097315311432,drop,0,,,
carduelis_carduelis,864255,Carduelis carduelis,/Users/justyna-przy/Projects/ISE/FYP/src/bird_data/raw/carduelis_carduelis/XC864255.mp3,16.0,19.0,-21.57463496705337,-24.36872607036752,species,Carduelis carduelis,European Goldfinch,0.9732522368431091,0.9732522368431091,species,1,rand_species,/Users/justyna-przy/Projects/ISE/FYP/src/bird_data/clips/species/carduelis_carduelis/XC864255__s16000__e19000.wav,
carduelis_carduelis,864255,Carduelis carduelis,/Users/justyna-przy/Projects/ISE/FYP/src/bird_data/raw/carduelis_carduelis/XC864255.mp3,19.0,22.0,-22.360449499992846,-24.36872607036752,drop,Carduelis carduelis,European Goldfinch,0.2640627920627594,0.2640627920627594,drop,0,,,
carduelis_carduelis,864255,Carduelis carduelis,/Users/justyna-przy/Projects/ISE/FYP/src/bird_data/raw/carduelis_carduelis/XC864255.mp3,22.0,25.0,-22.950824802206668,-24.36872607036752,species,Carduelis carduelis,European Goldfinch,0.6143516302108765,0.6143516302108765,species,1,rand_species,/Users/justyna-przy/Projects/ISE/FYP/src/bird_data/clips/species/carduelis_carduelis/XC864255__s22000__e25000.wav,
carduelis_carduelis,863146,Carduelis carduelis,/Users/justyna-przy/Projects/ISE/FYP/src/bird_data/raw/carduelis_carduelis/XC863146.mp3,1.0,4.0,-30.71799394297832,-33.49652644093405,species,Carduelis carduelis,European Goldfinch,0.8624996542930603,0.8624996542930603,species,1,rand_species,/Users/justyna-przy/Projects/ISE/FYP/src/bird_data/clips/species/carduelis_carduelis/XC863146__s1000__e4000.wav,
carduelis_carduelis,863146,Carduelis carduelis,/Users/justyna-przy/Projects/ISE/FYP/src/bird_data/raw/carduelis_carduelis/XC863146.mp3,4.0,7.0,-29.113144643619854,-33.49652644093405,species,Carduelis carduelis,European Goldfinch,0.53858482837677,0.53858482837677,species,0,,,
carduelis_carduelis,863146,Carduelis carduelis,/Users/justyna-przy/Projects/ISE/FYP/src/bird_data/raw/carduelis_carduelis/XC863146.mp3,7.0,10.0,-32.97186808458008,-33.49652644093405,species,Carduelis carduelis,European Goldfinch,0.8619392514228821,0.8619392514228821,species,0,,,
carduelis_carduelis,863146,Carduelis carduelis,/Users/justyna-przy/Projects/ISE/FYP/src/bird_data/raw/carduelis_carduelis/XC863146.mp3,13.0,16.0,-28.874981340305116,-33.49652644093405,species,Carduelis carduelis,European Goldfinch,0.7060840725898743,0.7060840725898743,species,0,,,
carduelis_carduelis,863146,Carduelis carduelis,/Users/justyna-przy/Projects/ISE/FYP/src/bird_data/raw/carduelis_carduelis/XC863146.mp3,16.0,19.0,-24.70609017478143,-33.49652644093405,species,Carduelis carduelis,European Goldfinch,0.9828525185585022,0.9828525185585022,species,1,rand_species,/Users/justyna-przy/Projects/ISE/FYP/src/bird_data/clips/species/carduelis_carduelis/XC863146__s16000__e19000.wav,
carduelis_carduelis,863146,Carduelis carduelis,/Users/justyna-przy/Projects/ISE/FYP/src/bird_data/raw/carduelis_carduelis/XC863146.mp3,19.0,22.0,-32.95184195107832,-33.49652644093405,species,Carduelis carduelis,European Goldfinch,0.9915008544921875,0.9915008544921875,species,0,,,
carduelis_carduelis,863146,Carduelis carduelis,/Users/justyna-przy/Projects/ISE/FYP/src/bird_data/raw/carduelis_carduelis/XC863146.mp3,25.0,28.0,-29.002688287932248,-33.49652644093405,species,Carduelis carduelis,European Goldfinch,0.9535102844238281,0.9535102844238281,species,0,,,
carduelis_carduelis,863146,Carduelis carduelis,/Users/justyna-przy/Projects/ISE/FYP/src/bird_data/raw/carduelis_carduelis/XC863146.mp3,34.0,37.0,-28.8211938425597,-33.49652644093405,species,Carduelis carduelis,European Goldfinch,0.9603842496871948,0.9603842496871948,species,1,rand_species,/Users/justyna-przy/Projects/ISE/FYP/src/bird_data/clips/species/carduelis_carduelis/XC863146__s34000__e37000.wav,
carduelis_carduelis,863146,Carduelis carduelis,/Users/justyna-przy/Projects/ISE/FYP/src/bird_data/raw/carduelis_carduelis/XC863146.mp3,37.0,40.0,-30.386951588445488,-33.49652644093405,species,Carduelis carduelis,European Goldfinch,0.9883750677108765,0.9883750677108765,species,0,,,
carduelis_carduelis,863146,Carduelis carduelis,/Users/justyna-przy/Projects/ISE/FYP/src/bird_data/raw/carduelis_carduelis/XC863146.mp3,40.0,43.0,-33.35300127707078,-33.49652644093405,species,Carduelis carduelis,European Goldfinch,0.5813044905662537,0.5813044905662537,species,0,,,
carduelis_carduelis,860638,Carduelis carduelis,/Users/justyna-przy/Projects/ISE/FYP/src/bird_data/raw/carduelis_carduelis/XC860638.mp3,1.0,4.0,-30.704473060763803,-30.704473060763803,species,Carduelis carduelis,European Goldfinch,0.9957382678985596,0.9957382678985596,species,1,rand_species,/Users/justyna-przy/Projects/ISE/FYP/src/bird_data/clips/species/carduelis_carduelis/XC860638__s1000__e4000.wav,
carduelis_carduelis,858891,Carduelis carduelis,/Users/justyna-przy/Projects/ISE/FYP/src/bird_data/raw/carduelis_carduelis/XC858891.mp3,1.0,4.0,-32.56571860079865,-32.76250919392221,non_bird,,,0.0,0.0,non_bird,1,nonbird_lowconf,/Users/justyna-przy/Projects/ISE/FYP/src/bird_data/clips/non_bird/carduelis_carduelis/XC858891__s1000__e4000.wav,
carduelis_carduelis,858891,Carduelis carduelis,/Users/justyna-przy/Projects/ISE/FYP/src/bird_data/raw/carduelis_carduelis/XC858891.mp3,4.0,7.0,-32.07361299576159,-32.76250919392221,non_bird,,,0.0,0.0,non_bird,1,nonbird_lowconf,/Users/justyna-przy/Projects/ISE/FYP/src/bird_data/clips/non_bird/carduelis_carduelis/XC858891__s4000__e7000.wav,
carduelis_carduelis,858891,Carduelis carduelis,/Users/justyna-przy/Projects/ISE/FYP/src/bird_data/raw/carduelis_carduelis/XC858891.mp3,7.0,10.0,-29.383944729627952,-32.76250919392221,drop,Carduelis carduelis,European Goldfinch,0.22239208221435547,0.22239208221435547,drop,0,,,
carduelis_carduelis,858891,Carduelis carduelis,/Users/justyna-przy/Projects/ISE/FYP/src/bird_data/raw/carduelis_carduelis/XC858891.mp3,10.0,13.0,-30.433488169444665,-32.76250919392221,non_bird,,,0.0,0.0,non_bird,0,,,
carduelis_carduelis,858891,Carduelis carduelis,/Users/justyna-przy/Projects/ISE/FYP/src/bird_data/raw/carduelis_carduelis/XC858891.mp3,13.0,16.0,-29.014601178234074,-32.76250919392221,species,Carduelis carduelis,European Goldfinch,0.4321630597114563,0.4321630597114563,species,1,rand_species,/Users/justyna-przy/Projects/ISE/FYP/src/bird_data/clips/species/carduelis_carduelis/XC858891__s13000__e16000.wav,
carduelis_carduelis,858891,Carduelis carduelis,/Users/justyna-przy/Projects/ISE/FYP/src/bird_data/raw/carduelis_carduelis/XC858891.mp3,16.0,19.0,-32.54537243522829,-32.76250919392221,drop,Carduelis carduelis,European Goldfinch,0.24695497751235962,0.24695497751235962,drop,0,,,
carduelis_carduelis,858891,Carduelis carduelis,/Users/justyna-przy/Projects/ISE/FYP/src/bird_data/raw/carduelis_carduelis/XC858891.mp3,19.0,22.0,-32.74076775983809,-32.76250919392221,drop,Rhipidura albiscapa,Gray Fantail,0.15483632683753967,0.15483632683753967,drop,0,,,
carduelis_carduelis,858891,Carduelis carduelis,/Users/justyna-przy/Projects/ISE/FYP/src/bird_data/raw/carduelis_carduelis/XC858891.mp3,25.0,28.0,-32.62434229466971,-32.76250919392221,non_bird,,,0.0,0.0,non_bird,0,,,
carduelis_carduelis,858891,Carduelis carduelis,/Users/justyna-przy/Projects/ISE/FYP/src/bird_data/raw/carduelis_carduelis/XC858891.mp3,37.0,40.0,-30.928709110043062,-32.76250919392221,species,Carduelis carduelis,European Goldfinch,0.8974378108978271,0.8974378108978271,species,1,rand_species,/Users/justyna-przy/Projects/ISE/FYP/src/bird_data/clips/species/carduelis_carduelis/XC858891__s37000__e40000.wav,
carduelis_carduelis,858213,Carduelis carduelis,/Users/justyna-przy/Projects/ISE/FYP/src/bird_data/raw/carduelis_carduelis/XC858213.mp3,1.0,4.0,-23.564237089626047,-24.96241635280996,species,Carduelis carduelis,European Goldfinch,0.9968769550323486,0.9968769550323486,species,0,,,
carduelis_carduelis,858213,Carduelis carduelis,/Users/justyna-przy/Projects/ISE/FYP/src/bird_data/raw/carduelis_carduelis/XC858213.mp3,4.0,7.0,-22.741201265921536,-24.96241635280996,species,Carduelis carduelis,European Goldfinch,0.9980871677398682,0.9980871677398682,species,0,,,
carduelis_carduelis,858213,Carduelis carduelis,/Users/justyna-przy/Projects/ISE/FYP/src/bird_data/raw/carduelis_carduelis/XC858213.mp3,7.0,10.0,-22.867137558934978,-24.96241635280996,species,Carduelis carduelis,European Goldfinch,0.9981135129928589,0.9981135129928589,species,1,rand_species,/Users/justyna-przy/Projects/ISE/FYP/src/bird_data/clips/species/carduelis_carduelis/XC858213__s7000__e10000.wav,
carduelis_carduelis,858213,Carduelis carduelis,/Users/justyna-przy/Projects/ISE/FYP/src/bird_data/raw/carduelis_carduelis/XC858213.mp3,16.0,19.0,-22.491036193459763,-24.96241635280996,species,Carduelis carduelis,European Goldfinch,0.9984037280082703,0.9984037280082703,species,1,rand_species,/Users/justyna-przy/Projects/ISE/FYP/src/bird_data/clips/species/carduelis_carduelis/XC858213__s16000__e19000.wav,
carduelis_carduelis,858213,Carduelis carduelis,/Users/justyna-przy/Projects/ISE/FYP/src/bird_data/raw/carduelis_carduelis/XC858213.mp3,22.0,25.0,-23.68727885569669,-24.96241635280996,species,Carduelis carduelis,European Goldfinch,0.9995149374008179,0.9995149374008179,species,1,rand_species,/Users/justyna-przy/Projects/ISE/FYP/src/bird_data/clips/species/carduelis_carduelis/XC858213__s22000__e25000.wav,
carduelis_carduelis,858208,Carduelis carduelis,/Users/justyna-przy/Projects/ISE/FYP/src/bird_data/raw/carduelis_carduelis/XC858208.mp3,7.0,10.0,-24.063763111824244,-24.42606400414031,species,Carduelis carduelis,European Goldfinch,0.9767513275146484,0.9767513275146484,species,1,rand_species,/Users/justyna-przy/Projects/ISE/FYP/src/bird_data/clips/species/carduelis_carduelis/XC858208__s7000__e10000.wav,
carduelis_carduelis,858208,Carduelis carduelis,/Users/justyna-przy/Projects/ISE/FYP/src/bird_data/raw/carduelis_carduelis/XC858208.mp3,10.0,13.0,-24.224895896530207,-24.42606400414031,non_bird,,,0.0,0.0,non_bird,1,nonbird_lowconf,/Users/justyna-przy/Projects/ISE/FYP/src/bird_data/clips/non_bird/carduelis_carduelis/XC858208__s10000__e13000.wav,
carduelis_carduelis,858208,Carduelis carduelis,/Users/justyna-przy/Projects/ISE/FYP/src/bird_data/raw/carduelis_carduelis/XC858208.mp3,13.0,16.0,-24.375820187405534,-24.42606400414031,non_bird,,,0.0,0.0,non_bird,1,nonbird_lowconf,/Users/justyna-przy/Projects/ISE/FYP/src/bird_data/clips/non_bird/carduelis_carduelis/XC858208__s13000__e16000.wav,
carduelis_carduelis,858208,Carduelis carduelis,/Users/justyna-przy/Projects/ISE/FYP/src/bird_data/raw/carduelis_carduelis/XC858208.mp3,19.0,22.0,-23.725550609060523,-24.42606400414031,non_bird,,,0.0,0.0,non_bird,0,,,
carduelis_carduelis,858208,Carduelis carduelis,/Users/justyna-przy/Projects/ISE/FYP/src/bird_data/raw/carduelis_carduelis/XC858208.mp3,22.0,25.0,-22.868343972634847,-24.42606400414031,non_bird,,,0.0,0.0,non_bird,0,,,
carduelis_carduelis,858208,Carduelis carduelis,/Users/justyna-przy/Projects/ISE/FYP/src/bird_data/raw/carduelis_carduelis/XC858208.mp3,25.0,28.0,-21.929925729782923,-24.42606400414031,non_bird,,,0.0,0.0,non_bird,0,,,
carduelis_carduelis,858208,Carduelis carduelis,/Users/justyna-przy/Projects/ISE/FYP/src/bird_data/raw/carduelis_carduelis/XC858208.mp3,28.0,31.0,-23.00694687204423,-24.42606400414031,non_bird,,,0.0,0.0,non_bird,0,,,
carduelis_carduelis,858208,Carduelis carduelis,/Users/justyna-przy/Projects/ISE/FYP/src/bird_data/raw/carduelis_carduelis/XC858208.mp3,31.0,34.0,-23.619530972149633,-24.42606400414031,drop,Corvus corone,Carrion Crow,0.1428789496421814,0.1428789496421814,drop,0,,,
carduelis_carduelis,858206,Carduelis carduelis,/Users/justyna-przy/Projects/ISE/FYP/src/bird_data/raw/carduelis_carduelis/XC858206.mp3,1.0,4.0,-26.84395979105339,-28.051755574434154,species,Carduelis carduelis,European Goldfinch,0.5222549438476562,0.5222549438476562,species,0,,,
carduelis_carduelis,858206,Carduelis carduelis,/Users/justyna-przy/Projects/ISE/FYP/src/bird_data/raw/carduelis_carduelis/XC858206.mp3,4.0,7.0,-27.74340480603403,-28.051755574434154,species,Carduelis carduelis,European Goldfinch,0.9960464835166931,0.9960464835166931,species,0,,,
carduelis_carduelis,858206,Carduelis carduelis,/Users/justyna-przy/Projects/ISE/FYP/src/bird_data/raw/carduelis_carduelis/XC858206.mp3,10.0,13.0,-27.317226872467625,-28.051755574434154,species,Carduelis carduelis,European Goldfinch,0.7911286950111389,0.7911286950111389,species,1,rand_species,/Users/justyna-przy/Projects/ISE/FYP/src/bird_data/clips/species/carduelis_carduelis/XC858206__s10000__e13000.wav,
carduelis_carduelis,858206,Carduelis carduelis,/Users/justyna-przy/Projects/ISE/FYP/src/bird_data/raw/carduelis_carduelis/XC858206.mp3,13.0,16.0,-26.678433048393117,-28.051755574434154,species,Carduelis carduelis,European Goldfinch,0.9394965767860413,0.9394965767860413,species,0,,,
carduelis_carduelis,858206,Carduelis carduelis,/Users/justyna-przy/Projects/ISE/FYP/src/bird_data/raw/carduelis_carduelis/XC858206.mp3,16.0,19.0,-27.726586738870633,-28.051755574434154,species,Carduelis carduelis,European Goldfinch,0.9741156697273254,0.9741156697273254,species,1,rand_species,/Users/justyna-przy/Projects/ISE/FYP/src/bird_data/clips/species/carduelis_carduelis/XC858206__s16000__e19000.wav,
carduelis_carduelis,858206,Carduelis carduelis,/Users/justyna-przy/Projects/ISE/FYP/src/bird_data/raw/carduelis_carduelis/XC858206.mp3,19.0,22.0,-28.04367555419951,-28.051755574434154,species,Carduelis carduelis,European Goldfinch,0.6366865038871765,0.6366865038871765,species,0,,,
carduelis_carduelis,858206,Carduelis carduelis,/Users/justyna-przy/Projects/ISE/FYP/src/bird_data/raw/carduelis_carduelis/XC858206.mp3,28.0,31.0,-27.703572968630645,-28.051755574434154,species,Carduelis carduelis,European Goldfinch,0.9934398531913757,0.9934398531913757,species,1,rand_species,/Users/justyna-przy/Projects/ISE/FYP/src/bird_data/clips/species/carduelis_carduelis/XC858206__s28000__e31000.wav,
carduelis_carduelis,857615,Carduelis carduelis,/Users/justyna-przy/Projects/ISE/FYP/src/bird_data/raw/carduelis_carduelis/XC857615.mp3,16.0,19.0,-38.609287771808816,-40.0,species,Carduelis carduelis,European Goldfinch,0.9431656002998352,0.9431656002998352,species,0,,,
carduelis_carduelis,857615,Carduelis carduelis,/Users/justyna-przy/Projects/ISE/FYP/src/bird_data/raw/carduelis_carduelis/XC857615.mp3,19.0,22.0,-31.83997871048448,-40.0,non_bird,,,0.0,0.0,non_bird,1,nonbird_lowconf,/Users/justyna-przy/Projects/ISE/FYP/src/bird_data/clips/non_bird/carduelis_carduelis/XC857615__s19000__e22000.wav,
carduelis_carduelis,857615,Carduelis carduelis,/Users/justyna-przy/Projects/ISE/FYP/src/bird_data/raw/carduelis_carduelis/XC857615.mp3,22.0,25.0,-32.584292261430164,-40.0,species,Carduelis carduelis,European Goldfinch,0.8838117122650146,0.8838117122650146,species,1,rand_species,/Users/justyna-przy/Projects/ISE/FYP/src/bird_data/clips/species/carduelis_carduelis/XC857615__s22000__e25000.wav,
carduelis_carduelis,857615,Carduelis carduelis,/Users/justyna-przy/Projects/ISE/FYP/src/bird_data/raw/carduelis_carduelis/XC857615.mp3,25.0,28.0,-30.584412487431948,-40.0,species,Carduelis carduelis,European Goldfinch,0.9698907136917114,0.9698907136917114,species,0,,,
carduelis_carduelis,857615,Carduelis carduelis,/Users/justyna-przy/Projects/ISE/FYP/src/bird_data/raw/carduelis_carduelis/XC857615.mp3,28.0,31.0,-31.925130675053047,-40.0,species,Carduelis carduelis,European Goldfinch,0.9889784455299377,0.9889784455299377,species,0,,,
carduelis_carduelis,857615,Carduelis carduelis,/Users/justyna-przy/Projects/ISE/FYP/src/bird_data/raw/carduelis_carduelis/XC857615.mp3,31.0,34.0,-30.934970238801075,-40.0,species,Carduelis carduelis,European Goldfinch,0.9916926622390747,0.9916926622390747,species,1,rand_species,/Users/justyna-przy/Projects/ISE/FYP/src/bird_data/clips/species/carduelis_carduelis/XC857615__s31000__e34000.wav,
carduelis_carduelis,857615,Carduelis carduelis,/Users/justyna-przy/Projects/ISE/FYP/src/bird_data/raw/carduelis_carduelis/XC857615.mp3,34.0,37.0,-32.07580556679777,-40.0,species,Carduelis carduelis,European Goldfinch,0.9964379072189331,0.9964379072189331,species,0,,,
carduelis_carduelis,857615,Carduelis carduelis,/Users/justyna-przy/Projects/ISE/FYP/src/bird_data/raw/carduelis_carduelis/XC857615.mp3,37.0,40.0,-31.303447309866435,-40.0,species,Carduelis carduelis,European Goldfinch,0.9953065514564514,0.9953065514564514,species,1,rand_species,/Users/justyna-przy/Projects/ISE/FYP/src/bird_data/clips/species/carduelis_carduelis/XC857615__s37000__e40000.wav,
carduelis_carduelis,857615,Carduelis carduelis,/Users/justyna-przy/Projects/ISE/FYP/src/bird_data/raw/carduelis_carduelis/XC857615.mp3,40.0,43.0,-29.993624970588147,-40.0,species,Carduelis carduelis,European Goldfinch,0.9972654581069946,0.9972654581069946,species,0,,,
carduelis_carduelis,857615,Carduelis carduelis,/Users/justyna-przy/Projects/ISE/FYP/src/bird_data/raw/carduelis_carduelis/XC857615.mp3,43.0,46.0,-38.67840534817398,-40.0,species,Carduelis carduelis,European Goldfinch,0.9428212642669678,0.9428212642669678,species,0,,,
carduelis_carduelis,857284,Carduelis carduelis,/Users/justyna-przy/Projects/ISE/FYP/src/bird_data/raw/carduelis_carduelis/XC857284.mp3,1.0,4.0,-26.955917792191983,-40.0,non_bird,,,0.0,0.0,non_bird,1,nonbird_lowconf,/Users/justyna-przy/Projects/ISE/FYP/src/bird_data/clips/non_bird/carduelis_carduelis/XC857284__s1000__e4000.wav,
carduelis_carduelis,857284,Carduelis carduelis,/Users/justyna-przy/Projects/ISE/FYP/src/bird_data/raw/carduelis_carduelis/XC857284.mp3,4.0,7.0,-34.036405785270986,-40.0,non_bird,,,0.0,0.0,non_bird,1,nonbird_lowconf,/Users/justyna-przy/Projects/ISE/FYP/src/bird_data/clips/non_bird/carduelis_carduelis/XC857284__s4000__e7000.wav,
carduelis_carduelis,846078,Carduelis carduelis,/Users/justyna-przy/Projects/ISE/FYP/src/bird_data/raw/carduelis_carduelis/XC846078.mp3,4.0,7.0,-56.04933325107933,-40.0,non_bird,,,0.0,0.0,non_bird,1,nonbird_lowconf,/Users/justyna-przy/Projects/ISE/FYP/src/bird_data/clips/non_bird/carduelis_carduelis/XC846078__s4000__e7000.wav,
carduelis_carduelis,845905,Carduelis carduelis,/Users/justyna-przy/Projects/ISE/FYP/src/bird_data/raw/carduelis_carduelis/XC845905.mp3,4.0,7.0,-57.395261679920296,-40.0,drop,Aegithalos concinnus,Black-throated Tit,0.2504749596118927,0.2504749596118927,drop,0,,,
carduelis_carduelis,845816,Carduelis carduelis,/Users/justyna-przy/Projects/ISE/FYP/src/bird_data/raw/carduelis_carduelis/XC845816.mp3,4.0,7.0,-28.441656968559855,-28.921997338435773,non_bird,,,0.0,0.0,non_bird,1,nonbird_lowconf,/Users/justyna-przy/Projects/ISE/FYP/src/bird_data/clips/non_bird/carduelis_carduelis/XC845816__s4000__e7000.wav,
carduelis_carduelis,845815,Carduelis carduelis,/Users/justyna-przy/Projects/ISE/FYP/src/bird_data/raw/carduelis_carduelis/XC845815.mp3,1.0,4.0,-25.644615724716083,-25.644615724716083,drop,Carduelis carduelis,European Goldfinch,0.2002856731414795,0.2002856731414795,drop,0,,,
carduelis_carduelis,845466,Carduelis carduelis,/Users/justyna-przy/Projects/ISE/FYP/src/bird_data/raw/carduelis_carduelis/XC845466.mp3,4.0,7.0,-42.48067350708322,-40.0,non_bird,,,0.0,0.0,non_bird,1,nonbird_lowconf,/Users/justyna-przy/Projects/ISE/FYP/src/bird_data/clips/non_bird/carduelis_carduelis/XC845466__s4000__e7000.wav,
carduelis_carduelis,834756,Carduelis carduelis,/Users/justyna-przy/Projects/ISE/FYP/src/bird_data/raw/carduelis_carduelis/XC834756.mp3,4.0,7.0,-37.920808904815175,-40.0,species,Carduelis carduelis,European Goldfinch,0.9702162146568298,0.9702162146568298,species,0,,,
carduelis_carduelis,834756,Carduelis carduelis,/Users/justyna-przy/Projects/ISE/FYP/src/bird_data/raw/carduelis_carduelis/XC834756.mp3,7.0,10.0,-35.42412291319761,-40.0,species,Carduelis carduelis,European Goldfinch,0.7346095442771912,0.7346095442771912,species,1,rand_species,/Users/justyna-przy/Projects/ISE/FYP/src/bird_data/clips/species/carduelis_carduelis/XC834756__s7000__e10000.wav,
carduelis_carduelis,834756,Carduelis carduelis,/Users/justyna-przy/Projects/ISE/FYP/src/bird_data/raw/carduelis_carduelis/XC834756.mp3,10.0,13.0,-38.296483865514126,-40.0,species,Carduelis carduelis,European Goldfinch,0.9862676858901978,0.9862676858901978,species,0,,,
carduelis_carduelis,834756,Carduelis carduelis,/Users/justyna-przy/Projects/ISE/FYP/src/bird_data/raw/carduelis_carduelis/XC834756.mp3,13.0,16.0,-31.710075429173013,-40.0,drop,Brachypteryx cruralis,Himalayan Shortwing,0.4607488811016083,0.4607488811016083,drop,0,,,
carduelis_carduelis,834756,Carduelis carduelis,/Users/justyna-przy/Projects/ISE/FYP/src/bird_data/raw/carduelis_carduelis/XC834756.mp3,19.0,22.0,-31.314890317482025,-40.0,species,Carduelis carduelis,European Goldfinch,0.9936739206314087,0.9936739206314087,species,0,,,
carduelis_carduelis,834756,Carduelis carduelis,/Users/justyna-przy/Projects/ISE/FYP/src/bird_data/raw/carduelis_carduelis/XC834756.mp3,22.0,25.0,-31.593268331480253,-40.0,species,Carduelis carduelis,European Goldfinch,0.9770967364311218,0.9770967364311218,species,0,,,
carduelis_carduelis,834756,Carduelis carduelis,/Users/justyna-przy/Projects/ISE/FYP/src/bird_data/raw/carduelis_carduelis/XC834756.mp3,28.0,31.0,-38.03206996580554,-40.0,species,Carduelis carduelis,European Goldfinch,0.7265708446502686,0.7265708446502686,species,1,rand_species,/Users/justyna-przy/Projects/ISE/FYP/src/bird_data/clips/species/carduelis_carduelis/XC834756__s28000__e31000.wav,
carduelis_carduelis,834756,Carduelis carduelis,/Users/justyna-przy/Projects/ISE/FYP/src/bird_data/raw/carduelis_carduelis/XC834756.mp3,31.0,34.0,-34.570583834861075,-40.0,drop,Brachypteryx goodfellowi,Taiwan Shortwing,0.13477690517902374,0.13477690517902374,drop,0,,,
carduelis_carduelis,834756,Carduelis carduelis,/Users/justyna-przy/Projects/ISE/FYP/src/bird_data/raw/carduelis_carduelis/XC834756.mp3,40.0,43.0,-30.28701120773534,-40.0,species,Carduelis carduelis,European Goldfinch,0.9836888313293457,0.9836888313293457,species,1,rand_species,/Users/justyna-przy/Projects/ISE/FYP/src/bird_data/clips/species/carduelis_carduelis/XC834756__s40000__e43000.wav,
carduelis_carduelis,834756,Carduelis carduelis,/Users/justyna-przy/Projects/ISE/FYP/src/bird_data/raw/carduelis_carduelis/XC834756.mp3,43.0,46.0,-29.954098975028458,-40.0,species,Carduelis carduelis,European Goldfinch,0.6336867213249207,0.6336867213249207,species,0,,,
carduelis_carduelis,834756,Carduelis carduelis,/Users/justyna-przy/Projects/ISE/FYP/src/bird_data/raw/carduelis_carduelis/XC834756.mp3,52.0,55.0,-34.36034415101958,-40.0,species,Carduelis carduelis,European Goldfinch,0.9353761076927185,0.9353761076927185,species,0,,,
carduelis_carduelis,832386,Carduelis carduelis,/Users/justyna-przy/Projects/ISE/FYP/src/bird_data/raw/carduelis_carduelis/XC832386.mp3,10.0,13.0,-38.11684602775354,-38.815500298257845,species,Carduelis carduelis,European Goldfinch,0.9527636170387268,0.9527636170387268,species,0,,,
carduelis_carduelis,832386,Carduelis carduelis,/Users/justyna-przy/Projects/ISE/FYP/src/bird_data/raw/carduelis_carduelis/XC832386.mp3,13.0,16.0,-37.60256346026756,-38.815500298257845,species,Carduelis carduelis,European Goldfinch,0.6695051789283752,0.6695051789283752,species,1,rand_species,/Users/justyna-przy/Projects/ISE/FYP/src/bird_data/clips/species/carduelis_carduelis/XC832386__s13000__e16000.wav,
carduelis_carduelis,832386,Carduelis carduelis,/Users/justyna-przy/Projects/ISE/FYP/src/bird_data/raw/carduelis_carduelis/XC832386.mp3,16.0,19.0,-34.38144492693496,-38.815500298257845,species,Carduelis carduelis,European Goldfinch,0.9640620946884155,0.9640620946884155,species,1,rand_species,/Users/justyna-przy/Projects/ISE/FYP/src/bird_data/clips/species/carduelis_carduelis/XC832386__s16000__e19000.wav,
carduelis_carduelis,832386,Carduelis carduelis,/Users/justyna-przy/Projects/ISE/FYP/src/bird_data/raw/carduelis_carduelis/XC832386.mp3,19.0,22.0,-37.06703821804251,-38.815500298257845,species,Carduelis carduelis,European Goldfinch,0.5094035267829895,0.5094035267829895,species,0,,,
carduelis_carduelis,832386,Carduelis carduelis,/Users/justyna-przy/Projects/ISE/FYP/src/bird_data/raw/carduelis_carduelis/XC832386.mp3,22.0,25.0,-36.390015658205655,-38.815500298257845,species,Carduelis carduelis,European Goldfinch,0.9720067977905273,0.9720067977905273,species,0,,,
carduelis_carduelis,832386,Carduelis carduelis,/Users/justyna-przy/Projects/ISE/FYP/src/bird_data/raw/carduelis_carduelis/XC832386.mp3,25.0,28.0,-33.413104073278376,-38.815500298257845,species,Carduelis carduelis,European Goldfinch,0.8231506943702698,0.8231506943702698,species,1,rand_species,/Users/justyna-przy/Projects/ISE/FYP/src/bird_data/clips/species/carduelis_carduelis/XC832386__s25000__e28000.wav,
carduelis_carduelis,832386,Carduelis carduelis,/Users/justyna-przy/Projects/ISE/FYP/src/bird_data/raw/carduelis_carduelis/XC832386.mp3,28.0,31.0,-38.815500298257845,-38.815500298257845,species,Carduelis carduelis,European Goldfinch,0.9778734445571899,0.9778734445571899,species,0,,,
carduelis_carduelis,832386,Carduelis carduelis,/Users/justyna-przy/Projects/ISE/FYP/src/bird_data/raw/carduelis_carduelis/XC832386.mp3,31.0,34.0,-34.432869639959904,-38.815500298257845,species,Carduelis carduelis,European Goldfinch,0.9199311137199402,0.9199311137199402,species,0,,,
carduelis_carduelis,831705,Carduelis carduelis,/Users/justyna-przy/Projects/ISE/FYP/src/bird_data/raw/carduelis_carduelis/XC831705.mp3,1.0,4.0,-36.015724967061296,-36.015724967061296,species,Carduelis carduelis,European Goldfinch,0.9580947160720825,0.9580947160720825,species,1,rand_species,/Users/justyna-przy/Projects/ISE/FYP/src/bird_data/clips/species/carduelis_carduelis/XC831705__s1000__e4000.wav,
carduelis_carduelis,829003,Carduelis carduelis,/Users/justyna-przy/Projects/ISE/FYP/src/bird_data/raw/carduelis_carduelis/XC829003.mp3,1.0,4.0,-33.65960474082638,-40.0,species,Carduelis carduelis,European Goldfinch,0.9987761378288269,0.9987761378288269,species,0,,,
carduelis_carduelis,829003,Carduelis carduelis,/Users/justyna-przy/Projects/ISE/FYP/src/bird_data/raw/carduelis_carduelis/XC829003.mp3,4.0,7.0,-37.8234549370007,-40.0,species,Carduelis carduelis,European Goldfinch,0.9468215703964233,0.9468215703964233,species,1,rand_species,/Users/justyna-przy/Projects/ISE/FYP/src/bird_data/clips/species/carduelis_carduelis/XC829003__s4000__e7000.wav,
carduelis_carduelis,829003,Carduelis carduelis,/Users/justyna-przy/Projects/ISE/FYP/src/bird_data/raw/carduelis_carduelis/XC829003.mp3,7.0,10.0,-38.21061388134347,-40.0,species,Carduelis carduelis,European Goldfinch,0.9739606380462646,0.9739606380462646,species,0,,,
carduelis_carduelis,829003,Carduelis carduelis,/Users/justyna-przy/Projects/ISE/FYP/src/bird_data/raw/carduelis_carduelis/XC829003.mp3,10.0,13.0,-38.6492743399308,-40.0,species,Carduelis carduelis,European Goldfinch,0.7099682092666626,0.7099682092666626,species,0,,,
carduelis_carduelis,829003,Carduelis carduelis,/Users/justyna-przy/Projects/ISE/FYP/src/bird_data/raw/carduelis_carduelis/XC829003.mp3,13.0,16.0,-35.45434551171268,-40.0,species,Carduelis carduelis,European Goldfinch,0.9771139025688171,0.9771139025688171,species,0,,,
carduelis_carduelis,829003,Carduelis carduelis,/Users/justyna-przy/Projects/ISE/FYP/src/bird_data/raw/carduelis_carduelis/XC829003.mp3,16.0,19.0,-33.5151761171216,-40.0,species,Carduelis carduelis,European Goldfinch,0.9970459342002869,0.9970459342002869,species,0,,,
carduelis_carduelis,829003,Carduelis carduelis,/Users/justyna-przy/Projects/ISE/FYP/src/bird_data/raw/carduelis_carduelis/XC829003.mp3,19.0,22.0,-38.09725078854261,-40.0,species,Carduelis carduelis,European Goldfinch,0.7696436643600464,0.7696436643600464,species,1,rand_species,/Users/justyna-przy/Projects/ISE/FYP/src/bird_data/clips/species/carduelis_carduelis/XC829003__s19000__e22000.wav,
carduelis_carduelis,829003,Carduelis carduelis,/Users/justyna-przy/Projects/ISE/FYP/src/bird_data/raw/carduelis_carduelis/XC829003.mp3,25.0,28.0,-36.95202863760331,-40.0,species,Carduelis carduelis,European Goldfinch,0.9942339062690735,0.9942339062690735,species,0,,,
carduelis_carduelis,829003,Carduelis carduelis,/Users/justyna-przy/Projects/ISE/FYP/src/bird_data/raw/carduelis_carduelis/XC829003.mp3,28.0,31.0,-36.46830991592805,-40.0,species,Carduelis carduelis,European Goldfinch,0.9980615973472595,0.9980615973472595,species,1,rand_species,/Users/justyna-przy/Projects/ISE/FYP/src/bird_data/clips/species/carduelis_carduelis/XC829003__s28000__e31000.wav,
carduelis_carduelis,829003,Carduelis carduelis,/Users/justyna-przy/Projects/ISE/FYP/src/bird_data/raw/carduelis_carduelis/XC829003.mp3,31.0,34.0,-36.26359619681651,-40.0,species,Carduelis carduelis,European Goldfinch,0.9993182420730591,0.9993182420730591,species,0,,,
carduelis_carduelis,829003,Carduelis carduelis,/Users/justyna-przy/Projects/ISE/FYP/src/bird_data/raw/carduelis_carduelis/XC829003.mp3,37.0,40.0,-39.63885383949038,-40.0,species,Carduelis carduelis,European Goldfinch,0.9814597368240356,0.9814597368240356,species,0,,,
carduelis_carduelis,826346,Carduelis carduelis,/Users/justyna-przy/Projects/ISE/FYP/src/bird_data/raw/carduelis_carduelis/XC826346.mp3,1.0,4.0,-49.99072915384935,-40.0,species,Carduelis carduelis,European Goldfinch,0.976289689540863,0.976289689540863,species,1,rand_species,/Users/justyna-przy/Projects/ISE/FYP/src/bird_data/clips/species/carduelis_carduelis/XC826346__s1000__e4000.wav,
carduelis_carduelis,824452,Carduelis carduelis,/Users/justyna-przy/Projects/ISE/FYP/src/bird_data/raw/carduelis_carduelis/XC824452.mp3,4.0,7.0,-30.322891612703803,-32.598533879108,species,Carduelis carduelis,European Goldfinch,0.6022382974624634,0.6022382974624634,species,1,rand_species,/Users/justyna-przy/Projects/ISE/FYP/src/bird_data/clips/species/carduelis_carduelis/XC824452__s4000__e7000.wav,
carduelis_carduelis,824452,Carduelis carduelis,/Users/justyna-przy/Projects/ISE/FYP/src/bird_data/raw/carduelis_carduelis/XC824452.mp3,7.0,10.0,-30.406392671884824,-32.598533879108,species,Carduelis carduelis,European Goldfinch,0.8569667339324951,0.8569667339324951,species,1,rand_species,/Users/justyna-przy/Projects/ISE/FYP/src/bird_data/clips/species/carduelis_carduelis/XC824452__s7000__e10000.wav,
carduelis_carduelis,824452,Carduelis carduelis,/Users/justyna-przy/Projects/ISE/FYP/src/bird_data/raw/carduelis_carduelis/XC824452.mp3,13.0,16.0,-29.47829422381198,-32.598533879108,species,Carduelis carduelis,European Goldfinch,0.45395955443382263,0.45395955443382263,species,1,rand_species,/Users/justyna-przy/Projects/ISE/FYP/src/bird_data/clips/species/carduelis_carduelis/XC824452__s13000__e16000.wav,
carduelis_carduelis,820830,Carduelis carduelis,/Users/justyna-przy/Projects/ISE/FYP/src/bird_data/raw/carduelis_carduelis/XC820830.mp3,1.0,4.0,-29.468687797381286,-34.297378424223936,species,Carduelis carduelis,European Goldfinch,0.683455228805542,0.683455228805542,species,1,rand_species,/Users/justyna-przy/Projects/ISE/FYP/src/bird_data/clips/species/carduelis_carduelis/XC820830__s1000__e4000.wav,
carduelis_carduelis,820830,Carduelis carduelis,/Users/justyna-przy/Projects/ISE/FYP/src/bird_data/raw/carduelis_carduelis/XC820830.mp3,4.0,7.0,-27.959376327774326,-34.297378424223936,drop,Emberiza cirlus,Cirl Bunting,0.2573564648628235,0.2573564648628235,drop,0,,,
carduelis_carduelis,820830,Carduelis carduelis,/Users/justyna-przy/Projects/ISE/FYP/src/bird_data/raw/carduelis_carduelis/XC820830.mp3,10.0,13.0,-29.61877561258715,-34.297378424223936,species,Carduelis carduelis,European Goldfinch,0.7922319173812866,0.7922319173812866,species,1,rand_species,/Users/justyna-przy/Projects/ISE/FYP/src/bird_data/clips/species/carduelis_carduelis/XC820830__s10000__e13000.wav,
carduelis_carduelis,816454,Carduelis carduelis,/Users/justyna-przy/Projects/ISE/FYP/src/bird_data/raw/carduelis_carduelis/XC816454.mp3,1.0,4.0,-23.69576703769384,-40.0,species,Carduelis carduelis,European Goldfinch,0.9808965921401978,0.9808965921401978,species,0,,,
carduelis_carduelis,816454,Carduelis carduelis,/Users/justyna-przy/Projects/ISE/FYP/src/bird_data/raw/carduelis_carduelis/XC816454.mp3,7.0,10.0,-23.757726499914646,-40.0,species,Carduelis carduelis,European Goldfinch,0.9985207915306091,0.9985207915306091,species,0,,,
carduelis_carduelis,816454,Carduelis carduelis,/Users/justyna-przy/Projects/ISE/FYP/src/bird_data/raw/carduelis_carduelis/XC816454.mp3,10.0,13.0,-38.43075218747336,-40.0,non_bird,,,0.0,0.0,non_bird,1,nonbird_lowconf,/Users/justyna-przy/Projects/ISE/FYP/src/bird_data/clips/non_bird/carduelis_carduelis/XC816454__s10000__e13000.wav,
carduelis_carduelis,816454,Carduelis carduelis,/Users/justyna-przy/Projects/ISE/FYP/src/bird_data/raw/carduelis_carduelis/XC816454.mp3,13.0,16.0,-23.858778111171365,-40.0,species,Carduelis carduelis,European Goldfinch,0.9687775373458862,0.9687775373458862,species,1,rand_species,/Users/justyna-przy/Projects/ISE/FYP/src/bird_data/clips/species/carduelis_carduelis/XC816454__s13000__e16000.wav,
carduelis_carduelis,816454,Carduelis carduelis,/Users/justyna-przy/Projects/ISE/FYP/src/bird_data/raw/carduelis_carduelis/XC816454.mp3,16.0,19.0,-34.68019033409406,-40.0,drop,Parkesia motacilla,Louisiana Waterthrush,0.5439811944961548,0.5439811944961548,drop,0,,,
carduelis_carduelis,816454,Carduelis carduelis,/Users/justyna-przy/Projects/ISE/FYP/src/bird_data/raw/carduelis_carduelis/XC816454.mp3,22.0,25.0,-33.161816393786935,-40.0,drop,Larvivora cyane,Siberian Blue Robin,0.554006040096283,0.554006040096283,drop,0,,,
carduelis_carduelis,816454,Carduelis carduelis,/Users/justyna-przy/Projects/ISE/FYP/src/bird_data/raw/carduelis_carduelis/XC816454.mp3,25.0,28.0,-24.746292297386002,-40.0,species,Carduelis carduelis,European Goldfinch,0.9859637022018433,0.9859637022018433,species,0,,,
carduelis_carduelis,816454,Carduelis carduelis,/Users/justyna-przy/Projects/ISE/FYP/src/bird_data/raw/carduelis_carduelis/XC816454.mp3,31.0,34.0,-27.43621854347024,-40.0,species,Carduelis carduelis,European Goldfinch,0.9577147364616394,0.9577147364616394,species,1,rand_species,/Users/justyna-przy/Projects/ISE/FYP/src/bird_data/clips/species/carduelis_carduelis/XC816454__s31000__e34000.wav,
carduelis_carduelis,816454,Carduelis carduelis,/Users/justyna-przy/Projects/ISE/FYP/src/bird_data/raw/carduelis_carduelis/XC816454.mp3,34.0,37.0,-26.608326618634507,-40.0,species,Carduelis carduelis,European Goldfinch,0.9017729163169861,0.9017729163169861,species,0,,,
carduelis_carduelis,816454,Carduelis carduelis,/Users/justyna-przy/Projects/ISE/FYP/src/bird_data/raw/carduelis_carduelis/XC816454.mp3,46.0,49.0,-26.00075303624544,-40.0,species,Carduelis carduelis,European Goldfinch,0.9970671534538269,0.9970671534538269,species,0,,,
carduelis_carduelis,816454,Carduelis carduelis,/Users/justyna-przy/Projects/ISE/FYP/src/bird_data/raw/carduelis_carduelis/XC816454.mp3,55.0,58.0,-37.04490156838857,-40.0,species,Carduelis carduelis,European Goldfinch,0.9974642992019653,0.9974642992019653,species,1,rand_species,/Users/justyna-przy/Projects/ISE/FYP/src/bird_data/clips/species/carduelis_carduelis/XC816454__s55000__e58000.wav,
carduelis_carduelis,814355,Carduelis carduelis,/Users/justyna-przy/Projects/ISE/FYP/src/bird_data/raw/carduelis_carduelis/XC814355.mp3,1.0,4.0,-28.391448538876677,-29.261135930868303,species,Carduelis carduelis,European Goldfinch,0.9954327344894409,0.9954327344894409,species,0,,,
carduelis_carduelis,814355,Carduelis carduelis,/Users/justyna-przy/Projects/ISE/FYP/src/bird_data/raw/carduelis_carduelis/XC814355.mp3,4.0,7.0,-28.49320591994379,-29.261135930868303,species,Carduelis carduelis,European Goldfinch,0.9789168834686279,0.9789168834686279,species,0,,,
carduelis_carduelis,814355,Carduelis carduelis,/Users/justyna-przy/Projects/ISE/FYP/src/bird_data/raw/carduelis_carduelis/XC814355.mp3,7.0,10.0,-28.871293833576676,-29.261135930868303,species,Carduelis carduelis,European Goldfinch,0.9774712920188904,0.9774712920188904,species,1,rand_species,/Users/justyna-przy/Projects/ISE/FYP/src/bird_data/clips/species/carduelis_carduelis/XC814355__s7000__e10000.wav,
carduelis_carduelis,814355,Carduelis carduelis,/Users/justyna-przy/Projects/ISE/FYP/src/bird_data/raw/carduelis_carduelis/XC814355.mp3,16.0,19.0,-29.170774227706133,-29.261135930868303,species,Carduelis carduelis,European Goldfinch,0.9904174208641052,0.9904174208641052,species,1,rand_species,/Users/justyna-przy/Projects/ISE/FYP/src/bird_data/clips/species/carduelis_carduelis/XC814355__s16000__e19000.wav,
carduelis_carduelis,814355,Carduelis carduelis,/Users/justyna-przy/Projects/ISE/FYP/src/bird_data/raw/carduelis_carduelis/XC814355.mp3,19.0,22.0,-28.32461139151476,-29.261135930868303,species,Carduelis carduelis,European Goldfinch,0.9516664743423462,0.9516664743423462,species,1,rand_species,/Users/justyna-przy/Projects/ISE/FYP/src/bird_data/clips/species/carduelis_carduelis/XC814355__s19000__e22000.wav,
carduelis_carduelis,814053,Carduelis carduelis,/Users/justyna-przy/Projects/ISE/FYP/src/bird_data/raw/carduelis_carduelis/XC814053.mp3,1.0,4.0,-28.33308406991021,-40.0,species,Carduelis carduelis,European Goldfinch,0.9988399147987366,0.9988399147987366,species,1,rand_species,/Users/justyna-przy/Projects/ISE/FYP/src/bird_data/clips/species/carduelis_carduelis/XC814053__s1000__e4000.wav,
carduelis_carduelis,814053,Carduelis carduelis,/Users/justyna-przy/Projects/ISE/FYP/src/bird_data/raw/carduelis_carduelis/XC814053.mp3,7.0,10.0,-35.63018087762047,-40.0,species,Carduelis carduelis,European Goldfinch,0.9906299710273743,0.9906299710273743,species,1,rand_species,/Users/justyna-przy/Projects/ISE/FYP/src/bird_data/clips/species/carduelis_carduelis/XC814053__s7000__e10000.wav,
carduelis_carduelis,814053,Carduelis carduelis,/Users/justyna-przy/Projects/ISE/FYP/src/bird_data/raw/carduelis_carduelis/XC814053.mp3,10.0,13.0,-31.83678160922281,-40.0,species,Carduelis carduelis,European Goldfinch,0.9981743097305298,0.9981743097305298,species,1,rand_species,/Users/justyna-przy/Projects/ISE/FYP/src/bird_data/clips/species/carduelis_carduelis/XC814053__s10000__e13000.wav,
carduelis_carduelis,814053,Carduelis carduelis,/Users/justyna-przy/Projects/ISE/FYP/src/bird_data/raw/carduelis_carduelis/XC814053.mp3,16.0,19.0,-31.445387820222216,-40.0,species,Carduelis carduelis,European Goldfinch,0.9968569278717041,0.9968569278717041,species,0,,,
carduelis_carduelis,809732,Carduelis carduelis,/Users/justyna-przy/Projects/ISE/FYP/src/bird_data/raw/carduelis_carduelis/XC809732.mp3,1.0,4.0,-36.46348523222888,-40.0,species,Carduelis carduelis,European Goldfinch,0.6826562285423279,0.6826562285423279,species,0,,,
carduelis_carduelis,809732,Carduelis carduelis,/Users/justyna-przy/Projects/ISE/FYP/src/bird_data/raw/carduelis_carduelis/XC809732.mp3,10.0,13.0,-35.15500485106581,-40.0,species,Carduelis carduelis,European Goldfinch,0.9024600386619568,0.9024600386619568,species,0,,,
carduelis_carduelis,809732,Carduelis carduelis,/Users/justyna-przy/Projects/ISE/FYP/src/bird_data/raw/carduelis_carduelis/XC809732.mp3,13.0,16.0,-35.27836380554761,-40.0,species,Carduelis carduelis,European Goldfinch,0.9813464283943176,0.9813464283943176,species,1,rand_species,/Users/justyna-przy/Projects/ISE/FYP/src/bird_data/clips/species/carduelis_carduelis/XC809732__s13000__e16000.wav,
carduelis_carduelis,809732,Carduelis carduelis,/Users/justyna-przy/Projects/ISE/FYP/src/bird_data/raw/carduelis_carduelis/XC809732.mp3,16.0,19.0,-35.72012230152476,-40.0,drop,Branta leucopsis,Barnacle Goose,0.9924275279045105,0.9924275279045105,drop,0,,,
carduelis_carduelis,809732,Carduelis carduelis,/Users/justyna-przy/Projects/ISE/FYP/src/bird_data/raw/carduelis_carduelis/XC809732.mp3,22.0,25.0,-39.492394094458234,-40.0,species,Carduelis carduelis,European Goldfinch,0.9933257102966309,0.9933257102966309,species,1,rand_species,/Users/justyna-przy/Projects/ISE/FYP/src/bird_data/clips/species/carduelis_carduelis/XC809732__s22000__e25000.wav,
carduelis_carduelis,809732,Carduelis carduelis,/Users/justyna-przy/Projects/ISE/FYP/src/bird_data/raw/carduelis_carduelis/XC809732.mp3,28.0,31.0,-35.23275998573525,-40.0,species,Carduelis carduelis,European Goldfinch,0.9690970778465271,0.9690970778465271,species,0,,,
carduelis_carduelis,809732,Carduelis carduelis,/Users/justyna-przy/Projects/ISE/FYP/src/bird_data/raw/carduelis_carduelis/XC809732.mp3,31.0,34.0,-34.991967327757635,-40.0,species,Carduelis carduelis,European Goldfinch,0.9557856917381287,0.9557856917381287,species,1,rand_species,/Users/justyna-przy/Projects/ISE/FYP/src/bird_data/clips/species/carduelis_carduelis/XC809732__s31000__e34000.wav,
carduelis_carduelis,809732,Carduelis carduelis,/Users/justyna-przy/Projects/ISE/FYP/src/bird_data/raw/carduelis_carduelis/XC809732.mp3,34.0,37.0,-33.960823475181265,-40.0,species,Carduelis carduelis,European Goldfinch,0.6593496203422546,0.6593496203422546,species,0,,,
carduelis_carduelis,809256,Carduelis carduelis,/Users/justyna-przy/Projects/ISE/FYP/src/bird_data/raw/carduelis_carduelis/XC809256.mp3,4.0,7.0,-31.636731689643796,-33.76183981258671,species,Carduelis carduelis,European Goldfinch,0.9747188687324524,0.9747188687324524,species,1,rand_species,/Users/justyna-przy/Projects/ISE/FYP/src/bird_data/clips/species/carduelis_carduelis/XC809256__s4000__e7000.wav,
carduelis_carduelis,809256,Carduelis carduelis,/Users/justyna-przy/Projects/ISE/FYP/src/bird_data/raw/carduelis_carduelis/XC809256.mp3,7.0,10.0,-30.712708576133167,-33.76183981258671,species,Carduelis carduelis,European Goldfinch,0.9688055515289307,0.9688055515289307,species,0,,,
carduelis_carduelis,809256,Carduelis carduelis,/Users/justyna-przy/Projects/ISE/FYP/src/bird_data/raw/carduelis_carduelis/XC809256.mp3,10.0,13.0,-32.758725319778556,-33.76183981258671,species,Carduelis carduelis,European Goldfinch,0.9885712265968323,0.9885712265968323,species,1,rand_species,/Users/justyna-przy/Projects/ISE/FYP/src/bird_data/clips/species/carduelis_carduelis/XC809256__s10000__e13000.wav,
carduelis_carduelis,809256,Carduelis carduelis,/Users/justyna-przy/Projects/ISE/FYP/src/bird_data/raw/carduelis_carduelis/XC809256.mp3,13.0,16.0,-33.24532562079649,-33.76183981258671,species,Carduelis carduelis,European Goldfinch,0.9823136925697327,0.9823136925697327,species,0,,,
carduelis_carduelis,809256,Carduelis carduelis,/Users/justyna-przy/Projects/ISE/FYP/src/bird_data/raw/carduelis_carduelis/XC809256.mp3,19.0,22.0,-32.09080264139709,-33.76183981258671,species,Carduelis carduelis,European Goldfinch,0.5894002318382263,0.5894002318382263,species,1,rand_species,/Users/justyna-przy/Projects/ISE/FYP/src/bird_data/clips/species/carduelis_carduelis/XC809256__s19000__e22000.wav,
carduelis_carduelis,808916,Carduelis carduelis,/Users/justyna-przy/Projects/ISE/FYP/src/bird_data/raw/carduelis_carduelis/XC808916.mp3,1.0,4.0,-36.43950984635694,-36.43950984635694,species,Carduelis carduelis,European Goldfinch,0.9779928922653198,0.9779928922653198,species,1,rand_species,/Users/justyna-przy/Projects/ISE/FYP/src/bird_data/clips/species/carduelis_carduelis/XC808916__s1000__e4000.wav,
carduelis_carduelis,806673,Carduelis carduelis,/Users/justyna-przy/Projects/ISE/FYP/src/bird_data/raw/carduelis_carduelis/XC806673.mp3,1.0,4.0,-30.970138635538294,-32.322840803848464,non_bird,,,0.0,0.0,non_bird,1,nonbird_lowconf,/Users/justyna-przy/Projects/ISE/FYP/src/bird_data/clips/non_bird/carduelis_carduelis/XC806673__s1000__e4000.wav,
carduelis_carduelis,806673,Carduelis carduelis,/Users/justyna-przy/Projects/ISE/FYP/src/bird_data/raw/carduelis_carduelis/XC806673.mp3,4.0,7.0,-28.996680532694693,-32.322840803848464,drop,Lanius cristatus,Brown Shrike,0.14187222719192505,0.14187222719192505,drop,0,,,
carduelis_carduelis,806673,Carduelis carduelis,/Users/justyna-przy/Projects/ISE/FYP/src/bird_data/raw/carduelis_carduelis/XC806673.mp3,10.0,13.0,-31.42249714401899,-32.322840803848464,non_bird,,,0.0,0.0,non_bird,1,nonbird_lowconf,/Users/justyna-przy/Projects/ISE/FYP/src/bird_data/clips/non_bird/carduelis_carduelis/XC806673__s10000__e13000.wav,
carduelis_carduelis,806673,Carduelis carduelis,/Users/justyna-przy/Projects/ISE/FYP/src/bird_data/raw/carduelis_carduelis/XC806673.mp3,13.0,16.0,-31.791496360591452,-32.322840803848464,drop,Lanius cristatus,Brown Shrike,0.5288625359535217,0.5288625359535217,drop,0,,,
carduelis_carduelis,806673,Carduelis carduelis,/Users/justyna-przy/Projects/ISE/FYP/src/bird_data/raw/carduelis_carduelis/XC806673.mp3,22.0,25.0,-29.26333368141302,-32.322840803848464,drop,Lanius cristatus,Brown Shrike,0.7712644338607788,0.7712644338607788,drop,0,,,
carduelis_carduelis,806673,Carduelis carduelis,/Users/justyna-przy/Projects/ISE/FYP/src/bird_data/raw/carduelis_carduelis/XC806673.mp3,25.0,28.0,-32.18082985901587,-32.322840803848464,drop,Lanius cristatus,Brown Shrike,0.8454967737197876,0.8454967737197876,drop,0,,,
carduelis_carduelis,805605,Carduelis carduelis,/Users/justyna-przy/Projects/ISE/FYP/src/bird_data/raw/carduelis_carduelis/XC805605.mp3,16.0,19.0,-42.9747570805138,-40.0,drop,Zonotrichia capensis,Rufous-collared Sparrow,0.15081064403057098,0.15081064403057098,drop,0,,,
carduelis_carduelis,805452,Carduelis carduelis,/Users/justyna-przy/Projects/ISE/FYP/src/bird_data/raw/carduelis_carduelis/XC805452.mp3,1.0,4.0,-37.38513158166735,-39.2872498366271,species,Carduelis carduelis,European Goldfinch,0.9878116250038147,0.9878116250038147,species,1,rand_species,/Users/justyna-przy/Projects/ISE/FYP/src/bird_data/clips/species/carduelis_carduelis/XC805452__s1000__e4000.wav,
carduelis_carduelis,805452,Carduelis carduelis,/Users/justyna-przy/Projects/ISE/FYP/src/bird_data/raw/carduelis_carduelis/XC805452.mp3,4.0,7.0,-38.45034176584364,-39.2872498366271,species,Carduelis carduelis,European Goldfinch,0.8409688472747803,0.8409688472747803,species,1,rand_species,/Users/justyna-przy/Projects/ISE/FYP/src/bird_data/clips/species/carduelis_carduelis/XC805452__s4000__e7000.wav,
carduelis_carduelis,805452,Carduelis carduelis,/Users/justyna-przy/Projects/ISE/FYP/src/bird_data/raw/carduelis_carduelis/XC805452.mp3,7.0,10.0,-37.74205271004468,-39.2872498366271,species,Carduelis carduelis,European Goldfinch,0.89883953332901,0.89883953332901,species,1,rand_species,/Users/justyna-przy/Projects/ISE/FYP/src/bird_data/clips/species/carduelis_carduelis/XC805452__s7000__e10000.wav,
carduelis_carduelis,805452,Carduelis carduelis,/Users/justyna-przy/Projects/ISE/FYP/src/bird_data/raw/carduelis_carduelis/XC805452.mp3,13.0,16.0,-38.17478113761204,-39.2872498366271,species,Carduelis carduelis,European Goldfinch,0.9806200265884399,0.9806200265884399,species,0,,,
carduelis_carduelis,803680,Carduelis carduelis,/Users/justyna-przy/Projects/ISE/FYP/src/bird_data/raw/carduelis_carduelis/XC803680.mp3,10.0,13.0,-36.56291592354076,-40.0,species,Carduelis carduelis,European Goldfinch,0.9566509127616882,0.9566509127616882,species,1,rand_species,/Users/justyna-przy/Projects/ISE/FYP/src/bird_data/clips/species/carduelis_carduelis/XC803680__s10000__e13000.wav,
carduelis_carduelis,801844,Carduelis carduelis,/Users/justyna-przy/Projects/ISE/FYP/src/bird_data/raw/carduelis_carduelis/XC801844.mp3,22.0,25.0,-41.774783305517964,-40.0,species,Carduelis carduelis,European Goldfinch,0.9943751096725464,0.9943751096725464,species,1,rand_species,/Users/justyna-przy/Projects/ISE/FYP/src/bird_data/clips/species/carduelis_carduelis/XC801844__s22000__e25000.wav,
carduelis_carduelis,799990,Carduelis carduelis,/Users/justyna-przy/Projects/ISE/FYP/src/bird_data/raw/carduelis_carduelis/XC799990.mp3,4.0,7.0,-38.38664352854958,-39.24368662460275,drop,Phoenicurus phoenicurus,Common Redstart,0.13549281656742096,0.13549281656742096,drop,0,,,
carduelis_carduelis,798438,Carduelis carduelis,/Users/justyna-przy/Projects/ISE/FYP/src/bird_data/raw/carduelis_carduelis/XC798438.mp3,1.0,4.0,-20.989607975280027,-25.271545126081804,species,Carduelis carduelis,European Goldfinch,0.9960210919380188,0.9960210919380188,species,0,,,
carduelis_carduelis,798438,Carduelis carduelis,/Users/justyna-przy/Projects/ISE/FYP/src/bird_data/raw/carduelis_carduelis/XC798438.mp3,4.0,7.0,-24.744844458423202,-25.271545126081804,species,Carduelis carduelis,European Goldfinch,0.8458013534545898,0.8458013534545898,species,0,,,
carduelis_carduelis,798438,Carduelis carduelis,/Users/justyna-przy/Projects/ISE/FYP/src/bird_data/raw/carduelis_carduelis/XC798438.mp3,7.0,10.0,-19.823324542983514,-25.271545126081804,species,Carduelis carduelis,European Goldfinch,0.9772794246673584,0.9772794246673584,species,0,,,
carduelis_carduelis,798438,Carduelis carduelis,/Users/justyna-przy/Projects/ISE/FYP/src/bird_data/raw/carduelis_carduelis/XC798438.mp3,13.0,16.0,-19.858123579393098,-25.271545126081804,species,Carduelis carduelis,European Goldfinch,0.998068630695343,0.998068630695343,species,1,rand_species,/Users/justyna-przy/Projects/ISE/FYP/src/bird_data/clips/species/carduelis_carduelis/XC798438__s13000__e16000.wav,
carduelis_carduelis,798438,Carduelis carduelis,/Users/justyna-przy/Projects/ISE/FYP/src/bird_data/raw/carduelis_carduelis/XC798438.mp3,19.0,22.0,-19.665069657909534,-25.271545126081804,species,Carduelis carduelis,European Goldfinch,0.9967208504676819,0.9967208504676819,species,1,rand_species,/Users/justyna-przy/Projects/ISE/FYP/src/bird_data/clips/species/carduelis_carduelis/XC798438__s19000__e22000.wav,
carduelis_carduelis,798438,Carduelis carduelis,/Users/justyna-przy/Projects/ISE/FYP/src/bird_data/raw/carduelis_carduelis/XC798438.mp3,25.0,28.0,-21.62886617122753,-25.271545126081804,species,Carduelis carduelis,European Goldfinch,0.998909592628479,0.998909592628479,species,1,rand_species,/Users/justyna-przy/Projects/ISE/FYP/src/bird_data/clips/species/carduelis_carduelis/XC798438__s25000__e28000.wav,
carduelis_carduelis,798438,Carduelis carduelis,/Users/justyna-przy/Projects/ISE/FYP/src/bird_data/raw/carduelis_carduelis/XC798438.mp3,31.0,34.0,-22.439198963516738,-25.271545126081804,species,Carduelis carduelis,European Goldfinch,0.32561421394348145,0.32561421394348145,species,0,,,
carduelis_carduelis,798438,Carduelis carduelis,/Users/justyna-przy/Projects/ISE/FYP/src/bird_data/raw/carduelis_carduelis/XC798438.mp3,34.0,37.0,-21.754234068371957,-25.271545126081804,species,Carduelis carduelis,European Goldfinch,0.9665772914886475,0.9665772914886475,species,0,,,
carduelis_carduelis,798046,Carduelis carduelis,/Users/justyna-przy/Projects/ISE/FYP/src/bird_data/raw/carduelis_carduelis/XC798046.mp3,1.0,4.0,-38.371103687463325,-40.0,species,Carduelis carduelis,European Goldfinch,0.960460364818573,0.960460364818573,species,1,rand_species,/Users/justyna-przy/Projects/ISE/FYP/src/bird_data/clips/species/carduelis_carduelis/XC798046__s1000__e4000.wav,
carduelis_carduelis,798046,Carduelis carduelis,/Users/justyna-przy/Projects/ISE/FYP/src/bird_data/raw/carduelis_carduelis/XC798046.mp3,7.0,10.0,-36.76557403083318,-40.0,species,Carduelis carduelis,European Goldfinch,0.9991292357444763,0.9991292357444763,species,1,rand_species,/Users/justyna-przy/Projects/ISE/FYP/src/bird_data/clips/species/carduelis_carduelis/XC798046__s7000__e10000.wav,
carduelis_carduelis,798046,Carduelis carduelis,/Users/justyna-przy/Projects/ISE/FYP/src/bird_data/raw/carduelis_carduelis/XC798046.mp3,10.0,13.0,-39.1913392496659,-40.0,species,Carduelis carduelis,European Goldfinch,0.9847966432571411,0.9847966432571411,species,0,,,
carduelis_carduelis,798046,Carduelis carduelis,/Users/justyna-przy/Projects/ISE/FYP/src/bird_data/raw/carduelis_carduelis/XC798046.mp3,16.0,19.0,-39.12322962152133,-40.0,species,Carduelis carduelis,European Goldfinch,0.9714508056640625,0.9714508056640625,species,1,rand_species,/Users/justyna-przy/Projects/ISE/FYP/src/bird_data/clips/species/carduelis_carduelis/XC798046__s16000__e19000.wav,
carduelis_carduelis,798046,Carduelis carduelis,/Users/justyna-przy/Projects/ISE/FYP/src/bird_data/raw/carduelis_carduelis/XC798046.mp3,22.0,25.0,-37.66536792025471,-40.0,species,Carduelis carduelis,European Goldfinch,0.9978235960006714,0.9978235960006714,species,0,,,
carduelis_carduelis,798046,Carduelis carduelis,/Users/justyna-przy/Projects/ISE/FYP/src/bird_data/raw/carduelis_carduelis/XC798046.mp3,28.0,31.0,-38.33971292279786,-40.0,species,Carduelis carduelis,European Goldfinch,0.9618054032325745,0.9618054032325745,species,0,,,
carduelis_carduelis,797582,Carduelis carduelis,/Users/justyna-przy/Projects/ISE/FYP/src/bird_data/raw/carduelis_carduelis/XC797582.mp3,1.0,4.0,-38.11303827356036,-40.0,species,Carduelis carduelis,European Goldfinch,0.9980436563491821,0.9980436563491821,species,1,rand_species,/Users/justyna-przy/Projects/ISE/FYP/src/bird_data/clips/species/carduelis_carduelis/XC797582__s1000__e4000.wav,
carduelis_carduelis,797582,Carduelis carduelis,/Users/justyna-przy/Projects/ISE/FYP/src/bird_data/raw/carduelis_carduelis/XC797582.mp3,7.0,10.0,-37.51099535996793,-40.0,species,Carduelis carduelis,European Goldfinch,0.6659530997276306,0.6659530997276306,species,1,rand_species,/Users/justyna-przy/Projects/ISE/FYP/src/bird_data/clips/species/carduelis_carduelis/XC797582__s7000__e10000.wav,
carduelis_carduelis,797580,Carduelis carduelis,/Users/justyna-przy/Projects/ISE/FYP/src/bird_data/raw/carduelis_carduelis/XC797580.mp3,13.0,16.0,-39.68959175109446,-40.0,species,Carduelis carduelis,European Goldfinch,0.782668948173523,0.782668948173523,species,0,,,
carduelis_carduelis,797580,Carduelis carduelis,/Users/justyna-przy/Projects/ISE/FYP/src/bird_data/raw/carduelis_carduelis/XC797580.mp3,25.0,28.0,-38.57831906719663,-40.0,species,Carduelis carduelis,European Goldfinch,0.9860041737556458,0.9860041737556458,species,1,rand_species,/Users/justyna-przy/Projects/ISE/FYP/src/bird_data/clips/species/carduelis_carduelis/XC797580__s25000__e28000.wav,
carduelis_carduelis,797580,Carduelis carduelis,/Users/justyna-przy/Projects/ISE/FYP/src/bird_data/raw/carduelis_carduelis/XC797580.mp3,28.0,31.0,-38.1915366282557,-40.0,species,Carduelis carduelis,European Goldfinch,0.6139668226242065,0.6139668226242065,species,1,rand_species,/Users/justyna-przy/Projects/ISE/FYP/src/bird_data/clips/species/carduelis_carduelis/XC797580__s28000__e31000.wav,
carduelis_carduelis,797580,Carduelis carduelis,/Users/justyna-przy/Projects/ISE/FYP/src/bird_data/raw/carduelis_carduelis/XC797580.mp3,34.0,37.0,-35.58006965240112,-40.0,species,Carduelis carduelis,European Goldfinch,0.9823275804519653,0.9823275804519653,species,0,,,
carduelis_carduelis,797580,Carduelis carduelis,/Users/justyna-przy/Projects/ISE/FYP/src/bird_data/raw/carduelis_carduelis/XC797580.mp3,37.0,40.0,-39.079088624334126,-40.0,species,Carduelis carduelis,European Goldfinch,0.9612321853637695,0.9612321853637695,species,1,rand_species,/Users/justyna-przy/Projects/ISE/FYP/src/bird_data/clips/species/carduelis_carduelis/XC797580__s37000__e40000.wav,
carduelis_carduelis,796147,Carduelis carduelis,/Users/justyna-przy/Projects/ISE/FYP/src/bird_data/raw/carduelis_carduelis/XC796147.mp3,4.0,7.0,-56.67325082893531,-40.0,species,Carduelis carduelis,European Goldfinch,0.5848419666290283,0.5848419666290283,species,1,rand_species,/Users/justyna-przy/Projects/ISE/FYP/src/bird_data/clips/species/carduelis_carduelis/XC796147__s4000__e7000.wav,
carduelis_carduelis,795048,Carduelis carduelis,/Users/justyna-przy/Projects/ISE/FYP/src/bird_data/raw/carduelis_carduelis/XC795048.mp3,1.0,4.0,-37.61554752041137,-39.46837562530662,species,Carduelis carduelis,European Goldfinch,0.9823406934738159,0.9823406934738159,species,1,rand_species,/Users/justyna-przy/Projects/ISE/FYP/src/bird_data/clips/species/carduelis_carduelis/XC795048__s1000__e4000.wav,
carduelis_carduelis,795048,Carduelis carduelis,/Users/justyna-przy/Projects/ISE/FYP/src/bird_data/raw/carduelis_carduelis/XC795048.mp3,4.0,7.0,-34.04382037123313,-39.46837562530662,species,Carduelis carduelis,European Goldfinch,0.9514340162277222,0.9514340162277222,species,1,rand_species,/Users/justyna-przy/Projects/ISE/FYP/src/bird_data/clips/species/carduelis_carduelis/XC795048__s4000__e7000.wav,
carduelis_carduelis,795048,Carduelis carduelis,/Users/justyna-przy/Projects/ISE/FYP/src/bird_data/raw/carduelis_carduelis/XC795048.mp3,10.0,13.0,-36.9542432487897,-39.46837562530662,species,Carduelis carduelis,European Goldfinch,0.9134040474891663,0.9134040474891663,species,0,,,
carduelis_carduelis,795048,Carduelis carduelis,/Users/justyna-przy/Projects/ISE/FYP/src/bird_data/raw/carduelis_carduelis/XC795048.mp3,22.0,25.0,-36.56757386024684,-39.46837562530662,species,Carduelis carduelis,European Goldfinch,0.9902352690696716,0.9902352690696716,species,0,,,
carduelis_carduelis,795048,Carduelis carduelis,/Users/justyna-przy/Projects/ISE/FYP/src/bird_data/raw/carduelis_carduelis/XC795048.mp3,25.0,28.0,-39.45214526343943,-39.46837562530662,species,Carduelis carduelis,European Goldfinch,0.9890536665916443,0.9890536665916443,species,1,rand_species,/Users/justyna-przy/Projects/ISE/FYP/src/bird_data/clips/species/carduelis_carduelis/XC795048__s25000__e28000.wav,
carduelis_carduelis,795048,Carduelis carduelis,/Users/justyna-przy/Projects/ISE/FYP/src/bird_data/raw/carduelis_carduelis/XC795048.mp3,28.0,31.0,-39.17291773046639,-39.46837562530662,species,Carduelis carduelis,European Goldfinch,0.9451968669891357,0.9451968669891357,species,0,,,
carduelis_carduelis,795048,Carduelis carduelis,/Users/justyna-przy/Projects/ISE/FYP/src/bird_data/raw/carduelis_carduelis/XC795048.mp3,31.0,34.0,-38.040448524887054,-39.46837562530662,species,Carduelis carduelis,European Goldfinch,0.9897398948669434,0.9897398948669434,species,0,,,
carduelis_carduelis,795048,Carduelis carduelis,/Users/justyna-przy/Projects/ISE/FYP/src/bird_data/raw/carduelis_carduelis/XC795048.mp3,34.0,37.0,-38.59801270647196,-39.46837562530662,species,Carduelis carduelis,European Goldfinch,0.8658584356307983,0.8658584356307983,species,0,,,
carduelis_carduelis,790623,Carduelis carduelis,/Users/justyna-przy/Projects/ISE/FYP/src/bird_data/raw/carduelis_carduelis/XC790623.mp3,7.0,10.0,-38.77579886336887,-40.0,species,Carduelis carduelis,European Goldfinch,0.42999187111854553,0.42999187111854553,species,1,rand_species,/Users/justyna-przy/Projects/ISE/FYP/src/bird_data/clips/species/carduelis_carduelis/XC790623__s7000__e10000.wav,
carduelis_carduelis,790623,Carduelis carduelis,/Users/justyna-przy/Projects/ISE/FYP/src/bird_data/raw/carduelis_carduelis/XC790623.mp3,10.0,13.0,-39.488652302775236,-40.0,species,Carduelis carduelis,European Goldfinch,0.9647396206855774,0.9647396206855774,species,1,rand_species,/Users/justyna-przy/Projects/ISE/FYP/src/bird_data/clips/species/carduelis_carduelis/XC790623__s10000__e13000.wav,
carduelis_carduelis,790623,Carduelis carduelis,/Users/justyna-przy/Projects/ISE/FYP/src/bird_data/raw/carduelis_carduelis/XC790623.mp3,13.0,16.0,-36.14616814929362,-40.0,species,Carduelis carduelis,European Goldfinch,0.9913188815116882,0.9913188815116882,species,1,rand_species,/Users/justyna-przy/Projects/ISE/FYP/src/bird_data/clips/species/carduelis_carduelis/XC790623__s13000__e16000.wav,
carduelis_carduelis,790342,Carduelis carduelis,/Users/justyna-przy/Projects/ISE/FYP/src/bird_data/raw/carduelis_carduelis/XC790342.mp3,1.0,4.0,-38.24340865192468,-39.47831930985268,species,Carduelis carduelis,European Goldfinch,0.9381582736968994,0.9381582736968994,species,0,,,
carduelis_carduelis,790342,Carduelis carduelis,/Users/justyna-przy/Projects/ISE/FYP/src/bird_data/raw/carduelis_carduelis/XC790342.mp3,4.0,7.0,-39.47258588945595,-39.47831930985268,drop,Carduelis carduelis,European Goldfinch,0.15956273674964905,0.15956273674964905,drop,0,,,
carduelis_carduelis,790342,Carduelis carduelis,/Users/justyna-przy/Projects/ISE/FYP/src/bird_data/raw/carduelis_carduelis/XC790342.mp3,7.0,10.0,-36.281574285929075,-39.47831930985268,species,Carduelis carduelis,European Goldfinch,0.9879988431930542,0.9879988431930542,species,0,,,
carduelis_carduelis,790342,Carduelis carduelis,/Users/justyna-przy/Projects/ISE/FYP/src/bird_data/raw/carduelis_carduelis/XC790342.mp3,10.0,13.0,-38.591691740102114,-39.47831930985268,species,Carduelis carduelis,European Goldfinch,0.9331248998641968,0.9331248998641968,species,0,,,
carduelis_carduelis,790342,Carduelis carduelis,/Users/justyna-przy/Projects/ISE/FYP/src/bird_data/raw/carduelis_carduelis/XC790342.mp3,16.0,19.0,-33.560116116246434,-39.47831930985268,species,Carduelis carduelis,European Goldfinch,0.9967798590660095,0.9967798590660095,species,0,,,
carduelis_carduelis,790342,Carduelis carduelis,/Users/justyna-przy/Projects/ISE/FYP/src/bird_data/raw/carduelis_carduelis/XC790342.mp3,22.0,25.0,-31.870497260105942,-39.47831930985268,species,Carduelis carduelis,European Goldfinch,0.9826915860176086,0.9826915860176086,species,0,,,
carduelis_carduelis,790342,Carduelis carduelis,/Users/justyna-przy/Projects/ISE/FYP/src/bird_data/raw/carduelis_carduelis/XC790342.mp3,25.0,28.0,-32.933358454738936,-39.47831930985268,species,Carduelis carduelis,European Goldfinch,0.9916908740997314,0.9916908740997314,species,1,rand_species,/Users/justyna-przy/Projects/ISE/FYP/src/bird_data/clips/species/carduelis_carduelis/XC790342__s25000__e28000.wav,
carduelis_carduelis,790342,Carduelis carduelis,/Users/justyna-przy/Projects/ISE/FYP/src/bird_data/raw/carduelis_carduelis/XC790342.mp3,28.0,31.0,-35.196195048676316,-39.47831930985268,species,Carduelis carduelis,European Goldfinch,0.9868273735046387,0.9868273735046387,species,1,rand_species,/Users/justyna-przy/Projects/ISE/FYP/src/bird_data/clips/species/carduelis_carduelis/XC790342__s28000__e31000.wav,
carduelis_carduelis,790342,Carduelis carduelis,/Users/justyna-przy/Projects/ISE/FYP/src/bird_data/raw/carduelis_carduelis/XC790342.mp3,37.0,40.0,-37.15531375382684,-39.47831930985268,species,Carduelis carduelis,European Goldfinch,0.9907989501953125,0.9907989501953125,species,0,,,
carduelis_carduelis,790342,Carduelis carduelis,/Users/justyna-przy/Projects/ISE/FYP/src/bird_data/raw/carduelis_carduelis/XC790342.mp3,40.0,43.0,-35.27504544708244,-39.47831930985268,species,Carduelis carduelis,European Goldfinch,0.9705185294151306,0.9705185294151306,species,1,rand_species,/Users/justyna-przy/Projects/ISE/FYP/src/bird_data/clips/species/carduelis_carduelis/XC790342__s40000__e43000.wav,
carduelis_carduelis,790314,Carduelis carduelis,/Users/justyna-przy/Projects/ISE/FYP/src/bird_data/raw/carduelis_carduelis/XC790314.mp3,4.0,7.0,-37.95697391029955,-38.519734703766616,species,Carduelis carduelis,European Goldfinch,0.9094218611717224,0.9094218611717224,species,0,,,
carduelis_carduelis,790314,Carduelis carduelis,/Users/justyna-przy/Projects/ISE/FYP/src/bird_data/raw/carduelis_carduelis/XC790314.mp3,7.0,10.0,-32.28706104092685,-38.519734703766616,species,Carduelis carduelis,European Goldfinch,0.7228378057479858,0.7228378057479858,species,1,rand_species,/Users/justyna-przy/Projects/ISE/FYP/src/bird_data/clips/species/carduelis_carduelis/XC790314__s7000__e10000.wav,
carduelis_carduelis,790314,Carduelis carduelis,/Users/justyna-przy/Projects/ISE/FYP/src/bird_data/raw/carduelis_carduelis/XC790314.mp3,10.0,13.0,-36.515593792462504,-38.519734703766616,drop,Carduelis carduelis,European Goldfinch,0.23227083683013916,0.23227083683013916,drop,0,,,
carduelis_carduelis,790314,Carduelis carduelis,/Users/justyna-przy/Projects/ISE/FYP/src/bird_data/raw/carduelis_carduelis/XC790314.mp3,13.0,16.0,-36.14199741483365,-38.519734703766616,drop,Linaria flavirostris,Twite,0.19776704907417297,0.19776704907417297,drop,0,,,
carduelis_carduelis,790314,Carduelis carduelis,/Users/justyna-przy/Projects/ISE/FYP/src/bird_data/raw/carduelis_carduelis/XC790314.mp3,16.0,19.0,-36.592950632506216,-38.519734703766616,species,Carduelis carduelis,European Goldfinch,0.8135790228843689,0.8135790228843689,species,0,,,
carduelis_carduelis,790314,Carduelis carduelis,/Users/justyna-przy/Projects/ISE/FYP/src/bird_data/raw/carduelis_carduelis/XC790314.mp3,19.0,22.0,-36.56212577654748,-38.519734703766616,species,Carduelis carduelis,European Goldfinch,0.9743074774742126,0.9743074774742126,species,0,,,
carduelis_carduelis,790314,Carduelis carduelis,/Users/justyna-przy/Projects/ISE/FYP/src/bird_data/raw/carduelis_carduelis/XC790314.mp3,22.0,25.0,-36.069672748599515,-38.519734703766616,species,Carduelis carduelis,European Goldfinch,0.9728278517723083,0.9728278517723083,species,0,,,
carduelis_carduelis,790314,Carduelis carduelis,/Users/justyna-przy/Projects/ISE/FYP/src/bird_data/raw/carduelis_carduelis/XC790314.mp3,28.0,31.0,-38.311860686502136,-38.519734703766616,species,Carduelis carduelis,European Goldfinch,0.8245880007743835,0.8245880007743835,species,1,rand_species,/Users/justyna-przy/Projects/ISE/FYP/src/bird_data/clips/species/carduelis_carduelis/XC790314__s28000__e31000.wav,
carduelis_carduelis,790314,Carduelis carduelis,/Users/justyna-przy/Projects/ISE/FYP/src/bird_data/raw/carduelis_carduelis/XC790314.mp3,34.0,37.0,-37.191353481154714,-38.519734703766616,species,Carduelis carduelis,European Goldfinch,0.5026154518127441,0.5026154518127441,species,1,rand_species,/Users/justyna-przy/Projects/ISE/FYP/src/bird_data/clips/species/carduelis_carduelis/XC790314__s34000__e37000.wav,
carduelis_carduelis,790314,Carduelis carduelis,/Users/justyna-przy/Projects/ISE/FYP/src/bird_data/raw/carduelis_carduelis/XC790314.mp3,37.0,40.0,-34.1331633604789,-38.519734703766616,species,Carduelis carduelis,European Goldfinch,0.45672425627708435,0.45672425627708435,species,0,,,
carduelis_carduelis,790314,Carduelis carduelis,/Users/justyna-przy/Projects/ISE/FYP/src/bird_data/raw/carduelis_carduelis/XC790314.mp3,40.0,43.0,-38.14622661687474,-38.519734703766616,non_bird,,,0.0,0.0,non_bird,1,nonbird_lowconf,/Users/justyna-przy/Projects/ISE/FYP/src/bird_data/clips/non_bird/carduelis_carduelis/XC790314__s40000__e43000.wav,
carduelis_carduelis,790314,Carduelis carduelis,/Users/justyna-przy/Projects/ISE/FYP/src/bird_data/raw/carduelis_carduelis/XC790314.mp3,43.0,46.0,-37.56641529280432,-38.519734703766616,species,Carduelis carduelis,European Goldfinch,0.6942235827445984,0.6942235827445984,species,0,,,
carduelis_carduelis,790314,Carduelis carduelis,/Users/justyna-przy/Projects/ISE/FYP/src/bird_data/raw/carduelis_carduelis/XC790314.mp3,46.0,49.0,-35.79753595353218,-38.519734703766616,species,Carduelis carduelis,European Goldfinch,0.734621524810791,0.734621524810791,species,0,,,
carduelis_carduelis,789659,Carduelis carduelis,/Users/justyna-przy/Projects/ISE/FYP/src/bird_data/raw/carduelis_carduelis/XC789659.mp3,1.0,4.0,-22.373313012295654,-25.32764591511934,species,Carduelis carduelis,European Goldfinch,0.9737998843193054,0.9737998843193054,species,0,,,
carduelis_carduelis,789659,Carduelis carduelis,/Users/justyna-przy/Projects/ISE/FYP/src/bird_data/raw/carduelis_carduelis/XC789659.mp3,4.0,7.0,-23.0332631331,-25.32764591511934,species,Carduelis carduelis,European Goldfinch,0.9769094586372375,0.9769094586372375,species,0,,,
carduelis_carduelis,789659,Carduelis carduelis,/Users/justyna-przy/Projects/ISE/FYP/src/bird_data/raw/carduelis_carduelis/XC789659.mp3,10.0,13.0,-22.378620851397653,-25.32764591511934,species,Carduelis carduelis,European Goldfinch,0.9957711100578308,0.9957711100578308,species,0,,,
carduelis_carduelis,789659,Carduelis carduelis,/Users/justyna-przy/Projects/ISE/FYP/src/bird_data/raw/carduelis_carduelis/XC789659.mp3,16.0,19.0,-20.607731177971868,-25.32764591511934,species,Carduelis carduelis,European Goldfinch,0.9985846281051636,0.9985846281051636,species,1,rand_species,/Users/justyna-przy/Projects/ISE/FYP/src/bird_data/clips/species/carduelis_carduelis/XC789659__s16000__e19000.wav,
carduelis_carduelis,789659,Carduelis carduelis,/Users/justyna-przy/Projects/ISE/FYP/src/bird_data/raw/carduelis_carduelis/XC789659.mp3,19.0,22.0,-21.616112945201774,-25.32764591511934,species,Carduelis carduelis,European Goldfinch,0.998021125793457,0.998021125793457,species,1,rand_species,/Users/justyna-przy/Projects/ISE/FYP/src/bird_data/clips/species/carduelis_carduelis/XC789659__s19000__e22000.wav,
carduelis_carduelis,789659,Carduelis carduelis,/Users/justyna-przy/Projects/ISE/FYP/src/bird_data/raw/carduelis_carduelis/XC789659.mp3,22.0,25.0,-22.67007196331344,-25.32764591511934,species,Carduelis carduelis,European Goldfinch,0.9945079684257507,0.9945079684257507,species,0,,,
carduelis_carduelis,789659,Carduelis carduelis,/Users/justyna-przy/Projects/ISE/FYP/src/bird_data/raw/carduelis_carduelis/XC789659.mp3,25.0,28.0,-23.529610495896375,-25.32764591511934,species,Carduelis carduelis,European Goldfinch,0.9821666479110718,0.9821666479110718,species,1,rand_species,/Users/justyna-przy/Projects/ISE/FYP/src/bird_data/clips/species/carduelis_carduelis/XC789659__s25000__e28000.wav,
carduelis_carduelis,789659,Carduelis carduelis,/Users/justyna-przy/Projects/ISE/FYP/src/bird_data/raw/carduelis_carduelis/XC789659.mp3,31.0,34.0,-25.32764591511934,-25.32764591511934,species,Carduelis carduelis,European Goldfinch,0.9951134324073792,0.9951134324073792,species,0,,,
carduelis_carduelis,788516,Carduelis carduelis,/Users/justyna-przy/Projects/ISE/FYP/src/bird_data/raw/carduelis_carduelis/XC788516.mp3,7.0,10.0,-38.33223308261937,-40.0,species,Carduelis carduelis,European Goldfinch,0.9598008990287781,0.9598008990287781,species,1,rand_species,/Users/justyna-przy/Projects/ISE/FYP/src/bird_data/clips/species/carduelis_carduelis/XC788516__s7000__e10000.wav,
carduelis_carduelis,788516,Carduelis carduelis,/Users/justyna-przy/Projects/ISE/FYP/src/bird_data/raw/carduelis_carduelis/XC788516.mp3,10.0,13.0,-37.9751194443709,-40.0,drop,Spinus spinus,Eurasian Siskin,0.7441093325614929,0.7441093325614929,drop,0,,,
carduelis_carduelis,786114,Carduelis carduelis,/Users/justyna-przy/Projects/ISE/FYP/src/bird_data/raw/carduelis_carduelis/XC786114.mp3,22.0,25.0,-58.333118407691316,-40.0,species,Carduelis carduelis,European Goldfinch,0.9724897146224976,0.9724897146224976,species,1,rand_species,/Users/justyna-przy/Projects/ISE/FYP/src/bird_data/clips/species/carduelis_carduelis/XC786114__s22000__e25000.wav,
carduelis_carduelis,784874,Carduelis carduelis,/Users/justyna-przy/Projects/ISE/FYP/src/bird_data/raw/carduelis_carduelis/XC784874.mp3,1.0,4.0,-34.24431703662907,-34.86222703005006,species,Carduelis carduelis,European Goldfinch,0.9395533800125122,0.9395533800125122,species,1,rand_species,/Users/justyna-przy/Projects/ISE/FYP/src/bird_data/clips/species/carduelis_carduelis/XC784874__s1000__e4000.wav,
carduelis_carduelis,784874,Carduelis carduelis,/Users/justyna-przy/Projects/ISE/FYP/src/bird_data/raw/carduelis_carduelis/XC784874.mp3,4.0,7.0,-31.904356397382912,-34.86222703005006,species,Carduelis carduelis,European Goldfinch,0.9852442741394043,0.9852442741394043,species,1,rand_species,/Users/justyna-przy/Projects/ISE/FYP/src/bird_data/clips/species/carduelis_carduelis/XC784874__s4000__e7000.wav,
carduelis_carduelis,782755,Carduelis carduelis,/Users/justyna-przy/Projects/ISE/FYP/src/bird_data/raw/carduelis_carduelis/XC782755.mp3,7.0,10.0,-55.82479122641541,-40.0,species,Carduelis carduelis,European Goldfinch,0.966578483581543,0.966578483581543,species,1,rand_species,/Users/justyna-przy/Projects/ISE/FYP/src/bird_data/clips/species/carduelis_carduelis/XC782755__s7000__e10000.wav,
carduelis_carduelis,774802,Carduelis carduelis,/Users/justyna-przy/Projects/ISE/FYP/src/bird_data/raw/carduelis_carduelis/XC774802.mp3,1.0,4.0,-25.551030610251896,-25.772294738460126,species,Carduelis carduelis,European Goldfinch,0.9970255494117737,0.9970255494117737,species,0,,,
carduelis_carduelis,774802,Carduelis carduelis,/Users/justyna-przy/Projects/ISE/FYP/src/bird_data/raw/carduelis_carduelis/XC774802.mp3,4.0,7.0,-23.788392282796437,-25.772294738460126,species,Carduelis carduelis,European Goldfinch,0.9909304976463318,0.9909304976463318,species,1,rand_species,/Users/justyna-przy/Projects/ISE/FYP/src/bird_data/clips/species/carduelis_carduelis/XC774802__s4000__e7000.wav,
carduelis_carduelis,774802,Carduelis carduelis,/Users/justyna-przy/Projects/ISE/FYP/src/bird_data/raw/carduelis_carduelis/XC774802.mp3,10.0,13.0,-23.283928428333425,-25.772294738460126,species,Carduelis carduelis,European Goldfinch,0.9855471849441528,0.9855471849441528,species,1,rand_species,/Users/justyna-przy/Projects/ISE/FYP/src/bird_data/clips/species/carduelis_carduelis/XC774802__s10000__e13000.wav,
carduelis_carduelis,774802,Carduelis carduelis,/Users/justyna-przy/Projects/ISE/FYP/src/bird_data/raw/carduelis_carduelis/XC774802.mp3,13.0,16.0,-23.817191030701572,-25.772294738460126,species,Carduelis carduelis,European Goldfinch,0.9865919947624207,0.9865919947624207,species,1,rand_species,/Users/justyna-przy/Projects/ISE/FYP/src/bird_data/clips/species/carduelis_carduelis/XC774802__s13000__e16000.wav,
carduelis_carduelis,774802,Carduelis carduelis,/Users/justyna-przy/Projects/ISE/FYP/src/bird_data/raw/carduelis_carduelis/XC774802.mp3,16.0,19.0,-24.149995528025734,-25.772294738460126,drop,Carduelis carduelis,European Goldfinch,0.28425636887550354,0.28425636887550354,drop,0,,,
carduelis_carduelis,770876,Carduelis carduelis,/Users/justyna-przy/Projects/ISE/FYP/src/bird_data/raw/carduelis_carduelis/XC770876.mp3,1.0,4.0,-34.55692875508341,-40.0,species,Carduelis carduelis,European Goldfinch,0.9804986119270325,0.9804986119270325,species,1,rand_species,/Users/justyna-przy/Projects/ISE/FYP/src/bird_data/clips/species/carduelis_carduelis/XC770876__s1000__e4000.wav,
carduelis_carduelis,770876,Carduelis carduelis,/Users/justyna-przy/Projects/ISE/FYP/src/bird_data/raw/carduelis_carduelis/XC770876.mp3,13.0,16.0,-39.809823635897736,-40.0,species,Carduelis carduelis,European Goldfinch,0.9972125887870789,0.9972125887870789,species,1,rand_species,/Users/justyna-przy/Projects/ISE/FYP/src/bird_data/clips/species/carduelis_carduelis/XC770876__s13000__e16000.wav,
carduelis_carduelis,770876,Carduelis carduelis,/Users/justyna-przy/Projects/ISE/FYP/src/bird_data/raw/carduelis_carduelis/XC770876.mp3,16.0,19.0,-39.516059225205474,-40.0,species,Carduelis carduelis,European Goldfinch,0.9924116730690002,0.9924116730690002,species,1,rand_species,/Users/justyna-przy/Projects/ISE/FYP/src/bird_data/clips/species/carduelis_carduelis/XC770876__s16000__e19000.wav,
carduelis_carduelis,767085,Carduelis carduelis,/Users/justyna-przy/Projects/ISE/FYP/src/bird_data/raw/carduelis_carduelis/XC767085.mp3,1.0,4.0,-36.33959328882209,-39.02455208711169,drop,Saxicola rubicola,European Stonechat,0.44041550159454346,0.44041550159454346,drop,0,,,
carduelis_carduelis,767085,Carduelis carduelis,/Users/justyna-przy/Projects/ISE/FYP/src/bird_data/raw/carduelis_carduelis/XC767085.mp3,4.0,7.0,-34.38319554240064,-39.02455208711169,drop,Spinus spinus,Eurasian Siskin,0.1965797394514084,0.1965797394514084,drop,0,,,
carduelis_carduelis,767085,Carduelis carduelis,/Users/justyna-przy/Projects/ISE/FYP/src/bird_data/raw/carduelis_carduelis/XC767085.mp3,7.0,10.0,-38.280355734338166,-39.02455208711169,drop,Spinus spinus,Eurasian Siskin,0.2074955403804779,0.2074955403804779,drop,0,,,
carduelis_carduelis,767085,Carduelis carduelis,/Users/justyna-przy/Projects/ISE/FYP/src/bird_data/raw/carduelis_carduelis/XC767085.mp3,10.0,13.0,-37.06192412957117,-39.02455208711169,drop,Tringa ochropus,Green Sandpiper,0.10549471527338028,0.10549471527338028,drop,0,,,
carduelis_carduelis,767085,Carduelis carduelis,/Users/justyna-przy/Projects/ISE/FYP/src/bird_data/raw/carduelis_carduelis/XC767085.mp3,13.0,16.0,-36.904866634224966,-39.02455208711169,drop,Larus argentatus,Herring Gull,0.3690457344055176,0.3690457344055176,drop,0,,,
carduelis_carduelis,767085,Carduelis carduelis,/Users/justyna-przy/Projects/ISE/FYP/src/bird_data/raw/carduelis_carduelis/XC767085.mp3,16.0,19.0,-32.98476815263514,-39.02455208711169,drop,Anthus pratensis,Meadow Pipit,0.7505360245704651,0.7505360245704651,drop,0,,,
carduelis_carduelis,767085,Carduelis carduelis,/Users/justyna-przy/Projects/ISE/FYP/src/bird_data/raw/carduelis_carduelis/XC767085.mp3,19.0,22.0,-37.871072108834255,-39.02455208711169,non_bird,,,0.0,0.0,non_bird,1,nonbird_lowconf,/Users/justyna-przy/Projects/ISE/FYP/src/bird_data/clips/non_bird/carduelis_carduelis/XC767085__s19000__e22000.wav,
carduelis_carduelis,767085,Carduelis carduelis,/Users/justyna-przy/Projects/ISE/FYP/src/bird_data/raw/carduelis_carduelis/XC767085.mp3,22.0,25.0,-36.5668889852905,-39.02455208711169,drop,Muscicapa dauurica,Asian Brown Flycatcher,0.12642963230609894,0.12642963230609894,drop,0,,,
carduelis_carduelis,767085,Carduelis carduelis,/Users/justyna-przy/Projects/ISE/FYP/src/bird_data/raw/carduelis_carduelis/XC767085.mp3,28.0,31.0,-36.28759196786098,-39.02455208711169,non_bird,,,0.0,0.0,non_bird,1,nonbird_lowconf,/Users/justyna-przy/Projects/ISE/FYP/src/bird_data/clips/non_bird/carduelis_carduelis/XC767085__s28000__e31000.wav,
carduelis_carduelis,767085,Carduelis carduelis,/Users/justyna-przy/Projects/ISE/FYP/src/bird_data/raw/carduelis_carduelis/XC767085.mp3,31.0,34.0,-35.78103652084743,-39.02455208711169,drop,Emberiza calandra,Corn Bunting,0.30139443278312683,0.30139443278312683,drop,0,,,
carduelis_carduelis,767085,Carduelis carduelis,/Users/justyna-przy/Projects/ISE/FYP/src/bird_data/raw/carduelis_carduelis/XC767085.mp3,34.0,37.0,-34.739540071534535,-39.02455208711169,non_bird,,,0.0,0.0,non_bird,0,,,
carduelis_carduelis,767085,Carduelis carduelis,/Users/justyna-przy/Projects/ISE/FYP/src/bird_data/raw/carduelis_carduelis/XC767085.mp3,52.0,55.0,-37.61497275707807,-39.02455208711169,drop,Serinus serinus,European Serin,0.12319215387105942,0.12319215387105942,drop,0,,,
carduelis_carduelis,761461,Carduelis carduelis,/Users/justyna-przy/Projects/ISE/FYP/src/bird_data/raw/carduelis_carduelis/XC761461.mp3,1.0,4.0,-24.91636929344761,-30.548223048040906,species,Carduelis carduelis,European Goldfinch,0.7478439211845398,0.7478439211845398,species,1,rand_species,/Users/justyna-przy/Projects/ISE/FYP/src/bird_data/clips/species/carduelis_carduelis/XC761461__s1000__e4000.wav,
carduelis_carduelis,761461,Carduelis carduelis,/Users/justyna-przy/Projects/ISE/FYP/src/bird_data/raw/carduelis_carduelis/XC761461.mp3,4.0,7.0,-29.569777008831686,-30.548223048040906,species,Carduelis carduelis,European Goldfinch,0.973753035068512,0.973753035068512,species,0,,,
carduelis_carduelis,761461,Carduelis carduelis,/Users/justyna-przy/Projects/ISE/FYP/src/bird_data/raw/carduelis_carduelis/XC761461.mp3,10.0,13.0,-30.40051125480478,-30.548223048040906,species,Carduelis carduelis,European Goldfinch,0.9540728330612183,0.9540728330612183,species,1,rand_species,/Users/justyna-przy/Projects/ISE/FYP/src/bird_data/clips/species/carduelis_carduelis/XC761461__s10000__e13000.wav,
carduelis_carduelis,761461,Carduelis carduelis,/Users/justyna-przy/Projects/ISE/FYP/src/bird_data/raw/carduelis_carduelis/XC761461.mp3,13.0,16.0,-25.264016577635957,-30.548223048040906,species,Carduelis carduelis,European Goldfinch,0.9917821884155273,0.9917821884155273,species,1,rand_species,/Users/justyna-przy/Projects/ISE/FYP/src/bird_data/clips/species/carduelis_carduelis/XC761461__s13000__e16000.wav,
carduelis_carduelis,761461,Carduelis carduelis,/Users/justyna-przy/Projects/ISE/FYP/src/bird_data/raw/carduelis_carduelis/XC761461.mp3,19.0,22.0,-28.44395770607472,-30.548223048040906,non_bird,,,0.0,0.0,non_bird,1,nonbird_lowconf,/Users/justyna-przy/Projects/ISE/FYP/src/bird_data/clips/non_bird/carduelis_carduelis/XC761461__s19000__e22000.wav,
carduelis_carduelis,761461,Carduelis carduelis,/Users/justyna-przy/Projects/ISE/FYP/src/bird_data/raw/carduelis_carduelis/XC761461.mp3,22.0,25.0,-24.825827599201652,-30.548223048040906,species,Carduelis carduelis,European Goldfinch,0.8823084831237793,0.8823084831237793,species,0,,,
carduelis_carduelis,760585,Carduelis carduelis,/Users/justyna-przy/Projects/ISE/FYP/src/bird_data/raw/carduelis_carduelis/XC760585.mp3,4.0,7.0,-47.7827084759561,-40.0,species,Carduelis carduelis,European Goldfinch,0.9668824076652527,0.9668824076652527,species,1,rand_species,/Users/justyna-przy/Projects/ISE/FYP/src/bird_data/clips/species/carduelis_carduelis/XC760585__s4000__e7000.wav,
carduelis_carduelis,759784,Carduelis carduelis,/Users/justyna-przy/Projects/ISE/FYP/src/bird_data/raw/carduelis_carduelis/XC759784.mp3,1.0,4.0,-29.09347646830041,-29.28468339453545,species,Carduelis carduelis,European Goldfinch,0.943979024887085,0.943979024887085,species,0,,,
carduelis_carduelis,759784,Carduelis carduelis,/Users/justyna-przy/Projects/ISE/FYP/src/bird_data/raw/carduelis_carduelis/XC759784.mp3,4.0,7.0,-28.692203289155,-29.28468339453545,species,Carduelis carduelis,European Goldfinch,0.9828721284866333,0.9828721284866333,species,0,,,
carduelis_carduelis,759784,Carduelis carduelis,/Users/justyna-przy/Projects/ISE/FYP/src/bird_data/raw/carduelis_carduelis/XC759784.mp3,10.0,13.0,-26.915474847158585,-29.28468339453545,species,Carduelis carduelis,European Goldfinch,0.992717981338501,0.992717981338501,species,0,,,
carduelis_carduelis,759784,Carduelis carduelis,/Users/justyna-przy/Projects/ISE/FYP/src/bird_data/raw/carduelis_carduelis/XC759784.mp3,13.0,16.0,-27.602993763977874,-29.28468339453545,species,Carduelis carduelis,European Goldfinch,0.9861717820167542,0.9861717820167542,species,0,,,
carduelis_carduelis,759784,Carduelis carduelis,/Users/justyna-przy/Projects/ISE/FYP/src/bird_data/raw/carduelis_carduelis/XC759784.mp3,16.0,19.0,-26.260357889489434,-29.28468339453545,species,Carduelis carduelis,European Goldfinch,0.9996299743652344,0.9996299743652344,species,0,,,
carduelis_carduelis,759784,Carduelis carduelis,/Users/justyna-przy/Projects/ISE/FYP/src/bird_data/raw/carduelis_carduelis/XC759784.mp3,19.0,22.0,-26.27263064966502,-29.28468339453545,species,Carduelis carduelis,European Goldfinch,0.9960477948188782,0.9960477948188782,species,1,rand_species,/Users/justyna-przy/Projects/ISE/FYP/src/bird_data/clips/species/carduelis_carduelis/XC759784__s19000__e22000.wav,
carduelis_carduelis,759784,Carduelis carduelis,/Users/justyna-przy/Projects/ISE/FYP/src/bird_data/raw/carduelis_carduelis/XC759784.mp3,22.0,25.0,-23.335721053312184,-29.28468339453545,species,Carduelis carduelis,European Goldfinch,0.9988240599632263,0.9988240599632263,species,0,,,
carduelis_carduelis,759784,Carduelis carduelis,/Users/justyna-przy/Projects/ISE/FYP/src/bird_data/raw/carduelis_carduelis/XC759784.mp3,28.0,31.0,-28.458518650141286,-29.28468339453545,species,Carduelis carduelis,European Goldfinch,0.9006560444831848,0.9006560444831848,species,1,rand_species,/Users/justyna-przy/Projects/ISE/FYP/src/bird_data/clips/species/carduelis_carduelis/XC759784__s28000__e31000.wav,
carduelis_carduelis,759784,Carduelis carduelis,/Users/justyna-przy/Projects/ISE/FYP/src/bird_data/raw/carduelis_carduelis/XC759784.mp3,34.0,37.0,-29.271649394549595,-29.28468339453545,species,Carduelis carduelis,European Goldfinch,0.9752423763275146,0.9752423763275146,species,0,,,
carduelis_carduelis,759784,Carduelis carduelis,/Users/justyna-przy/Projects/ISE/FYP/src/bird_data/raw/carduelis_carduelis/XC759784.mp3,43.0,46.0,-28.328430966438432,-29.28468339453545,species,Carduelis carduelis,European Goldfinch,0.9951877593994141,0.9951877593994141,species,0,,,
carduelis_carduelis,759784,Carduelis carduelis,/Users/justyna-przy/Projects/ISE/FYP/src/bird_data/raw/carduelis_carduelis/XC759784.mp3,46.0,49.0,-27.564423021178307,-29.28468339453545,species,Carduelis carduelis,European Goldfinch,0.9893314838409424,0.9893314838409424,species,1,rand_species,/Users/justyna-przy/Projects/ISE/FYP/src/bird_data/clips/species/carduelis_carduelis/XC759784__s46000__e49000.wav,
carduelis_carduelis,759655,Carduelis carduelis,/Users/justyna-przy/Projects/ISE/FYP/src/bird_data/raw/carduelis_carduelis/XC759655.mp3,4.0,7.0,-50.67355143549068,-40.0,species,Carduelis carduelis,European Goldfinch,0.972929060459137,0.972929060459137,species,1,rand_species,/Users/justyna-przy/Projects/ISE/FYP/src/bird_data/clips/species/carduelis_carduelis/XC759655__s4000__e7000.wav,
carduelis_carduelis,758898,Carduelis carduelis,/Users/justyna-przy/Projects/ISE/FYP/src/bird_data/raw/carduelis_carduelis/XC758898.mp3,1.0,4.0,-49.53766695350011,-40.0,drop,Carduelis carduelis,European Goldfinch,0.10535608977079391,0.10535608977079391,drop,0,,,
carduelis_carduelis,757899,Carduelis carduelis,/Users/justyna-przy/Projects/ISE/FYP/src/bird_data/raw/carduelis_carduelis/XC757899.mp3,1.0,4.0,-23.9907289725624,-29.203554050148522,species,Carduelis carduelis,European Goldfinch,0.9243616461753845,0.9243616461753845,species,1,rand_species,/Users/justyna-przy/Projects/ISE/FYP/src/bird_data/clips/species/carduelis_carduelis/XC757899__s1000__e4000.wav,
carduelis_carduelis,757899,Carduelis carduelis,/Users/justyna-przy/Projects/ISE/FYP/src/bird_data/raw/carduelis_carduelis/XC757899.mp3,4.0,7.0,-26.148596276035416,-29.203554050148522,species,Carduelis carduelis,European Goldfinch,0.48892417550086975,0.48892417550086975,species,1,rand_species,/Users/justyna-przy/Projects/ISE/FYP/src/bird_data/clips/species/carduelis_carduelis/XC757899__s4000__e7000.wav,
carduelis_carduelis,757899,Carduelis carduelis,/Users/justyna-przy/Projects/ISE/FYP/src/bird_data/raw/carduelis_carduelis/XC757899.mp3,13.0,16.0,-28.111256856638715,-29.203554050148522,non_bird,,,0.0,0.0,non_bird,1,nonbird_lowconf,/Users/justyna-przy/Projects/ISE/FYP/src/bird_data/clips/non_bird/carduelis_carduelis/XC757899__s13000__e16000.wav,
carduelis_carduelis,757296,Carduelis carduelis,/Users/justyna-przy/Projects/ISE/FYP/src/bird_data/raw/carduelis_carduelis/XC757296.mp3,1.0,4.0,-14.462141109672853,-20.28187055173143,non_bird,,,0.0,0.0,non_bird,1,nonbird_lowconf,/Users/justyna-przy/Projects/ISE/FYP/src/bird_data/clips/non_bird/carduelis_carduelis/XC757296__s1000__e4000.wav,
carduelis_carduelis,757296,Carduelis carduelis,/Users/justyna-przy/Projects/ISE/FYP/src/bird_data/raw/carduelis_carduelis/XC757296.mp3,4.0,7.0,-18.440830916323513,-20.28187055173143,drop,Carduelis carduelis,European Goldfinch,0.11331941187381744,0.11331941187381744,drop,0,,,
carduelis_carduelis,757296,Carduelis carduelis,/Users/justyna-przy/Projects/ISE/FYP/src/bird_data/raw/carduelis_carduelis/XC757296.mp3,13.0,16.0,-19.40792185255527,-20.28187055173143,species,Carduelis carduelis,European Goldfinch,0.9721817374229431,0.9721817374229431,species,1,rand_species,/Users/justyna-przy/Projects/ISE/FYP/src/bird_data/clips/species/carduelis_carduelis/XC757296__s13000__e16000.wav,
carduelis_carduelis,757296,Carduelis carduelis,/Users/justyna-przy/Projects/ISE/FYP/src/bird_data/raw/carduelis_carduelis/XC757296.mp3,16.0,19.0,-17.523172426979208,-20.28187055173143,species,Carduelis carduelis,European Goldfinch,0.513641893863678,0.513641893863678,species,1,rand_species,/Users/justyna-przy/Projects/ISE/FYP/src/bird_data/clips/species/carduelis_carduelis/XC757296__s16000__e19000.wav,
carduelis_carduelis,757296,Carduelis carduelis,/Users/justyna-przy/Projects/ISE/FYP/src/bird_data/raw/carduelis_carduelis/XC757296.mp3,19.0,22.0,-20.258912006505238,-20.28187055173143,drop,Carduelis carduelis,European Goldfinch,0.2257820963859558,0.2257820963859558,drop,0,,,
carduelis_carduelis,757288,Carduelis carduelis,/Users/justyna-przy/Projects/ISE/FYP/src/bird_data/raw/carduelis_carduelis/XC757288.mp3,4.0,7.0,-20.868915987365703,-21.76309227201598,drop,Spinus spinus,Eurasian Siskin,0.2520531415939331,0.2520531415939331,drop,0,,,
carduelis_carduelis,757288,Carduelis carduelis,/Users/justyna-przy/Projects/ISE/FYP/src/bird_data/raw/carduelis_carduelis/XC757288.mp3,7.0,10.0,-19.529564448784495,-21.76309227201598,species,Carduelis carduelis,European Goldfinch,0.8253574371337891,0.8253574371337891,species,1,rand_species,/Users/justyna-przy/Projects/ISE/FYP/src/bird_data/clips/species/carduelis_carduelis/XC757288__s7000__e10000.wav,
carduelis_carduelis,755692,Carduelis carduelis,/Users/justyna-przy/Projects/ISE/FYP/src/bird_data/raw/carduelis_carduelis/XC755692.mp3,4.0,7.0,-52.655650258881,-40.0,species,Carduelis carduelis,European Goldfinch,0.9589707255363464,0.9589707255363464,species,1,rand_species,/Users/justyna-przy/Projects/ISE/FYP/src/bird_data/clips/species/carduelis_carduelis/XC755692__s4000__e7000.wav,
carduelis_carduelis,751086,Carduelis carduelis,/Users/justyna-przy/Projects/ISE/FYP/src/bird_data/raw/carduelis_carduelis/XC751086.mp3,1.0,4.0,-52.890540010472726,-40.0,non_bird,,,0.0,0.0,non_bird,1,nonbird_lowconf,/Users/justyna-przy/Projects/ISE/FYP/src/bird_data/clips/non_bird/carduelis_carduelis/XC751086__s1000__e4000.wav,
carduelis_carduelis,748680,Carduelis carduelis,/Users/justyna-przy/Projects/ISE/FYP/src/bird_data/raw/carduelis_carduelis/XC748680.mp3,7.0,10.0,-31.07219527652707,-40.0,drop,Muscicapa adusta,African Dusky Flycatcher,0.44336697459220886,0.44336697459220886,drop,0,,,
carduelis_carduelis,748680,Carduelis carduelis,/Users/justyna-przy/Projects/ISE/FYP/src/bird_data/raw/carduelis_carduelis/XC748680.mp3,10.0,13.0,-35.711978405236785,-40.0,non_bird,,,0.0,0.0,non_bird,1,nonbird_lowconf,/Users/justyna-przy/Projects/ISE/FYP/src/bird_data/clips/non_bird/carduelis_carduelis/XC748680__s10000__e13000.wav,
carduelis_carduelis,747126,Carduelis carduelis,/Users/justyna-przy/Projects/ISE/FYP/src/bird_data/raw/carduelis_carduelis/XC747126.mp3,4.0,7.0,-24.273647836603217,-24.691598021670504,drop,Carduelis carduelis,European Goldfinch,0.26970914006233215,0.26970914006233215,drop,0,,,
carduelis_carduelis,747126,Carduelis carduelis,/Users/justyna-przy/Projects/ISE/FYP/src/bird_data/raw/carduelis_carduelis/XC747126.mp3,7.0,10.0,-24.531308734703238,-24.691598021670504,species,Carduelis carduelis,European Goldfinch,0.9126803874969482,0.9126803874969482,species,1,rand_species,/Users/justyna-przy/Projects/ISE/FYP/src/bird_data/clips/species/carduelis_carduelis/XC747126__s7000__e10000.wav,
carduelis_carduelis,747126,Carduelis carduelis,/Users/justyna-przy/Projects/ISE/FYP/src/bird_data/raw/carduelis_carduelis/XC747126.mp3,10.0,13.0,-22.972780323665777,-24.691598021670504,drop,Peucaea botterii,Botteri's Sparrow,0.16402800381183624,0.16402800381183624,drop,0,,,
carduelis_carduelis,745135,Carduelis carduelis,/Users/justyna-przy/Projects/ISE/FYP/src/bird_data/raw/carduelis_carduelis/XC745135.mp3,7.0,10.0,-46.21639378313522,-40.0,species,Carduelis carduelis,European Goldfinch,0.9869256019592285,0.9869256019592285,species,1,rand_species,/Users/justyna-przy/Projects/ISE/FYP/src/bird_data/clips/species/carduelis_carduelis/XC745135__s7000__e10000.wav,
carduelis_carduelis,742896,Carduelis carduelis,/Users/justyna-przy/Projects/ISE/FYP/src/bird_data/raw/carduelis_carduelis/XC742896.mp3,19.0,22.0,-39.85560251798548,-40.0,species,Carduelis carduelis,European Goldfinch,0.9886425137519836,0.9886425137519836,species,1,rand_species,/Users/justyna-przy/Projects/ISE/FYP/src/bird_data/clips/species/carduelis_carduelis/XC742896__s19000__e22000.wav,
carduelis_carduelis,742896,Carduelis carduelis,/Users/justyna-przy/Projects/ISE/FYP/src/bird_data/raw/carduelis_carduelis/XC742896.mp3,25.0,28.0,-39.747002302397924,-40.0,species,Carduelis carduelis,European Goldfinch,0.9895748496055603,0.9895748496055603,species,1,rand_species,/Users/justyna-przy/Projects/ISE/FYP/src/bird_data/clips/species/carduelis_carduelis/XC742896__s25000__e28000.wav,
carduelis_carduelis,741733,Carduelis carduelis,/Users/justyna-przy/Projects/ISE/FYP/src/bird_data/raw/carduelis_carduelis/XC741733.mp3,1.0,4.0,-41.643015862221155,-40.0,species,Carduelis carduelis,European Goldfinch,0.9942774176597595,0.9942774176597595,species,1,rand_species,/Users/justyna-przy/Projects/ISE/FYP/src/bird_data/clips/species/carduelis_carduelis/XC741733__s1000__e4000.wav,
carduelis_carduelis,740405,Carduelis carduelis,/Users/justyna-przy/Projects/ISE/FYP/src/bird_data/raw/carduelis_carduelis/XC740405.mp3,1.0,4.0,-38.66342813008915,-40.0,drop,Phaeomyias murina,Mouse-colored Tyrannulet,0.6777358651161194,0.6777358651161194,drop,0,,,
carduelis_carduelis,732118,Carduelis carduelis,/Users/justyna-przy/Projects/ISE/FYP/src/bird_data/raw/carduelis_carduelis/XC732118.mp3,4.0,7.0,-35.768721247263706,-37.23274165096432,species,Carduelis carduelis,European Goldfinch,0.9131227135658264,0.9131227135658264,species,1,rand_species,/Users/justyna-przy/Projects/ISE/FYP/src/bird_data/clips/species/carduelis_carduelis/XC732118__s4000__e7000.wav,
carduelis_carduelis,731804,Carduelis carduelis,/Users/justyna-przy/Projects/ISE/FYP/src/bird_data/raw/carduelis_carduelis/XC731804.mp3,31.0,34.0,-36.27098464522169,-40.0,species,Carduelis carduelis,European Goldfinch,0.9415076375007629,0.9415076375007629,species,1,rand_species,/Users/justyna-przy/Projects/ISE/FYP/src/bird_data/clips/species/carduelis_carduelis/XC731804__s31000__e34000.wav,
carduelis_carduelis,730559,Carduelis carduelis,/Users/justyna-przy/Projects/ISE/FYP/src/bird_data/raw/carduelis_carduelis/XC730559.mp3,4.0,7.0,-26.985837600370765,-33.30248728333739,species,Carduelis carduelis,European Goldfinch,0.9133715629577637,0.9133715629577637,species,1,rand_species,/Users/justyna-przy/Projects/ISE/FYP/src/bird_data/clips/species/carduelis_carduelis/XC730559__s4000__e7000.wav,
carduelis_carduelis,729433,Carduelis carduelis,/Users/justyna-przy/Projects/ISE/FYP/src/bird_data/raw/carduelis_carduelis/XC729433.mp3,1.0,4.0,-47.335365841614625,-40.0,species,Carduelis carduelis,European Goldfinch,0.7533735632896423,0.7533735632896423,species,1,rand_species,/Users/justyna-przy/Projects/ISE/FYP/src/bird_data/clips/species/carduelis_carduelis/XC729433__s1000__e4000.wav,
carduelis_carduelis,727474,Carduelis carduelis,/Users/justyna-przy/Projects/ISE/FYP/src/bird_data/raw/carduelis_carduelis/XC727474.mp3,1.0,4.0,-44.16254467207096,-40.0,species,Carduelis carduelis,European Goldfinch,0.9512526392936707,0.9512526392936707,species,1,rand_species,/Users/justyna-przy/Projects/ISE/FYP/src/bird_data/clips/species/carduelis_carduelis/XC727474__s1000__e4000.wav,
carduelis_carduelis,727186,Carduelis carduelis,/Users/justyna-przy/Projects/ISE/FYP/src/bird_data/raw/carduelis_carduelis/XC727186.mp3,10.0,13.0,-48.9729266730256,-40.0,species,Carduelis carduelis,European Goldfinch,0.8445491194725037,0.8445491194725037,species,1,rand_species,/Users/justyna-przy/Projects/ISE/FYP/src/bird_data/clips/species/carduelis_carduelis/XC727186__s10000__e13000.wav,
carduelis_carduelis,725939,Carduelis carduelis,/Users/justyna-przy/Projects/ISE/FYP/src/bird_data/raw/carduelis_carduelis/XC725939.mp3,1.0,4.0,-36.32324020813056,-38.26340396119889,species,Carduelis carduelis,European Goldfinch,0.9983227849006653,0.9983227849006653,species,1,rand_species,/Users/justyna-przy/Projects/ISE/FYP/src/bird_data/clips/species/carduelis_carduelis/XC725939__s1000__e4000.wav,
carduelis_carduelis,725939,Carduelis carduelis,/Users/justyna-przy/Projects/ISE/FYP/src/bird_data/raw/carduelis_carduelis/XC725939.mp3,4.0,7.0,-37.183423224690856,-38.26340396119889,species,Carduelis carduelis,European Goldfinch,0.9050476551055908,0.9050476551055908,species,1,rand_species,/Users/justyna-przy/Projects/ISE/FYP/src/bird_data/clips/species/carduelis_carduelis/XC725939__s4000__e7000.wav,
carduelis_carduelis,725939,Carduelis carduelis,/Users/justyna-przy/Projects/ISE/FYP/src/bird_data/raw/carduelis_carduelis/XC725939.mp3,7.0,10.0,-36.82583434673092,-38.26340396119889,species,Carduelis carduelis,European Goldfinch,0.998981773853302,0.998981773853302,species,0,,,
carduelis_carduelis,725939,Carduelis carduelis,/Users/justyna-przy/Projects/ISE/FYP/src/bird_data/raw/carduelis_carduelis/XC725939.mp3,10.0,13.0,-37.93338066893052,-38.26340396119889,species,Carduelis carduelis,European Goldfinch,0.9930973649024963,0.9930973649024963,species,1,rand_species,/Users/justyna-przy/Projects/ISE/FYP/src/bird_data/clips/species/carduelis_carduelis/XC725939__s10000__e13000.wav,
carduelis_carduelis,725939,Carduelis carduelis,/Users/justyna-przy/Projects/ISE/FYP/src/bird_data/raw/carduelis_carduelis/XC725939.mp3,16.0,19.0,-37.86189583180849,-38.26340396119889,species,Carduelis carduelis,European Goldfinch,0.9868153929710388,0.9868153929710388,species,0,,,
carduelis_carduelis,725939,Carduelis carduelis,/Users/justyna-przy/Projects/ISE/FYP/src/bird_data/raw/carduelis_carduelis/XC725939.mp3,22.0,25.0,-37.91774295734561,-38.26340396119889,species,Carduelis carduelis,European Goldfinch,0.996232807636261,0.996232807636261,species,0,,,
carduelis_carduelis,720979,Carduelis carduelis,/Users/justyna-przy/Projects/ISE/FYP/src/bird_data/raw/carduelis_carduelis/XC720979.mp3,7.0,10.0,-54.35564124343023,-40.0,drop,Motacilla alba,White Wagtail,0.1320294290781021,0.1320294290781021,drop,0,,,
carduelis_carduelis,719842,Carduelis carduelis,/Users/justyna-przy/Projects/ISE/FYP/src/bird_data/raw/carduelis_carduelis/XC719842.mp3,1.0,4.0,-28.89854443413046,-29.23030730436959,species,Carduelis carduelis,European Goldfinch,0.9131462574005127,0.9131462574005127,species,0,,,
carduelis_carduelis,719842,Carduelis carduelis,/Users/justyna-przy/Projects/ISE/FYP/src/bird_data/raw/carduelis_carduelis/XC719842.mp3,4.0,7.0,-24.915289414411802,-29.23030730436959,species,Carduelis carduelis,European Goldfinch,0.9994070529937744,0.9994070529937744,species,0,,,
carduelis_carduelis,719842,Carduelis carduelis,/Users/justyna-przy/Projects/ISE/FYP/src/bird_data/raw/carduelis_carduelis/XC719842.mp3,13.0,16.0,-23.488746301371144,-29.23030730436959,species,Carduelis carduelis,European Goldfinch,0.8986670970916748,0.8986670970916748,species,1,rand_species,/Users/justyna-przy/Projects/ISE/FYP/src/bird_data/clips/species/carduelis_carduelis/XC719842__s13000__e16000.wav,
carduelis_carduelis,719842,Carduelis carduelis,/Users/justyna-przy/Projects/ISE/FYP/src/bird_data/raw/carduelis_carduelis/XC719842.mp3,19.0,22.0,-27.553776441210985,-29.23030730436959,species,Carduelis carduelis,European Goldfinch,0.9962884187698364,0.9962884187698364,species,1,rand_species,/Users/justyna-przy/Projects/ISE/FYP/src/bird_data/clips/species/carduelis_carduelis/XC719842__s19000__e22000.wav,
carduelis_carduelis,719842,Carduelis carduelis,/Users/justyna-przy/Projects/ISE/FYP/src/bird_data/raw/carduelis_carduelis/XC719842.mp3,22.0,25.0,-26.82873787468813,-29.23030730436959,species,Carduelis carduelis,European Goldfinch,0.9977669715881348,0.9977669715881348,species,1,rand_species,/Users/justyna-przy/Projects/ISE/FYP/src/bird_data/clips/species/carduelis_carduelis/XC719842__s22000__e25000.wav,
carduelis_carduelis,718328,Carduelis carduelis,/Users/justyna-przy/Projects/ISE/FYP/src/bird_data/raw/carduelis_carduelis/XC718328.mp3,1.0,4.0,-20.894471068974163,-21.116821738214995,species,Carduelis carduelis,European Goldfinch,0.994428277015686,0.994428277015686,species,1,rand_species,/Users/justyna-przy/Projects/ISE/FYP/src/bird_data/clips/species/carduelis_carduelis/XC718328__s1000__e4000.wav,
carduelis_carduelis,716528,Carduelis carduelis,/Users/justyna-przy/Projects/ISE/FYP/src/bird_data/raw/carduelis_carduelis/XC716528.mp3,13.0,16.0,-37.93331244047466,-40.0,species,Carduelis carduelis,European Goldfinch,0.6756434440612793,0.6756434440612793,species,1,rand_species,/Users/justyna-przy/Projects/ISE/FYP/src/bird_data/clips/species/carduelis_carduelis/XC716528__s13000__e16000.wav,
carduelis_carduelis,714964,Carduelis carduelis,/Users/justyna-przy/Projects/ISE/FYP/src/bird_data/raw/carduelis_carduelis/XC714964.mp3,4.0,7.0,-37.00307659170656,-38.81234110539478,species,Carduelis carduelis,European Goldfinch,0.9848610162734985,0.9848610162734985,species,1,rand_species,/Users/justyna-przy/Projects/ISE/FYP/src/bird_data/clips/species/carduelis_carduelis/XC714964__s4000__e7000.wav,
carduelis_carduelis,712826,Carduelis carduelis,/Users/justyna-przy/Projects/ISE/FYP/src/bird_data/raw/carduelis_carduelis/XC712826.mp3,4.0,7.0,-46.205190862219524,-40.0,species,Carduelis carduelis,European Goldfinch,0.9155896902084351,0.9155896902084351,species,1,rand_species,/Users/justyna-przy/Projects/ISE/FYP/src/bird_data/clips/species/carduelis_carduelis/XC712826__s4000__e7000.wav,
