species_label,xc_id,sci_name,source_path,start_s,end_s,rms_db,rms_gate_thr_db,teacher_decision,teacher_top_sci,teacher_top_common,teacher_top_conf,teacher_max_conf,final_class,selected,selected_reason,clip_path,error
emberiza_citrinella,914643,Emberiza citrinella,/Users/justyna-przy/Projects/ISE/FYP/src/bird_data/raw/emberiza_citrinella/XC914643.mp3,19.0,22.0,-48.983800859022544,-40.0,species,Emberiza citrinella,Yellowhammer,0.9917408227920532,0.9917408227920532,species,1,rand_species,/Users/justyna-przy/Projects/ISE/FYP/src/bird_data/clips/species/emberiza_citrinella/XC914643__s19000__e22000.wav,
emberiza_citrinella,655122,Emberiza citrinella,/Users/justyna-przy/Projects/ISE/FYP/src/bird_data/raw/emberiza_citrinella/XC655122.mp3,1.0,4.0,-36.76443861281506,-40.0,species,Emberiza citrinella,Yellowhammer,0.9593763947486877,0.9593763947486877,species,1,rand_species,/Users/justyna-przy/Projects/ISE/FYP/src/bird_data/clips/species/emberiza_citrinella/XC655122__s1000__e4000.wav,
emberiza_citrinella,260119,Emberiza citrinella,/Users/justyna-przy/Projects/ISE/FYP/src/bird_data/raw/emberiza_citrinella/XC260119.mp3,1.0,4.0,-32.549120589394306,-40.0,species,Emberiza citrinella,Yellowhammer,0.9710120558738708,0.9710120558738708,species,1,rand_species,/Users/justyna-przy/Projects/ISE/FYP/src/bird_data/clips/species/emberiza_citrinella/XC260119__s1000__e4000.wav,
emberiza_citrinella,260119,Emberiza citrinella,/Users/justyna-przy/Projects/ISE/FYP/src/bird_data/raw/emberiza_citrinella/XC260119.mp3,4.0,7.0,-34.11856550257224,-40.0,species,Emberiza citrinella,Yellowhammer,0.9168146252632141,0.9168146252632141,species,0,,,
emberiza_citrinella,260119,Emberiza citrinella,/Users/justyna-przy/Projects/ISE/FYP/src/bird_data/raw/emberiza_citrinella/XC260119.mp3,13.0,16.0,-31.39959029903409,-40.0,species,Emberiza citrinella,Yellowhammer,0.9957700371742249,0.9957700371742249,species,0,,,
emberiza_citrinella,260119,Emberiza citrinella,/Users/justyna-przy/Projects/ISE/FYP/src/bird_data/raw/emberiza_citrinella/XC260119.mp3,22.0,25.0,-31.631284006100287,-40.0,species,Emberiza citrinella,Yellowhammer,0.988831102848053,0.988831102848053,species,1,rand_species,/Users/justyna-przy/Projects/ISE/FYP/src/bird_data/clips/species/emberiza_citrinella/XC260119__s22000__e25000.wav,
emberiza_citrinella,260119,Emberiza citrinella,/Users/justyna-przy/Projects/ISE/FYP/src/bird_data/raw/emberiza_citrinella/XC260119.mp3,31.0,34.0,-31.980366311866213,-40.0,species,Emberiza citrinella,Yellowhammer,0.9718009233474731,0.9718009233474731,species,1,rand_species,/Users/justyna-przy/Projects/ISE/FYP/src/bird_data/clips/species/emberiza_citrinella/XC260119__s31000__e34000.wav,
emberiza_citrinella,180948,Emberiza citrinella,/Users/justyna-przy/Projects/ISE/FYP/src/bird_data/raw/emberiza_citrinella/XC180948.mp3,1.0,4.0,-33.951077062243805,-33.951077062243805,species,Emberiza citrinella,Yellowhammer,0.9920843839645386,0.9920843839645386,species,1,rand_species,/Users/justyna-przy/Projects/ISE/FYP/src/bird_data/clips/species/emberiza_citrinella/XC180948__s1000__e4000.wav,
emberiza_citrinella,168017,Emberiza citrinella,/Users/justyna-przy/Projects/ISE/FYP/src/bird_data/raw/emberiza_citrinella/XC168017.mp3,1.0,4.0,-27.33542983281898,-40.0,species,Emberiza citrinella,Yellowhammer,0.9710864424705505,0.9710864424705505,species,1,rand_species,/Users/justyna-przy/Projects/ISE/FYP/src/bird_data/clips/species/emberiza_citrinella/XC168017__s1000__e4000.wav,
emberiza_citrinella,168017,Emberiza citrinella,/Users/justyna-przy/Projects/ISE/FYP/src/bird_data/raw/emberiza_citrinella/XC168017.mp3,7.0,10.0,-28.051795867411723,-40.0,drop,Setophaga nigrescens,Black-throated Gray Warbler,0.8051804304122925,0.8051804304122925,drop,0,,,
emberiza_citrinella,168017,Emberiza citrinella,/Users/justyna-przy/Projects/ISE/FYP/src/bird_data/raw/emberiza_citrinella/XC168017.mp3,13.0,16.0,-35.730318116786094,-40.0,drop,Cyanistes caeruleus,Eurasian Blue Tit,0.3932456374168396,0.3932456374168396,drop,0,,,
emberiza_citrinella,168017,Emberiza citrinella,/Users/justyna-przy/Projects/ISE/FYP/src/bird_data/raw/emberiza_citrinella/XC168017.mp3,16.0,19.0,-27.968670123261475,-40.0,species,Emberiza citrinella,Yellowhammer,0.9559319615364075,0.9559319615364075,species,1,rand_species,/Users/justyna-przy/Projects/ISE/FYP/src/bird_data/clips/species/emberiza_citrinella/XC168017__s16000__e19000.wav,
emberiza_citrinella,168017,Emberiza citrinella,/Users/justyna-przy/Projects/ISE/FYP/src/bird_data/raw/emberiza_citrinella/XC168017.mp3,19.0,22.0,-26.364344861099337,-40.0,species,Emberiza citrinella,Yellowhammer,0.9838520884513855,0.9838520884513855,species,1,rand_species,/Users/justyna-przy/Projects/ISE/FYP/src/bird_data/clips/species/emberiza_citrinella/XC168017__s19000__e22000.wav,
emberiza_citrinella,168017,Emberiza citrinella,/Users/justyna-przy/Projects/ISE/FYP/src/bird_data/raw/emberiza_citrinella/XC168017.mp3,22.0,25.0,-35.760503873041614,-40.0,drop,Emberiza citrinella,Yellowhammer,0.2643568217754364,0.2643568217754364,drop,0,,,
emberiza_citrinella,168017,Emberiza citrinella,/Users/justyna-przy/Projects/ISE/FYP/src/bird_data/raw/emberiza_citrinella/XC168017.mp3,25.0,28.0,-39.46459005333572,-40.0,drop,Corvus corone,Carrion Crow,0.5415448546409607,0.5415448546409607,drop,0,,,
emberiza_citrinella,168017,Emberiza citrinella,/Users/justyna-przy/Projects/ISE/FYP/src/bird_data/raw/emberiza_citrinella/XC168017.mp3,34.0,37.0,-39.20507274371228,-40.0,drop,Cyanistes caeruleus,Eurasian Blue Tit,0.9009537100791931,0.9009537100791931,drop,0,,,
emberiza_citrinella,992385,Emberiza citrinella,/Users/justyna-przy/Projects/ISE/FYP/src/bird_data/raw/emberiza_citrinella/XC992385.mp3,1.0,4.0,-25.4188816137931,-40.0,species,Emberiza citrinella,Yellowhammer,0.9730154871940613,0.9730154871940613,species,1,rand_species,/Users/justyna-przy/Projects/ISE/FYP/src/bird_data/clips/species/emberiza_citrinella/XC992385__s1000__e4000.wav,
emberiza_citrinella,992385,Emberiza citrinella,/Users/justyna-przy/Projects/ISE/FYP/src/bird_data/raw/emberiza_citrinella/XC992385.mp3,10.0,13.0,-26.87880966604892,-40.0,species,Emberiza citrinella,Yellowhammer,0.8684098124504089,0.8684098124504089,species,1,rand_species,/Users/justyna-przy/Projects/ISE/FYP/src/bird_data/clips/species/emberiza_citrinella/XC992385__s10000__e13000.wav,
emberiza_citrinella,985932,Emberiza citrinella,/Users/justyna-przy/Projects/ISE/FYP/src/bird_data/raw/emberiza_citrinella/XC985932.mp3,1.0,4.0,-22.81607474172461,-28.539620072216685,species,Emberiza citrinella,Yellowhammer,0.891117513179779,0.891117513179779,species,1,rand_species,/Users/justyna-przy/Projects/ISE/FYP/src/bird_data/clips/species/emberiza_citrinella/XC985932__s1000__e4000.wav,
emberiza_citrinella,985932,Emberiza citrinella,/Users/justyna-przy/Projects/ISE/FYP/src/bird_data/raw/emberiza_citrinella/XC985932.mp3,4.0,7.0,-23.898648025169834,-28.539620072216685,drop,Locustella fluviatilis,River Warbler,0.7053552269935608,0.7053552269935608,drop,0,,,
emberiza_citrinella,985932,Emberiza citrinella,/Users/justyna-przy/Projects/ISE/FYP/src/bird_data/raw/emberiza_citrinella/XC985932.mp3,7.0,10.0,-23.838859722944797,-28.539620072216685,drop,Emberiza citrinella,Yellowhammer,0.1612829715013504,0.1612829715013504,drop,0,,,
emberiza_citrinella,985932,Emberiza citrinella,/Users/justyna-przy/Projects/ISE/FYP/src/bird_data/raw/emberiza_citrinella/XC985932.mp3,10.0,13.0,-21.24730812640631,-28.539620072216685,species,Emberiza citrinella,Yellowhammer,0.9574289917945862,0.9574289917945862,species,1,rand_species,/Users/justyna-przy/Projects/ISE/FYP/src/bird_data/clips/species/emberiza_citrinella/XC985932__s10000__e13000.wav,
emberiza_citrinella,985932,Emberiza citrinella,/Users/justyna-przy/Projects/ISE/FYP/src/bird_data/raw/emberiza_citrinella/XC985932.mp3,13.0,16.0,-27.09407192577459,-28.539620072216685,drop,Emberiza citrinella,Yellowhammer,0.2959791421890259,0.2959791421890259,drop,0,,,
emberiza_citrinella,985932,Emberiza citrinella,/Users/justyna-przy/Projects/ISE/FYP/src/bird_data/raw/emberiza_citrinella/XC985932.mp3,22.0,25.0,-24.9682404688766,-28.539620072216685,species,Emberiza citrinella,Yellowhammer,0.48059725761413574,0.48059725761413574,species,1,rand_species,/Users/justyna-przy/Projects/ISE/FYP/src/bird_data/clips/species/emberiza_citrinella/XC985932__s22000__e25000.wav,
emberiza_citrinella,983981,Emberiza citrinella,/Users/justyna-przy/Projects/ISE/FYP/src/bird_data/raw/emberiza_citrinella/XC983981.mp3,1.0,4.0,-26.580225266440433,-40.0,species,Emberiza citrinella,Yellowhammer,0.8639895915985107,0.8639895915985107,species,0,,,
emberiza_citrinella,983981,Emberiza citrinella,/Users/justyna-przy/Projects/ISE/FYP/src/bird_data/raw/emberiza_citrinella/XC983981.mp3,4.0,7.0,-29.902666419430737,-40.0,species,Emberiza citrinella,Yellowhammer,0.8859716057777405,0.8859716057777405,species,1,rand_species,/Users/justyna-przy/Projects/ISE/FYP/src/bird_data/clips/species/emberiza_citrinella/XC983981__s4000__e7000.wav,
emberiza_citrinella,983981,Emberiza citrinella,/Users/justyna-przy/Projects/ISE/FYP/src/bird_data/raw/emberiza_citrinella/XC983981.mp3,13.0,16.0,-27.945951807528626,-40.0,species,Emberiza citrinella,Yellowhammer,0.9216234087944031,0.9216234087944031,species,1,rand_species,/Users/justyna-przy/Projects/ISE/FYP/src/bird_data/clips/species/emberiza_citrinella/XC983981__s13000__e16000.wav,
emberiza_citrinella,983981,Emberiza citrinella,/Users/justyna-przy/Projects/ISE/FYP/src/bird_data/raw/emberiza_citrinella/XC983981.mp3,22.0,25.0,-28.397629507380266,-40.0,species,Emberiza citrinella,Yellowhammer,0.8302612900733948,0.8302612900733948,species,1,rand_species,/Users/justyna-przy/Projects/ISE/FYP/src/bird_data/clips/species/emberiza_citrinella/XC983981__s22000__e25000.wav,
emberiza_citrinella,981979,Emberiza citrinella,/Users/justyna-przy/Projects/ISE/FYP/src/bird_data/raw/emberiza_citrinella/XC981979.mp3,1.0,4.0,-22.380396242973045,-35.58125617124527,species,Emberiza citrinella,Yellowhammer,0.9953101277351379,0.9953101277351379,species,1,rand_species,/Users/justyna-przy/Projects/ISE/FYP/src/bird_data/clips/species/emberiza_citrinella/XC981979__s1000__e4000.wav,
emberiza_citrinella,981979,Emberiza citrinella,/Users/justyna-przy/Projects/ISE/FYP/src/bird_data/raw/emberiza_citrinella/XC981979.mp3,7.0,10.0,-22.90829424167125,-35.58125617124527,species,Emberiza citrinella,Yellowhammer,0.8861918449401855,0.8861918449401855,species,0,,,
emberiza_citrinella,981979,Emberiza citrinella,/Users/justyna-przy/Projects/ISE/FYP/src/bird_data/raw/emberiza_citrinella/XC981979.mp3,13.0,16.0,-35.57999086968226,-35.58125617124527,species,Emberiza citrinella,Yellowhammer,0.5604951977729797,0.5604951977729797,species,0,,,
emberiza_citrinella,981979,Emberiza citrinella,/Users/justyna-przy/Projects/ISE/FYP/src/bird_data/raw/emberiza_citrinella/XC981979.mp3,16.0,19.0,-21.281865945696854,-35.58125617124527,species,Emberiza citrinella,Yellowhammer,0.9813187718391418,0.9813187718391418,species,0,,,
emberiza_citrinella,981979,Emberiza citrinella,/Users/justyna-przy/Projects/ISE/FYP/src/bird_data/raw/emberiza_citrinella/XC981979.mp3,22.0,25.0,-25.493412427654004,-35.58125617124527,species,Emberiza citrinella,Yellowhammer,0.6370545029640198,0.6370545029640198,species,0,,,
emberiza_citrinella,981979,Emberiza citrinella,/Users/justyna-przy/Projects/ISE/FYP/src/bird_data/raw/emberiza_citrinella/XC981979.mp3,25.0,28.0,-26.609860539084075,-35.58125617124527,species,Emberiza citrinella,Yellowhammer,0.9612858295440674,0.9612858295440674,species,1,rand_species,/Users/justyna-przy/Projects/ISE/FYP/src/bird_data/clips/species/emberiza_citrinella/XC981979__s25000__e28000.wav,
emberiza_citrinella,981979,Emberiza citrinella,/Users/justyna-przy/Projects/ISE/FYP/src/bird_data/raw/emberiza_citrinella/XC981979.mp3,28.0,31.0,-33.159056567827754,-35.58125617124527,species,Emberiza citrinella,Yellowhammer,0.3197689354419708,0.3197689354419708,species,0,,,
emberiza_citrinella,981979,Emberiza citrinella,/Users/justyna-przy/Projects/ISE/FYP/src/bird_data/raw/emberiza_citrinella/XC981979.mp3,31.0,34.0,-23.146082076520496,-35.58125617124527,species,Emberiza citrinella,Yellowhammer,0.9858806729316711,0.9858806729316711,species,0,,,
emberiza_citrinella,981979,Emberiza citrinella,/Users/justyna-przy/Projects/ISE/FYP/src/bird_data/raw/emberiza_citrinella/XC981979.mp3,37.0,40.0,-22.961454340958216,-35.58125617124527,species,Emberiza citrinella,Yellowhammer,0.9908204674720764,0.9908204674720764,species,1,rand_species,/Users/justyna-przy/Projects/ISE/FYP/src/bird_data/clips/species/emberiza_citrinella/XC981979__s37000__e40000.wav,
emberiza_citrinella,981979,Emberiza citrinella,/Users/justyna-przy/Projects/ISE/FYP/src/bird_data/raw/emberiza_citrinella/XC981979.mp3,43.0,46.0,-34.744788851649666,-35.58125617124527,drop,Emberiza hortulana,Ortolan Bunting,0.21406325697898865,0.21406325697898865,drop,0,,,
emberiza_citrinella,981978,Emberiza citrinella,/Users/justyna-przy/Projects/ISE/FYP/src/bird_data/raw/emberiza_citrinella/XC981978.mp3,1.0,4.0,-20.20140199867165,-40.0,species,Emberiza citrinella,Yellowhammer,0.963526725769043,0.963526725769043,species,1,rand_species,/Users/justyna-przy/Projects/ISE/FYP/src/bird_data/clips/species/emberiza_citrinella/XC981978__s1000__e4000.wav,
emberiza_citrinella,981978,Emberiza citrinella,/Users/justyna-przy/Projects/ISE/FYP/src/bird_data/raw/emberiza_citrinella/XC981978.mp3,13.0,16.0,-21.35786683104756,-40.0,species,Emberiza citrinella,Yellowhammer,0.8938890695571899,0.8938890695571899,species,1,rand_species,/Users/justyna-przy/Projects/ISE/FYP/src/bird_data/clips/species/emberiza_citrinella/XC981978__s13000__e16000.wav,
emberiza_citrinella,981978,Emberiza citrinella,/Users/justyna-przy/Projects/ISE/FYP/src/bird_data/raw/emberiza_citrinella/XC981978.mp3,25.0,28.0,-32.66270282515905,-40.0,species,Emberiza citrinella,Yellowhammer,0.9261908531188965,0.9261908531188965,species,1,rand_species,/Users/justyna-przy/Projects/ISE/FYP/src/bird_data/clips/species/emberiza_citrinella/XC981978__s25000__e28000.wav,
emberiza_citrinella,980764,Emberiza citrinella,/Users/justyna-przy/Projects/ISE/FYP/src/bird_data/raw/emberiza_citrinella/XC980764.mp3,1.0,4.0,-38.71795762346265,-40.0,species,Emberiza citrinella,Yellowhammer,0.8657987713813782,0.8657987713813782,species,0,,,
emberiza_citrinella,980764,Emberiza citrinella,/Users/justyna-przy/Projects/ISE/FYP/src/bird_data/raw/emberiza_citrinella/XC980764.mp3,4.0,7.0,-32.84598106523394,-40.0,species,Emberiza citrinella,Yellowhammer,0.9245394468307495,0.9245394468307495,species,1,rand_species,/Users/justyna-przy/Projects/ISE/FYP/src/bird_data/clips/species/emberiza_citrinella/XC980764__s4000__e7000.wav,
emberiza_citrinella,980764,Emberiza citrinella,/Users/justyna-przy/Projects/ISE/FYP/src/bird_data/raw/emberiza_citrinella/XC980764.mp3,7.0,10.0,-35.53977187465689,-40.0,species,Emberiza citrinella,Yellowhammer,0.9184781312942505,0.9184781312942505,species,1,rand_species,/Users/justyna-przy/Projects/ISE/FYP/src/bird_data/clips/species/emberiza_citrinella/XC980764__s7000__e10000.wav,
emberiza_citrinella,980764,Emberiza citrinella,/Users/justyna-przy/Projects/ISE/FYP/src/bird_data/raw/emberiza_citrinella/XC980764.mp3,10.0,13.0,-33.773883030321194,-40.0,species,Emberiza citrinella,Yellowhammer,0.8628706336021423,0.8628706336021423,species,0,,,
emberiza_citrinella,980764,Emberiza citrinella,/Users/justyna-przy/Projects/ISE/FYP/src/bird_data/raw/emberiza_citrinella/XC980764.mp3,19.0,22.0,-32.51588408276579,-40.0,species,Emberiza citrinella,Yellowhammer,0.929172694683075,0.929172694683075,species,0,,,
emberiza_citrinella,980764,Emberiza citrinella,/Users/justyna-przy/Projects/ISE/FYP/src/bird_data/raw/emberiza_citrinella/XC980764.mp3,22.0,25.0,-34.94312310684208,-40.0,species,Emberiza citrinella,Yellowhammer,0.9216335415840149,0.9216335415840149,species,1,rand_species,/Users/justyna-przy/Projects/ISE/FYP/src/bird_data/clips/species/emberiza_citrinella/XC980764__s22000__e25000.wav,
emberiza_citrinella,957093,Emberiza citrinella,/Users/justyna-przy/Projects/ISE/FYP/src/bird_data/raw/emberiza_citrinella/XC957093.mp3,1.0,4.0,-26.294530313508368,-40.0,species,Emberiza citrinella,Yellowhammer,0.7316309213638306,0.7316309213638306,species,1,rand_species,/Users/justyna-przy/Projects/ISE/FYP/src/bird_data/clips/species/emberiza_citrinella/XC957093__s1000__e4000.wav,
emberiza_citrinella,957093,Emberiza citrinella,/Users/justyna-przy/Projects/ISE/FYP/src/bird_data/raw/emberiza_citrinella/XC957093.mp3,13.0,16.0,-32.491310136947405,-40.0,species,Emberiza citrinella,Yellowhammer,0.7365209460258484,0.7365209460258484,species,1,rand_species,/Users/justyna-przy/Projects/ISE/FYP/src/bird_data/clips/species/emberiza_citrinella/XC957093__s13000__e16000.wav,
emberiza_citrinella,957093,Emberiza citrinella,/Users/justyna-przy/Projects/ISE/FYP/src/bird_data/raw/emberiza_citrinella/XC957093.mp3,16.0,19.0,-29.249247499205744,-40.0,drop,Emberiza citrinella,Yellowhammer,0.2861418128013611,0.2861418128013611,drop,0,,,
emberiza_citrinella,957093,Emberiza citrinella,/Users/justyna-przy/Projects/ISE/FYP/src/bird_data/raw/emberiza_citrinella/XC957093.mp3,19.0,22.0,-34.541285821954844,-40.0,drop,Fringilla coelebs,Common Chaffinch,0.8766754269599915,0.8766754269599915,drop,0,,,
emberiza_citrinella,957093,Emberiza citrinella,/Users/justyna-przy/Projects/ISE/FYP/src/bird_data/raw/emberiza_citrinella/XC957093.mp3,25.0,28.0,-17.42865175231158,-40.0,species,Emberiza citrinella,Yellowhammer,0.6252133846282959,0.6252133846282959,species,1,rand_species,/Users/justyna-przy/Projects/ISE/FYP/src/bird_data/clips/species/emberiza_citrinella/XC957093__s25000__e28000.wav,
emberiza_citrinella,957093,Emberiza citrinella,/Users/justyna-przy/Projects/ISE/FYP/src/bird_data/raw/emberiza_citrinella/XC957093.mp3,28.0,31.0,-33.21492929192784,-40.0,non_bird,,,0.0,0.0,non_bird,1,nonbird_lowconf,/Users/justyna-przy/Projects/ISE/FYP/src/bird_data/clips/non_bird/emberiza_citrinella/XC957093__s28000__e31000.wav,
emberiza_citrinella,919934,Emberiza citrinella,/Users/justyna-przy/Projects/ISE/FYP/src/bird_data/raw/emberiza_citrinella/XC919934.mp3,1.0,4.0,-36.084115867987485,-38.25703592938082,drop,Emberiza schoeniclus,Reed Bunting,0.7652090191841125,0.7652090191841125,drop,0,,,
emberiza_citrinella,919934,Emberiza citrinella,/Users/justyna-przy/Projects/ISE/FYP/src/bird_data/raw/emberiza_citrinella/XC919934.mp3,10.0,13.0,-37.9780493246593,-38.25703592938082,drop,Emberiza schoeniclus,Reed Bunting,0.8240904808044434,0.8240904808044434,drop,0,,,
emberiza_citrinella,919934,Emberiza citrinella,/Users/justyna-przy/Projects/ISE/FYP/src/bird_data/raw/emberiza_citrinella/XC919934.mp3,13.0,16.0,-37.98510957597225,-38.25703592938082,species,Emberiza citrinella,Yellowhammer,0.9304872751235962,0.9304872751235962,species,1,rand_species,/Users/justyna-przy/Projects/ISE/FYP/src/bird_data/clips/species/emberiza_citrinella/XC919934__s13000__e16000.wav,
emberiza_citrinella,919934,Emberiza citrinella,/Users/justyna-przy/Projects/ISE/FYP/src/bird_data/raw/emberiza_citrinella/XC919934.mp3,16.0,19.0,-38.15141018174446,-38.25703592938082,drop,Emberiza schoeniclus,Reed Bunting,0.6888380646705627,0.6888380646705627,drop,0,,,
emberiza_citrinella,919934,Emberiza citrinella,/Users/justyna-przy/Projects/ISE/FYP/src/bird_data/raw/emberiza_citrinella/XC919934.mp3,19.0,22.0,-38.20780852237517,-38.25703592938082,drop,Emberiza hortulana,Ortolan Bunting,0.6571712493896484,0.6571712493896484,drop,0,,,
emberiza_citrinella,919282,Emberiza citrinella,/Users/justyna-przy/Projects/ISE/FYP/src/bird_data/raw/emberiza_citrinella/XC919282.mp3,1.0,4.0,-27.24268277297655,-40.0,species,Emberiza citrinella,Yellowhammer,0.9756230711936951,0.9756230711936951,species,0,,,
emberiza_citrinella,919282,Emberiza citrinella,/Users/justyna-przy/Projects/ISE/FYP/src/bird_data/raw/emberiza_citrinella/XC919282.mp3,10.0,13.0,-36.403148560568184,-40.0,species,Emberiza citrinella,Yellowhammer,0.8477854132652283,0.8477854132652283,species,1,rand_species,/Users/justyna-przy/Projects/ISE/FYP/src/bird_data/clips/species/emberiza_citrinella/XC919282__s10000__e13000.wav,
emberiza_citrinella,919282,Emberiza citrinella,/Users/justyna-przy/Projects/ISE/FYP/src/bird_data/raw/emberiza_citrinella/XC919282.mp3,13.0,16.0,-27.823756881690834,-40.0,species,Emberiza citrinella,Yellowhammer,0.9784122109413147,0.9784122109413147,species,1,rand_species,/Users/justyna-przy/Projects/ISE/FYP/src/bird_data/clips/species/emberiza_citrinella/XC919282__s13000__e16000.wav,
emberiza_citrinella,919282,Emberiza citrinella,/Users/justyna-przy/Projects/ISE/FYP/src/bird_data/raw/emberiza_citrinella/XC919282.mp3,22.0,25.0,-28.802510238452797,-40.0,species,Emberiza citrinella,Yellowhammer,0.977281928062439,0.977281928062439,species,1,rand_species,/Users/justyna-przy/Projects/ISE/FYP/src/bird_data/clips/species/emberiza_citrinella/XC919282__s22000__e25000.wav,
emberiza_citrinella,918129,Emberiza citrinella,/Users/justyna-przy/Projects/ISE/FYP/src/bird_data/raw/emberiza_citrinella/XC918129.mp3,1.0,4.0,-24.021484545170033,-40.0,species,Emberiza citrinella,Yellowhammer,0.8002994656562805,0.8002994656562805,species,0,,,
emberiza_citrinella,918129,Emberiza citrinella,/Users/justyna-przy/Projects/ISE/FYP/src/bird_data/raw/emberiza_citrinella/XC918129.mp3,13.0,16.0,-23.17684204412915,-40.0,species,Emberiza citrinella,Yellowhammer,0.9571150541305542,0.9571150541305542,species,0,,,
emberiza_citrinella,918129,Emberiza citrinella,/Users/justyna-przy/Projects/ISE/FYP/src/bird_data/raw/emberiza_citrinella/XC918129.mp3,22.0,25.0,-24.438499881517807,-40.0,species,Emberiza citrinella,Yellowhammer,0.9638144373893738,0.9638144373893738,species,0,,,
emberiza_citrinella,918129,Emberiza citrinella,/Users/justyna-przy/Projects/ISE/FYP/src/bird_data/raw/emberiza_citrinella/XC918129.mp3,31.0,34.0,-25.377816594480784,-40.0,species,Emberiza citrinella,Yellowhammer,0.9617660641670227,0.9617660641670227,species,1,rand_species,/Users/justyna-przy/Projects/ISE/FYP/src/bird_data/clips/species/emberiza_citrinella/XC918129__s31000__e34000.wav,
emberiza_citrinella,918129,Emberiza citrinella,/Users/justyna-przy/Projects/ISE/FYP/src/bird_data/raw/emberiza_citrinella/XC918129.mp3,40.0,43.0,-24.268661662516617,-40.0,species,Emberiza citrinella,Yellowhammer,0.9053849577903748,0.9053849577903748,species,0,,,
emberiza_citrinella,918129,Emberiza citrinella,/Users/justyna-przy/Projects/ISE/FYP/src/bird_data/raw/emberiza_citrinella/XC918129.mp3,49.0,52.0,-36.06624469693368,-40.0,species,Emberiza citrinella,Yellowhammer,0.762662410736084,0.762662410736084,species,1,rand_species,/Users/justyna-przy/Projects/ISE/FYP/src/bird_data/clips/species/emberiza_citrinella/XC918129__s49000__e52000.wav,
emberiza_citrinella,918129,Emberiza citrinella,/Users/justyna-przy/Projects/ISE/FYP/src/bird_data/raw/emberiza_citrinella/XC918129.mp3,52.0,55.0,-23.483988830236584,-40.0,species,Emberiza citrinella,Yellowhammer,0.9650676250457764,0.9650676250457764,species,1,rand_species,/Users/justyna-przy/Projects/ISE/FYP/src/bird_data/clips/species/emberiza_citrinella/XC918129__s52000__e55000.wav,
emberiza_citrinella,901911,Emberiza citrinella,/Users/justyna-przy/Projects/ISE/FYP/src/bird_data/raw/emberiza_citrinella/XC901911.mp3,1.0,4.0,-26.841968542220684,-40.0,species,Emberiza citrinella,Yellowhammer,0.9834728240966797,0.9834728240966797,species,0,,,
emberiza_citrinella,901911,Emberiza citrinella,/Users/justyna-przy/Projects/ISE/FYP/src/bird_data/raw/emberiza_citrinella/XC901911.mp3,7.0,10.0,-32.38843570876325,-40.0,species,Emberiza citrinella,Yellowhammer,0.7923774719238281,0.7923774719238281,species,0,,,
emberiza_citrinella,901911,Emberiza citrinella,/Users/justyna-przy/Projects/ISE/FYP/src/bird_data/raw/emberiza_citrinella/XC901911.mp3,10.0,13.0,-39.05876111818708,-40.0,species,Emberiza citrinella,Yellowhammer,0.345859169960022,0.345859169960022,species,0,,,
emberiza_citrinella,901911,Emberiza citrinella,/Users/justyna-przy/Projects/ISE/FYP/src/bird_data/raw/emberiza_citrinella/XC901911.mp3,16.0,19.0,-30.238947096002583,-40.0,species,Emberiza citrinella,Yellowhammer,0.9854797720909119,0.9854797720909119,species,0,,,
emberiza_citrinella,901911,Emberiza citrinella,/Users/justyna-przy/Projects/ISE/FYP/src/bird_data/raw/emberiza_citrinella/XC901911.mp3,22.0,25.0,-28.928537768452586,-40.0,species,Emberiza citrinella,Yellowhammer,0.879554808139801,0.879554808139801,species,1,rand_species,/Users/justyna-przy/Projects/ISE/FYP/src/bird_data/clips/species/emberiza_citrinella/XC901911__s22000__e25000.wav,
emberiza_citrinella,901911,Emberiza citrinella,/Users/justyna-przy/Projects/ISE/FYP/src/bird_data/raw/emberiza_citrinella/XC901911.mp3,28.0,31.0,-26.10533790031269,-40.0,species,Emberiza citrinella,Yellowhammer,0.9429882764816284,0.9429882764816284,species,0,,,
emberiza_citrinella,901911,Emberiza citrinella,/Users/justyna-przy/Projects/ISE/FYP/src/bird_data/raw/emberiza_citrinella/XC901911.mp3,34.0,37.0,-29.350165237548556,-40.0,species,Emberiza citrinella,Yellowhammer,0.9824831485748291,0.9824831485748291,species,0,,,
emberiza_citrinella,901911,Emberiza citrinella,/Users/justyna-przy/Projects/ISE/FYP/src/bird_data/raw/emberiza_citrinella/XC901911.mp3,43.0,46.0,-29.862541007031563,-40.0,species,Emberiza citrinella,Yellowhammer,0.8927226066589355,0.8927226066589355,species,1,rand_species,/Users/justyna-przy/Projects/ISE/FYP/src/bird_data/clips/species/emberiza_citrinella/XC901911__s43000__e46000.wav,
emberiza_citrinella,901911,Emberiza citrinella,/Users/justyna-przy/Projects/ISE/FYP/src/bird_data/raw/emberiza_citrinella/XC901911.mp3,46.0,49.0,-36.57995559574392,-40.0,species,Emberiza citrinella,Yellowhammer,0.8950628042221069,0.8950628042221069,species,1,rand_species,/Users/justyna-przy/Projects/ISE/FYP/src/bird_data/clips/species/emberiza_citrinella/XC901911__s46000__e49000.wav,
emberiza_citrinella,901911,Emberiza citrinella,/Users/justyna-przy/Projects/ISE/FYP/src/bird_data/raw/emberiza_citrinella/XC901911.mp3,52.0,55.0,-26.52952797798749,-40.0,species,Emberiza citrinella,Yellowhammer,0.9529403448104858,0.9529403448104858,species,0,,,
emberiza_citrinella,895088,Emberiza citrinella,/Users/justyna-przy/Projects/ISE/FYP/src/bird_data/raw/emberiza_citrinella/XC895088.mp3,1.0,4.0,-21.980311241937557,-40.0,species,Emberiza citrinella,Yellowhammer,0.9934384226799011,0.9934384226799011,species,1,rand_species,/Users/justyna-przy/Projects/ISE/FYP/src/bird_data/clips/species/emberiza_citrinella/XC895088__s1000__e4000.wav,
emberiza_citrinella,895088,Emberiza citrinella,/Users/justyna-przy/Projects/ISE/FYP/src/bird_data/raw/emberiza_citrinella/XC895088.mp3,7.0,10.0,-22.84458688234387,-40.0,species,Emberiza citrinella,Yellowhammer,0.9977110624313354,0.9977110624313354,species,1,rand_species,/Users/justyna-przy/Projects/ISE/FYP/src/bird_data/clips/species/emberiza_citrinella/XC895088__s7000__e10000.wav,
emberiza_citrinella,895088,Emberiza citrinella,/Users/justyna-przy/Projects/ISE/FYP/src/bird_data/raw/emberiza_citrinella/XC895088.mp3,19.0,22.0,-22.640847155145345,-40.0,species,Emberiza citrinella,Yellowhammer,0.9476369023323059,0.9476369023323059,species,0,,,
emberiza_citrinella,895088,Emberiza citrinella,/Users/justyna-przy/Projects/ISE/FYP/src/bird_data/raw/emberiza_citrinella/XC895088.mp3,25.0,28.0,-21.985276032125576,-40.0,species,Emberiza citrinella,Yellowhammer,0.9983425140380859,0.9983425140380859,species,1,rand_species,/Users/justyna-przy/Projects/ISE/FYP/src/bird_data/clips/species/emberiza_citrinella/XC895088__s25000__e28000.wav,
emberiza_citrinella,841213,Emberiza citrinella,/Users/justyna-przy/Projects/ISE/FYP/src/bird_data/raw/emberiza_citrinella/XC841213.mp3,1.0,4.0,-19.206270979834144,-20.93400571999508,species,Emberiza citrinella,Yellowhammer,0.8222905993461609,0.8222905993461609,species,0,,,
emberiza_citrinella,841213,Emberiza citrinella,/Users/justyna-przy/Projects/ISE/FYP/src/bird_data/raw/emberiza_citrinella/XC841213.mp3,7.0,10.0,-19.283385765324685,-20.93400571999508,species,Emberiza citrinella,Yellowhammer,0.9120134115219116,0.9120134115219116,species,1,rand_species,/Users/justyna-przy/Projects/ISE/FYP/src/bird_data/clips/species/emberiza_citrinella/XC841213__s7000__e10000.wav,
emberiza_citrinella,841213,Emberiza citrinella,/Users/justyna-przy/Projects/ISE/FYP/src/bird_data/raw/emberiza_citrinella/XC841213.mp3,10.0,13.0,-19.309390420272102,-20.93400571999508,species,Emberiza citrinella,Yellowhammer,0.8759915232658386,0.8759915232658386,species,1,rand_species,/Users/justyna-przy/Projects/ISE/FYP/src/bird_data/clips/species/emberiza_citrinella/XC841213__s10000__e13000.wav,
emberiza_citrinella,841213,Emberiza citrinella,/Users/justyna-przy/Projects/ISE/FYP/src/bird_data/raw/emberiza_citrinella/XC841213.mp3,13.0,16.0,-19.655839123620243,-20.93400571999508,species,Emberiza citrinella,Yellowhammer,0.659000813961029,0.659000813961029,species,0,,,
emberiza_citrinella,841213,Emberiza citrinella,/Users/justyna-przy/Projects/ISE/FYP/src/bird_data/raw/emberiza_citrinella/XC841213.mp3,16.0,19.0,-18.749224664353523,-20.93400571999508,species,Emberiza citrinella,Yellowhammer,0.8997520804405212,0.8997520804405212,species,1,rand_species,/Users/justyna-przy/Projects/ISE/FYP/src/bird_data/clips/species/emberiza_citrinella/XC841213__s16000__e19000.wav,
emberiza_citrinella,841213,Emberiza citrinella,/Users/justyna-przy/Projects/ISE/FYP/src/bird_data/raw/emberiza_citrinella/XC841213.mp3,22.0,25.0,-15.721294323454016,-20.93400571999508,species,Emberiza citrinella,Yellowhammer,0.9135794639587402,0.9135794639587402,species,0,,,
emberiza_citrinella,817773,Emberiza citrinella,/Users/justyna-przy/Projects/ISE/FYP/src/bird_data/raw/emberiza_citrinella/XC817773.mp3,4.0,7.0,-34.75756326566956,-38.15440690564567,species,Emberiza citrinella,Yellowhammer,0.8621729016304016,0.8621729016304016,species,1,rand_species,/Users/justyna-przy/Projects/ISE/FYP/src/bird_data/clips/species/emberiza_citrinella/XC817773__s4000__e7000.wav,
emberiza_citrinella,817773,Emberiza citrinella,/Users/justyna-przy/Projects/ISE/FYP/src/bird_data/raw/emberiza_citrinella/XC817773.mp3,7.0,10.0,-37.92257919285257,-38.15440690564567,drop,Ploceus melanocephalus,Black-headed Weaver,0.6614874601364136,0.6614874601364136,drop,0,,,
emberiza_citrinella,817773,Emberiza citrinella,/Users/justyna-przy/Projects/ISE/FYP/src/bird_data/raw/emberiza_citrinella/XC817773.mp3,10.0,13.0,-36.73665463324606,-38.15440690564567,drop,Progne tapera,Brown-chested Martin,0.2260282039642334,0.2260282039642334,drop,0,,,
emberiza_citrinella,817772,Emberiza citrinella,/Users/justyna-przy/Projects/ISE/FYP/src/bird_data/raw/emberiza_citrinella/XC817772.mp3,4.0,7.0,-36.66972346351924,-40.0,species,Emberiza citrinella,Yellowhammer,0.6216910481452942,0.6216910481452942,species,0,,,
emberiza_citrinella,817772,Emberiza citrinella,/Users/justyna-przy/Projects/ISE/FYP/src/bird_data/raw/emberiza_citrinella/XC817772.mp3,7.0,10.0,-38.965433914534884,-40.0,species,Emberiza citrinella,Yellowhammer,0.9579925537109375,0.9579925537109375,species,1,rand_species,/Users/justyna-przy/Projects/ISE/FYP/src/bird_data/clips/species/emberiza_citrinella/XC817772__s7000__e10000.wav,
emberiza_citrinella,817772,Emberiza citrinella,/Users/justyna-przy/Projects/ISE/FYP/src/bird_data/raw/emberiza_citrinella/XC817772.mp3,16.0,19.0,-38.398149177693874,-40.0,species,Emberiza citrinella,Yellowhammer,0.6872627139091492,0.6872627139091492,species,1,rand_species,/Users/justyna-przy/Projects/ISE/FYP/src/bird_data/clips/species/emberiza_citrinella/XC817772__s16000__e19000.wav,
emberiza_citrinella,817772,Emberiza citrinella,/Users/justyna-przy/Projects/ISE/FYP/src/bird_data/raw/emberiza_citrinella/XC817772.mp3,19.0,22.0,-39.01085753597841,-40.0,drop,Ploceus melanocephalus,Black-headed Weaver,0.4485698640346527,0.4485698640346527,drop,0,,,
emberiza_citrinella,817772,Emberiza citrinella,/Users/justyna-przy/Projects/ISE/FYP/src/bird_data/raw/emberiza_citrinella/XC817772.mp3,22.0,25.0,-33.04521365248584,-40.0,species,Emberiza citrinella,Yellowhammer,0.7713800668716431,0.7713800668716431,species,1,rand_species,/Users/justyna-przy/Projects/ISE/FYP/src/bird_data/clips/species/emberiza_citrinella/XC817772__s22000__e25000.wav,
emberiza_citrinella,817772,Emberiza citrinella,/Users/justyna-przy/Projects/ISE/FYP/src/bird_data/raw/emberiza_citrinella/XC817772.mp3,25.0,28.0,-38.26357788795187,-40.0,drop,Anthus godlewskii,Blyth's Pipit,0.4975089132785797,0.4975089132785797,drop,0,,,
emberiza_citrinella,817771,Emberiza citrinella,/Users/justyna-przy/Projects/ISE/FYP/src/bird_data/raw/emberiza_citrinella/XC817771.mp3,4.0,7.0,-37.616802911192764,-40.0,species,Emberiza citrinella,Yellowhammer,0.445844441652298,0.445844441652298,species,1,rand_species,/Users/justyna-przy/Projects/ISE/FYP/src/bird_data/clips/species/emberiza_citrinella/XC817771__s4000__e7000.wav,
emberiza_citrinella,817771,Emberiza citrinella,/Users/justyna-przy/Projects/ISE/FYP/src/bird_data/raw/emberiza_citrinella/XC817771.mp3,10.0,13.0,-33.12080830814639,-40.0,species,Emberiza citrinella,Yellowhammer,0.9035570025444031,0.9035570025444031,species,1,rand_species,/Users/justyna-przy/Projects/ISE/FYP/src/bird_data/clips/species/emberiza_citrinella/XC817771__s10000__e13000.wav,
emberiza_citrinella,817771,Emberiza citrinella,/Users/justyna-przy/Projects/ISE/FYP/src/bird_data/raw/emberiza_citrinella/XC817771.mp3,16.0,19.0,-36.67214021781005,-40.0,species,Emberiza citrinella,Yellowhammer,0.8368878960609436,0.8368878960609436,species,0,,,
emberiza_citrinella,817771,Emberiza citrinella,/Users/justyna-przy/Projects/ISE/FYP/src/bird_data/raw/emberiza_citrinella/XC817771.mp3,22.0,25.0,-34.86006280924145,-40.0,species,Emberiza citrinella,Yellowhammer,0.7619501352310181,0.7619501352310181,species,1,rand_species,/Users/justyna-przy/Projects/ISE/FYP/src/bird_data/clips/species/emberiza_citrinella/XC817771__s22000__e25000.wav,
emberiza_citrinella,817771,Emberiza citrinella,/Users/justyna-przy/Projects/ISE/FYP/src/bird_data/raw/emberiza_citrinella/XC817771.mp3,25.0,28.0,-36.96573833337301,-40.0,species,Emberiza citrinella,Yellowhammer,0.8285353183746338,0.8285353183746338,species,0,,,
emberiza_citrinella,817771,Emberiza citrinella,/Users/justyna-przy/Projects/ISE/FYP/src/bird_data/raw/emberiza_citrinella/XC817771.mp3,31.0,34.0,-35.12205933713487,-40.0,species,Emberiza citrinella,Yellowhammer,0.6233059763908386,0.6233059763908386,species,0,,,
emberiza_citrinella,814257,Emberiza citrinella,/Users/justyna-przy/Projects/ISE/FYP/src/bird_data/raw/emberiza_citrinella/XC814257.mp3,4.0,7.0,-35.81046645572223,-36.671619640572,species,Emberiza citrinella,Yellowhammer,0.5665842890739441,0.5665842890739441,species,1,rand_species,/Users/justyna-przy/Projects/ISE/FYP/src/bird_data/clips/species/emberiza_citrinella/XC814257__s4000__e7000.wav,
emberiza_citrinella,814257,Emberiza citrinella,/Users/justyna-przy/Projects/ISE/FYP/src/bird_data/raw/emberiza_citrinella/XC814257.mp3,7.0,10.0,-36.47069443584386,-36.671619640572,species,Emberiza citrinella,Yellowhammer,0.7594345211982727,0.7594345211982727,species,1,rand_species,/Users/justyna-przy/Projects/ISE/FYP/src/bird_data/clips/species/emberiza_citrinella/XC814257__s7000__e10000.wav,
emberiza_citrinella,814257,Emberiza citrinella,/Users/justyna-przy/Projects/ISE/FYP/src/bird_data/raw/emberiza_citrinella/XC814257.mp3,13.0,16.0,-32.984815765900436,-36.671619640572,drop,Emberiza citrinella,Yellowhammer,0.17937207221984863,0.17937207221984863,drop,0,,,
emberiza_citrinella,814257,Emberiza citrinella,/Users/justyna-przy/Projects/ISE/FYP/src/bird_data/raw/emberiza_citrinella/XC814257.mp3,16.0,19.0,-35.963087984975644,-36.671619640572,species,Emberiza citrinella,Yellowhammer,0.9004864692687988,0.9004864692687988,species,1,rand_species,/Users/justyna-przy/Projects/ISE/FYP/src/bird_data/clips/species/emberiza_citrinella/XC814257__s16000__e19000.wav,
emberiza_citrinella,814257,Emberiza citrinella,/Users/justyna-przy/Projects/ISE/FYP/src/bird_data/raw/emberiza_citrinella/XC814257.mp3,19.0,22.0,-34.79652840019319,-36.671619640572,drop,Emberiza citrinella,Yellowhammer,0.14316731691360474,0.14316731691360474,drop,0,,,
emberiza_citrinella,798299,Emberiza citrinella,/Users/justyna-przy/Projects/ISE/FYP/src/bird_data/raw/emberiza_citrinella/XC798299.mp3,1.0,4.0,-24.848428695245776,-40.0,species,Emberiza citrinella,Yellowhammer,0.9739499092102051,0.9739499092102051,species,1,rand_species,/Users/justyna-przy/Projects/ISE/FYP/src/bird_data/clips/species/emberiza_citrinella/XC798299__s1000__e4000.wav,
emberiza_citrinella,798299,Emberiza citrinella,/Users/justyna-przy/Projects/ISE/FYP/src/bird_data/raw/emberiza_citrinella/XC798299.mp3,7.0,10.0,-27.76939553936289,-40.0,species,Emberiza citrinella,Yellowhammer,0.5534746050834656,0.5534746050834656,species,0,,,
emberiza_citrinella,798299,Emberiza citrinella,/Users/justyna-przy/Projects/ISE/FYP/src/bird_data/raw/emberiza_citrinella/XC798299.mp3,10.0,13.0,-25.80151618358545,-40.0,species,Emberiza citrinella,Yellowhammer,0.9627774953842163,0.9627774953842163,species,1,rand_species,/Users/justyna-przy/Projects/ISE/FYP/src/bird_data/clips/species/emberiza_citrinella/XC798299__s10000__e13000.wav,
emberiza_citrinella,798299,Emberiza citrinella,/Users/justyna-przy/Projects/ISE/FYP/src/bird_data/raw/emberiza_citrinella/XC798299.mp3,16.0,19.0,-27.02375295932475,-40.0,species,Emberiza citrinella,Yellowhammer,0.8709310293197632,0.8709310293197632,species,1,rand_species,/Users/justyna-przy/Projects/ISE/FYP/src/bird_data/clips/species/emberiza_citrinella/XC798299__s16000__e19000.wav,
emberiza_citrinella,798299,Emberiza citrinella,/Users/justyna-przy/Projects/ISE/FYP/src/bird_data/raw/emberiza_citrinella/XC798299.mp3,25.0,28.0,-26.293117186233733,-40.0,species,Emberiza citrinella,Yellowhammer,0.9763019680976868,0.9763019680976868,species,0,,,
emberiza_citrinella,798299,Emberiza citrinella,/Users/justyna-przy/Projects/ISE/FYP/src/bird_data/raw/emberiza_citrinella/XC798299.mp3,31.0,34.0,-23.857627789179897,-40.0,species,Emberiza citrinella,Yellowhammer,0.9727827310562134,0.9727827310562134,species,0,,,
emberiza_citrinella,793279,Emberiza citrinella,/Users/justyna-przy/Projects/ISE/FYP/src/bird_data/raw/emberiza_citrinella/XC793279.mp3,1.0,4.0,-30.632433646946815,-31.706603439597583,species,Emberiza citrinella,Yellowhammer,0.8582631945610046,0.8582631945610046,species,0,,,
emberiza_citrinella,793279,Emberiza citrinella,/Users/justyna-przy/Projects/ISE/FYP/src/bird_data/raw/emberiza_citrinella/XC793279.mp3,4.0,7.0,-31.637233898211974,-31.706603439597583,species,Emberiza citrinella,Yellowhammer,0.9042714834213257,0.9042714834213257,species,1,rand_species,/Users/justyna-przy/Projects/ISE/FYP/src/bird_data/clips/species/emberiza_citrinella/XC793279__s4000__e7000.wav,
emberiza_citrinella,793279,Emberiza citrinella,/Users/justyna-przy/Projects/ISE/FYP/src/bird_data/raw/emberiza_citrinella/XC793279.mp3,7.0,10.0,-30.661074957261487,-31.706603439597583,species,Emberiza citrinella,Yellowhammer,0.5674884915351868,0.5674884915351868,species,1,rand_species,/Users/justyna-przy/Projects/ISE/FYP/src/bird_data/clips/species/emberiza_citrinella/XC793279__s7000__e10000.wav,
emberiza_citrinella,793279,Emberiza citrinella,/Users/justyna-przy/Projects/ISE/FYP/src/bird_data/raw/emberiza_citrinella/XC793279.mp3,13.0,16.0,-30.11883650681783,-31.706603439597583,species,Emberiza citrinella,Yellowhammer,0.6454642415046692,0.6454642415046692,species,1,rand_species,/Users/justyna-przy/Projects/ISE/FYP/src/bird_data/clips/species/emberiza_citrinella/XC793279__s13000__e16000.wav,
emberiza_citrinella,770013,Emberiza citrinella,/Users/justyna-przy/Projects/ISE/FYP/src/bird_data/raw/emberiza_citrinella/XC770013.mp3,1.0,4.0,-26.87221580296883,-40.0,species,Emberiza citrinella,Yellowhammer,0.9438651204109192,0.9438651204109192,species,0,,,
emberiza_citrinella,770013,Emberiza citrinella,/Users/justyna-przy/Projects/ISE/FYP/src/bird_data/raw/emberiza_citrinella/XC770013.mp3,4.0,7.0,-37.83887698825367,-40.0,species,Emberiza citrinella,Yellowhammer,0.6986974477767944,0.6986974477767944,species,1,rand_species,/Users/justyna-przy/Projects/ISE/FYP/src/bird_data/clips/species/emberiza_citrinella/XC770013__s4000__e7000.wav,
emberiza_citrinella,770013,Emberiza citrinella,/Users/justyna-przy/Projects/ISE/FYP/src/bird_data/raw/emberiza_citrinella/XC770013.mp3,10.0,13.0,-27.174281782400232,-40.0,species,Emberiza citrinella,Yellowhammer,0.9600681662559509,0.9600681662559509,species,0,,,
emberiza_citrinella,770013,Emberiza citrinella,/Users/justyna-przy/Projects/ISE/FYP/src/bird_data/raw/emberiza_citrinella/XC770013.mp3,19.0,22.0,-29.753622829995304,-40.0,species,Emberiza citrinella,Yellowhammer,0.9634803533554077,0.9634803533554077,species,0,,,
emberiza_citrinella,770013,Emberiza citrinella,/Users/justyna-przy/Projects/ISE/FYP/src/bird_data/raw/emberiza_citrinella/XC770013.mp3,28.0,31.0,-28.900201304678852,-40.0,species,Emberiza citrinella,Yellowhammer,0.9737890958786011,0.9737890958786011,species,1,rand_species,/Users/justyna-przy/Projects/ISE/FYP/src/bird_data/clips/species/emberiza_citrinella/XC770013__s28000__e31000.wav,
emberiza_citrinella,770013,Emberiza citrinella,/Users/justyna-przy/Projects/ISE/FYP/src/bird_data/raw/emberiza_citrinella/XC770013.mp3,34.0,37.0,-28.64529721353839,-40.0,species,Emberiza citrinella,Yellowhammer,0.9785521626472473,0.9785521626472473,species,0,,,
emberiza_citrinella,770013,Emberiza citrinella,/Users/justyna-przy/Projects/ISE/FYP/src/bird_data/raw/emberiza_citrinella/XC770013.mp3,43.0,46.0,-25.42625273911159,-40.0,species,Emberiza citrinella,Yellowhammer,0.9612683057785034,0.9612683057785034,species,0,,,
emberiza_citrinella,770013,Emberiza citrinella,/Users/justyna-przy/Projects/ISE/FYP/src/bird_data/raw/emberiza_citrinella/XC770013.mp3,52.0,55.0,-27.999930880909652,-40.0,species,Emberiza citrinella,Yellowhammer,0.5902443528175354,0.5902443528175354,species,0,,,
emberiza_citrinella,770013,Emberiza citrinella,/Users/justyna-przy/Projects/ISE/FYP/src/bird_data/raw/emberiza_citrinella/XC770013.mp3,55.0,58.0,-34.53460448919804,-40.0,species,Emberiza citrinella,Yellowhammer,0.9107481837272644,0.9107481837272644,species,1,rand_species,/Users/justyna-przy/Projects/ISE/FYP/src/bird_data/clips/species/emberiza_citrinella/XC770013__s55000__e58000.wav,
emberiza_citrinella,759872,Emberiza citrinella,/Users/justyna-przy/Projects/ISE/FYP/src/bird_data/raw/emberiza_citrinella/XC759872.mp3,4.0,7.0,-30.30420377598223,-40.0,species,Emberiza citrinella,Yellowhammer,0.7192549109458923,0.7192549109458923,species,1,rand_species,/Users/justyna-przy/Projects/ISE/FYP/src/bird_data/clips/species/emberiza_citrinella/XC759872__s4000__e7000.wav,
emberiza_citrinella,759872,Emberiza citrinella,/Users/justyna-przy/Projects/ISE/FYP/src/bird_data/raw/emberiza_citrinella/XC759872.mp3,7.0,10.0,-36.13473182644161,-40.0,species,Emberiza citrinella,Yellowhammer,0.7465568780899048,0.7465568780899048,species,1,rand_species,/Users/justyna-przy/Projects/ISE/FYP/src/bird_data/clips/species/emberiza_citrinella/XC759872__s7000__e10000.wav,
emberiza_citrinella,759872,Emberiza citrinella,/Users/justyna-przy/Projects/ISE/FYP/src/bird_data/raw/emberiza_citrinella/XC759872.mp3,10.0,13.0,-33.029688066330294,-40.0,species,Emberiza citrinella,Yellowhammer,0.6835746765136719,0.6835746765136719,species,1,rand_species,/Users/justyna-przy/Projects/ISE/FYP/src/bird_data/clips/species/emberiza_citrinella/XC759872__s10000__e13000.wav,
emberiza_citrinella,759870,Emberiza citrinella,/Users/justyna-przy/Projects/ISE/FYP/src/bird_data/raw/emberiza_citrinella/XC759870.mp3,1.0,4.0,-28.37262060845085,-40.0,drop,Luscinia luscinia,Thrush Nightingale,0.22505779564380646,0.22505779564380646,drop,0,,,
emberiza_citrinella,759870,Emberiza citrinella,/Users/justyna-przy/Projects/ISE/FYP/src/bird_data/raw/emberiza_citrinella/XC759870.mp3,4.0,7.0,-27.253052261790536,-40.0,species,Emberiza citrinella,Yellowhammer,0.746759831905365,0.746759831905365,species,1,rand_species,/Users/justyna-przy/Projects/ISE/FYP/src/bird_data/clips/species/emberiza_citrinella/XC759870__s4000__e7000.wav,
emberiza_citrinella,755103,Emberiza citrinella,/Users/justyna-przy/Projects/ISE/FYP/src/bird_data/raw/emberiza_citrinella/XC755103.mp3,1.0,4.0,-38.06177883217242,-40.0,species,Emberiza citrinella,Yellowhammer,0.3239224851131439,0.3239224851131439,species,1,rand_species,/Users/justyna-przy/Projects/ISE/FYP/src/bird_data/clips/species/emberiza_citrinella/XC755103__s1000__e4000.wav,
emberiza_citrinella,755103,Emberiza citrinella,/Users/justyna-przy/Projects/ISE/FYP/src/bird_data/raw/emberiza_citrinella/XC755103.mp3,4.0,7.0,-38.501250000201104,-40.0,drop,Emberiza citrinella,Yellowhammer,0.23019909858703613,0.23019909858703613,drop,0,,,
emberiza_citrinella,755103,Emberiza citrinella,/Users/justyna-przy/Projects/ISE/FYP/src/bird_data/raw/emberiza_citrinella/XC755103.mp3,7.0,10.0,-39.850969386139376,-40.0,species,Emberiza citrinella,Yellowhammer,0.8604744672775269,0.8604744672775269,species,1,rand_species,/Users/justyna-przy/Projects/ISE/FYP/src/bird_data/clips/species/emberiza_citrinella/XC755103__s7000__e10000.wav,
emberiza_citrinella,755103,Emberiza citrinella,/Users/justyna-przy/Projects/ISE/FYP/src/bird_data/raw/emberiza_citrinella/XC755103.mp3,10.0,13.0,-38.162075957586,-40.0,drop,Emberiza citrinella,Yellowhammer,0.1717999130487442,0.1717999130487442,drop,0,,,
emberiza_citrinella,751209,Emberiza citrinella,/Users/justyna-przy/Projects/ISE/FYP/src/bird_data/raw/emberiza_citrinella/XC751209.mp3,1.0,4.0,-34.187790953604306,-39.62405943694761,drop,Emberiza citrinella,Yellowhammer,0.2521061301231384,0.2521061301231384,drop,0,,,
emberiza_citrinella,751209,Emberiza citrinella,/Users/justyna-przy/Projects/ISE/FYP/src/bird_data/raw/emberiza_citrinella/XC751209.mp3,7.0,10.0,-35.141757639699605,-39.62405943694761,species,Emberiza citrinella,Yellowhammer,0.8154223561286926,0.8154223561286926,species,1,rand_species,/Users/justyna-przy/Projects/ISE/FYP/src/bird_data/clips/species/emberiza_citrinella/XC751209__s7000__e10000.wav,
emberiza_citrinella,751209,Emberiza citrinella,/Users/justyna-przy/Projects/ISE/FYP/src/bird_data/raw/emberiza_citrinella/XC751209.mp3,10.0,13.0,-34.84409179805141,-39.62405943694761,drop,Fringilla montifringilla,Brambling,0.7101324796676636,0.7101324796676636,drop,0,,,
emberiza_citrinella,751209,Emberiza citrinella,/Users/justyna-przy/Projects/ISE/FYP/src/bird_data/raw/emberiza_citrinella/XC751209.mp3,13.0,16.0,-36.846859666374826,-39.62405943694761,species,Emberiza citrinella,Yellowhammer,0.404293417930603,0.404293417930603,species,1,rand_species,/Users/justyna-przy/Projects/ISE/FYP/src/bird_data/clips/species/emberiza_citrinella/XC751209__s13000__e16000.wav,
emberiza_citrinella,751209,Emberiza citrinella,/Users/justyna-przy/Projects/ISE/FYP/src/bird_data/raw/emberiza_citrinella/XC751209.mp3,19.0,22.0,-39.5691545216378,-39.62405943694761,drop,Empidonax minimus,Least Flycatcher,0.22602479159832,0.22602479159832,drop,0,,,
emberiza_citrinella,722883,Emberiza citrinella,/Users/justyna-przy/Projects/ISE/FYP/src/bird_data/raw/emberiza_citrinella/XC722883.mp3,1.0,4.0,-25.647468828141207,-40.0,species,Emberiza citrinella,Yellowhammer,0.9161224365234375,0.9161224365234375,species,1,rand_species,/Users/justyna-przy/Projects/ISE/FYP/src/bird_data/clips/species/emberiza_citrinella/XC722883__s1000__e4000.wav,
emberiza_citrinella,722883,Emberiza citrinella,/Users/justyna-przy/Projects/ISE/FYP/src/bird_data/raw/emberiza_citrinella/XC722883.mp3,10.0,13.0,-21.84485425500515,-40.0,species,Emberiza citrinella,Yellowhammer,0.9415632486343384,0.9415632486343384,species,1,rand_species,/Users/justyna-przy/Projects/ISE/FYP/src/bird_data/clips/species/emberiza_citrinella/XC722883__s10000__e13000.wav,
emberiza_citrinella,722883,Emberiza citrinella,/Users/justyna-przy/Projects/ISE/FYP/src/bird_data/raw/emberiza_citrinella/XC722883.mp3,19.0,22.0,-22.62791874877474,-40.0,drop,Emberiza cirlus,Cirl Bunting,0.6712570786476135,0.6712570786476135,drop,0,,,
emberiza_citrinella,722883,Emberiza citrinella,/Users/justyna-przy/Projects/ISE/FYP/src/bird_data/raw/emberiza_citrinella/XC722883.mp3,22.0,25.0,-27.606785313012594,-40.0,species,Emberiza citrinella,Yellowhammer,0.6185795664787292,0.6185795664787292,species,1,rand_species,/Users/justyna-przy/Projects/ISE/FYP/src/bird_data/clips/species/emberiza_citrinella/XC722883__s22000__e25000.wav,
emberiza_citrinella,715853,Emberiza citrinella,/Users/justyna-przy/Projects/ISE/FYP/src/bird_data/raw/emberiza_citrinella/XC715853.mp3,1.0,4.0,-25.628043129123036,-40.0,species,Emberiza citrinella,Yellowhammer,0.9965483546257019,0.9965483546257019,species,1,rand_species,/Users/justyna-przy/Projects/ISE/FYP/src/bird_data/clips/species/emberiza_citrinella/XC715853__s1000__e4000.wav,
emberiza_citrinella,715853,Emberiza citrinella,/Users/justyna-przy/Projects/ISE/FYP/src/bird_data/raw/emberiza_citrinella/XC715853.mp3,4.0,7.0,-31.930879607312,-40.0,species,Emberiza citrinella,Yellowhammer,0.9297356009483337,0.9297356009483337,species,0,,,
emberiza_citrinella,715853,Emberiza citrinella,/Users/justyna-przy/Projects/ISE/FYP/src/bird_data/raw/emberiza_citrinella/XC715853.mp3,10.0,13.0,-15.41164584363665,-40.0,species,Emberiza citrinella,Yellowhammer,0.9985277652740479,0.9985277652740479,species,1,rand_species,/Users/justyna-przy/Projects/ISE/FYP/src/bird_data/clips/species/emberiza_citrinella/XC715853__s10000__e13000.wav,
emberiza_citrinella,715853,Emberiza citrinella,/Users/justyna-przy/Projects/ISE/FYP/src/bird_data/raw/emberiza_citrinella/XC715853.mp3,19.0,22.0,-18.756133264388396,-40.0,species,Emberiza citrinella,Yellowhammer,0.9640101194381714,0.9640101194381714,species,0,,,
emberiza_citrinella,715853,Emberiza citrinella,/Users/justyna-przy/Projects/ISE/FYP/src/bird_data/raw/emberiza_citrinella/XC715853.mp3,22.0,25.0,-24.156624461162856,-40.0,species,Emberiza citrinella,Yellowhammer,0.7561179995536804,0.7561179995536804,species,1,rand_species,/Users/justyna-przy/Projects/ISE/FYP/src/bird_data/clips/species/emberiza_citrinella/XC715853__s22000__e25000.wav,
emberiza_citrinella,715853,Emberiza citrinella,/Users/justyna-przy/Projects/ISE/FYP/src/bird_data/raw/emberiza_citrinella/XC715853.mp3,28.0,31.0,-22.97172332362472,-40.0,species,Emberiza citrinella,Yellowhammer,0.9683330059051514,0.9683330059051514,species,0,,,
emberiza_citrinella,715852,Emberiza citrinella,/Users/justyna-przy/Projects/ISE/FYP/src/bird_data/raw/emberiza_citrinella/XC715852.mp3,1.0,4.0,-22.7504410696383,-40.0,species,Emberiza citrinella,Yellowhammer,0.9808089733123779,0.9808089733123779,species,0,,,
emberiza_citrinella,715852,Emberiza citrinella,/Users/justyna-przy/Projects/ISE/FYP/src/bird_data/raw/emberiza_citrinella/XC715852.mp3,10.0,13.0,-22.976166323289867,-40.0,species,Emberiza citrinella,Yellowhammer,0.9602037668228149,0.9602037668228149,species,1,rand_species,/Users/justyna-przy/Projects/ISE/FYP/src/bird_data/clips/species/emberiza_citrinella/XC715852__s10000__e13000.wav,
emberiza_citrinella,715852,Emberiza citrinella,/Users/justyna-przy/Projects/ISE/FYP/src/bird_data/raw/emberiza_citrinella/XC715852.mp3,19.0,22.0,-18.905463536847943,-40.0,species,Emberiza citrinella,Yellowhammer,0.9897218346595764,0.9897218346595764,species,1,rand_species,/Users/justyna-przy/Projects/ISE/FYP/src/bird_data/clips/species/emberiza_citrinella/XC715852__s19000__e22000.wav,
emberiza_citrinella,715852,Emberiza citrinella,/Users/justyna-przy/Projects/ISE/FYP/src/bird_data/raw/emberiza_citrinella/XC715852.mp3,22.0,25.0,-38.43842416739522,-40.0,species,Emberiza citrinella,Yellowhammer,0.9078947305679321,0.9078947305679321,species,0,,,
emberiza_citrinella,715852,Emberiza citrinella,/Users/justyna-przy/Projects/ISE/FYP/src/bird_data/raw/emberiza_citrinella/XC715852.mp3,28.0,31.0,-21.5161795873259,-40.0,species,Emberiza citrinella,Yellowhammer,0.9848428964614868,0.9848428964614868,species,1,rand_species,/Users/justyna-przy/Projects/ISE/FYP/src/bird_data/clips/species/emberiza_citrinella/XC715852__s28000__e31000.wav,
emberiza_citrinella,713035,Emberiza citrinella,/Users/justyna-przy/Projects/ISE/FYP/src/bird_data/raw/emberiza_citrinella/XC713035.mp3,4.0,7.0,-35.83849631676753,-40.0,species,Emberiza citrinella,Yellowhammer,0.7645302414894104,0.7645302414894104,species,1,rand_species,/Users/justyna-przy/Projects/ISE/FYP/src/bird_data/clips/species/emberiza_citrinella/XC713035__s4000__e7000.wav,
emberiza_citrinella,713035,Emberiza citrinella,/Users/justyna-przy/Projects/ISE/FYP/src/bird_data/raw/emberiza_citrinella/XC713035.mp3,13.0,16.0,-38.408939943106944,-40.0,drop,Phylloscopus borealis,Arctic Warbler,0.1846603900194168,0.1846603900194168,drop,0,,,
emberiza_citrinella,711833,Emberiza citrinella,/Users/justyna-przy/Projects/ISE/FYP/src/bird_data/raw/emberiza_citrinella/XC711833.mp3,1.0,4.0,-22.92690752525546,-39.27015709879174,species,Emberiza citrinella,Yellowhammer,0.9942527413368225,0.9942527413368225,species,1,rand_species,/Users/justyna-przy/Projects/ISE/FYP/src/bird_data/clips/species/emberiza_citrinella/XC711833__s1000__e4000.wav,
emberiza_citrinella,711833,Emberiza citrinella,/Users/justyna-przy/Projects/ISE/FYP/src/bird_data/raw/emberiza_citrinella/XC711833.mp3,4.0,7.0,-20.730805324730373,-39.27015709879174,species,Emberiza citrinella,Yellowhammer,0.9687334895133972,0.9687334895133972,species,1,rand_species,/Users/justyna-przy/Projects/ISE/FYP/src/bird_data/clips/species/emberiza_citrinella/XC711833__s4000__e7000.wav,
emberiza_citrinella,711833,Emberiza citrinella,/Users/justyna-przy/Projects/ISE/FYP/src/bird_data/raw/emberiza_citrinella/XC711833.mp3,10.0,13.0,-19.87586259949802,-39.27015709879174,species,Emberiza citrinella,Yellowhammer,0.9790176749229431,0.9790176749229431,species,0,,,
emberiza_citrinella,711833,Emberiza citrinella,/Users/justyna-przy/Projects/ISE/FYP/src/bird_data/raw/emberiza_citrinella/XC711833.mp3,13.0,16.0,-39.27015709879174,-39.27015709879174,drop,Emberiza schoeniclus,Reed Bunting,0.1583080291748047,0.1583080291748047,drop,0,,,
emberiza_citrinella,711833,Emberiza citrinella,/Users/justyna-przy/Projects/ISE/FYP/src/bird_data/raw/emberiza_citrinella/XC711833.mp3,16.0,19.0,-19.61512409317391,-39.27015709879174,species,Emberiza citrinella,Yellowhammer,0.9729775786399841,0.9729775786399841,species,0,,,
emberiza_citrinella,711833,Emberiza citrinella,/Users/justyna-przy/Projects/ISE/FYP/src/bird_data/raw/emberiza_citrinella/XC711833.mp3,22.0,25.0,-22.865899808590065,-39.27015709879174,species,Emberiza citrinella,Yellowhammer,0.9002013206481934,0.9002013206481934,species,0,,,
emberiza_citrinella,711833,Emberiza citrinella,/Users/justyna-przy/Projects/ISE/FYP/src/bird_data/raw/emberiza_citrinella/XC711833.mp3,25.0,28.0,-24.389902588294945,-39.27015709879174,species,Emberiza citrinella,Yellowhammer,0.45236736536026,0.45236736536026,species,1,rand_species,/Users/justyna-przy/Projects/ISE/FYP/src/bird_data/clips/species/emberiza_citrinella/XC711833__s25000__e28000.wav,
emberiza_citrinella,711833,Emberiza citrinella,/Users/justyna-przy/Projects/ISE/FYP/src/bird_data/raw/emberiza_citrinella/XC711833.mp3,31.0,34.0,-20.955459575340196,-39.27015709879174,species,Emberiza citrinella,Yellowhammer,0.9545722603797913,0.9545722603797913,species,0,,,
emberiza_citrinella,711828,Emberiza citrinella,/Users/justyna-przy/Projects/ISE/FYP/src/bird_data/raw/emberiza_citrinella/XC711828.mp3,7.0,10.0,-27.420427580224192,-32.48663309104046,species,Emberiza citrinella,Yellowhammer,0.9803261756896973,0.9803261756896973,species,0,,,
emberiza_citrinella,711828,Emberiza citrinella,/Users/justyna-przy/Projects/ISE/FYP/src/bird_data/raw/emberiza_citrinella/XC711828.mp3,10.0,13.0,-31.356838300539557,-32.48663309104046,species,Emberiza citrinella,Yellowhammer,0.9448817372322083,0.9448817372322083,species,1,rand_species,/Users/justyna-przy/Projects/ISE/FYP/src/bird_data/clips/species/emberiza_citrinella/XC711828__s10000__e13000.wav,
emberiza_citrinella,711828,Emberiza citrinella,/Users/justyna-przy/Projects/ISE/FYP/src/bird_data/raw/emberiza_citrinella/XC711828.mp3,13.0,16.0,-30.859791191606053,-32.48663309104046,species,Emberiza citrinella,Yellowhammer,0.9727126955986023,0.9727126955986023,species,0,,,
emberiza_citrinella,711828,Emberiza citrinella,/Users/justyna-przy/Projects/ISE/FYP/src/bird_data/raw/emberiza_citrinella/XC711828.mp3,16.0,19.0,-31.157113034542053,-32.48663309104046,species,Emberiza citrinella,Yellowhammer,0.9725311398506165,0.9725311398506165,species,0,,,
emberiza_citrinella,711828,Emberiza citrinella,/Users/justyna-przy/Projects/ISE/FYP/src/bird_data/raw/emberiza_citrinella/XC711828.mp3,22.0,25.0,-32.3037835977987,-32.48663309104046,species,Emberiza citrinella,Yellowhammer,0.9851115345954895,0.9851115345954895,species,0,,,
emberiza_citrinella,711828,Emberiza citrinella,/Users/justyna-przy/Projects/ISE/FYP/src/bird_data/raw/emberiza_citrinella/XC711828.mp3,28.0,31.0,-31.415025017257385,-32.48663309104046,species,Emberiza citrinella,Yellowhammer,0.9759499430656433,0.9759499430656433,species,0,,,
emberiza_citrinella,711828,Emberiza citrinella,/Users/justyna-przy/Projects/ISE/FYP/src/bird_data/raw/emberiza_citrinella/XC711828.mp3,31.0,34.0,-28.780473786915046,-32.48663309104046,species,Emberiza citrinella,Yellowhammer,0.9462090730667114,0.9462090730667114,species,1,rand_species,/Users/justyna-przy/Projects/ISE/FYP/src/bird_data/clips/species/emberiza_citrinella/XC711828__s31000__e34000.wav,
emberiza_citrinella,711828,Emberiza citrinella,/Users/justyna-przy/Projects/ISE/FYP/src/bird_data/raw/emberiza_citrinella/XC711828.mp3,34.0,37.0,-27.86856624069431,-32.48663309104046,species,Emberiza citrinella,Yellowhammer,0.9957964420318604,0.9957964420318604,species,0,,,
emberiza_citrinella,711828,Emberiza citrinella,/Users/justyna-przy/Projects/ISE/FYP/src/bird_data/raw/emberiza_citrinella/XC711828.mp3,37.0,40.0,-31.674434094543138,-32.48663309104046,species,Emberiza citrinella,Yellowhammer,0.9630022048950195,0.9630022048950195,species,1,rand_species,/Users/justyna-przy/Projects/ISE/FYP/src/bird_data/clips/species/emberiza_citrinella/XC711828__s37000__e40000.wav,
emberiza_citrinella,711214,Emberiza citrinella,/Users/justyna-przy/Projects/ISE/FYP/src/bird_data/raw/emberiza_citrinella/XC711214.mp3,1.0,4.0,-26.004379888359466,-40.0,species,Emberiza citrinella,Yellowhammer,0.9944978356361389,0.9944978356361389,species,0,,,
emberiza_citrinella,711214,Emberiza citrinella,/Users/justyna-przy/Projects/ISE/FYP/src/bird_data/raw/emberiza_citrinella/XC711214.mp3,10.0,13.0,-28.254131700486322,-40.0,species,Emberiza citrinella,Yellowhammer,0.9942535758018494,0.9942535758018494,species,1,rand_species,/Users/justyna-przy/Projects/ISE/FYP/src/bird_data/clips/species/emberiza_citrinella/XC711214__s10000__e13000.wav,
emberiza_citrinella,711214,Emberiza citrinella,/Users/justyna-przy/Projects/ISE/FYP/src/bird_data/raw/emberiza_citrinella/XC711214.mp3,16.0,19.0,-33.98660113869978,-40.0,species,Emberiza citrinella,Yellowhammer,0.777113676071167,0.777113676071167,species,0,,,
emberiza_citrinella,711214,Emberiza citrinella,/Users/justyna-przy/Projects/ISE/FYP/src/bird_data/raw/emberiza_citrinella/XC711214.mp3,19.0,22.0,-37.637311372708105,-40.0,species,Emberiza citrinella,Yellowhammer,0.7692744731903076,0.7692744731903076,species,1,rand_species,/Users/justyna-przy/Projects/ISE/FYP/src/bird_data/clips/species/emberiza_citrinella/XC711214__s19000__e22000.wav,
emberiza_citrinella,711214,Emberiza citrinella,/Users/justyna-przy/Projects/ISE/FYP/src/bird_data/raw/emberiza_citrinella/XC711214.mp3,25.0,28.0,-24.656167054376613,-40.0,species,Emberiza citrinella,Yellowhammer,0.9939708709716797,0.9939708709716797,species,1,rand_species,/Users/justyna-przy/Projects/ISE/FYP/src/bird_data/clips/species/emberiza_citrinella/XC711214__s25000__e28000.wav,
emberiza_citrinella,703597,Emberiza citrinella,/Users/justyna-przy/Projects/ISE/FYP/src/bird_data/raw/emberiza_citrinella/XC703597.mp3,1.0,4.0,-16.39044023375497,-40.0,species,Emberiza citrinella,Yellowhammer,0.9273244738578796,0.9273244738578796,species,1,rand_species,/Users/justyna-przy/Projects/ISE/FYP/src/bird_data/clips/species/emberiza_citrinella/XC703597__s1000__e4000.wav,
emberiza_citrinella,703597,Emberiza citrinella,/Users/justyna-przy/Projects/ISE/FYP/src/bird_data/raw/emberiza_citrinella/XC703597.mp3,7.0,10.0,-32.23177812262066,-40.0,species,Emberiza citrinella,Yellowhammer,0.6707848310470581,0.6707848310470581,species,1,rand_species,/Users/justyna-przy/Projects/ISE/FYP/src/bird_data/clips/species/emberiza_citrinella/XC703597__s7000__e10000.wav,
emberiza_citrinella,703596,Emberiza citrinella,/Users/justyna-przy/Projects/ISE/FYP/src/bird_data/raw/emberiza_citrinella/XC703596.mp3,4.0,7.0,-32.696740100918554,-40.0,species,Emberiza citrinella,Yellowhammer,0.30702924728393555,0.30702924728393555,species,1,rand_species,/Users/justyna-przy/Projects/ISE/FYP/src/bird_data/clips/species/emberiza_citrinella/XC703596__s4000__e7000.wav,
emberiza_citrinella,703596,Emberiza citrinella,/Users/justyna-przy/Projects/ISE/FYP/src/bird_data/raw/emberiza_citrinella/XC703596.mp3,7.0,10.0,-20.680124424094124,-40.0,species,Emberiza citrinella,Yellowhammer,0.8804447054862976,0.8804447054862976,species,0,,,
emberiza_citrinella,703596,Emberiza citrinella,/Users/justyna-przy/Projects/ISE/FYP/src/bird_data/raw/emberiza_citrinella/XC703596.mp3,13.0,16.0,-26.213170909674265,-40.0,species,Emberiza citrinella,Yellowhammer,0.9810453653335571,0.9810453653335571,species,1,rand_species,/Users/justyna-przy/Projects/ISE/FYP/src/bird_data/clips/species/emberiza_citrinella/XC703596__s13000__e16000.wav,
emberiza_citrinella,703596,Emberiza citrinella,/Users/justyna-przy/Projects/ISE/FYP/src/bird_data/raw/emberiza_citrinella/XC703596.mp3,16.0,19.0,-21.408635874734667,-40.0,species,Emberiza citrinella,Yellowhammer,0.569706916809082,0.569706916809082,species,0,,,
emberiza_citrinella,703596,Emberiza citrinella,/Users/justyna-przy/Projects/ISE/FYP/src/bird_data/raw/emberiza_citrinella/XC703596.mp3,22.0,25.0,-22.315750681521585,-40.0,species,Emberiza citrinella,Yellowhammer,0.44293904304504395,0.44293904304504395,species,1,rand_species,/Users/justyna-przy/Projects/ISE/FYP/src/bird_data/clips/species/emberiza_citrinella/XC703596__s22000__e25000.wav,
emberiza_citrinella,703596,Emberiza citrinella,/Users/justyna-przy/Projects/ISE/FYP/src/bird_data/raw/emberiza_citrinella/XC703596.mp3,28.0,31.0,-18.890477269482968,-40.0,species,Emberiza citrinella,Yellowhammer,0.6759005188941956,0.6759005188941956,species,0,,,
emberiza_citrinella,700131,Emberiza citrinella,/Users/justyna-przy/Projects/ISE/FYP/src/bird_data/raw/emberiza_citrinella/XC700131.mp3,1.0,4.0,-26.389753636309734,-34.03794925492909,species,Emberiza citrinella,Yellowhammer,0.9899848699569702,0.9899848699569702,species,1,rand_species,/Users/justyna-przy/Projects/ISE/FYP/src/bird_data/clips/species/emberiza_citrinella/XC700131__s1000__e4000.wav,
emberiza_citrinella,700131,Emberiza citrinella,/Users/justyna-przy/Projects/ISE/FYP/src/bird_data/raw/emberiza_citrinella/XC700131.mp3,4.0,7.0,-31.41453669746226,-34.03794925492909,drop,Emberiza citrinella,Yellowhammer,0.2976113557815552,0.2976113557815552,drop,0,,,
emberiza_citrinella,700131,Emberiza citrinella,/Users/justyna-przy/Projects/ISE/FYP/src/bird_data/raw/emberiza_citrinella/XC700131.mp3,7.0,10.0,-30.376307777557123,-34.03794925492909,species,Emberiza citrinella,Yellowhammer,0.8969331979751587,0.8969331979751587,species,0,,,
emberiza_citrinella,700131,Emberiza citrinella,/Users/justyna-przy/Projects/ISE/FYP/src/bird_data/raw/emberiza_citrinella/XC700131.mp3,13.0,16.0,-28.261420096904484,-34.03794925492909,species,Emberiza citrinella,Yellowhammer,0.8841944336891174,0.8841944336891174,species,0,,,
emberiza_citrinella,700131,Emberiza citrinella,/Users/justyna-przy/Projects/ISE/FYP/src/bird_data/raw/emberiza_citrinella/XC700131.mp3,19.0,22.0,-26.39775763926673,-34.03794925492909,species,Emberiza citrinella,Yellowhammer,0.9319382309913635,0.9319382309913635,species,0,,,
emberiza_citrinella,700131,Emberiza citrinella,/Users/justyna-przy/Projects/ISE/FYP/src/bird_data/raw/emberiza_citrinella/XC700131.mp3,25.0,28.0,-30.516433264711765,-34.03794925492909,species,Emberiza citrinella,Yellowhammer,0.43124914169311523,0.43124914169311523,species,1,rand_species,/Users/justyna-przy/Projects/ISE/FYP/src/bird_data/clips/species/emberiza_citrinella/XC700131__s25000__e28000.wav,
emberiza_citrinella,700131,Emberiza citrinella,/Users/justyna-przy/Projects/ISE/FYP/src/bird_data/raw/emberiza_citrinella/XC700131.mp3,28.0,31.0,-30.679851437757875,-34.03794925492909,species,Emberiza citrinella,Yellowhammer,0.5987088680267334,0.5987088680267334,species,0,,,
emberiza_citrinella,700131,Emberiza citrinella,/Users/justyna-przy/Projects/ISE/FYP/src/bird_data/raw/emberiza_citrinella/XC700131.mp3,34.0,37.0,-29.674519260556274,-34.03794925492909,species,Emberiza citrinella,Yellowhammer,0.7250961661338806,0.7250961661338806,species,1,rand_species,/Users/justyna-przy/Projects/ISE/FYP/src/bird_data/clips/species/emberiza_citrinella/XC700131__s34000__e37000.wav,
emberiza_citrinella,700131,Emberiza citrinella,/Users/justyna-przy/Projects/ISE/FYP/src/bird_data/raw/emberiza_citrinella/XC700131.mp3,37.0,40.0,-30.328426856871445,-34.03794925492909,species,Emberiza citrinella,Yellowhammer,0.9212255477905273,0.9212255477905273,species,0,,,
emberiza_citrinella,697920,Emberiza citrinella,/Users/justyna-przy/Projects/ISE/FYP/src/bird_data/raw/emberiza_citrinella/XC697920.mp3,1.0,4.0,-26.389753636309734,-34.03794925492909,species,Emberiza citrinella,Yellowhammer,0.9899848699569702,0.9899848699569702,species,0,,,
emberiza_citrinella,697920,Emberiza citrinella,/Users/justyna-przy/Projects/ISE/FYP/src/bird_data/raw/emberiza_citrinella/XC697920.mp3,4.0,7.0,-31.41453669746226,-34.03794925492909,drop,Emberiza citrinella,Yellowhammer,0.2976113557815552,0.2976113557815552,drop,0,,,
emberiza_citrinella,697920,Emberiza citrinella,/Users/justyna-przy/Projects/ISE/FYP/src/bird_data/raw/emberiza_citrinella/XC697920.mp3,7.0,10.0,-30.376307777557123,-34.03794925492909,species,Emberiza citrinella,Yellowhammer,0.8969331979751587,0.8969331979751587,species,0,,,
emberiza_citrinella,697920,Emberiza citrinella,/Users/justyna-przy/Projects/ISE/FYP/src/bird_data/raw/emberiza_citrinella/XC697920.mp3,13.0,16.0,-28.261420096904484,-34.03794925492909,species,Emberiza citrinella,Yellowhammer,0.8841944336891174,0.8841944336891174,species,1,rand_species,/Users/justyna-przy/Projects/ISE/FYP/src/bird_data/clips/species/emberiza_citrinella/XC697920__s13000__e16000.wav,
emberiza_citrinella,697920,Emberiza citrinella,/Users/justyna-przy/Projects/ISE/FYP/src/bird_data/raw/emberiza_citrinella/XC697920.mp3,19.0,22.0,-26.39775763926673,-34.03794925492909,species,Emberiza citrinella,Yellowhammer,0.9319382309913635,0.9319382309913635,species,1,rand_species,/Users/justyna-przy/Projects/ISE/FYP/src/bird_data/clips/species/emberiza_citrinella/XC697920__s19000__e22000.wav,
emberiza_citrinella,697920,Emberiza citrinella,/Users/justyna-przy/Projects/ISE/FYP/src/bird_data/raw/emberiza_citrinella/XC697920.mp3,25.0,28.0,-30.516433264711765,-34.03794925492909,species,Emberiza citrinella,Yellowhammer,0.43124914169311523,0.43124914169311523,species,1,rand_species,/Users/justyna-przy/Projects/ISE/FYP/src/bird_data/clips/species/emberiza_citrinella/XC697920__s25000__e28000.wav,
emberiza_citrinella,697920,Emberiza citrinella,/Users/justyna-przy/Projects/ISE/FYP/src/bird_data/raw/emberiza_citrinella/XC697920.mp3,28.0,31.0,-30.679851437757875,-34.03794925492909,species,Emberiza citrinella,Yellowhammer,0.5987088680267334,0.5987088680267334,species,0,,,
emberiza_citrinella,697920,Emberiza citrinella,/Users/justyna-przy/Projects/ISE/FYP/src/bird_data/raw/emberiza_citrinella/XC697920.mp3,34.0,37.0,-29.674519260556274,-34.03794925492909,species,Emberiza citrinella,Yellowhammer,0.7250961661338806,0.7250961661338806,species,0,,,
emberiza_citrinella,697920,Emberiza citrinella,/Users/justyna-przy/Projects/ISE/FYP/src/bird_data/raw/emberiza_citrinella/XC697920.mp3,37.0,40.0,-30.328426856871445,-34.03794925492909,species,Emberiza citrinella,Yellowhammer,0.9212255477905273,0.9212255477905273,species,0,,,
emberiza_citrinella,697519,Emberiza citrinella,/Users/justyna-przy/Projects/ISE/FYP/src/bird_data/raw/emberiza_citrinella/XC697519.mp3,22.0,25.0,-41.818169721177945,-40.0,species,Emberiza citrinella,Yellowhammer,0.9640565514564514,0.9640565514564514,species,1,rand_species,/Users/justyna-przy/Projects/ISE/FYP/src/bird_data/clips/species/emberiza_citrinella/XC697519__s22000__e25000.wav,
emberiza_citrinella,687650,Emberiza citrinella,/Users/justyna-przy/Projects/ISE/FYP/src/bird_data/raw/emberiza_citrinella/XC687650.mp3,1.0,4.0,-32.21814329830704,-40.0,species,Emberiza citrinella,Yellowhammer,0.9430885910987854,0.9430885910987854,species,1,rand_species,/Users/justyna-przy/Projects/ISE/FYP/src/bird_data/clips/species/emberiza_citrinella/XC687650__s1000__e4000.wav,
emberiza_citrinella,687650,Emberiza citrinella,/Users/justyna-przy/Projects/ISE/FYP/src/bird_data/raw/emberiza_citrinella/XC687650.mp3,10.0,13.0,-33.45855452968412,-40.0,species,Emberiza citrinella,Yellowhammer,0.9581573009490967,0.9581573009490967,species,1,rand_species,/Users/justyna-przy/Projects/ISE/FYP/src/bird_data/clips/species/emberiza_citrinella/XC687650__s10000__e13000.wav,
emberiza_citrinella,687650,Emberiza citrinella,/Users/justyna-przy/Projects/ISE/FYP/src/bird_data/raw/emberiza_citrinella/XC687650.mp3,13.0,16.0,-37.45229178713817,-40.0,drop,Phylloscopus trochilus,Willow Warbler,0.8358137011528015,0.8358137011528015,drop,0,,,
emberiza_citrinella,687650,Emberiza citrinella,/Users/justyna-przy/Projects/ISE/FYP/src/bird_data/raw/emberiza_citrinella/XC687650.mp3,16.0,19.0,-33.13930331257468,-40.0,drop,Phylloscopus trochilus,Willow Warbler,0.9795486927032471,0.9795486927032471,drop,0,,,
emberiza_citrinella,687650,Emberiza citrinella,/Users/justyna-przy/Projects/ISE/FYP/src/bird_data/raw/emberiza_citrinella/XC687650.mp3,19.0,22.0,-31.235790006119725,-40.0,species,Emberiza citrinella,Yellowhammer,0.777094841003418,0.777094841003418,species,1,rand_species,/Users/justyna-przy/Projects/ISE/FYP/src/bird_data/clips/species/emberiza_citrinella/XC687650__s19000__e22000.wav,
emberiza_citrinella,687650,Emberiza citrinella,/Users/justyna-przy/Projects/ISE/FYP/src/bird_data/raw/emberiza_citrinella/XC687650.mp3,25.0,28.0,-31.866722477992788,-40.0,species,Emberiza citrinella,Yellowhammer,0.882013738155365,0.882013738155365,species,0,,,
emberiza_citrinella,662899,Emberiza citrinella,/Users/justyna-przy/Projects/ISE/FYP/src/bird_data/raw/emberiza_citrinella/XC662899.mp3,1.0,4.0,-26.586165925129585,-40.0,drop,Turdus iliacus,Redwing,0.30178242921829224,0.30178242921829224,drop,0,,,
emberiza_citrinella,662899,Emberiza citrinella,/Users/justyna-przy/Projects/ISE/FYP/src/bird_data/raw/emberiza_citrinella/XC662899.mp3,7.0,10.0,-25.19291156016862,-40.0,drop,Turdus iliacus,Redwing,0.24368101358413696,0.24368101358413696,drop,0,,,
emberiza_citrinella,662899,Emberiza citrinella,/Users/justyna-przy/Projects/ISE/FYP/src/bird_data/raw/emberiza_citrinella/XC662899.mp3,10.0,13.0,-24.98766054283393,-40.0,drop,Turdus iliacus,Redwing,0.23065944015979767,0.23065944015979767,drop,0,,,
emberiza_citrinella,662899,Emberiza citrinella,/Users/justyna-przy/Projects/ISE/FYP/src/bird_data/raw/emberiza_citrinella/XC662899.mp3,16.0,19.0,-23.094913981951994,-40.0,drop,Turdus iliacus,Redwing,0.905725359916687,0.905725359916687,drop,0,,,
emberiza_citrinella,662899,Emberiza citrinella,/Users/justyna-przy/Projects/ISE/FYP/src/bird_data/raw/emberiza_citrinella/XC662899.mp3,22.0,25.0,-23.181374441038326,-40.0,drop,Melaenornis silens,Fiscal Flycatcher,0.3573596477508545,0.3573596477508545,drop,0,,,
emberiza_citrinella,662899,Emberiza citrinella,/Users/justyna-przy/Projects/ISE/FYP/src/bird_data/raw/emberiza_citrinella/XC662899.mp3,28.0,31.0,-23.353351796548026,-40.0,drop,Turdus iliacus,Redwing,0.9337948560714722,0.9337948560714722,drop,0,,,
emberiza_citrinella,641766,Emberiza citrinella,/Users/justyna-przy/Projects/ISE/FYP/src/bird_data/raw/emberiza_citrinella/XC641766.mp3,1.0,4.0,-30.62553835427193,-40.0,drop,Locustella fluviatilis,River Warbler,0.11285389959812164,0.11285389959812164,drop,0,,,
emberiza_citrinella,641766,Emberiza citrinella,/Users/justyna-przy/Projects/ISE/FYP/src/bird_data/raw/emberiza_citrinella/XC641766.mp3,4.0,7.0,-36.99479260044978,-40.0,species,Emberiza citrinella,Yellowhammer,0.37225082516670227,0.37225082516670227,species,1,rand_species,/Users/justyna-przy/Projects/ISE/FYP/src/bird_data/clips/species/emberiza_citrinella/XC641766__s4000__e7000.wav,
emberiza_citrinella,637703,Emberiza citrinella,/Users/justyna-przy/Projects/ISE/FYP/src/bird_data/raw/emberiza_citrinella/XC637703.mp3,1.0,4.0,-28.090472189233697,-40.0,species,Emberiza citrinella,Yellowhammer,0.9845728278160095,0.9845728278160095,species,1,rand_species,/Users/justyna-przy/Projects/ISE/FYP/src/bird_data/clips/species/emberiza_citrinella/XC637703__s1000__e4000.wav,
emberiza_citrinella,637703,Emberiza citrinella,/Users/justyna-przy/Projects/ISE/FYP/src/bird_data/raw/emberiza_citrinella/XC637703.mp3,4.0,7.0,-32.45065848289234,-40.0,species,Emberiza citrinella,Yellowhammer,0.9810864329338074,0.9810864329338074,species,1,rand_species,/Users/justyna-przy/Projects/ISE/FYP/src/bird_data/clips/species/emberiza_citrinella/XC637703__s4000__e7000.wav,
emberiza_citrinella,637703,Emberiza citrinella,/Users/justyna-przy/Projects/ISE/FYP/src/bird_data/raw/emberiza_citrinella/XC637703.mp3,7.0,10.0,-33.91658988982557,-40.0,species,Emberiza citrinella,Yellowhammer,0.9808551669120789,0.9808551669120789,species,1,rand_species,/Users/justyna-przy/Projects/ISE/FYP/src/bird_data/clips/species/emberiza_citrinella/XC637703__s7000__e10000.wav,
emberiza_citrinella,637703,Emberiza citrinella,/Users/justyna-przy/Projects/ISE/FYP/src/bird_data/raw/emberiza_citrinella/XC637703.mp3,10.0,13.0,-37.13697222473472,-40.0,species,Emberiza citrinella,Yellowhammer,0.9677212834358215,0.9677212834358215,species,0,,,
emberiza_citrinella,635612,Emberiza citrinella,/Users/justyna-przy/Projects/ISE/FYP/src/bird_data/raw/emberiza_citrinella/XC635612.mp3,7.0,10.0,-23.225658034666804,-40.0,species,Emberiza citrinella,Yellowhammer,0.9664884805679321,0.9664884805679321,species,1,rand_species,/Users/justyna-przy/Projects/ISE/FYP/src/bird_data/clips/species/emberiza_citrinella/XC635612__s7000__e10000.wav,
emberiza_citrinella,635612,Emberiza citrinella,/Users/justyna-przy/Projects/ISE/FYP/src/bird_data/raw/emberiza_citrinella/XC635612.mp3,10.0,13.0,-28.572046797754634,-40.0,species,Emberiza citrinella,Yellowhammer,0.9696532487869263,0.9696532487869263,species,1,rand_species,/Users/justyna-przy/Projects/ISE/FYP/src/bird_data/clips/species/emberiza_citrinella/XC635612__s10000__e13000.wav,
emberiza_citrinella,635612,Emberiza citrinella,/Users/justyna-przy/Projects/ISE/FYP/src/bird_data/raw/emberiza_citrinella/XC635612.mp3,13.0,16.0,-31.451344707280285,-40.0,species,Emberiza citrinella,Yellowhammer,0.9947898387908936,0.9947898387908936,species,1,rand_species,/Users/justyna-przy/Projects/ISE/FYP/src/bird_data/clips/species/emberiza_citrinella/XC635612__s13000__e16000.wav,
emberiza_citrinella,635611,Emberiza citrinella,/Users/justyna-przy/Projects/ISE/FYP/src/bird_data/raw/emberiza_citrinella/XC635611.mp3,1.0,4.0,-29.938100046982736,-32.58971418995086,species,Emberiza citrinella,Yellowhammer,0.9863454699516296,0.9863454699516296,species,1,rand_species,/Users/justyna-przy/Projects/ISE/FYP/src/bird_data/clips/species/emberiza_citrinella/XC635611__s1000__e4000.wav,
emberiza_citrinella,635611,Emberiza citrinella,/Users/justyna-przy/Projects/ISE/FYP/src/bird_data/raw/emberiza_citrinella/XC635611.mp3,7.0,10.0,-27.460592149335,-32.58971418995086,species,Emberiza citrinella,Yellowhammer,0.9926993250846863,0.9926993250846863,species,0,,,
emberiza_citrinella,635611,Emberiza citrinella,/Users/justyna-przy/Projects/ISE/FYP/src/bird_data/raw/emberiza_citrinella/XC635611.mp3,10.0,13.0,-29.862558128887088,-32.58971418995086,species,Emberiza citrinella,Yellowhammer,0.8782133460044861,0.8782133460044861,species,1,rand_species,/Users/justyna-przy/Projects/ISE/FYP/src/bird_data/clips/species/emberiza_citrinella/XC635611__s10000__e13000.wav,
emberiza_citrinella,635611,Emberiza citrinella,/Users/justyna-przy/Projects/ISE/FYP/src/bird_data/raw/emberiza_citrinella/XC635611.mp3,13.0,16.0,-27.221461417168,-32.58971418995086,species,Emberiza citrinella,Yellowhammer,0.5672975778579712,0.5672975778579712,species,0,,,
emberiza_citrinella,635611,Emberiza citrinella,/Users/justyna-przy/Projects/ISE/FYP/src/bird_data/raw/emberiza_citrinella/XC635611.mp3,19.0,22.0,-27.78726750280327,-32.58971418995086,species,Emberiza citrinella,Yellowhammer,0.9596177339553833,0.9596177339553833,species,1,rand_species,/Users/justyna-przy/Projects/ISE/FYP/src/bird_data/clips/species/emberiza_citrinella/XC635611__s19000__e22000.wav,
emberiza_citrinella,635610,Emberiza citrinella,/Users/justyna-przy/Projects/ISE/FYP/src/bird_data/raw/emberiza_citrinella/XC635610.mp3,1.0,4.0,-23.352683464299083,-40.0,species,Emberiza citrinella,Yellowhammer,0.978756844997406,0.978756844997406,species,0,,,
emberiza_citrinella,635610,Emberiza citrinella,/Users/justyna-przy/Projects/ISE/FYP/src/bird_data/raw/emberiza_citrinella/XC635610.mp3,7.0,10.0,-22.910883369496787,-40.0,species,Emberiza citrinella,Yellowhammer,0.8697824478149414,0.8697824478149414,species,0,,,
emberiza_citrinella,635610,Emberiza citrinella,/Users/justyna-przy/Projects/ISE/FYP/src/bird_data/raw/emberiza_citrinella/XC635610.mp3,10.0,13.0,-31.609117279690334,-40.0,drop,Emberiza citrinella,Yellowhammer,0.18004491925239563,0.18004491925239563,drop,0,,,
emberiza_citrinella,635610,Emberiza citrinella,/Users/justyna-przy/Projects/ISE/FYP/src/bird_data/raw/emberiza_citrinella/XC635610.mp3,16.0,19.0,-27.38011034379562,-40.0,species,Emberiza citrinella,Yellowhammer,0.9393984079360962,0.9393984079360962,species,1,rand_species,/Users/justyna-przy/Projects/ISE/FYP/src/bird_data/clips/species/emberiza_citrinella/XC635610__s16000__e19000.wav,
emberiza_citrinella,635610,Emberiza citrinella,/Users/justyna-przy/Projects/ISE/FYP/src/bird_data/raw/emberiza_citrinella/XC635610.mp3,19.0,22.0,-33.890574460394824,-40.0,species,Emberiza citrinella,Yellowhammer,0.750247061252594,0.750247061252594,species,1,rand_species,/Users/justyna-przy/Projects/ISE/FYP/src/bird_data/clips/species/emberiza_citrinella/XC635610__s19000__e22000.wav,
emberiza_citrinella,635610,Emberiza citrinella,/Users/justyna-przy/Projects/ISE/FYP/src/bird_data/raw/emberiza_citrinella/XC635610.mp3,22.0,25.0,-34.73593497383186,-40.0,drop,Emberiza citrinella,Yellowhammer,0.25206753611564636,0.25206753611564636,drop,0,,,
emberiza_citrinella,635610,Emberiza citrinella,/Users/justyna-przy/Projects/ISE/FYP/src/bird_data/raw/emberiza_citrinella/XC635610.mp3,28.0,31.0,-24.05006206793017,-40.0,species,Emberiza citrinella,Yellowhammer,0.984494149684906,0.984494149684906,species,0,,,
emberiza_citrinella,635610,Emberiza citrinella,/Users/justyna-przy/Projects/ISE/FYP/src/bird_data/raw/emberiza_citrinella/XC635610.mp3,34.0,37.0,-29.27737871910746,-40.0,species,Emberiza citrinella,Yellowhammer,0.9600139856338501,0.9600139856338501,species,1,rand_species,/Users/justyna-przy/Projects/ISE/FYP/src/bird_data/clips/species/emberiza_citrinella/XC635610__s34000__e37000.wav,
emberiza_citrinella,633248,Emberiza citrinella,/Users/justyna-przy/Projects/ISE/FYP/src/bird_data/raw/emberiza_citrinella/XC633248.mp3,1.0,4.0,-38.783658120436485,-39.652976529320405,species,Emberiza citrinella,Yellowhammer,0.9573091268539429,0.9573091268539429,species,0,,,
emberiza_citrinella,633248,Emberiza citrinella,/Users/justyna-przy/Projects/ISE/FYP/src/bird_data/raw/emberiza_citrinella/XC633248.mp3,4.0,7.0,-38.2301751928328,-39.652976529320405,species,Emberiza citrinella,Yellowhammer,0.8194793462753296,0.8194793462753296,species,1,rand_species,/Users/justyna-przy/Projects/ISE/FYP/src/bird_data/clips/species/emberiza_citrinella/XC633248__s4000__e7000.wav,
emberiza_citrinella,633248,Emberiza citrinella,/Users/justyna-przy/Projects/ISE/FYP/src/bird_data/raw/emberiza_citrinella/XC633248.mp3,13.0,16.0,-35.58277787807052,-39.652976529320405,species,Emberiza citrinella,Yellowhammer,0.9744479060173035,0.9744479060173035,species,0,,,
emberiza_citrinella,633248,Emberiza citrinella,/Users/justyna-przy/Projects/ISE/FYP/src/bird_data/raw/emberiza_citrinella/XC633248.mp3,16.0,19.0,-37.58408865838704,-39.652976529320405,species,Emberiza citrinella,Yellowhammer,0.9548660516738892,0.9548660516738892,species,0,,,
emberiza_citrinella,633248,Emberiza citrinella,/Users/justyna-przy/Projects/ISE/FYP/src/bird_data/raw/emberiza_citrinella/XC633248.mp3,19.0,22.0,-36.19401277390192,-39.652976529320405,species,Emberiza citrinella,Yellowhammer,0.7307475805282593,0.7307475805282593,species,0,,,
emberiza_citrinella,633248,Emberiza citrinella,/Users/justyna-przy/Projects/ISE/FYP/src/bird_data/raw/emberiza_citrinella/XC633248.mp3,22.0,25.0,-38.37672118651636,-39.652976529320405,species,Emberiza citrinella,Yellowhammer,0.6486928462982178,0.6486928462982178,species,1,rand_species,/Users/justyna-przy/Projects/ISE/FYP/src/bird_data/clips/species/emberiza_citrinella/XC633248__s22000__e25000.wav,
emberiza_citrinella,633248,Emberiza citrinella,/Users/justyna-przy/Projects/ISE/FYP/src/bird_data/raw/emberiza_citrinella/XC633248.mp3,28.0,31.0,-37.97573071575548,-39.652976529320405,species,Emberiza citrinella,Yellowhammer,0.9507623910903931,0.9507623910903931,species,0,,,
emberiza_citrinella,633248,Emberiza citrinella,/Users/justyna-przy/Projects/ISE/FYP/src/bird_data/raw/emberiza_citrinella/XC633248.mp3,34.0,37.0,-39.31239783289225,-39.652976529320405,species,Emberiza citrinella,Yellowhammer,0.9560510516166687,0.9560510516166687,species,0,,,
emberiza_citrinella,633248,Emberiza citrinella,/Users/justyna-przy/Projects/ISE/FYP/src/bird_data/raw/emberiza_citrinella/XC633248.mp3,40.0,43.0,-36.52221598723953,-39.652976529320405,species,Emberiza citrinella,Yellowhammer,0.9139643311500549,0.9139643311500549,species,1,rand_species,/Users/justyna-przy/Projects/ISE/FYP/src/bird_data/clips/species/emberiza_citrinella/XC633248__s40000__e43000.wav,
emberiza_citrinella,633248,Emberiza citrinella,/Users/justyna-przy/Projects/ISE/FYP/src/bird_data/raw/emberiza_citrinella/XC633248.mp3,43.0,46.0,-34.166255558404,-39.652976529320405,species,Emberiza citrinella,Yellowhammer,0.9722723364830017,0.9722723364830017,species,0,,,
emberiza_citrinella,631988,Emberiza citrinella,/Users/justyna-przy/Projects/ISE/FYP/src/bird_data/raw/emberiza_citrinella/XC631988.mp3,7.0,10.0,-39.37620421221905,-40.0,species,Emberiza citrinella,Yellowhammer,0.5020337700843811,0.5020337700843811,species,0,,,
emberiza_citrinella,631988,Emberiza citrinella,/Users/justyna-przy/Projects/ISE/FYP/src/bird_data/raw/emberiza_citrinella/XC631988.mp3,10.0,13.0,-21.48390563639274,-40.0,species,Emberiza citrinella,Yellowhammer,0.38648396730422974,0.38648396730422974,species,0,,,
emberiza_citrinella,631988,Emberiza citrinella,/Users/justyna-przy/Projects/ISE/FYP/src/bird_data/raw/emberiza_citrinella/XC631988.mp3,22.0,25.0,-21.86554395309485,-40.0,species,Emberiza citrinella,Yellowhammer,0.7090111374855042,0.7090111374855042,species,1,rand_species,/Users/justyna-przy/Projects/ISE/FYP/src/bird_data/clips/species/emberiza_citrinella/XC631988__s22000__e25000.wav,
emberiza_citrinella,631988,Emberiza citrinella,/Users/justyna-przy/Projects/ISE/FYP/src/bird_data/raw/emberiza_citrinella/XC631988.mp3,37.0,40.0,-19.98589440876429,-40.0,species,Emberiza citrinella,Yellowhammer,0.9353035092353821,0.9353035092353821,species,1,rand_species,/Users/justyna-przy/Projects/ISE/FYP/src/bird_data/clips/species/emberiza_citrinella/XC631988__s37000__e40000.wav,
emberiza_citrinella,631988,Emberiza citrinella,/Users/justyna-przy/Projects/ISE/FYP/src/bird_data/raw/emberiza_citrinella/XC631988.mp3,43.0,46.0,-30.78233162543935,-40.0,drop,Emberiza cirlus,Cirl Bunting,0.3578081727027893,0.3578081727027893,drop,0,,,
emberiza_citrinella,631988,Emberiza citrinella,/Users/justyna-przy/Projects/ISE/FYP/src/bird_data/raw/emberiza_citrinella/XC631988.mp3,46.0,49.0,-21.361680451437834,-40.0,species,Emberiza citrinella,Yellowhammer,0.9351072907447815,0.9351072907447815,species,1,rand_species,/Users/justyna-przy/Projects/ISE/FYP/src/bird_data/clips/species/emberiza_citrinella/XC631988__s46000__e49000.wav,
emberiza_citrinella,631534,Emberiza citrinella,/Users/justyna-przy/Projects/ISE/FYP/src/bird_data/raw/emberiza_citrinella/XC631534.mp3,1.0,4.0,-37.778822448836266,-40.0,species,Emberiza citrinella,Yellowhammer,0.7481598854064941,0.7481598854064941,species,1,rand_species,/Users/justyna-przy/Projects/ISE/FYP/src/bird_data/clips/species/emberiza_citrinella/XC631534__s1000__e4000.wav,
emberiza_citrinella,631534,Emberiza citrinella,/Users/justyna-przy/Projects/ISE/FYP/src/bird_data/raw/emberiza_citrinella/XC631534.mp3,4.0,7.0,-36.41906692110679,-40.0,species,Emberiza citrinella,Yellowhammer,0.7745455503463745,0.7745455503463745,species,1,rand_species,/Users/justyna-przy/Projects/ISE/FYP/src/bird_data/clips/species/emberiza_citrinella/XC631534__s4000__e7000.wav,
emberiza_citrinella,631534,Emberiza citrinella,/Users/justyna-przy/Projects/ISE/FYP/src/bird_data/raw/emberiza_citrinella/XC631534.mp3,7.0,10.0,-35.95361143114347,-40.0,species,Emberiza citrinella,Yellowhammer,0.7705916166305542,0.7705916166305542,species,1,rand_species,/Users/justyna-przy/Projects/ISE/FYP/src/bird_data/clips/species/emberiza_citrinella/XC631534__s7000__e10000.wav,
emberiza_citrinella,629901,Emberiza citrinella,/Users/justyna-przy/Projects/ISE/FYP/src/bird_data/raw/emberiza_citrinella/XC629901.mp3,1.0,4.0,-35.29627174477796,-40.0,species,Emberiza citrinella,Yellowhammer,0.9348903894424438,0.9348903894424438,species,0,,,
emberiza_citrinella,629901,Emberiza citrinella,/Users/justyna-przy/Projects/ISE/FYP/src/bird_data/raw/emberiza_citrinella/XC629901.mp3,10.0,13.0,-31.268630578335355,-40.0,species,Emberiza citrinella,Yellowhammer,0.9868517518043518,0.9868517518043518,species,1,rand_species,/Users/justyna-przy/Projects/ISE/FYP/src/bird_data/clips/species/emberiza_citrinella/XC629901__s10000__e13000.wav,
emberiza_citrinella,629901,Emberiza citrinella,/Users/justyna-przy/Projects/ISE/FYP/src/bird_data/raw/emberiza_citrinella/XC629901.mp3,19.0,22.0,-26.030346770171477,-40.0,species,Emberiza citrinella,Yellowhammer,0.9888561367988586,0.9888561367988586,species,0,,,
emberiza_citrinella,629901,Emberiza citrinella,/Users/justyna-przy/Projects/ISE/FYP/src/bird_data/raw/emberiza_citrinella/XC629901.mp3,25.0,28.0,-27.48911422624569,-40.0,species,Emberiza citrinella,Yellowhammer,0.9529322981834412,0.9529322981834412,species,1,rand_species,/Users/justyna-przy/Projects/ISE/FYP/src/bird_data/clips/species/emberiza_citrinella/XC629901__s25000__e28000.wav,
emberiza_citrinella,629901,Emberiza citrinella,/Users/justyna-przy/Projects/ISE/FYP/src/bird_data/raw/emberiza_citrinella/XC629901.mp3,31.0,34.0,-31.260452559397027,-40.0,species,Emberiza citrinella,Yellowhammer,0.9806037545204163,0.9806037545204163,species,0,,,
emberiza_citrinella,629901,Emberiza citrinella,/Users/justyna-przy/Projects/ISE/FYP/src/bird_data/raw/emberiza_citrinella/XC629901.mp3,34.0,37.0,-35.756797620942415,-40.0,species,Emberiza citrinella,Yellowhammer,0.9787223935127258,0.9787223935127258,species,0,,,
emberiza_citrinella,629901,Emberiza citrinella,/Users/justyna-przy/Projects/ISE/FYP/src/bird_data/raw/emberiza_citrinella/XC629901.mp3,40.0,43.0,-27.407773690109785,-40.0,species,Emberiza citrinella,Yellowhammer,0.992743730545044,0.992743730545044,species,0,,,
emberiza_citrinella,629901,Emberiza citrinella,/Users/justyna-przy/Projects/ISE/FYP/src/bird_data/raw/emberiza_citrinella/XC629901.mp3,49.0,52.0,-30.84160678298513,-40.0,species,Emberiza citrinella,Yellowhammer,0.9157555103302002,0.9157555103302002,species,1,rand_species,/Users/justyna-przy/Projects/ISE/FYP/src/bird_data/clips/species/emberiza_citrinella/XC629901__s49000__e52000.wav,
emberiza_citrinella,596542,Emberiza citrinella,/Users/justyna-przy/Projects/ISE/FYP/src/bird_data/raw/emberiza_citrinella/XC596542.mp3,1.0,4.0,-38.13424958188036,-40.0,species,Emberiza citrinella,Yellowhammer,0.7252457737922668,0.7252457737922668,species,1,rand_species,/Users/justyna-przy/Projects/ISE/FYP/src/bird_data/clips/species/emberiza_citrinella/XC596542__s1000__e4000.wav,
emberiza_citrinella,596542,Emberiza citrinella,/Users/justyna-przy/Projects/ISE/FYP/src/bird_data/raw/emberiza_citrinella/XC596542.mp3,4.0,7.0,-36.28393023128464,-40.0,species,Emberiza citrinella,Yellowhammer,0.9774396419525146,0.9774396419525146,species,1,rand_species,/Users/justyna-przy/Projects/ISE/FYP/src/bird_data/clips/species/emberiza_citrinella/XC596542__s4000__e7000.wav,
emberiza_citrinella,592685,Emberiza citrinella,/Users/justyna-przy/Projects/ISE/FYP/src/bird_data/raw/emberiza_citrinella/XC592685.mp3,4.0,7.0,-26.888532495275367,-32.52258882786097,drop,Anthus godlewskii,Blyth's Pipit,0.8835278153419495,0.8835278153419495,drop,0,,,
emberiza_citrinella,592685,Emberiza citrinella,/Users/justyna-przy/Projects/ISE/FYP/src/bird_data/raw/emberiza_citrinella/XC592685.mp3,7.0,10.0,-30.215420336599603,-32.52258882786097,drop,Anthus godlewskii,Blyth's Pipit,0.49833306670188904,0.49833306670188904,drop,0,,,
emberiza_citrinella,567833,Emberiza citrinella,/Users/justyna-przy/Projects/ISE/FYP/src/bird_data/raw/emberiza_citrinella/XC567833.mp3,16.0,19.0,-39.82860844164154,-40.0,drop,Myiothlypis flaveola,Flavescent Warbler,0.22500725090503693,0.22500725090503693,drop,0,,,
emberiza_citrinella,567506,Emberiza citrinella,/Users/justyna-przy/Projects/ISE/FYP/src/bird_data/raw/emberiza_citrinella/XC567506.mp3,1.0,4.0,-32.25929264866982,-40.0,species,Emberiza citrinella,Yellowhammer,0.873598039150238,0.873598039150238,species,0,,,
emberiza_citrinella,567506,Emberiza citrinella,/Users/justyna-przy/Projects/ISE/FYP/src/bird_data/raw/emberiza_citrinella/XC567506.mp3,13.0,16.0,-34.87044055505446,-40.0,species,Emberiza citrinella,Yellowhammer,0.514556884765625,0.514556884765625,species,1,rand_species,/Users/justyna-przy/Projects/ISE/FYP/src/bird_data/clips/species/emberiza_citrinella/XC567506__s13000__e16000.wav,
emberiza_citrinella,567506,Emberiza citrinella,/Users/justyna-przy/Projects/ISE/FYP/src/bird_data/raw/emberiza_citrinella/XC567506.mp3,19.0,22.0,-31.947371396639376,-40.0,species,Emberiza citrinella,Yellowhammer,0.40694814920425415,0.40694814920425415,species,1,rand_species,/Users/justyna-przy/Projects/ISE/FYP/src/bird_data/clips/species/emberiza_citrinella/XC567506__s19000__e22000.wav,
emberiza_citrinella,567506,Emberiza citrinella,/Users/justyna-przy/Projects/ISE/FYP/src/bird_data/raw/emberiza_citrinella/XC567506.mp3,31.0,34.0,-33.39113067531035,-40.0,species,Emberiza citrinella,Yellowhammer,0.5760589838027954,0.5760589838027954,species,1,rand_species,/Users/justyna-przy/Projects/ISE/FYP/src/bird_data/clips/species/emberiza_citrinella/XC567506__s31000__e34000.wav,
emberiza_citrinella,567506,Emberiza citrinella,/Users/justyna-przy/Projects/ISE/FYP/src/bird_data/raw/emberiza_citrinella/XC567506.mp3,34.0,37.0,-36.9566470370963,-40.0,drop,Emberiza citrinella,Yellowhammer,0.24773533642292023,0.24773533642292023,drop,0,,,
emberiza_citrinella,567506,Emberiza citrinella,/Users/justyna-przy/Projects/ISE/FYP/src/bird_data/raw/emberiza_citrinella/XC567506.mp3,40.0,43.0,-39.00103126488663,-40.0,drop,Cinnyris asiaticus,Purple Sunbird,0.47310107946395874,0.47310107946395874,drop,0,,,
emberiza_citrinella,563645,Emberiza citrinella,/Users/justyna-przy/Projects/ISE/FYP/src/bird_data/raw/emberiza_citrinella/XC563645.mp3,1.0,4.0,-32.01091803780385,-40.0,species,Emberiza citrinella,Yellowhammer,0.959558367729187,0.959558367729187,species,0,,,
emberiza_citrinella,563645,Emberiza citrinella,/Users/justyna-przy/Projects/ISE/FYP/src/bird_data/raw/emberiza_citrinella/XC563645.mp3,16.0,19.0,-31.339790157985362,-40.0,species,Emberiza citrinella,Yellowhammer,0.9173357486724854,0.9173357486724854,species,1,rand_species,/Users/justyna-przy/Projects/ISE/FYP/src/bird_data/clips/species/emberiza_citrinella/XC563645__s16000__e19000.wav,
emberiza_citrinella,563645,Emberiza citrinella,/Users/justyna-przy/Projects/ISE/FYP/src/bird_data/raw/emberiza_citrinella/XC563645.mp3,25.0,28.0,-33.46629689951624,-40.0,species,Emberiza citrinella,Yellowhammer,0.7863872051239014,0.7863872051239014,species,0,,,
emberiza_citrinella,563645,Emberiza citrinella,/Users/justyna-przy/Projects/ISE/FYP/src/bird_data/raw/emberiza_citrinella/XC563645.mp3,28.0,31.0,-37.48138665616982,-40.0,species,Emberiza citrinella,Yellowhammer,0.37480705976486206,0.37480705976486206,species,0,,,
emberiza_citrinella,563645,Emberiza citrinella,/Users/justyna-przy/Projects/ISE/FYP/src/bird_data/raw/emberiza_citrinella/XC563645.mp3,37.0,40.0,-33.09953923216733,-40.0,species,Emberiza citrinella,Yellowhammer,0.9688783884048462,0.9688783884048462,species,1,rand_species,/Users/justyna-przy/Projects/ISE/FYP/src/bird_data/clips/species/emberiza_citrinella/XC563645__s37000__e40000.wav,
emberiza_citrinella,563645,Emberiza citrinella,/Users/justyna-przy/Projects/ISE/FYP/src/bird_data/raw/emberiza_citrinella/XC563645.mp3,49.0,52.0,-35.1794375014308,-40.0,species,Emberiza citrinella,Yellowhammer,0.8478524684906006,0.8478524684906006,species,1,rand_species,/Users/justyna-przy/Projects/ISE/FYP/src/bird_data/clips/species/emberiza_citrinella/XC563645__s49000__e52000.wav,
emberiza_citrinella,559768,Emberiza citrinella,/Users/justyna-przy/Projects/ISE/FYP/src/bird_data/raw/emberiza_citrinella/XC559768.mp3,1.0,4.0,-22.533801316053275,-40.0,species,Emberiza citrinella,Yellowhammer,0.9972392320632935,0.9972392320632935,species,0,,,
emberiza_citrinella,559768,Emberiza citrinella,/Users/justyna-przy/Projects/ISE/FYP/src/bird_data/raw/emberiza_citrinella/XC559768.mp3,4.0,7.0,-35.92332903926413,-40.0,drop,Turdus iliacus,Redwing,0.363745778799057,0.363745778799057,drop,0,,,
emberiza_citrinella,559768,Emberiza citrinella,/Users/justyna-przy/Projects/ISE/FYP/src/bird_data/raw/emberiza_citrinella/XC559768.mp3,13.0,16.0,-27.166479177773375,-40.0,species,Emberiza citrinella,Yellowhammer,0.9956024885177612,0.9956024885177612,species,0,,,
emberiza_citrinella,559768,Emberiza citrinella,/Users/justyna-przy/Projects/ISE/FYP/src/bird_data/raw/emberiza_citrinella/XC559768.mp3,16.0,19.0,-38.345040031704116,-40.0,non_bird,,,0.0,0.0,non_bird,1,nonbird_lowconf,/Users/justyna-przy/Projects/ISE/FYP/src/bird_data/clips/non_bird/emberiza_citrinella/XC559768__s16000__e19000.wav,
emberiza_citrinella,559768,Emberiza citrinella,/Users/justyna-przy/Projects/ISE/FYP/src/bird_data/raw/emberiza_citrinella/XC559768.mp3,22.0,25.0,-32.21830049104717,-40.0,species,Emberiza citrinella,Yellowhammer,0.7795623540878296,0.7795623540878296,species,0,,,
emberiza_citrinella,559768,Emberiza citrinella,/Users/justyna-przy/Projects/ISE/FYP/src/bird_data/raw/emberiza_citrinella/XC559768.mp3,25.0,28.0,-26.65957435872282,-40.0,species,Emberiza citrinella,Yellowhammer,0.9797428250312805,0.9797428250312805,species,1,rand_species,/Users/justyna-przy/Projects/ISE/FYP/src/bird_data/clips/species/emberiza_citrinella/XC559768__s25000__e28000.wav,
emberiza_citrinella,559768,Emberiza citrinella,/Users/justyna-przy/Projects/ISE/FYP/src/bird_data/raw/emberiza_citrinella/XC559768.mp3,37.0,40.0,-29.844826900656955,-40.0,species,Emberiza citrinella,Yellowhammer,0.9884887337684631,0.9884887337684631,species,1,rand_species,/Users/justyna-przy/Projects/ISE/FYP/src/bird_data/clips/species/emberiza_citrinella/XC559768__s37000__e40000.wav,
emberiza_citrinella,559768,Emberiza citrinella,/Users/justyna-przy/Projects/ISE/FYP/src/bird_data/raw/emberiza_citrinella/XC559768.mp3,49.0,52.0,-30.366657300425977,-40.0,species,Emberiza citrinella,Yellowhammer,0.9903807044029236,0.9903807044029236,species,1,rand_species,/Users/justyna-przy/Projects/ISE/FYP/src/bird_data/clips/species/emberiza_citrinella/XC559768__s49000__e52000.wav,
emberiza_citrinella,559614,Emberiza citrinella,/Users/justyna-przy/Projects/ISE/FYP/src/bird_data/raw/emberiza_citrinella/XC559614.mp3,1.0,4.0,-31.914827255018707,-40.0,species,Emberiza citrinella,Yellowhammer,0.9927830696105957,0.9927830696105957,species,0,,,
emberiza_citrinella,559614,Emberiza citrinella,/Users/justyna-przy/Projects/ISE/FYP/src/bird_data/raw/emberiza_citrinella/XC559614.mp3,7.0,10.0,-32.999991718180645,-40.0,species,Emberiza citrinella,Yellowhammer,0.8894071578979492,0.8894071578979492,species,1,rand_species,/Users/justyna-przy/Projects/ISE/FYP/src/bird_data/clips/species/emberiza_citrinella/XC559614__s7000__e10000.wav,
emberiza_citrinella,559614,Emberiza citrinella,/Users/justyna-przy/Projects/ISE/FYP/src/bird_data/raw/emberiza_citrinella/XC559614.mp3,13.0,16.0,-35.99828774445908,-40.0,species,Emberiza citrinella,Yellowhammer,0.7274894118309021,0.7274894118309021,species,0,,,
emberiza_citrinella,559614,Emberiza citrinella,/Users/justyna-przy/Projects/ISE/FYP/src/bird_data/raw/emberiza_citrinella/XC559614.mp3,16.0,19.0,-33.41526884425988,-40.0,drop,Emberiza citrinella,Yellowhammer,0.19931484758853912,0.19931484758853912,drop,0,,,
emberiza_citrinella,559614,Emberiza citrinella,/Users/justyna-przy/Projects/ISE/FYP/src/bird_data/raw/emberiza_citrinella/XC559614.mp3,28.0,31.0,-26.008185319343255,-40.0,species,Emberiza citrinella,Yellowhammer,0.885834276676178,0.885834276676178,species,0,,,
emberiza_citrinella,559614,Emberiza citrinella,/Users/justyna-przy/Projects/ISE/FYP/src/bird_data/raw/emberiza_citrinella/XC559614.mp3,37.0,40.0,-30.893056759951932,-40.0,species,Emberiza citrinella,Yellowhammer,0.7013992667198181,0.7013992667198181,species,1,rand_species,/Users/justyna-przy/Projects/ISE/FYP/src/bird_data/clips/species/emberiza_citrinella/XC559614__s37000__e40000.wav,
emberiza_citrinella,559614,Emberiza citrinella,/Users/justyna-przy/Projects/ISE/FYP/src/bird_data/raw/emberiza_citrinella/XC559614.mp3,46.0,49.0,-26.569436284770227,-40.0,species,Emberiza citrinella,Yellowhammer,0.7525943517684937,0.7525943517684937,species,0,,,
emberiza_citrinella,559614,Emberiza citrinella,/Users/justyna-przy/Projects/ISE/FYP/src/bird_data/raw/emberiza_citrinella/XC559614.mp3,55.0,58.0,-27.038700851385396,-40.0,species,Emberiza citrinella,Yellowhammer,0.9366052746772766,0.9366052746772766,species,1,rand_species,/Users/justyna-przy/Projects/ISE/FYP/src/bird_data/clips/species/emberiza_citrinella/XC559614__s55000__e58000.wav,
emberiza_citrinella,559612,Emberiza citrinella,/Users/justyna-przy/Projects/ISE/FYP/src/bird_data/raw/emberiza_citrinella/XC559612.mp3,1.0,4.0,-23.39414300354455,-40.0,species,Emberiza citrinella,Yellowhammer,0.9609383344650269,0.9609383344650269,species,1,rand_species,/Users/justyna-przy/Projects/ISE/FYP/src/bird_data/clips/species/emberiza_citrinella/XC559612__s1000__e4000.wav,
emberiza_citrinella,559612,Emberiza citrinella,/Users/justyna-przy/Projects/ISE/FYP/src/bird_data/raw/emberiza_citrinella/XC559612.mp3,7.0,10.0,-30.711810039236692,-40.0,species,Emberiza citrinella,Yellowhammer,0.9121788144111633,0.9121788144111633,species,1,rand_species,/Users/justyna-przy/Projects/ISE/FYP/src/bird_data/clips/species/emberiza_citrinella/XC559612__s7000__e10000.wav,
emberiza_citrinella,559612,Emberiza citrinella,/Users/justyna-przy/Projects/ISE/FYP/src/bird_data/raw/emberiza_citrinella/XC559612.mp3,10.0,13.0,-27.62035975929758,-40.0,species,Emberiza citrinella,Yellowhammer,0.9460339546203613,0.9460339546203613,species,0,,,
emberiza_citrinella,559612,Emberiza citrinella,/Users/justyna-przy/Projects/ISE/FYP/src/bird_data/raw/emberiza_citrinella/XC559612.mp3,19.0,22.0,-24.253875534168408,-40.0,species,Emberiza citrinella,Yellowhammer,0.972131609916687,0.972131609916687,species,0,,,
emberiza_citrinella,559612,Emberiza citrinella,/Users/justyna-przy/Projects/ISE/FYP/src/bird_data/raw/emberiza_citrinella/XC559612.mp3,25.0,28.0,-26.270824763667807,-40.0,species,Emberiza citrinella,Yellowhammer,0.9584877490997314,0.9584877490997314,species,0,,,
emberiza_citrinella,559612,Emberiza citrinella,/Users/justyna-przy/Projects/ISE/FYP/src/bird_data/raw/emberiza_citrinella/XC559612.mp3,28.0,31.0,-36.02031382556691,-40.0,species,Emberiza citrinella,Yellowhammer,0.9260141849517822,0.9260141849517822,species,0,,,
emberiza_citrinella,559612,Emberiza citrinella,/Users/justyna-przy/Projects/ISE/FYP/src/bird_data/raw/emberiza_citrinella/XC559612.mp3,34.0,37.0,-36.93238616583605,-40.0,species,Emberiza citrinella,Yellowhammer,0.9524760246276855,0.9524760246276855,species,1,rand_species,/Users/justyna-przy/Projects/ISE/FYP/src/bird_data/clips/species/emberiza_citrinella/XC559612__s34000__e37000.wav,
emberiza_citrinella,559612,Emberiza citrinella,/Users/justyna-przy/Projects/ISE/FYP/src/bird_data/raw/emberiza_citrinella/XC559612.mp3,37.0,40.0,-28.402439024150524,-40.0,species,Emberiza citrinella,Yellowhammer,0.6279116868972778,0.6279116868972778,species,0,,,
emberiza_citrinella,544996,Emberiza citrinella,/Users/justyna-przy/Projects/ISE/FYP/src/bird_data/raw/emberiza_citrinella/XC544996.mp3,4.0,7.0,-27.70853332488911,-40.0,species,Emberiza citrinella,Yellowhammer,0.9830949902534485,0.9830949902534485,species,1,rand_species,/Users/justyna-przy/Projects/ISE/FYP/src/bird_data/clips/species/emberiza_citrinella/XC544996__s4000__e7000.wav,
emberiza_citrinella,544996,Emberiza citrinella,/Users/justyna-przy/Projects/ISE/FYP/src/bird_data/raw/emberiza_citrinella/XC544996.mp3,7.0,10.0,-32.260672391187526,-40.0,species,Emberiza citrinella,Yellowhammer,0.9459455013275146,0.9459455013275146,species,0,,,
emberiza_citrinella,544996,Emberiza citrinella,/Users/justyna-przy/Projects/ISE/FYP/src/bird_data/raw/emberiza_citrinella/XC544996.mp3,13.0,16.0,-29.612533875598483,-40.0,species,Emberiza citrinella,Yellowhammer,0.8801143765449524,0.8801143765449524,species,1,rand_species,/Users/justyna-przy/Projects/ISE/FYP/src/bird_data/clips/species/emberiza_citrinella/XC544996__s13000__e16000.wav,
emberiza_citrinella,544996,Emberiza citrinella,/Users/justyna-przy/Projects/ISE/FYP/src/bird_data/raw/emberiza_citrinella/XC544996.mp3,16.0,19.0,-27.833612253066057,-40.0,species,Emberiza citrinella,Yellowhammer,0.966806173324585,0.966806173324585,species,0,,,
emberiza_citrinella,544996,Emberiza citrinella,/Users/justyna-przy/Projects/ISE/FYP/src/bird_data/raw/emberiza_citrinella/XC544996.mp3,22.0,25.0,-28.215155466453552,-40.0,species,Emberiza citrinella,Yellowhammer,0.9641941785812378,0.9641941785812378,species,1,rand_species,/Users/justyna-przy/Projects/ISE/FYP/src/bird_data/clips/species/emberiza_citrinella/XC544996__s22000__e25000.wav,
emberiza_citrinella,544996,Emberiza citrinella,/Users/justyna-przy/Projects/ISE/FYP/src/bird_data/raw/emberiza_citrinella/XC544996.mp3,28.0,31.0,-29.50146651583629,-40.0,species,Emberiza citrinella,Yellowhammer,0.9352744221687317,0.9352744221687317,species,0,,,
emberiza_citrinella,544996,Emberiza citrinella,/Users/justyna-przy/Projects/ISE/FYP/src/bird_data/raw/emberiza_citrinella/XC544996.mp3,31.0,34.0,-28.717277802368777,-40.0,species,Emberiza citrinella,Yellowhammer,0.9512953758239746,0.9512953758239746,species,0,,,
emberiza_citrinella,493314,Emberiza citrinella,/Users/justyna-przy/Projects/ISE/FYP/src/bird_data/raw/emberiza_citrinella/XC493314.mp3,1.0,4.0,-23.942392420663477,-23.942392420663477,species,Emberiza citrinella,Yellowhammer,0.942538857460022,0.942538857460022,species,1,rand_species,/Users/justyna-przy/Projects/ISE/FYP/src/bird_data/clips/species/emberiza_citrinella/XC493314__s1000__e4000.wav,
emberiza_citrinella,475303,Emberiza citrinella,/Users/justyna-przy/Projects/ISE/FYP/src/bird_data/raw/emberiza_citrinella/XC475303.mp3,1.0,4.0,-16.162123579145238,-40.0,species,Emberiza citrinella,Yellowhammer,0.9766928553581238,0.9766928553581238,species,1,rand_species,/Users/justyna-przy/Projects/ISE/FYP/src/bird_data/clips/species/emberiza_citrinella/XC475303__s1000__e4000.wav,
emberiza_citrinella,475303,Emberiza citrinella,/Users/justyna-przy/Projects/ISE/FYP/src/bird_data/raw/emberiza_citrinella/XC475303.mp3,13.0,16.0,-28.46286992283735,-40.0,species,Emberiza citrinella,Yellowhammer,0.8543680906295776,0.8543680906295776,species,1,rand_species,/Users/justyna-przy/Projects/ISE/FYP/src/bird_data/clips/species/emberiza_citrinella/XC475303__s13000__e16000.wav,
emberiza_citrinella,475303,Emberiza citrinella,/Users/justyna-przy/Projects/ISE/FYP/src/bird_data/raw/emberiza_citrinella/XC475303.mp3,16.0,19.0,-18.64542574406404,-40.0,species,Emberiza citrinella,Yellowhammer,0.9811457991600037,0.9811457991600037,species,1,rand_species,/Users/justyna-przy/Projects/ISE/FYP/src/bird_data/clips/species/emberiza_citrinella/XC475303__s16000__e19000.wav,
emberiza_citrinella,475297,Emberiza citrinella,/Users/justyna-przy/Projects/ISE/FYP/src/bird_data/raw/emberiza_citrinella/XC475297.mp3,1.0,4.0,-18.268142406034077,-40.0,species,Emberiza citrinella,Yellowhammer,0.9720578193664551,0.9720578193664551,species,0,,,
emberiza_citrinella,475297,Emberiza citrinella,/Users/justyna-przy/Projects/ISE/FYP/src/bird_data/raw/emberiza_citrinella/XC475297.mp3,10.0,13.0,-20.383877116211583,-40.0,species,Emberiza citrinella,Yellowhammer,0.982283890247345,0.982283890247345,species,1,rand_species,/Users/justyna-przy/Projects/ISE/FYP/src/bird_data/clips/species/emberiza_citrinella/XC475297__s10000__e13000.wav,
emberiza_citrinella,475297,Emberiza citrinella,/Users/justyna-przy/Projects/ISE/FYP/src/bird_data/raw/emberiza_citrinella/XC475297.mp3,22.0,25.0,-20.15727723611551,-40.0,species,Emberiza citrinella,Yellowhammer,0.9645494818687439,0.9645494818687439,species,1,rand_species,/Users/justyna-przy/Projects/ISE/FYP/src/bird_data/clips/species/emberiza_citrinella/XC475297__s22000__e25000.wav,
emberiza_citrinella,475297,Emberiza citrinella,/Users/justyna-przy/Projects/ISE/FYP/src/bird_data/raw/emberiza_citrinella/XC475297.mp3,34.0,37.0,-30.0567342827231,-40.0,species,Emberiza citrinella,Yellowhammer,0.9668039679527283,0.9668039679527283,species,1,rand_species,/Users/justyna-przy/Projects/ISE/FYP/src/bird_data/clips/species/emberiza_citrinella/XC475297__s34000__e37000.wav,
emberiza_citrinella,471512,Emberiza citrinella,/Users/justyna-przy/Projects/ISE/FYP/src/bird_data/raw/emberiza_citrinella/XC471512.mp3,4.0,7.0,-22.158735015403582,-38.27722360588646,species,Emberiza citrinella,Yellowhammer,0.9653200507164001,0.9653200507164001,species,1,rand_species,/Users/justyna-przy/Projects/ISE/FYP/src/bird_data/clips/species/emberiza_citrinella/XC471512__s4000__e7000.wav,
emberiza_citrinella,471512,Emberiza citrinella,/Users/justyna-przy/Projects/ISE/FYP/src/bird_data/raw/emberiza_citrinella/XC471512.mp3,7.0,10.0,-37.798827176815564,-38.27722360588646,species,Emberiza citrinella,Yellowhammer,0.9120765328407288,0.9120765328407288,species,1,rand_species,/Users/justyna-przy/Projects/ISE/FYP/src/bird_data/clips/species/emberiza_citrinella/XC471512__s7000__e10000.wav,
emberiza_citrinella,471512,Emberiza citrinella,/Users/justyna-przy/Projects/ISE/FYP/src/bird_data/raw/emberiza_citrinella/XC471512.mp3,10.0,13.0,-23.575812961527536,-38.27722360588646,species,Emberiza citrinella,Yellowhammer,0.7873643636703491,0.7873643636703491,species,0,,,
emberiza_citrinella,471512,Emberiza citrinella,/Users/justyna-przy/Projects/ISE/FYP/src/bird_data/raw/emberiza_citrinella/XC471512.mp3,16.0,19.0,-34.142910287300836,-38.27722360588646,species,Emberiza citrinella,Yellowhammer,0.9563778042793274,0.9563778042793274,species,0,,,
emberiza_citrinella,471512,Emberiza citrinella,/Users/justyna-przy/Projects/ISE/FYP/src/bird_data/raw/emberiza_citrinella/XC471512.mp3,19.0,22.0,-23.243968126134682,-38.27722360588646,species,Emberiza citrinella,Yellowhammer,0.9354548454284668,0.9354548454284668,species,0,,,
emberiza_citrinella,471512,Emberiza citrinella,/Users/justyna-przy/Projects/ISE/FYP/src/bird_data/raw/emberiza_citrinella/XC471512.mp3,25.0,28.0,-22.002065608531932,-38.27722360588646,species,Emberiza citrinella,Yellowhammer,0.9821068644523621,0.9821068644523621,species,0,,,
emberiza_citrinella,471512,Emberiza citrinella,/Users/justyna-przy/Projects/ISE/FYP/src/bird_data/raw/emberiza_citrinella/XC471512.mp3,31.0,34.0,-24.126072226458174,-38.27722360588646,species,Emberiza citrinella,Yellowhammer,0.9555512070655823,0.9555512070655823,species,1,rand_species,/Users/justyna-przy/Projects/ISE/FYP/src/bird_data/clips/species/emberiza_citrinella/XC471512__s31000__e34000.wav,
emberiza_citrinella,471512,Emberiza citrinella,/Users/justyna-przy/Projects/ISE/FYP/src/bird_data/raw/emberiza_citrinella/XC471512.mp3,34.0,37.0,-27.790543697911083,-38.27722360588646,species,Emberiza citrinella,Yellowhammer,0.6165713667869568,0.6165713667869568,species,0,,,
emberiza_citrinella,471512,Emberiza citrinella,/Users/justyna-przy/Projects/ISE/FYP/src/bird_data/raw/emberiza_citrinella/XC471512.mp3,37.0,40.0,-22.175565128580832,-38.27722360588646,species,Emberiza citrinella,Yellowhammer,0.9397518038749695,0.9397518038749695,species,0,,,
emberiza_citrinella,471512,Emberiza citrinella,/Users/justyna-przy/Projects/ISE/FYP/src/bird_data/raw/emberiza_citrinella/XC471512.mp3,43.0,46.0,-19.974451780755288,-38.27722360588646,species,Emberiza citrinella,Yellowhammer,0.8929126262664795,0.8929126262664795,species,0,,,
emberiza_citrinella,471509,Emberiza citrinella,/Users/justyna-przy/Projects/ISE/FYP/src/bird_data/raw/emberiza_citrinella/XC471509.mp3,1.0,4.0,-17.88128059944803,-26.61986111453534,species,Emberiza citrinella,Yellowhammer,0.9933224320411682,0.9933224320411682,species,1,rand_species,/Users/justyna-przy/Projects/ISE/FYP/src/bird_data/clips/species/emberiza_citrinella/XC471509__s1000__e4000.wav,
emberiza_citrinella,471509,Emberiza citrinella,/Users/justyna-przy/Projects/ISE/FYP/src/bird_data/raw/emberiza_citrinella/XC471509.mp3,7.0,10.0,-24.326128288135752,-26.61986111453534,species,Emberiza citrinella,Yellowhammer,0.67316073179245,0.67316073179245,species,1,rand_species,/Users/justyna-przy/Projects/ISE/FYP/src/bird_data/clips/species/emberiza_citrinella/XC471509__s7000__e10000.wav,
emberiza_citrinella,471509,Emberiza citrinella,/Users/justyna-przy/Projects/ISE/FYP/src/bird_data/raw/emberiza_citrinella/XC471509.mp3,10.0,13.0,-22.76801474356548,-26.61986111453534,species,Emberiza citrinella,Yellowhammer,0.9734687209129333,0.9734687209129333,species,1,rand_species,/Users/justyna-przy/Projects/ISE/FYP/src/bird_data/clips/species/emberiza_citrinella/XC471509__s10000__e13000.wav,
emberiza_citrinella,466795,Emberiza citrinella,/Users/justyna-przy/Projects/ISE/FYP/src/bird_data/raw/emberiza_citrinella/XC466795.mp3,1.0,4.0,-28.19126395653062,-40.0,species,Emberiza citrinella,Yellowhammer,0.98969966173172,0.98969966173172,species,0,,,
emberiza_citrinella,466795,Emberiza citrinella,/Users/justyna-przy/Projects/ISE/FYP/src/bird_data/raw/emberiza_citrinella/XC466795.mp3,7.0,10.0,-28.254802931728513,-40.0,species,Emberiza citrinella,Yellowhammer,0.9972656965255737,0.9972656965255737,species,0,,,
emberiza_citrinella,466795,Emberiza citrinella,/Users/justyna-przy/Projects/ISE/FYP/src/bird_data/raw/emberiza_citrinella/XC466795.mp3,16.0,19.0,-25.517130304238606,-40.0,species,Emberiza citrinella,Yellowhammer,0.9851059913635254,0.9851059913635254,species,1,rand_species,/Users/justyna-przy/Projects/ISE/FYP/src/bird_data/clips/species/emberiza_citrinella/XC466795__s16000__e19000.wav,
emberiza_citrinella,466795,Emberiza citrinella,/Users/justyna-przy/Projects/ISE/FYP/src/bird_data/raw/emberiza_citrinella/XC466795.mp3,28.0,31.0,-25.842826223367194,-40.0,species,Emberiza citrinella,Yellowhammer,0.995020866394043,0.995020866394043,species,1,rand_species,/Users/justyna-przy/Projects/ISE/FYP/src/bird_data/clips/species/emberiza_citrinella/XC466795__s28000__e31000.wav,
emberiza_citrinella,466795,Emberiza citrinella,/Users/justyna-przy/Projects/ISE/FYP/src/bird_data/raw/emberiza_citrinella/XC466795.mp3,37.0,40.0,-31.665092914925516,-40.0,species,Emberiza citrinella,Yellowhammer,0.9916852712631226,0.9916852712631226,species,1,rand_species,/Users/justyna-przy/Projects/ISE/FYP/src/bird_data/clips/species/emberiza_citrinella/XC466795__s37000__e40000.wav,
emberiza_citrinella,463357,Emberiza citrinella,/Users/justyna-przy/Projects/ISE/FYP/src/bird_data/raw/emberiza_citrinella/XC463357.mp3,1.0,4.0,-24.889110274910877,-40.0,species,Emberiza citrinella,Yellowhammer,0.9940850734710693,0.9940850734710693,species,1,rand_species,/Users/justyna-przy/Projects/ISE/FYP/src/bird_data/clips/species/emberiza_citrinella/XC463357__s1000__e4000.wav,
emberiza_citrinella,463357,Emberiza citrinella,/Users/justyna-przy/Projects/ISE/FYP/src/bird_data/raw/emberiza_citrinella/XC463357.mp3,7.0,10.0,-25.88181440327761,-40.0,drop,Setophaga palmarum,Palm Warbler,0.40923842787742615,0.40923842787742615,drop,0,,,
emberiza_citrinella,463357,Emberiza citrinella,/Users/justyna-przy/Projects/ISE/FYP/src/bird_data/raw/emberiza_citrinella/XC463357.mp3,10.0,13.0,-31.658300905279567,-40.0,species,Emberiza citrinella,Yellowhammer,0.9480324387550354,0.9480324387550354,species,0,,,
emberiza_citrinella,463357,Emberiza citrinella,/Users/justyna-przy/Projects/ISE/FYP/src/bird_data/raw/emberiza_citrinella/XC463357.mp3,16.0,19.0,-29.96589152438816,-40.0,species,Emberiza citrinella,Yellowhammer,0.8722552061080933,0.8722552061080933,species,1,rand_species,/Users/justyna-przy/Projects/ISE/FYP/src/bird_data/clips/species/emberiza_citrinella/XC463357__s16000__e19000.wav,
emberiza_citrinella,463357,Emberiza citrinella,/Users/justyna-przy/Projects/ISE/FYP/src/bird_data/raw/emberiza_citrinella/XC463357.mp3,25.0,28.0,-23.250592214394995,-40.0,species,Emberiza citrinella,Yellowhammer,0.9964075684547424,0.9964075684547424,species,0,,,
emberiza_citrinella,463357,Emberiza citrinella,/Users/justyna-przy/Projects/ISE/FYP/src/bird_data/raw/emberiza_citrinella/XC463357.mp3,31.0,34.0,-29.2985479406031,-40.0,drop,Anthus trivialis,Tree Pipit,0.10643543303012848,0.10643543303012848,drop,0,,,
emberiza_citrinella,463357,Emberiza citrinella,/Users/justyna-przy/Projects/ISE/FYP/src/bird_data/raw/emberiza_citrinella/XC463357.mp3,34.0,37.0,-22.79669612455311,-40.0,species,Emberiza citrinella,Yellowhammer,0.9517338871955872,0.9517338871955872,species,0,,,
emberiza_citrinella,463357,Emberiza citrinella,/Users/justyna-przy/Projects/ISE/FYP/src/bird_data/raw/emberiza_citrinella/XC463357.mp3,40.0,43.0,-23.04836024694406,-40.0,species,Emberiza citrinella,Yellowhammer,0.9974978566169739,0.9974978566169739,species,0,,,
emberiza_citrinella,463357,Emberiza citrinella,/Users/justyna-przy/Projects/ISE/FYP/src/bird_data/raw/emberiza_citrinella/XC463357.mp3,46.0,49.0,-23.859902344939762,-40.0,species,Emberiza citrinella,Yellowhammer,0.7366411089897156,0.7366411089897156,species,0,,,
emberiza_citrinella,463357,Emberiza citrinella,/Users/justyna-przy/Projects/ISE/FYP/src/bird_data/raw/emberiza_citrinella/XC463357.mp3,49.0,52.0,-32.18372262610486,-40.0,species,Emberiza citrinella,Yellowhammer,0.8569010496139526,0.8569010496139526,species,1,rand_species,/Users/justyna-przy/Projects/ISE/FYP/src/bird_data/clips/species/emberiza_citrinella/XC463357__s49000__e52000.wav,
emberiza_citrinella,462588,Emberiza citrinella,/Users/justyna-przy/Projects/ISE/FYP/src/bird_data/raw/emberiza_citrinella/XC462588.mp3,1.0,4.0,-20.99946529641622,-40.0,species,Emberiza citrinella,Yellowhammer,0.9886153936386108,0.9886153936386108,species,0,,,
emberiza_citrinella,462588,Emberiza citrinella,/Users/justyna-przy/Projects/ISE/FYP/src/bird_data/raw/emberiza_citrinella/XC462588.mp3,4.0,7.0,-39.318004152243596,-40.0,species,Emberiza citrinella,Yellowhammer,0.9478425979614258,0.9478425979614258,species,0,,,
emberiza_citrinella,462588,Emberiza citrinella,/Users/justyna-przy/Projects/ISE/FYP/src/bird_data/raw/emberiza_citrinella/XC462588.mp3,7.0,10.0,-21.361351168315284,-40.0,species,Emberiza citrinella,Yellowhammer,0.9909948706626892,0.9909948706626892,species,1,rand_species,/Users/justyna-przy/Projects/ISE/FYP/src/bird_data/clips/species/emberiza_citrinella/XC462588__s7000__e10000.wav,
emberiza_citrinella,462588,Emberiza citrinella,/Users/justyna-przy/Projects/ISE/FYP/src/bird_data/raw/emberiza_citrinella/XC462588.mp3,13.0,16.0,-24.169619836205744,-40.0,species,Emberiza citrinella,Yellowhammer,0.9456378817558289,0.9456378817558289,species,0,,,
emberiza_citrinella,462588,Emberiza citrinella,/Users/justyna-przy/Projects/ISE/FYP/src/bird_data/raw/emberiza_citrinella/XC462588.mp3,16.0,19.0,-24.459038601441456,-40.0,species,Emberiza citrinella,Yellowhammer,0.9331628680229187,0.9331628680229187,species,0,,,
emberiza_citrinella,462588,Emberiza citrinella,/Users/justyna-przy/Projects/ISE/FYP/src/bird_data/raw/emberiza_citrinella/XC462588.mp3,22.0,25.0,-19.301245373310895,-40.0,species,Emberiza citrinella,Yellowhammer,0.9963604807853699,0.9963604807853699,species,0,,,
emberiza_citrinella,462588,Emberiza citrinella,/Users/justyna-przy/Projects/ISE/FYP/src/bird_data/raw/emberiza_citrinella/XC462588.mp3,28.0,31.0,-21.93180815294872,-40.0,species,Emberiza citrinella,Yellowhammer,0.9713813066482544,0.9713813066482544,species,1,rand_species,/Users/justyna-przy/Projects/ISE/FYP/src/bird_data/clips/species/emberiza_citrinella/XC462588__s28000__e31000.wav,
emberiza_citrinella,462588,Emberiza citrinella,/Users/justyna-przy/Projects/ISE/FYP/src/bird_data/raw/emberiza_citrinella/XC462588.mp3,31.0,34.0,-25.962736528807902,-40.0,species,Emberiza citrinella,Yellowhammer,0.9501907825469971,0.9501907825469971,species,1,rand_species,/Users/justyna-przy/Projects/ISE/FYP/src/bird_data/clips/species/emberiza_citrinella/XC462588__s31000__e34000.wav,
emberiza_citrinella,462159,Emberiza citrinella,/Users/justyna-przy/Projects/ISE/FYP/src/bird_data/raw/emberiza_citrinella/XC462159.mp3,1.0,4.0,-22.244202312692735,-40.0,species,Emberiza citrinella,Yellowhammer,0.9861942529678345,0.9861942529678345,species,1,rand_species,/Users/justyna-przy/Projects/ISE/FYP/src/bird_data/clips/species/emberiza_citrinella/XC462159__s1000__e4000.wav,
emberiza_citrinella,462159,Emberiza citrinella,/Users/justyna-przy/Projects/ISE/FYP/src/bird_data/raw/emberiza_citrinella/XC462159.mp3,7.0,10.0,-25.390958102235825,-40.0,species,Emberiza citrinella,Yellowhammer,0.937025249004364,0.937025249004364,species,0,,,
emberiza_citrinella,462159,Emberiza citrinella,/Users/justyna-przy/Projects/ISE/FYP/src/bird_data/raw/emberiza_citrinella/XC462159.mp3,16.0,19.0,-34.600485821219394,-40.0,species,Emberiza citrinella,Yellowhammer,0.9829738140106201,0.9829738140106201,species,1,rand_species,/Users/justyna-przy/Projects/ISE/FYP/src/bird_data/clips/species/emberiza_citrinella/XC462159__s16000__e19000.wav,
emberiza_citrinella,462159,Emberiza citrinella,/Users/justyna-przy/Projects/ISE/FYP/src/bird_data/raw/emberiza_citrinella/XC462159.mp3,31.0,34.0,-34.06796607597925,-40.0,species,Emberiza citrinella,Yellowhammer,0.9909281134605408,0.9909281134605408,species,1,rand_species,/Users/justyna-przy/Projects/ISE/FYP/src/bird_data/clips/species/emberiza_citrinella/XC462159__s31000__e34000.wav,
emberiza_citrinella,444019,Emberiza citrinella,/Users/justyna-przy/Projects/ISE/FYP/src/bird_data/raw/emberiza_citrinella/XC444019.mp3,1.0,4.0,-32.95258438090724,-40.0,species,Emberiza citrinella,Yellowhammer,0.946600615978241,0.946600615978241,species,0,,,
emberiza_citrinella,444019,Emberiza citrinella,/Users/justyna-przy/Projects/ISE/FYP/src/bird_data/raw/emberiza_citrinella/XC444019.mp3,10.0,13.0,-29.06782865402753,-40.0,species,Emberiza citrinella,Yellowhammer,0.9701322913169861,0.9701322913169861,species,0,,,
emberiza_citrinella,444019,Emberiza citrinella,/Users/justyna-przy/Projects/ISE/FYP/src/bird_data/raw/emberiza_citrinella/XC444019.mp3,19.0,22.0,-26.80120113742899,-40.0,species,Emberiza citrinella,Yellowhammer,0.9143245816230774,0.9143245816230774,species,0,,,
emberiza_citrinella,444019,Emberiza citrinella,/Users/justyna-przy/Projects/ISE/FYP/src/bird_data/raw/emberiza_citrinella/XC444019.mp3,28.0,31.0,-26.772684367873016,-40.0,species,Emberiza citrinella,Yellowhammer,0.9802204370498657,0.9802204370498657,species,0,,,
emberiza_citrinella,444019,Emberiza citrinella,/Users/justyna-przy/Projects/ISE/FYP/src/bird_data/raw/emberiza_citrinella/XC444019.mp3,34.0,37.0,-27.83238121477791,-40.0,species,Emberiza citrinella,Yellowhammer,0.918551504611969,0.918551504611969,species,1,rand_species,/Users/justyna-przy/Projects/ISE/FYP/src/bird_data/clips/species/emberiza_citrinella/XC444019__s34000__e37000.wav,
emberiza_citrinella,444019,Emberiza citrinella,/Users/justyna-przy/Projects/ISE/FYP/src/bird_data/raw/emberiza_citrinella/XC444019.mp3,37.0,40.0,-32.18072792595266,-40.0,species,Emberiza citrinella,Yellowhammer,0.9099170565605164,0.9099170565605164,species,1,rand_species,/Users/justyna-przy/Projects/ISE/FYP/src/bird_data/clips/species/emberiza_citrinella/XC444019__s37000__e40000.wav,
emberiza_citrinella,444019,Emberiza citrinella,/Users/justyna-przy/Projects/ISE/FYP/src/bird_data/raw/emberiza_citrinella/XC444019.mp3,43.0,46.0,-26.47447263698456,-40.0,species,Emberiza citrinella,Yellowhammer,0.9787386059761047,0.9787386059761047,species,0,,,
emberiza_citrinella,444019,Emberiza citrinella,/Users/justyna-przy/Projects/ISE/FYP/src/bird_data/raw/emberiza_citrinella/XC444019.mp3,49.0,52.0,-25.540891077132454,-40.0,species,Emberiza citrinella,Yellowhammer,0.9660215973854065,0.9660215973854065,species,1,rand_species,/Users/justyna-przy/Projects/ISE/FYP/src/bird_data/clips/species/emberiza_citrinella/XC444019__s49000__e52000.wav,
emberiza_citrinella,442792,Emberiza citrinella,/Users/justyna-przy/Projects/ISE/FYP/src/bird_data/raw/emberiza_citrinella/XC442792.mp3,4.0,7.0,-30.01394396376263,-40.0,species,Emberiza citrinella,Yellowhammer,0.814121425151825,0.814121425151825,species,1,rand_species,/Users/justyna-przy/Projects/ISE/FYP/src/bird_data/clips/species/emberiza_citrinella/XC442792__s4000__e7000.wav,
emberiza_citrinella,442792,Emberiza citrinella,/Users/justyna-przy/Projects/ISE/FYP/src/bird_data/raw/emberiza_citrinella/XC442792.mp3,10.0,13.0,-29.56309065083619,-40.0,species,Emberiza citrinella,Yellowhammer,0.4472602903842926,0.4472602903842926,species,1,rand_species,/Users/justyna-przy/Projects/ISE/FYP/src/bird_data/clips/species/emberiza_citrinella/XC442792__s10000__e13000.wav,
emberiza_citrinella,442792,Emberiza citrinella,/Users/justyna-przy/Projects/ISE/FYP/src/bird_data/raw/emberiza_citrinella/XC442792.mp3,13.0,16.0,-36.009325482180884,-40.0,species,Emberiza citrinella,Yellowhammer,0.6660730838775635,0.6660730838775635,species,1,rand_species,/Users/justyna-przy/Projects/ISE/FYP/src/bird_data/clips/species/emberiza_citrinella/XC442792__s13000__e16000.wav,
emberiza_citrinella,442792,Emberiza citrinella,/Users/justyna-przy/Projects/ISE/FYP/src/bird_data/raw/emberiza_citrinella/XC442792.mp3,16.0,19.0,-39.456486070191055,-40.0,drop,Leiothlypis celata,Orange-crowned Warbler,0.10897403210401535,0.10897403210401535,drop,0,,,
emberiza_citrinella,442792,Emberiza citrinella,/Users/justyna-przy/Projects/ISE/FYP/src/bird_data/raw/emberiza_citrinella/XC442792.mp3,19.0,22.0,-27.329131724446793,-40.0,species,Emberiza citrinella,Yellowhammer,0.990220308303833,0.990220308303833,species,0,,,
emberiza_citrinella,439517,Emberiza citrinella,/Users/justyna-przy/Projects/ISE/FYP/src/bird_data/raw/emberiza_citrinella/XC439517.mp3,1.0,4.0,-35.251636960210575,-35.58209269155643,species,Emberiza citrinella,Yellowhammer,0.9394249320030212,0.9394249320030212,species,0,,,
emberiza_citrinella,439517,Emberiza citrinella,/Users/justyna-przy/Projects/ISE/FYP/src/bird_data/raw/emberiza_citrinella/XC439517.mp3,4.0,7.0,-32.44796163588426,-35.58209269155643,species,Emberiza citrinella,Yellowhammer,0.9343090653419495,0.9343090653419495,species,1,rand_species,/Users/justyna-przy/Projects/ISE/FYP/src/bird_data/clips/species/emberiza_citrinella/XC439517__s4000__e7000.wav,
emberiza_citrinella,439517,Emberiza citrinella,/Users/justyna-przy/Projects/ISE/FYP/src/bird_data/raw/emberiza_citrinella/XC439517.mp3,10.0,13.0,-35.35317402148648,-35.58209269155643,species,Emberiza citrinella,Yellowhammer,0.9824984073638916,0.9824984073638916,species,0,,,
emberiza_citrinella,439517,Emberiza citrinella,/Users/justyna-przy/Projects/ISE/FYP/src/bird_data/raw/emberiza_citrinella/XC439517.mp3,16.0,19.0,-32.512892917547155,-35.58209269155643,species,Emberiza citrinella,Yellowhammer,0.9575215578079224,0.9575215578079224,species,1,rand_species,/Users/justyna-przy/Projects/ISE/FYP/src/bird_data/clips/species/emberiza_citrinella/XC439517__s16000__e19000.wav,
emberiza_citrinella,439517,Emberiza citrinella,/Users/justyna-przy/Projects/ISE/FYP/src/bird_data/raw/emberiza_citrinella/XC439517.mp3,22.0,25.0,-29.803287487334007,-35.58209269155643,species,Emberiza citrinella,Yellowhammer,0.9874217510223389,0.9874217510223389,species,1,rand_species,/Users/justyna-przy/Projects/ISE/FYP/src/bird_data/clips/species/emberiza_citrinella/XC439517__s22000__e25000.wav,
emberiza_citrinella,439517,Emberiza citrinella,/Users/justyna-przy/Projects/ISE/FYP/src/bird_data/raw/emberiza_citrinella/XC439517.mp3,25.0,28.0,-33.00273976944802,-35.58209269155643,species,Emberiza citrinella,Yellowhammer,0.9787867665290833,0.9787867665290833,species,0,,,
emberiza_citrinella,417763,Emberiza citrinella,/Users/justyna-przy/Projects/ISE/FYP/src/bird_data/raw/emberiza_citrinella/XC417763.mp3,1.0,4.0,-25.4903988168712,-28.41231866664758,species,Emberiza citrinella,Yellowhammer,0.9544198513031006,0.9544198513031006,species,1,rand_species,/Users/justyna-przy/Projects/ISE/FYP/src/bird_data/clips/species/emberiza_citrinella/XC417763__s1000__e4000.wav,
emberiza_citrinella,417763,Emberiza citrinella,/Users/justyna-przy/Projects/ISE/FYP/src/bird_data/raw/emberiza_citrinella/XC417763.mp3,7.0,10.0,-25.97342538092594,-28.41231866664758,drop,Anthus trivialis,Tree Pipit,0.5555033087730408,0.5555033087730408,drop,0,,,
emberiza_citrinella,417763,Emberiza citrinella,/Users/justyna-przy/Projects/ISE/FYP/src/bird_data/raw/emberiza_citrinella/XC417763.mp3,10.0,13.0,-25.586652494109032,-28.41231866664758,species,Emberiza citrinella,Yellowhammer,0.9873759746551514,0.9873759746551514,species,1,rand_species,/Users/justyna-przy/Projects/ISE/FYP/src/bird_data/clips/species/emberiza_citrinella/XC417763__s10000__e13000.wav,
emberiza_citrinella,417763,Emberiza citrinella,/Users/justyna-przy/Projects/ISE/FYP/src/bird_data/raw/emberiza_citrinella/XC417763.mp3,16.0,19.0,-22.690850167453902,-28.41231866664758,species,Emberiza citrinella,Yellowhammer,0.9890189170837402,0.9890189170837402,species,1,rand_species,/Users/justyna-przy/Projects/ISE/FYP/src/bird_data/clips/species/emberiza_citrinella/XC417763__s16000__e19000.wav,
emberiza_citrinella,416975,Emberiza citrinella,/Users/justyna-przy/Projects/ISE/FYP/src/bird_data/raw/emberiza_citrinella/XC416975.mp3,1.0,4.0,-17.536073714961105,-40.0,species,Emberiza citrinella,Yellowhammer,0.9645482897758484,0.9645482897758484,species,1,rand_species,/Users/justyna-przy/Projects/ISE/FYP/src/bird_data/clips/species/emberiza_citrinella/XC416975__s1000__e4000.wav,
emberiza_citrinella,416975,Emberiza citrinella,/Users/justyna-przy/Projects/ISE/FYP/src/bird_data/raw/emberiza_citrinella/XC416975.mp3,7.0,10.0,-16.56661739127938,-40.0,species,Emberiza citrinella,Yellowhammer,0.9499086141586304,0.9499086141586304,species,1,rand_species,/Users/justyna-przy/Projects/ISE/FYP/src/bird_data/clips/species/emberiza_citrinella/XC416975__s7000__e10000.wav,
emberiza_citrinella,416975,Emberiza citrinella,/Users/justyna-przy/Projects/ISE/FYP/src/bird_data/raw/emberiza_citrinella/XC416975.mp3,10.0,13.0,-37.74607376970581,-40.0,drop,Emberiza citrinella,Yellowhammer,0.21432147920131683,0.21432147920131683,drop,0,,,
emberiza_citrinella,416975,Emberiza citrinella,/Users/justyna-przy/Projects/ISE/FYP/src/bird_data/raw/emberiza_citrinella/XC416975.mp3,16.0,19.0,-17.579613956211663,-40.0,species,Emberiza citrinella,Yellowhammer,0.9097801446914673,0.9097801446914673,species,1,rand_species,/Users/justyna-przy/Projects/ISE/FYP/src/bird_data/clips/species/emberiza_citrinella/XC416975__s16000__e19000.wav,
emberiza_citrinella,415137,Emberiza citrinella,/Users/justyna-przy/Projects/ISE/FYP/src/bird_data/raw/emberiza_citrinella/XC415137.mp3,1.0,4.0,-28.341284358992247,-40.0,species,Emberiza citrinella,Yellowhammer,0.9246031045913696,0.9246031045913696,species,1,rand_species,/Users/justyna-przy/Projects/ISE/FYP/src/bird_data/clips/species/emberiza_citrinella/XC415137__s1000__e4000.wav,
emberiza_citrinella,415137,Emberiza citrinella,/Users/justyna-przy/Projects/ISE/FYP/src/bird_data/raw/emberiza_citrinella/XC415137.mp3,10.0,13.0,-30.652477882779653,-40.0,species,Emberiza citrinella,Yellowhammer,0.9752287864685059,0.9752287864685059,species,1,rand_species,/Users/justyna-przy/Projects/ISE/FYP/src/bird_data/clips/species/emberiza_citrinella/XC415137__s10000__e13000.wav,
emberiza_citrinella,415137,Emberiza citrinella,/Users/justyna-przy/Projects/ISE/FYP/src/bird_data/raw/emberiza_citrinella/XC415137.mp3,19.0,22.0,-27.3930203109958,-40.0,species,Emberiza citrinella,Yellowhammer,0.9524231553077698,0.9524231553077698,species,1,rand_species,/Users/justyna-przy/Projects/ISE/FYP/src/bird_data/clips/species/emberiza_citrinella/XC415137__s19000__e22000.wav,
emberiza_citrinella,415137,Emberiza citrinella,/Users/justyna-przy/Projects/ISE/FYP/src/bird_data/raw/emberiza_citrinella/XC415137.mp3,28.0,31.0,-36.64881022937225,-40.0,species,Emberiza citrinella,Yellowhammer,0.7902936339378357,0.7902936339378357,species,0,,,
emberiza_citrinella,405476,Emberiza citrinella,/Users/justyna-przy/Projects/ISE/FYP/src/bird_data/raw/emberiza_citrinella/XC405476.mp3,1.0,4.0,-34.568158754666094,-40.0,species,Emberiza citrinella,Yellowhammer,0.8370450139045715,0.8370450139045715,species,1,rand_species,/Users/justyna-przy/Projects/ISE/FYP/src/bird_data/clips/species/emberiza_citrinella/XC405476__s1000__e4000.wav,
emberiza_citrinella,405476,Emberiza citrinella,/Users/justyna-przy/Projects/ISE/FYP/src/bird_data/raw/emberiza_citrinella/XC405476.mp3,4.0,7.0,-30.520353218695107,-40.0,drop,Passerculus sandwichensis,Savannah Sparrow,0.29596853256225586,0.29596853256225586,drop,0,,,
emberiza_citrinella,405476,Emberiza citrinella,/Users/justyna-przy/Projects/ISE/FYP/src/bird_data/raw/emberiza_citrinella/XC405476.mp3,13.0,16.0,-24.88210834178433,-40.0,species,Emberiza citrinella,Yellowhammer,0.9820850491523743,0.9820850491523743,species,0,,,
emberiza_citrinella,405476,Emberiza citrinella,/Users/justyna-przy/Projects/ISE/FYP/src/bird_data/raw/emberiza_citrinella/XC405476.mp3,22.0,25.0,-26.329782535458893,-40.0,species,Emberiza citrinella,Yellowhammer,0.8963590264320374,0.8963590264320374,species,0,,,
emberiza_citrinella,405476,Emberiza citrinella,/Users/justyna-przy/Projects/ISE/FYP/src/bird_data/raw/emberiza_citrinella/XC405476.mp3,25.0,28.0,-26.399584028397665,-40.0,species,Emberiza citrinella,Yellowhammer,0.36105582118034363,0.36105582118034363,species,1,rand_species,/Users/justyna-przy/Projects/ISE/FYP/src/bird_data/clips/species/emberiza_citrinella/XC405476__s25000__e28000.wav,
emberiza_citrinella,405476,Emberiza citrinella,/Users/justyna-przy/Projects/ISE/FYP/src/bird_data/raw/emberiza_citrinella/XC405476.mp3,34.0,37.0,-27.62301867069864,-40.0,species,Emberiza citrinella,Yellowhammer,0.9302051663398743,0.9302051663398743,species,1,rand_species,/Users/justyna-przy/Projects/ISE/FYP/src/bird_data/clips/species/emberiza_citrinella/XC405476__s34000__e37000.wav,
emberiza_citrinella,405476,Emberiza citrinella,/Users/justyna-przy/Projects/ISE/FYP/src/bird_data/raw/emberiza_citrinella/XC405476.mp3,37.0,40.0,-26.863396110404715,-40.0,species,Emberiza citrinella,Yellowhammer,0.940968930721283,0.940968930721283,species,0,,,
emberiza_citrinella,402005,Emberiza citrinella,/Users/justyna-przy/Projects/ISE/FYP/src/bird_data/raw/emberiza_citrinella/XC402005.mp3,1.0,4.0,-22.949264254876386,-40.0,drop,Phylloscopus tenellipes,Pale-legged Leaf Warbler,0.3352614939212799,0.3352614939212799,drop,0,,,
emberiza_citrinella,402005,Emberiza citrinella,/Users/justyna-przy/Projects/ISE/FYP/src/bird_data/raw/emberiza_citrinella/XC402005.mp3,4.0,7.0,-39.71299020340303,-40.0,drop,Locustella fluviatilis,River Warbler,0.6279166340827942,0.6279166340827942,drop,0,,,
emberiza_citrinella,402005,Emberiza citrinella,/Users/justyna-przy/Projects/ISE/FYP/src/bird_data/raw/emberiza_citrinella/XC402005.mp3,13.0,16.0,-25.650029547223628,-40.0,drop,Phoenicurus fuliginosus,Plumbeous Redstart,0.3523651659488678,0.3523651659488678,drop,0,,,
emberiza_citrinella,402005,Emberiza citrinella,/Users/justyna-przy/Projects/ISE/FYP/src/bird_data/raw/emberiza_citrinella/XC402005.mp3,16.0,19.0,-31.504587081513833,-40.0,non_bird,,,0.0,0.0,non_bird,1,nonbird_lowconf,/Users/justyna-przy/Projects/ISE/FYP/src/bird_data/clips/non_bird/emberiza_citrinella/XC402005__s16000__e19000.wav,
emberiza_citrinella,402005,Emberiza citrinella,/Users/justyna-przy/Projects/ISE/FYP/src/bird_data/raw/emberiza_citrinella/XC402005.mp3,22.0,25.0,-31.640412755094708,-40.0,drop,Phoenicurus fuliginosus,Plumbeous Redstart,0.17379489541053772,0.17379489541053772,drop,0,,,
emberiza_citrinella,380183,Emberiza citrinella,/Users/justyna-przy/Projects/ISE/FYP/src/bird_data/raw/emberiza_citrinella/XC380183.mp3,1.0,4.0,-33.30499678092055,-35.383037258472946,drop,Cinclus cinclus,White-throated Dipper,0.6351041793823242,0.6351041793823242,drop,0,,,
emberiza_citrinella,380183,Emberiza citrinella,/Users/justyna-przy/Projects/ISE/FYP/src/bird_data/raw/emberiza_citrinella/XC380183.mp3,7.0,10.0,-34.682779351835016,-35.383037258472946,drop,Phylloscopus borealis,Arctic Warbler,0.7805204391479492,0.7805204391479492,drop,0,,,
emberiza_citrinella,372908,Emberiza citrinella,/Users/justyna-przy/Projects/ISE/FYP/src/bird_data/raw/emberiza_citrinella/XC372908.mp3,1.0,4.0,-25.543891018449386,-40.0,species,Emberiza citrinella,Yellowhammer,0.9764606952667236,0.9764606952667236,species,1,rand_species,/Users/justyna-przy/Projects/ISE/FYP/src/bird_data/clips/species/emberiza_citrinella/XC372908__s1000__e4000.wav,
emberiza_citrinella,372908,Emberiza citrinella,/Users/justyna-przy/Projects/ISE/FYP/src/bird_data/raw/emberiza_citrinella/XC372908.mp3,10.0,13.0,-23.743672845401562,-40.0,species,Emberiza citrinella,Yellowhammer,0.7191182971000671,0.7191182971000671,species,1,rand_species,/Users/justyna-przy/Projects/ISE/FYP/src/bird_data/clips/species/emberiza_citrinella/XC372908__s10000__e13000.wav,
emberiza_citrinella,372908,Emberiza citrinella,/Users/justyna-przy/Projects/ISE/FYP/src/bird_data/raw/emberiza_citrinella/XC372908.mp3,13.0,16.0,-27.01779870934348,-40.0,species,Emberiza citrinella,Yellowhammer,0.9537685513496399,0.9537685513496399,species,0,,,
emberiza_citrinella,372908,Emberiza citrinella,/Users/justyna-przy/Projects/ISE/FYP/src/bird_data/raw/emberiza_citrinella/XC372908.mp3,22.0,25.0,-23.143967433507694,-40.0,species,Emberiza citrinella,Yellowhammer,0.9570549726486206,0.9570549726486206,species,1,rand_species,/Users/justyna-przy/Projects/ISE/FYP/src/bird_data/clips/species/emberiza_citrinella/XC372908__s22000__e25000.wav,
emberiza_citrinella,372908,Emberiza citrinella,/Users/justyna-przy/Projects/ISE/FYP/src/bird_data/raw/emberiza_citrinella/XC372908.mp3,31.0,34.0,-22.621958410732383,-40.0,species,Emberiza citrinella,Yellowhammer,0.9875810146331787,0.9875810146331787,species,0,,,
emberiza_citrinella,372908,Emberiza citrinella,/Users/justyna-przy/Projects/ISE/FYP/src/bird_data/raw/emberiza_citrinella/XC372908.mp3,40.0,43.0,-23.43344206636114,-40.0,species,Emberiza citrinella,Yellowhammer,0.9526309370994568,0.9526309370994568,species,0,,,
emberiza_citrinella,372908,Emberiza citrinella,/Users/justyna-przy/Projects/ISE/FYP/src/bird_data/raw/emberiza_citrinella/XC372908.mp3,52.0,55.0,-23.670360909972125,-40.0,species,Emberiza citrinella,Yellowhammer,0.9809176921844482,0.9809176921844482,species,0,,,
emberiza_citrinella,366718,Emberiza citrinella,/Users/justyna-przy/Projects/ISE/FYP/src/bird_data/raw/emberiza_citrinella/XC366718.mp3,1.0,4.0,-38.47700687571515,-40.0,non_bird,,,0.0,0.0,non_bird,1,nonbird_lowconf,/Users/justyna-przy/Projects/ISE/FYP/src/bird_data/clips/non_bird/emberiza_citrinella/XC366718__s1000__e4000.wav,
emberiza_citrinella,366718,Emberiza citrinella,/Users/justyna-przy/Projects/ISE/FYP/src/bird_data/raw/emberiza_citrinella/XC366718.mp3,16.0,19.0,-39.73799404875224,-40.0,drop,Emberiza citrinella,Yellowhammer,0.1270461529493332,0.1270461529493332,drop,0,,,
emberiza_citrinella,366718,Emberiza citrinella,/Users/justyna-przy/Projects/ISE/FYP/src/bird_data/raw/emberiza_citrinella/XC366718.mp3,19.0,22.0,-38.516439540030255,-40.0,drop,Emberiza citrinella,Yellowhammer,0.1267319619655609,0.1267319619655609,drop,0,,,
emberiza_citrinella,365796,Emberiza citrinella,/Users/justyna-przy/Projects/ISE/FYP/src/bird_data/raw/emberiza_citrinella/XC365796.mp3,1.0,4.0,-27.03466999944697,-32.24573943873987,species,Emberiza citrinella,Yellowhammer,0.5899083614349365,0.5899083614349365,species,0,,,
emberiza_citrinella,365796,Emberiza citrinella,/Users/justyna-przy/Projects/ISE/FYP/src/bird_data/raw/emberiza_citrinella/XC365796.mp3,4.0,7.0,-30.842875696401663,-32.24573943873987,species,Emberiza citrinella,Yellowhammer,0.9564454555511475,0.9564454555511475,species,1,rand_species,/Users/justyna-przy/Projects/ISE/FYP/src/bird_data/clips/species/emberiza_citrinella/XC365796__s4000__e7000.wav,
emberiza_citrinella,365796,Emberiza citrinella,/Users/justyna-przy/Projects/ISE/FYP/src/bird_data/raw/emberiza_citrinella/XC365796.mp3,7.0,10.0,-28.2993530393195,-32.24573943873987,species,Emberiza citrinella,Yellowhammer,0.9366609454154968,0.9366609454154968,species,0,,,
emberiza_citrinella,365796,Emberiza citrinella,/Users/justyna-przy/Projects/ISE/FYP/src/bird_data/raw/emberiza_citrinella/XC365796.mp3,10.0,13.0,-27.459962765603642,-32.24573943873987,species,Emberiza citrinella,Yellowhammer,0.9208899140357971,0.9208899140357971,species,1,rand_species,/Users/justyna-przy/Projects/ISE/FYP/src/bird_data/clips/species/emberiza_citrinella/XC365796__s10000__e13000.wav,
emberiza_citrinella,365796,Emberiza citrinella,/Users/justyna-przy/Projects/ISE/FYP/src/bird_data/raw/emberiza_citrinella/XC365796.mp3,16.0,19.0,-27.120884010486343,-32.24573943873987,drop,Emberiza citrinella,Yellowhammer,0.25330036878585815,0.25330036878585815,drop,0,,,
emberiza_citrinella,365796,Emberiza citrinella,/Users/justyna-przy/Projects/ISE/FYP/src/bird_data/raw/emberiza_citrinella/XC365796.mp3,22.0,25.0,-24.948421551116414,-32.24573943873987,species,Emberiza citrinella,Yellowhammer,0.9891268610954285,0.9891268610954285,species,1,rand_species,/Users/justyna-przy/Projects/ISE/FYP/src/bird_data/clips/species/emberiza_citrinella/XC365796__s22000__e25000.wav,
emberiza_citrinella,361919,Emberiza citrinella,/Users/justyna-przy/Projects/ISE/FYP/src/bird_data/raw/emberiza_citrinella/XC361919.mp3,1.0,4.0,-39.60578589605656,-40.0,drop,Turdus iliacus,Redwing,0.21223436295986176,0.21223436295986176,drop,0,,,
emberiza_citrinella,361919,Emberiza citrinella,/Users/justyna-przy/Projects/ISE/FYP/src/bird_data/raw/emberiza_citrinella/XC361919.mp3,19.0,22.0,-34.86473999397409,-40.0,drop,Emberiza citrinella,Yellowhammer,0.21162348985671997,0.21162348985671997,drop,0,,,
emberiza_citrinella,361919,Emberiza citrinella,/Users/justyna-przy/Projects/ISE/FYP/src/bird_data/raw/emberiza_citrinella/XC361919.mp3,22.0,25.0,-37.8514632876969,-40.0,non_bird,,,0.0,0.0,non_bird,1,nonbird_lowconf,/Users/justyna-przy/Projects/ISE/FYP/src/bird_data/clips/non_bird/emberiza_citrinella/XC361919__s22000__e25000.wav,
emberiza_citrinella,361919,Emberiza citrinella,/Users/justyna-przy/Projects/ISE/FYP/src/bird_data/raw/emberiza_citrinella/XC361919.mp3,25.0,28.0,-39.49696118791774,-40.0,drop,Turdus iliacus,Redwing,0.5860108137130737,0.5860108137130737,drop,0,,,
emberiza_citrinella,361919,Emberiza citrinella,/Users/justyna-przy/Projects/ISE/FYP/src/bird_data/raw/emberiza_citrinella/XC361919.mp3,28.0,31.0,-39.60541407026382,-40.0,drop,Muscicapa striata,Spotted Flycatcher,0.4890565574169159,0.4890565574169159,drop,0,,,
emberiza_citrinella,361919,Emberiza citrinella,/Users/justyna-przy/Projects/ISE/FYP/src/bird_data/raw/emberiza_citrinella/XC361919.mp3,31.0,34.0,-38.04944131561034,-40.0,drop,Muscicapa striata,Spotted Flycatcher,0.14822858572006226,0.14822858572006226,drop,0,,,
emberiza_citrinella,361919,Emberiza citrinella,/Users/justyna-przy/Projects/ISE/FYP/src/bird_data/raw/emberiza_citrinella/XC361919.mp3,34.0,37.0,-36.590572744442824,-40.0,species,Emberiza citrinella,Yellowhammer,0.7074770331382751,0.7074770331382751,species,1,rand_species,/Users/justyna-przy/Projects/ISE/FYP/src/bird_data/clips/species/emberiza_citrinella/XC361919__s34000__e37000.wav,
emberiza_citrinella,361919,Emberiza citrinella,/Users/justyna-przy/Projects/ISE/FYP/src/bird_data/raw/emberiza_citrinella/XC361919.mp3,37.0,40.0,-32.50859624454725,-40.0,drop,Muscicapa striata,Spotted Flycatcher,0.4081651270389557,0.4081651270389557,drop,0,,,
emberiza_citrinella,361314,Emberiza citrinella,/Users/justyna-przy/Projects/ISE/FYP/src/bird_data/raw/emberiza_citrinella/XC361314.mp3,1.0,4.0,-28.878101170547264,-40.0,species,Emberiza citrinella,Yellowhammer,0.9492734670639038,0.9492734670639038,species,1,rand_species,/Users/justyna-przy/Projects/ISE/FYP/src/bird_data/clips/species/emberiza_citrinella/XC361314__s1000__e4000.wav,
emberiza_citrinella,361314,Emberiza citrinella,/Users/justyna-przy/Projects/ISE/FYP/src/bird_data/raw/emberiza_citrinella/XC361314.mp3,4.0,7.0,-38.865985291209725,-40.0,drop,Chloris chloris,European Greenfinch,0.6620917916297913,0.6620917916297913,drop,0,,,
emberiza_citrinella,361314,Emberiza citrinella,/Users/justyna-przy/Projects/ISE/FYP/src/bird_data/raw/emberiza_citrinella/XC361314.mp3,10.0,13.0,-30.235265095354677,-40.0,species,Emberiza citrinella,Yellowhammer,0.9945658445358276,0.9945658445358276,species,0,,,
emberiza_citrinella,361314,Emberiza citrinella,/Users/justyna-przy/Projects/ISE/FYP/src/bird_data/raw/emberiza_citrinella/XC361314.mp3,19.0,22.0,-33.55436157540995,-40.0,species,Emberiza citrinella,Yellowhammer,0.9471595883369446,0.9471595883369446,species,0,,,
emberiza_citrinella,361314,Emberiza citrinella,/Users/justyna-przy/Projects/ISE/FYP/src/bird_data/raw/emberiza_citrinella/XC361314.mp3,28.0,31.0,-24.238951647411064,-40.0,species,Emberiza citrinella,Yellowhammer,0.9896667003631592,0.9896667003631592,species,0,,,
emberiza_citrinella,361314,Emberiza citrinella,/Users/justyna-przy/Projects/ISE/FYP/src/bird_data/raw/emberiza_citrinella/XC361314.mp3,34.0,37.0,-33.299292806301686,-40.0,species,Emberiza citrinella,Yellowhammer,0.9303973913192749,0.9303973913192749,species,1,rand_species,/Users/justyna-przy/Projects/ISE/FYP/src/bird_data/clips/species/emberiza_citrinella/XC361314__s34000__e37000.wav,
emberiza_citrinella,361314,Emberiza citrinella,/Users/justyna-przy/Projects/ISE/FYP/src/bird_data/raw/emberiza_citrinella/XC361314.mp3,37.0,40.0,-29.37370225649158,-40.0,drop,Emberiza citrinella,Yellowhammer,0.17012621462345123,0.17012621462345123,drop,0,,,
emberiza_citrinella,361314,Emberiza citrinella,/Users/justyna-przy/Projects/ISE/FYP/src/bird_data/raw/emberiza_citrinella/XC361314.mp3,43.0,46.0,-24.392024752054322,-40.0,species,Emberiza citrinella,Yellowhammer,0.9801931977272034,0.9801931977272034,species,0,,,
emberiza_citrinella,361314,Emberiza citrinella,/Users/justyna-przy/Projects/ISE/FYP/src/bird_data/raw/emberiza_citrinella/XC361314.mp3,46.0,49.0,-35.13446798707353,-40.0,species,Emberiza citrinella,Yellowhammer,0.49603626132011414,0.49603626132011414,species,1,rand_species,/Users/justyna-przy/Projects/ISE/FYP/src/bird_data/clips/species/emberiza_citrinella/XC361314__s46000__e49000.wav,
emberiza_citrinella,361314,Emberiza citrinella,/Users/justyna-przy/Projects/ISE/FYP/src/bird_data/raw/emberiza_citrinella/XC361314.mp3,52.0,55.0,-28.156455171957756,-40.0,species,Emberiza citrinella,Yellowhammer,0.9666860699653625,0.9666860699653625,species,0,,,
emberiza_citrinella,326702,Emberiza citrinella,/Users/justyna-przy/Projects/ISE/FYP/src/bird_data/raw/emberiza_citrinella/XC326702.mp3,1.0,4.0,-32.59767558162261,-40.0,species,Emberiza citrinella,Yellowhammer,0.9877667427062988,0.9877667427062988,species,0,,,
emberiza_citrinella,326702,Emberiza citrinella,/Users/justyna-przy/Projects/ISE/FYP/src/bird_data/raw/emberiza_citrinella/XC326702.mp3,7.0,10.0,-25.454884933408287,-40.0,species,Emberiza citrinella,Yellowhammer,0.9348021745681763,0.9348021745681763,species,1,rand_species,/Users/justyna-przy/Projects/ISE/FYP/src/bird_data/clips/species/emberiza_citrinella/XC326702__s7000__e10000.wav,
emberiza_citrinella,326702,Emberiza citrinella,/Users/justyna-przy/Projects/ISE/FYP/src/bird_data/raw/emberiza_citrinella/XC326702.mp3,13.0,16.0,-26.503241039399953,-40.0,species,Emberiza citrinella,Yellowhammer,0.9961798191070557,0.9961798191070557,species,1,rand_species,/Users/justyna-przy/Projects/ISE/FYP/src/bird_data/clips/species/emberiza_citrinella/XC326702__s13000__e16000.wav,
emberiza_citrinella,326702,Emberiza citrinella,/Users/justyna-przy/Projects/ISE/FYP/src/bird_data/raw/emberiza_citrinella/XC326702.mp3,16.0,19.0,-26.50485299124852,-40.0,species,Emberiza citrinella,Yellowhammer,0.9744234681129456,0.9744234681129456,species,1,rand_species,/Users/justyna-przy/Projects/ISE/FYP/src/bird_data/clips/species/emberiza_citrinella/XC326702__s16000__e19000.wav,
emberiza_citrinella,326701,Emberiza citrinella,/Users/justyna-przy/Projects/ISE/FYP/src/bird_data/raw/emberiza_citrinella/XC326701.mp3,1.0,4.0,-29.03780376529719,-36.626567995149195,species,Emberiza citrinella,Yellowhammer,0.821506142616272,0.821506142616272,species,0,,,
emberiza_citrinella,326701,Emberiza citrinella,/Users/justyna-przy/Projects/ISE/FYP/src/bird_data/raw/emberiza_citrinella/XC326701.mp3,4.0,7.0,-30.67546124463151,-36.626567995149195,species,Emberiza citrinella,Yellowhammer,0.803175687789917,0.803175687789917,species,1,rand_species,/Users/justyna-przy/Projects/ISE/FYP/src/bird_data/clips/species/emberiza_citrinella/XC326701__s4000__e7000.wav,
emberiza_citrinella,326701,Emberiza citrinella,/Users/justyna-przy/Projects/ISE/FYP/src/bird_data/raw/emberiza_citrinella/XC326701.mp3,7.0,10.0,-32.583838974071924,-36.626567995149195,non_bird,,,0.0,0.0,non_bird,1,nonbird_lowconf,/Users/justyna-przy/Projects/ISE/FYP/src/bird_data/clips/non_bird/emberiza_citrinella/XC326701__s7000__e10000.wav,
emberiza_citrinella,326701,Emberiza citrinella,/Users/justyna-przy/Projects/ISE/FYP/src/bird_data/raw/emberiza_citrinella/XC326701.mp3,13.0,16.0,-28.634354655815425,-36.626567995149195,species,Emberiza citrinella,Yellowhammer,0.4934989809989929,0.4934989809989929,species,1,rand_species,/Users/justyna-przy/Projects/ISE/FYP/src/bird_data/clips/species/emberiza_citrinella/XC326701__s13000__e16000.wav,
emberiza_citrinella,326701,Emberiza citrinella,/Users/justyna-przy/Projects/ISE/FYP/src/bird_data/raw/emberiza_citrinella/XC326701.mp3,16.0,19.0,-30.71077222818664,-36.626567995149195,drop,Ammospiza nelsoni,Nelson's Sparrow,0.3300330936908722,0.3300330936908722,drop,0,,,
emberiza_citrinella,326701,Emberiza citrinella,/Users/justyna-przy/Projects/ISE/FYP/src/bird_data/raw/emberiza_citrinella/XC326701.mp3,25.0,28.0,-35.484575513073025,-36.626567995149195,drop,Emberiza citrinella,Yellowhammer,0.19884367287158966,0.19884367287158966,drop,0,,,
emberiza_citrinella,326701,Emberiza citrinella,/Users/justyna-przy/Projects/ISE/FYP/src/bird_data/raw/emberiza_citrinella/XC326701.mp3,28.0,31.0,-29.784825216492056,-36.626567995149195,species,Emberiza citrinella,Yellowhammer,0.6613497138023376,0.6613497138023376,species,1,rand_species,/Users/justyna-przy/Projects/ISE/FYP/src/bird_data/clips/species/emberiza_citrinella/XC326701__s28000__e31000.wav,
emberiza_citrinella,324121,Emberiza citrinella,/Users/justyna-przy/Projects/ISE/FYP/src/bird_data/raw/emberiza_citrinella/XC324121.mp3,1.0,4.0,-20.494627775106228,-40.0,species,Emberiza citrinella,Yellowhammer,0.9983806610107422,0.9983806610107422,species,0,,,
emberiza_citrinella,324121,Emberiza citrinella,/Users/justyna-przy/Projects/ISE/FYP/src/bird_data/raw/emberiza_citrinella/XC324121.mp3,4.0,7.0,-36.058743096305584,-40.0,drop,Aegithalos caudatus,Long-tailed Tit,0.718754231929779,0.718754231929779,drop,0,,,
emberiza_citrinella,324121,Emberiza citrinella,/Users/justyna-przy/Projects/ISE/FYP/src/bird_data/raw/emberiza_citrinella/XC324121.mp3,10.0,13.0,-38.50872971261452,-40.0,drop,Emberiza citrinella,Yellowhammer,0.10798776894807816,0.10798776894807816,drop,0,,,
emberiza_citrinella,324121,Emberiza citrinella,/Users/justyna-przy/Projects/ISE/FYP/src/bird_data/raw/emberiza_citrinella/XC324121.mp3,13.0,16.0,-28.811873789370658,-40.0,species,Emberiza citrinella,Yellowhammer,0.8522583246231079,0.8522583246231079,species,1,rand_species,/Users/justyna-przy/Projects/ISE/FYP/src/bird_data/clips/species/emberiza_citrinella/XC324121__s13000__e16000.wav,
emberiza_citrinella,324121,Emberiza citrinella,/Users/justyna-przy/Projects/ISE/FYP/src/bird_data/raw/emberiza_citrinella/XC324121.mp3,19.0,22.0,-35.93627908144101,-40.0,species,Emberiza citrinella,Yellowhammer,0.9288101196289062,0.9288101196289062,species,1,rand_species,/Users/justyna-przy/Projects/ISE/FYP/src/bird_data/clips/species/emberiza_citrinella/XC324121__s19000__e22000.wav,
emberiza_citrinella,324121,Emberiza citrinella,/Users/justyna-przy/Projects/ISE/FYP/src/bird_data/raw/emberiza_citrinella/XC324121.mp3,22.0,25.0,-23.824295348959783,-40.0,species,Emberiza citrinella,Yellowhammer,0.9634142518043518,0.9634142518043518,species,1,rand_species,/Users/justyna-przy/Projects/ISE/FYP/src/bird_data/clips/species/emberiza_citrinella/XC324121__s22000__e25000.wav,
emberiza_citrinella,324121,Emberiza citrinella,/Users/justyna-przy/Projects/ISE/FYP/src/bird_data/raw/emberiza_citrinella/XC324121.mp3,34.0,37.0,-22.007188805581333,-40.0,species,Emberiza citrinella,Yellowhammer,0.995094895362854,0.995094895362854,species,0,,,
emberiza_citrinella,324121,Emberiza citrinella,/Users/justyna-przy/Projects/ISE/FYP/src/bird_data/raw/emberiza_citrinella/XC324121.mp3,46.0,49.0,-26.705385240515398,-40.0,species,Emberiza citrinella,Yellowhammer,0.9943085312843323,0.9943085312843323,species,0,,,
emberiza_citrinella,315861,Emberiza citrinella,/Users/justyna-przy/Projects/ISE/FYP/src/bird_data/raw/emberiza_citrinella/XC315861.mp3,1.0,4.0,-30.458051277820395,-36.0399820722833,species,Emberiza citrinella,Yellowhammer,0.8792637586593628,0.8792637586593628,species,1,rand_species,/Users/justyna-przy/Projects/ISE/FYP/src/bird_data/clips/species/emberiza_citrinella/XC315861__s1000__e4000.wav,
emberiza_citrinella,315861,Emberiza citrinella,/Users/justyna-przy/Projects/ISE/FYP/src/bird_data/raw/emberiza_citrinella/XC315861.mp3,4.0,7.0,-33.952235796968516,-36.0399820722833,drop,Delichon urbicum,Common House-Martin,0.14087972044944763,0.14087972044944763,drop,0,,,
emberiza_citrinella,315861,Emberiza citrinella,/Users/justyna-przy/Projects/ISE/FYP/src/bird_data/raw/emberiza_citrinella/XC315861.mp3,16.0,19.0,-35.70828095161361,-36.0399820722833,species,Emberiza citrinella,Yellowhammer,0.9782594442367554,0.9782594442367554,species,1,rand_species,/Users/justyna-przy/Projects/ISE/FYP/src/bird_data/clips/species/emberiza_citrinella/XC315861__s16000__e19000.wav,
emberiza_citrinella,315861,Emberiza citrinella,/Users/justyna-przy/Projects/ISE/FYP/src/bird_data/raw/emberiza_citrinella/XC315861.mp3,19.0,22.0,-30.036185594065707,-36.0399820722833,species,Emberiza citrinella,Yellowhammer,0.6783812046051025,0.6783812046051025,species,0,,,
emberiza_citrinella,315861,Emberiza citrinella,/Users/justyna-przy/Projects/ISE/FYP/src/bird_data/raw/emberiza_citrinella/XC315861.mp3,22.0,25.0,-31.968374714968665,-36.0399820722833,species,Emberiza citrinella,Yellowhammer,0.9266390204429626,0.9266390204429626,species,1,rand_species,/Users/justyna-przy/Projects/ISE/FYP/src/bird_data/clips/species/emberiza_citrinella/XC315861__s22000__e25000.wav,
emberiza_citrinella,315115,Emberiza citrinella,/Users/justyna-przy/Projects/ISE/FYP/src/bird_data/raw/emberiza_citrinella/XC315115.mp3,1.0,4.0,-22.977878510040732,-40.0,species,Emberiza citrinella,Yellowhammer,0.9669283032417297,0.9669283032417297,species,1,rand_species,/Users/justyna-przy/Projects/ISE/FYP/src/bird_data/clips/species/emberiza_citrinella/XC315115__s1000__e4000.wav,
emberiza_citrinella,315115,Emberiza citrinella,/Users/justyna-przy/Projects/ISE/FYP/src/bird_data/raw/emberiza_citrinella/XC315115.mp3,7.0,10.0,-33.04039572644649,-40.0,species,Emberiza citrinella,Yellowhammer,0.5680738687515259,0.5680738687515259,species,0,,,
emberiza_citrinella,315115,Emberiza citrinella,/Users/justyna-przy/Projects/ISE/FYP/src/bird_data/raw/emberiza_citrinella/XC315115.mp3,10.0,13.0,-28.11993011844363,-40.0,species,Emberiza citrinella,Yellowhammer,0.9742867350578308,0.9742867350578308,species,0,,,
emberiza_citrinella,315115,Emberiza citrinella,/Users/justyna-przy/Projects/ISE/FYP/src/bird_data/raw/emberiza_citrinella/XC315115.mp3,16.0,19.0,-29.375929385835356,-40.0,species,Emberiza citrinella,Yellowhammer,0.3893929421901703,0.3893929421901703,species,0,,,
emberiza_citrinella,315115,Emberiza citrinella,/Users/justyna-przy/Projects/ISE/FYP/src/bird_data/raw/emberiza_citrinella/XC315115.mp3,19.0,22.0,-35.47927268688069,-40.0,species,Emberiza citrinella,Yellowhammer,0.9210348725318909,0.9210348725318909,species,0,,,
emberiza_citrinella,315115,Emberiza citrinella,/Users/justyna-przy/Projects/ISE/FYP/src/bird_data/raw/emberiza_citrinella/XC315115.mp3,25.0,28.0,-30.003516979840388,-40.0,species,Emberiza citrinella,Yellowhammer,0.9189476370811462,0.9189476370811462,species,0,,,
emberiza_citrinella,315115,Emberiza citrinella,/Users/justyna-przy/Projects/ISE/FYP/src/bird_data/raw/emberiza_citrinella/XC315115.mp3,34.0,37.0,-31.194593187147195,-40.0,species,Emberiza citrinella,Yellowhammer,0.8576404452323914,0.8576404452323914,species,1,rand_species,/Users/justyna-przy/Projects/ISE/FYP/src/bird_data/clips/species/emberiza_citrinella/XC315115__s34000__e37000.wav,
emberiza_citrinella,315115,Emberiza citrinella,/Users/justyna-przy/Projects/ISE/FYP/src/bird_data/raw/emberiza_citrinella/XC315115.mp3,40.0,43.0,-35.66958730625193,-40.0,species,Emberiza citrinella,Yellowhammer,0.9121937155723572,0.9121937155723572,species,1,rand_species,/Users/justyna-przy/Projects/ISE/FYP/src/bird_data/clips/species/emberiza_citrinella/XC315115__s40000__e43000.wav,
emberiza_citrinella,315115,Emberiza citrinella,/Users/justyna-przy/Projects/ISE/FYP/src/bird_data/raw/emberiza_citrinella/XC315115.mp3,43.0,46.0,-33.29743194961742,-40.0,species,Emberiza citrinella,Yellowhammer,0.9753715395927429,0.9753715395927429,species,0,,,
emberiza_citrinella,291968,Emberiza citrinella,/Users/justyna-przy/Projects/ISE/FYP/src/bird_data/raw/emberiza_citrinella/XC291968.mp3,1.0,4.0,-46.050229987077465,-40.0,species,Emberiza citrinella,Yellowhammer,0.9445263743400574,0.9445263743400574,species,1,rand_species,/Users/justyna-przy/Projects/ISE/FYP/src/bird_data/clips/species/emberiza_citrinella/XC291968__s1000__e4000.wav,
emberiza_citrinella,281814,Emberiza citrinella,/Users/justyna-przy/Projects/ISE/FYP/src/bird_data/raw/emberiza_citrinella/XC281814.mp3,1.0,4.0,-33.850309142074046,-40.0,species,Emberiza citrinella,Yellowhammer,0.9595699906349182,0.9595699906349182,species,1,rand_species,/Users/justyna-przy/Projects/ISE/FYP/src/bird_data/clips/species/emberiza_citrinella/XC281814__s1000__e4000.wav,
emberiza_citrinella,281814,Emberiza citrinella,/Users/justyna-przy/Projects/ISE/FYP/src/bird_data/raw/emberiza_citrinella/XC281814.mp3,4.0,7.0,-32.21940488327055,-40.0,species,Emberiza citrinella,Yellowhammer,0.9429590702056885,0.9429590702056885,species,0,,,
emberiza_citrinella,281814,Emberiza citrinella,/Users/justyna-przy/Projects/ISE/FYP/src/bird_data/raw/emberiza_citrinella/XC281814.mp3,7.0,10.0,-32.73696054417515,-40.0,species,Emberiza citrinella,Yellowhammer,0.946889340877533,0.946889340877533,species,0,,,
emberiza_citrinella,281814,Emberiza citrinella,/Users/justyna-przy/Projects/ISE/FYP/src/bird_data/raw/emberiza_citrinella/XC281814.mp3,13.0,16.0,-30.826530996764316,-40.0,species,Emberiza citrinella,Yellowhammer,0.9653877019882202,0.9653877019882202,species,1,rand_species,/Users/justyna-przy/Projects/ISE/FYP/src/bird_data/clips/species/emberiza_citrinella/XC281814__s13000__e16000.wav,
emberiza_citrinella,281814,Emberiza citrinella,/Users/justyna-przy/Projects/ISE/FYP/src/bird_data/raw/emberiza_citrinella/XC281814.mp3,16.0,19.0,-37.615074797844976,-40.0,species,Emberiza citrinella,Yellowhammer,0.8704310059547424,0.8704310059547424,species,0,,,
emberiza_citrinella,281814,Emberiza citrinella,/Users/justyna-przy/Projects/ISE/FYP/src/bird_data/raw/emberiza_citrinella/XC281814.mp3,19.0,22.0,-39.17330312117966,-40.0,species,Emberiza citrinella,Yellowhammer,0.3759975731372833,0.3759975731372833,species,0,,,
emberiza_citrinella,281814,Emberiza citrinella,/Users/justyna-przy/Projects/ISE/FYP/src/bird_data/raw/emberiza_citrinella/XC281814.mp3,34.0,37.0,-39.798942924029205,-40.0,species,Emberiza citrinella,Yellowhammer,0.9448122382164001,0.9448122382164001,species,0,,,
emberiza_citrinella,281814,Emberiza citrinella,/Users/justyna-przy/Projects/ISE/FYP/src/bird_data/raw/emberiza_citrinella/XC281814.mp3,37.0,40.0,-37.497765051294806,-40.0,species,Emberiza citrinella,Yellowhammer,0.8248671889305115,0.8248671889305115,species,0,,,
emberiza_citrinella,281814,Emberiza citrinella,/Users/justyna-przy/Projects/ISE/FYP/src/bird_data/raw/emberiza_citrinella/XC281814.mp3,40.0,43.0,-38.67101416485555,-40.0,species,Emberiza citrinella,Yellowhammer,0.9858586192131042,0.9858586192131042,species,1,rand_species,/Users/justyna-przy/Projects/ISE/FYP/src/bird_data/clips/species/emberiza_citrinella/XC281814__s40000__e43000.wav,
emberiza_citrinella,281814,Emberiza citrinella,/Users/justyna-przy/Projects/ISE/FYP/src/bird_data/raw/emberiza_citrinella/XC281814.mp3,43.0,46.0,-37.877749382409945,-40.0,species,Emberiza citrinella,Yellowhammer,0.9543955326080322,0.9543955326080322,species,0,,,
emberiza_citrinella,281814,Emberiza citrinella,/Users/justyna-przy/Projects/ISE/FYP/src/bird_data/raw/emberiza_citrinella/XC281814.mp3,46.0,49.0,-35.93973224259345,-40.0,species,Emberiza citrinella,Yellowhammer,0.8677830696105957,0.8677830696105957,species,0,,,
emberiza_citrinella,281814,Emberiza citrinella,/Users/justyna-przy/Projects/ISE/FYP/src/bird_data/raw/emberiza_citrinella/XC281814.mp3,49.0,52.0,-36.286874479258664,-40.0,species,Emberiza citrinella,Yellowhammer,0.6229270100593567,0.6229270100593567,species,0,,,
emberiza_citrinella,281813,Emberiza citrinella,/Users/justyna-przy/Projects/ISE/FYP/src/bird_data/raw/emberiza_citrinella/XC281813.mp3,7.0,10.0,-33.575041121534035,-37.45235974762037,species,Emberiza citrinella,Yellowhammer,0.614975094795227,0.614975094795227,species,1,rand_species,/Users/justyna-przy/Projects/ISE/FYP/src/bird_data/clips/species/emberiza_citrinella/XC281813__s7000__e10000.wav,
emberiza_citrinella,281813,Emberiza citrinella,/Users/justyna-przy/Projects/ISE/FYP/src/bird_data/raw/emberiza_citrinella/XC281813.mp3,10.0,13.0,-36.91759264320846,-37.45235974762037,species,Emberiza citrinella,Yellowhammer,0.6127929091453552,0.6127929091453552,species,0,,,
emberiza_citrinella,281813,Emberiza citrinella,/Users/justyna-przy/Projects/ISE/FYP/src/bird_data/raw/emberiza_citrinella/XC281813.mp3,13.0,16.0,-33.91886458937959,-37.45235974762037,species,Emberiza citrinella,Yellowhammer,0.7196173667907715,0.7196173667907715,species,0,,,
emberiza_citrinella,281813,Emberiza citrinella,/Users/justyna-przy/Projects/ISE/FYP/src/bird_data/raw/emberiza_citrinella/XC281813.mp3,16.0,19.0,-34.619929171740715,-37.45235974762037,drop,Emberiza schoeniclus,Reed Bunting,0.60523521900177,0.60523521900177,drop,0,,,
emberiza_citrinella,281813,Emberiza citrinella,/Users/justyna-przy/Projects/ISE/FYP/src/bird_data/raw/emberiza_citrinella/XC281813.mp3,22.0,25.0,-34.84377903946038,-37.45235974762037,species,Emberiza citrinella,Yellowhammer,0.8213104605674744,0.8213104605674744,species,1,rand_species,/Users/justyna-przy/Projects/ISE/FYP/src/bird_data/clips/species/emberiza_citrinella/XC281813__s22000__e25000.wav,
emberiza_citrinella,281813,Emberiza citrinella,/Users/justyna-przy/Projects/ISE/FYP/src/bird_data/raw/emberiza_citrinella/XC281813.mp3,25.0,28.0,-35.20801029289225,-37.45235974762037,species,Emberiza citrinella,Yellowhammer,0.8986811637878418,0.8986811637878418,species,0,,,
emberiza_citrinella,281813,Emberiza citrinella,/Users/justyna-przy/Projects/ISE/FYP/src/bird_data/raw/emberiza_citrinella/XC281813.mp3,28.0,31.0,-36.046207600149465,-37.45235974762037,drop,Emberiza citrinella,Yellowhammer,0.2567208409309387,0.2567208409309387,drop,0,,,
emberiza_citrinella,281813,Emberiza citrinella,/Users/justyna-przy/Projects/ISE/FYP/src/bird_data/raw/emberiza_citrinella/XC281813.mp3,31.0,34.0,-34.787166211546335,-37.45235974762037,species,Emberiza citrinella,Yellowhammer,0.9555054903030396,0.9555054903030396,species,0,,,
emberiza_citrinella,281813,Emberiza citrinella,/Users/justyna-przy/Projects/ISE/FYP/src/bird_data/raw/emberiza_citrinella/XC281813.mp3,37.0,40.0,-34.14951386193217,-37.45235974762037,species,Emberiza citrinella,Yellowhammer,0.8605110049247742,0.8605110049247742,species,0,,,
emberiza_citrinella,281813,Emberiza citrinella,/Users/justyna-przy/Projects/ISE/FYP/src/bird_data/raw/emberiza_citrinella/XC281813.mp3,40.0,43.0,-35.70512085178035,-37.45235974762037,species,Emberiza citrinella,Yellowhammer,0.4226439297199249,0.4226439297199249,species,1,rand_species,/Users/justyna-przy/Projects/ISE/FYP/src/bird_data/clips/species/emberiza_citrinella/XC281813__s40000__e43000.wav,
emberiza_citrinella,281813,Emberiza citrinella,/Users/justyna-przy/Projects/ISE/FYP/src/bird_data/raw/emberiza_citrinella/XC281813.mp3,49.0,52.0,-35.61018190913602,-37.45235974762037,drop,Emberiza citrinella,Yellowhammer,0.1285666525363922,0.1285666525363922,drop,0,,,
emberiza_citrinella,281813,Emberiza citrinella,/Users/justyna-przy/Projects/ISE/FYP/src/bird_data/raw/emberiza_citrinella/XC281813.mp3,52.0,55.0,-35.801877242001815,-37.45235974762037,species,Emberiza citrinella,Yellowhammer,0.8248270153999329,0.8248270153999329,species,0,,,
emberiza_citrinella,281811,Emberiza citrinella,/Users/justyna-przy/Projects/ISE/FYP/src/bird_data/raw/emberiza_citrinella/XC281811.mp3,4.0,7.0,-31.728516657747146,-40.0,species,Emberiza citrinella,Yellowhammer,0.9719884395599365,0.9719884395599365,species,0,,,
emberiza_citrinella,281811,Emberiza citrinella,/Users/justyna-przy/Projects/ISE/FYP/src/bird_data/raw/emberiza_citrinella/XC281811.mp3,7.0,10.0,-28.198680221510045,-40.0,species,Emberiza citrinella,Yellowhammer,0.9208512902259827,0.9208512902259827,species,1,rand_species,/Users/justyna-przy/Projects/ISE/FYP/src/bird_data/clips/species/emberiza_citrinella/XC281811__s7000__e10000.wav,
emberiza_citrinella,281811,Emberiza citrinella,/Users/justyna-przy/Projects/ISE/FYP/src/bird_data/raw/emberiza_citrinella/XC281811.mp3,10.0,13.0,-29.85333735719815,-40.0,species,Emberiza citrinella,Yellowhammer,0.9572746157646179,0.9572746157646179,species,1,rand_species,/Users/justyna-przy/Projects/ISE/FYP/src/bird_data/clips/species/emberiza_citrinella/XC281811__s10000__e13000.wav,
emberiza_citrinella,281811,Emberiza citrinella,/Users/justyna-przy/Projects/ISE/FYP/src/bird_data/raw/emberiza_citrinella/XC281811.mp3,13.0,16.0,-31.593959808351944,-40.0,species,Emberiza citrinella,Yellowhammer,0.9861114025115967,0.9861114025115967,species,1,rand_species,/Users/justyna-przy/Projects/ISE/FYP/src/bird_data/clips/species/emberiza_citrinella/XC281811__s13000__e16000.wav,
emberiza_citrinella,281811,Emberiza citrinella,/Users/justyna-przy/Projects/ISE/FYP/src/bird_data/raw/emberiza_citrinella/XC281811.mp3,16.0,19.0,-34.816735882123204,-40.0,species,Emberiza citrinella,Yellowhammer,0.9686852693557739,0.9686852693557739,species,0,,,
emberiza_citrinella,281811,Emberiza citrinella,/Users/justyna-przy/Projects/ISE/FYP/src/bird_data/raw/emberiza_citrinella/XC281811.mp3,22.0,25.0,-39.37434630785616,-40.0,species,Emberiza citrinella,Yellowhammer,0.8586707711219788,0.8586707711219788,species,0,,,
emberiza_citrinella,281811,Emberiza citrinella,/Users/justyna-przy/Projects/ISE/FYP/src/bird_data/raw/emberiza_citrinella/XC281811.mp3,25.0,28.0,-36.29816068561152,-40.0,species,Emberiza citrinella,Yellowhammer,0.99089115858078,0.99089115858078,species,0,,,
emberiza_citrinella,281811,Emberiza citrinella,/Users/justyna-przy/Projects/ISE/FYP/src/bird_data/raw/emberiza_citrinella/XC281811.mp3,43.0,46.0,-38.528694184367,-40.0,species,Emberiza citrinella,Yellowhammer,0.9876825213432312,0.9876825213432312,species,0,,,
emberiza_citrinella,281810,Emberiza citrinella,/Users/justyna-przy/Projects/ISE/FYP/src/bird_data/raw/emberiza_citrinella/XC281810.mp3,10.0,13.0,-36.111102389671366,-40.0,species,Emberiza citrinella,Yellowhammer,0.9477438926696777,0.9477438926696777,species,1,rand_species,/Users/justyna-przy/Projects/ISE/FYP/src/bird_data/clips/species/emberiza_citrinella/XC281810__s10000__e13000.wav,
emberiza_citrinella,281810,Emberiza citrinella,/Users/justyna-przy/Projects/ISE/FYP/src/bird_data/raw/emberiza_citrinella/XC281810.mp3,16.0,19.0,-35.25621409989989,-40.0,drop,Emberiza schoeniclus,Reed Bunting,0.4124419689178467,0.4124419689178467,drop,0,,,
emberiza_citrinella,281810,Emberiza citrinella,/Users/justyna-przy/Projects/ISE/FYP/src/bird_data/raw/emberiza_citrinella/XC281810.mp3,19.0,22.0,-30.993076984199778,-40.0,species,Emberiza citrinella,Yellowhammer,0.9629353284835815,0.9629353284835815,species,0,,,
emberiza_citrinella,281810,Emberiza citrinella,/Users/justyna-przy/Projects/ISE/FYP/src/bird_data/raw/emberiza_citrinella/XC281810.mp3,25.0,28.0,-29.38096943362339,-40.0,species,Emberiza citrinella,Yellowhammer,0.9632956981658936,0.9632956981658936,species,0,,,
emberiza_citrinella,281810,Emberiza citrinella,/Users/justyna-przy/Projects/ISE/FYP/src/bird_data/raw/emberiza_citrinella/XC281810.mp3,28.0,31.0,-31.626267280669673,-40.0,species,Emberiza citrinella,Yellowhammer,0.9005095958709717,0.9005095958709717,species,1,rand_species,/Users/justyna-przy/Projects/ISE/FYP/src/bird_data/clips/species/emberiza_citrinella/XC281810__s28000__e31000.wav,
emberiza_citrinella,281810,Emberiza citrinella,/Users/justyna-przy/Projects/ISE/FYP/src/bird_data/raw/emberiza_citrinella/XC281810.mp3,34.0,37.0,-27.874039103095583,-40.0,species,Emberiza citrinella,Yellowhammer,0.9546689391136169,0.9546689391136169,species,1,rand_species,/Users/justyna-przy/Projects/ISE/FYP/src/bird_data/clips/species/emberiza_citrinella/XC281810__s34000__e37000.wav,
emberiza_citrinella,281810,Emberiza citrinella,/Users/justyna-przy/Projects/ISE/FYP/src/bird_data/raw/emberiza_citrinella/XC281810.mp3,40.0,43.0,-28.412574875105534,-40.0,species,Emberiza citrinella,Yellowhammer,0.9771488904953003,0.9771488904953003,species,0,,,
emberiza_citrinella,281810,Emberiza citrinella,/Users/justyna-przy/Projects/ISE/FYP/src/bird_data/raw/emberiza_citrinella/XC281810.mp3,43.0,46.0,-26.61813660870355,-40.0,species,Emberiza citrinella,Yellowhammer,0.979303240776062,0.979303240776062,species,0,,,
emberiza_citrinella,281810,Emberiza citrinella,/Users/justyna-przy/Projects/ISE/FYP/src/bird_data/raw/emberiza_citrinella/XC281810.mp3,46.0,49.0,-23.02937325325406,-40.0,species,Emberiza citrinella,Yellowhammer,0.9594191908836365,0.9594191908836365,species,0,,,
emberiza_citrinella,281810,Emberiza citrinella,/Users/justyna-przy/Projects/ISE/FYP/src/bird_data/raw/emberiza_citrinella/XC281810.mp3,52.0,55.0,-23.513953771246626,-40.0,species,Emberiza citrinella,Yellowhammer,0.9096654057502747,0.9096654057502747,species,0,,,
emberiza_citrinella,281807,Emberiza citrinella,/Users/justyna-przy/Projects/ISE/FYP/src/bird_data/raw/emberiza_citrinella/XC281807.mp3,1.0,4.0,-23.444216550340677,-40.0,species,Emberiza citrinella,Yellowhammer,0.9755980968475342,0.9755980968475342,species,1,rand_species,/Users/justyna-przy/Projects/ISE/FYP/src/bird_data/clips/species/emberiza_citrinella/XC281807__s1000__e4000.wav,
emberiza_citrinella,281807,Emberiza citrinella,/Users/justyna-przy/Projects/ISE/FYP/src/bird_data/raw/emberiza_citrinella/XC281807.mp3,10.0,13.0,-36.85474350297474,-40.0,species,Emberiza citrinella,Yellowhammer,0.9253965020179749,0.9253965020179749,species,1,rand_species,/Users/justyna-przy/Projects/ISE/FYP/src/bird_data/clips/species/emberiza_citrinella/XC281807__s10000__e13000.wav,
emberiza_citrinella,281807,Emberiza citrinella,/Users/justyna-przy/Projects/ISE/FYP/src/bird_data/raw/emberiza_citrinella/XC281807.mp3,19.0,22.0,-35.95822752136977,-40.0,species,Emberiza citrinella,Yellowhammer,0.9454363584518433,0.9454363584518433,species,0,,,
emberiza_citrinella,281807,Emberiza citrinella,/Users/justyna-przy/Projects/ISE/FYP/src/bird_data/raw/emberiza_citrinella/XC281807.mp3,37.0,40.0,-38.389243823330105,-40.0,species,Emberiza citrinella,Yellowhammer,0.866824746131897,0.866824746131897,species,0,,,
emberiza_citrinella,281807,Emberiza citrinella,/Users/justyna-przy/Projects/ISE/FYP/src/bird_data/raw/emberiza_citrinella/XC281807.mp3,46.0,49.0,-39.408629382460894,-40.0,species,Emberiza citrinella,Yellowhammer,0.8943706154823303,0.8943706154823303,species,1,rand_species,/Users/justyna-przy/Projects/ISE/FYP/src/bird_data/clips/species/emberiza_citrinella/XC281807__s46000__e49000.wav,
emberiza_citrinella,281806,Emberiza citrinella,/Users/justyna-przy/Projects/ISE/FYP/src/bird_data/raw/emberiza_citrinella/XC281806.mp3,1.0,4.0,-26.977350502668852,-40.0,species,Emberiza citrinella,Yellowhammer,0.9901344180107117,0.9901344180107117,species,0,,,
emberiza_citrinella,281806,Emberiza citrinella,/Users/justyna-przy/Projects/ISE/FYP/src/bird_data/raw/emberiza_citrinella/XC281806.mp3,7.0,10.0,-37.057239050974985,-40.0,species,Emberiza citrinella,Yellowhammer,0.9279407858848572,0.9279407858848572,species,0,,,
emberiza_citrinella,281806,Emberiza citrinella,/Users/justyna-przy/Projects/ISE/FYP/src/bird_data/raw/emberiza_citrinella/XC281806.mp3,10.0,13.0,-28.36850849334365,-40.0,species,Emberiza citrinella,Yellowhammer,0.9285616278648376,0.9285616278648376,species,1,rand_species,/Users/justyna-przy/Projects/ISE/FYP/src/bird_data/clips/species/emberiza_citrinella/XC281806__s10000__e13000.wav,
emberiza_citrinella,281806,Emberiza citrinella,/Users/justyna-przy/Projects/ISE/FYP/src/bird_data/raw/emberiza_citrinella/XC281806.mp3,16.0,19.0,-34.37612068302458,-40.0,species,Emberiza citrinella,Yellowhammer,0.6695300936698914,0.6695300936698914,species,0,,,
emberiza_citrinella,281806,Emberiza citrinella,/Users/justyna-przy/Projects/ISE/FYP/src/bird_data/raw/emberiza_citrinella/XC281806.mp3,19.0,22.0,-38.69498632306598,-40.0,drop,Spizella pallida,Clay-colored Sparrow,0.5931850075721741,0.5931850075721741,drop,0,,,
emberiza_citrinella,281806,Emberiza citrinella,/Users/justyna-przy/Projects/ISE/FYP/src/bird_data/raw/emberiza_citrinella/XC281806.mp3,25.0,28.0,-27.19132160036413,-40.0,species,Emberiza citrinella,Yellowhammer,0.91208815574646,0.91208815574646,species,0,,,
emberiza_citrinella,281806,Emberiza citrinella,/Users/justyna-przy/Projects/ISE/FYP/src/bird_data/raw/emberiza_citrinella/XC281806.mp3,31.0,34.0,-36.52229241414225,-40.0,species,Emberiza citrinella,Yellowhammer,0.9305648803710938,0.9305648803710938,species,1,rand_species,/Users/justyna-przy/Projects/ISE/FYP/src/bird_data/clips/species/emberiza_citrinella/XC281806__s31000__e34000.wav,
emberiza_citrinella,281806,Emberiza citrinella,/Users/justyna-przy/Projects/ISE/FYP/src/bird_data/raw/emberiza_citrinella/XC281806.mp3,34.0,37.0,-35.11198038081085,-40.0,species,Emberiza citrinella,Yellowhammer,0.944865345954895,0.944865345954895,species,1,rand_species,/Users/justyna-przy/Projects/ISE/FYP/src/bird_data/clips/species/emberiza_citrinella/XC281806__s34000__e37000.wav,
emberiza_citrinella,281806,Emberiza citrinella,/Users/justyna-przy/Projects/ISE/FYP/src/bird_data/raw/emberiza_citrinella/XC281806.mp3,40.0,43.0,-35.951018559167885,-40.0,species,Emberiza citrinella,Yellowhammer,0.9381614327430725,0.9381614327430725,species,0,,,
emberiza_citrinella,240886,Emberiza citrinella,/Users/justyna-przy/Projects/ISE/FYP/src/bird_data/raw/emberiza_citrinella/XC240886.mp3,4.0,7.0,-29.36708042066508,-40.0,species,Emberiza citrinella,Yellowhammer,0.9957581162452698,0.9957581162452698,species,1,rand_species,/Users/justyna-przy/Projects/ISE/FYP/src/bird_data/clips/species/emberiza_citrinella/XC240886__s4000__e7000.wav,
emberiza_citrinella,240886,Emberiza citrinella,/Users/justyna-przy/Projects/ISE/FYP/src/bird_data/raw/emberiza_citrinella/XC240886.mp3,13.0,16.0,-30.507283816359298,-40.0,species,Emberiza citrinella,Yellowhammer,0.9739311337471008,0.9739311337471008,species,0,,,
emberiza_citrinella,240886,Emberiza citrinella,/Users/justyna-przy/Projects/ISE/FYP/src/bird_data/raw/emberiza_citrinella/XC240886.mp3,22.0,25.0,-27.19007686478613,-40.0,species,Emberiza citrinella,Yellowhammer,0.9880000948905945,0.9880000948905945,species,1,rand_species,/Users/justyna-przy/Projects/ISE/FYP/src/bird_data/clips/species/emberiza_citrinella/XC240886__s22000__e25000.wav,
emberiza_citrinella,240886,Emberiza citrinella,/Users/justyna-przy/Projects/ISE/FYP/src/bird_data/raw/emberiza_citrinella/XC240886.mp3,34.0,37.0,-26.623228534650067,-40.0,species,Emberiza citrinella,Yellowhammer,0.9924356341362,0.9924356341362,species,1,rand_species,/Users/justyna-przy/Projects/ISE/FYP/src/bird_data/clips/species/emberiza_citrinella/XC240886__s34000__e37000.wav,
emberiza_citrinella,236477,Emberiza citrinella,/Users/justyna-przy/Projects/ISE/FYP/src/bird_data/raw/emberiza_citrinella/XC236477.mp3,1.0,4.0,-27.061182341178075,-29.13975835037569,species,Emberiza citrinella,Yellowhammer,0.6942370533943176,0.6942370533943176,species,1,rand_species,/Users/justyna-przy/Projects/ISE/FYP/src/bird_data/clips/species/emberiza_citrinella/XC236477__s1000__e4000.wav,
emberiza_citrinella,236477,Emberiza citrinella,/Users/justyna-przy/Projects/ISE/FYP/src/bird_data/raw/emberiza_citrinella/XC236477.mp3,4.0,7.0,-25.899724398963457,-29.13975835037569,species,Emberiza citrinella,Yellowhammer,0.3103146255016327,0.3103146255016327,species,1,rand_species,/Users/justyna-przy/Projects/ISE/FYP/src/bird_data/clips/species/emberiza_citrinella/XC236477__s4000__e7000.wav,
emberiza_citrinella,236477,Emberiza citrinella,/Users/justyna-przy/Projects/ISE/FYP/src/bird_data/raw/emberiza_citrinella/XC236477.mp3,10.0,13.0,-28.674634542348162,-29.13975835037569,species,Emberiza citrinella,Yellowhammer,0.9152205586433411,0.9152205586433411,species,1,rand_species,/Users/justyna-przy/Projects/ISE/FYP/src/bird_data/clips/species/emberiza_citrinella/XC236477__s10000__e13000.wav,
emberiza_citrinella,235710,Emberiza citrinella,/Users/justyna-przy/Projects/ISE/FYP/src/bird_data/raw/emberiza_citrinella/XC235710.mp3,7.0,10.0,-39.1350051470116,-40.0,species,Emberiza citrinella,Yellowhammer,0.7932868003845215,0.7932868003845215,species,1,rand_species,/Users/justyna-przy/Projects/ISE/FYP/src/bird_data/clips/species/emberiza_citrinella/XC235710__s7000__e10000.wav,
emberiza_citrinella,235710,Emberiza citrinella,/Users/justyna-przy/Projects/ISE/FYP/src/bird_data/raw/emberiza_citrinella/XC235710.mp3,10.0,13.0,-39.649092875867844,-40.0,species,Emberiza citrinella,Yellowhammer,0.5692830085754395,0.5692830085754395,species,1,rand_species,/Users/justyna-przy/Projects/ISE/FYP/src/bird_data/clips/species/emberiza_citrinella/XC235710__s10000__e13000.wav,
emberiza_citrinella,235710,Emberiza citrinella,/Users/justyna-przy/Projects/ISE/FYP/src/bird_data/raw/emberiza_citrinella/XC235710.mp3,19.0,22.0,-38.91482189996605,-40.0,species,Emberiza citrinella,Yellowhammer,0.8244680762290955,0.8244680762290955,species,1,rand_species,/Users/justyna-przy/Projects/ISE/FYP/src/bird_data/clips/species/emberiza_citrinella/XC235710__s19000__e22000.wav,
emberiza_citrinella,212563,Emberiza citrinella,/Users/justyna-przy/Projects/ISE/FYP/src/bird_data/raw/emberiza_citrinella/XC212563.mp3,1.0,4.0,-23.23283058592462,-35.609021482013695,species,Emberiza citrinella,Yellowhammer,0.9401543736457825,0.9401543736457825,species,1,rand_species,/Users/justyna-przy/Projects/ISE/FYP/src/bird_data/clips/species/emberiza_citrinella/XC212563__s1000__e4000.wav,
emberiza_citrinella,212563,Emberiza citrinella,/Users/justyna-przy/Projects/ISE/FYP/src/bird_data/raw/emberiza_citrinella/XC212563.mp3,4.0,7.0,-31.216340014035442,-35.609021482013695,species,Emberiza citrinella,Yellowhammer,0.811797559261322,0.811797559261322,species,0,,,
emberiza_citrinella,212563,Emberiza citrinella,/Users/justyna-przy/Projects/ISE/FYP/src/bird_data/raw/emberiza_citrinella/XC212563.mp3,10.0,13.0,-20.063479745430662,-35.609021482013695,species,Emberiza citrinella,Yellowhammer,0.9316319823265076,0.9316319823265076,species,1,rand_species,/Users/justyna-przy/Projects/ISE/FYP/src/bird_data/clips/species/emberiza_citrinella/XC212563__s10000__e13000.wav,
emberiza_citrinella,212563,Emberiza citrinella,/Users/justyna-przy/Projects/ISE/FYP/src/bird_data/raw/emberiza_citrinella/XC212563.mp3,16.0,19.0,-22.296501295589188,-35.609021482013695,species,Emberiza citrinella,Yellowhammer,0.8206336498260498,0.8206336498260498,species,0,,,
emberiza_citrinella,212563,Emberiza citrinella,/Users/justyna-przy/Projects/ISE/FYP/src/bird_data/raw/emberiza_citrinella/XC212563.mp3,19.0,22.0,-26.691640708499534,-35.609021482013695,species,Emberiza citrinella,Yellowhammer,0.8251087069511414,0.8251087069511414,species,1,rand_species,/Users/justyna-przy/Projects/ISE/FYP/src/bird_data/clips/species/emberiza_citrinella/XC212563__s19000__e22000.wav,
emberiza_citrinella,208695,Emberiza citrinella,/Users/justyna-przy/Projects/ISE/FYP/src/bird_data/raw/emberiza_citrinella/XC208695.mp3,1.0,4.0,-33.487157411479515,-40.0,species,Emberiza citrinella,Yellowhammer,0.9857844710350037,0.9857844710350037,species,0,,,
emberiza_citrinella,208695,Emberiza citrinella,/Users/justyna-przy/Projects/ISE/FYP/src/bird_data/raw/emberiza_citrinella/XC208695.mp3,7.0,10.0,-35.45219072571651,-40.0,species,Emberiza citrinella,Yellowhammer,0.8772526979446411,0.8772526979446411,species,0,,,
emberiza_citrinella,208695,Emberiza citrinella,/Users/justyna-przy/Projects/ISE/FYP/src/bird_data/raw/emberiza_citrinella/XC208695.mp3,10.0,13.0,-36.45070327770271,-40.0,drop,Emberiza leucocephalos,Pine Bunting,0.3945789635181427,0.3945789635181427,drop,0,,,
emberiza_citrinella,208695,Emberiza citrinella,/Users/justyna-przy/Projects/ISE/FYP/src/bird_data/raw/emberiza_citrinella/XC208695.mp3,19.0,22.0,-29.8387962941689,-40.0,species,Emberiza citrinella,Yellowhammer,0.986750066280365,0.986750066280365,species,0,,,
emberiza_citrinella,208695,Emberiza citrinella,/Users/justyna-przy/Projects/ISE/FYP/src/bird_data/raw/emberiza_citrinella/XC208695.mp3,25.0,28.0,-35.48063222523635,-40.0,species,Emberiza citrinella,Yellowhammer,0.8437973260879517,0.8437973260879517,species,0,,,
emberiza_citrinella,208695,Emberiza citrinella,/Users/justyna-przy/Projects/ISE/FYP/src/bird_data/raw/emberiza_citrinella/XC208695.mp3,34.0,37.0,-31.887261238233364,-40.0,species,Emberiza citrinella,Yellowhammer,0.972020149230957,0.972020149230957,species,1,rand_species,/Users/justyna-przy/Projects/ISE/FYP/src/bird_data/clips/species/emberiza_citrinella/XC208695__s34000__e37000.wav,
emberiza_citrinella,208695,Emberiza citrinella,/Users/justyna-przy/Projects/ISE/FYP/src/bird_data/raw/emberiza_citrinella/XC208695.mp3,40.0,43.0,-35.726109371904414,-40.0,species,Emberiza citrinella,Yellowhammer,0.8899946212768555,0.8899946212768555,species,1,rand_species,/Users/justyna-przy/Projects/ISE/FYP/src/bird_data/clips/species/emberiza_citrinella/XC208695__s40000__e43000.wav,
emberiza_citrinella,208695,Emberiza citrinella,/Users/justyna-przy/Projects/ISE/FYP/src/bird_data/raw/emberiza_citrinella/XC208695.mp3,49.0,52.0,-37.04495683109244,-40.0,species,Emberiza citrinella,Yellowhammer,0.9513907432556152,0.9513907432556152,species,0,,,
emberiza_citrinella,208695,Emberiza citrinella,/Users/justyna-przy/Projects/ISE/FYP/src/bird_data/raw/emberiza_citrinella/XC208695.mp3,52.0,55.0,-34.24401763976431,-40.0,species,Emberiza citrinella,Yellowhammer,0.9823039770126343,0.9823039770126343,species,1,rand_species,/Users/justyna-przy/Projects/ISE/FYP/src/bird_data/clips/species/emberiza_citrinella/XC208695__s52000__e55000.wav,
emberiza_citrinella,144327,Emberiza citrinella,/Users/justyna-przy/Projects/ISE/FYP/src/bird_data/raw/emberiza_citrinella/XC144327.mp3,1.0,4.0,-28.228186808241812,-31.858756478133607,species,Emberiza citrinella,Yellowhammer,0.8879263401031494,0.8879263401031494,species,0,,,
emberiza_citrinella,144327,Emberiza citrinella,/Users/justyna-przy/Projects/ISE/FYP/src/bird_data/raw/emberiza_citrinella/XC144327.mp3,4.0,7.0,-24.70898989325313,-31.858756478133607,species,Emberiza citrinella,Yellowhammer,0.8500440716743469,0.8500440716743469,species,1,rand_species,/Users/justyna-przy/Projects/ISE/FYP/src/bird_data/clips/species/emberiza_citrinella/XC144327__s4000__e7000.wav,
emberiza_citrinella,144327,Emberiza citrinella,/Users/justyna-przy/Projects/ISE/FYP/src/bird_data/raw/emberiza_citrinella/XC144327.mp3,7.0,10.0,-27.359680410964742,-31.858756478133607,species,Emberiza citrinella,Yellowhammer,0.7250528335571289,0.7250528335571289,species,0,,,
emberiza_citrinella,144327,Emberiza citrinella,/Users/justyna-przy/Projects/ISE/FYP/src/bird_data/raw/emberiza_citrinella/XC144327.mp3,10.0,13.0,-26.15542199841417,-31.858756478133607,species,Emberiza citrinella,Yellowhammer,0.36420756578445435,0.36420756578445435,species,0,,,
emberiza_citrinella,144327,Emberiza citrinella,/Users/justyna-przy/Projects/ISE/FYP/src/bird_data/raw/emberiza_citrinella/XC144327.mp3,13.0,16.0,-25.546637075028535,-31.858756478133607,species,Emberiza citrinella,Yellowhammer,0.3773757815361023,0.3773757815361023,species,0,,,
emberiza_citrinella,144327,Emberiza citrinella,/Users/justyna-przy/Projects/ISE/FYP/src/bird_data/raw/emberiza_citrinella/XC144327.mp3,16.0,19.0,-29.420177856775723,-31.858756478133607,drop,Brachypodius priocephalus,Gray-headed Bulbul,0.7407694458961487,0.7407694458961487,drop,0,,,
emberiza_citrinella,144327,Emberiza citrinella,/Users/justyna-przy/Projects/ISE/FYP/src/bird_data/raw/emberiza_citrinella/XC144327.mp3,19.0,22.0,-30.099578087560943,-31.858756478133607,species,Emberiza citrinella,Yellowhammer,0.943727970123291,0.943727970123291,species,0,,,
emberiza_citrinella,144327,Emberiza citrinella,/Users/justyna-przy/Projects/ISE/FYP/src/bird_data/raw/emberiza_citrinella/XC144327.mp3,22.0,25.0,-27.434300026879267,-31.858756478133607,non_bird,,,0.0,0.0,non_bird,1,nonbird_lowconf,/Users/justyna-przy/Projects/ISE/FYP/src/bird_data/clips/non_bird/emberiza_citrinella/XC144327__s22000__e25000.wav,
emberiza_citrinella,144327,Emberiza citrinella,/Users/justyna-przy/Projects/ISE/FYP/src/bird_data/raw/emberiza_citrinella/XC144327.mp3,25.0,28.0,-28.446936740721625,-31.858756478133607,species,Emberiza citrinella,Yellowhammer,0.8034873008728027,0.8034873008728027,species,1,rand_species,/Users/justyna-przy/Projects/ISE/FYP/src/bird_data/clips/species/emberiza_citrinella/XC144327__s25000__e28000.wav,
emberiza_citrinella,144327,Emberiza citrinella,/Users/justyna-przy/Projects/ISE/FYP/src/bird_data/raw/emberiza_citrinella/XC144327.mp3,40.0,43.0,-31.48137320789056,-31.858756478133607,species,Emberiza citrinella,Yellowhammer,0.9350153207778931,0.9350153207778931,species,1,rand_species,/Users/justyna-przy/Projects/ISE/FYP/src/bird_data/clips/species/emberiza_citrinella/XC144327__s40000__e43000.wav,
emberiza_citrinella,140578,Emberiza citrinella,/Users/justyna-przy/Projects/ISE/FYP/src/bird_data/raw/emberiza_citrinella/XC140578.mp3,1.0,4.0,-23.61913535407202,-40.0,species,Emberiza citrinella,Yellowhammer,0.9530211091041565,0.9530211091041565,species,0,,,
emberiza_citrinella,140578,Emberiza citrinella,/Users/justyna-przy/Projects/ISE/FYP/src/bird_data/raw/emberiza_citrinella/XC140578.mp3,4.0,7.0,-30.615843823748644,-40.0,species,Emberiza citrinella,Yellowhammer,0.879987895488739,0.879987895488739,species,1,rand_species,/Users/justyna-przy/Projects/ISE/FYP/src/bird_data/clips/species/emberiza_citrinella/XC140578__s4000__e7000.wav,
emberiza_citrinella,140578,Emberiza citrinella,/Users/justyna-przy/Projects/ISE/FYP/src/bird_data/raw/emberiza_citrinella/XC140578.mp3,13.0,16.0,-25.310707644440452,-40.0,species,Emberiza citrinella,Yellowhammer,0.9817341566085815,0.9817341566085815,species,0,,,
emberiza_citrinella,140578,Emberiza citrinella,/Users/justyna-przy/Projects/ISE/FYP/src/bird_data/raw/emberiza_citrinella/XC140578.mp3,28.0,31.0,-24.322006486825728,-40.0,species,Emberiza citrinella,Yellowhammer,0.9518253207206726,0.9518253207206726,species,0,,,
emberiza_citrinella,140578,Emberiza citrinella,/Users/justyna-przy/Projects/ISE/FYP/src/bird_data/raw/emberiza_citrinella/XC140578.mp3,31.0,34.0,-24.133758804732498,-40.0,species,Emberiza citrinella,Yellowhammer,0.9874106049537659,0.9874106049537659,species,1,rand_species,/Users/justyna-przy/Projects/ISE/FYP/src/bird_data/clips/species/emberiza_citrinella/XC140578__s31000__e34000.wav,
emberiza_citrinella,140578,Emberiza citrinella,/Users/justyna-przy/Projects/ISE/FYP/src/bird_data/raw/emberiza_citrinella/XC140578.mp3,40.0,43.0,-26.50634410778157,-40.0,species,Emberiza citrinella,Yellowhammer,0.9406787157058716,0.9406787157058716,species,0,,,
emberiza_citrinella,140578,Emberiza citrinella,/Users/justyna-przy/Projects/ISE/FYP/src/bird_data/raw/emberiza_citrinella/XC140578.mp3,43.0,46.0,-23.061910094236065,-40.0,species,Emberiza citrinella,Yellowhammer,0.9366788268089294,0.9366788268089294,species,1,rand_species,/Users/justyna-przy/Projects/ISE/FYP/src/bird_data/clips/species/emberiza_citrinella/XC140578__s43000__e46000.wav,
emberiza_citrinella,140578,Emberiza citrinella,/Users/justyna-przy/Projects/ISE/FYP/src/bird_data/raw/emberiza_citrinella/XC140578.mp3,55.0,58.0,-19.256454127089423,-40.0,species,Emberiza citrinella,Yellowhammer,0.96572345495224,0.96572345495224,species,0,,,
emberiza_citrinella,110320,Emberiza citrinella,/Users/justyna-przy/Projects/ISE/FYP/src/bird_data/raw/emberiza_citrinella/XC110320.mp3,1.0,4.0,-28.758401745932982,-29.01508641168265,species,Emberiza citrinella,Yellowhammer,0.5897994041442871,0.5897994041442871,species,1,rand_species,/Users/justyna-przy/Projects/ISE/FYP/src/bird_data/clips/species/emberiza_citrinella/XC110320__s1000__e4000.wav,
emberiza_citrinella,110320,Emberiza citrinella,/Users/justyna-przy/Projects/ISE/FYP/src/bird_data/raw/emberiza_citrinella/XC110320.mp3,13.0,16.0,-26.79696477871691,-29.01508641168265,species,Emberiza citrinella,Yellowhammer,0.693365216255188,0.693365216255188,species,0,,,
emberiza_citrinella,110320,Emberiza citrinella,/Users/justyna-przy/Projects/ISE/FYP/src/bird_data/raw/emberiza_citrinella/XC110320.mp3,16.0,19.0,-26.899814976172102,-29.01508641168265,species,Emberiza citrinella,Yellowhammer,0.8638677000999451,0.8638677000999451,species,0,,,
emberiza_citrinella,110320,Emberiza citrinella,/Users/justyna-przy/Projects/ISE/FYP/src/bird_data/raw/emberiza_citrinella/XC110320.mp3,19.0,22.0,-27.811690979755905,-29.01508641168265,species,Emberiza citrinella,Yellowhammer,0.8388773202896118,0.8388773202896118,species,0,,,
emberiza_citrinella,110320,Emberiza citrinella,/Users/justyna-przy/Projects/ISE/FYP/src/bird_data/raw/emberiza_citrinella/XC110320.mp3,22.0,25.0,-28.670884464570605,-29.01508641168265,species,Emberiza citrinella,Yellowhammer,0.889216423034668,0.889216423034668,species,0,,,
emberiza_citrinella,110320,Emberiza citrinella,/Users/justyna-przy/Projects/ISE/FYP/src/bird_data/raw/emberiza_citrinella/XC110320.mp3,25.0,28.0,-22.698069228263545,-29.01508641168265,species,Emberiza citrinella,Yellowhammer,0.8281158208847046,0.8281158208847046,species,0,,,
emberiza_citrinella,110320,Emberiza citrinella,/Users/justyna-przy/Projects/ISE/FYP/src/bird_data/raw/emberiza_citrinella/XC110320.mp3,34.0,37.0,-27.45741972542056,-29.01508641168265,species,Emberiza citrinella,Yellowhammer,0.7651750445365906,0.7651750445365906,species,1,rand_species,/Users/justyna-przy/Projects/ISE/FYP/src/bird_data/clips/species/emberiza_citrinella/XC110320__s34000__e37000.wav,
emberiza_citrinella,110320,Emberiza citrinella,/Users/justyna-przy/Projects/ISE/FYP/src/bird_data/raw/emberiza_citrinella/XC110320.mp3,37.0,40.0,-24.06634757817086,-29.01508641168265,species,Emberiza citrinella,Yellowhammer,0.5507951378822327,0.5507951378822327,species,0,,,
emberiza_citrinella,110320,Emberiza citrinella,/Users/justyna-przy/Projects/ISE/FYP/src/bird_data/raw/emberiza_citrinella/XC110320.mp3,40.0,43.0,-28.9906896836722,-29.01508641168265,species,Emberiza citrinella,Yellowhammer,0.7684244513511658,0.7684244513511658,species,0,,,
emberiza_citrinella,110320,Emberiza citrinella,/Users/justyna-przy/Projects/ISE/FYP/src/bird_data/raw/emberiza_citrinella/XC110320.mp3,46.0,49.0,-27.36517718535685,-29.01508641168265,species,Emberiza citrinella,Yellowhammer,0.6848912239074707,0.6848912239074707,species,0,,,
emberiza_citrinella,110320,Emberiza citrinella,/Users/justyna-przy/Projects/ISE/FYP/src/bird_data/raw/emberiza_citrinella/XC110320.mp3,49.0,52.0,-27.959511430183483,-29.01508641168265,species,Emberiza citrinella,Yellowhammer,0.724392831325531,0.724392831325531,species,0,,,
emberiza_citrinella,110320,Emberiza citrinella,/Users/justyna-przy/Projects/ISE/FYP/src/bird_data/raw/emberiza_citrinella/XC110320.mp3,52.0,55.0,-26.41378306634664,-29.01508641168265,species,Emberiza citrinella,Yellowhammer,0.8714134097099304,0.8714134097099304,species,1,rand_species,/Users/justyna-przy/Projects/ISE/FYP/src/bird_data/clips/species/emberiza_citrinella/XC110320__s52000__e55000.wav,
emberiza_citrinella,105527,Emberiza citrinella,/Users/justyna-przy/Projects/ISE/FYP/src/bird_data/raw/emberiza_citrinella/XC105527.mp3,1.0,4.0,-23.546472353821635,-40.0,species,Emberiza citrinella,Yellowhammer,0.6604520678520203,0.6604520678520203,species,0,,,
emberiza_citrinella,105527,Emberiza citrinella,/Users/justyna-przy/Projects/ISE/FYP/src/bird_data/raw/emberiza_citrinella/XC105527.mp3,13.0,16.0,-20.906041653659084,-40.0,species,Emberiza citrinella,Yellowhammer,0.9772430062294006,0.9772430062294006,species,1,rand_species,/Users/justyna-przy/Projects/ISE/FYP/src/bird_data/clips/species/emberiza_citrinella/XC105527__s13000__e16000.wav,
emberiza_citrinella,105527,Emberiza citrinella,/Users/justyna-przy/Projects/ISE/FYP/src/bird_data/raw/emberiza_citrinella/XC105527.mp3,16.0,19.0,-23.07125799436525,-40.0,species,Emberiza citrinella,Yellowhammer,0.9273171424865723,0.9273171424865723,species,0,,,
emberiza_citrinella,105527,Emberiza citrinella,/Users/justyna-przy/Projects/ISE/FYP/src/bird_data/raw/emberiza_citrinella/XC105527.mp3,25.0,28.0,-32.30029249193855,-40.0,species,Emberiza citrinella,Yellowhammer,0.6109239459037781,0.6109239459037781,species,1,rand_species,/Users/justyna-przy/Projects/ISE/FYP/src/bird_data/clips/species/emberiza_citrinella/XC105527__s25000__e28000.wav,
emberiza_citrinella,105527,Emberiza citrinella,/Users/justyna-przy/Projects/ISE/FYP/src/bird_data/raw/emberiza_citrinella/XC105527.mp3,28.0,31.0,-17.707304247361556,-40.0,species,Emberiza citrinella,Yellowhammer,0.9002267122268677,0.9002267122268677,species,0,,,
emberiza_citrinella,105527,Emberiza citrinella,/Users/justyna-przy/Projects/ISE/FYP/src/bird_data/raw/emberiza_citrinella/XC105527.mp3,37.0,40.0,-28.166403948074187,-40.0,species,Emberiza citrinella,Yellowhammer,0.6221145987510681,0.6221145987510681,species,1,rand_species,/Users/justyna-przy/Projects/ISE/FYP/src/bird_data/clips/species/emberiza_citrinella/XC105527__s37000__e40000.wav,
emberiza_citrinella,105527,Emberiza citrinella,/Users/justyna-przy/Projects/ISE/FYP/src/bird_data/raw/emberiza_citrinella/XC105527.mp3,40.0,43.0,-17.474114076861046,-40.0,species,Emberiza citrinella,Yellowhammer,0.8337264657020569,0.8337264657020569,species,0,,,
emberiza_citrinella,105527,Emberiza citrinella,/Users/justyna-przy/Projects/ISE/FYP/src/bird_data/raw/emberiza_citrinella/XC105527.mp3,49.0,52.0,-32.27709613580358,-40.0,drop,Emberiza citrinella,Yellowhammer,0.1724376529455185,0.1724376529455185,drop,0,,,
emberiza_citrinella,105527,Emberiza citrinella,/Users/justyna-przy/Projects/ISE/FYP/src/bird_data/raw/emberiza_citrinella/XC105527.mp3,52.0,55.0,-16.673793733850978,-40.0,species,Emberiza citrinella,Yellowhammer,0.941318929195404,0.941318929195404,species,0,,,
emberiza_citrinella,101137,Emberiza citrinella,/Users/justyna-przy/Projects/ISE/FYP/src/bird_data/raw/emberiza_citrinella/XC101137.mp3,1.0,4.0,-34.560254456766735,-34.560254456766735,drop,Emberiza citrinella,Yellowhammer,0.1842934936285019,0.1842934936285019,drop,0,,,
emberiza_citrinella,100975,Emberiza citrinella,/Users/justyna-przy/Projects/ISE/FYP/src/bird_data/raw/emberiza_citrinella/XC100975.mp3,1.0,4.0,-22.33996723767097,-40.0,species,Emberiza citrinella,Yellowhammer,0.937345027923584,0.937345027923584,species,0,,,
emberiza_citrinella,100975,Emberiza citrinella,/Users/justyna-przy/Projects/ISE/FYP/src/bird_data/raw/emberiza_citrinella/XC100975.mp3,7.0,10.0,-27.533660003191024,-40.0,drop,Emberiza cirlus,Cirl Bunting,0.4103224277496338,0.4103224277496338,drop,0,,,
emberiza_citrinella,100975,Emberiza citrinella,/Users/justyna-przy/Projects/ISE/FYP/src/bird_data/raw/emberiza_citrinella/XC100975.mp3,13.0,16.0,-17.67524834090116,-40.0,species,Emberiza citrinella,Yellowhammer,0.9724117517471313,0.9724117517471313,species,0,,,
emberiza_citrinella,100975,Emberiza citrinella,/Users/justyna-przy/Projects/ISE/FYP/src/bird_data/raw/emberiza_citrinella/XC100975.mp3,22.0,25.0,-24.77147834430346,-40.0,drop,Emberiza citrinella,Yellowhammer,0.2449387162923813,0.2449387162923813,drop,0,,,
emberiza_citrinella,100975,Emberiza citrinella,/Users/justyna-przy/Projects/ISE/FYP/src/bird_data/raw/emberiza_citrinella/XC100975.mp3,25.0,28.0,-26.158714243454,-40.0,species,Emberiza citrinella,Yellowhammer,0.8412091135978699,0.8412091135978699,species,0,,,
emberiza_citrinella,100975,Emberiza citrinella,/Users/justyna-przy/Projects/ISE/FYP/src/bird_data/raw/emberiza_citrinella/XC100975.mp3,31.0,34.0,-24.82362778114748,-40.0,drop,Emberiza citrinella,Yellowhammer,0.24496658146381378,0.24496658146381378,drop,0,,,
emberiza_citrinella,100975,Emberiza citrinella,/Users/justyna-przy/Projects/ISE/FYP/src/bird_data/raw/emberiza_citrinella/XC100975.mp3,34.0,37.0,-30.329378524184555,-40.0,species,Emberiza citrinella,Yellowhammer,0.9003298282623291,0.9003298282623291,species,1,rand_species,/Users/justyna-przy/Projects/ISE/FYP/src/bird_data/clips/species/emberiza_citrinella/XC100975__s34000__e37000.wav,
emberiza_citrinella,100975,Emberiza citrinella,/Users/justyna-przy/Projects/ISE/FYP/src/bird_data/raw/emberiza_citrinella/XC100975.mp3,37.0,40.0,-29.799766075741935,-40.0,species,Emberiza citrinella,Yellowhammer,0.5098669528961182,0.5098669528961182,species,1,rand_species,/Users/justyna-przy/Projects/ISE/FYP/src/bird_data/clips/species/emberiza_citrinella/XC100975__s37000__e40000.wav,
emberiza_citrinella,100975,Emberiza citrinella,/Users/justyna-przy/Projects/ISE/FYP/src/bird_data/raw/emberiza_citrinella/XC100975.mp3,40.0,43.0,-20.36660910216467,-40.0,species,Emberiza citrinella,Yellowhammer,0.9663723707199097,0.9663723707199097,species,1,rand_species,/Users/justyna-przy/Projects/ISE/FYP/src/bird_data/clips/species/emberiza_citrinella/XC100975__s40000__e43000.wav,
emberiza_citrinella,100975,Emberiza citrinella,/Users/justyna-przy/Projects/ISE/FYP/src/bird_data/raw/emberiza_citrinella/XC100975.mp3,46.0,49.0,-20.162502494477707,-40.0,species,Emberiza citrinella,Yellowhammer,0.9769038558006287,0.9769038558006287,species,0,,,
emberiza_citrinella,100975,Emberiza citrinella,/Users/justyna-przy/Projects/ISE/FYP/src/bird_data/raw/emberiza_citrinella/XC100975.mp3,52.0,55.0,-20.743580933424226,-40.0,species,Emberiza citrinella,Yellowhammer,0.9437777400016785,0.9437777400016785,species,0,,,
emberiza_citrinella,79058,Emberiza citrinella,/Users/justyna-przy/Projects/ISE/FYP/src/bird_data/raw/emberiza_citrinella/XC79058.mp3,1.0,4.0,-18.1713018565242,-40.0,species,Emberiza citrinella,Yellowhammer,0.9867032766342163,0.9867032766342163,species,1,rand_species,/Users/justyna-przy/Projects/ISE/FYP/src/bird_data/clips/species/emberiza_citrinella/XC79058__s1000__e4000.wav,
emberiza_citrinella,79058,Emberiza citrinella,/Users/justyna-przy/Projects/ISE/FYP/src/bird_data/raw/emberiza_citrinella/XC79058.mp3,4.0,7.0,-33.03436727974047,-40.0,species,Emberiza citrinella,Yellowhammer,0.464962363243103,0.464962363243103,species,0,,,
emberiza_citrinella,79058,Emberiza citrinella,/Users/justyna-przy/Projects/ISE/FYP/src/bird_data/raw/emberiza_citrinella/XC79058.mp3,16.0,19.0,-18.11913805907491,-40.0,species,Emberiza citrinella,Yellowhammer,0.993423342704773,0.993423342704773,species,1,rand_species,/Users/justyna-przy/Projects/ISE/FYP/src/bird_data/clips/species/emberiza_citrinella/XC79058__s16000__e19000.wav,
emberiza_citrinella,79058,Emberiza citrinella,/Users/justyna-przy/Projects/ISE/FYP/src/bird_data/raw/emberiza_citrinella/XC79058.mp3,28.0,31.0,-21.12592228347673,-40.0,species,Emberiza citrinella,Yellowhammer,0.9816363453865051,0.9816363453865051,species,1,rand_species,/Users/justyna-przy/Projects/ISE/FYP/src/bird_data/clips/species/emberiza_citrinella/XC79058__s28000__e31000.wav,
emberiza_citrinella,46380,Emberiza citrinella,/Users/justyna-przy/Projects/ISE/FYP/src/bird_data/raw/emberiza_citrinella/XC46380.mp3,1.0,4.0,-27.291751060447694,-31.85843452198584,species,Emberiza citrinella,Yellowhammer,0.9562801718711853,0.9562801718711853,species,1,rand_species,/Users/justyna-przy/Projects/ISE/FYP/src/bird_data/clips/species/emberiza_citrinella/XC46380__s1000__e4000.wav,
emberiza_citrinella,46380,Emberiza citrinella,/Users/justyna-przy/Projects/ISE/FYP/src/bird_data/raw/emberiza_citrinella/XC46380.mp3,7.0,10.0,-30.67903706271661,-31.85843452198584,species,Emberiza citrinella,Yellowhammer,0.9765504002571106,0.9765504002571106,species,0,,,
emberiza_citrinella,46380,Emberiza citrinella,/Users/justyna-przy/Projects/ISE/FYP/src/bird_data/raw/emberiza_citrinella/XC46380.mp3,13.0,16.0,-24.773938572721363,-31.85843452198584,species,Emberiza citrinella,Yellowhammer,0.9909607768058777,0.9909607768058777,species,1,rand_species,/Users/justyna-przy/Projects/ISE/FYP/src/bird_data/clips/species/emberiza_citrinella/XC46380__s13000__e16000.wav,
emberiza_citrinella,46380,Emberiza citrinella,/Users/justyna-przy/Projects/ISE/FYP/src/bird_data/raw/emberiza_citrinella/XC46380.mp3,16.0,19.0,-27.669531242088134,-31.85843452198584,species,Emberiza citrinella,Yellowhammer,0.9748674631118774,0.9748674631118774,species,0,,,
emberiza_citrinella,46380,Emberiza citrinella,/Users/justyna-przy/Projects/ISE/FYP/src/bird_data/raw/emberiza_citrinella/XC46380.mp3,22.0,25.0,-31.48544062956137,-31.85843452198584,species,Emberiza citrinella,Yellowhammer,0.9850128889083862,0.9850128889083862,species,1,rand_species,/Users/justyna-przy/Projects/ISE/FYP/src/bird_data/clips/species/emberiza_citrinella/XC46380__s22000__e25000.wav,
emberiza_citrinella,46380,Emberiza citrinella,/Users/justyna-przy/Projects/ISE/FYP/src/bird_data/raw/emberiza_citrinella/XC46380.mp3,25.0,28.0,-27.456402717783877,-31.85843452198584,species,Emberiza citrinella,Yellowhammer,0.981191098690033,0.981191098690033,species,0,,,
emberiza_citrinella,46380,Emberiza citrinella,/Users/justyna-przy/Projects/ISE/FYP/src/bird_data/raw/emberiza_citrinella/XC46380.mp3,28.0,31.0,-27.730011883593857,-31.85843452198584,species,Emberiza citrinella,Yellowhammer,0.9846490025520325,0.9846490025520325,species,0,,,
emberiza_citrinella,27579,Emberiza citrinella,/Users/justyna-przy/Projects/ISE/FYP/src/bird_data/raw/emberiza_citrinella/XC27579.mp3,4.0,7.0,-27.42900973690549,-39.51086720964675,species,Emberiza citrinella,Yellowhammer,0.7569312453269958,0.7569312453269958,species,1,rand_species,/Users/justyna-przy/Projects/ISE/FYP/src/bird_data/clips/species/emberiza_citrinella/XC27579__s4000__e7000.wav,
emberiza_citrinella,27579,Emberiza citrinella,/Users/justyna-przy/Projects/ISE/FYP/src/bird_data/raw/emberiza_citrinella/XC27579.mp3,10.0,13.0,-29.18070927771367,-39.51086720964675,species,Emberiza citrinella,Yellowhammer,0.6453751921653748,0.6453751921653748,species,1,rand_species,/Users/justyna-przy/Projects/ISE/FYP/src/bird_data/clips/species/emberiza_citrinella/XC27579__s10000__e13000.wav,
emberiza_citrinella,27579,Emberiza citrinella,/Users/justyna-przy/Projects/ISE/FYP/src/bird_data/raw/emberiza_citrinella/XC27579.mp3,13.0,16.0,-31.890083928365414,-39.51086720964675,species,Emberiza citrinella,Yellowhammer,0.8104982972145081,0.8104982972145081,species,0,,,
emberiza_citrinella,27579,Emberiza citrinella,/Users/justyna-przy/Projects/ISE/FYP/src/bird_data/raw/emberiza_citrinella/XC27579.mp3,16.0,19.0,-30.438811307275056,-39.51086720964675,species,Emberiza citrinella,Yellowhammer,0.7697001695632935,0.7697001695632935,species,1,rand_species,/Users/justyna-przy/Projects/ISE/FYP/src/bird_data/clips/species/emberiza_citrinella/XC27579__s16000__e19000.wav,
emberiza_citrinella,1025096,Emberiza citrinella,/Users/justyna-przy/Projects/ISE/FYP/src/bird_data/raw/emberiza_citrinella/XC1025096.mp3,1.0,4.0,-30.146670564783435,-30.146670564783435,species,Emberiza citrinella,Yellowhammer,0.9624000787734985,0.9624000787734985,species,1,rand_species,/Users/justyna-przy/Projects/ISE/FYP/src/bird_data/clips/species/emberiza_citrinella/XC1025096__s1000__e4000.wav,
emberiza_citrinella,1008323,Emberiza citrinella,/Users/justyna-przy/Projects/ISE/FYP/src/bird_data/raw/emberiza_citrinella/XC1008323.mp3,1.0,4.0,-27.5226325215616,-27.5226325215616,non_bird,,,0.0,0.0,non_bird,1,nonbird_lowconf,/Users/justyna-przy/Projects/ISE/FYP/src/bird_data/clips/non_bird/emberiza_citrinella/XC1008323__s1000__e4000.wav,
emberiza_citrinella,995270,Emberiza citrinella,/Users/justyna-przy/Projects/ISE/FYP/src/bird_data/raw/emberiza_citrinella/XC995270.mp3,1.0,4.0,-22.719213735385686,-40.0,species,Emberiza citrinella,Yellowhammer,0.9906663298606873,0.9906663298606873,species,0,,,
emberiza_citrinella,995270,Emberiza citrinella,/Users/justyna-przy/Projects/ISE/FYP/src/bird_data/raw/emberiza_citrinella/XC995270.mp3,10.0,13.0,-21.784622508472392,-40.0,species,Emberiza citrinella,Yellowhammer,0.9951457381248474,0.9951457381248474,species,0,,,
emberiza_citrinella,995270,Emberiza citrinella,/Users/justyna-przy/Projects/ISE/FYP/src/bird_data/raw/emberiza_citrinella/XC995270.mp3,16.0,19.0,-37.14349241664871,-40.0,species,Emberiza citrinella,Yellowhammer,0.9124621748924255,0.9124621748924255,species,0,,,
emberiza_citrinella,995270,Emberiza citrinella,/Users/justyna-przy/Projects/ISE/FYP/src/bird_data/raw/emberiza_citrinella/XC995270.mp3,19.0,22.0,-24.604074180084773,-40.0,species,Emberiza citrinella,Yellowhammer,0.9917164444923401,0.9917164444923401,species,1,rand_species,/Users/justyna-przy/Projects/ISE/FYP/src/bird_data/clips/species/emberiza_citrinella/XC995270__s19000__e22000.wav,
emberiza_citrinella,995270,Emberiza citrinella,/Users/justyna-przy/Projects/ISE/FYP/src/bird_data/raw/emberiza_citrinella/XC995270.mp3,22.0,25.0,-35.99908589631279,-40.0,species,Emberiza citrinella,Yellowhammer,0.953544557094574,0.953544557094574,species,0,,,
emberiza_citrinella,995270,Emberiza citrinella,/Users/justyna-przy/Projects/ISE/FYP/src/bird_data/raw/emberiza_citrinella/XC995270.mp3,25.0,28.0,-25.06669755068281,-40.0,species,Emberiza citrinella,Yellowhammer,0.9889805316925049,0.9889805316925049,species,0,,,
emberiza_citrinella,995270,Emberiza citrinella,/Users/justyna-przy/Projects/ISE/FYP/src/bird_data/raw/emberiza_citrinella/XC995270.mp3,31.0,34.0,-25.68800862608056,-40.0,species,Emberiza citrinella,Yellowhammer,0.9957303404808044,0.9957303404808044,species,1,rand_species,/Users/justyna-przy/Projects/ISE/FYP/src/bird_data/clips/species/emberiza_citrinella/XC995270__s31000__e34000.wav,
emberiza_citrinella,995270,Emberiza citrinella,/Users/justyna-przy/Projects/ISE/FYP/src/bird_data/raw/emberiza_citrinella/XC995270.mp3,37.0,40.0,-23.4137803756266,-40.0,species,Emberiza citrinella,Yellowhammer,0.9538612961769104,0.9538612961769104,species,0,,,
emberiza_citrinella,995270,Emberiza citrinella,/Users/justyna-przy/Projects/ISE/FYP/src/bird_data/raw/emberiza_citrinella/XC995270.mp3,40.0,43.0,-27.10831915518129,-40.0,species,Emberiza citrinella,Yellowhammer,0.8352565765380859,0.8352565765380859,species,0,,,
emberiza_citrinella,995270,Emberiza citrinella,/Users/justyna-przy/Projects/ISE/FYP/src/bird_data/raw/emberiza_citrinella/XC995270.mp3,46.0,49.0,-23.087858066513746,-40.0,species,Emberiza citrinella,Yellowhammer,0.9882968068122864,0.9882968068122864,species,1,rand_species,/Users/justyna-przy/Projects/ISE/FYP/src/bird_data/clips/species/emberiza_citrinella/XC995270__s46000__e49000.wav,
emberiza_citrinella,952934,Emberiza citrinella,/Users/justyna-przy/Projects/ISE/FYP/src/bird_data/raw/emberiza_citrinella/XC952934.mp3,4.0,7.0,-41.32898694744688,-40.0,species,Emberiza citrinella,Yellowhammer,0.8149330615997314,0.8149330615997314,species,1,rand_species,/Users/justyna-przy/Projects/ISE/FYP/src/bird_data/clips/species/emberiza_citrinella/XC952934__s4000__e7000.wav,
emberiza_citrinella,921626,Emberiza citrinella,/Users/justyna-przy/Projects/ISE/FYP/src/bird_data/raw/emberiza_citrinella/XC921626.mp3,1.0,4.0,-28.617552530056525,-35.096634212776195,species,Emberiza citrinella,Yellowhammer,0.9816666841506958,0.9816666841506958,species,1,rand_species,/Users/justyna-przy/Projects/ISE/FYP/src/bird_data/clips/species/emberiza_citrinella/XC921626__s1000__e4000.wav,
emberiza_citrinella,921626,Emberiza citrinella,/Users/justyna-przy/Projects/ISE/FYP/src/bird_data/raw/emberiza_citrinella/XC921626.mp3,10.0,13.0,-27.874298657189037,-35.096634212776195,species,Emberiza citrinella,Yellowhammer,0.9222108721733093,0.9222108721733093,species,0,,,
emberiza_citrinella,921626,Emberiza citrinella,/Users/justyna-przy/Projects/ISE/FYP/src/bird_data/raw/emberiza_citrinella/XC921626.mp3,13.0,16.0,-33.79845105211371,-35.096634212776195,non_bird,,,0.0,0.0,non_bird,1,nonbird_lowconf,/Users/justyna-przy/Projects/ISE/FYP/src/bird_data/clips/non_bird/emberiza_citrinella/XC921626__s13000__e16000.wav,
emberiza_citrinella,921626,Emberiza citrinella,/Users/justyna-przy/Projects/ISE/FYP/src/bird_data/raw/emberiza_citrinella/XC921626.mp3,16.0,19.0,-34.18185538421366,-35.096634212776195,non_bird,,,0.0,0.0,non_bird,1,nonbird_lowconf,/Users/justyna-przy/Projects/ISE/FYP/src/bird_data/clips/non_bird/emberiza_citrinella/XC921626__s16000__e19000.wav,
emberiza_citrinella,921626,Emberiza citrinella,/Users/justyna-przy/Projects/ISE/FYP/src/bird_data/raw/emberiza_citrinella/XC921626.mp3,22.0,25.0,-25.23360671659841,-35.096634212776195,species,Emberiza citrinella,Yellowhammer,0.8568381071090698,0.8568381071090698,species,0,,,
emberiza_citrinella,921626,Emberiza citrinella,/Users/justyna-przy/Projects/ISE/FYP/src/bird_data/raw/emberiza_citrinella/XC921626.mp3,28.0,31.0,-25.042172440143155,-35.096634212776195,species,Emberiza citrinella,Yellowhammer,0.8829496502876282,0.8829496502876282,species,1,rand_species,/Users/justyna-przy/Projects/ISE/FYP/src/bird_data/clips/species/emberiza_citrinella/XC921626__s28000__e31000.wav,
emberiza_citrinella,921626,Emberiza citrinella,/Users/justyna-przy/Projects/ISE/FYP/src/bird_data/raw/emberiza_citrinella/XC921626.mp3,31.0,34.0,-26.571177093855344,-35.096634212776195,species,Emberiza citrinella,Yellowhammer,0.9751248359680176,0.9751248359680176,species,1,rand_species,/Users/justyna-przy/Projects/ISE/FYP/src/bird_data/clips/species/emberiza_citrinella/XC921626__s31000__e34000.wav,
emberiza_citrinella,921626,Emberiza citrinella,/Users/justyna-przy/Projects/ISE/FYP/src/bird_data/raw/emberiza_citrinella/XC921626.mp3,34.0,37.0,-26.194225186348334,-35.096634212776195,species,Emberiza citrinella,Yellowhammer,0.776556670665741,0.776556670665741,species,0,,,
emberiza_citrinella,921625,Emberiza citrinella,/Users/justyna-przy/Projects/ISE/FYP/src/bird_data/raw/emberiza_citrinella/XC921625.mp3,4.0,7.0,-26.576207751957345,-28.89371342562985,species,Emberiza citrinella,Yellowhammer,0.9692028760910034,0.9692028760910034,species,0,,,
emberiza_citrinella,921625,Emberiza citrinella,/Users/justyna-przy/Projects/ISE/FYP/src/bird_data/raw/emberiza_citrinella/XC921625.mp3,7.0,10.0,-23.718553375681317,-28.89371342562985,species,Emberiza citrinella,Yellowhammer,0.8001626133918762,0.8001626133918762,species,1,rand_species,/Users/justyna-przy/Projects/ISE/FYP/src/bird_data/clips/species/emberiza_citrinella/XC921625__s7000__e10000.wav,
emberiza_citrinella,921625,Emberiza citrinella,/Users/justyna-przy/Projects/ISE/FYP/src/bird_data/raw/emberiza_citrinella/XC921625.mp3,10.0,13.0,-25.67969087607392,-28.89371342562985,species,Emberiza citrinella,Yellowhammer,0.7408474087715149,0.7408474087715149,species,0,,,
emberiza_citrinella,921625,Emberiza citrinella,/Users/justyna-przy/Projects/ISE/FYP/src/bird_data/raw/emberiza_citrinella/XC921625.mp3,16.0,19.0,-24.087858116111683,-28.89371342562985,species,Emberiza citrinella,Yellowhammer,0.9009122252464294,0.9009122252464294,species,0,,,
emberiza_citrinella,921625,Emberiza citrinella,/Users/justyna-przy/Projects/ISE/FYP/src/bird_data/raw/emberiza_citrinella/XC921625.mp3,22.0,25.0,-23.465221240069148,-28.89371342562985,species,Emberiza citrinella,Yellowhammer,0.5087227821350098,0.5087227821350098,species,0,,,
emberiza_citrinella,921625,Emberiza citrinella,/Users/justyna-przy/Projects/ISE/FYP/src/bird_data/raw/emberiza_citrinella/XC921625.mp3,25.0,28.0,-24.561846088767435,-28.89371342562985,species,Emberiza citrinella,Yellowhammer,0.9433568120002747,0.9433568120002747,species,0,,,
emberiza_citrinella,921625,Emberiza citrinella,/Users/justyna-przy/Projects/ISE/FYP/src/bird_data/raw/emberiza_citrinella/XC921625.mp3,31.0,34.0,-23.346594679783266,-28.89371342562985,species,Emberiza citrinella,Yellowhammer,0.8418880701065063,0.8418880701065063,species,1,rand_species,/Users/justyna-przy/Projects/ISE/FYP/src/bird_data/clips/species/emberiza_citrinella/XC921625__s31000__e34000.wav,
emberiza_citrinella,921625,Emberiza citrinella,/Users/justyna-przy/Projects/ISE/FYP/src/bird_data/raw/emberiza_citrinella/XC921625.mp3,34.0,37.0,-20.36851699832151,-28.89371342562985,species,Emberiza citrinella,Yellowhammer,0.8303167819976807,0.8303167819976807,species,1,rand_species,/Users/justyna-przy/Projects/ISE/FYP/src/bird_data/clips/species/emberiza_citrinella/XC921625__s34000__e37000.wav,
emberiza_citrinella,921625,Emberiza citrinella,/Users/justyna-przy/Projects/ISE/FYP/src/bird_data/raw/emberiza_citrinella/XC921625.mp3,37.0,40.0,-26.92905538422611,-28.89371342562985,species,Emberiza citrinella,Yellowhammer,0.9701470136642456,0.9701470136642456,species,0,,,
emberiza_citrinella,921625,Emberiza citrinella,/Users/justyna-przy/Projects/ISE/FYP/src/bird_data/raw/emberiza_citrinella/XC921625.mp3,43.0,46.0,-26.860819386049606,-28.89371342562985,species,Emberiza citrinella,Yellowhammer,0.9482748508453369,0.9482748508453369,species,0,,,
emberiza_citrinella,921624,Emberiza citrinella,/Users/justyna-przy/Projects/ISE/FYP/src/bird_data/raw/emberiza_citrinella/XC921624.mp3,1.0,4.0,-17.134407450114203,-40.0,species,Emberiza citrinella,Yellowhammer,0.9319633841514587,0.9319633841514587,species,1,rand_species,/Users/justyna-przy/Projects/ISE/FYP/src/bird_data/clips/species/emberiza_citrinella/XC921624__s1000__e4000.wav,
emberiza_citrinella,921624,Emberiza citrinella,/Users/justyna-przy/Projects/ISE/FYP/src/bird_data/raw/emberiza_citrinella/XC921624.mp3,13.0,16.0,-15.111334590602976,-40.0,species,Emberiza citrinella,Yellowhammer,0.7996636629104614,0.7996636629104614,species,0,,,
emberiza_citrinella,921624,Emberiza citrinella,/Users/justyna-przy/Projects/ISE/FYP/src/bird_data/raw/emberiza_citrinella/XC921624.mp3,16.0,19.0,-39.29885413682004,-40.0,drop,Haemorhous cassinii,Cassin's Finch,0.13952867686748505,0.13952867686748505,drop,0,,,
emberiza_citrinella,921624,Emberiza citrinella,/Users/justyna-przy/Projects/ISE/FYP/src/bird_data/raw/emberiza_citrinella/XC921624.mp3,19.0,22.0,-24.679170498629077,-40.0,species,Emberiza citrinella,Yellowhammer,0.6933273673057556,0.6933273673057556,species,1,rand_species,/Users/justyna-przy/Projects/ISE/FYP/src/bird_data/clips/species/emberiza_citrinella/XC921624__s19000__e22000.wav,
emberiza_citrinella,921624,Emberiza citrinella,/Users/justyna-przy/Projects/ISE/FYP/src/bird_data/raw/emberiza_citrinella/XC921624.mp3,22.0,25.0,-13.007444589537748,-40.0,species,Emberiza citrinella,Yellowhammer,0.8276806473731995,0.8276806473731995,species,1,rand_species,/Users/justyna-przy/Projects/ISE/FYP/src/bird_data/clips/species/emberiza_citrinella/XC921624__s22000__e25000.wav,
emberiza_citrinella,914641,Emberiza citrinella,/Users/justyna-przy/Projects/ISE/FYP/src/bird_data/raw/emberiza_citrinella/XC914641.mp3,13.0,16.0,-69.70716892565923,-40.0,species,Emberiza citrinella,Yellowhammer,0.9446229338645935,0.9446229338645935,species,1,rand_species,/Users/justyna-przy/Projects/ISE/FYP/src/bird_data/clips/species/emberiza_citrinella/XC914641__s13000__e16000.wav,
emberiza_citrinella,914640,Emberiza citrinella,/Users/justyna-przy/Projects/ISE/FYP/src/bird_data/raw/emberiza_citrinella/XC914640.mp3,1.0,4.0,-59.49609305965605,-40.0,drop,Poecile montanus,Willow Tit,0.11286748945713043,0.11286748945713043,drop,0,,,
emberiza_citrinella,914639,Emberiza citrinella,/Users/justyna-przy/Projects/ISE/FYP/src/bird_data/raw/emberiza_citrinella/XC914639.mp3,25.0,28.0,-66.87336922403564,-40.0,non_bird,,,0.0,0.0,non_bird,1,nonbird_lowconf,/Users/justyna-przy/Projects/ISE/FYP/src/bird_data/clips/non_bird/emberiza_citrinella/XC914639__s25000__e28000.wav,
emberiza_citrinella,914050,Emberiza citrinella,/Users/justyna-przy/Projects/ISE/FYP/src/bird_data/raw/emberiza_citrinella/XC914050.mp3,1.0,4.0,-36.819558874436794,-40.0,drop,Emberiza schoeniclus,Reed Bunting,0.6203629970550537,0.6203629970550537,drop,0,,,
emberiza_citrinella,914050,Emberiza citrinella,/Users/justyna-przy/Projects/ISE/FYP/src/bird_data/raw/emberiza_citrinella/XC914050.mp3,4.0,7.0,-39.949958116208094,-40.0,species,Emberiza citrinella,Yellowhammer,0.6157483458518982,0.6157483458518982,species,1,rand_species,/Users/justyna-przy/Projects/ISE/FYP/src/bird_data/clips/species/emberiza_citrinella/XC914050__s4000__e7000.wav,
emberiza_citrinella,914050,Emberiza citrinella,/Users/justyna-przy/Projects/ISE/FYP/src/bird_data/raw/emberiza_citrinella/XC914050.mp3,10.0,13.0,-38.69911370946538,-40.0,drop,Emberiza schoeniclus,Reed Bunting,0.3960305452346802,0.3960305452346802,drop,0,,,
emberiza_citrinella,914050,Emberiza citrinella,/Users/justyna-przy/Projects/ISE/FYP/src/bird_data/raw/emberiza_citrinella/XC914050.mp3,13.0,16.0,-37.69790624358406,-40.0,drop,Corvus cornix,Hooded Crow,0.3168208599090576,0.3168208599090576,drop,0,,,
emberiza_citrinella,914050,Emberiza citrinella,/Users/justyna-przy/Projects/ISE/FYP/src/bird_data/raw/emberiza_citrinella/XC914050.mp3,16.0,19.0,-38.81422357696825,-40.0,species,Emberiza citrinella,Yellowhammer,0.6261371970176697,0.6261371970176697,species,1,rand_species,/Users/justyna-przy/Projects/ISE/FYP/src/bird_data/clips/species/emberiza_citrinella/XC914050__s16000__e19000.wav,
emberiza_citrinella,914050,Emberiza citrinella,/Users/justyna-przy/Projects/ISE/FYP/src/bird_data/raw/emberiza_citrinella/XC914050.mp3,22.0,25.0,-38.52023186905897,-40.0,drop,Emberiza schoeniclus,Reed Bunting,0.40828680992126465,0.40828680992126465,drop,0,,,
emberiza_citrinella,892228,Emberiza citrinella,/Users/justyna-przy/Projects/ISE/FYP/src/bird_data/raw/emberiza_citrinella/XC892228.mp3,7.0,10.0,-43.62150798684879,-40.0,species,Emberiza citrinella,Yellowhammer,0.6620872616767883,0.6620872616767883,species,1,rand_species,/Users/justyna-przy/Projects/ISE/FYP/src/bird_data/clips/species/emberiza_citrinella/XC892228__s7000__e10000.wav,
emberiza_citrinella,861321,Emberiza citrinella,/Users/justyna-przy/Projects/ISE/FYP/src/bird_data/raw/emberiza_citrinella/XC861321.mp3,1.0,4.0,-23.158306898058104,-24.184541781765965,drop,Calidris fuscicollis,White-rumped Sandpiper,0.18133500218391418,0.18133500218391418,drop,0,,,
emberiza_citrinella,836690,Emberiza citrinella,/Users/justyna-przy/Projects/ISE/FYP/src/bird_data/raw/emberiza_citrinella/XC836690.mp3,1.0,4.0,-29.208168801961957,-29.81884952715697,drop,Emberiza citrinella,Yellowhammer,0.1641566902399063,0.1641566902399063,drop,0,,,
emberiza_citrinella,836690,Emberiza citrinella,/Users/justyna-przy/Projects/ISE/FYP/src/bird_data/raw/emberiza_citrinella/XC836690.mp3,4.0,7.0,-26.789896748785942,-29.81884952715697,drop,Linaria cannabina,Eurasian Linnet,0.11099740117788315,0.11099740117788315,drop,0,,,
emberiza_citrinella,836690,Emberiza citrinella,/Users/justyna-przy/Projects/ISE/FYP/src/bird_data/raw/emberiza_citrinella/XC836690.mp3,7.0,10.0,-28.028900151711518,-29.81884952715697,drop,Linaria cannabina,Eurasian Linnet,0.6673865914344788,0.6673865914344788,drop,0,,,
emberiza_citrinella,836690,Emberiza citrinella,/Users/justyna-przy/Projects/ISE/FYP/src/bird_data/raw/emberiza_citrinella/XC836690.mp3,10.0,13.0,-28.345748129904422,-29.81884952715697,non_bird,,,0.0,0.0,non_bird,1,nonbird_lowconf,/Users/justyna-przy/Projects/ISE/FYP/src/bird_data/clips/non_bird/emberiza_citrinella/XC836690__s10000__e13000.wav,
emberiza_citrinella,836690,Emberiza citrinella,/Users/justyna-przy/Projects/ISE/FYP/src/bird_data/raw/emberiza_citrinella/XC836690.mp3,13.0,16.0,-28.460029392621454,-29.81884952715697,drop,Erithacus rubecula,European Robin,0.15618237853050232,0.15618237853050232,drop,0,,,
emberiza_citrinella,836689,Emberiza citrinella,/Users/justyna-przy/Projects/ISE/FYP/src/bird_data/raw/emberiza_citrinella/XC836689.mp3,1.0,4.0,-26.288943258700588,-26.288943258700588,drop,Chaetura pelagica,Chimney Swift,0.10908568650484085,0.10908568650484085,drop,0,,,
emberiza_citrinella,812812,Emberiza citrinella,/Users/justyna-przy/Projects/ISE/FYP/src/bird_data/raw/emberiza_citrinella/XC812812.mp3,1.0,4.0,-46.62275115397425,-40.0,species,Emberiza citrinella,Yellowhammer,0.9909709692001343,0.9909709692001343,species,1,rand_species,/Users/justyna-przy/Projects/ISE/FYP/src/bird_data/clips/species/emberiza_citrinella/XC812812__s1000__e4000.wav,
emberiza_citrinella,812811,Emberiza citrinella,/Users/justyna-przy/Projects/ISE/FYP/src/bird_data/raw/emberiza_citrinella/XC812811.mp3,13.0,16.0,-45.06111677965286,-40.0,species,Emberiza citrinella,Yellowhammer,0.9840721487998962,0.9840721487998962,species,1,rand_species,/Users/justyna-przy/Projects/ISE/FYP/src/bird_data/clips/species/emberiza_citrinella/XC812811__s13000__e16000.wav,
emberiza_citrinella,812810,Emberiza citrinella,/Users/justyna-przy/Projects/ISE/FYP/src/bird_data/raw/emberiza_citrinella/XC812810.mp3,10.0,13.0,-47.19881211213767,-40.0,species,Emberiza citrinella,Yellowhammer,0.9727476239204407,0.9727476239204407,species,1,rand_species,/Users/justyna-przy/Projects/ISE/FYP/src/bird_data/clips/species/emberiza_citrinella/XC812810__s10000__e13000.wav,
emberiza_citrinella,811489,Emberiza citrinella,/Users/justyna-przy/Projects/ISE/FYP/src/bird_data/raw/emberiza_citrinella/XC811489.mp3,1.0,4.0,-14.944727467264222,-30.556761760651447,species,Emberiza citrinella,Yellowhammer,0.9866729974746704,0.9866729974746704,species,1,rand_species,/Users/justyna-przy/Projects/ISE/FYP/src/bird_data/clips/species/emberiza_citrinella/XC811489__s1000__e4000.wav,
emberiza_citrinella,811489,Emberiza citrinella,/Users/justyna-przy/Projects/ISE/FYP/src/bird_data/raw/emberiza_citrinella/XC811489.mp3,4.0,7.0,-18.585151773231274,-30.556761760651447,species,Emberiza citrinella,Yellowhammer,0.46689513325691223,0.46689513325691223,species,0,,,
emberiza_citrinella,811489,Emberiza citrinella,/Users/justyna-przy/Projects/ISE/FYP/src/bird_data/raw/emberiza_citrinella/XC811489.mp3,13.0,16.0,-17.956331924377615,-30.556761760651447,species,Emberiza citrinella,Yellowhammer,0.8920528292655945,0.8920528292655945,species,0,,,
emberiza_citrinella,811489,Emberiza citrinella,/Users/justyna-przy/Projects/ISE/FYP/src/bird_data/raw/emberiza_citrinella/XC811489.mp3,19.0,22.0,-24.272008390111147,-30.556761760651447,drop,Curruca communis,Greater Whitethroat,0.28238698840141296,0.28238698840141296,drop,0,,,
emberiza_citrinella,811489,Emberiza citrinella,/Users/justyna-przy/Projects/ISE/FYP/src/bird_data/raw/emberiza_citrinella/XC811489.mp3,22.0,25.0,-28.23044503742523,-30.556761760651447,drop,Emberiza schoeniclus,Reed Bunting,0.44312354922294617,0.44312354922294617,drop,0,,,
emberiza_citrinella,811489,Emberiza citrinella,/Users/justyna-przy/Projects/ISE/FYP/src/bird_data/raw/emberiza_citrinella/XC811489.mp3,25.0,28.0,-22.18109035942669,-30.556761760651447,species,Emberiza citrinella,Yellowhammer,0.8023090958595276,0.8023090958595276,species,1,rand_species,/Users/justyna-przy/Projects/ISE/FYP/src/bird_data/clips/species/emberiza_citrinella/XC811489__s25000__e28000.wav,
emberiza_citrinella,811489,Emberiza citrinella,/Users/justyna-przy/Projects/ISE/FYP/src/bird_data/raw/emberiza_citrinella/XC811489.mp3,31.0,34.0,-14.798955020627284,-30.556761760651447,species,Emberiza citrinella,Yellowhammer,0.9282097220420837,0.9282097220420837,species,0,,,
emberiza_citrinella,811489,Emberiza citrinella,/Users/justyna-przy/Projects/ISE/FYP/src/bird_data/raw/emberiza_citrinella/XC811489.mp3,34.0,37.0,-30.222402705484622,-30.556761760651447,drop,Saxicola rubicola,European Stonechat,0.19511669874191284,0.19511669874191284,drop,0,,,
emberiza_citrinella,811489,Emberiza citrinella,/Users/justyna-przy/Projects/ISE/FYP/src/bird_data/raw/emberiza_citrinella/XC811489.mp3,37.0,40.0,-23.79979889378796,-30.556761760651447,drop,Emberiza schoeniclus,Reed Bunting,0.833950400352478,0.833950400352478,drop,0,,,
emberiza_citrinella,811489,Emberiza citrinella,/Users/justyna-przy/Projects/ISE/FYP/src/bird_data/raw/emberiza_citrinella/XC811489.mp3,40.0,43.0,-12.830932718190361,-30.556761760651447,species,Emberiza citrinella,Yellowhammer,0.959628164768219,0.959628164768219,species,1,rand_species,/Users/justyna-przy/Projects/ISE/FYP/src/bird_data/clips/species/emberiza_citrinella/XC811489__s40000__e43000.wav,
emberiza_citrinella,811478,Emberiza citrinella,/Users/justyna-przy/Projects/ISE/FYP/src/bird_data/raw/emberiza_citrinella/XC811478.mp3,1.0,4.0,-28.091747750673946,-36.31035917819749,species,Emberiza citrinella,Yellowhammer,0.888677179813385,0.888677179813385,species,0,,,
emberiza_citrinella,811478,Emberiza citrinella,/Users/justyna-przy/Projects/ISE/FYP/src/bird_data/raw/emberiza_citrinella/XC811478.mp3,4.0,7.0,-31.751657189439033,-36.31035917819749,drop,Prunella modularis,Dunnock,0.4173469543457031,0.4173469543457031,drop,0,,,
emberiza_citrinella,811478,Emberiza citrinella,/Users/justyna-przy/Projects/ISE/FYP/src/bird_data/raw/emberiza_citrinella/XC811478.mp3,7.0,10.0,-25.21254684977542,-36.31035917819749,species,Emberiza citrinella,Yellowhammer,0.9750515222549438,0.9750515222549438,species,1,rand_species,/Users/justyna-przy/Projects/ISE/FYP/src/bird_data/clips/species/emberiza_citrinella/XC811478__s7000__e10000.wav,
emberiza_citrinella,811478,Emberiza citrinella,/Users/justyna-przy/Projects/ISE/FYP/src/bird_data/raw/emberiza_citrinella/XC811478.mp3,13.0,16.0,-34.458836814335115,-36.31035917819749,drop,Saxicola rubicola,European Stonechat,0.10221055150032043,0.10221055150032043,drop,0,,,
emberiza_citrinella,811478,Emberiza citrinella,/Users/justyna-przy/Projects/ISE/FYP/src/bird_data/raw/emberiza_citrinella/XC811478.mp3,16.0,19.0,-22.037254366143507,-36.31035917819749,species,Emberiza citrinella,Yellowhammer,0.9609438180923462,0.9609438180923462,species,1,rand_species,/Users/justyna-przy/Projects/ISE/FYP/src/bird_data/clips/species/emberiza_citrinella/XC811478__s16000__e19000.wav,
emberiza_citrinella,811478,Emberiza citrinella,/Users/justyna-przy/Projects/ISE/FYP/src/bird_data/raw/emberiza_citrinella/XC811478.mp3,25.0,28.0,-25.40752666998312,-36.31035917819749,species,Emberiza citrinella,Yellowhammer,0.9845874309539795,0.9845874309539795,species,0,,,
emberiza_citrinella,811478,Emberiza citrinella,/Users/justyna-przy/Projects/ISE/FYP/src/bird_data/raw/emberiza_citrinella/XC811478.mp3,28.0,31.0,-36.199423776570264,-36.31035917819749,drop,Prunella modularis,Dunnock,0.44391149282455444,0.44391149282455444,drop,0,,,
emberiza_citrinella,811478,Emberiza citrinella,/Users/justyna-przy/Projects/ISE/FYP/src/bird_data/raw/emberiza_citrinella/XC811478.mp3,34.0,37.0,-27.641869919864384,-36.31035917819749,species,Emberiza citrinella,Yellowhammer,0.9027515053749084,0.9027515053749084,species,1,rand_species,/Users/justyna-przy/Projects/ISE/FYP/src/bird_data/clips/species/emberiza_citrinella/XC811478__s34000__e37000.wav,
emberiza_citrinella,811466,Emberiza citrinella,/Users/justyna-przy/Projects/ISE/FYP/src/bird_data/raw/emberiza_citrinella/XC811466.mp3,1.0,4.0,-26.85353611133252,-37.877079952896715,species,Emberiza citrinella,Yellowhammer,0.9884278178215027,0.9884278178215027,species,1,rand_species,/Users/justyna-przy/Projects/ISE/FYP/src/bird_data/clips/species/emberiza_citrinella/XC811466__s1000__e4000.wav,
emberiza_citrinella,811466,Emberiza citrinella,/Users/justyna-przy/Projects/ISE/FYP/src/bird_data/raw/emberiza_citrinella/XC811466.mp3,10.0,13.0,-27.787449128722987,-37.877079952896715,species,Emberiza citrinella,Yellowhammer,0.9531181454658508,0.9531181454658508,species,1,rand_species,/Users/justyna-przy/Projects/ISE/FYP/src/bird_data/clips/species/emberiza_citrinella/XC811466__s10000__e13000.wav,
emberiza_citrinella,811466,Emberiza citrinella,/Users/justyna-przy/Projects/ISE/FYP/src/bird_data/raw/emberiza_citrinella/XC811466.mp3,16.0,19.0,-37.11027152614512,-37.877079952896715,drop,Turdus merula,Eurasian Blackbird,0.17430323362350464,0.17430323362350464,drop,0,,,
emberiza_citrinella,811466,Emberiza citrinella,/Users/justyna-przy/Projects/ISE/FYP/src/bird_data/raw/emberiza_citrinella/XC811466.mp3,19.0,22.0,-26.261385113824186,-37.877079952896715,species,Emberiza citrinella,Yellowhammer,0.984214723110199,0.984214723110199,species,0,,,
emberiza_citrinella,811466,Emberiza citrinella,/Users/justyna-przy/Projects/ISE/FYP/src/bird_data/raw/emberiza_citrinella/XC811466.mp3,22.0,25.0,-28.375380074026,-37.877079952896715,species,Emberiza citrinella,Yellowhammer,0.541960597038269,0.541960597038269,species,1,rand_species,/Users/justyna-przy/Projects/ISE/FYP/src/bird_data/clips/species/emberiza_citrinella/XC811466__s22000__e25000.wav,
emberiza_citrinella,811466,Emberiza citrinella,/Users/justyna-przy/Projects/ISE/FYP/src/bird_data/raw/emberiza_citrinella/XC811466.mp3,28.0,31.0,-31.652501176084975,-37.877079952896715,species,Emberiza citrinella,Yellowhammer,0.3847784399986267,0.3847784399986267,species,0,,,
emberiza_citrinella,811466,Emberiza citrinella,/Users/justyna-przy/Projects/ISE/FYP/src/bird_data/raw/emberiza_citrinella/XC811466.mp3,31.0,34.0,-23.801527017513067,-37.877079952896715,species,Emberiza citrinella,Yellowhammer,0.9814194440841675,0.9814194440841675,species,0,,,
emberiza_citrinella,811466,Emberiza citrinella,/Users/justyna-przy/Projects/ISE/FYP/src/bird_data/raw/emberiza_citrinella/XC811466.mp3,34.0,37.0,-37.638574227844785,-37.877079952896715,drop,Hippolais icterina,Icterine Warbler,0.23492974042892456,0.23492974042892456,drop,0,,,
emberiza_citrinella,811466,Emberiza citrinella,/Users/justyna-przy/Projects/ISE/FYP/src/bird_data/raw/emberiza_citrinella/XC811466.mp3,40.0,43.0,-37.74143832880852,-37.877079952896715,drop,Emberiza schoeniclus,Reed Bunting,0.6476329565048218,0.6476329565048218,drop,0,,,
emberiza_citrinella,811466,Emberiza citrinella,/Users/justyna-przy/Projects/ISE/FYP/src/bird_data/raw/emberiza_citrinella/XC811466.mp3,43.0,46.0,-22.268086333128288,-37.877079952896715,species,Emberiza citrinella,Yellowhammer,0.8078649640083313,0.8078649640083313,species,0,,,
emberiza_citrinella,811465,Emberiza citrinella,/Users/justyna-przy/Projects/ISE/FYP/src/bird_data/raw/emberiza_citrinella/XC811465.mp3,4.0,7.0,-32.02580210719755,-37.155861105481996,species,Emberiza citrinella,Yellowhammer,0.9327861070632935,0.9327861070632935,species,0,,,
emberiza_citrinella,811465,Emberiza citrinella,/Users/justyna-przy/Projects/ISE/FYP/src/bird_data/raw/emberiza_citrinella/XC811465.mp3,10.0,13.0,-29.31117163122845,-37.155861105481996,species,Emberiza citrinella,Yellowhammer,0.9590305089950562,0.9590305089950562,species,0,,,
emberiza_citrinella,811465,Emberiza citrinella,/Users/justyna-przy/Projects/ISE/FYP/src/bird_data/raw/emberiza_citrinella/XC811465.mp3,13.0,16.0,-34.942757051743854,-37.155861105481996,species,Emberiza citrinella,Yellowhammer,0.8694612383842468,0.8694612383842468,species,0,,,
emberiza_citrinella,811465,Emberiza citrinella,/Users/justyna-przy/Projects/ISE/FYP/src/bird_data/raw/emberiza_citrinella/XC811465.mp3,16.0,19.0,-36.58932068085528,-37.155861105481996,species,Emberiza citrinella,Yellowhammer,0.9547653794288635,0.9547653794288635,species,0,,,
emberiza_citrinella,811465,Emberiza citrinella,/Users/justyna-przy/Projects/ISE/FYP/src/bird_data/raw/emberiza_citrinella/XC811465.mp3,19.0,22.0,-24.869455584241685,-37.155861105481996,species,Emberiza citrinella,Yellowhammer,0.8169639706611633,0.8169639706611633,species,1,rand_species,/Users/justyna-przy/Projects/ISE/FYP/src/bird_data/clips/species/emberiza_citrinella/XC811465__s19000__e22000.wav,
emberiza_citrinella,811465,Emberiza citrinella,/Users/justyna-przy/Projects/ISE/FYP/src/bird_data/raw/emberiza_citrinella/XC811465.mp3,25.0,28.0,-29.827623312882746,-37.155861105481996,species,Emberiza citrinella,Yellowhammer,0.8365607857704163,0.8365607857704163,species,0,,,
emberiza_citrinella,811465,Emberiza citrinella,/Users/justyna-przy/Projects/ISE/FYP/src/bird_data/raw/emberiza_citrinella/XC811465.mp3,34.0,37.0,-25.54332623003345,-37.155861105481996,species,Emberiza citrinella,Yellowhammer,0.9829455614089966,0.9829455614089966,species,1,rand_species,/Users/justyna-przy/Projects/ISE/FYP/src/bird_data/clips/species/emberiza_citrinella/XC811465__s34000__e37000.wav,
emberiza_citrinella,811465,Emberiza citrinella,/Users/justyna-przy/Projects/ISE/FYP/src/bird_data/raw/emberiza_citrinella/XC811465.mp3,37.0,40.0,-36.31928700396481,-37.155861105481996,drop,Emberiza schoeniclus,Reed Bunting,0.10950808972120285,0.10950808972120285,drop,0,,,
emberiza_citrinella,811465,Emberiza citrinella,/Users/justyna-przy/Projects/ISE/FYP/src/bird_data/raw/emberiza_citrinella/XC811465.mp3,43.0,46.0,-24.682280361602956,-37.155861105481996,species,Emberiza citrinella,Yellowhammer,0.9779662489891052,0.9779662489891052,species,1,rand_species,/Users/justyna-przy/Projects/ISE/FYP/src/bird_data/clips/species/emberiza_citrinella/XC811465__s43000__e46000.wav,
emberiza_citrinella,811465,Emberiza citrinella,/Users/justyna-przy/Projects/ISE/FYP/src/bird_data/raw/emberiza_citrinella/XC811465.mp3,46.0,49.0,-36.24074272767514,-37.155861105481996,drop,Polioptila dumicola,Masked Gnatcatcher,0.46777719259262085,0.46777719259262085,drop,0,,,
emberiza_citrinella,811465,Emberiza citrinella,/Users/justyna-przy/Projects/ISE/FYP/src/bird_data/raw/emberiza_citrinella/XC811465.mp3,49.0,52.0,-31.045408814150527,-37.155861105481996,species,Emberiza citrinella,Yellowhammer,0.7044416069984436,0.7044416069984436,species,0,,,
emberiza_citrinella,811465,Emberiza citrinella,/Users/justyna-przy/Projects/ISE/FYP/src/bird_data/raw/emberiza_citrinella/XC811465.mp3,52.0,55.0,-21.76902348008049,-37.155861105481996,species,Emberiza citrinella,Yellowhammer,0.9008016586303711,0.9008016586303711,species,0,,,
emberiza_citrinella,781944,Emberiza citrinella,/Users/justyna-przy/Projects/ISE/FYP/src/bird_data/raw/emberiza_citrinella/XC781944.mp3,1.0,4.0,-24.611573480453032,-24.611573480453032,drop,Emberiza schoeniclus,Reed Bunting,0.30610567331314087,0.30610567331314087,drop,0,,,
emberiza_citrinella,741436,Emberiza citrinella,/Users/justyna-przy/Projects/ISE/FYP/src/bird_data/raw/emberiza_citrinella/XC741436.mp3,4.0,7.0,-23.631000928794528,-40.0,species,Emberiza citrinella,Yellowhammer,0.9818103313446045,0.9818103313446045,species,0,,,
emberiza_citrinella,741436,Emberiza citrinella,/Users/justyna-przy/Projects/ISE/FYP/src/bird_data/raw/emberiza_citrinella/XC741436.mp3,19.0,22.0,-27.62011079551682,-40.0,species,Emberiza citrinella,Yellowhammer,0.952389657497406,0.952389657497406,species,1,rand_species,/Users/justyna-przy/Projects/ISE/FYP/src/bird_data/clips/species/emberiza_citrinella/XC741436__s19000__e22000.wav,
emberiza_citrinella,741436,Emberiza citrinella,/Users/justyna-przy/Projects/ISE/FYP/src/bird_data/raw/emberiza_citrinella/XC741436.mp3,31.0,34.0,-28.089162325921425,-40.0,species,Emberiza citrinella,Yellowhammer,0.9967790246009827,0.9967790246009827,species,1,rand_species,/Users/justyna-przy/Projects/ISE/FYP/src/bird_data/clips/species/emberiza_citrinella/XC741436__s31000__e34000.wav,
emberiza_citrinella,741436,Emberiza citrinella,/Users/justyna-przy/Projects/ISE/FYP/src/bird_data/raw/emberiza_citrinella/XC741436.mp3,43.0,46.0,-29.569093438348332,-40.0,species,Emberiza citrinella,Yellowhammer,0.9805124998092651,0.9805124998092651,species,0,,,
emberiza_citrinella,741436,Emberiza citrinella,/Users/justyna-przy/Projects/ISE/FYP/src/bird_data/raw/emberiza_citrinella/XC741436.mp3,52.0,55.0,-30.391611490570654,-40.0,species,Emberiza citrinella,Yellowhammer,0.68195641040802,0.68195641040802,species,0,,,
emberiza_citrinella,741436,Emberiza citrinella,/Users/justyna-przy/Projects/ISE/FYP/src/bird_data/raw/emberiza_citrinella/XC741436.mp3,55.0,58.0,-30.6073895915482,-40.0,species,Emberiza citrinella,Yellowhammer,0.9862625598907471,0.9862625598907471,species,1,rand_species,/Users/justyna-przy/Projects/ISE/FYP/src/bird_data/clips/species/emberiza_citrinella/XC741436__s55000__e58000.wav,
emberiza_citrinella,687557,Emberiza citrinella,/Users/justyna-przy/Projects/ISE/FYP/src/bird_data/raw/emberiza_citrinella/XC687557.mp3,7.0,10.0,-26.215379801903303,-26.79072990693162,species,Emberiza citrinella,Yellowhammer,0.4026012718677521,0.4026012718677521,species,1,rand_species,/Users/justyna-przy/Projects/ISE/FYP/src/bird_data/clips/species/emberiza_citrinella/XC687557__s7000__e10000.wav,
emberiza_citrinella,687557,Emberiza citrinella,/Users/justyna-przy/Projects/ISE/FYP/src/bird_data/raw/emberiza_citrinella/XC687557.mp3,13.0,16.0,-26.0276002110136,-26.79072990693162,drop,Tyrannus savana,Fork-tailed Flycatcher,0.14560720324516296,0.14560720324516296,drop,0,,,
emberiza_citrinella,687557,Emberiza citrinella,/Users/justyna-przy/Projects/ISE/FYP/src/bird_data/raw/emberiza_citrinella/XC687557.mp3,16.0,19.0,-26.67432381179747,-26.79072990693162,non_bird,,,0.0,0.0,non_bird,1,nonbird_lowconf,/Users/justyna-przy/Projects/ISE/FYP/src/bird_data/clips/non_bird/emberiza_citrinella/XC687557__s16000__e19000.wav,
emberiza_citrinella,687557,Emberiza citrinella,/Users/justyna-przy/Projects/ISE/FYP/src/bird_data/raw/emberiza_citrinella/XC687557.mp3,19.0,22.0,-25.130053660265204,-26.79072990693162,non_bird,,,0.0,0.0,non_bird,1,nonbird_lowconf,/Users/justyna-przy/Projects/ISE/FYP/src/bird_data/clips/non_bird/emberiza_citrinella/XC687557__s19000__e22000.wav,
emberiza_citrinella,687557,Emberiza citrinella,/Users/justyna-przy/Projects/ISE/FYP/src/bird_data/raw/emberiza_citrinella/XC687557.mp3,22.0,25.0,-24.86267846294155,-26.79072990693162,non_bird,,,0.0,0.0,non_bird,0,,,
emberiza_citrinella,687551,Emberiza citrinella,/Users/justyna-przy/Projects/ISE/FYP/src/bird_data/raw/emberiza_citrinella/XC687551.mp3,1.0,4.0,-24.987999557075284,-40.0,species,Emberiza citrinella,Yellowhammer,0.9821783900260925,0.9821783900260925,species,0,,,
emberiza_citrinella,687551,Emberiza citrinella,/Users/justyna-przy/Projects/ISE/FYP/src/bird_data/raw/emberiza_citrinella/XC687551.mp3,4.0,7.0,-23.00771446842478,-40.0,species,Emberiza citrinella,Yellowhammer,0.9739601612091064,0.9739601612091064,species,1,rand_species,/Users/justyna-przy/Projects/ISE/FYP/src/bird_data/clips/species/emberiza_citrinella/XC687551__s4000__e7000.wav,
emberiza_citrinella,687551,Emberiza citrinella,/Users/justyna-przy/Projects/ISE/FYP/src/bird_data/raw/emberiza_citrinella/XC687551.mp3,13.0,16.0,-37.5547050870335,-40.0,species,Emberiza citrinella,Yellowhammer,0.9445801973342896,0.9445801973342896,species,1,rand_species,/Users/justyna-przy/Projects/ISE/FYP/src/bird_data/clips/species/emberiza_citrinella/XC687551__s13000__e16000.wav,
emberiza_citrinella,687551,Emberiza citrinella,/Users/justyna-przy/Projects/ISE/FYP/src/bird_data/raw/emberiza_citrinella/XC687551.mp3,16.0,19.0,-23.87133055340714,-40.0,species,Emberiza citrinella,Yellowhammer,0.9930443167686462,0.9930443167686462,species,1,rand_species,/Users/justyna-przy/Projects/ISE/FYP/src/bird_data/clips/species/emberiza_citrinella/XC687551__s16000__e19000.wav,
emberiza_citrinella,687550,Emberiza citrinella,/Users/justyna-przy/Projects/ISE/FYP/src/bird_data/raw/emberiza_citrinella/XC687550.mp3,1.0,4.0,-25.673362496991174,-27.205466212469602,species,Emberiza citrinella,Yellowhammer,0.901579737663269,0.901579737663269,species,1,rand_species,/Users/justyna-przy/Projects/ISE/FYP/src/bird_data/clips/species/emberiza_citrinella/XC687550__s1000__e4000.wav,
emberiza_citrinella,687550,Emberiza citrinella,/Users/justyna-przy/Projects/ISE/FYP/src/bird_data/raw/emberiza_citrinella/XC687550.mp3,4.0,7.0,-25.15995070250487,-27.205466212469602,species,Emberiza citrinella,Yellowhammer,0.8732239007949829,0.8732239007949829,species,0,,,
emberiza_citrinella,687550,Emberiza citrinella,/Users/justyna-przy/Projects/ISE/FYP/src/bird_data/raw/emberiza_citrinella/XC687550.mp3,7.0,10.0,-26.745354734215645,-27.205466212469602,species,Emberiza citrinella,Yellowhammer,0.6072635650634766,0.6072635650634766,species,1,rand_species,/Users/justyna-przy/Projects/ISE/FYP/src/bird_data/clips/species/emberiza_citrinella/XC687550__s7000__e10000.wav,
emberiza_citrinella,687550,Emberiza citrinella,/Users/justyna-przy/Projects/ISE/FYP/src/bird_data/raw/emberiza_citrinella/XC687550.mp3,16.0,19.0,-24.53053515882148,-27.205466212469602,species,Emberiza citrinella,Yellowhammer,0.9405791759490967,0.9405791759490967,species,1,rand_species,/Users/justyna-przy/Projects/ISE/FYP/src/bird_data/clips/species/emberiza_citrinella/XC687550__s16000__e19000.wav,
emberiza_citrinella,682361,Emberiza citrinella,/Users/justyna-przy/Projects/ISE/FYP/src/bird_data/raw/emberiza_citrinella/XC682361.mp3,22.0,25.0,-63.06647925740236,-40.0,species,Emberiza citrinella,Yellowhammer,0.6827265620231628,0.6827265620231628,species,1,rand_species,/Users/justyna-przy/Projects/ISE/FYP/src/bird_data/clips/species/emberiza_citrinella/XC682361__s22000__e25000.wav,
emberiza_citrinella,681590,Emberiza citrinella,/Users/justyna-przy/Projects/ISE/FYP/src/bird_data/raw/emberiza_citrinella/XC681590.mp3,13.0,16.0,-55.86821481219186,-40.0,drop,Emberiza citrinella,Yellowhammer,0.17725883424282074,0.17725883424282074,drop,0,,,
emberiza_citrinella,676712,Emberiza citrinella,/Users/justyna-przy/Projects/ISE/FYP/src/bird_data/raw/emberiza_citrinella/XC676712.mp3,1.0,4.0,-36.72681198818128,-40.0,species,Emberiza citrinella,Yellowhammer,0.7052290439605713,0.7052290439605713,species,0,,,
emberiza_citrinella,676712,Emberiza citrinella,/Users/justyna-przy/Projects/ISE/FYP/src/bird_data/raw/emberiza_citrinella/XC676712.mp3,4.0,7.0,-26.44425932733253,-40.0,species,Emberiza citrinella,Yellowhammer,0.9650057554244995,0.9650057554244995,species,0,,,
emberiza_citrinella,676712,Emberiza citrinella,/Users/justyna-przy/Projects/ISE/FYP/src/bird_data/raw/emberiza_citrinella/XC676712.mp3,16.0,19.0,-32.37961608303926,-40.0,species,Emberiza citrinella,Yellowhammer,0.9963589310646057,0.9963589310646057,species,0,,,
emberiza_citrinella,676712,Emberiza citrinella,/Users/justyna-przy/Projects/ISE/FYP/src/bird_data/raw/emberiza_citrinella/XC676712.mp3,28.0,31.0,-31.826327335040734,-40.0,species,Emberiza citrinella,Yellowhammer,0.9956639409065247,0.9956639409065247,species,0,,,
emberiza_citrinella,676712,Emberiza citrinella,/Users/justyna-przy/Projects/ISE/FYP/src/bird_data/raw/emberiza_citrinella/XC676712.mp3,37.0,40.0,-32.35000019714316,-40.0,species,Emberiza citrinella,Yellowhammer,0.9973791837692261,0.9973791837692261,species,1,rand_species,/Users/justyna-przy/Projects/ISE/FYP/src/bird_data/clips/species/emberiza_citrinella/XC676712__s37000__e40000.wav,
emberiza_citrinella,676712,Emberiza citrinella,/Users/justyna-przy/Projects/ISE/FYP/src/bird_data/raw/emberiza_citrinella/XC676712.mp3,40.0,43.0,-36.06972522929215,-40.0,species,Emberiza citrinella,Yellowhammer,0.680310845375061,0.680310845375061,species,1,rand_species,/Users/justyna-przy/Projects/ISE/FYP/src/bird_data/clips/species/emberiza_citrinella/XC676712__s40000__e43000.wav,
emberiza_citrinella,676712,Emberiza citrinella,/Users/justyna-przy/Projects/ISE/FYP/src/bird_data/raw/emberiza_citrinella/XC676712.mp3,46.0,49.0,-33.89313069048404,-40.0,species,Emberiza citrinella,Yellowhammer,0.9925408363342285,0.9925408363342285,species,1,rand_species,/Users/justyna-przy/Projects/ISE/FYP/src/bird_data/clips/species/emberiza_citrinella/XC676712__s46000__e49000.wav,
emberiza_citrinella,664014,Emberiza citrinella,/Users/justyna-przy/Projects/ISE/FYP/src/bird_data/raw/emberiza_citrinella/XC664014.mp3,1.0,4.0,-27.677449229596004,-40.0,species,Emberiza citrinella,Yellowhammer,0.9788693785667419,0.9788693785667419,species,1,rand_species,/Users/justyna-przy/Projects/ISE/FYP/src/bird_data/clips/species/emberiza_citrinella/XC664014__s1000__e4000.wav,
emberiza_citrinella,664014,Emberiza citrinella,/Users/justyna-przy/Projects/ISE/FYP/src/bird_data/raw/emberiza_citrinella/XC664014.mp3,16.0,19.0,-23.72683166147034,-40.0,species,Emberiza citrinella,Yellowhammer,0.9824178814888,0.9824178814888,species,1,rand_species,/Users/justyna-przy/Projects/ISE/FYP/src/bird_data/clips/species/emberiza_citrinella/XC664014__s16000__e19000.wav,
emberiza_citrinella,664014,Emberiza citrinella,/Users/justyna-przy/Projects/ISE/FYP/src/bird_data/raw/emberiza_citrinella/XC664014.mp3,19.0,22.0,-35.250646157518055,-40.0,species,Emberiza citrinella,Yellowhammer,0.30860939621925354,0.30860939621925354,species,0,,,
emberiza_citrinella,664014,Emberiza citrinella,/Users/justyna-przy/Projects/ISE/FYP/src/bird_data/raw/emberiza_citrinella/XC664014.mp3,34.0,37.0,-20.130546930696404,-40.0,species,Emberiza citrinella,Yellowhammer,0.9866885542869568,0.9866885542869568,species,1,rand_species,/Users/justyna-przy/Projects/ISE/FYP/src/bird_data/clips/species/emberiza_citrinella/XC664014__s34000__e37000.wav,
emberiza_citrinella,664014,Emberiza citrinella,/Users/justyna-przy/Projects/ISE/FYP/src/bird_data/raw/emberiza_citrinella/XC664014.mp3,46.0,49.0,-17.22501553970927,-40.0,species,Emberiza citrinella,Yellowhammer,0.9765706658363342,0.9765706658363342,species,0,,,
emberiza_citrinella,664014,Emberiza citrinella,/Users/justyna-przy/Projects/ISE/FYP/src/bird_data/raw/emberiza_citrinella/XC664014.mp3,49.0,52.0,-27.73765242678118,-40.0,drop,Emberiza calandra,Corn Bunting,0.282249391078949,0.282249391078949,drop,0,,,
emberiza_citrinella,639077,Emberiza citrinella,/Users/justyna-przy/Projects/ISE/FYP/src/bird_data/raw/emberiza_citrinella/XC639077.mp3,1.0,4.0,-21.75193920340728,-26.384074349387994,species,Emberiza citrinella,Yellowhammer,0.5422850847244263,0.5422850847244263,species,1,rand_species,/Users/justyna-przy/Projects/ISE/FYP/src/bird_data/clips/species/emberiza_citrinella/XC639077__s1000__e4000.wav,
emberiza_citrinella,631704,Emberiza citrinella,/Users/justyna-przy/Projects/ISE/FYP/src/bird_data/raw/emberiza_citrinella/XC631704.mp3,4.0,7.0,-19.16070169136168,-19.19615474229569,non_bird,,,0.0,0.0,non_bird,1,nonbird_lowconf,/Users/justyna-przy/Projects/ISE/FYP/src/bird_data/clips/non_bird/emberiza_citrinella/XC631704__s4000__e7000.wav,
emberiza_citrinella,631704,Emberiza citrinella,/Users/justyna-przy/Projects/ISE/FYP/src/bird_data/raw/emberiza_citrinella/XC631704.mp3,7.0,10.0,-19.079332721727383,-19.19615474229569,drop,Emberiza schoeniclus,Reed Bunting,0.21174614131450653,0.21174614131450653,drop,0,,,
emberiza_citrinella,625444,Emberiza citrinella,/Users/justyna-przy/Projects/ISE/FYP/src/bird_data/raw/emberiza_citrinella/XC625444.mp3,1.0,4.0,-32.5120935344598,-40.0,species,Emberiza citrinella,Yellowhammer,0.9870198965072632,0.9870198965072632,species,0,,,
emberiza_citrinella,625444,Emberiza citrinella,/Users/justyna-przy/Projects/ISE/FYP/src/bird_data/raw/emberiza_citrinella/XC625444.mp3,4.0,7.0,-39.47084578045237,-40.0,species,Emberiza citrinella,Yellowhammer,0.972399890422821,0.972399890422821,species,1,rand_species,/Users/justyna-przy/Projects/ISE/FYP/src/bird_data/clips/species/emberiza_citrinella/XC625444__s4000__e7000.wav,
emberiza_citrinella,625444,Emberiza citrinella,/Users/justyna-przy/Projects/ISE/FYP/src/bird_data/raw/emberiza_citrinella/XC625444.mp3,10.0,13.0,-39.79462194597866,-40.0,species,Emberiza citrinella,Yellowhammer,0.9882700443267822,0.9882700443267822,species,1,rand_species,/Users/justyna-przy/Projects/ISE/FYP/src/bird_data/clips/species/emberiza_citrinella/XC625444__s10000__e13000.wav,
emberiza_citrinella,625444,Emberiza citrinella,/Users/justyna-przy/Projects/ISE/FYP/src/bird_data/raw/emberiza_citrinella/XC625444.mp3,13.0,16.0,-39.703510522491705,-40.0,species,Emberiza citrinella,Yellowhammer,0.9426540732383728,0.9426540732383728,species,1,rand_species,/Users/justyna-przy/Projects/ISE/FYP/src/bird_data/clips/species/emberiza_citrinella/XC625444__s13000__e16000.wav,
emberiza_citrinella,614085,Emberiza citrinella,/Users/justyna-przy/Projects/ISE/FYP/src/bird_data/raw/emberiza_citrinella/XC614085.mp3,1.0,4.0,-22.758778463616846,-30.61579761783784,drop,Emberiza citrinella,Yellowhammer,0.23450060188770294,0.23450060188770294,drop,0,,,
emberiza_citrinella,614085,Emberiza citrinella,/Users/justyna-przy/Projects/ISE/FYP/src/bird_data/raw/emberiza_citrinella/XC614085.mp3,4.0,7.0,-25.110208065463016,-30.61579761783784,non_bird,,,0.0,0.0,non_bird,1,nonbird_lowconf,/Users/justyna-przy/Projects/ISE/FYP/src/bird_data/clips/non_bird/emberiza_citrinella/XC614085__s4000__e7000.wav,
emberiza_citrinella,614085,Emberiza citrinella,/Users/justyna-przy/Projects/ISE/FYP/src/bird_data/raw/emberiza_citrinella/XC614085.mp3,7.0,10.0,-30.53727416459514,-30.61579761783784,drop,Pica pica,Eurasian Magpie,0.7221869230270386,0.7221869230270386,drop,0,,,
emberiza_citrinella,614085,Emberiza citrinella,/Users/justyna-przy/Projects/ISE/FYP/src/bird_data/raw/emberiza_citrinella/XC614085.mp3,10.0,13.0,-24.956324455766705,-30.61579761783784,drop,Pica pica,Eurasian Magpie,0.9635155200958252,0.9635155200958252,drop,0,,,
emberiza_citrinella,614085,Emberiza citrinella,/Users/justyna-przy/Projects/ISE/FYP/src/bird_data/raw/emberiza_citrinella/XC614085.mp3,19.0,22.0,-23.96655823527306,-30.61579761783784,non_bird,,,0.0,0.0,non_bird,1,nonbird_lowconf,/Users/justyna-przy/Projects/ISE/FYP/src/bird_data/clips/non_bird/emberiza_citrinella/XC614085__s19000__e22000.wav,
emberiza_citrinella,614085,Emberiza citrinella,/Users/justyna-przy/Projects/ISE/FYP/src/bird_data/raw/emberiza_citrinella/XC614085.mp3,25.0,28.0,-25.813437582618036,-30.61579761783784,species,Emberiza citrinella,Yellowhammer,0.5455183386802673,0.5455183386802673,species,1,rand_species,/Users/justyna-przy/Projects/ISE/FYP/src/bird_data/clips/species/emberiza_citrinella/XC614085__s25000__e28000.wav,
emberiza_citrinella,614085,Emberiza citrinella,/Users/justyna-przy/Projects/ISE/FYP/src/bird_data/raw/emberiza_citrinella/XC614085.mp3,28.0,31.0,-30.297206719560563,-30.61579761783784,drop,Emberiza citrinella,Yellowhammer,0.22835519909858704,0.22835519909858704,drop,0,,,
emberiza_citrinella,614084,Emberiza citrinella,/Users/justyna-przy/Projects/ISE/FYP/src/bird_data/raw/emberiza_citrinella/XC614084.mp3,7.0,10.0,-40.501796496258564,-40.0,non_bird,,,0.0,0.0,non_bird,1,nonbird_lowconf,/Users/justyna-przy/Projects/ISE/FYP/src/bird_data/clips/non_bird/emberiza_citrinella/XC614084__s7000__e10000.wav,
emberiza_citrinella,611663,Emberiza citrinella,/Users/justyna-przy/Projects/ISE/FYP/src/bird_data/raw/emberiza_citrinella/XC611663.mp3,1.0,4.0,-26.17896253855614,-26.241719494687604,drop,Emberiza calandra,Corn Bunting,0.13938814401626587,0.13938814401626587,drop,0,,,
emberiza_citrinella,611663,Emberiza citrinella,/Users/justyna-przy/Projects/ISE/FYP/src/bird_data/raw/emberiza_citrinella/XC611663.mp3,4.0,7.0,-25.994932315219806,-26.241719494687604,drop,Cinclus cinclus,White-throated Dipper,0.22436554729938507,0.22436554729938507,drop,0,,,
emberiza_citrinella,582353,Emberiza citrinella,/Users/justyna-przy/Projects/ISE/FYP/src/bird_data/raw/emberiza_citrinella/XC582353.mp3,1.0,4.0,-39.586915553819246,-40.0,species,Emberiza citrinella,Yellowhammer,0.9757698178291321,0.9757698178291321,species,0,,,
emberiza_citrinella,582353,Emberiza citrinella,/Users/justyna-przy/Projects/ISE/FYP/src/bird_data/raw/emberiza_citrinella/XC582353.mp3,13.0,16.0,-38.41681311615241,-40.0,drop,Emberiza citrinella,Yellowhammer,0.14559775590896606,0.14559775590896606,drop,0,,,
emberiza_citrinella,582353,Emberiza citrinella,/Users/justyna-przy/Projects/ISE/FYP/src/bird_data/raw/emberiza_citrinella/XC582353.mp3,16.0,19.0,-36.453234611029124,-40.0,species,Emberiza citrinella,Yellowhammer,0.9622398614883423,0.9622398614883423,species,1,rand_species,/Users/justyna-przy/Projects/ISE/FYP/src/bird_data/clips/species/emberiza_citrinella/XC582353__s16000__e19000.wav,
emberiza_citrinella,582353,Emberiza citrinella,/Users/justyna-przy/Projects/ISE/FYP/src/bird_data/raw/emberiza_citrinella/XC582353.mp3,22.0,25.0,-32.64507221981775,-40.0,species,Emberiza citrinella,Yellowhammer,0.937201976776123,0.937201976776123,species,1,rand_species,/Users/justyna-przy/Projects/ISE/FYP/src/bird_data/clips/species/emberiza_citrinella/XC582353__s22000__e25000.wav,
emberiza_citrinella,582353,Emberiza citrinella,/Users/justyna-przy/Projects/ISE/FYP/src/bird_data/raw/emberiza_citrinella/XC582353.mp3,25.0,28.0,-39.96719182044342,-40.0,species,Emberiza citrinella,Yellowhammer,0.9789320826530457,0.9789320826530457,species,0,,,
emberiza_citrinella,582353,Emberiza citrinella,/Users/justyna-przy/Projects/ISE/FYP/src/bird_data/raw/emberiza_citrinella/XC582353.mp3,31.0,34.0,-33.422094132633895,-40.0,species,Emberiza citrinella,Yellowhammer,0.9925772547721863,0.9925772547721863,species,1,rand_species,/Users/justyna-przy/Projects/ISE/FYP/src/bird_data/clips/species/emberiza_citrinella/XC582353__s31000__e34000.wav,
emberiza_citrinella,579934,Emberiza citrinella,/Users/justyna-przy/Projects/ISE/FYP/src/bird_data/raw/emberiza_citrinella/XC579934.mp3,16.0,19.0,-38.58666770014377,-40.0,drop,Columba palumbus,Common Wood-Pigeon,0.7357252240180969,0.7357252240180969,drop,0,,,
emberiza_citrinella,579443,Emberiza citrinella,/Users/justyna-przy/Projects/ISE/FYP/src/bird_data/raw/emberiza_citrinella/XC579443.mp3,1.0,4.0,-41.98379660772219,-40.0,drop,Emberiza citrinella,Yellowhammer,0.26236492395401,0.26236492395401,drop,0,,,
emberiza_citrinella,572105,Emberiza citrinella,/Users/justyna-przy/Projects/ISE/FYP/src/bird_data/raw/emberiza_citrinella/XC572105.mp3,4.0,7.0,-30.797637029441614,-31.22635578190708,drop,Turdus philomelos,Song Thrush,0.11391235888004303,0.11391235888004303,drop,0,,,
emberiza_citrinella,572105,Emberiza citrinella,/Users/justyna-przy/Projects/ISE/FYP/src/bird_data/raw/emberiza_citrinella/XC572105.mp3,10.0,13.0,-31.139989432155257,-31.22635578190708,drop,Numenius phaeopus,Whimbrel,0.216938778758049,0.216938778758049,drop,0,,,
emberiza_citrinella,572105,Emberiza citrinella,/Users/justyna-przy/Projects/ISE/FYP/src/bird_data/raw/emberiza_citrinella/XC572105.mp3,13.0,16.0,-26.395730945612087,-31.22635578190708,drop,Luscinia svecica,Bluethroat,0.46356338262557983,0.46356338262557983,drop,0,,,
emberiza_citrinella,572105,Emberiza citrinella,/Users/justyna-przy/Projects/ISE/FYP/src/bird_data/raw/emberiza_citrinella/XC572105.mp3,25.0,28.0,-23.767371200850356,-31.22635578190708,non_bird,,,0.0,0.0,non_bird,1,nonbird_lowconf,/Users/justyna-przy/Projects/ISE/FYP/src/bird_data/clips/non_bird/emberiza_citrinella/XC572105__s25000__e28000.wav,
emberiza_citrinella,572105,Emberiza citrinella,/Users/justyna-przy/Projects/ISE/FYP/src/bird_data/raw/emberiza_citrinella/XC572105.mp3,28.0,31.0,-26.846956417257108,-31.22635578190708,species,Emberiza citrinella,Yellowhammer,0.31340599060058594,0.31340599060058594,species,1,rand_species,/Users/justyna-przy/Projects/ISE/FYP/src/bird_data/clips/species/emberiza_citrinella/XC572105__s28000__e31000.wav,
emberiza_citrinella,572105,Emberiza citrinella,/Users/justyna-przy/Projects/ISE/FYP/src/bird_data/raw/emberiza_citrinella/XC572105.mp3,31.0,34.0,-24.789235755077677,-31.22635578190708,drop,Lullula arborea,Wood Lark,0.12408964335918427,0.12408964335918427,drop,0,,,
emberiza_citrinella,572105,Emberiza citrinella,/Users/justyna-przy/Projects/ISE/FYP/src/bird_data/raw/emberiza_citrinella/XC572105.mp3,34.0,37.0,-23.9992421820881,-31.22635578190708,species,Emberiza citrinella,Yellowhammer,0.3105388283729553,0.3105388283729553,species,1,rand_species,/Users/justyna-przy/Projects/ISE/FYP/src/bird_data/clips/species/emberiza_citrinella/XC572105__s34000__e37000.wav,
emberiza_citrinella,572105,Emberiza citrinella,/Users/justyna-przy/Projects/ISE/FYP/src/bird_data/raw/emberiza_citrinella/XC572105.mp3,37.0,40.0,-24.176269525761903,-31.22635578190708,species,Emberiza citrinella,Yellowhammer,0.41263681650161743,0.41263681650161743,species,1,rand_species,/Users/justyna-przy/Projects/ISE/FYP/src/bird_data/clips/species/emberiza_citrinella/XC572105__s37000__e40000.wav,
emberiza_citrinella,572105,Emberiza citrinella,/Users/justyna-przy/Projects/ISE/FYP/src/bird_data/raw/emberiza_citrinella/XC572105.mp3,40.0,43.0,-26.38192161221271,-31.22635578190708,drop,Emberiza citrinella,Yellowhammer,0.2854684591293335,0.2854684591293335,drop,0,,,
emberiza_citrinella,572105,Emberiza citrinella,/Users/justyna-przy/Projects/ISE/FYP/src/bird_data/raw/emberiza_citrinella/XC572105.mp3,43.0,46.0,-19.146392129225806,-31.22635578190708,drop,Emberiza citrinella,Yellowhammer,0.22232191264629364,0.22232191264629364,drop,0,,,
emberiza_citrinella,572105,Emberiza citrinella,/Users/justyna-przy/Projects/ISE/FYP/src/bird_data/raw/emberiza_citrinella/XC572105.mp3,46.0,49.0,-27.183320937075965,-31.22635578190708,non_bird,,,0.0,0.0,non_bird,1,nonbird_lowconf,/Users/justyna-przy/Projects/ISE/FYP/src/bird_data/clips/non_bird/emberiza_citrinella/XC572105__s46000__e49000.wav,
emberiza_citrinella,572105,Emberiza citrinella,/Users/justyna-przy/Projects/ISE/FYP/src/bird_data/raw/emberiza_citrinella/XC572105.mp3,49.0,52.0,-29.030351253101628,-31.22635578190708,drop,Locustella fluviatilis,River Warbler,0.18527640402317047,0.18527640402317047,drop,0,,,
emberiza_citrinella,571198,Emberiza citrinella,/Users/justyna-przy/Projects/ISE/FYP/src/bird_data/raw/emberiza_citrinella/XC571198.mp3,1.0,4.0,-28.71931366521643,-40.0,species,Emberiza citrinella,Yellowhammer,0.5829614400863647,0.5829614400863647,species,0,,,
emberiza_citrinella,571198,Emberiza citrinella,/Users/justyna-przy/Projects/ISE/FYP/src/bird_data/raw/emberiza_citrinella/XC571198.mp3,7.0,10.0,-35.14539828540845,-40.0,species,Emberiza citrinella,Yellowhammer,0.9634150266647339,0.9634150266647339,species,1,rand_species,/Users/justyna-przy/Projects/ISE/FYP/src/bird_data/clips/species/emberiza_citrinella/XC571198__s7000__e10000.wav,
emberiza_citrinella,571198,Emberiza citrinella,/Users/justyna-przy/Projects/ISE/FYP/src/bird_data/raw/emberiza_citrinella/XC571198.mp3,10.0,13.0,-35.099755641386295,-40.0,species,Emberiza citrinella,Yellowhammer,0.6419821977615356,0.6419821977615356,species,0,,,
emberiza_citrinella,571198,Emberiza citrinella,/Users/justyna-przy/Projects/ISE/FYP/src/bird_data/raw/emberiza_citrinella/XC571198.mp3,16.0,19.0,-39.854373403552394,-40.0,species,Emberiza citrinella,Yellowhammer,0.7550400495529175,0.7550400495529175,species,1,rand_species,/Users/justyna-przy/Projects/ISE/FYP/src/bird_data/clips/species/emberiza_citrinella/XC571198__s16000__e19000.wav,
emberiza_citrinella,571198,Emberiza citrinella,/Users/justyna-przy/Projects/ISE/FYP/src/bird_data/raw/emberiza_citrinella/XC571198.mp3,19.0,22.0,-34.55316963415661,-40.0,species,Emberiza citrinella,Yellowhammer,0.9314245581626892,0.9314245581626892,species,1,rand_species,/Users/justyna-przy/Projects/ISE/FYP/src/bird_data/clips/species/emberiza_citrinella/XC571198__s19000__e22000.wav,
emberiza_citrinella,571198,Emberiza citrinella,/Users/justyna-przy/Projects/ISE/FYP/src/bird_data/raw/emberiza_citrinella/XC571198.mp3,25.0,28.0,-35.373720388479335,-40.0,species,Emberiza citrinella,Yellowhammer,0.8799742460250854,0.8799742460250854,species,0,,,
emberiza_citrinella,571198,Emberiza citrinella,/Users/justyna-przy/Projects/ISE/FYP/src/bird_data/raw/emberiza_citrinella/XC571198.mp3,31.0,34.0,-37.523082227899785,-40.0,species,Emberiza citrinella,Yellowhammer,0.9822317957878113,0.9822317957878113,species,0,,,
emberiza_citrinella,571195,Emberiza citrinella,/Users/justyna-przy/Projects/ISE/FYP/src/bird_data/raw/emberiza_citrinella/XC571195.mp3,1.0,4.0,-25.471761910777623,-40.0,species,Emberiza citrinella,Yellowhammer,0.9939305782318115,0.9939305782318115,species,0,,,
emberiza_citrinella,571195,Emberiza citrinella,/Users/justyna-przy/Projects/ISE/FYP/src/bird_data/raw/emberiza_citrinella/XC571195.mp3,13.0,16.0,-29.215247321850267,-40.0,species,Emberiza citrinella,Yellowhammer,0.9978750944137573,0.9978750944137573,species,1,rand_species,/Users/justyna-przy/Projects/ISE/FYP/src/bird_data/clips/species/emberiza_citrinella/XC571195__s13000__e16000.wav,
emberiza_citrinella,571195,Emberiza citrinella,/Users/justyna-przy/Projects/ISE/FYP/src/bird_data/raw/emberiza_citrinella/XC571195.mp3,22.0,25.0,-29.169806084358925,-40.0,species,Emberiza citrinella,Yellowhammer,0.9818099737167358,0.9818099737167358,species,1,rand_species,/Users/justyna-przy/Projects/ISE/FYP/src/bird_data/clips/species/emberiza_citrinella/XC571195__s22000__e25000.wav,
emberiza_citrinella,571195,Emberiza citrinella,/Users/justyna-przy/Projects/ISE/FYP/src/bird_data/raw/emberiza_citrinella/XC571195.mp3,25.0,28.0,-33.625928812534376,-40.0,species,Emberiza citrinella,Yellowhammer,0.5611366629600525,0.5611366629600525,species,0,,,
emberiza_citrinella,571195,Emberiza citrinella,/Users/justyna-przy/Projects/ISE/FYP/src/bird_data/raw/emberiza_citrinella/XC571195.mp3,28.0,31.0,-39.202763992701605,-40.0,non_bird,,,0.0,0.0,non_bird,1,nonbird_lowconf,/Users/justyna-przy/Projects/ISE/FYP/src/bird_data/clips/non_bird/emberiza_citrinella/XC571195__s28000__e31000.wav,
emberiza_citrinella,571195,Emberiza citrinella,/Users/justyna-przy/Projects/ISE/FYP/src/bird_data/raw/emberiza_citrinella/XC571195.mp3,31.0,34.0,-29.59319498024222,-40.0,species,Emberiza citrinella,Yellowhammer,0.9561748504638672,0.9561748504638672,species,1,rand_species,/Users/justyna-przy/Projects/ISE/FYP/src/bird_data/clips/species/emberiza_citrinella/XC571195__s31000__e34000.wav,
emberiza_citrinella,570497,Emberiza citrinella,/Users/justyna-przy/Projects/ISE/FYP/src/bird_data/raw/emberiza_citrinella/XC570497.mp3,4.0,7.0,-25.94945443057845,-40.0,species,Emberiza citrinella,Yellowhammer,0.8918607831001282,0.8918607831001282,species,1,rand_species,/Users/justyna-przy/Projects/ISE/FYP/src/bird_data/clips/species/emberiza_citrinella/XC570497__s4000__e7000.wav,
emberiza_citrinella,570497,Emberiza citrinella,/Users/justyna-przy/Projects/ISE/FYP/src/bird_data/raw/emberiza_citrinella/XC570497.mp3,13.0,16.0,-25.371466481052604,-40.0,species,Emberiza citrinella,Yellowhammer,0.9528293013572693,0.9528293013572693,species,1,rand_species,/Users/justyna-przy/Projects/ISE/FYP/src/bird_data/clips/species/emberiza_citrinella/XC570497__s13000__e16000.wav,
emberiza_citrinella,570497,Emberiza citrinella,/Users/justyna-przy/Projects/ISE/FYP/src/bird_data/raw/emberiza_citrinella/XC570497.mp3,16.0,19.0,-39.80000611296162,-40.0,drop,Alauda arvensis,Eurasian Skylark,0.7206570506095886,0.7206570506095886,drop,0,,,
emberiza_citrinella,570497,Emberiza citrinella,/Users/justyna-przy/Projects/ISE/FYP/src/bird_data/raw/emberiza_citrinella/XC570497.mp3,22.0,25.0,-33.8523457231681,-40.0,species,Emberiza citrinella,Yellowhammer,0.6343798637390137,0.6343798637390137,species,0,,,
emberiza_citrinella,570497,Emberiza citrinella,/Users/justyna-przy/Projects/ISE/FYP/src/bird_data/raw/emberiza_citrinella/XC570497.mp3,25.0,28.0,-26.46575255977531,-40.0,species,Emberiza citrinella,Yellowhammer,0.8005226254463196,0.8005226254463196,species,0,,,
emberiza_citrinella,570497,Emberiza citrinella,/Users/justyna-przy/Projects/ISE/FYP/src/bird_data/raw/emberiza_citrinella/XC570497.mp3,34.0,37.0,-27.892174467261682,-40.0,species,Emberiza citrinella,Yellowhammer,0.9032912850379944,0.9032912850379944,species,0,,,
emberiza_citrinella,570497,Emberiza citrinella,/Users/justyna-przy/Projects/ISE/FYP/src/bird_data/raw/emberiza_citrinella/XC570497.mp3,37.0,40.0,-34.6213966696238,-40.0,species,Emberiza citrinella,Yellowhammer,0.7521848678588867,0.7521848678588867,species,0,,,
emberiza_citrinella,570497,Emberiza citrinella,/Users/justyna-przy/Projects/ISE/FYP/src/bird_data/raw/emberiza_citrinella/XC570497.mp3,46.0,49.0,-27.60095499569747,-40.0,species,Emberiza citrinella,Yellowhammer,0.9230566024780273,0.9230566024780273,species,1,rand_species,/Users/justyna-przy/Projects/ISE/FYP/src/bird_data/clips/species/emberiza_citrinella/XC570497__s46000__e49000.wav,
emberiza_citrinella,570189,Emberiza citrinella,/Users/justyna-przy/Projects/ISE/FYP/src/bird_data/raw/emberiza_citrinella/XC570189.mp3,1.0,4.0,-26.26927497206129,-40.0,species,Emberiza citrinella,Yellowhammer,0.8817863464355469,0.8817863464355469,species,1,rand_species,/Users/justyna-przy/Projects/ISE/FYP/src/bird_data/clips/species/emberiza_citrinella/XC570189__s1000__e4000.wav,
emberiza_citrinella,570189,Emberiza citrinella,/Users/justyna-przy/Projects/ISE/FYP/src/bird_data/raw/emberiza_citrinella/XC570189.mp3,10.0,13.0,-27.16812155997163,-40.0,species,Emberiza citrinella,Yellowhammer,0.9384442567825317,0.9384442567825317,species,1,rand_species,/Users/justyna-przy/Projects/ISE/FYP/src/bird_data/clips/species/emberiza_citrinella/XC570189__s10000__e13000.wav,
emberiza_citrinella,565192,Emberiza citrinella,/Users/justyna-przy/Projects/ISE/FYP/src/bird_data/raw/emberiza_citrinella/XC565192.mp3,10.0,13.0,-48.61006222510497,-40.0,drop,Emberiza citrinella,Yellowhammer,0.1332501769065857,0.1332501769065857,drop,0,,,
emberiza_citrinella,563653,Emberiza citrinella,/Users/justyna-przy/Projects/ISE/FYP/src/bird_data/raw/emberiza_citrinella/XC563653.mp3,1.0,4.0,-32.677857832384646,-40.0,species,Emberiza citrinella,Yellowhammer,0.9631820917129517,0.9631820917129517,species,1,rand_species,/Users/justyna-przy/Projects/ISE/FYP/src/bird_data/clips/species/emberiza_citrinella/XC563653__s1000__e4000.wav,
emberiza_citrinella,563653,Emberiza citrinella,/Users/justyna-przy/Projects/ISE/FYP/src/bird_data/raw/emberiza_citrinella/XC563653.mp3,10.0,13.0,-30.179477261451794,-40.0,species,Emberiza citrinella,Yellowhammer,0.9326500296592712,0.9326500296592712,species,1,rand_species,/Users/justyna-przy/Projects/ISE/FYP/src/bird_data/clips/species/emberiza_citrinella/XC563653__s10000__e13000.wav,
emberiza_citrinella,563653,Emberiza citrinella,/Users/justyna-przy/Projects/ISE/FYP/src/bird_data/raw/emberiza_citrinella/XC563653.mp3,13.0,16.0,-34.93720213871309,-40.0,species,Emberiza citrinella,Yellowhammer,0.8119164705276489,0.8119164705276489,species,0,,,
emberiza_citrinella,563653,Emberiza citrinella,/Users/justyna-przy/Projects/ISE/FYP/src/bird_data/raw/emberiza_citrinella/XC563653.mp3,22.0,25.0,-29.285987809169796,-40.0,species,Emberiza citrinella,Yellowhammer,0.9838554263114929,0.9838554263114929,species,1,rand_species,/Users/justyna-przy/Projects/ISE/FYP/src/bird_data/clips/species/emberiza_citrinella/XC563653__s22000__e25000.wav,
emberiza_citrinella,561996,Emberiza citrinella,/Users/justyna-przy/Projects/ISE/FYP/src/bird_data/raw/emberiza_citrinella/XC561996.mp3,7.0,10.0,-59.7876440397469,-40.0,species,Emberiza citrinella,Yellowhammer,0.4316949248313904,0.4316949248313904,species,1,rand_species,/Users/justyna-przy/Projects/ISE/FYP/src/bird_data/clips/species/emberiza_citrinella/XC561996__s7000__e10000.wav,
emberiza_citrinella,561553,Emberiza citrinella,/Users/justyna-przy/Projects/ISE/FYP/src/bird_data/raw/emberiza_citrinella/XC561553.mp3,1.0,4.0,-39.81588880203406,-40.0,species,Emberiza citrinella,Yellowhammer,0.9952003955841064,0.9952003955841064,species,1,rand_species,/Users/justyna-przy/Projects/ISE/FYP/src/bird_data/clips/species/emberiza_citrinella/XC561553__s1000__e4000.wav,
emberiza_citrinella,561553,Emberiza citrinella,/Users/justyna-przy/Projects/ISE/FYP/src/bird_data/raw/emberiza_citrinella/XC561553.mp3,7.0,10.0,-37.146260161579136,-40.0,species,Emberiza citrinella,Yellowhammer,0.9941511750221252,0.9941511750221252,species,1,rand_species,/Users/justyna-przy/Projects/ISE/FYP/src/bird_data/clips/species/emberiza_citrinella/XC561553__s7000__e10000.wav,
emberiza_citrinella,559679,Emberiza citrinella,/Users/justyna-przy/Projects/ISE/FYP/src/bird_data/raw/emberiza_citrinella/XC559679.mp3,1.0,4.0,-24.420031545551893,-25.94199812635095,species,Emberiza citrinella,Yellowhammer,0.9842323064804077,0.9842323064804077,species,1,rand_species,/Users/justyna-przy/Projects/ISE/FYP/src/bird_data/clips/species/emberiza_citrinella/XC559679__s1000__e4000.wav,
emberiza_citrinella,559679,Emberiza citrinella,/Users/justyna-przy/Projects/ISE/FYP/src/bird_data/raw/emberiza_citrinella/XC559679.mp3,13.0,16.0,-24.967852349417484,-25.94199812635095,species,Emberiza citrinella,Yellowhammer,0.9081229567527771,0.9081229567527771,species,0,,,
emberiza_citrinella,559679,Emberiza citrinella,/Users/justyna-przy/Projects/ISE/FYP/src/bird_data/raw/emberiza_citrinella/XC559679.mp3,16.0,19.0,-24.91300814837398,-25.94199812635095,species,Emberiza citrinella,Yellowhammer,0.8693041801452637,0.8693041801452637,species,1,rand_species,/Users/justyna-przy/Projects/ISE/FYP/src/bird_data/clips/species/emberiza_citrinella/XC559679__s16000__e19000.wav,
emberiza_citrinella,559679,Emberiza citrinella,/Users/justyna-przy/Projects/ISE/FYP/src/bird_data/raw/emberiza_citrinella/XC559679.mp3,19.0,22.0,-25.023090048841627,-25.94199812635095,drop,Emberiza citrinella,Yellowhammer,0.15553489327430725,0.15553489327430725,drop,0,,,
emberiza_citrinella,559679,Emberiza citrinella,/Users/justyna-przy/Projects/ISE/FYP/src/bird_data/raw/emberiza_citrinella/XC559679.mp3,22.0,25.0,-25.39913993199054,-25.94199812635095,species,Emberiza citrinella,Yellowhammer,0.8276733160018921,0.8276733160018921,species,1,rand_species,/Users/justyna-przy/Projects/ISE/FYP/src/bird_data/clips/species/emberiza_citrinella/XC559679__s22000__e25000.wav,
emberiza_citrinella,556869,Emberiza citrinella,/Users/justyna-przy/Projects/ISE/FYP/src/bird_data/raw/emberiza_citrinella/XC556869.mp3,1.0,4.0,-38.71042045103377,-40.0,species,Emberiza citrinella,Yellowhammer,0.8230119943618774,0.8230119943618774,species,1,rand_species,/Users/justyna-przy/Projects/ISE/FYP/src/bird_data/clips/species/emberiza_citrinella/XC556869__s1000__e4000.wav,
emberiza_citrinella,556869,Emberiza citrinella,/Users/justyna-przy/Projects/ISE/FYP/src/bird_data/raw/emberiza_citrinella/XC556869.mp3,19.0,22.0,-38.72432089439075,-40.0,drop,Phylloscopus trochilus,Willow Warbler,0.853834867477417,0.853834867477417,drop,0,,,
emberiza_citrinella,553885,Emberiza citrinella,/Users/justyna-przy/Projects/ISE/FYP/src/bird_data/raw/emberiza_citrinella/XC553885.mp3,4.0,7.0,-17.461136293656843,-22.417100818288972,species,Emberiza citrinella,Yellowhammer,0.330086886882782,0.330086886882782,species,1,rand_species,/Users/justyna-przy/Projects/ISE/FYP/src/bird_data/clips/species/emberiza_citrinella/XC553885__s4000__e7000.wav,
emberiza_citrinella,553885,Emberiza citrinella,/Users/justyna-przy/Projects/ISE/FYP/src/bird_data/raw/emberiza_citrinella/XC553885.mp3,7.0,10.0,-7.97178378824306,-22.417100818288972,non_bird,,,0.0,0.0,non_bird,1,nonbird_lowconf,/Users/justyna-przy/Projects/ISE/FYP/src/bird_data/clips/non_bird/emberiza_citrinella/XC553885__s7000__e10000.wav,
emberiza_citrinella,553885,Emberiza citrinella,/Users/justyna-przy/Projects/ISE/FYP/src/bird_data/raw/emberiza_citrinella/XC553885.mp3,10.0,13.0,-16.606597219758296,-22.417100818288972,drop,Fringilla coelebs,Common Chaffinch,0.7988085150718689,0.7988085150718689,drop,0,,,
emberiza_citrinella,553885,Emberiza citrinella,/Users/justyna-przy/Projects/ISE/FYP/src/bird_data/raw/emberiza_citrinella/XC553885.mp3,16.0,19.0,-17.876613761201845,-22.417100818288972,drop,Fringilla coelebs,Common Chaffinch,0.4615975320339203,0.4615975320339203,drop,0,,,
emberiza_citrinella,544862,Emberiza citrinella,/Users/justyna-przy/Projects/ISE/FYP/src/bird_data/raw/emberiza_citrinella/XC544862.mp3,13.0,16.0,-42.73533561674338,-40.0,species,Emberiza citrinella,Yellowhammer,0.9104014039039612,0.9104014039039612,species,1,rand_species,/Users/justyna-przy/Projects/ISE/FYP/src/bird_data/clips/species/emberiza_citrinella/XC544862__s13000__e16000.wav,
emberiza_citrinella,537074,Emberiza citrinella,/Users/justyna-przy/Projects/ISE/FYP/src/bird_data/raw/emberiza_citrinella/XC537074.mp3,19.0,22.0,-43.79872388081327,-40.0,drop,Prunella modularis,Dunnock,0.3612038493156433,0.3612038493156433,drop,0,,,
emberiza_citrinella,505142,Emberiza citrinella,/Users/justyna-przy/Projects/ISE/FYP/src/bird_data/raw/emberiza_citrinella/XC505142.mp3,1.0,4.0,-21.334654953250897,-35.73413176624301,drop,Centronyx henslowii,Henslow's Sparrow,0.170305535197258,0.170305535197258,drop,0,,,
emberiza_citrinella,505142,Emberiza citrinella,/Users/justyna-przy/Projects/ISE/FYP/src/bird_data/raw/emberiza_citrinella/XC505142.mp3,7.0,10.0,-35.558834898681866,-35.73413176624301,drop,Emberiza pusilla,Little Bunting,0.4854170083999634,0.4854170083999634,drop,0,,,
emberiza_citrinella,505142,Emberiza citrinella,/Users/justyna-przy/Projects/ISE/FYP/src/bird_data/raw/emberiza_citrinella/XC505142.mp3,10.0,13.0,-34.23415582349929,-35.73413176624301,non_bird,,,0.0,0.0,non_bird,1,nonbird_lowconf,/Users/justyna-przy/Projects/ISE/FYP/src/bird_data/clips/non_bird/emberiza_citrinella/XC505142__s10000__e13000.wav,
emberiza_citrinella,487997,Emberiza citrinella,/Users/justyna-przy/Projects/ISE/FYP/src/bird_data/raw/emberiza_citrinella/XC487997.mp3,25.0,28.0,-40.214862778633105,-40.0,species,Emberiza citrinella,Yellowhammer,0.9843757748603821,0.9843757748603821,species,1,rand_species,/Users/justyna-przy/Projects/ISE/FYP/src/bird_data/clips/species/emberiza_citrinella/XC487997__s25000__e28000.wav,
emberiza_citrinella,483909,Emberiza citrinella,/Users/justyna-przy/Projects/ISE/FYP/src/bird_data/raw/emberiza_citrinella/XC483909.mp3,1.0,4.0,-29.72313967351706,-40.0,species,Emberiza citrinella,Yellowhammer,0.9727702140808105,0.9727702140808105,species,0,,,
emberiza_citrinella,483909,Emberiza citrinella,/Users/justyna-przy/Projects/ISE/FYP/src/bird_data/raw/emberiza_citrinella/XC483909.mp3,10.0,13.0,-32.06705742476998,-40.0,species,Emberiza citrinella,Yellowhammer,0.9495153427124023,0.9495153427124023,species,1,rand_species,/Users/justyna-przy/Projects/ISE/FYP/src/bird_data/clips/species/emberiza_citrinella/XC483909__s10000__e13000.wav,
emberiza_citrinella,483909,Emberiza citrinella,/Users/justyna-przy/Projects/ISE/FYP/src/bird_data/raw/emberiza_citrinella/XC483909.mp3,19.0,22.0,-38.3055687841659,-40.0,species,Emberiza citrinella,Yellowhammer,0.6283907890319824,0.6283907890319824,species,1,rand_species,/Users/justyna-przy/Projects/ISE/FYP/src/bird_data/clips/species/emberiza_citrinella/XC483909__s19000__e22000.wav,
emberiza_citrinella,483909,Emberiza citrinella,/Users/justyna-przy/Projects/ISE/FYP/src/bird_data/raw/emberiza_citrinella/XC483909.mp3,22.0,25.0,-34.64986723851531,-40.0,species,Emberiza citrinella,Yellowhammer,0.643823504447937,0.643823504447937,species,1,rand_species,/Users/justyna-przy/Projects/ISE/FYP/src/bird_data/clips/species/emberiza_citrinella/XC483909__s22000__e25000.wav,
emberiza_citrinella,483908,Emberiza citrinella,/Users/justyna-przy/Projects/ISE/FYP/src/bird_data/raw/emberiza_citrinella/XC483908.mp3,1.0,4.0,-29.947478416040948,-40.0,species,Emberiza citrinella,Yellowhammer,0.9806206822395325,0.9806206822395325,species,1,rand_species,/Users/justyna-przy/Projects/ISE/FYP/src/bird_data/clips/species/emberiza_citrinella/XC483908__s1000__e4000.wav,
emberiza_citrinella,483908,Emberiza citrinella,/Users/justyna-przy/Projects/ISE/FYP/src/bird_data/raw/emberiza_citrinella/XC483908.mp3,10.0,13.0,-28.668844996672792,-40.0,species,Emberiza citrinella,Yellowhammer,0.9321766495704651,0.9321766495704651,species,1,rand_species,/Users/justyna-przy/Projects/ISE/FYP/src/bird_data/clips/species/emberiza_citrinella/XC483908__s10000__e13000.wav,
emberiza_citrinella,483908,Emberiza citrinella,/Users/justyna-przy/Projects/ISE/FYP/src/bird_data/raw/emberiza_citrinella/XC483908.mp3,19.0,22.0,-28.385286409680685,-40.0,species,Emberiza citrinella,Yellowhammer,0.9859229326248169,0.9859229326248169,species,0,,,
emberiza_citrinella,483908,Emberiza citrinella,/Users/justyna-przy/Projects/ISE/FYP/src/bird_data/raw/emberiza_citrinella/XC483908.mp3,28.0,31.0,-27.813193528253073,-40.0,species,Emberiza citrinella,Yellowhammer,0.9285987019538879,0.9285987019538879,species,1,rand_species,/Users/justyna-przy/Projects/ISE/FYP/src/bird_data/clips/species/emberiza_citrinella/XC483908__s28000__e31000.wav,
emberiza_citrinella,483908,Emberiza citrinella,/Users/justyna-przy/Projects/ISE/FYP/src/bird_data/raw/emberiza_citrinella/XC483908.mp3,37.0,40.0,-28.779453937528167,-40.0,species,Emberiza citrinella,Yellowhammer,0.571317732334137,0.571317732334137,species,0,,,
emberiza_citrinella,462674,Emberiza citrinella,/Users/justyna-przy/Projects/ISE/FYP/src/bird_data/raw/emberiza_citrinella/XC462674.mp3,25.0,28.0,-46.74110245914524,-40.0,species,Emberiza citrinella,Yellowhammer,0.6999767422676086,0.6999767422676086,species,1,rand_species,/Users/justyna-przy/Projects/ISE/FYP/src/bird_data/clips/species/emberiza_citrinella/XC462674__s25000__e28000.wav,
emberiza_citrinella,453501,Emberiza citrinella,/Users/justyna-przy/Projects/ISE/FYP/src/bird_data/raw/emberiza_citrinella/XC453501.mp3,1.0,4.0,-56.121073985330966,-40.0,drop,Zonotrichia atricapilla,Golden-crowned Sparrow,0.16551655530929565,0.16551655530929565,drop,0,,,
emberiza_citrinella,447685,Emberiza citrinella,/Users/justyna-przy/Projects/ISE/FYP/src/bird_data/raw/emberiza_citrinella/XC447685.mp3,4.0,7.0,-36.252471960725906,-40.0,species,Emberiza citrinella,Yellowhammer,0.9380559921264648,0.9380559921264648,species,0,,,
emberiza_citrinella,447685,Emberiza citrinella,/Users/justyna-przy/Projects/ISE/FYP/src/bird_data/raw/emberiza_citrinella/XC447685.mp3,13.0,16.0,-39.70526581779249,-40.0,drop,Corvus cornix,Hooded Crow,0.17871206998825073,0.17871206998825073,drop,0,,,
emberiza_citrinella,447685,Emberiza citrinella,/Users/justyna-przy/Projects/ISE/FYP/src/bird_data/raw/emberiza_citrinella/XC447685.mp3,19.0,22.0,-32.8468458586886,-40.0,species,Emberiza citrinella,Yellowhammer,0.8857660293579102,0.8857660293579102,species,1,rand_species,/Users/justyna-przy/Projects/ISE/FYP/src/bird_data/clips/species/emberiza_citrinella/XC447685__s19000__e22000.wav,
emberiza_citrinella,447685,Emberiza citrinella,/Users/justyna-przy/Projects/ISE/FYP/src/bird_data/raw/emberiza_citrinella/XC447685.mp3,22.0,25.0,-33.84803160647138,-40.0,species,Emberiza citrinella,Yellowhammer,0.9419451355934143,0.9419451355934143,species,0,,,
emberiza_citrinella,447685,Emberiza citrinella,/Users/justyna-przy/Projects/ISE/FYP/src/bird_data/raw/emberiza_citrinella/XC447685.mp3,28.0,31.0,-31.02705373533609,-40.0,species,Emberiza citrinella,Yellowhammer,0.987548828125,0.987548828125,species,0,,,
emberiza_citrinella,447685,Emberiza citrinella,/Users/justyna-przy/Projects/ISE/FYP/src/bird_data/raw/emberiza_citrinella/XC447685.mp3,37.0,40.0,-33.153824949352476,-40.0,species,Emberiza citrinella,Yellowhammer,0.985135018825531,0.985135018825531,species,1,rand_species,/Users/justyna-przy/Projects/ISE/FYP/src/bird_data/clips/species/emberiza_citrinella/XC447685__s37000__e40000.wav,
emberiza_citrinella,447685,Emberiza citrinella,/Users/justyna-przy/Projects/ISE/FYP/src/bird_data/raw/emberiza_citrinella/XC447685.mp3,40.0,43.0,-37.666678147255574,-40.0,species,Emberiza citrinella,Yellowhammer,0.39954474568367004,0.39954474568367004,species,0,,,
emberiza_citrinella,447685,Emberiza citrinella,/Users/justyna-przy/Projects/ISE/FYP/src/bird_data/raw/emberiza_citrinella/XC447685.mp3,46.0,49.0,-27.243738386164587,-40.0,species,Emberiza citrinella,Yellowhammer,0.9966267347335815,0.9966267347335815,species,1,rand_species,/Users/justyna-przy/Projects/ISE/FYP/src/bird_data/clips/species/emberiza_citrinella/XC447685__s46000__e49000.wav,
emberiza_citrinella,390394,Emberiza citrinella,/Users/justyna-przy/Projects/ISE/FYP/src/bird_data/raw/emberiza_citrinella/XC390394.mp3,4.0,7.0,-27.34815663850252,-32.09433268900259,species,Emberiza citrinella,Yellowhammer,0.4734717011451721,0.4734717011451721,species,1,rand_species,/Users/justyna-przy/Projects/ISE/FYP/src/bird_data/clips/species/emberiza_citrinella/XC390394__s4000__e7000.wav,
emberiza_citrinella,390394,Emberiza citrinella,/Users/justyna-przy/Projects/ISE/FYP/src/bird_data/raw/emberiza_citrinella/XC390394.mp3,7.0,10.0,-31.943262309990427,-32.09433268900259,non_bird,,,0.0,0.0,non_bird,1,nonbird_lowconf,/Users/justyna-przy/Projects/ISE/FYP/src/bird_data/clips/non_bird/emberiza_citrinella/XC390394__s7000__e10000.wav,
emberiza_citrinella,390394,Emberiza citrinella,/Users/justyna-przy/Projects/ISE/FYP/src/bird_data/raw/emberiza_citrinella/XC390394.mp3,10.0,13.0,-32.01914759599086,-32.09433268900259,drop,Tyrannus savana,Fork-tailed Flycatcher,0.27833276987075806,0.27833276987075806,drop,0,,,
emberiza_citrinella,346458,Emberiza citrinella,/Users/justyna-przy/Projects/ISE/FYP/src/bird_data/raw/emberiza_citrinella/XC346458.mp3,1.0,4.0,-33.46583710361567,-36.935366661380996,species,Emberiza citrinella,Yellowhammer,0.8751530647277832,0.8751530647277832,species,1,rand_species,/Users/justyna-przy/Projects/ISE/FYP/src/bird_data/clips/species/emberiza_citrinella/XC346458__s1000__e4000.wav,
emberiza_citrinella,346458,Emberiza citrinella,/Users/justyna-przy/Projects/ISE/FYP/src/bird_data/raw/emberiza_citrinella/XC346458.mp3,10.0,13.0,-36.900611408777706,-36.935366661380996,species,Emberiza citrinella,Yellowhammer,0.7072140574455261,0.7072140574455261,species,1,rand_species,/Users/justyna-przy/Projects/ISE/FYP/src/bird_data/clips/species/emberiza_citrinella/XC346458__s10000__e13000.wav,
emberiza_citrinella,346458,Emberiza citrinella,/Users/justyna-przy/Projects/ISE/FYP/src/bird_data/raw/emberiza_citrinella/XC346458.mp3,13.0,16.0,-36.41222850188426,-36.935366661380996,species,Emberiza citrinella,Yellowhammer,0.7104544043540955,0.7104544043540955,species,1,rand_species,/Users/justyna-przy/Projects/ISE/FYP/src/bird_data/clips/species/emberiza_citrinella/XC346458__s13000__e16000.wav,
emberiza_citrinella,324250,Emberiza citrinella,/Users/justyna-przy/Projects/ISE/FYP/src/bird_data/raw/emberiza_citrinella/XC324250.mp3,1.0,4.0,-20.8422792319643,-40.0,species,Emberiza citrinella,Yellowhammer,0.9608787298202515,0.9608787298202515,species,0,,,
emberiza_citrinella,324250,Emberiza citrinella,/Users/justyna-przy/Projects/ISE/FYP/src/bird_data/raw/emberiza_citrinella/XC324250.mp3,13.0,16.0,-18.318259594518583,-40.0,species,Emberiza citrinella,Yellowhammer,0.9917694330215454,0.9917694330215454,species,0,,,
emberiza_citrinella,324250,Emberiza citrinella,/Users/justyna-przy/Projects/ISE/FYP/src/bird_data/raw/emberiza_citrinella/XC324250.mp3,16.0,19.0,-31.540699341907175,-40.0,species,Emberiza citrinella,Yellowhammer,0.7846643328666687,0.7846643328666687,species,1,rand_species,/Users/justyna-przy/Projects/ISE/FYP/src/bird_data/clips/species/emberiza_citrinella/XC324250__s16000__e19000.wav,
emberiza_citrinella,324250,Emberiza citrinella,/Users/justyna-przy/Projects/ISE/FYP/src/bird_data/raw/emberiza_citrinella/XC324250.mp3,28.0,31.0,-23.396875364586652,-40.0,species,Emberiza citrinella,Yellowhammer,0.9374806880950928,0.9374806880950928,species,0,,,
emberiza_citrinella,324250,Emberiza citrinella,/Users/justyna-przy/Projects/ISE/FYP/src/bird_data/raw/emberiza_citrinella/XC324250.mp3,31.0,34.0,-34.173364948978026,-40.0,species,Emberiza citrinella,Yellowhammer,0.9365119338035583,0.9365119338035583,species,1,rand_species,/Users/justyna-przy/Projects/ISE/FYP/src/bird_data/clips/species/emberiza_citrinella/XC324250__s31000__e34000.wav,
emberiza_citrinella,324250,Emberiza citrinella,/Users/justyna-przy/Projects/ISE/FYP/src/bird_data/raw/emberiza_citrinella/XC324250.mp3,37.0,40.0,-24.0412289211542,-40.0,species,Emberiza citrinella,Yellowhammer,0.8956456184387207,0.8956456184387207,species,1,rand_species,/Users/justyna-przy/Projects/ISE/FYP/src/bird_data/clips/species/emberiza_citrinella/XC324250__s37000__e40000.wav,
emberiza_citrinella,309546,Emberiza citrinella,/Users/justyna-przy/Projects/ISE/FYP/src/bird_data/raw/emberiza_citrinella/XC309546.mp3,10.0,13.0,-45.325078432152246,-40.0,drop,Erithacus rubecula,European Robin,0.4849056601524353,0.4849056601524353,drop,0,,,
emberiza_citrinella,301829,Emberiza citrinella,/Users/justyna-przy/Projects/ISE/FYP/src/bird_data/raw/emberiza_citrinella/XC301829.mp3,7.0,10.0,-37.68092408023888,-40.0,species,Emberiza citrinella,Yellowhammer,0.8660790920257568,0.8660790920257568,species,1,rand_species,/Users/justyna-przy/Projects/ISE/FYP/src/bird_data/clips/species/emberiza_citrinella/XC301829__s7000__e10000.wav,
emberiza_citrinella,301829,Emberiza citrinella,/Users/justyna-przy/Projects/ISE/FYP/src/bird_data/raw/emberiza_citrinella/XC301829.mp3,10.0,13.0,-36.15849485464443,-40.0,species,Emberiza citrinella,Yellowhammer,0.8597757816314697,0.8597757816314697,species,1,rand_species,/Users/justyna-przy/Projects/ISE/FYP/src/bird_data/clips/species/emberiza_citrinella/XC301829__s10000__e13000.wav,
emberiza_citrinella,301829,Emberiza citrinella,/Users/justyna-przy/Projects/ISE/FYP/src/bird_data/raw/emberiza_citrinella/XC301829.mp3,19.0,22.0,-39.97731724012936,-40.0,species,Emberiza citrinella,Yellowhammer,0.9534898400306702,0.9534898400306702,species,1,rand_species,/Users/justyna-przy/Projects/ISE/FYP/src/bird_data/clips/species/emberiza_citrinella/XC301829__s19000__e22000.wav,
emberiza_citrinella,256906,Emberiza citrinella,/Users/justyna-przy/Projects/ISE/FYP/src/bird_data/raw/emberiza_citrinella/XC256906.mp3,52.0,55.0,-40.532223446675644,-40.0,species,Emberiza citrinella,Yellowhammer,0.9917964935302734,0.9917964935302734,species,1,rand_species,/Users/justyna-przy/Projects/ISE/FYP/src/bird_data/clips/species/emberiza_citrinella/XC256906__s52000__e55000.wav,
emberiza_citrinella,239915,Emberiza citrinella,/Users/justyna-przy/Projects/ISE/FYP/src/bird_data/raw/emberiza_citrinella/XC239915.mp3,1.0,4.0,-62.84275826607346,-40.0,species,Emberiza citrinella,Yellowhammer,0.8286436200141907,0.8286436200141907,species,1,rand_species,/Users/justyna-przy/Projects/ISE/FYP/src/bird_data/clips/species/emberiza_citrinella/XC239915__s1000__e4000.wav,
emberiza_citrinella,210437,Emberiza citrinella,/Users/justyna-przy/Projects/ISE/FYP/src/bird_data/raw/emberiza_citrinella/XC210437.mp3,1.0,4.0,-37.6698218903275,-40.0,species,Emberiza citrinella,Yellowhammer,0.9915722608566284,0.9915722608566284,species,0,,,
emberiza_citrinella,210437,Emberiza citrinella,/Users/justyna-przy/Projects/ISE/FYP/src/bird_data/raw/emberiza_citrinella/XC210437.mp3,10.0,13.0,-37.325101218587704,-40.0,species,Emberiza citrinella,Yellowhammer,0.8978223204612732,0.8978223204612732,species,0,,,
emberiza_citrinella,210437,Emberiza citrinella,/Users/justyna-przy/Projects/ISE/FYP/src/bird_data/raw/emberiza_citrinella/XC210437.mp3,22.0,25.0,-33.743784880451656,-40.0,species,Emberiza citrinella,Yellowhammer,0.9976142644882202,0.9976142644882202,species,0,,,
emberiza_citrinella,210437,Emberiza citrinella,/Users/justyna-przy/Projects/ISE/FYP/src/bird_data/raw/emberiza_citrinella/XC210437.mp3,28.0,31.0,-39.03159046530974,-40.0,species,Emberiza citrinella,Yellowhammer,0.9248518347740173,0.9248518347740173,species,1,rand_species,/Users/justyna-przy/Projects/ISE/FYP/src/bird_data/clips/species/emberiza_citrinella/XC210437__s28000__e31000.wav,
emberiza_citrinella,210437,Emberiza citrinella,/Users/justyna-przy/Projects/ISE/FYP/src/bird_data/raw/emberiza_citrinella/XC210437.mp3,31.0,34.0,-34.47052781566987,-40.0,species,Emberiza citrinella,Yellowhammer,0.9705809354782104,0.9705809354782104,species,1,rand_species,/Users/justyna-przy/Projects/ISE/FYP/src/bird_data/clips/species/emberiza_citrinella/XC210437__s31000__e34000.wav,
emberiza_citrinella,210437,Emberiza citrinella,/Users/justyna-przy/Projects/ISE/FYP/src/bird_data/raw/emberiza_citrinella/XC210437.mp3,37.0,40.0,-33.46828734159891,-40.0,species,Emberiza citrinella,Yellowhammer,0.8810520172119141,0.8810520172119141,species,1,rand_species,/Users/justyna-przy/Projects/ISE/FYP/src/bird_data/clips/species/emberiza_citrinella/XC210437__s37000__e40000.wav,
emberiza_citrinella,207955,Emberiza citrinella,/Users/justyna-przy/Projects/ISE/FYP/src/bird_data/raw/emberiza_citrinella/XC207955.mp3,1.0,4.0,-27.85430527966755,-40.0,species,Emberiza citrinella,Yellowhammer,0.8817942142486572,0.8817942142486572,species,1,rand_species,/Users/justyna-przy/Projects/ISE/FYP/src/bird_data/clips/species/emberiza_citrinella/XC207955__s1000__e4000.wav,
emberiza_citrinella,207955,Emberiza citrinella,/Users/justyna-przy/Projects/ISE/FYP/src/bird_data/raw/emberiza_citrinella/XC207955.mp3,4.0,7.0,-35.720379299866266,-40.0,species,Emberiza citrinella,Yellowhammer,0.9726191759109497,0.9726191759109497,species,1,rand_species,/Users/justyna-przy/Projects/ISE/FYP/src/bird_data/clips/species/emberiza_citrinella/XC207955__s4000__e7000.wav,
emberiza_citrinella,207955,Emberiza citrinella,/Users/justyna-przy/Projects/ISE/FYP/src/bird_data/raw/emberiza_citrinella/XC207955.mp3,10.0,13.0,-32.4875289327542,-40.0,species,Emberiza citrinella,Yellowhammer,0.6970804929733276,0.6970804929733276,species,0,,,
emberiza_citrinella,207955,Emberiza citrinella,/Users/justyna-przy/Projects/ISE/FYP/src/bird_data/raw/emberiza_citrinella/XC207955.mp3,13.0,16.0,-29.25162599766805,-40.0,species,Emberiza citrinella,Yellowhammer,0.9768331050872803,0.9768331050872803,species,1,rand_species,/Users/justyna-przy/Projects/ISE/FYP/src/bird_data/clips/species/emberiza_citrinella/XC207955__s13000__e16000.wav,
emberiza_citrinella,207955,Emberiza citrinella,/Users/justyna-przy/Projects/ISE/FYP/src/bird_data/raw/emberiza_citrinella/XC207955.mp3,22.0,25.0,-29.289497384684687,-40.0,species,Emberiza citrinella,Yellowhammer,0.995134174823761,0.995134174823761,species,0,,,
emberiza_citrinella,205624,Emberiza citrinella,/Users/justyna-przy/Projects/ISE/FYP/src/bird_data/raw/emberiza_citrinella/XC205624.mp3,1.0,4.0,-25.536267023523244,-40.0,species,Emberiza citrinella,Yellowhammer,0.86689692735672,0.86689692735672,species,1,rand_species,/Users/justyna-przy/Projects/ISE/FYP/src/bird_data/clips/species/emberiza_citrinella/XC205624__s1000__e4000.wav,
emberiza_citrinella,205624,Emberiza citrinella,/Users/justyna-przy/Projects/ISE/FYP/src/bird_data/raw/emberiza_citrinella/XC205624.mp3,10.0,13.0,-18.649541274868998,-40.0,species,Emberiza citrinella,Yellowhammer,0.8567754626274109,0.8567754626274109,species,0,,,
emberiza_citrinella,205624,Emberiza citrinella,/Users/justyna-przy/Projects/ISE/FYP/src/bird_data/raw/emberiza_citrinella/XC205624.mp3,13.0,16.0,-20.857432577414837,-40.0,species,Emberiza citrinella,Yellowhammer,0.9759185910224915,0.9759185910224915,species,0,,,
emberiza_citrinella,205624,Emberiza citrinella,/Users/justyna-przy/Projects/ISE/FYP/src/bird_data/raw/emberiza_citrinella/XC205624.mp3,22.0,25.0,-26.05366918907407,-40.0,species,Emberiza citrinella,Yellowhammer,0.7104436755180359,0.7104436755180359,species,1,rand_species,/Users/justyna-przy/Projects/ISE/FYP/src/bird_data/clips/species/emberiza_citrinella/XC205624__s22000__e25000.wav,
emberiza_citrinella,205624,Emberiza citrinella,/Users/justyna-przy/Projects/ISE/FYP/src/bird_data/raw/emberiza_citrinella/XC205624.mp3,25.0,28.0,-18.34698219556986,-40.0,species,Emberiza citrinella,Yellowhammer,0.9793310761451721,0.9793310761451721,species,1,rand_species,/Users/justyna-przy/Projects/ISE/FYP/src/bird_data/clips/species/emberiza_citrinella/XC205624__s25000__e28000.wav,
emberiza_citrinella,205210,Emberiza citrinella,/Users/justyna-przy/Projects/ISE/FYP/src/bird_data/raw/emberiza_citrinella/XC205210.mp3,1.0,4.0,-21.627784279212932,-34.271305102999236,species,Emberiza citrinella,Yellowhammer,0.996966540813446,0.996966540813446,species,0,,,
emberiza_citrinella,205210,Emberiza citrinella,/Users/justyna-przy/Projects/ISE/FYP/src/bird_data/raw/emberiza_citrinella/XC205210.mp3,4.0,7.0,-34.271305102999236,-34.271305102999236,non_bird,,,0.0,0.0,non_bird,1,nonbird_lowconf,/Users/justyna-przy/Projects/ISE/FYP/src/bird_data/clips/non_bird/emberiza_citrinella/XC205210__s4000__e7000.wav,
emberiza_citrinella,205210,Emberiza citrinella,/Users/justyna-przy/Projects/ISE/FYP/src/bird_data/raw/emberiza_citrinella/XC205210.mp3,7.0,10.0,-28.606387735706846,-34.271305102999236,species,Emberiza citrinella,Yellowhammer,0.9519569873809814,0.9519569873809814,species,0,,,
emberiza_citrinella,205210,Emberiza citrinella,/Users/justyna-przy/Projects/ISE/FYP/src/bird_data/raw/emberiza_citrinella/XC205210.mp3,10.0,13.0,-24.689186829503328,-34.271305102999236,species,Emberiza citrinella,Yellowhammer,0.9683853387832642,0.9683853387832642,species,1,rand_species,/Users/justyna-przy/Projects/ISE/FYP/src/bird_data/clips/species/emberiza_citrinella/XC205210__s10000__e13000.wav,
emberiza_citrinella,205210,Emberiza citrinella,/Users/justyna-przy/Projects/ISE/FYP/src/bird_data/raw/emberiza_citrinella/XC205210.mp3,13.0,16.0,-33.56763250269181,-34.271305102999236,species,Emberiza citrinella,Yellowhammer,0.9120368957519531,0.9120368957519531,species,1,rand_species,/Users/justyna-przy/Projects/ISE/FYP/src/bird_data/clips/species/emberiza_citrinella/XC205210__s13000__e16000.wav,
emberiza_citrinella,205210,Emberiza citrinella,/Users/justyna-przy/Projects/ISE/FYP/src/bird_data/raw/emberiza_citrinella/XC205210.mp3,16.0,19.0,-26.250056440583947,-34.271305102999236,species,Emberiza citrinella,Yellowhammer,0.9866248369216919,0.9866248369216919,species,1,rand_species,/Users/justyna-przy/Projects/ISE/FYP/src/bird_data/clips/species/emberiza_citrinella/XC205210__s16000__e19000.wav,
emberiza_citrinella,205210,Emberiza citrinella,/Users/justyna-przy/Projects/ISE/FYP/src/bird_data/raw/emberiza_citrinella/XC205210.mp3,19.0,22.0,-33.944385712651204,-34.271305102999236,drop,Delichon urbicum,Common House-Martin,0.3520546555519104,0.3520546555519104,drop,0,,,
emberiza_citrinella,205210,Emberiza citrinella,/Users/justyna-przy/Projects/ISE/FYP/src/bird_data/raw/emberiza_citrinella/XC205210.mp3,25.0,28.0,-34.179248362277946,-34.271305102999236,non_bird,,,0.0,0.0,non_bird,1,nonbird_lowconf,/Users/justyna-przy/Projects/ISE/FYP/src/bird_data/clips/non_bird/emberiza_citrinella/XC205210__s25000__e28000.wav,
emberiza_citrinella,205209,Emberiza citrinella,/Users/justyna-przy/Projects/ISE/FYP/src/bird_data/raw/emberiza_citrinella/XC205209.mp3,1.0,4.0,-26.50519854617972,-37.88820493650323,species,Emberiza citrinella,Yellowhammer,0.9652287364006042,0.9652287364006042,species,1,rand_species,/Users/justyna-przy/Projects/ISE/FYP/src/bird_data/clips/species/emberiza_citrinella/XC205209__s1000__e4000.wav,
emberiza_citrinella,205209,Emberiza citrinella,/Users/justyna-przy/Projects/ISE/FYP/src/bird_data/raw/emberiza_citrinella/XC205209.mp3,4.0,7.0,-27.773014183612972,-37.88820493650323,species,Emberiza citrinella,Yellowhammer,0.9935281872749329,0.9935281872749329,species,0,,,
emberiza_citrinella,205209,Emberiza citrinella,/Users/justyna-przy/Projects/ISE/FYP/src/bird_data/raw/emberiza_citrinella/XC205209.mp3,7.0,10.0,-23.780065145261318,-37.88820493650323,species,Emberiza citrinella,Yellowhammer,0.9867048859596252,0.9867048859596252,species,0,,,
emberiza_citrinella,205209,Emberiza citrinella,/Users/justyna-przy/Projects/ISE/FYP/src/bird_data/raw/emberiza_citrinella/XC205209.mp3,10.0,13.0,-23.274224416058335,-37.88820493650323,species,Emberiza citrinella,Yellowhammer,0.9902814626693726,0.9902814626693726,species,0,,,
emberiza_citrinella,205209,Emberiza citrinella,/Users/justyna-przy/Projects/ISE/FYP/src/bird_data/raw/emberiza_citrinella/XC205209.mp3,13.0,16.0,-29.347930465255704,-37.88820493650323,species,Emberiza citrinella,Yellowhammer,0.9770391583442688,0.9770391583442688,species,0,,,
emberiza_citrinella,205209,Emberiza citrinella,/Users/justyna-przy/Projects/ISE/FYP/src/bird_data/raw/emberiza_citrinella/XC205209.mp3,16.0,19.0,-19.367089306554778,-37.88820493650323,species,Emberiza citrinella,Yellowhammer,0.9636163711547852,0.9636163711547852,species,0,,,
emberiza_citrinella,205209,Emberiza citrinella,/Users/justyna-przy/Projects/ISE/FYP/src/bird_data/raw/emberiza_citrinella/XC205209.mp3,19.0,22.0,-37.09442415095868,-37.88820493650323,species,Emberiza citrinella,Yellowhammer,0.9309719800949097,0.9309719800949097,species,1,rand_species,/Users/justyna-przy/Projects/ISE/FYP/src/bird_data/clips/species/emberiza_citrinella/XC205209__s19000__e22000.wav,
emberiza_citrinella,205209,Emberiza citrinella,/Users/justyna-przy/Projects/ISE/FYP/src/bird_data/raw/emberiza_citrinella/XC205209.mp3,28.0,31.0,-33.15743818213587,-37.88820493650323,species,Emberiza citrinella,Yellowhammer,0.9989280104637146,0.9989280104637146,species,0,,,
emberiza_citrinella,205209,Emberiza citrinella,/Users/justyna-przy/Projects/ISE/FYP/src/bird_data/raw/emberiza_citrinella/XC205209.mp3,34.0,37.0,-37.71377388168513,-37.88820493650323,species,Emberiza citrinella,Yellowhammer,0.7051600217819214,0.7051600217819214,species,1,rand_species,/Users/justyna-przy/Projects/ISE/FYP/src/bird_data/clips/species/emberiza_citrinella/XC205209__s34000__e37000.wav,
emberiza_citrinella,201546,Emberiza citrinella,/Users/justyna-przy/Projects/ISE/FYP/src/bird_data/raw/emberiza_citrinella/XC201546.mp3,13.0,16.0,-25.037086289628625,-30.044584784243206,species,Emberiza citrinella,Yellowhammer,0.9868450164794922,0.9868450164794922,species,0,,,
emberiza_citrinella,201546,Emberiza citrinella,/Users/justyna-przy/Projects/ISE/FYP/src/bird_data/raw/emberiza_citrinella/XC201546.mp3,16.0,19.0,-29.140139900171903,-30.044584784243206,drop,Turdus pilaris,Fieldfare,0.16172757744789124,0.16172757744789124,drop,0,,,
emberiza_citrinella,201546,Emberiza citrinella,/Users/justyna-przy/Projects/ISE/FYP/src/bird_data/raw/emberiza_citrinella/XC201546.mp3,22.0,25.0,-27.98023446678708,-30.044584784243206,species,Emberiza citrinella,Yellowhammer,0.8695722818374634,0.8695722818374634,species,0,,,
emberiza_citrinella,201546,Emberiza citrinella,/Users/justyna-przy/Projects/ISE/FYP/src/bird_data/raw/emberiza_citrinella/XC201546.mp3,25.0,28.0,-25.813385767216918,-30.044584784243206,species,Emberiza citrinella,Yellowhammer,0.8794715404510498,0.8794715404510498,species,1,rand_species,/Users/justyna-przy/Projects/ISE/FYP/src/bird_data/clips/species/emberiza_citrinella/XC201546__s25000__e28000.wav,
emberiza_citrinella,201546,Emberiza citrinella,/Users/justyna-przy/Projects/ISE/FYP/src/bird_data/raw/emberiza_citrinella/XC201546.mp3,28.0,31.0,-20.81837373230445,-30.044584784243206,species,Emberiza citrinella,Yellowhammer,0.9539524912834167,0.9539524912834167,species,1,rand_species,/Users/justyna-przy/Projects/ISE/FYP/src/bird_data/clips/species/emberiza_citrinella/XC201546__s28000__e31000.wav,
emberiza_citrinella,201546,Emberiza citrinella,/Users/justyna-przy/Projects/ISE/FYP/src/bird_data/raw/emberiza_citrinella/XC201546.mp3,31.0,34.0,-21.35481653473738,-30.044584784243206,drop,Ficedula hypoleuca,European Pied Flycatcher,0.1257743537425995,0.1257743537425995,drop,0,,,
emberiza_citrinella,201546,Emberiza citrinella,/Users/justyna-przy/Projects/ISE/FYP/src/bird_data/raw/emberiza_citrinella/XC201546.mp3,34.0,37.0,-19.13046713015159,-30.044584784243206,species,Emberiza citrinella,Yellowhammer,0.9717190861701965,0.9717190861701965,species,1,rand_species,/Users/justyna-przy/Projects/ISE/FYP/src/bird_data/clips/species/emberiza_citrinella/XC201546__s34000__e37000.wav,
emberiza_citrinella,201546,Emberiza citrinella,/Users/justyna-przy/Projects/ISE/FYP/src/bird_data/raw/emberiza_citrinella/XC201546.mp3,37.0,40.0,-18.42143744771626,-30.044584784243206,species,Emberiza citrinella,Yellowhammer,0.9612360596656799,0.9612360596656799,species,0,,,
emberiza_citrinella,201546,Emberiza citrinella,/Users/justyna-przy/Projects/ISE/FYP/src/bird_data/raw/emberiza_citrinella/XC201546.mp3,40.0,43.0,-21.85223445842825,-30.044584784243206,non_bird,,,0.0,0.0,non_bird,1,nonbird_lowconf,/Users/justyna-przy/Projects/ISE/FYP/src/bird_data/clips/non_bird/emberiza_citrinella/XC201546__s40000__e43000.wav,
emberiza_citrinella,201546,Emberiza citrinella,/Users/justyna-przy/Projects/ISE/FYP/src/bird_data/raw/emberiza_citrinella/XC201546.mp3,43.0,46.0,-21.89198288558942,-30.044584784243206,species,Emberiza citrinella,Yellowhammer,0.8587301969528198,0.8587301969528198,species,0,,,
emberiza_citrinella,197955,Emberiza citrinella,/Users/justyna-przy/Projects/ISE/FYP/src/bird_data/raw/emberiza_citrinella/XC197955.mp3,1.0,4.0,-40.870821323587535,-40.0,species,Emberiza citrinella,Yellowhammer,0.6706479787826538,0.6706479787826538,species,1,rand_species,/Users/justyna-przy/Projects/ISE/FYP/src/bird_data/clips/species/emberiza_citrinella/XC197955__s1000__e4000.wav,
emberiza_citrinella,196323,Emberiza citrinella,/Users/justyna-przy/Projects/ISE/FYP/src/bird_data/raw/emberiza_citrinella/XC196323.mp3,1.0,4.0,-23.821036346692868,-40.0,drop,Emberiza citrinella,Yellowhammer,0.28924548625946045,0.28924548625946045,drop,0,,,
emberiza_citrinella,196323,Emberiza citrinella,/Users/justyna-przy/Projects/ISE/FYP/src/bird_data/raw/emberiza_citrinella/XC196323.mp3,7.0,10.0,-34.285425567950895,-40.0,species,Emberiza citrinella,Yellowhammer,0.9047750234603882,0.9047750234603882,species,1,rand_species,/Users/justyna-przy/Projects/ISE/FYP/src/bird_data/clips/species/emberiza_citrinella/XC196323__s7000__e10000.wav,
emberiza_citrinella,196323,Emberiza citrinella,/Users/justyna-przy/Projects/ISE/FYP/src/bird_data/raw/emberiza_citrinella/XC196323.mp3,10.0,13.0,-27.596245764481292,-40.0,drop,Spizella breweri,Brewer's Sparrow,0.41738954186439514,0.41738954186439514,drop,0,,,
emberiza_citrinella,196323,Emberiza citrinella,/Users/justyna-przy/Projects/ISE/FYP/src/bird_data/raw/emberiza_citrinella/XC196323.mp3,25.0,28.0,-36.71415610952743,-40.0,species,Emberiza citrinella,Yellowhammer,0.8657436966896057,0.8657436966896057,species,1,rand_species,/Users/justyna-przy/Projects/ISE/FYP/src/bird_data/clips/species/emberiza_citrinella/XC196323__s25000__e28000.wav,
emberiza_citrinella,196323,Emberiza citrinella,/Users/justyna-przy/Projects/ISE/FYP/src/bird_data/raw/emberiza_citrinella/XC196323.mp3,28.0,31.0,-37.47110354593079,-40.0,species,Emberiza citrinella,Yellowhammer,0.9406200051307678,0.9406200051307678,species,1,rand_species,/Users/justyna-przy/Projects/ISE/FYP/src/bird_data/clips/species/emberiza_citrinella/XC196323__s28000__e31000.wav,
emberiza_citrinella,196054,Emberiza citrinella,/Users/justyna-przy/Projects/ISE/FYP/src/bird_data/raw/emberiza_citrinella/XC196054.mp3,1.0,4.0,-17.54730964820146,-31.46137020333596,species,Emberiza citrinella,Yellowhammer,0.967251181602478,0.967251181602478,species,0,,,
emberiza_citrinella,196054,Emberiza citrinella,/Users/justyna-przy/Projects/ISE/FYP/src/bird_data/raw/emberiza_citrinella/XC196054.mp3,4.0,7.0,-22.178258281139613,-31.46137020333596,species,Emberiza citrinella,Yellowhammer,0.9848611354827881,0.9848611354827881,species,1,rand_species,/Users/justyna-przy/Projects/ISE/FYP/src/bird_data/clips/species/emberiza_citrinella/XC196054__s4000__e7000.wav,
emberiza_citrinella,196054,Emberiza citrinella,/Users/justyna-przy/Projects/ISE/FYP/src/bird_data/raw/emberiza_citrinella/XC196054.mp3,13.0,16.0,-18.354949854310117,-31.46137020333596,species,Emberiza citrinella,Yellowhammer,0.9963775277137756,0.9963775277137756,species,1,rand_species,/Users/justyna-przy/Projects/ISE/FYP/src/bird_data/clips/species/emberiza_citrinella/XC196054__s13000__e16000.wav,
emberiza_citrinella,196054,Emberiza citrinella,/Users/justyna-przy/Projects/ISE/FYP/src/bird_data/raw/emberiza_citrinella/XC196054.mp3,22.0,25.0,-28.023127575066606,-31.46137020333596,species,Emberiza citrinella,Yellowhammer,0.7256828546524048,0.7256828546524048,species,0,,,
emberiza_citrinella,196054,Emberiza citrinella,/Users/justyna-przy/Projects/ISE/FYP/src/bird_data/raw/emberiza_citrinella/XC196054.mp3,25.0,28.0,-17.569848694938997,-31.46137020333596,species,Emberiza citrinella,Yellowhammer,0.9884002208709717,0.9884002208709717,species,1,rand_species,/Users/justyna-przy/Projects/ISE/FYP/src/bird_data/clips/species/emberiza_citrinella/XC196054__s25000__e28000.wav,
emberiza_citrinella,196054,Emberiza citrinella,/Users/justyna-przy/Projects/ISE/FYP/src/bird_data/raw/emberiza_citrinella/XC196054.mp3,28.0,31.0,-29.95521968881285,-31.46137020333596,drop,Emberiza calandra,Corn Bunting,0.6440468430519104,0.6440468430519104,drop,0,,,
emberiza_citrinella,196054,Emberiza citrinella,/Users/justyna-przy/Projects/ISE/FYP/src/bird_data/raw/emberiza_citrinella/XC196054.mp3,31.0,34.0,-27.22495766504418,-31.46137020333596,non_bird,,,0.0,0.0,non_bird,1,nonbird_lowconf,/Users/justyna-przy/Projects/ISE/FYP/src/bird_data/clips/non_bird/emberiza_citrinella/XC196054__s31000__e34000.wav,
emberiza_citrinella,196054,Emberiza citrinella,/Users/justyna-przy/Projects/ISE/FYP/src/bird_data/raw/emberiza_citrinella/XC196054.mp3,34.0,37.0,-26.603806072331174,-31.46137020333596,non_bird,,,0.0,0.0,non_bird,1,nonbird_lowconf,/Users/justyna-przy/Projects/ISE/FYP/src/bird_data/clips/non_bird/emberiza_citrinella/XC196054__s34000__e37000.wav,
emberiza_citrinella,196054,Emberiza citrinella,/Users/justyna-przy/Projects/ISE/FYP/src/bird_data/raw/emberiza_citrinella/XC196054.mp3,37.0,40.0,-31.02435810002813,-31.46137020333596,non_bird,,,0.0,0.0,non_bird,0,,,
emberiza_citrinella,181393,Emberiza citrinella,/Users/justyna-przy/Projects/ISE/FYP/src/bird_data/raw/emberiza_citrinella/XC181393.mp3,1.0,4.0,-31.06999424889348,-40.0,species,Emberiza citrinella,Yellowhammer,0.9440948963165283,0.9440948963165283,species,1,rand_species,/Users/justyna-przy/Projects/ISE/FYP/src/bird_data/clips/species/emberiza_citrinella/XC181393__s1000__e4000.wav,
emberiza_citrinella,181393,Emberiza citrinella,/Users/justyna-przy/Projects/ISE/FYP/src/bird_data/raw/emberiza_citrinella/XC181393.mp3,10.0,13.0,-36.92602531549536,-40.0,species,Emberiza citrinella,Yellowhammer,0.9889609217643738,0.9889609217643738,species,0,,,
emberiza_citrinella,181393,Emberiza citrinella,/Users/justyna-przy/Projects/ISE/FYP/src/bird_data/raw/emberiza_citrinella/XC181393.mp3,19.0,22.0,-34.58973552123656,-40.0,species,Emberiza citrinella,Yellowhammer,0.9926072359085083,0.9926072359085083,species,1,rand_species,/Users/justyna-przy/Projects/ISE/FYP/src/bird_data/clips/species/emberiza_citrinella/XC181393__s19000__e22000.wav,
emberiza_citrinella,181393,Emberiza citrinella,/Users/justyna-przy/Projects/ISE/FYP/src/bird_data/raw/emberiza_citrinella/XC181393.mp3,31.0,34.0,-34.30685058138084,-40.0,species,Emberiza citrinella,Yellowhammer,0.8754392862319946,0.8754392862319946,species,1,rand_species,/Users/justyna-przy/Projects/ISE/FYP/src/bird_data/clips/species/emberiza_citrinella/XC181393__s31000__e34000.wav,
emberiza_citrinella,176810,Emberiza citrinella,/Users/justyna-przy/Projects/ISE/FYP/src/bird_data/raw/emberiza_citrinella/XC176810.mp3,1.0,4.0,-30.005723219598753,-40.0,species,Emberiza citrinella,Yellowhammer,0.991637647151947,0.991637647151947,species,0,,,
emberiza_citrinella,176810,Emberiza citrinella,/Users/justyna-przy/Projects/ISE/FYP/src/bird_data/raw/emberiza_citrinella/XC176810.mp3,7.0,10.0,-29.718424157507968,-40.0,species,Emberiza citrinella,Yellowhammer,0.9984946250915527,0.9984946250915527,species,0,,,
emberiza_citrinella,176810,Emberiza citrinella,/Users/justyna-przy/Projects/ISE/FYP/src/bird_data/raw/emberiza_citrinella/XC176810.mp3,13.0,16.0,-24.786479801679917,-40.0,species,Emberiza citrinella,Yellowhammer,0.9959827661514282,0.9959827661514282,species,1,rand_species,/Users/justyna-przy/Projects/ISE/FYP/src/bird_data/clips/species/emberiza_citrinella/XC176810__s13000__e16000.wav,
emberiza_citrinella,176810,Emberiza citrinella,/Users/justyna-przy/Projects/ISE/FYP/src/bird_data/raw/emberiza_citrinella/XC176810.mp3,19.0,22.0,-25.292872089383955,-40.0,species,Emberiza citrinella,Yellowhammer,0.9965654015541077,0.9965654015541077,species,0,,,
emberiza_citrinella,176810,Emberiza citrinella,/Users/justyna-przy/Projects/ISE/FYP/src/bird_data/raw/emberiza_citrinella/XC176810.mp3,25.0,28.0,-26.782005773124013,-40.0,species,Emberiza citrinella,Yellowhammer,0.9978723526000977,0.9978723526000977,species,1,rand_species,/Users/justyna-przy/Projects/ISE/FYP/src/bird_data/clips/species/emberiza_citrinella/XC176810__s25000__e28000.wav,
emberiza_citrinella,176810,Emberiza citrinella,/Users/justyna-przy/Projects/ISE/FYP/src/bird_data/raw/emberiza_citrinella/XC176810.mp3,31.0,34.0,-36.98497222167233,-40.0,species,Emberiza citrinella,Yellowhammer,0.4693615436553955,0.4693615436553955,species,1,rand_species,/Users/justyna-przy/Projects/ISE/FYP/src/bird_data/clips/species/emberiza_citrinella/XC176810__s31000__e34000.wav,
emberiza_citrinella,176746,Emberiza citrinella,/Users/justyna-przy/Projects/ISE/FYP/src/bird_data/raw/emberiza_citrinella/XC176746.mp3,4.0,7.0,-29.17097233373656,-34.20086748455228,species,Emberiza citrinella,Yellowhammer,0.5113320350646973,0.5113320350646973,species,1,rand_species,/Users/justyna-przy/Projects/ISE/FYP/src/bird_data/clips/species/emberiza_citrinella/XC176746__s4000__e7000.wav,
emberiza_citrinella,176746,Emberiza citrinella,/Users/justyna-przy/Projects/ISE/FYP/src/bird_data/raw/emberiza_citrinella/XC176746.mp3,7.0,10.0,-34.03257877793728,-34.20086748455228,non_bird,,,0.0,0.0,non_bird,1,nonbird_lowconf,/Users/justyna-przy/Projects/ISE/FYP/src/bird_data/clips/non_bird/emberiza_citrinella/XC176746__s7000__e10000.wav,
emberiza_citrinella,176746,Emberiza citrinella,/Users/justyna-przy/Projects/ISE/FYP/src/bird_data/raw/emberiza_citrinella/XC176746.mp3,10.0,13.0,-34.20086748455228,-34.20086748455228,drop,Eremophila alpestris,Horned Lark,0.2950696349143982,0.2950696349143982,drop,0,,,
emberiza_citrinella,176746,Emberiza citrinella,/Users/justyna-przy/Projects/ISE/FYP/src/bird_data/raw/emberiza_citrinella/XC176746.mp3,13.0,16.0,-32.639241887295476,-34.20086748455228,species,Emberiza citrinella,Yellowhammer,0.9713478684425354,0.9713478684425354,species,1,rand_species,/Users/justyna-przy/Projects/ISE/FYP/src/bird_data/clips/species/emberiza_citrinella/XC176746__s13000__e16000.wav,
emberiza_citrinella,176746,Emberiza citrinella,/Users/justyna-przy/Projects/ISE/FYP/src/bird_data/raw/emberiza_citrinella/XC176746.mp3,19.0,22.0,-31.070331051582194,-34.20086748455228,species,Emberiza citrinella,Yellowhammer,0.6806371212005615,0.6806371212005615,species,1,rand_species,/Users/justyna-przy/Projects/ISE/FYP/src/bird_data/clips/species/emberiza_citrinella/XC176746__s19000__e22000.wav,
emberiza_citrinella,176746,Emberiza citrinella,/Users/justyna-przy/Projects/ISE/FYP/src/bird_data/raw/emberiza_citrinella/XC176746.mp3,22.0,25.0,-34.051497411401755,-34.20086748455228,species,Emberiza citrinella,Yellowhammer,0.4910249710083008,0.4910249710083008,species,0,,,
emberiza_citrinella,176746,Emberiza citrinella,/Users/justyna-przy/Projects/ISE/FYP/src/bird_data/raw/emberiza_citrinella/XC176746.mp3,25.0,28.0,-32.663767862819356,-34.20086748455228,drop,Tachycineta bicolor,Tree Swallow,0.11154762655496597,0.11154762655496597,drop,0,,,
emberiza_citrinella,176746,Emberiza citrinella,/Users/justyna-przy/Projects/ISE/FYP/src/bird_data/raw/emberiza_citrinella/XC176746.mp3,31.0,34.0,-29.574118255265304,-34.20086748455228,species,Emberiza citrinella,Yellowhammer,0.8079842329025269,0.8079842329025269,species,0,,,
emberiza_citrinella,176745,Emberiza citrinella,/Users/justyna-przy/Projects/ISE/FYP/src/bird_data/raw/emberiza_citrinella/XC176745.mp3,1.0,4.0,-34.35627291152464,-39.9146083907323,species,Emberiza citrinella,Yellowhammer,0.8188249468803406,0.8188249468803406,species,0,,,
emberiza_citrinella,176745,Emberiza citrinella,/Users/justyna-przy/Projects/ISE/FYP/src/bird_data/raw/emberiza_citrinella/XC176745.mp3,4.0,7.0,-38.111184485886355,-39.9146083907323,species,Emberiza citrinella,Yellowhammer,0.5486524701118469,0.5486524701118469,species,1,rand_species,/Users/justyna-przy/Projects/ISE/FYP/src/bird_data/clips/species/emberiza_citrinella/XC176745__s4000__e7000.wav,
emberiza_citrinella,176745,Emberiza citrinella,/Users/justyna-przy/Projects/ISE/FYP/src/bird_data/raw/emberiza_citrinella/XC176745.mp3,7.0,10.0,-33.596072653150074,-39.9146083907323,species,Emberiza citrinella,Yellowhammer,0.8017086386680603,0.8017086386680603,species,0,,,
emberiza_citrinella,176745,Emberiza citrinella,/Users/justyna-przy/Projects/ISE/FYP/src/bird_data/raw/emberiza_citrinella/XC176745.mp3,10.0,13.0,-35.819641054644386,-39.9146083907323,species,Emberiza citrinella,Yellowhammer,0.3653329312801361,0.3653329312801361,species,0,,,
emberiza_citrinella,176745,Emberiza citrinella,/Users/justyna-przy/Projects/ISE/FYP/src/bird_data/raw/emberiza_citrinella/XC176745.mp3,16.0,19.0,-37.717486414253976,-39.9146083907323,drop,Emberiza citrinella,Yellowhammer,0.2565445005893707,0.2565445005893707,drop,0,,,
emberiza_citrinella,176745,Emberiza citrinella,/Users/justyna-przy/Projects/ISE/FYP/src/bird_data/raw/emberiza_citrinella/XC176745.mp3,19.0,22.0,-38.402064505535535,-39.9146083907323,species,Emberiza citrinella,Yellowhammer,0.8036822080612183,0.8036822080612183,species,0,,,
emberiza_citrinella,176745,Emberiza citrinella,/Users/justyna-przy/Projects/ISE/FYP/src/bird_data/raw/emberiza_citrinella/XC176745.mp3,22.0,25.0,-36.56427529703673,-39.9146083907323,species,Emberiza citrinella,Yellowhammer,0.9810390472412109,0.9810390472412109,species,0,,,
emberiza_citrinella,176745,Emberiza citrinella,/Users/justyna-przy/Projects/ISE/FYP/src/bird_data/raw/emberiza_citrinella/XC176745.mp3,25.0,28.0,-35.70396842190846,-39.9146083907323,species,Emberiza citrinella,Yellowhammer,0.628281831741333,0.628281831741333,species,0,,,
emberiza_citrinella,176745,Emberiza citrinella,/Users/justyna-przy/Projects/ISE/FYP/src/bird_data/raw/emberiza_citrinella/XC176745.mp3,31.0,34.0,-39.076858938863836,-39.9146083907323,species,Emberiza citrinella,Yellowhammer,0.5363697409629822,0.5363697409629822,species,0,,,
emberiza_citrinella,176745,Emberiza citrinella,/Users/justyna-przy/Projects/ISE/FYP/src/bird_data/raw/emberiza_citrinella/XC176745.mp3,34.0,37.0,-39.775277410901616,-39.9146083907323,species,Emberiza citrinella,Yellowhammer,0.969330906867981,0.969330906867981,species,0,,,
emberiza_citrinella,176745,Emberiza citrinella,/Users/justyna-przy/Projects/ISE/FYP/src/bird_data/raw/emberiza_citrinella/XC176745.mp3,43.0,46.0,-35.59666203306605,-39.9146083907323,species,Emberiza citrinella,Yellowhammer,0.9654631614685059,0.9654631614685059,species,1,rand_species,/Users/justyna-przy/Projects/ISE/FYP/src/bird_data/clips/species/emberiza_citrinella/XC176745__s43000__e46000.wav,
emberiza_citrinella,176745,Emberiza citrinella,/Users/justyna-przy/Projects/ISE/FYP/src/bird_data/raw/emberiza_citrinella/XC176745.mp3,49.0,52.0,-38.376939949362765,-39.9146083907323,species,Emberiza citrinella,Yellowhammer,0.8758290410041809,0.8758290410041809,species,1,rand_species,/Users/justyna-przy/Projects/ISE/FYP/src/bird_data/clips/species/emberiza_citrinella/XC176745__s49000__e52000.wav,
emberiza_citrinella,176745,Emberiza citrinella,/Users/justyna-przy/Projects/ISE/FYP/src/bird_data/raw/emberiza_citrinella/XC176745.mp3,52.0,55.0,-38.797658046586534,-39.9146083907323,species,Emberiza citrinella,Yellowhammer,0.685092568397522,0.685092568397522,species,0,,,
emberiza_citrinella,167478,Emberiza citrinella,/Users/justyna-przy/Projects/ISE/FYP/src/bird_data/raw/emberiza_citrinella/XC167478.mp3,1.0,4.0,-21.48817671400137,-28.4256585027885,species,Emberiza citrinella,Yellowhammer,0.6429431438446045,0.6429431438446045,species,1,rand_species,/Users/justyna-przy/Projects/ISE/FYP/src/bird_data/clips/species/emberiza_citrinella/XC167478__s1000__e4000.wav,
emberiza_citrinella,167478,Emberiza citrinella,/Users/justyna-przy/Projects/ISE/FYP/src/bird_data/raw/emberiza_citrinella/XC167478.mp3,4.0,7.0,-24.54314720331631,-28.4256585027885,species,Emberiza citrinella,Yellowhammer,0.6146566867828369,0.6146566867828369,species,1,rand_species,/Users/justyna-przy/Projects/ISE/FYP/src/bird_data/clips/species/emberiza_citrinella/XC167478__s4000__e7000.wav,
emberiza_citrinella,167478,Emberiza citrinella,/Users/justyna-przy/Projects/ISE/FYP/src/bird_data/raw/emberiza_citrinella/XC167478.mp3,13.0,16.0,-18.925171976889825,-28.4256585027885,species,Emberiza citrinella,Yellowhammer,0.9819847941398621,0.9819847941398621,species,0,,,
emberiza_citrinella,167478,Emberiza citrinella,/Users/justyna-przy/Projects/ISE/FYP/src/bird_data/raw/emberiza_citrinella/XC167478.mp3,16.0,19.0,-26.898102267352733,-28.4256585027885,species,Emberiza citrinella,Yellowhammer,0.8891350626945496,0.8891350626945496,species,1,rand_species,/Users/justyna-przy/Projects/ISE/FYP/src/bird_data/clips/species/emberiza_citrinella/XC167478__s16000__e19000.wav,
emberiza_citrinella,167478,Emberiza citrinella,/Users/justyna-przy/Projects/ISE/FYP/src/bird_data/raw/emberiza_citrinella/XC167478.mp3,19.0,22.0,-26.959264047767434,-28.4256585027885,non_bird,,,0.0,0.0,non_bird,1,nonbird_lowconf,/Users/justyna-przy/Projects/ISE/FYP/src/bird_data/clips/non_bird/emberiza_citrinella/XC167478__s19000__e22000.wav,
emberiza_citrinella,167478,Emberiza citrinella,/Users/justyna-przy/Projects/ISE/FYP/src/bird_data/raw/emberiza_citrinella/XC167478.mp3,22.0,25.0,-21.295171748075056,-28.4256585027885,species,Emberiza citrinella,Yellowhammer,0.9542737007141113,0.9542737007141113,species,0,,,
emberiza_citrinella,167478,Emberiza citrinella,/Users/justyna-przy/Projects/ISE/FYP/src/bird_data/raw/emberiza_citrinella/XC167478.mp3,25.0,28.0,-18.817070376909392,-28.4256585027885,species,Emberiza citrinella,Yellowhammer,0.9694240093231201,0.9694240093231201,species,0,,,
emberiza_citrinella,167478,Emberiza citrinella,/Users/justyna-przy/Projects/ISE/FYP/src/bird_data/raw/emberiza_citrinella/XC167478.mp3,31.0,34.0,-26.777974354552786,-28.4256585027885,species,Emberiza citrinella,Yellowhammer,0.9380471110343933,0.9380471110343933,species,0,,,
emberiza_citrinella,167478,Emberiza citrinella,/Users/justyna-przy/Projects/ISE/FYP/src/bird_data/raw/emberiza_citrinella/XC167478.mp3,34.0,37.0,-25.265687089905807,-28.4256585027885,species,Emberiza citrinella,Yellowhammer,0.9777017831802368,0.9777017831802368,species,0,,,
emberiza_citrinella,167478,Emberiza citrinella,/Users/justyna-przy/Projects/ISE/FYP/src/bird_data/raw/emberiza_citrinella/XC167478.mp3,37.0,40.0,-26.83259396822386,-28.4256585027885,non_bird,,,0.0,0.0,non_bird,1,nonbird_lowconf,/Users/justyna-przy/Projects/ISE/FYP/src/bird_data/clips/non_bird/emberiza_citrinella/XC167478__s37000__e40000.wav,
emberiza_citrinella,167478,Emberiza citrinella,/Users/justyna-przy/Projects/ISE/FYP/src/bird_data/raw/emberiza_citrinella/XC167478.mp3,40.0,43.0,-27.584334306401246,-28.4256585027885,species,Emberiza citrinella,Yellowhammer,0.9728145599365234,0.9728145599365234,species,0,,,
emberiza_citrinella,133954,Emberiza citrinella,/Users/justyna-przy/Projects/ISE/FYP/src/bird_data/raw/emberiza_citrinella/XC133954.mp3,4.0,7.0,-26.684893252757654,-30.518721319313922,species,Emberiza citrinella,Yellowhammer,0.7183767557144165,0.7183767557144165,species,1,rand_species,/Users/justyna-przy/Projects/ISE/FYP/src/bird_data/clips/species/emberiza_citrinella/XC133954__s4000__e7000.wav,
emberiza_citrinella,133954,Emberiza citrinella,/Users/justyna-przy/Projects/ISE/FYP/src/bird_data/raw/emberiza_citrinella/XC133954.mp3,10.0,13.0,-28.733129697909774,-30.518721319313922,species,Emberiza citrinella,Yellowhammer,0.8302872776985168,0.8302872776985168,species,1,rand_species,/Users/justyna-przy/Projects/ISE/FYP/src/bird_data/clips/species/emberiza_citrinella/XC133954__s10000__e13000.wav,
emberiza_citrinella,133954,Emberiza citrinella,/Users/justyna-przy/Projects/ISE/FYP/src/bird_data/raw/emberiza_citrinella/XC133954.mp3,13.0,16.0,-28.744888193957078,-30.518721319313922,species,Emberiza citrinella,Yellowhammer,0.8559418320655823,0.8559418320655823,species,1,rand_species,/Users/justyna-przy/Projects/ISE/FYP/src/bird_data/clips/species/emberiza_citrinella/XC133954__s13000__e16000.wav,
emberiza_citrinella,102106,Emberiza citrinella,/Users/justyna-przy/Projects/ISE/FYP/src/bird_data/raw/emberiza_citrinella/XC102106.mp3,1.0,4.0,-38.19337019592816,-40.0,species,Emberiza citrinella,Yellowhammer,0.9992800354957581,0.9992800354957581,species,1,rand_species,/Users/justyna-przy/Projects/ISE/FYP/src/bird_data/clips/species/emberiza_citrinella/XC102106__s1000__e4000.wav,
emberiza_citrinella,102106,Emberiza citrinella,/Users/justyna-przy/Projects/ISE/FYP/src/bird_data/raw/emberiza_citrinella/XC102106.mp3,7.0,10.0,-37.937148731930066,-40.0,species,Emberiza citrinella,Yellowhammer,0.9982621073722839,0.9982621073722839,species,1,rand_species,/Users/justyna-przy/Projects/ISE/FYP/src/bird_data/clips/species/emberiza_citrinella/XC102106__s7000__e10000.wav,
emberiza_citrinella,102106,Emberiza citrinella,/Users/justyna-przy/Projects/ISE/FYP/src/bird_data/raw/emberiza_citrinella/XC102106.mp3,13.0,16.0,-37.47967559001489,-40.0,species,Emberiza citrinella,Yellowhammer,0.9987233281135559,0.9987233281135559,species,0,,,
emberiza_citrinella,102106,Emberiza citrinella,/Users/justyna-przy/Projects/ISE/FYP/src/bird_data/raw/emberiza_citrinella/XC102106.mp3,19.0,22.0,-37.94163388780632,-40.0,species,Emberiza citrinella,Yellowhammer,0.9994989633560181,0.9994989633560181,species,1,rand_species,/Users/justyna-przy/Projects/ISE/FYP/src/bird_data/clips/species/emberiza_citrinella/XC102106__s19000__e22000.wav,
emberiza_citrinella,102105,Emberiza citrinella,/Users/justyna-przy/Projects/ISE/FYP/src/bird_data/raw/emberiza_citrinella/XC102105.mp3,1.0,4.0,-36.950802528136464,-36.950802528136464,species,Emberiza citrinella,Yellowhammer,0.9706405997276306,0.9706405997276306,species,1,rand_species,/Users/justyna-przy/Projects/ISE/FYP/src/bird_data/clips/species/emberiza_citrinella/XC102105__s1000__e4000.wav,
emberiza_citrinella,102104,Emberiza citrinella,/Users/justyna-przy/Projects/ISE/FYP/src/bird_data/raw/emberiza_citrinella/XC102104.mp3,1.0,4.0,-41.309417314079,-40.0,species,Emberiza citrinella,Yellowhammer,0.873393177986145,0.873393177986145,species,1,rand_species,/Users/justyna-przy/Projects/ISE/FYP/src/bird_data/clips/species/emberiza_citrinella/XC102104__s1000__e4000.wav,
emberiza_citrinella,99902,Emberiza citrinella,/Users/justyna-przy/Projects/ISE/FYP/src/bird_data/raw/emberiza_citrinella/XC99902.mp3,1.0,4.0,-28.85781715557839,-40.0,species,Emberiza citrinella,Yellowhammer,0.9763625264167786,0.9763625264167786,species,1,rand_species,/Users/justyna-przy/Projects/ISE/FYP/src/bird_data/clips/species/emberiza_citrinella/XC99902__s1000__e4000.wav,
emberiza_citrinella,99902,Emberiza citrinella,/Users/justyna-przy/Projects/ISE/FYP/src/bird_data/raw/emberiza_citrinella/XC99902.mp3,7.0,10.0,-26.52577801740886,-40.0,species,Emberiza citrinella,Yellowhammer,0.991371750831604,0.991371750831604,species,1,rand_species,/Users/justyna-przy/Projects/ISE/FYP/src/bird_data/clips/species/emberiza_citrinella/XC99902__s7000__e10000.wav,
emberiza_citrinella,99902,Emberiza citrinella,/Users/justyna-przy/Projects/ISE/FYP/src/bird_data/raw/emberiza_citrinella/XC99902.mp3,13.0,16.0,-29.83276184205876,-40.0,species,Emberiza citrinella,Yellowhammer,0.7919633984565735,0.7919633984565735,species,0,,,
emberiza_citrinella,99902,Emberiza citrinella,/Users/justyna-przy/Projects/ISE/FYP/src/bird_data/raw/emberiza_citrinella/XC99902.mp3,16.0,19.0,-27.947884946361135,-40.0,species,Emberiza citrinella,Yellowhammer,0.968207597732544,0.968207597732544,species,0,,,
emberiza_citrinella,99902,Emberiza citrinella,/Users/justyna-przy/Projects/ISE/FYP/src/bird_data/raw/emberiza_citrinella/XC99902.mp3,22.0,25.0,-25.161524524456297,-40.0,species,Emberiza citrinella,Yellowhammer,0.9949066042900085,0.9949066042900085,species,1,rand_species,/Users/justyna-przy/Projects/ISE/FYP/src/bird_data/clips/species/emberiza_citrinella/XC99902__s22000__e25000.wav,
emberiza_citrinella,34540,Emberiza citrinella,/Users/justyna-przy/Projects/ISE/FYP/src/bird_data/raw/emberiza_citrinella/XC34540.mp3,1.0,4.0,-28.737217304286062,-40.0,species,Emberiza citrinella,Yellowhammer,0.9816122651100159,0.9816122651100159,species,1,rand_species,/Users/justyna-przy/Projects/ISE/FYP/src/bird_data/clips/species/emberiza_citrinella/XC34540__s1000__e4000.wav,
emberiza_citrinella,34540,Emberiza citrinella,/Users/justyna-przy/Projects/ISE/FYP/src/bird_data/raw/emberiza_citrinella/XC34540.mp3,10.0,13.0,-34.23596865080783,-40.0,species,Emberiza citrinella,Yellowhammer,0.9663346409797668,0.9663346409797668,species,0,,,
emberiza_citrinella,34540,Emberiza citrinella,/Users/justyna-przy/Projects/ISE/FYP/src/bird_data/raw/emberiza_citrinella/XC34540.mp3,13.0,16.0,-32.48566312769804,-40.0,species,Emberiza citrinella,Yellowhammer,0.8555794954299927,0.8555794954299927,species,0,,,
emberiza_citrinella,34540,Emberiza citrinella,/Users/justyna-przy/Projects/ISE/FYP/src/bird_data/raw/emberiza_citrinella/XC34540.mp3,19.0,22.0,-36.16544012586953,-40.0,species,Emberiza citrinella,Yellowhammer,0.9346818327903748,0.9346818327903748,species,1,rand_species,/Users/justyna-przy/Projects/ISE/FYP/src/bird_data/clips/species/emberiza_citrinella/XC34540__s19000__e22000.wav,
emberiza_citrinella,34540,Emberiza citrinella,/Users/justyna-przy/Projects/ISE/FYP/src/bird_data/raw/emberiza_citrinella/XC34540.mp3,22.0,25.0,-29.4309602234522,-40.0,species,Emberiza citrinella,Yellowhammer,0.9755294322967529,0.9755294322967529,species,1,rand_species,/Users/justyna-przy/Projects/ISE/FYP/src/bird_data/clips/species/emberiza_citrinella/XC34540__s22000__e25000.wav,
emberiza_citrinella,34540,Emberiza citrinella,/Users/justyna-przy/Projects/ISE/FYP/src/bird_data/raw/emberiza_citrinella/XC34540.mp3,31.0,34.0,-27.355080537374988,-40.0,species,Emberiza citrinella,Yellowhammer,0.9971653819084167,0.9971653819084167,species,0,,,
emberiza_citrinella,24729,Emberiza citrinella,/Users/justyna-przy/Projects/ISE/FYP/src/bird_data/raw/emberiza_citrinella/XC24729.mp3,1.0,4.0,-23.461773164372776,-26.348800158040856,species,Emberiza citrinella,Yellowhammer,0.7084211111068726,0.7084211111068726,species,0,,,
emberiza_citrinella,24729,Emberiza citrinella,/Users/justyna-przy/Projects/ISE/FYP/src/bird_data/raw/emberiza_citrinella/XC24729.mp3,4.0,7.0,-25.492981847807094,-26.348800158040856,species,Emberiza citrinella,Yellowhammer,0.9297990798950195,0.9297990798950195,species,1,rand_species,/Users/justyna-przy/Projects/ISE/FYP/src/bird_data/clips/species/emberiza_citrinella/XC24729__s4000__e7000.wav,
emberiza_citrinella,24729,Emberiza citrinella,/Users/justyna-przy/Projects/ISE/FYP/src/bird_data/raw/emberiza_citrinella/XC24729.mp3,7.0,10.0,-25.868792741175636,-26.348800158040856,species,Emberiza citrinella,Yellowhammer,0.9196317791938782,0.9196317791938782,species,1,rand_species,/Users/justyna-przy/Projects/ISE/FYP/src/bird_data/clips/species/emberiza_citrinella/XC24729__s7000__e10000.wav,
emberiza_citrinella,24729,Emberiza citrinella,/Users/justyna-przy/Projects/ISE/FYP/src/bird_data/raw/emberiza_citrinella/XC24729.mp3,10.0,13.0,-25.08621373127432,-26.348800158040856,species,Emberiza citrinella,Yellowhammer,0.37853267788887024,0.37853267788887024,species,0,,,
emberiza_citrinella,24729,Emberiza citrinella,/Users/justyna-przy/Projects/ISE/FYP/src/bird_data/raw/emberiza_citrinella/XC24729.mp3,19.0,22.0,-25.630163167336622,-26.348800158040856,species,Emberiza citrinella,Yellowhammer,0.4916737973690033,0.4916737973690033,species,1,rand_species,/Users/justyna-przy/Projects/ISE/FYP/src/bird_data/clips/species/emberiza_citrinella/XC24729__s19000__e22000.wav,
emberiza_citrinella,1085585,Emberiza citrinella,/Users/justyna-przy/Projects/ISE/FYP/src/bird_data/raw/emberiza_citrinella/XC1085585.mp3,1.0,4.0,-29.109219818889805,-40.0,species,Emberiza citrinella,Yellowhammer,0.9821927547454834,0.9821927547454834,species,1,rand_species,/Users/justyna-przy/Projects/ISE/FYP/src/bird_data/clips/species/emberiza_citrinella/XC1085585__s1000__e4000.wav,
emberiza_citrinella,1085585,Emberiza citrinella,/Users/justyna-przy/Projects/ISE/FYP/src/bird_data/raw/emberiza_citrinella/XC1085585.mp3,4.0,7.0,-37.11233715183707,-40.0,species,Emberiza citrinella,Yellowhammer,0.9475473165512085,0.9475473165512085,species,1,rand_species,/Users/justyna-przy/Projects/ISE/FYP/src/bird_data/clips/species/emberiza_citrinella/XC1085585__s4000__e7000.wav,
emberiza_citrinella,1085585,Emberiza citrinella,/Users/justyna-przy/Projects/ISE/FYP/src/bird_data/raw/emberiza_citrinella/XC1085585.mp3,7.0,10.0,-37.901997382291015,-40.0,species,Emberiza citrinella,Yellowhammer,0.8651852011680603,0.8651852011680603,species,0,,,
emberiza_citrinella,1085585,Emberiza citrinella,/Users/justyna-przy/Projects/ISE/FYP/src/bird_data/raw/emberiza_citrinella/XC1085585.mp3,10.0,13.0,-26.459250403763853,-40.0,species,Emberiza citrinella,Yellowhammer,0.9617190361022949,0.9617190361022949,species,1,rand_species,/Users/justyna-przy/Projects/ISE/FYP/src/bird_data/clips/species/emberiza_citrinella/XC1085585__s10000__e13000.wav,
emberiza_citrinella,1085585,Emberiza citrinella,/Users/justyna-przy/Projects/ISE/FYP/src/bird_data/raw/emberiza_citrinella/XC1085585.mp3,19.0,22.0,-25.70762585774915,-40.0,species,Emberiza citrinella,Yellowhammer,0.9913781881332397,0.9913781881332397,species,0,,,
emberiza_citrinella,1085584,Emberiza citrinella,/Users/justyna-przy/Projects/ISE/FYP/src/bird_data/raw/emberiza_citrinella/XC1085584.mp3,10.0,13.0,-43.216894090570584,-40.0,species,Emberiza citrinella,Yellowhammer,0.8895463347434998,0.8895463347434998,species,1,rand_species,/Users/justyna-przy/Projects/ISE/FYP/src/bird_data/clips/species/emberiza_citrinella/XC1085584__s10000__e13000.wav,
emberiza_citrinella,1076833,Emberiza citrinella,/Users/justyna-przy/Projects/ISE/FYP/src/bird_data/raw/emberiza_citrinella/XC1076833.mp3,1.0,4.0,-31.84673714635983,-40.0,species,Emberiza citrinella,Yellowhammer,0.9601126313209534,0.9601126313209534,species,0,,,
emberiza_citrinella,1076833,Emberiza citrinella,/Users/justyna-przy/Projects/ISE/FYP/src/bird_data/raw/emberiza_citrinella/XC1076833.mp3,7.0,10.0,-27.729444608995436,-40.0,species,Emberiza citrinella,Yellowhammer,0.9939408302307129,0.9939408302307129,species,1,rand_species,/Users/justyna-przy/Projects/ISE/FYP/src/bird_data/clips/species/emberiza_citrinella/XC1076833__s7000__e10000.wav,
emberiza_citrinella,1076833,Emberiza citrinella,/Users/justyna-przy/Projects/ISE/FYP/src/bird_data/raw/emberiza_citrinella/XC1076833.mp3,10.0,13.0,-39.13833170413526,-40.0,species,Emberiza citrinella,Yellowhammer,0.9945423603057861,0.9945423603057861,species,0,,,
emberiza_citrinella,1076833,Emberiza citrinella,/Users/justyna-przy/Projects/ISE/FYP/src/bird_data/raw/emberiza_citrinella/XC1076833.mp3,13.0,16.0,-29.135078320488354,-40.0,species,Emberiza citrinella,Yellowhammer,0.942642331123352,0.942642331123352,species,0,,,
emberiza_citrinella,1076833,Emberiza citrinella,/Users/justyna-przy/Projects/ISE/FYP/src/bird_data/raw/emberiza_citrinella/XC1076833.mp3,19.0,22.0,-28.772166434012064,-40.0,species,Emberiza citrinella,Yellowhammer,0.8735311627388,0.8735311627388,species,0,,,
emberiza_citrinella,1076833,Emberiza citrinella,/Users/justyna-przy/Projects/ISE/FYP/src/bird_data/raw/emberiza_citrinella/XC1076833.mp3,28.0,31.0,-32.006771050635805,-40.0,species,Emberiza citrinella,Yellowhammer,0.9489237070083618,0.9489237070083618,species,0,,,
emberiza_citrinella,1076833,Emberiza citrinella,/Users/justyna-przy/Projects/ISE/FYP/src/bird_data/raw/emberiza_citrinella/XC1076833.mp3,34.0,37.0,-28.990061130113833,-40.0,species,Emberiza citrinella,Yellowhammer,0.9697288274765015,0.9697288274765015,species,1,rand_species,/Users/justyna-przy/Projects/ISE/FYP/src/bird_data/clips/species/emberiza_citrinella/XC1076833__s34000__e37000.wav,
emberiza_citrinella,1076833,Emberiza citrinella,/Users/justyna-przy/Projects/ISE/FYP/src/bird_data/raw/emberiza_citrinella/XC1076833.mp3,40.0,43.0,-36.23859204803569,-40.0,species,Emberiza citrinella,Yellowhammer,0.8130098581314087,0.8130098581314087,species,1,rand_species,/Users/justyna-przy/Projects/ISE/FYP/src/bird_data/clips/species/emberiza_citrinella/XC1076833__s40000__e43000.wav,
emberiza_citrinella,1076833,Emberiza citrinella,/Users/justyna-przy/Projects/ISE/FYP/src/bird_data/raw/emberiza_citrinella/XC1076833.mp3,43.0,46.0,-26.95101319384014,-40.0,species,Emberiza citrinella,Yellowhammer,0.9322158694267273,0.9322158694267273,species,0,,,
emberiza_citrinella,1076833,Emberiza citrinella,/Users/justyna-przy/Projects/ISE/FYP/src/bird_data/raw/emberiza_citrinella/XC1076833.mp3,52.0,55.0,-28.034542738772892,-40.0,species,Emberiza citrinella,Yellowhammer,0.974189817905426,0.974189817905426,species,0,,,
emberiza_citrinella,1072413,Emberiza citrinella,/Users/justyna-przy/Projects/ISE/FYP/src/bird_data/raw/emberiza_citrinella/XC1072413.mp3,1.0,4.0,-35.02461193700967,-40.0,species,Emberiza citrinella,Yellowhammer,0.9711549282073975,0.9711549282073975,species,1,rand_species,/Users/justyna-przy/Projects/ISE/FYP/src/bird_data/clips/species/emberiza_citrinella/XC1072413__s1000__e4000.wav,
emberiza_citrinella,1072413,Emberiza citrinella,/Users/justyna-przy/Projects/ISE/FYP/src/bird_data/raw/emberiza_citrinella/XC1072413.mp3,10.0,13.0,-37.00950904625368,-40.0,species,Emberiza citrinella,Yellowhammer,0.902965784072876,0.902965784072876,species,1,rand_species,/Users/justyna-przy/Projects/ISE/FYP/src/bird_data/clips/species/emberiza_citrinella/XC1072413__s10000__e13000.wav,
emberiza_citrinella,1072413,Emberiza citrinella,/Users/justyna-przy/Projects/ISE/FYP/src/bird_data/raw/emberiza_citrinella/XC1072413.mp3,19.0,22.0,-35.295491388297286,-40.0,species,Emberiza citrinella,Yellowhammer,0.7558334469795227,0.7558334469795227,species,1,rand_species,/Users/justyna-przy/Projects/ISE/FYP/src/bird_data/clips/species/emberiza_citrinella/XC1072413__s19000__e22000.wav,
emberiza_citrinella,1063619,Emberiza citrinella,/Users/justyna-przy/Projects/ISE/FYP/src/bird_data/raw/emberiza_citrinella/XC1063619.mp3,1.0,4.0,-51.40275385774595,-40.0,species,Emberiza citrinella,Yellowhammer,0.9874837398529053,0.9874837398529053,species,1,rand_species,/Users/justyna-przy/Projects/ISE/FYP/src/bird_data/clips/species/emberiza_citrinella/XC1063619__s1000__e4000.wav,
emberiza_citrinella,1055750,Emberiza citrinella,/Users/justyna-przy/Projects/ISE/FYP/src/bird_data/raw/emberiza_citrinella/XC1055750.mp3,1.0,4.0,-37.686530703665206,-40.0,drop,Fringilla coelebs,Common Chaffinch,0.9360085725784302,0.9360085725784302,drop,0,,,
emberiza_citrinella,1055750,Emberiza citrinella,/Users/justyna-przy/Projects/ISE/FYP/src/bird_data/raw/emberiza_citrinella/XC1055750.mp3,13.0,16.0,-36.32157746105063,-40.0,drop,Prunella modularis,Dunnock,0.9650923609733582,0.9650923609733582,drop,0,,,
emberiza_citrinella,1055750,Emberiza citrinella,/Users/justyna-przy/Projects/ISE/FYP/src/bird_data/raw/emberiza_citrinella/XC1055750.mp3,16.0,19.0,-36.52248050307178,-40.0,drop,Prunella modularis,Dunnock,0.28882765769958496,0.28882765769958496,drop,0,,,
emberiza_citrinella,1055749,Emberiza citrinella,/Users/justyna-przy/Projects/ISE/FYP/src/bird_data/raw/emberiza_citrinella/XC1055749.mp3,1.0,4.0,-25.81530883124751,-35.23682453307709,species,Emberiza citrinella,Yellowhammer,0.5546827912330627,0.5546827912330627,species,1,rand_species,/Users/justyna-przy/Projects/ISE/FYP/src/bird_data/clips/species/emberiza_citrinella/XC1055749__s1000__e4000.wav,
emberiza_citrinella,1055731,Emberiza citrinella,/Users/justyna-przy/Projects/ISE/FYP/src/bird_data/raw/emberiza_citrinella/XC1055731.mp3,1.0,4.0,-36.5064879889969,-40.0,drop,Anthus trivialis,Tree Pipit,0.2193576842546463,0.2193576842546463,drop,0,,,
emberiza_citrinella,1055722,Emberiza citrinella,/Users/justyna-przy/Projects/ISE/FYP/src/bird_data/raw/emberiza_citrinella/XC1055722.mp3,4.0,7.0,-36.55577508314107,-40.0,drop,Emberiza calandra,Corn Bunting,0.28380098938941956,0.28380098938941956,drop,0,,,
emberiza_citrinella,1055675,Emberiza citrinella,/Users/justyna-przy/Projects/ISE/FYP/src/bird_data/raw/emberiza_citrinella/XC1055675.mp3,1.0,4.0,-27.57891005691222,-32.813614457139046,drop,Tyrannus savana,Fork-tailed Flycatcher,0.6367636919021606,0.6367636919021606,drop,0,,,
emberiza_citrinella,1055675,Emberiza citrinella,/Users/justyna-przy/Projects/ISE/FYP/src/bird_data/raw/emberiza_citrinella/XC1055675.mp3,4.0,7.0,-31.76283288416365,-32.813614457139046,non_bird,,,0.0,0.0,non_bird,1,nonbird_lowconf,/Users/justyna-przy/Projects/ISE/FYP/src/bird_data/clips/non_bird/emberiza_citrinella/XC1055675__s4000__e7000.wav,
emberiza_citrinella,1055666,Emberiza citrinella,/Users/justyna-przy/Projects/ISE/FYP/src/bird_data/raw/emberiza_citrinella/XC1055666.mp3,13.0,16.0,-41.01820636669367,-40.0,species,Emberiza citrinella,Yellowhammer,0.46914583444595337,0.46914583444595337,species,1,rand_species,/Users/justyna-przy/Projects/ISE/FYP/src/bird_data/clips/species/emberiza_citrinella/XC1055666__s13000__e16000.wav,
emberiza_citrinella,1055665,Emberiza citrinella,/Users/justyna-przy/Projects/ISE/FYP/src/bird_data/raw/emberiza_citrinella/XC1055665.mp3,1.0,4.0,-39.36546803297722,-39.39052354481331,drop,Aegithalos caudatus,Long-tailed Tit,0.19871146976947784,0.19871146976947784,drop,0,,,
emberiza_citrinella,1055665,Emberiza citrinella,/Users/justyna-przy/Projects/ISE/FYP/src/bird_data/raw/emberiza_citrinella/XC1055665.mp3,4.0,7.0,-34.00942316329967,-39.39052354481331,drop,Anthus godlewskii,Blyth's Pipit,0.6971308588981628,0.6971308588981628,drop,0,,,
emberiza_citrinella,1055665,Emberiza citrinella,/Users/justyna-przy/Projects/ISE/FYP/src/bird_data/raw/emberiza_citrinella/XC1055665.mp3,7.0,10.0,-37.62208774711793,-39.39052354481331,species,Emberiza citrinella,Yellowhammer,0.3266381025314331,0.3266381025314331,species,1,rand_species,/Users/justyna-przy/Projects/ISE/FYP/src/bird_data/clips/species/emberiza_citrinella/XC1055665__s7000__e10000.wav,
emberiza_citrinella,1055593,Emberiza citrinella,/Users/justyna-przy/Projects/ISE/FYP/src/bird_data/raw/emberiza_citrinella/XC1055593.mp3,4.0,7.0,-38.31687883178115,-38.45527571459399,drop,Anthus pratensis,Meadow Pipit,0.5606153607368469,0.5606153607368469,drop,0,,,
emberiza_citrinella,1055593,Emberiza citrinella,/Users/justyna-przy/Projects/ISE/FYP/src/bird_data/raw/emberiza_citrinella/XC1055593.mp3,7.0,10.0,-33.781037245075424,-38.45527571459399,species,Emberiza citrinella,Yellowhammer,0.36336657404899597,0.36336657404899597,species,1,rand_species,/Users/justyna-przy/Projects/ISE/FYP/src/bird_data/clips/species/emberiza_citrinella/XC1055593__s7000__e10000.wav,
emberiza_citrinella,1055593,Emberiza citrinella,/Users/justyna-przy/Projects/ISE/FYP/src/bird_data/raw/emberiza_citrinella/XC1055593.mp3,10.0,13.0,-29.908062163207198,-38.45527571459399,drop,Emberiza bruniceps,Red-headed Bunting,0.1083168312907219,0.1083168312907219,drop,0,,,
emberiza_citrinella,1055593,Emberiza citrinella,/Users/justyna-przy/Projects/ISE/FYP/src/bird_data/raw/emberiza_citrinella/XC1055593.mp3,13.0,16.0,-29.603944140042316,-38.45527571459399,species,Emberiza citrinella,Yellowhammer,0.8480147123336792,0.8480147123336792,species,1,rand_species,/Users/justyna-przy/Projects/ISE/FYP/src/bird_data/clips/species/emberiza_citrinella/XC1055593__s13000__e16000.wav,
emberiza_citrinella,1055593,Emberiza citrinella,/Users/justyna-przy/Projects/ISE/FYP/src/bird_data/raw/emberiza_citrinella/XC1055593.mp3,16.0,19.0,-34.98198727427734,-38.45527571459399,species,Emberiza citrinella,Yellowhammer,0.32281678915023804,0.32281678915023804,species,1,rand_species,/Users/justyna-przy/Projects/ISE/FYP/src/bird_data/clips/species/emberiza_citrinella/XC1055593__s16000__e19000.wav,
emberiza_citrinella,1055592,Emberiza citrinella,/Users/justyna-przy/Projects/ISE/FYP/src/bird_data/raw/emberiza_citrinella/XC1055592.mp3,4.0,7.0,-36.70796963859295,-40.0,species,Emberiza citrinella,Yellowhammer,0.8632697463035583,0.8632697463035583,species,1,rand_species,/Users/justyna-przy/Projects/ISE/FYP/src/bird_data/clips/species/emberiza_citrinella/XC1055592__s4000__e7000.wav,
emberiza_citrinella,1055592,Emberiza citrinella,/Users/justyna-przy/Projects/ISE/FYP/src/bird_data/raw/emberiza_citrinella/XC1055592.mp3,7.0,10.0,-37.1277906828546,-40.0,drop,Emberiza citrinella,Yellowhammer,0.22619767487049103,0.22619767487049103,drop,0,,,
emberiza_citrinella,1055592,Emberiza citrinella,/Users/justyna-przy/Projects/ISE/FYP/src/bird_data/raw/emberiza_citrinella/XC1055592.mp3,10.0,13.0,-39.26313306545797,-40.0,species,Emberiza citrinella,Yellowhammer,0.783264696598053,0.783264696598053,species,1,rand_species,/Users/justyna-przy/Projects/ISE/FYP/src/bird_data/clips/species/emberiza_citrinella/XC1055592__s10000__e13000.wav,
emberiza_citrinella,1055545,Emberiza citrinella,/Users/justyna-przy/Projects/ISE/FYP/src/bird_data/raw/emberiza_citrinella/XC1055545.mp3,4.0,7.0,-30.08426278952642,-40.0,species,Emberiza citrinella,Yellowhammer,0.5155305862426758,0.5155305862426758,species,1,rand_species,/Users/justyna-przy/Projects/ISE/FYP/src/bird_data/clips/species/emberiza_citrinella/XC1055545__s4000__e7000.wav,
emberiza_citrinella,1055544,Emberiza citrinella,/Users/justyna-przy/Projects/ISE/FYP/src/bird_data/raw/emberiza_citrinella/XC1055544.mp3,1.0,4.0,-40.03949874074911,-40.0,drop,Anthus pratensis,Meadow Pipit,0.4415797293186188,0.4415797293186188,drop,0,,,
emberiza_citrinella,1055525,Emberiza citrinella,/Users/justyna-przy/Projects/ISE/FYP/src/bird_data/raw/emberiza_citrinella/XC1055525.mp3,1.0,4.0,-41.13431671650818,-40.0,species,Emberiza citrinella,Yellowhammer,0.3549625873565674,0.3549625873565674,species,1,rand_species,/Users/justyna-przy/Projects/ISE/FYP/src/bird_data/clips/species/emberiza_citrinella/XC1055525__s1000__e4000.wav,
emberiza_citrinella,1055502,Emberiza citrinella,/Users/justyna-przy/Projects/ISE/FYP/src/bird_data/raw/emberiza_citrinella/XC1055502.mp3,4.0,7.0,-38.81890510002075,-38.85138304222104,drop,Cinclus cinclus,White-throated Dipper,0.534261167049408,0.534261167049408,drop,0,,,
emberiza_citrinella,1055502,Emberiza citrinella,/Users/justyna-przy/Projects/ISE/FYP/src/bird_data/raw/emberiza_citrinella/XC1055502.mp3,7.0,10.0,-35.0895894517813,-38.85138304222104,species,Emberiza citrinella,Yellowhammer,0.9001539945602417,0.9001539945602417,species,1,rand_species,/Users/justyna-przy/Projects/ISE/FYP/src/bird_data/clips/species/emberiza_citrinella/XC1055502__s7000__e10000.wav,
emberiza_citrinella,1055502,Emberiza citrinella,/Users/justyna-przy/Projects/ISE/FYP/src/bird_data/raw/emberiza_citrinella/XC1055502.mp3,10.0,13.0,-36.15163979316017,-38.85138304222104,species,Emberiza citrinella,Yellowhammer,0.7445839047431946,0.7445839047431946,species,1,rand_species,/Users/justyna-przy/Projects/ISE/FYP/src/bird_data/clips/species/emberiza_citrinella/XC1055502__s10000__e13000.wav,
emberiza_citrinella,1055484,Emberiza citrinella,/Users/justyna-przy/Projects/ISE/FYP/src/bird_data/raw/emberiza_citrinella/XC1055484.mp3,1.0,4.0,-34.5707587507924,-35.22211926646174,species,Emberiza citrinella,Yellowhammer,0.40161484479904175,0.40161484479904175,species,1,rand_species,/Users/justyna-przy/Projects/ISE/FYP/src/bird_data/clips/species/emberiza_citrinella/XC1055484__s1000__e4000.wav,
emberiza_citrinella,1055484,Emberiza citrinella,/Users/justyna-przy/Projects/ISE/FYP/src/bird_data/raw/emberiza_citrinella/XC1055484.mp3,4.0,7.0,-32.30198218534553,-35.22211926646174,drop,Anthus godlewskii,Blyth's Pipit,0.50095134973526,0.50095134973526,drop,0,,,
emberiza_citrinella,1055477,Emberiza citrinella,/Users/justyna-przy/Projects/ISE/FYP/src/bird_data/raw/emberiza_citrinella/XC1055477.mp3,1.0,4.0,-38.12994042798294,-40.0,species,Emberiza citrinella,Yellowhammer,0.7477318048477173,0.7477318048477173,species,1,rand_species,/Users/justyna-przy/Projects/ISE/FYP/src/bird_data/clips/species/emberiza_citrinella/XC1055477__s1000__e4000.wav,
emberiza_citrinella,1055477,Emberiza citrinella,/Users/justyna-przy/Projects/ISE/FYP/src/bird_data/raw/emberiza_citrinella/XC1055477.mp3,4.0,7.0,-36.177059709016504,-40.0,species,Emberiza citrinella,Yellowhammer,0.7683508992195129,0.7683508992195129,species,1,rand_species,/Users/justyna-przy/Projects/ISE/FYP/src/bird_data/clips/species/emberiza_citrinella/XC1055477__s4000__e7000.wav,
emberiza_citrinella,1055477,Emberiza citrinella,/Users/justyna-przy/Projects/ISE/FYP/src/bird_data/raw/emberiza_citrinella/XC1055477.mp3,7.0,10.0,-36.521126028500625,-40.0,drop,Emberiza schoeniclus,Reed Bunting,0.3325277268886566,0.3325277268886566,drop,0,,,
emberiza_citrinella,1055477,Emberiza citrinella,/Users/justyna-przy/Projects/ISE/FYP/src/bird_data/raw/emberiza_citrinella/XC1055477.mp3,13.0,16.0,-39.45386035975713,-40.0,species,Emberiza citrinella,Yellowhammer,0.8580467104911804,0.8580467104911804,species,0,,,
emberiza_citrinella,1055477,Emberiza citrinella,/Users/justyna-przy/Projects/ISE/FYP/src/bird_data/raw/emberiza_citrinella/XC1055477.mp3,28.0,31.0,-39.84516495563091,-40.0,species,Emberiza citrinella,Yellowhammer,0.44467177987098694,0.44467177987098694,species,0,,,
emberiza_citrinella,1055477,Emberiza citrinella,/Users/justyna-przy/Projects/ISE/FYP/src/bird_data/raw/emberiza_citrinella/XC1055477.mp3,31.0,34.0,-37.68236984500427,-40.0,species,Emberiza citrinella,Yellowhammer,0.8893546462059021,0.8893546462059021,species,1,rand_species,/Users/justyna-przy/Projects/ISE/FYP/src/bird_data/clips/species/emberiza_citrinella/XC1055477__s31000__e34000.wav,
emberiza_citrinella,1055477,Emberiza citrinella,/Users/justyna-przy/Projects/ISE/FYP/src/bird_data/raw/emberiza_citrinella/XC1055477.mp3,34.0,37.0,-37.26476669901936,-40.0,species,Emberiza citrinella,Yellowhammer,0.7301608324050903,0.7301608324050903,species,0,,,
emberiza_citrinella,1055465,Emberiza citrinella,/Users/justyna-przy/Projects/ISE/FYP/src/bird_data/raw/emberiza_citrinella/XC1055465.mp3,1.0,4.0,-34.824671207629535,-34.86481556879389,drop,Cinclus mexicanus,American Dipper,0.20018549263477325,0.20018549263477325,drop,0,,,
emberiza_citrinella,1055465,Emberiza citrinella,/Users/justyna-przy/Projects/ISE/FYP/src/bird_data/raw/emberiza_citrinella/XC1055465.mp3,4.0,7.0,-33.72928569487715,-34.86481556879389,non_bird,,,0.0,0.0,non_bird,1,nonbird_lowconf,/Users/justyna-przy/Projects/ISE/FYP/src/bird_data/clips/non_bird/emberiza_citrinella/XC1055465__s4000__e7000.wav,
emberiza_citrinella,1055465,Emberiza citrinella,/Users/justyna-przy/Projects/ISE/FYP/src/bird_data/raw/emberiza_citrinella/XC1055465.mp3,7.0,10.0,-32.210825097413846,-34.86481556879389,species,Emberiza citrinella,Yellowhammer,0.8869491219520569,0.8869491219520569,species,1,rand_species,/Users/justyna-przy/Projects/ISE/FYP/src/bird_data/clips/species/emberiza_citrinella/XC1055465__s7000__e10000.wav,
emberiza_citrinella,1055465,Emberiza citrinella,/Users/justyna-przy/Projects/ISE/FYP/src/bird_data/raw/emberiza_citrinella/XC1055465.mp3,10.0,13.0,-34.83898719897652,-34.86481556879389,species,Emberiza citrinella,Yellowhammer,0.8880719542503357,0.8880719542503357,species,1,rand_species,/Users/justyna-przy/Projects/ISE/FYP/src/bird_data/clips/species/emberiza_citrinella/XC1055465__s10000__e13000.wav,
emberiza_citrinella,1055403,Emberiza citrinella,/Users/justyna-przy/Projects/ISE/FYP/src/bird_data/raw/emberiza_citrinella/XC1055403.mp3,1.0,4.0,-28.850117635283326,-40.0,species,Emberiza citrinella,Yellowhammer,0.7914232015609741,0.7914232015609741,species,1,rand_species,/Users/justyna-przy/Projects/ISE/FYP/src/bird_data/clips/species/emberiza_citrinella/XC1055403__s1000__e4000.wav,
emberiza_citrinella,1055403,Emberiza citrinella,/Users/justyna-przy/Projects/ISE/FYP/src/bird_data/raw/emberiza_citrinella/XC1055403.mp3,4.0,7.0,-38.31089696420042,-40.0,drop,Anthus pratensis,Meadow Pipit,0.8464832901954651,0.8464832901954651,drop,0,,,
emberiza_citrinella,1055396,Emberiza citrinella,/Users/justyna-przy/Projects/ISE/FYP/src/bird_data/raw/emberiza_citrinella/XC1055396.mp3,4.0,7.0,-34.15145680291885,-35.112841079263134,species,Emberiza citrinella,Yellowhammer,0.7516298294067383,0.7516298294067383,species,1,rand_species,/Users/justyna-przy/Projects/ISE/FYP/src/bird_data/clips/species/emberiza_citrinella/XC1055396__s4000__e7000.wav,
emberiza_citrinella,1055314,Emberiza citrinella,/Users/justyna-przy/Projects/ISE/FYP/src/bird_data/raw/emberiza_citrinella/XC1055314.mp3,4.0,7.0,-37.3726527676378,-37.926746800223526,species,Emberiza citrinella,Yellowhammer,0.8222870826721191,0.8222870826721191,species,1,rand_species,/Users/justyna-przy/Projects/ISE/FYP/src/bird_data/clips/species/emberiza_citrinella/XC1055314__s4000__e7000.wav,
emberiza_citrinella,1055314,Emberiza citrinella,/Users/justyna-przy/Projects/ISE/FYP/src/bird_data/raw/emberiza_citrinella/XC1055314.mp3,7.0,10.0,-32.546209867424764,-37.926746800223526,species,Emberiza citrinella,Yellowhammer,0.5123247504234314,0.5123247504234314,species,1,rand_species,/Users/justyna-przy/Projects/ISE/FYP/src/bird_data/clips/species/emberiza_citrinella/XC1055314__s7000__e10000.wav,
emberiza_citrinella,1055313,Emberiza citrinella,/Users/justyna-przy/Projects/ISE/FYP/src/bird_data/raw/emberiza_citrinella/XC1055313.mp3,1.0,4.0,-33.16328905233975,-33.28693720173616,drop,Emberiza citrinella,Yellowhammer,0.20846308767795563,0.20846308767795563,drop,0,,,
emberiza_citrinella,1055284,Emberiza citrinella,/Users/justyna-przy/Projects/ISE/FYP/src/bird_data/raw/emberiza_citrinella/XC1055284.mp3,1.0,4.0,-31.929040173813462,-33.14139111782317,drop,Emberiza calandra,Corn Bunting,0.41317760944366455,0.41317760944366455,drop,0,,,
emberiza_citrinella,1055225,Emberiza citrinella,/Users/justyna-przy/Projects/ISE/FYP/src/bird_data/raw/emberiza_citrinella/XC1055225.mp3,1.0,4.0,-34.25719586295513,-39.75882199303744,drop,Emberiza citrinella,Yellowhammer,0.2451932430267334,0.2451932430267334,drop,0,,,
emberiza_citrinella,1055225,Emberiza citrinella,/Users/justyna-przy/Projects/ISE/FYP/src/bird_data/raw/emberiza_citrinella/XC1055225.mp3,4.0,7.0,-33.93970112902247,-39.75882199303744,species,Emberiza citrinella,Yellowhammer,0.3600252866744995,0.3600252866744995,species,1,rand_species,/Users/justyna-przy/Projects/ISE/FYP/src/bird_data/clips/species/emberiza_citrinella/XC1055225__s4000__e7000.wav,
emberiza_citrinella,1055225,Emberiza citrinella,/Users/justyna-przy/Projects/ISE/FYP/src/bird_data/raw/emberiza_citrinella/XC1055225.mp3,7.0,10.0,-35.04494160493765,-39.75882199303744,drop,Tyrannus savana,Fork-tailed Flycatcher,0.6351275444030762,0.6351275444030762,drop,0,,,
emberiza_citrinella,1055225,Emberiza citrinella,/Users/justyna-przy/Projects/ISE/FYP/src/bird_data/raw/emberiza_citrinella/XC1055225.mp3,10.0,13.0,-36.87402527636778,-39.75882199303744,species,Emberiza citrinella,Yellowhammer,0.6519762277603149,0.6519762277603149,species,1,rand_species,/Users/justyna-przy/Projects/ISE/FYP/src/bird_data/clips/species/emberiza_citrinella/XC1055225__s10000__e13000.wav,
emberiza_citrinella,1055225,Emberiza citrinella,/Users/justyna-przy/Projects/ISE/FYP/src/bird_data/raw/emberiza_citrinella/XC1055225.mp3,16.0,19.0,-35.7384257461071,-39.75882199303744,non_bird,,,0.0,0.0,non_bird,1,nonbird_lowconf,/Users/justyna-przy/Projects/ISE/FYP/src/bird_data/clips/non_bird/emberiza_citrinella/XC1055225__s16000__e19000.wav,
emberiza_citrinella,1055087,Emberiza citrinella,/Users/justyna-przy/Projects/ISE/FYP/src/bird_data/raw/emberiza_citrinella/XC1055087.mp3,4.0,7.0,-39.63179595843434,-40.0,drop,Emberiza citrinella,Yellowhammer,0.19983845949172974,0.19983845949172974,drop,0,,,
emberiza_citrinella,1055087,Emberiza citrinella,/Users/justyna-przy/Projects/ISE/FYP/src/bird_data/raw/emberiza_citrinella/XC1055087.mp3,7.0,10.0,-36.969288836620834,-40.0,species,Emberiza citrinella,Yellowhammer,0.7421098351478577,0.7421098351478577,species,1,rand_species,/Users/justyna-przy/Projects/ISE/FYP/src/bird_data/clips/species/emberiza_citrinella/XC1055087__s7000__e10000.wav,
emberiza_citrinella,1055087,Emberiza citrinella,/Users/justyna-przy/Projects/ISE/FYP/src/bird_data/raw/emberiza_citrinella/XC1055087.mp3,10.0,13.0,-33.962733539965114,-40.0,drop,Anthus pratensis,Meadow Pipit,0.11257236450910568,0.11257236450910568,drop,0,,,
emberiza_citrinella,1055080,Emberiza citrinella,/Users/justyna-przy/Projects/ISE/FYP/src/bird_data/raw/emberiza_citrinella/XC1055080.mp3,4.0,7.0,-29.75069417879517,-34.987424425278924,drop,Anthus pratensis,Meadow Pipit,0.30621081590652466,0.30621081590652466,drop,0,,,
emberiza_citrinella,1055080,Emberiza citrinella,/Users/justyna-przy/Projects/ISE/FYP/src/bird_data/raw/emberiza_citrinella/XC1055080.mp3,7.0,10.0,-32.502388608649994,-34.987424425278924,species,Emberiza citrinella,Yellowhammer,0.471570760011673,0.471570760011673,species,1,rand_species,/Users/justyna-przy/Projects/ISE/FYP/src/bird_data/clips/species/emberiza_citrinella/XC1055080__s7000__e10000.wav,
emberiza_citrinella,1055080,Emberiza citrinella,/Users/justyna-przy/Projects/ISE/FYP/src/bird_data/raw/emberiza_citrinella/XC1055080.mp3,13.0,16.0,-33.62303228747605,-34.987424425278924,drop,Emberiza schoeniclus,Reed Bunting,0.36282405257225037,0.36282405257225037,drop,0,,,
emberiza_citrinella,1055072,Emberiza citrinella,/Users/justyna-przy/Projects/ISE/FYP/src/bird_data/raw/emberiza_citrinella/XC1055072.mp3,4.0,7.0,-34.60077603795044,-35.495291903321146,drop,Fringilla coelebs,Common Chaffinch,0.2749998867511749,0.2749998867511749,drop,0,,,
emberiza_citrinella,1055072,Emberiza citrinella,/Users/justyna-przy/Projects/ISE/FYP/src/bird_data/raw/emberiza_citrinella/XC1055072.mp3,7.0,10.0,-30.986878162145647,-35.495291903321146,drop,Fringilla coelebs,Common Chaffinch,0.19134530425071716,0.19134530425071716,drop,0,,,
emberiza_citrinella,1055072,Emberiza citrinella,/Users/justyna-przy/Projects/ISE/FYP/src/bird_data/raw/emberiza_citrinella/XC1055072.mp3,10.0,13.0,-34.86831562377206,-35.495291903321146,drop,Fringilla montifringilla,Brambling,0.5339368581771851,0.5339368581771851,drop,0,,,
emberiza_citrinella,1052609,Emberiza citrinella,/Users/justyna-przy/Projects/ISE/FYP/src/bird_data/raw/emberiza_citrinella/XC1052609.mp3,1.0,4.0,-46.194896161772824,-40.0,species,Emberiza citrinella,Yellowhammer,0.9114845395088196,0.9114845395088196,species,1,rand_species,/Users/justyna-przy/Projects/ISE/FYP/src/bird_data/clips/species/emberiza_citrinella/XC1052609__s1000__e4000.wav,
emberiza_citrinella,1052169,Emberiza citrinella,/Users/justyna-przy/Projects/ISE/FYP/src/bird_data/raw/emberiza_citrinella/XC1052169.mp3,4.0,7.0,-46.33184890550101,-40.0,species,Emberiza citrinella,Yellowhammer,0.4759727120399475,0.4759727120399475,species,1,rand_species,/Users/justyna-przy/Projects/ISE/FYP/src/bird_data/clips/species/emberiza_citrinella/XC1052169__s4000__e7000.wav,
emberiza_citrinella,1051937,Emberiza citrinella,/Users/justyna-przy/Projects/ISE/FYP/src/bird_data/raw/emberiza_citrinella/XC1051937.mp3,1.0,4.0,-53.63793854355109,-40.0,non_bird,,,0.0,0.0,non_bird,1,nonbird_lowconf,/Users/justyna-przy/Projects/ISE/FYP/src/bird_data/clips/non_bird/emberiza_citrinella/XC1051937__s1000__e4000.wav,
emberiza_citrinella,1051932,Emberiza citrinella,/Users/justyna-przy/Projects/ISE/FYP/src/bird_data/raw/emberiza_citrinella/XC1051932.mp3,10.0,13.0,-59.47359314530282,-40.0,non_bird,,,0.0,0.0,non_bird,1,nonbird_lowconf,/Users/justyna-przy/Projects/ISE/FYP/src/bird_data/clips/non_bird/emberiza_citrinella/XC1051932__s10000__e13000.wav,
emberiza_citrinella,1051874,Emberiza citrinella,/Users/justyna-przy/Projects/ISE/FYP/src/bird_data/raw/emberiza_citrinella/XC1051874.mp3,22.0,25.0,-51.41399091776647,-40.0,non_bird,,,0.0,0.0,non_bird,1,nonbird_lowconf,/Users/justyna-przy/Projects/ISE/FYP/src/bird_data/clips/non_bird/emberiza_citrinella/XC1051874__s22000__e25000.wav,
emberiza_citrinella,1046886,Emberiza citrinella,/Users/justyna-przy/Projects/ISE/FYP/src/bird_data/raw/emberiza_citrinella/XC1046886.mp3,1.0,4.0,-42.863383334688635,-40.0,species,Emberiza citrinella,Yellowhammer,0.46496713161468506,0.46496713161468506,species,1,rand_species,/Users/justyna-przy/Projects/ISE/FYP/src/bird_data/clips/species/emberiza_citrinella/XC1046886__s1000__e4000.wav,
emberiza_citrinella,1043442,Emberiza citrinella,/Users/justyna-przy/Projects/ISE/FYP/src/bird_data/raw/emberiza_citrinella/XC1043442.mp3,1.0,4.0,-39.836076599137186,-39.836076599137186,non_bird,,,0.0,0.0,non_bird,1,nonbird_lowconf,/Users/justyna-przy/Projects/ISE/FYP/src/bird_data/clips/non_bird/emberiza_citrinella/XC1043442__s1000__e4000.wav,
emberiza_citrinella,1041161,Emberiza citrinella,/Users/justyna-przy/Projects/ISE/FYP/src/bird_data/raw/emberiza_citrinella/XC1041161.mp3,1.0,4.0,-31.267872164702784,-31.267872164702784,drop,Ficedula hypoleuca,European Pied Flycatcher,0.3264428377151489,0.3264428377151489,drop,0,,,
emberiza_citrinella,1031055,Emberiza citrinella,/Users/justyna-przy/Projects/ISE/FYP/src/bird_data/raw/emberiza_citrinella/XC1031055.mp3,1.0,4.0,-28.404234658271697,-40.0,species,Emberiza citrinella,Yellowhammer,0.9930179119110107,0.9930179119110107,species,0,,,
emberiza_citrinella,1031055,Emberiza citrinella,/Users/justyna-przy/Projects/ISE/FYP/src/bird_data/raw/emberiza_citrinella/XC1031055.mp3,10.0,13.0,-30.490357801335627,-40.0,species,Emberiza citrinella,Yellowhammer,0.9816983938217163,0.9816983938217163,species,1,rand_species,/Users/justyna-przy/Projects/ISE/FYP/src/bird_data/clips/species/emberiza_citrinella/XC1031055__s10000__e13000.wav,
emberiza_citrinella,1031055,Emberiza citrinella,/Users/justyna-przy/Projects/ISE/FYP/src/bird_data/raw/emberiza_citrinella/XC1031055.mp3,16.0,19.0,-33.631559220802686,-40.0,drop,Sylvia atricapilla,Eurasian Blackcap,0.9052407741546631,0.9052407741546631,drop,0,,,
emberiza_citrinella,1031055,Emberiza citrinella,/Users/justyna-przy/Projects/ISE/FYP/src/bird_data/raw/emberiza_citrinella/XC1031055.mp3,25.0,28.0,-33.276444163098645,-40.0,species,Emberiza citrinella,Yellowhammer,0.9710989594459534,0.9710989594459534,species,0,,,
emberiza_citrinella,1031055,Emberiza citrinella,/Users/justyna-przy/Projects/ISE/FYP/src/bird_data/raw/emberiza_citrinella/XC1031055.mp3,28.0,31.0,-35.12915666194946,-40.0,species,Emberiza citrinella,Yellowhammer,0.5447999238967896,0.5447999238967896,species,1,rand_species,/Users/justyna-przy/Projects/ISE/FYP/src/bird_data/clips/species/emberiza_citrinella/XC1031055__s28000__e31000.wav,
emberiza_citrinella,1031055,Emberiza citrinella,/Users/justyna-przy/Projects/ISE/FYP/src/bird_data/raw/emberiza_citrinella/XC1031055.mp3,37.0,40.0,-28.154657079744872,-40.0,species,Emberiza citrinella,Yellowhammer,0.9879988431930542,0.9879988431930542,species,1,rand_species,/Users/justyna-przy/Projects/ISE/FYP/src/bird_data/clips/species/emberiza_citrinella/XC1031055__s37000__e40000.wav,
emberiza_citrinella,1031055,Emberiza citrinella,/Users/justyna-przy/Projects/ISE/FYP/src/bird_data/raw/emberiza_citrinella/XC1031055.mp3,46.0,49.0,-31.11831165094089,-40.0,species,Emberiza citrinella,Yellowhammer,0.9367536306381226,0.9367536306381226,species,0,,,
emberiza_citrinella,1012895,Emberiza citrinella,/Users/justyna-przy/Projects/ISE/FYP/src/bird_data/raw/emberiza_citrinella/XC1012895.mp3,1.0,4.0,-32.0477363868646,-40.0,species,Emberiza citrinella,Yellowhammer,0.8681850433349609,0.8681850433349609,species,1,rand_species,/Users/justyna-przy/Projects/ISE/FYP/src/bird_data/clips/species/emberiza_citrinella/XC1012895__s1000__e4000.wav,
emberiza_citrinella,1012895,Emberiza citrinella,/Users/justyna-przy/Projects/ISE/FYP/src/bird_data/raw/emberiza_citrinella/XC1012895.mp3,7.0,10.0,-34.38079256127057,-40.0,species,Emberiza citrinella,Yellowhammer,0.9069393873214722,0.9069393873214722,species,1,rand_species,/Users/justyna-przy/Projects/ISE/FYP/src/bird_data/clips/species/emberiza_citrinella/XC1012895__s7000__e10000.wav,
emberiza_citrinella,1012895,Emberiza citrinella,/Users/justyna-przy/Projects/ISE/FYP/src/bird_data/raw/emberiza_citrinella/XC1012895.mp3,16.0,19.0,-34.72580475327947,-40.0,species,Emberiza citrinella,Yellowhammer,0.941866934299469,0.941866934299469,species,1,rand_species,/Users/justyna-przy/Projects/ISE/FYP/src/bird_data/clips/species/emberiza_citrinella/XC1012895__s16000__e19000.wav,
emberiza_citrinella,1009935,Emberiza citrinella,/Users/justyna-przy/Projects/ISE/FYP/src/bird_data/raw/emberiza_citrinella/XC1009935.mp3,1.0,4.0,-50.59810867496687,-40.0,non_bird,,,0.0,0.0,non_bird,1,nonbird_lowconf,/Users/justyna-przy/Projects/ISE/FYP/src/bird_data/clips/non_bird/emberiza_citrinella/XC1009935__s1000__e4000.wav,
emberiza_citrinella,1005583,Emberiza citrinella,/Users/justyna-przy/Projects/ISE/FYP/src/bird_data/raw/emberiza_citrinella/XC1005583.mp3,1.0,4.0,-23.569174397647807,-38.7908403713675,species,Emberiza citrinella,Yellowhammer,0.8271665573120117,0.8271665573120117,species,1,rand_species,/Users/justyna-przy/Projects/ISE/FYP/src/bird_data/clips/species/emberiza_citrinella/XC1005583__s1000__e4000.wav,
emberiza_citrinella,1005583,Emberiza citrinella,/Users/justyna-przy/Projects/ISE/FYP/src/bird_data/raw/emberiza_citrinella/XC1005583.mp3,4.0,7.0,-38.408754722417044,-38.7908403713675,drop,Sylvia atricapilla,Eurasian Blackcap,0.14729122817516327,0.14729122817516327,drop,0,,,
emberiza_citrinella,1005583,Emberiza citrinella,/Users/justyna-przy/Projects/ISE/FYP/src/bird_data/raw/emberiza_citrinella/XC1005583.mp3,7.0,10.0,-36.8162103325513,-38.7908403713675,non_bird,,,0.0,0.0,non_bird,1,nonbird_lowconf,/Users/justyna-przy/Projects/ISE/FYP/src/bird_data/clips/non_bird/emberiza_citrinella/XC1005583__s7000__e10000.wav,
emberiza_citrinella,1005583,Emberiza citrinella,/Users/justyna-przy/Projects/ISE/FYP/src/bird_data/raw/emberiza_citrinella/XC1005583.mp3,10.0,13.0,-26.100257167018764,-38.7908403713675,species,Emberiza citrinella,Yellowhammer,0.9164401292800903,0.9164401292800903,species,1,rand_species,/Users/justyna-przy/Projects/ISE/FYP/src/bird_data/clips/species/emberiza_citrinella/XC1005583__s10000__e13000.wav,
emberiza_citrinella,1005583,Emberiza citrinella,/Users/justyna-przy/Projects/ISE/FYP/src/bird_data/raw/emberiza_citrinella/XC1005583.mp3,19.0,22.0,-31.234066076032224,-38.7908403713675,species,Emberiza citrinella,Yellowhammer,0.724492073059082,0.724492073059082,species,1,rand_species,/Users/justyna-przy/Projects/ISE/FYP/src/bird_data/clips/species/emberiza_citrinella/XC1005583__s19000__e22000.wav,
emberiza_citrinella,1005583,Emberiza citrinella,/Users/justyna-przy/Projects/ISE/FYP/src/bird_data/raw/emberiza_citrinella/XC1005583.mp3,25.0,28.0,-29.363641114123688,-38.7908403713675,species,Emberiza citrinella,Yellowhammer,0.596534252166748,0.596534252166748,species,0,,,
emberiza_citrinella,993920,Emberiza citrinella,/Users/justyna-przy/Projects/ISE/FYP/src/bird_data/raw/emberiza_citrinella/XC993920.mp3,7.0,10.0,-45.25828049887511,-40.0,species,Emberiza citrinella,Yellowhammer,0.9052004218101501,0.9052004218101501,species,1,rand_species,/Users/justyna-przy/Projects/ISE/FYP/src/bird_data/clips/species/emberiza_citrinella/XC993920__s7000__e10000.wav,
emberiza_citrinella,992745,Emberiza citrinella,/Users/justyna-przy/Projects/ISE/FYP/src/bird_data/raw/emberiza_citrinella/XC992745.mp3,1.0,4.0,-37.919040887309215,-39.20109944673624,species,Emberiza citrinella,Yellowhammer,0.9184123873710632,0.9184123873710632,species,1,rand_species,/Users/justyna-przy/Projects/ISE/FYP/src/bird_data/clips/species/emberiza_citrinella/XC992745__s1000__e4000.wav,
emberiza_citrinella,992745,Emberiza citrinella,/Users/justyna-przy/Projects/ISE/FYP/src/bird_data/raw/emberiza_citrinella/XC992745.mp3,7.0,10.0,-35.51079769651948,-39.20109944673624,species,Emberiza citrinella,Yellowhammer,0.8847588896751404,0.8847588896751404,species,1,rand_species,/Users/justyna-przy/Projects/ISE/FYP/src/bird_data/clips/species/emberiza_citrinella/XC992745__s7000__e10000.wav,
emberiza_citrinella,992745,Emberiza citrinella,/Users/justyna-przy/Projects/ISE/FYP/src/bird_data/raw/emberiza_citrinella/XC992745.mp3,10.0,13.0,-35.99633860255789,-39.20109944673624,species,Emberiza citrinella,Yellowhammer,0.9690870046615601,0.9690870046615601,species,1,rand_species,/Users/justyna-przy/Projects/ISE/FYP/src/bird_data/clips/species/emberiza_citrinella/XC992745__s10000__e13000.wav,
emberiza_citrinella,991218,Emberiza citrinella,/Users/justyna-przy/Projects/ISE/FYP/src/bird_data/raw/emberiza_citrinella/XC991218.mp3,1.0,4.0,-35.15996317312484,-39.51887641297983,species,Emberiza citrinella,Yellowhammer,0.6582010388374329,0.6582010388374329,species,1,rand_species,/Users/justyna-przy/Projects/ISE/FYP/src/bird_data/clips/species/emberiza_citrinella/XC991218__s1000__e4000.wav,
emberiza_citrinella,991218,Emberiza citrinella,/Users/justyna-przy/Projects/ISE/FYP/src/bird_data/raw/emberiza_citrinella/XC991218.mp3,7.0,10.0,-35.346871296570235,-39.51887641297983,species,Emberiza citrinella,Yellowhammer,0.9683592915534973,0.9683592915534973,species,0,,,
emberiza_citrinella,991218,Emberiza citrinella,/Users/justyna-przy/Projects/ISE/FYP/src/bird_data/raw/emberiza_citrinella/XC991218.mp3,13.0,16.0,-36.876918499302796,-39.51887641297983,species,Emberiza citrinella,Yellowhammer,0.8243646621704102,0.8243646621704102,species,0,,,
emberiza_citrinella,991218,Emberiza citrinella,/Users/justyna-przy/Projects/ISE/FYP/src/bird_data/raw/emberiza_citrinella/XC991218.mp3,16.0,19.0,-37.275960382932674,-39.51887641297983,species,Emberiza citrinella,Yellowhammer,0.9837464690208435,0.9837464690208435,species,1,rand_species,/Users/justyna-przy/Projects/ISE/FYP/src/bird_data/clips/species/emberiza_citrinella/XC991218__s16000__e19000.wav,
emberiza_citrinella,991218,Emberiza citrinella,/Users/justyna-przy/Projects/ISE/FYP/src/bird_data/raw/emberiza_citrinella/XC991218.mp3,19.0,22.0,-38.905910916692534,-39.51887641297983,species,Emberiza citrinella,Yellowhammer,0.932108998298645,0.932108998298645,species,1,rand_species,/Users/justyna-przy/Projects/ISE/FYP/src/bird_data/clips/species/emberiza_citrinella/XC991218__s19000__e22000.wav,
emberiza_citrinella,989690,Emberiza citrinella,/Users/justyna-przy/Projects/ISE/FYP/src/bird_data/raw/emberiza_citrinella/XC989690.mp3,1.0,4.0,-24.550680938319367,-33.14511883120999,species,Emberiza citrinella,Yellowhammer,0.33612823486328125,0.33612823486328125,species,1,rand_species,/Users/justyna-przy/Projects/ISE/FYP/src/bird_data/clips/species/emberiza_citrinella/XC989690__s1000__e4000.wav,
emberiza_citrinella,989690,Emberiza citrinella,/Users/justyna-przy/Projects/ISE/FYP/src/bird_data/raw/emberiza_citrinella/XC989690.mp3,7.0,10.0,-30.981411206434494,-33.14511883120999,drop,Phylloscopus trochilus,Willow Warbler,0.5060735940933228,0.5060735940933228,drop,0,,,
emberiza_citrinella,989690,Emberiza citrinella,/Users/justyna-przy/Projects/ISE/FYP/src/bird_data/raw/emberiza_citrinella/XC989690.mp3,10.0,13.0,-23.73033191526892,-33.14511883120999,species,Emberiza citrinella,Yellowhammer,0.5345482230186462,0.5345482230186462,species,1,rand_species,/Users/justyna-przy/Projects/ISE/FYP/src/bird_data/clips/species/emberiza_citrinella/XC989690__s10000__e13000.wav,
emberiza_citrinella,989690,Emberiza citrinella,/Users/justyna-przy/Projects/ISE/FYP/src/bird_data/raw/emberiza_citrinella/XC989690.mp3,19.0,22.0,-30.467006996941983,-33.14511883120999,drop,Phylloscopus trochilus,Willow Warbler,0.41261234879493713,0.41261234879493713,drop,0,,,
emberiza_citrinella,989690,Emberiza citrinella,/Users/justyna-przy/Projects/ISE/FYP/src/bird_data/raw/emberiza_citrinella/XC989690.mp3,22.0,25.0,-22.25903567131516,-33.14511883120999,species,Emberiza citrinella,Yellowhammer,0.8098667860031128,0.8098667860031128,species,1,rand_species,/Users/justyna-przy/Projects/ISE/FYP/src/bird_data/clips/species/emberiza_citrinella/XC989690__s22000__e25000.wav,
emberiza_citrinella,986783,Emberiza citrinella,/Users/justyna-przy/Projects/ISE/FYP/src/bird_data/raw/emberiza_citrinella/XC986783.mp3,1.0,4.0,-47.99422727513811,-40.0,non_bird,,,0.0,0.0,non_bird,1,nonbird_lowconf,/Users/justyna-przy/Projects/ISE/FYP/src/bird_data/clips/non_bird/emberiza_citrinella/XC986783__s1000__e4000.wav,
emberiza_citrinella,978800,Emberiza citrinella,/Users/justyna-przy/Projects/ISE/FYP/src/bird_data/raw/emberiza_citrinella/XC978800.mp3,1.0,4.0,-32.45015242111934,-40.0,species,Emberiza citrinella,Yellowhammer,0.9910210967063904,0.9910210967063904,species,1,rand_species,/Users/justyna-przy/Projects/ISE/FYP/src/bird_data/clips/species/emberiza_citrinella/XC978800__s1000__e4000.wav,
emberiza_citrinella,978800,Emberiza citrinella,/Users/justyna-przy/Projects/ISE/FYP/src/bird_data/raw/emberiza_citrinella/XC978800.mp3,7.0,10.0,-35.30905546983361,-40.0,species,Emberiza citrinella,Yellowhammer,0.9194760322570801,0.9194760322570801,species,0,,,
emberiza_citrinella,978800,Emberiza citrinella,/Users/justyna-przy/Projects/ISE/FYP/src/bird_data/raw/emberiza_citrinella/XC978800.mp3,16.0,19.0,-35.2699356072535,-40.0,species,Emberiza citrinella,Yellowhammer,0.90621018409729,0.90621018409729,species,1,rand_species,/Users/justyna-przy/Projects/ISE/FYP/src/bird_data/clips/species/emberiza_citrinella/XC978800__s16000__e19000.wav,
emberiza_citrinella,978800,Emberiza citrinella,/Users/justyna-przy/Projects/ISE/FYP/src/bird_data/raw/emberiza_citrinella/XC978800.mp3,25.0,28.0,-34.26934018884608,-40.0,species,Emberiza citrinella,Yellowhammer,0.9949305653572083,0.9949305653572083,species,0,,,
emberiza_citrinella,978800,Emberiza citrinella,/Users/justyna-przy/Projects/ISE/FYP/src/bird_data/raw/emberiza_citrinella/XC978800.mp3,34.0,37.0,-37.5834553378438,-40.0,species,Emberiza citrinella,Yellowhammer,0.9814988970756531,0.9814988970756531,species,1,rand_species,/Users/justyna-przy/Projects/ISE/FYP/src/bird_data/clips/species/emberiza_citrinella/XC978800__s34000__e37000.wav,
emberiza_citrinella,974413,Emberiza citrinella,/Users/justyna-przy/Projects/ISE/FYP/src/bird_data/raw/emberiza_citrinella/XC974413.mp3,7.0,10.0,-21.529349400567163,-24.396105494429438,drop,Anthus trivialis,Tree Pipit,0.5540050864219666,0.5540050864219666,drop,0,,,
emberiza_citrinella,974413,Emberiza citrinella,/Users/justyna-przy/Projects/ISE/FYP/src/bird_data/raw/emberiza_citrinella/XC974413.mp3,10.0,13.0,-20.198409444303735,-24.396105494429438,drop,Anthus trivialis,Tree Pipit,0.543483555316925,0.543483555316925,drop,0,,,
emberiza_citrinella,974413,Emberiza citrinella,/Users/justyna-przy/Projects/ISE/FYP/src/bird_data/raw/emberiza_citrinella/XC974413.mp3,13.0,16.0,-18.97235594132987,-24.396105494429438,drop,Anthus trivialis,Tree Pipit,0.2771255075931549,0.2771255075931549,drop,0,,,
emberiza_citrinella,974413,Emberiza citrinella,/Users/justyna-przy/Projects/ISE/FYP/src/bird_data/raw/emberiza_citrinella/XC974413.mp3,16.0,19.0,-22.774772707586017,-24.396105494429438,drop,Anthus trivialis,Tree Pipit,0.2867046892642975,0.2867046892642975,drop,0,,,
emberiza_citrinella,974413,Emberiza citrinella,/Users/justyna-przy/Projects/ISE/FYP/src/bird_data/raw/emberiza_citrinella/XC974413.mp3,22.0,25.0,-24.0729626018601,-24.396105494429438,drop,Troglodytes solstitialis,Mountain Wren,0.1925314962863922,0.1925314962863922,drop,0,,,
emberiza_citrinella,973151,Emberiza citrinella,/Users/justyna-przy/Projects/ISE/FYP/src/bird_data/raw/emberiza_citrinella/XC973151.mp3,1.0,4.0,-23.102549101925717,-40.0,species,Emberiza citrinella,Yellowhammer,0.9890289306640625,0.9890289306640625,species,1,rand_species,/Users/justyna-przy/Projects/ISE/FYP/src/bird_data/clips/species/emberiza_citrinella/XC973151__s1000__e4000.wav,
emberiza_citrinella,973151,Emberiza citrinella,/Users/justyna-przy/Projects/ISE/FYP/src/bird_data/raw/emberiza_citrinella/XC973151.mp3,16.0,19.0,-25.507444440955584,-40.0,species,Emberiza citrinella,Yellowhammer,0.9878271222114563,0.9878271222114563,species,1,rand_species,/Users/justyna-przy/Projects/ISE/FYP/src/bird_data/clips/species/emberiza_citrinella/XC973151__s16000__e19000.wav,
emberiza_citrinella,973151,Emberiza citrinella,/Users/justyna-przy/Projects/ISE/FYP/src/bird_data/raw/emberiza_citrinella/XC973151.mp3,31.0,34.0,-28.108939687477733,-40.0,species,Emberiza citrinella,Yellowhammer,0.8414137363433838,0.8414137363433838,species,0,,,
emberiza_citrinella,973151,Emberiza citrinella,/Users/justyna-przy/Projects/ISE/FYP/src/bird_data/raw/emberiza_citrinella/XC973151.mp3,40.0,43.0,-29.17906878319615,-40.0,species,Emberiza citrinella,Yellowhammer,0.9559923410415649,0.9559923410415649,species,1,rand_species,/Users/justyna-przy/Projects/ISE/FYP/src/bird_data/clips/species/emberiza_citrinella/XC973151__s40000__e43000.wav,
emberiza_citrinella,957751,Emberiza citrinella,/Users/justyna-przy/Projects/ISE/FYP/src/bird_data/raw/emberiza_citrinella/XC957751.mp3,7.0,10.0,-39.28789186937923,-40.0,species,Emberiza citrinella,Yellowhammer,0.5090926885604858,0.5090926885604858,species,1,rand_species,/Users/justyna-przy/Projects/ISE/FYP/src/bird_data/clips/species/emberiza_citrinella/XC957751__s7000__e10000.wav,
emberiza_citrinella,957751,Emberiza citrinella,/Users/justyna-przy/Projects/ISE/FYP/src/bird_data/raw/emberiza_citrinella/XC957751.mp3,34.0,37.0,-38.080626733432204,-40.0,species,Emberiza citrinella,Yellowhammer,0.7565209865570068,0.7565209865570068,species,1,rand_species,/Users/justyna-przy/Projects/ISE/FYP/src/bird_data/clips/species/emberiza_citrinella/XC957751__s34000__e37000.wav,
emberiza_citrinella,953858,Emberiza citrinella,/Users/justyna-przy/Projects/ISE/FYP/src/bird_data/raw/emberiza_citrinella/XC953858.mp3,1.0,4.0,-38.964932693804734,-38.964932693804734,non_bird,,,0.0,0.0,non_bird,1,nonbird_lowconf,/Users/justyna-przy/Projects/ISE/FYP/src/bird_data/clips/non_bird/emberiza_citrinella/XC953858__s1000__e4000.wav,
emberiza_citrinella,953774,Emberiza citrinella,/Users/justyna-przy/Projects/ISE/FYP/src/bird_data/raw/emberiza_citrinella/XC953774.mp3,1.0,4.0,-27.974419575467692,-29.13709120284213,non_bird,,,0.0,0.0,non_bird,1,nonbird_lowconf,/Users/justyna-przy/Projects/ISE/FYP/src/bird_data/clips/non_bird/emberiza_citrinella/XC953774__s1000__e4000.wav,
emberiza_citrinella,953774,Emberiza citrinella,/Users/justyna-przy/Projects/ISE/FYP/src/bird_data/raw/emberiza_citrinella/XC953774.mp3,4.0,7.0,-29.11541961837772,-29.13709120284213,drop,Emberiza citrinella,Yellowhammer,0.13523630797863007,0.13523630797863007,drop,0,,,
emberiza_citrinella,953774,Emberiza citrinella,/Users/justyna-przy/Projects/ISE/FYP/src/bird_data/raw/emberiza_citrinella/XC953774.mp3,10.0,13.0,-27.387106730627863,-29.13709120284213,drop,Emberiza citrinella,Yellowhammer,0.16650710999965668,0.16650710999965668,drop,0,,,
emberiza_citrinella,947362,Emberiza citrinella,/Users/justyna-przy/Projects/ISE/FYP/src/bird_data/raw/emberiza_citrinella/XC947362.mp3,1.0,4.0,-43.538243760728264,-40.0,non_bird,,,0.0,0.0,non_bird,1,nonbird_lowconf,/Users/justyna-przy/Projects/ISE/FYP/src/bird_data/clips/non_bird/emberiza_citrinella/XC947362__s1000__e4000.wav,
emberiza_citrinella,947259,Emberiza citrinella,/Users/justyna-przy/Projects/ISE/FYP/src/bird_data/raw/emberiza_citrinella/XC947259.mp3,1.0,4.0,-40.20613820793183,-40.0,non_bird,,,0.0,0.0,non_bird,1,nonbird_lowconf,/Users/justyna-przy/Projects/ISE/FYP/src/bird_data/clips/non_bird/emberiza_citrinella/XC947259__s1000__e4000.wav,
emberiza_citrinella,945963,Emberiza citrinella,/Users/justyna-przy/Projects/ISE/FYP/src/bird_data/raw/emberiza_citrinella/XC945963.mp3,4.0,7.0,-35.49422776875783,-36.08539966838771,species,Emberiza citrinella,Yellowhammer,0.8589420318603516,0.8589420318603516,species,1,rand_species,/Users/justyna-przy/Projects/ISE/FYP/src/bird_data/clips/species/emberiza_citrinella/XC945963__s4000__e7000.wav,
emberiza_citrinella,945963,Emberiza citrinella,/Users/justyna-przy/Projects/ISE/FYP/src/bird_data/raw/emberiza_citrinella/XC945963.mp3,10.0,13.0,-35.14154309640971,-36.08539966838771,drop,Phylloscopus armandii,Yellow-streaked Warbler,0.8870865702629089,0.8870865702629089,drop,0,,,
emberiza_citrinella,945963,Emberiza citrinella,/Users/justyna-przy/Projects/ISE/FYP/src/bird_data/raw/emberiza_citrinella/XC945963.mp3,13.0,16.0,-35.80641536954272,-36.08539966838771,species,Emberiza citrinella,Yellowhammer,0.9273539185523987,0.9273539185523987,species,1,rand_species,/Users/justyna-przy/Projects/ISE/FYP/src/bird_data/clips/species/emberiza_citrinella/XC945963__s13000__e16000.wav,
emberiza_citrinella,945963,Emberiza citrinella,/Users/justyna-przy/Projects/ISE/FYP/src/bird_data/raw/emberiza_citrinella/XC945963.mp3,16.0,19.0,-33.93137322475768,-36.08539966838771,species,Emberiza citrinella,Yellowhammer,0.8199034929275513,0.8199034929275513,species,1,rand_species,/Users/justyna-przy/Projects/ISE/FYP/src/bird_data/clips/species/emberiza_citrinella/XC945963__s16000__e19000.wav,
emberiza_citrinella,945963,Emberiza citrinella,/Users/justyna-przy/Projects/ISE/FYP/src/bird_data/raw/emberiza_citrinella/XC945963.mp3,19.0,22.0,-34.49914542601384,-36.08539966838771,species,Emberiza citrinella,Yellowhammer,0.9705296158790588,0.9705296158790588,species,0,,,
emberiza_citrinella,945963,Emberiza citrinella,/Users/justyna-przy/Projects/ISE/FYP/src/bird_data/raw/emberiza_citrinella/XC945963.mp3,22.0,25.0,-35.15564393771211,-36.08539966838771,species,Emberiza citrinella,Yellowhammer,0.5575498342514038,0.5575498342514038,species,0,,,
emberiza_citrinella,945963,Emberiza citrinella,/Users/justyna-przy/Projects/ISE/FYP/src/bird_data/raw/emberiza_citrinella/XC945963.mp3,25.0,28.0,-31.292939001865136,-36.08539966838771,species,Emberiza citrinella,Yellowhammer,0.731159508228302,0.731159508228302,species,0,,,
emberiza_citrinella,945963,Emberiza citrinella,/Users/justyna-przy/Projects/ISE/FYP/src/bird_data/raw/emberiza_citrinella/XC945963.mp3,28.0,31.0,-34.5831495057529,-36.08539966838771,species,Emberiza citrinella,Yellowhammer,0.7480963468551636,0.7480963468551636,species,0,,,
emberiza_citrinella,945963,Emberiza citrinella,/Users/justyna-przy/Projects/ISE/FYP/src/bird_data/raw/emberiza_citrinella/XC945963.mp3,34.0,37.0,-32.02015658402298,-36.08539966838771,species,Emberiza citrinella,Yellowhammer,0.4313771426677704,0.4313771426677704,species,0,,,
emberiza_citrinella,945963,Emberiza citrinella,/Users/justyna-przy/Projects/ISE/FYP/src/bird_data/raw/emberiza_citrinella/XC945963.mp3,37.0,40.0,-32.57439971657791,-36.08539966838771,species,Emberiza citrinella,Yellowhammer,0.5732260942459106,0.5732260942459106,species,0,,,
emberiza_citrinella,945963,Emberiza citrinella,/Users/justyna-przy/Projects/ISE/FYP/src/bird_data/raw/emberiza_citrinella/XC945963.mp3,40.0,43.0,-33.70284726200958,-36.08539966838771,species,Emberiza citrinella,Yellowhammer,0.8961493968963623,0.8961493968963623,species,0,,,
emberiza_citrinella,945963,Emberiza citrinella,/Users/justyna-przy/Projects/ISE/FYP/src/bird_data/raw/emberiza_citrinella/XC945963.mp3,43.0,46.0,-35.533874102054256,-36.08539966838771,drop,Phylloscopus armandii,Yellow-streaked Warbler,0.26202014088630676,0.26202014088630676,drop,0,,,
emberiza_citrinella,942916,Emberiza citrinella,/Users/justyna-przy/Projects/ISE/FYP/src/bird_data/raw/emberiza_citrinella/XC942916.mp3,4.0,7.0,-19.03016199198981,-20.34536427489919,non_bird,,,0.0,0.0,non_bird,1,nonbird_lowconf,/Users/justyna-przy/Projects/ISE/FYP/src/bird_data/clips/non_bird/emberiza_citrinella/XC942916__s4000__e7000.wav,
emberiza_citrinella,939931,Emberiza citrinella,/Users/justyna-przy/Projects/ISE/FYP/src/bird_data/raw/emberiza_citrinella/XC939931.mp3,4.0,7.0,-33.39875943074285,-34.43013786278935,drop,Fringilla montifringilla,Brambling,0.19208164513111115,0.19208164513111115,drop,0,,,
emberiza_citrinella,924646,Emberiza citrinella,/Users/justyna-przy/Projects/ISE/FYP/src/bird_data/raw/emberiza_citrinella/XC924646.mp3,1.0,4.0,-33.60367523568875,-35.53777158854923,species,Emberiza citrinella,Yellowhammer,0.9786571860313416,0.9786571860313416,species,0,,,
emberiza_citrinella,924646,Emberiza citrinella,/Users/justyna-przy/Projects/ISE/FYP/src/bird_data/raw/emberiza_citrinella/XC924646.mp3,7.0,10.0,-34.32310999726704,-35.53777158854923,species,Emberiza citrinella,Yellowhammer,0.983540952205658,0.983540952205658,species,1,rand_species,/Users/justyna-przy/Projects/ISE/FYP/src/bird_data/clips/species/emberiza_citrinella/XC924646__s7000__e10000.wav,
emberiza_citrinella,924646,Emberiza citrinella,/Users/justyna-przy/Projects/ISE/FYP/src/bird_data/raw/emberiza_citrinella/XC924646.mp3,10.0,13.0,-35.080009931332626,-35.53777158854923,drop,Spizella pallida,Clay-colored Sparrow,0.2331167608499527,0.2331167608499527,drop,0,,,
emberiza_citrinella,924646,Emberiza citrinella,/Users/justyna-przy/Projects/ISE/FYP/src/bird_data/raw/emberiza_citrinella/XC924646.mp3,16.0,19.0,-33.524857463818066,-35.53777158854923,species,Emberiza citrinella,Yellowhammer,0.9664970636367798,0.9664970636367798,species,1,rand_species,/Users/justyna-przy/Projects/ISE/FYP/src/bird_data/clips/species/emberiza_citrinella/XC924646__s16000__e19000.wav,
emberiza_citrinella,924646,Emberiza citrinella,/Users/justyna-przy/Projects/ISE/FYP/src/bird_data/raw/emberiza_citrinella/XC924646.mp3,22.0,25.0,-35.03605430991213,-35.53777158854923,species,Emberiza citrinella,Yellowhammer,0.9612227082252502,0.9612227082252502,species,1,rand_species,/Users/justyna-przy/Projects/ISE/FYP/src/bird_data/clips/species/emberiza_citrinella/XC924646__s22000__e25000.wav,
emberiza_citrinella,923347,Emberiza citrinella,/Users/justyna-przy/Projects/ISE/FYP/src/bird_data/raw/emberiza_citrinella/XC923347.mp3,1.0,4.0,-21.33396298015718,-40.0,species,Emberiza citrinella,Yellowhammer,0.9530460238456726,0.9530460238456726,species,1,rand_species,/Users/justyna-przy/Projects/ISE/FYP/src/bird_data/clips/species/emberiza_citrinella/XC923347__s1000__e4000.wav,
emberiza_citrinella,923347,Emberiza citrinella,/Users/justyna-przy/Projects/ISE/FYP/src/bird_data/raw/emberiza_citrinella/XC923347.mp3,16.0,19.0,-19.976396132135083,-40.0,species,Emberiza citrinella,Yellowhammer,0.9864392280578613,0.9864392280578613,species,0,,,
emberiza_citrinella,923347,Emberiza citrinella,/Users/justyna-przy/Projects/ISE/FYP/src/bird_data/raw/emberiza_citrinella/XC923347.mp3,25.0,28.0,-19.332663834032484,-40.0,species,Emberiza citrinella,Yellowhammer,0.9949919581413269,0.9949919581413269,species,0,,,
emberiza_citrinella,923347,Emberiza citrinella,/Users/justyna-przy/Projects/ISE/FYP/src/bird_data/raw/emberiza_citrinella/XC923347.mp3,37.0,40.0,-18.511395782626433,-40.0,species,Emberiza citrinella,Yellowhammer,0.9965747594833374,0.9965747594833374,species,1,rand_species,/Users/justyna-przy/Projects/ISE/FYP/src/bird_data/clips/species/emberiza_citrinella/XC923347__s37000__e40000.wav,
emberiza_citrinella,923347,Emberiza citrinella,/Users/justyna-przy/Projects/ISE/FYP/src/bird_data/raw/emberiza_citrinella/XC923347.mp3,49.0,52.0,-23.41542090671584,-40.0,species,Emberiza citrinella,Yellowhammer,0.4530254006385803,0.4530254006385803,species,1,rand_species,/Users/justyna-przy/Projects/ISE/FYP/src/bird_data/clips/species/emberiza_citrinella/XC923347__s49000__e52000.wav,
emberiza_citrinella,922305,Emberiza citrinella,/Users/justyna-przy/Projects/ISE/FYP/src/bird_data/raw/emberiza_citrinella/XC922305.mp3,1.0,4.0,-48.62393085339789,-40.0,species,Emberiza citrinella,Yellowhammer,0.795063316822052,0.795063316822052,species,1,rand_species,/Users/justyna-przy/Projects/ISE/FYP/src/bird_data/clips/species/emberiza_citrinella/XC922305__s1000__e4000.wav,
emberiza_citrinella,921771,Emberiza citrinella,/Users/justyna-przy/Projects/ISE/FYP/src/bird_data/raw/emberiza_citrinella/XC921771.mp3,1.0,4.0,-32.12780894968915,-40.0,species,Emberiza citrinella,Yellowhammer,0.8718683123588562,0.8718683123588562,species,1,rand_species,/Users/justyna-przy/Projects/ISE/FYP/src/bird_data/clips/species/emberiza_citrinella/XC921771__s1000__e4000.wav,
emberiza_citrinella,921771,Emberiza citrinella,/Users/justyna-przy/Projects/ISE/FYP/src/bird_data/raw/emberiza_citrinella/XC921771.mp3,13.0,16.0,-35.09249470249911,-40.0,species,Emberiza citrinella,Yellowhammer,0.486085444688797,0.486085444688797,species,1,rand_species,/Users/justyna-przy/Projects/ISE/FYP/src/bird_data/clips/species/emberiza_citrinella/XC921771__s13000__e16000.wav,
emberiza_citrinella,921771,Emberiza citrinella,/Users/justyna-przy/Projects/ISE/FYP/src/bird_data/raw/emberiza_citrinella/XC921771.mp3,22.0,25.0,-31.755498758798876,-40.0,species,Emberiza citrinella,Yellowhammer,0.9150992035865784,0.9150992035865784,species,1,rand_species,/Users/justyna-przy/Projects/ISE/FYP/src/bird_data/clips/species/emberiza_citrinella/XC921771__s22000__e25000.wav,
emberiza_citrinella,921771,Emberiza citrinella,/Users/justyna-przy/Projects/ISE/FYP/src/bird_data/raw/emberiza_citrinella/XC921771.mp3,34.0,37.0,-34.12794384896921,-40.0,species,Emberiza citrinella,Yellowhammer,0.9497617483139038,0.9497617483139038,species,0,,,
emberiza_citrinella,919930,Emberiza citrinella,/Users/justyna-przy/Projects/ISE/FYP/src/bird_data/raw/emberiza_citrinella/XC919930.mp3,1.0,4.0,-32.19344656761091,-40.0,species,Emberiza citrinella,Yellowhammer,0.9215200543403625,0.9215200543403625,species,0,,,
emberiza_citrinella,919930,Emberiza citrinella,/Users/justyna-przy/Projects/ISE/FYP/src/bird_data/raw/emberiza_citrinella/XC919930.mp3,10.0,13.0,-39.21387421003687,-40.0,species,Emberiza citrinella,Yellowhammer,0.8367185592651367,0.8367185592651367,species,0,,,
emberiza_citrinella,919930,Emberiza citrinella,/Users/justyna-przy/Projects/ISE/FYP/src/bird_data/raw/emberiza_citrinella/XC919930.mp3,13.0,16.0,-21.47682098682429,-40.0,species,Emberiza citrinella,Yellowhammer,0.9460663795471191,0.9460663795471191,species,0,,,
emberiza_citrinella,919930,Emberiza citrinella,/Users/justyna-przy/Projects/ISE/FYP/src/bird_data/raw/emberiza_citrinella/XC919930.mp3,22.0,25.0,-30.180461326474443,-40.0,species,Emberiza citrinella,Yellowhammer,0.9306429624557495,0.9306429624557495,species,1,rand_species,/Users/justyna-przy/Projects/ISE/FYP/src/bird_data/clips/species/emberiza_citrinella/XC919930__s22000__e25000.wav,
emberiza_citrinella,919930,Emberiza citrinella,/Users/justyna-przy/Projects/ISE/FYP/src/bird_data/raw/emberiza_citrinella/XC919930.mp3,25.0,28.0,-26.39435598260212,-40.0,species,Emberiza citrinella,Yellowhammer,0.9724081158638,0.9724081158638,species,0,,,
emberiza_citrinella,919930,Emberiza citrinella,/Users/justyna-przy/Projects/ISE/FYP/src/bird_data/raw/emberiza_citrinella/XC919930.mp3,34.0,37.0,-23.64929123376024,-40.0,species,Emberiza citrinella,Yellowhammer,0.9638806581497192,0.9638806581497192,species,0,,,
emberiza_citrinella,919930,Emberiza citrinella,/Users/justyna-przy/Projects/ISE/FYP/src/bird_data/raw/emberiza_citrinella/XC919930.mp3,40.0,43.0,-33.187198694700115,-40.0,species,Emberiza citrinella,Yellowhammer,0.8888401985168457,0.8888401985168457,species,0,,,
emberiza_citrinella,919930,Emberiza citrinella,/Users/justyna-przy/Projects/ISE/FYP/src/bird_data/raw/emberiza_citrinella/XC919930.mp3,43.0,46.0,-19.901168624281663,-40.0,species,Emberiza citrinella,Yellowhammer,0.9813526272773743,0.9813526272773743,species,0,,,
emberiza_citrinella,919930,Emberiza citrinella,/Users/justyna-przy/Projects/ISE/FYP/src/bird_data/raw/emberiza_citrinella/XC919930.mp3,46.0,49.0,-37.892399343858216,-40.0,non_bird,,,0.0,0.0,non_bird,1,nonbird_lowconf,/Users/justyna-przy/Projects/ISE/FYP/src/bird_data/clips/non_bird/emberiza_citrinella/XC919930__s46000__e49000.wav,
emberiza_citrinella,919930,Emberiza citrinella,/Users/justyna-przy/Projects/ISE/FYP/src/bird_data/raw/emberiza_citrinella/XC919930.mp3,52.0,55.0,-31.52762709172724,-40.0,species,Emberiza citrinella,Yellowhammer,0.901377260684967,0.901377260684967,species,1,rand_species,/Users/justyna-przy/Projects/ISE/FYP/src/bird_data/clips/species/emberiza_citrinella/XC919930__s52000__e55000.wav,
emberiza_citrinella,919930,Emberiza citrinella,/Users/justyna-przy/Projects/ISE/FYP/src/bird_data/raw/emberiza_citrinella/XC919930.mp3,55.0,58.0,-30.312589021960346,-40.0,species,Emberiza citrinella,Yellowhammer,0.6126351952552795,0.6126351952552795,species,1,rand_species,/Users/justyna-przy/Projects/ISE/FYP/src/bird_data/clips/species/emberiza_citrinella/XC919930__s55000__e58000.wav,
emberiza_citrinella,916016,Emberiza citrinella,/Users/justyna-przy/Projects/ISE/FYP/src/bird_data/raw/emberiza_citrinella/XC916016.mp3,1.0,4.0,-32.617054893739756,-32.679176342393234,drop,Phylloscopus armandii,Yellow-streaked Warbler,0.10955226421356201,0.10955226421356201,drop,0,,,
emberiza_citrinella,916016,Emberiza citrinella,/Users/justyna-przy/Projects/ISE/FYP/src/bird_data/raw/emberiza_citrinella/XC916016.mp3,7.0,10.0,-32.263956382955826,-32.679176342393234,non_bird,,,0.0,0.0,non_bird,1,nonbird_lowconf,/Users/justyna-przy/Projects/ISE/FYP/src/bird_data/clips/non_bird/emberiza_citrinella/XC916016__s7000__e10000.wav,
emberiza_citrinella,915715,Emberiza citrinella,/Users/justyna-przy/Projects/ISE/FYP/src/bird_data/raw/emberiza_citrinella/XC915715.mp3,1.0,4.0,-35.71032546374096,-40.0,species,Emberiza citrinella,Yellowhammer,0.8376326560974121,0.8376326560974121,species,0,,,
emberiza_citrinella,915715,Emberiza citrinella,/Users/justyna-przy/Projects/ISE/FYP/src/bird_data/raw/emberiza_citrinella/XC915715.mp3,10.0,13.0,-37.217672529198424,-40.0,species,Emberiza citrinella,Yellowhammer,0.9646883606910706,0.9646883606910706,species,1,rand_species,/Users/justyna-przy/Projects/ISE/FYP/src/bird_data/clips/species/emberiza_citrinella/XC915715__s10000__e13000.wav,
emberiza_citrinella,915715,Emberiza citrinella,/Users/justyna-przy/Projects/ISE/FYP/src/bird_data/raw/emberiza_citrinella/XC915715.mp3,16.0,19.0,-35.672228239876745,-40.0,species,Emberiza citrinella,Yellowhammer,0.9635618925094604,0.9635618925094604,species,0,,,
emberiza_citrinella,915715,Emberiza citrinella,/Users/justyna-przy/Projects/ISE/FYP/src/bird_data/raw/emberiza_citrinella/XC915715.mp3,22.0,25.0,-32.5684048167743,-40.0,species,Emberiza citrinella,Yellowhammer,0.7834274172782898,0.7834274172782898,species,0,,,
emberiza_citrinella,915715,Emberiza citrinella,/Users/justyna-przy/Projects/ISE/FYP/src/bird_data/raw/emberiza_citrinella/XC915715.mp3,28.0,31.0,-32.70991701361025,-40.0,species,Emberiza citrinella,Yellowhammer,0.992935836315155,0.992935836315155,species,0,,,
emberiza_citrinella,915715,Emberiza citrinella,/Users/justyna-przy/Projects/ISE/FYP/src/bird_data/raw/emberiza_citrinella/XC915715.mp3,34.0,37.0,-32.46608308226503,-40.0,species,Emberiza citrinella,Yellowhammer,0.8380554914474487,0.8380554914474487,species,0,,,
emberiza_citrinella,915715,Emberiza citrinella,/Users/justyna-przy/Projects/ISE/FYP/src/bird_data/raw/emberiza_citrinella/XC915715.mp3,40.0,43.0,-31.901345025202662,-40.0,species,Emberiza citrinella,Yellowhammer,0.9798897504806519,0.9798897504806519,species,1,rand_species,/Users/justyna-przy/Projects/ISE/FYP/src/bird_data/clips/species/emberiza_citrinella/XC915715__s40000__e43000.wav,
emberiza_citrinella,915715,Emberiza citrinella,/Users/justyna-przy/Projects/ISE/FYP/src/bird_data/raw/emberiza_citrinella/XC915715.mp3,46.0,49.0,-35.51799693674026,-40.0,species,Emberiza citrinella,Yellowhammer,0.8810834884643555,0.8810834884643555,species,0,,,
emberiza_citrinella,915715,Emberiza citrinella,/Users/justyna-przy/Projects/ISE/FYP/src/bird_data/raw/emberiza_citrinella/XC915715.mp3,49.0,52.0,-32.758186228153136,-40.0,species,Emberiza citrinella,Yellowhammer,0.8726136684417725,0.8726136684417725,species,1,rand_species,/Users/justyna-przy/Projects/ISE/FYP/src/bird_data/clips/species/emberiza_citrinella/XC915715__s49000__e52000.wav,
emberiza_citrinella,910265,Emberiza citrinella,/Users/justyna-przy/Projects/ISE/FYP/src/bird_data/raw/emberiza_citrinella/XC910265.mp3,4.0,7.0,-47.65854941231596,-40.0,drop,Curruca nisoria,Barred Warbler,0.29855790734291077,0.29855790734291077,drop,0,,,
emberiza_citrinella,909213,Emberiza citrinella,/Users/justyna-przy/Projects/ISE/FYP/src/bird_data/raw/emberiza_citrinella/XC909213.mp3,1.0,4.0,-34.54951061359182,-40.0,species,Emberiza citrinella,Yellowhammer,0.9712636470794678,0.9712636470794678,species,1,rand_species,/Users/justyna-przy/Projects/ISE/FYP/src/bird_data/clips/species/emberiza_citrinella/XC909213__s1000__e4000.wav,
emberiza_citrinella,909213,Emberiza citrinella,/Users/justyna-przy/Projects/ISE/FYP/src/bird_data/raw/emberiza_citrinella/XC909213.mp3,13.0,16.0,-36.163747497266606,-40.0,species,Emberiza citrinella,Yellowhammer,0.9659879207611084,0.9659879207611084,species,1,rand_species,/Users/justyna-przy/Projects/ISE/FYP/src/bird_data/clips/species/emberiza_citrinella/XC909213__s13000__e16000.wav,
emberiza_citrinella,909086,Emberiza citrinella,/Users/justyna-przy/Projects/ISE/FYP/src/bird_data/raw/emberiza_citrinella/XC909086.mp3,4.0,7.0,-33.66865625488303,-40.0,drop,Anthus trivialis,Tree Pipit,0.4362785220146179,0.4362785220146179,drop,0,,,
emberiza_citrinella,909086,Emberiza citrinella,/Users/justyna-przy/Projects/ISE/FYP/src/bird_data/raw/emberiza_citrinella/XC909086.mp3,7.0,10.0,-38.262829454717945,-40.0,species,Emberiza citrinella,Yellowhammer,0.9690031409263611,0.9690031409263611,species,1,rand_species,/Users/justyna-przy/Projects/ISE/FYP/src/bird_data/clips/species/emberiza_citrinella/XC909086__s7000__e10000.wav,
emberiza_citrinella,909086,Emberiza citrinella,/Users/justyna-przy/Projects/ISE/FYP/src/bird_data/raw/emberiza_citrinella/XC909086.mp3,16.0,19.0,-36.62662393460945,-40.0,drop,Spizella passerina,Chipping Sparrow,0.32344314455986023,0.32344314455986023,drop,0,,,
emberiza_citrinella,909086,Emberiza citrinella,/Users/justyna-przy/Projects/ISE/FYP/src/bird_data/raw/emberiza_citrinella/XC909086.mp3,19.0,22.0,-33.57570441578768,-40.0,species,Emberiza citrinella,Yellowhammer,0.4172781705856323,0.4172781705856323,species,1,rand_species,/Users/justyna-przy/Projects/ISE/FYP/src/bird_data/clips/species/emberiza_citrinella/XC909086__s19000__e22000.wav,
emberiza_citrinella,905852,Emberiza citrinella,/Users/justyna-przy/Projects/ISE/FYP/src/bird_data/raw/emberiza_citrinella/XC905852.mp3,28.0,31.0,-47.67992200371333,-40.0,species,Emberiza citrinella,Yellowhammer,0.9565006494522095,0.9565006494522095,species,1,rand_species,/Users/justyna-przy/Projects/ISE/FYP/src/bird_data/clips/species/emberiza_citrinella/XC905852__s28000__e31000.wav,
emberiza_citrinella,905370,Emberiza citrinella,/Users/justyna-przy/Projects/ISE/FYP/src/bird_data/raw/emberiza_citrinella/XC905370.mp3,16.0,19.0,-51.4114039251599,-40.0,drop,Acrocephalus arundinaceus,Great Reed Warbler,0.751474916934967,0.751474916934967,drop,0,,,
emberiza_citrinella,904056,Emberiza citrinella,/Users/justyna-przy/Projects/ISE/FYP/src/bird_data/raw/emberiza_citrinella/XC904056.mp3,1.0,4.0,-41.7965106043099,-40.0,species,Emberiza citrinella,Yellowhammer,0.8484314680099487,0.8484314680099487,species,1,rand_species,/Users/justyna-przy/Projects/ISE/FYP/src/bird_data/clips/species/emberiza_citrinella/XC904056__s1000__e4000.wav,
emberiza_citrinella,903710,Emberiza citrinella,/Users/justyna-przy/Projects/ISE/FYP/src/bird_data/raw/emberiza_citrinella/XC903710.mp3,10.0,13.0,-42.11560203324888,-40.0,species,Emberiza citrinella,Yellowhammer,0.6745633482933044,0.6745633482933044,species,1,rand_species,/Users/justyna-przy/Projects/ISE/FYP/src/bird_data/clips/species/emberiza_citrinella/XC903710__s10000__e13000.wav,
emberiza_citrinella,902074,Emberiza citrinella,/Users/justyna-przy/Projects/ISE/FYP/src/bird_data/raw/emberiza_citrinella/XC902074.mp3,7.0,10.0,-39.644295246040286,-40.0,species,Emberiza citrinella,Yellowhammer,0.9140958189964294,0.9140958189964294,species,1,rand_species,/Users/justyna-przy/Projects/ISE/FYP/src/bird_data/clips/species/emberiza_citrinella/XC902074__s7000__e10000.wav,
emberiza_citrinella,902074,Emberiza citrinella,/Users/justyna-przy/Projects/ISE/FYP/src/bird_data/raw/emberiza_citrinella/XC902074.mp3,10.0,13.0,-37.35797573437169,-40.0,drop,Acrocephalus dumetorum,Blyth's Reed Warbler,0.2432553470134735,0.2432553470134735,drop,0,,,
emberiza_citrinella,902074,Emberiza citrinella,/Users/justyna-przy/Projects/ISE/FYP/src/bird_data/raw/emberiza_citrinella/XC902074.mp3,13.0,16.0,-39.619678536127616,-40.0,species,Emberiza citrinella,Yellowhammer,0.7656574249267578,0.7656574249267578,species,1,rand_species,/Users/justyna-przy/Projects/ISE/FYP/src/bird_data/clips/species/emberiza_citrinella/XC902074__s13000__e16000.wav,
emberiza_citrinella,902074,Emberiza citrinella,/Users/justyna-przy/Projects/ISE/FYP/src/bird_data/raw/emberiza_citrinella/XC902074.mp3,19.0,22.0,-39.34909326596356,-40.0,drop,Linaria cannabina,Eurasian Linnet,0.9123249650001526,0.9123249650001526,drop,0,,,
emberiza_citrinella,900996,Emberiza citrinella,/Users/justyna-przy/Projects/ISE/FYP/src/bird_data/raw/emberiza_citrinella/XC900996.mp3,4.0,7.0,-36.30421683220063,-36.43545391035153,drop,Delichon urbicum,Common House-Martin,0.16385327279567719,0.16385327279567719,drop,0,,,
emberiza_citrinella,900996,Emberiza citrinella,/Users/justyna-przy/Projects/ISE/FYP/src/bird_data/raw/emberiza_citrinella/XC900996.mp3,7.0,10.0,-36.35697857217611,-36.43545391035153,species,Emberiza citrinella,Yellowhammer,0.7375028133392334,0.7375028133392334,species,1,rand_species,/Users/justyna-przy/Projects/ISE/FYP/src/bird_data/clips/species/emberiza_citrinella/XC900996__s7000__e10000.wav,
emberiza_citrinella,900996,Emberiza citrinella,/Users/justyna-przy/Projects/ISE/FYP/src/bird_data/raw/emberiza_citrinella/XC900996.mp3,10.0,13.0,-31.329366004732428,-36.43545391035153,drop,Emberiza citrinella,Yellowhammer,0.1816728413105011,0.1816728413105011,drop,0,,,
emberiza_citrinella,897706,Emberiza citrinella,/Users/justyna-przy/Projects/ISE/FYP/src/bird_data/raw/emberiza_citrinella/XC897706.mp3,1.0,4.0,-42.83602917572212,-40.0,non_bird,,,0.0,0.0,non_bird,1,nonbird_lowconf,/Users/justyna-przy/Projects/ISE/FYP/src/bird_data/clips/non_bird/emberiza_citrinella/XC897706__s1000__e4000.wav,
emberiza_citrinella,896535,Emberiza citrinella,/Users/justyna-przy/Projects/ISE/FYP/src/bird_data/raw/emberiza_citrinella/XC896535.mp3,10.0,13.0,-61.89836795367156,-40.0,species,Emberiza citrinella,Yellowhammer,0.6943398118019104,0.6943398118019104,species,1,rand_species,/Users/justyna-przy/Projects/ISE/FYP/src/bird_data/clips/species/emberiza_citrinella/XC896535__s10000__e13000.wav,
emberiza_citrinella,895999,Emberiza citrinella,/Users/justyna-przy/Projects/ISE/FYP/src/bird_data/raw/emberiza_citrinella/XC895999.mp3,1.0,4.0,-33.20193161632132,-40.0,species,Emberiza citrinella,Yellowhammer,0.9780163764953613,0.9780163764953613,species,1,rand_species,/Users/justyna-przy/Projects/ISE/FYP/src/bird_data/clips/species/emberiza_citrinella/XC895999__s1000__e4000.wav,
emberiza_citrinella,895999,Emberiza citrinella,/Users/justyna-przy/Projects/ISE/FYP/src/bird_data/raw/emberiza_citrinella/XC895999.mp3,13.0,16.0,-32.679380917535134,-40.0,species,Emberiza citrinella,Yellowhammer,0.964870035648346,0.964870035648346,species,1,rand_species,/Users/justyna-przy/Projects/ISE/FYP/src/bird_data/clips/species/emberiza_citrinella/XC895999__s13000__e16000.wav,
emberiza_citrinella,895999,Emberiza citrinella,/Users/justyna-przy/Projects/ISE/FYP/src/bird_data/raw/emberiza_citrinella/XC895999.mp3,25.0,28.0,-35.68801292727978,-40.0,species,Emberiza citrinella,Yellowhammer,0.9351775646209717,0.9351775646209717,species,1,rand_species,/Users/justyna-przy/Projects/ISE/FYP/src/bird_data/clips/species/emberiza_citrinella/XC895999__s25000__e28000.wav,
emberiza_citrinella,895468,Emberiza citrinella,/Users/justyna-przy/Projects/ISE/FYP/src/bird_data/raw/emberiza_citrinella/XC895468.mp3,28.0,31.0,-51.03396866124949,-40.0,drop,Troglodytes troglodytes,Eurasian Wren,0.593636155128479,0.593636155128479,drop,0,,,
emberiza_citrinella,895094,Emberiza citrinella,/Users/justyna-przy/Projects/ISE/FYP/src/bird_data/raw/emberiza_citrinella/XC895094.mp3,1.0,4.0,-43.441587683261105,-40.0,species,Emberiza citrinella,Yellowhammer,0.8879898190498352,0.8879898190498352,species,1,rand_species,/Users/justyna-przy/Projects/ISE/FYP/src/bird_data/clips/species/emberiza_citrinella/XC895094__s1000__e4000.wav,
emberiza_citrinella,895089,Emberiza citrinella,/Users/justyna-przy/Projects/ISE/FYP/src/bird_data/raw/emberiza_citrinella/XC895089.mp3,1.0,4.0,-24.340391082198032,-40.0,species,Emberiza citrinella,Yellowhammer,0.9957242012023926,0.9957242012023926,species,1,rand_species,/Users/justyna-przy/Projects/ISE/FYP/src/bird_data/clips/species/emberiza_citrinella/XC895089__s1000__e4000.wav,
emberiza_citrinella,895089,Emberiza citrinella,/Users/justyna-przy/Projects/ISE/FYP/src/bird_data/raw/emberiza_citrinella/XC895089.mp3,7.0,10.0,-32.40366306912465,-40.0,species,Emberiza citrinella,Yellowhammer,0.8021008968353271,0.8021008968353271,species,0,,,
emberiza_citrinella,895089,Emberiza citrinella,/Users/justyna-przy/Projects/ISE/FYP/src/bird_data/raw/emberiza_citrinella/XC895089.mp3,10.0,13.0,-25.287201081075047,-40.0,species,Emberiza citrinella,Yellowhammer,0.9915116429328918,0.9915116429328918,species,1,rand_species,/Users/justyna-przy/Projects/ISE/FYP/src/bird_data/clips/species/emberiza_citrinella/XC895089__s10000__e13000.wav,
emberiza_citrinella,895089,Emberiza citrinella,/Users/justyna-przy/Projects/ISE/FYP/src/bird_data/raw/emberiza_citrinella/XC895089.mp3,16.0,19.0,-26.23580721829078,-40.0,species,Emberiza citrinella,Yellowhammer,0.9925463795661926,0.9925463795661926,species,1,rand_species,/Users/justyna-przy/Projects/ISE/FYP/src/bird_data/clips/species/emberiza_citrinella/XC895089__s16000__e19000.wav,
emberiza_citrinella,892380,Emberiza citrinella,/Users/justyna-przy/Projects/ISE/FYP/src/bird_data/raw/emberiza_citrinella/XC892380.mp3,1.0,4.0,-21.575669137626164,-37.05529441193929,species,Emberiza citrinella,Yellowhammer,0.9978880286216736,0.9978880286216736,species,1,rand_species,/Users/justyna-przy/Projects/ISE/FYP/src/bird_data/clips/species/emberiza_citrinella/XC892380__s1000__e4000.wav,
emberiza_citrinella,892380,Emberiza citrinella,/Users/justyna-przy/Projects/ISE/FYP/src/bird_data/raw/emberiza_citrinella/XC892380.mp3,7.0,10.0,-23.63875732895864,-37.05529441193929,species,Emberiza citrinella,Yellowhammer,0.5464191436767578,0.5464191436767578,species,1,rand_species,/Users/justyna-przy/Projects/ISE/FYP/src/bird_data/clips/species/emberiza_citrinella/XC892380__s7000__e10000.wav,
emberiza_citrinella,892380,Emberiza citrinella,/Users/justyna-przy/Projects/ISE/FYP/src/bird_data/raw/emberiza_citrinella/XC892380.mp3,10.0,13.0,-23.49662733454845,-37.05529441193929,species,Emberiza citrinella,Yellowhammer,0.9919258952140808,0.9919258952140808,species,0,,,
emberiza_citrinella,892380,Emberiza citrinella,/Users/justyna-przy/Projects/ISE/FYP/src/bird_data/raw/emberiza_citrinella/XC892380.mp3,16.0,19.0,-22.206189368109044,-37.05529441193929,species,Emberiza citrinella,Yellowhammer,0.9807377457618713,0.9807377457618713,species,0,,,
emberiza_citrinella,892380,Emberiza citrinella,/Users/justyna-przy/Projects/ISE/FYP/src/bird_data/raw/emberiza_citrinella/XC892380.mp3,19.0,22.0,-28.42392924223232,-37.05529441193929,species,Emberiza citrinella,Yellowhammer,0.9224315285682678,0.9224315285682678,species,0,,,
emberiza_citrinella,892380,Emberiza citrinella,/Users/justyna-przy/Projects/ISE/FYP/src/bird_data/raw/emberiza_citrinella/XC892380.mp3,25.0,28.0,-24.291332557332183,-37.05529441193929,drop,Anthus trivialis,Tree Pipit,0.8096940517425537,0.8096940517425537,drop,0,,,
emberiza_citrinella,892380,Emberiza citrinella,/Users/justyna-przy/Projects/ISE/FYP/src/bird_data/raw/emberiza_citrinella/XC892380.mp3,28.0,31.0,-22.989310851771563,-37.05529441193929,species,Emberiza citrinella,Yellowhammer,0.8983674049377441,0.8983674049377441,species,0,,,
emberiza_citrinella,892380,Emberiza citrinella,/Users/justyna-przy/Projects/ISE/FYP/src/bird_data/raw/emberiza_citrinella/XC892380.mp3,34.0,37.0,-23.02079140624256,-37.05529441193929,species,Emberiza citrinella,Yellowhammer,0.8044883608818054,0.8044883608818054,species,0,,,
emberiza_citrinella,892380,Emberiza citrinella,/Users/justyna-przy/Projects/ISE/FYP/src/bird_data/raw/emberiza_citrinella/XC892380.mp3,37.0,40.0,-22.793434699790378,-37.05529441193929,species,Emberiza citrinella,Yellowhammer,0.5451202988624573,0.5451202988624573,species,0,,,
emberiza_citrinella,892380,Emberiza citrinella,/Users/justyna-przy/Projects/ISE/FYP/src/bird_data/raw/emberiza_citrinella/XC892380.mp3,43.0,46.0,-24.93335043997932,-37.05529441193929,species,Emberiza citrinella,Yellowhammer,0.9096806049346924,0.9096806049346924,species,1,rand_species,/Users/justyna-przy/Projects/ISE/FYP/src/bird_data/clips/species/emberiza_citrinella/XC892380__s43000__e46000.wav,
emberiza_citrinella,892380,Emberiza citrinella,/Users/justyna-przy/Projects/ISE/FYP/src/bird_data/raw/emberiza_citrinella/XC892380.mp3,46.0,49.0,-32.71485573396868,-37.05529441193929,drop,Emberiza citrinella,Yellowhammer,0.29270491003990173,0.29270491003990173,drop,0,,,
emberiza_citrinella,892380,Emberiza citrinella,/Users/justyna-przy/Projects/ISE/FYP/src/bird_data/raw/emberiza_citrinella/XC892380.mp3,49.0,52.0,-36.69467820964206,-37.05529441193929,non_bird,,,0.0,0.0,non_bird,1,nonbird_lowconf,/Users/justyna-przy/Projects/ISE/FYP/src/bird_data/clips/non_bird/emberiza_citrinella/XC892380__s49000__e52000.wav,
emberiza_citrinella,884893,Emberiza citrinella,/Users/justyna-przy/Projects/ISE/FYP/src/bird_data/raw/emberiza_citrinella/XC884893.mp3,1.0,4.0,-27.27446692055012,-40.0,species,Emberiza citrinella,Yellowhammer,0.9527036547660828,0.9527036547660828,species,0,,,
emberiza_citrinella,884893,Emberiza citrinella,/Users/justyna-przy/Projects/ISE/FYP/src/bird_data/raw/emberiza_citrinella/XC884893.mp3,10.0,13.0,-27.632288035910207,-40.0,species,Emberiza citrinella,Yellowhammer,0.9747614860534668,0.9747614860534668,species,0,,,
emberiza_citrinella,884893,Emberiza citrinella,/Users/justyna-przy/Projects/ISE/FYP/src/bird_data/raw/emberiza_citrinella/XC884893.mp3,22.0,25.0,-24.90541546209684,-40.0,species,Emberiza citrinella,Yellowhammer,0.9858026504516602,0.9858026504516602,species,1,rand_species,/Users/justyna-przy/Projects/ISE/FYP/src/bird_data/clips/species/emberiza_citrinella/XC884893__s22000__e25000.wav,
emberiza_citrinella,884893,Emberiza citrinella,/Users/justyna-przy/Projects/ISE/FYP/src/bird_data/raw/emberiza_citrinella/XC884893.mp3,31.0,34.0,-39.2098390667514,-40.0,species,Emberiza citrinella,Yellowhammer,0.7533174157142639,0.7533174157142639,species,1,rand_species,/Users/justyna-przy/Projects/ISE/FYP/src/bird_data/clips/species/emberiza_citrinella/XC884893__s31000__e34000.wav,
emberiza_citrinella,884893,Emberiza citrinella,/Users/justyna-przy/Projects/ISE/FYP/src/bird_data/raw/emberiza_citrinella/XC884893.mp3,34.0,37.0,-25.129553696676297,-40.0,species,Emberiza citrinella,Yellowhammer,0.8384745717048645,0.8384745717048645,species,0,,,
emberiza_citrinella,884893,Emberiza citrinella,/Users/justyna-przy/Projects/ISE/FYP/src/bird_data/raw/emberiza_citrinella/XC884893.mp3,46.0,49.0,-25.32116398341514,-40.0,species,Emberiza citrinella,Yellowhammer,0.979781985282898,0.979781985282898,species,1,rand_species,/Users/justyna-przy/Projects/ISE/FYP/src/bird_data/clips/species/emberiza_citrinella/XC884893__s46000__e49000.wav,
emberiza_citrinella,884057,Emberiza citrinella,/Users/justyna-przy/Projects/ISE/FYP/src/bird_data/raw/emberiza_citrinella/XC884057.mp3,1.0,4.0,-42.93590837728658,-40.0,species,Emberiza citrinella,Yellowhammer,0.5905134081840515,0.5905134081840515,species,1,rand_species,/Users/justyna-przy/Projects/ISE/FYP/src/bird_data/clips/species/emberiza_citrinella/XC884057__s1000__e4000.wav,
emberiza_citrinella,882454,Emberiza citrinella,/Users/justyna-przy/Projects/ISE/FYP/src/bird_data/raw/emberiza_citrinella/XC882454.mp3,4.0,7.0,-39.5301063113001,-40.0,drop,Zonotrichia atricapilla,Golden-crowned Sparrow,0.13780473172664642,0.13780473172664642,drop,0,,,
emberiza_citrinella,882454,Emberiza citrinella,/Users/justyna-przy/Projects/ISE/FYP/src/bird_data/raw/emberiza_citrinella/XC882454.mp3,10.0,13.0,-39.48746487834804,-40.0,drop,Regulus ignicapilla,Common Firecrest,0.11889857053756714,0.11889857053756714,drop,0,,,
emberiza_citrinella,882454,Emberiza citrinella,/Users/justyna-przy/Projects/ISE/FYP/src/bird_data/raw/emberiza_citrinella/XC882454.mp3,13.0,16.0,-39.564093088979114,-40.0,non_bird,,,0.0,0.0,non_bird,1,nonbird_lowconf,/Users/justyna-przy/Projects/ISE/FYP/src/bird_data/clips/non_bird/emberiza_citrinella/XC882454__s13000__e16000.wav,
emberiza_citrinella,881920,Emberiza citrinella,/Users/justyna-przy/Projects/ISE/FYP/src/bird_data/raw/emberiza_citrinella/XC881920.mp3,7.0,10.0,-30.541110427085684,-40.0,species,Emberiza citrinella,Yellowhammer,0.4678035378456116,0.4678035378456116,species,0,,,
emberiza_citrinella,881920,Emberiza citrinella,/Users/justyna-przy/Projects/ISE/FYP/src/bird_data/raw/emberiza_citrinella/XC881920.mp3,13.0,16.0,-29.710507967959895,-40.0,species,Emberiza citrinella,Yellowhammer,0.3486129641532898,0.3486129641532898,species,0,,,
emberiza_citrinella,881920,Emberiza citrinella,/Users/justyna-przy/Projects/ISE/FYP/src/bird_data/raw/emberiza_citrinella/XC881920.mp3,16.0,19.0,-32.43690761970684,-40.0,species,Emberiza citrinella,Yellowhammer,0.8421376347541809,0.8421376347541809,species,0,,,
emberiza_citrinella,881920,Emberiza citrinella,/Users/justyna-przy/Projects/ISE/FYP/src/bird_data/raw/emberiza_citrinella/XC881920.mp3,19.0,22.0,-32.332926828515085,-40.0,drop,Ammodramus humeralis,Grassland Sparrow,0.596447229385376,0.596447229385376,drop,0,,,
emberiza_citrinella,881920,Emberiza citrinella,/Users/justyna-przy/Projects/ISE/FYP/src/bird_data/raw/emberiza_citrinella/XC881920.mp3,25.0,28.0,-27.624299783055616,-40.0,species,Emberiza citrinella,Yellowhammer,0.9821818470954895,0.9821818470954895,species,1,rand_species,/Users/justyna-przy/Projects/ISE/FYP/src/bird_data/clips/species/emberiza_citrinella/XC881920__s25000__e28000.wav,
emberiza_citrinella,881920,Emberiza citrinella,/Users/justyna-przy/Projects/ISE/FYP/src/bird_data/raw/emberiza_citrinella/XC881920.mp3,34.0,37.0,-38.5471141048402,-40.0,species,Emberiza citrinella,Yellowhammer,0.38769644498825073,0.38769644498825073,species,1,rand_species,/Users/justyna-przy/Projects/ISE/FYP/src/bird_data/clips/species/emberiza_citrinella/XC881920__s34000__e37000.wav,
emberiza_citrinella,881920,Emberiza citrinella,/Users/justyna-przy/Projects/ISE/FYP/src/bird_data/raw/emberiza_citrinella/XC881920.mp3,37.0,40.0,-28.913754791704264,-40.0,species,Emberiza citrinella,Yellowhammer,0.9127109050750732,0.9127109050750732,species,0,,,
emberiza_citrinella,881920,Emberiza citrinella,/Users/justyna-przy/Projects/ISE/FYP/src/bird_data/raw/emberiza_citrinella/XC881920.mp3,49.0,52.0,-32.48213969545154,-40.0,species,Emberiza citrinella,Yellowhammer,0.8041675686836243,0.8041675686836243,species,1,rand_species,/Users/justyna-przy/Projects/ISE/FYP/src/bird_data/clips/species/emberiza_citrinella/XC881920__s49000__e52000.wav,
emberiza_citrinella,881920,Emberiza citrinella,/Users/justyna-przy/Projects/ISE/FYP/src/bird_data/raw/emberiza_citrinella/XC881920.mp3,52.0,55.0,-35.73278752348651,-40.0,species,Emberiza citrinella,Yellowhammer,0.7899625897407532,0.7899625897407532,species,0,,,
emberiza_citrinella,861365,Emberiza citrinella,/Users/justyna-przy/Projects/ISE/FYP/src/bird_data/raw/emberiza_citrinella/XC861365.mp3,7.0,10.0,-42.71712384731478,-40.0,non_bird,,,0.0,0.0,non_bird,1,nonbird_lowconf,/Users/justyna-przy/Projects/ISE/FYP/src/bird_data/clips/non_bird/emberiza_citrinella/XC861365__s7000__e10000.wav,
emberiza_citrinella,860746,Emberiza citrinella,/Users/justyna-przy/Projects/ISE/FYP/src/bird_data/raw/emberiza_citrinella/XC860746.mp3,4.0,7.0,-51.71743021262642,-40.0,drop,Emberiza citrinella,Yellowhammer,0.26614436507225037,0.26614436507225037,drop,0,,,
emberiza_citrinella,858146,Emberiza citrinella,/Users/justyna-przy/Projects/ISE/FYP/src/bird_data/raw/emberiza_citrinella/XC858146.mp3,7.0,10.0,-47.54537100232341,-40.0,non_bird,,,0.0,0.0,non_bird,1,nonbird_lowconf,/Users/justyna-przy/Projects/ISE/FYP/src/bird_data/clips/non_bird/emberiza_citrinella/XC858146__s7000__e10000.wav,
emberiza_citrinella,856998,Emberiza citrinella,/Users/justyna-przy/Projects/ISE/FYP/src/bird_data/raw/emberiza_citrinella/XC856998.mp3,1.0,4.0,-44.47122720179439,-40.0,drop,Erithacus rubecula,European Robin,0.48757442831993103,0.48757442831993103,drop,0,,,
emberiza_citrinella,856995,Emberiza citrinella,/Users/justyna-przy/Projects/ISE/FYP/src/bird_data/raw/emberiza_citrinella/XC856995.mp3,34.0,37.0,-43.00634217847847,-40.0,species,Emberiza citrinella,Yellowhammer,0.631618082523346,0.631618082523346,species,1,rand_species,/Users/justyna-przy/Projects/ISE/FYP/src/bird_data/clips/species/emberiza_citrinella/XC856995__s34000__e37000.wav,
emberiza_citrinella,854660,Emberiza citrinella,/Users/justyna-przy/Projects/ISE/FYP/src/bird_data/raw/emberiza_citrinella/XC854660.mp3,4.0,7.0,-40.551240256967475,-40.0,species,Emberiza citrinella,Yellowhammer,0.805853545665741,0.805853545665741,species,1,rand_species,/Users/justyna-przy/Projects/ISE/FYP/src/bird_data/clips/species/emberiza_citrinella/XC854660__s4000__e7000.wav,
emberiza_citrinella,844611,Emberiza citrinella,/Users/justyna-przy/Projects/ISE/FYP/src/bird_data/raw/emberiza_citrinella/XC844611.mp3,1.0,4.0,-37.056799215827006,-37.46163370724781,species,Emberiza citrinella,Yellowhammer,0.6565753221511841,0.6565753221511841,species,1,rand_species,/Users/justyna-przy/Projects/ISE/FYP/src/bird_data/clips/species/emberiza_citrinella/XC844611__s1000__e4000.wav,
emberiza_citrinella,844611,Emberiza citrinella,/Users/justyna-przy/Projects/ISE/FYP/src/bird_data/raw/emberiza_citrinella/XC844611.mp3,4.0,7.0,-32.54052363735085,-37.46163370724781,species,Emberiza citrinella,Yellowhammer,0.8858283758163452,0.8858283758163452,species,1,rand_species,/Users/justyna-przy/Projects/ISE/FYP/src/bird_data/clips/species/emberiza_citrinella/XC844611__s4000__e7000.wav,
emberiza_citrinella,844611,Emberiza citrinella,/Users/justyna-przy/Projects/ISE/FYP/src/bird_data/raw/emberiza_citrinella/XC844611.mp3,10.0,13.0,-28.280058628803836,-37.46163370724781,species,Emberiza citrinella,Yellowhammer,0.9233067035675049,0.9233067035675049,species,0,,,
emberiza_citrinella,844611,Emberiza citrinella,/Users/justyna-przy/Projects/ISE/FYP/src/bird_data/raw/emberiza_citrinella/XC844611.mp3,13.0,16.0,-26.705486775154853,-37.46163370724781,species,Emberiza citrinella,Yellowhammer,0.8405563831329346,0.8405563831329346,species,1,rand_species,/Users/justyna-przy/Projects/ISE/FYP/src/bird_data/clips/species/emberiza_citrinella/XC844611__s13000__e16000.wav,
emberiza_citrinella,844611,Emberiza citrinella,/Users/justyna-przy/Projects/ISE/FYP/src/bird_data/raw/emberiza_citrinella/XC844611.mp3,16.0,19.0,-29.772390613906907,-37.46163370724781,species,Emberiza citrinella,Yellowhammer,0.8981920480728149,0.8981920480728149,species,0,,,
emberiza_citrinella,844611,Emberiza citrinella,/Users/justyna-przy/Projects/ISE/FYP/src/bird_data/raw/emberiza_citrinella/XC844611.mp3,22.0,25.0,-31.61717248424018,-37.46163370724781,species,Emberiza citrinella,Yellowhammer,0.4905891716480255,0.4905891716480255,species,0,,,
emberiza_citrinella,844611,Emberiza citrinella,/Users/justyna-przy/Projects/ISE/FYP/src/bird_data/raw/emberiza_citrinella/XC844611.mp3,25.0,28.0,-37.121471003786205,-37.46163370724781,drop,Empidonax wrightii,Gray Flycatcher,0.30616503953933716,0.30616503953933716,drop,0,,,
emberiza_citrinella,842153,Emberiza citrinella,/Users/justyna-przy/Projects/ISE/FYP/src/bird_data/raw/emberiza_citrinella/XC842153.mp3,7.0,10.0,-48.7462991265172,-40.0,drop,Cinclus cinclus,White-throated Dipper,0.5876350402832031,0.5876350402832031,drop,0,,,
emberiza_citrinella,841796,Emberiza citrinella,/Users/justyna-przy/Projects/ISE/FYP/src/bird_data/raw/emberiza_citrinella/XC841796.mp3,4.0,7.0,-50.83384120394899,-40.0,drop,Cinclus cinclus,White-throated Dipper,0.28392836451530457,0.28392836451530457,drop,0,,,
emberiza_citrinella,838562,Emberiza citrinella,/Users/justyna-przy/Projects/ISE/FYP/src/bird_data/raw/emberiza_citrinella/XC838562.mp3,4.0,7.0,-48.510057422634276,-40.0,drop,Emberiza citrinella,Yellowhammer,0.29696714878082275,0.29696714878082275,drop,0,,,
emberiza_citrinella,837693,Emberiza citrinella,/Users/justyna-przy/Projects/ISE/FYP/src/bird_data/raw/emberiza_citrinella/XC837693.mp3,1.0,4.0,-46.58088307401358,-40.0,drop,Prunella modularis,Dunnock,0.20420889556407928,0.20420889556407928,drop,0,,,
emberiza_citrinella,836849,Emberiza citrinella,/Users/justyna-przy/Projects/ISE/FYP/src/bird_data/raw/emberiza_citrinella/XC836849.mp3,4.0,7.0,-54.722220455459066,-40.0,drop,Emberiza citrinella,Yellowhammer,0.22756706178188324,0.22756706178188324,drop,0,,,
emberiza_citrinella,832778,Emberiza citrinella,/Users/justyna-przy/Projects/ISE/FYP/src/bird_data/raw/emberiza_citrinella/XC832778.mp3,1.0,4.0,-44.90163796782235,-40.0,species,Emberiza citrinella,Yellowhammer,0.7149596214294434,0.7149596214294434,species,1,rand_species,/Users/justyna-przy/Projects/ISE/FYP/src/bird_data/clips/species/emberiza_citrinella/XC832778__s1000__e4000.wav,
emberiza_citrinella,826120,Emberiza citrinella,/Users/justyna-przy/Projects/ISE/FYP/src/bird_data/raw/emberiza_citrinella/XC826120.mp3,4.0,7.0,-39.14968322454365,-40.0,species,Emberiza citrinella,Yellowhammer,0.8328914046287537,0.8328914046287537,species,1,rand_species,/Users/justyna-przy/Projects/ISE/FYP/src/bird_data/clips/species/emberiza_citrinella/XC826120__s4000__e7000.wav,
emberiza_citrinella,826120,Emberiza citrinella,/Users/justyna-przy/Projects/ISE/FYP/src/bird_data/raw/emberiza_citrinella/XC826120.mp3,34.0,37.0,-38.50677113941957,-40.0,species,Emberiza citrinella,Yellowhammer,0.5499148964881897,0.5499148964881897,species,1,rand_species,/Users/justyna-przy/Projects/ISE/FYP/src/bird_data/clips/species/emberiza_citrinella/XC826120__s34000__e37000.wav,
emberiza_citrinella,826120,Emberiza citrinella,/Users/justyna-przy/Projects/ISE/FYP/src/bird_data/raw/emberiza_citrinella/XC826120.mp3,43.0,46.0,-37.08445179895792,-40.0,drop,Phylloscopus orientalis,Eastern Bonelli's Warbler,0.6936524510383606,0.6936524510383606,drop,0,,,
emberiza_citrinella,826120,Emberiza citrinella,/Users/justyna-przy/Projects/ISE/FYP/src/bird_data/raw/emberiza_citrinella/XC826120.mp3,46.0,49.0,-36.51823187900434,-40.0,species,Emberiza citrinella,Yellowhammer,0.9430301785469055,0.9430301785469055,species,1,rand_species,/Users/justyna-przy/Projects/ISE/FYP/src/bird_data/clips/species/emberiza_citrinella/XC826120__s46000__e49000.wav,
emberiza_citrinella,819013,Emberiza citrinella,/Users/justyna-przy/Projects/ISE/FYP/src/bird_data/raw/emberiza_citrinella/XC819013.mp3,1.0,4.0,-25.765881268339363,-25.765881268339363,species,Emberiza citrinella,Yellowhammer,0.9956265687942505,0.9956265687942505,species,1,rand_species,/Users/justyna-przy/Projects/ISE/FYP/src/bird_data/clips/species/emberiza_citrinella/XC819013__s1000__e4000.wav,
emberiza_citrinella,818272,Emberiza citrinella,/Users/justyna-przy/Projects/ISE/FYP/src/bird_data/raw/emberiza_citrinella/XC818272.mp3,4.0,7.0,-41.002133194636656,-40.0,drop,Setophaga citrina,Hooded Warbler,0.40733060240745544,0.40733060240745544,drop,0,,,
emberiza_citrinella,817299,Emberiza citrinella,/Users/justyna-przy/Projects/ISE/FYP/src/bird_data/raw/emberiza_citrinella/XC817299.mp3,4.0,7.0,-33.393067670382564,-40.0,species,Emberiza citrinella,Yellowhammer,0.6615346074104309,0.6615346074104309,species,1,rand_species,/Users/justyna-przy/Projects/ISE/FYP/src/bird_data/clips/species/emberiza_citrinella/XC817299__s4000__e7000.wav,
emberiza_citrinella,817299,Emberiza citrinella,/Users/justyna-przy/Projects/ISE/FYP/src/bird_data/raw/emberiza_citrinella/XC817299.mp3,16.0,19.0,-38.15530544678537,-40.0,drop,Setophaga chrysoparia,Golden-cheeked Warbler,0.2565270662307739,0.2565270662307739,drop,0,,,
emberiza_citrinella,817299,Emberiza citrinella,/Users/justyna-przy/Projects/ISE/FYP/src/bird_data/raw/emberiza_citrinella/XC817299.mp3,25.0,28.0,-32.07296085328017,-40.0,species,Emberiza citrinella,Yellowhammer,0.9727054834365845,0.9727054834365845,species,1,rand_species,/Users/justyna-przy/Projects/ISE/FYP/src/bird_data/clips/species/emberiza_citrinella/XC817299__s25000__e28000.wav,
emberiza_citrinella,817299,Emberiza citrinella,/Users/justyna-przy/Projects/ISE/FYP/src/bird_data/raw/emberiza_citrinella/XC817299.mp3,37.0,40.0,-34.19348349991942,-40.0,species,Emberiza citrinella,Yellowhammer,0.9091459512710571,0.9091459512710571,species,1,rand_species,/Users/justyna-przy/Projects/ISE/FYP/src/bird_data/clips/species/emberiza_citrinella/XC817299__s37000__e40000.wav,
emberiza_citrinella,817299,Emberiza citrinella,/Users/justyna-przy/Projects/ISE/FYP/src/bird_data/raw/emberiza_citrinella/XC817299.mp3,49.0,52.0,-39.028854993465075,-40.0,non_bird,,,0.0,0.0,non_bird,1,nonbird_lowconf,/Users/justyna-przy/Projects/ISE/FYP/src/bird_data/clips/non_bird/emberiza_citrinella/XC817299__s49000__e52000.wav,
emberiza_citrinella,817084,Emberiza citrinella,/Users/justyna-przy/Projects/ISE/FYP/src/bird_data/raw/emberiza_citrinella/XC817084.mp3,1.0,4.0,-22.25790510630881,-40.0,species,Emberiza citrinella,Yellowhammer,0.9947670698165894,0.9947670698165894,species,1,rand_species,/Users/justyna-przy/Projects/ISE/FYP/src/bird_data/clips/species/emberiza_citrinella/XC817084__s1000__e4000.wav,
emberiza_citrinella,817084,Emberiza citrinella,/Users/justyna-przy/Projects/ISE/FYP/src/bird_data/raw/emberiza_citrinella/XC817084.mp3,4.0,7.0,-31.616790377064305,-40.0,drop,Aegithalos caudatus,Long-tailed Tit,0.627925455570221,0.627925455570221,drop,0,,,
emberiza_citrinella,817084,Emberiza citrinella,/Users/justyna-przy/Projects/ISE/FYP/src/bird_data/raw/emberiza_citrinella/XC817084.mp3,16.0,19.0,-22.40363743621962,-40.0,species,Emberiza citrinella,Yellowhammer,0.9964340925216675,0.9964340925216675,species,1,rand_species,/Users/justyna-przy/Projects/ISE/FYP/src/bird_data/clips/species/emberiza_citrinella/XC817084__s16000__e19000.wav,
emberiza_citrinella,817084,Emberiza citrinella,/Users/justyna-przy/Projects/ISE/FYP/src/bird_data/raw/emberiza_citrinella/XC817084.mp3,19.0,22.0,-37.62543448383934,-40.0,drop,Certhia familiaris,Eurasian Treecreeper,0.6987199187278748,0.6987199187278748,drop,0,,,
emberiza_citrinella,817084,Emberiza citrinella,/Users/justyna-przy/Projects/ISE/FYP/src/bird_data/raw/emberiza_citrinella/XC817084.mp3,28.0,31.0,-36.60846385089555,-40.0,species,Emberiza citrinella,Yellowhammer,0.8998992443084717,0.8998992443084717,species,0,,,
emberiza_citrinella,817084,Emberiza citrinella,/Users/justyna-przy/Projects/ISE/FYP/src/bird_data/raw/emberiza_citrinella/XC817084.mp3,31.0,34.0,-22.613509061522453,-40.0,species,Emberiza citrinella,Yellowhammer,0.994234025478363,0.994234025478363,species,1,rand_species,/Users/justyna-przy/Projects/ISE/FYP/src/bird_data/clips/species/emberiza_citrinella/XC817084__s31000__e34000.wav,
emberiza_citrinella,815832,Emberiza citrinella,/Users/justyna-przy/Projects/ISE/FYP/src/bird_data/raw/emberiza_citrinella/XC815832.mp3,7.0,10.0,-39.03294803062337,-40.0,species,Emberiza citrinella,Yellowhammer,0.8047958016395569,0.8047958016395569,species,1,rand_species,/Users/justyna-przy/Projects/ISE/FYP/src/bird_data/clips/species/emberiza_citrinella/XC815832__s7000__e10000.wav,
emberiza_citrinella,815832,Emberiza citrinella,/Users/justyna-przy/Projects/ISE/FYP/src/bird_data/raw/emberiza_citrinella/XC815832.mp3,13.0,16.0,-36.432740619272664,-40.0,species,Emberiza citrinella,Yellowhammer,0.9303442239761353,0.9303442239761353,species,0,,,
emberiza_citrinella,815832,Emberiza citrinella,/Users/justyna-przy/Projects/ISE/FYP/src/bird_data/raw/emberiza_citrinella/XC815832.mp3,16.0,19.0,-35.117878793286486,-40.0,species,Emberiza citrinella,Yellowhammer,0.8139156699180603,0.8139156699180603,species,1,rand_species,/Users/justyna-przy/Projects/ISE/FYP/src/bird_data/clips/species/emberiza_citrinella/XC815832__s16000__e19000.wav,
emberiza_citrinella,815832,Emberiza citrinella,/Users/justyna-przy/Projects/ISE/FYP/src/bird_data/raw/emberiza_citrinella/XC815832.mp3,22.0,25.0,-29.450242452969974,-40.0,species,Emberiza citrinella,Yellowhammer,0.9599030613899231,0.9599030613899231,species,1,rand_species,/Users/justyna-przy/Projects/ISE/FYP/src/bird_data/clips/species/emberiza_citrinella/XC815832__s22000__e25000.wav,
emberiza_citrinella,815746,Emberiza citrinella,/Users/justyna-przy/Projects/ISE/FYP/src/bird_data/raw/emberiza_citrinella/XC815746.mp3,1.0,4.0,-23.895224205581943,-40.0,species,Emberiza citrinella,Yellowhammer,0.9058809280395508,0.9058809280395508,species,0,,,
emberiza_citrinella,815746,Emberiza citrinella,/Users/justyna-przy/Projects/ISE/FYP/src/bird_data/raw/emberiza_citrinella/XC815746.mp3,4.0,7.0,-37.68448069724141,-40.0,drop,Emberiza leucocephalos,Pine Bunting,0.420839786529541,0.420839786529541,drop,0,,,
emberiza_citrinella,815746,Emberiza citrinella,/Users/justyna-przy/Projects/ISE/FYP/src/bird_data/raw/emberiza_citrinella/XC815746.mp3,10.0,13.0,-23.968587610307534,-40.0,species,Emberiza citrinella,Yellowhammer,0.3800613582134247,0.3800613582134247,species,1,rand_species,/Users/justyna-przy/Projects/ISE/FYP/src/bird_data/clips/species/emberiza_citrinella/XC815746__s10000__e13000.wav,
emberiza_citrinella,815746,Emberiza citrinella,/Users/justyna-przy/Projects/ISE/FYP/src/bird_data/raw/emberiza_citrinella/XC815746.mp3,13.0,16.0,-28.439787747338066,-40.0,species,Emberiza citrinella,Yellowhammer,0.48945873975753784,0.48945873975753784,species,0,,,
emberiza_citrinella,815746,Emberiza citrinella,/Users/justyna-przy/Projects/ISE/FYP/src/bird_data/raw/emberiza_citrinella/XC815746.mp3,19.0,22.0,-21.71581687499186,-40.0,species,Emberiza citrinella,Yellowhammer,0.8349283933639526,0.8349283933639526,species,1,rand_species,/Users/justyna-przy/Projects/ISE/FYP/src/bird_data/clips/species/emberiza_citrinella/XC815746__s19000__e22000.wav,
emberiza_citrinella,815746,Emberiza citrinella,/Users/justyna-przy/Projects/ISE/FYP/src/bird_data/raw/emberiza_citrinella/XC815746.mp3,31.0,34.0,-29.043595320334298,-40.0,species,Emberiza citrinella,Yellowhammer,0.9260208606719971,0.9260208606719971,species,1,rand_species,/Users/justyna-przy/Projects/ISE/FYP/src/bird_data/clips/species/emberiza_citrinella/XC815746__s31000__e34000.wav,
emberiza_citrinella,815745,Emberiza citrinella,/Users/justyna-przy/Projects/ISE/FYP/src/bird_data/raw/emberiza_citrinella/XC815745.mp3,1.0,4.0,-34.308350977477666,-36.98735157803705,species,Emberiza citrinella,Yellowhammer,0.9506635665893555,0.9506635665893555,species,1,rand_species,/Users/justyna-przy/Projects/ISE/FYP/src/bird_data/clips/species/emberiza_citrinella/XC815745__s1000__e4000.wav,
emberiza_citrinella,815745,Emberiza citrinella,/Users/justyna-przy/Projects/ISE/FYP/src/bird_data/raw/emberiza_citrinella/XC815745.mp3,7.0,10.0,-28.38935037427609,-36.98735157803705,drop,Setophaga chrysoparia,Golden-cheeked Warbler,0.33346641063690186,0.33346641063690186,drop,0,,,
emberiza_citrinella,815745,Emberiza citrinella,/Users/justyna-przy/Projects/ISE/FYP/src/bird_data/raw/emberiza_citrinella/XC815745.mp3,10.0,13.0,-35.01022743459274,-36.98735157803705,drop,Ammodramus humeralis,Grassland Sparrow,0.10793227702379227,0.10793227702379227,drop,0,,,
emberiza_citrinella,815745,Emberiza citrinella,/Users/justyna-przy/Projects/ISE/FYP/src/bird_data/raw/emberiza_citrinella/XC815745.mp3,13.0,16.0,-32.44083489451921,-36.98735157803705,species,Emberiza citrinella,Yellowhammer,0.4352499842643738,0.4352499842643738,species,1,rand_species,/Users/justyna-przy/Projects/ISE/FYP/src/bird_data/clips/species/emberiza_citrinella/XC815745__s13000__e16000.wav,
emberiza_citrinella,815745,Emberiza citrinella,/Users/justyna-przy/Projects/ISE/FYP/src/bird_data/raw/emberiza_citrinella/XC815745.mp3,16.0,19.0,-28.599016654087418,-36.98735157803705,drop,Emberiza citrinella,Yellowhammer,0.12171133607625961,0.12171133607625961,drop,0,,,
emberiza_citrinella,815745,Emberiza citrinella,/Users/justyna-przy/Projects/ISE/FYP/src/bird_data/raw/emberiza_citrinella/XC815745.mp3,25.0,28.0,-28.387970860700655,-36.98735157803705,species,Emberiza citrinella,Yellowhammer,0.45839011669158936,0.45839011669158936,species,1,rand_species,/Users/justyna-przy/Projects/ISE/FYP/src/bird_data/clips/species/emberiza_citrinella/XC815745__s25000__e28000.wav,
emberiza_citrinella,813164,Emberiza citrinella,/Users/justyna-przy/Projects/ISE/FYP/src/bird_data/raw/emberiza_citrinella/XC813164.mp3,1.0,4.0,-37.99641947002421,-40.0,species,Emberiza citrinella,Yellowhammer,0.9904460906982422,0.9904460906982422,species,0,,,
emberiza_citrinella,813164,Emberiza citrinella,/Users/justyna-przy/Projects/ISE/FYP/src/bird_data/raw/emberiza_citrinella/XC813164.mp3,19.0,22.0,-37.599474028676006,-40.0,species,Emberiza citrinella,Yellowhammer,0.9475699067115784,0.9475699067115784,species,1,rand_species,/Users/justyna-przy/Projects/ISE/FYP/src/bird_data/clips/species/emberiza_citrinella/XC813164__s19000__e22000.wav,
emberiza_citrinella,813164,Emberiza citrinella,/Users/justyna-przy/Projects/ISE/FYP/src/bird_data/raw/emberiza_citrinella/XC813164.mp3,28.0,31.0,-39.854339197677135,-40.0,species,Emberiza citrinella,Yellowhammer,0.9840951561927795,0.9840951561927795,species,1,rand_species,/Users/justyna-przy/Projects/ISE/FYP/src/bird_data/clips/species/emberiza_citrinella/XC813164__s28000__e31000.wav,
emberiza_citrinella,813164,Emberiza citrinella,/Users/justyna-przy/Projects/ISE/FYP/src/bird_data/raw/emberiza_citrinella/XC813164.mp3,34.0,37.0,-38.4551446707962,-40.0,species,Emberiza citrinella,Yellowhammer,0.953001856803894,0.953001856803894,species,1,rand_species,/Users/justyna-przy/Projects/ISE/FYP/src/bird_data/clips/species/emberiza_citrinella/XC813164__s34000__e37000.wav,
emberiza_citrinella,812261,Emberiza citrinella,/Users/justyna-przy/Projects/ISE/FYP/src/bird_data/raw/emberiza_citrinella/XC812261.mp3,22.0,25.0,-43.5136291259406,-40.0,species,Emberiza citrinella,Yellowhammer,0.39551207423210144,0.39551207423210144,species,1,rand_species,/Users/justyna-przy/Projects/ISE/FYP/src/bird_data/clips/species/emberiza_citrinella/XC812261__s22000__e25000.wav,
emberiza_citrinella,807711,Emberiza citrinella,/Users/justyna-przy/Projects/ISE/FYP/src/bird_data/raw/emberiza_citrinella/XC807711.mp3,4.0,7.0,-29.192917506438512,-40.0,species,Emberiza citrinella,Yellowhammer,0.9642051458358765,0.9642051458358765,species,1,rand_species,/Users/justyna-przy/Projects/ISE/FYP/src/bird_data/clips/species/emberiza_citrinella/XC807711__s4000__e7000.wav,
emberiza_citrinella,807711,Emberiza citrinella,/Users/justyna-przy/Projects/ISE/FYP/src/bird_data/raw/emberiza_citrinella/XC807711.mp3,16.0,19.0,-35.0179194827,-40.0,species,Emberiza citrinella,Yellowhammer,0.5983660221099854,0.5983660221099854,species,1,rand_species,/Users/justyna-przy/Projects/ISE/FYP/src/bird_data/clips/species/emberiza_citrinella/XC807711__s16000__e19000.wav,
emberiza_citrinella,807711,Emberiza citrinella,/Users/justyna-przy/Projects/ISE/FYP/src/bird_data/raw/emberiza_citrinella/XC807711.mp3,19.0,22.0,-28.809771507980475,-40.0,species,Emberiza citrinella,Yellowhammer,0.9566964507102966,0.9566964507102966,species,0,,,
emberiza_citrinella,807711,Emberiza citrinella,/Users/justyna-przy/Projects/ISE/FYP/src/bird_data/raw/emberiza_citrinella/XC807711.mp3,28.0,31.0,-27.76808809998235,-40.0,species,Emberiza citrinella,Yellowhammer,0.9906902313232422,0.9906902313232422,species,1,rand_species,/Users/justyna-przy/Projects/ISE/FYP/src/bird_data/clips/species/emberiza_citrinella/XC807711__s28000__e31000.wav,
emberiza_citrinella,807283,Emberiza citrinella,/Users/justyna-przy/Projects/ISE/FYP/src/bird_data/raw/emberiza_citrinella/XC807283.mp3,4.0,7.0,-21.593593879469175,-40.0,species,Emberiza citrinella,Yellowhammer,0.8672205805778503,0.8672205805778503,species,0,,,
emberiza_citrinella,807283,Emberiza citrinella,/Users/justyna-przy/Projects/ISE/FYP/src/bird_data/raw/emberiza_citrinella/XC807283.mp3,7.0,10.0,-37.32081337992831,-40.0,species,Emberiza citrinella,Yellowhammer,0.5576357841491699,0.5576357841491699,species,1,rand_species,/Users/justyna-przy/Projects/ISE/FYP/src/bird_data/clips/species/emberiza_citrinella/XC807283__s7000__e10000.wav,
emberiza_citrinella,807283,Emberiza citrinella,/Users/justyna-przy/Projects/ISE/FYP/src/bird_data/raw/emberiza_citrinella/XC807283.mp3,13.0,16.0,-39.894627495458664,-40.0,non_bird,,,0.0,0.0,non_bird,1,nonbird_lowconf,/Users/justyna-przy/Projects/ISE/FYP/src/bird_data/clips/non_bird/emberiza_citrinella/XC807283__s13000__e16000.wav,
emberiza_citrinella,807283,Emberiza citrinella,/Users/justyna-przy/Projects/ISE/FYP/src/bird_data/raw/emberiza_citrinella/XC807283.mp3,19.0,22.0,-20.638256340022494,-40.0,species,Emberiza citrinella,Yellowhammer,0.8382287621498108,0.8382287621498108,species,0,,,
emberiza_citrinella,807283,Emberiza citrinella,/Users/justyna-przy/Projects/ISE/FYP/src/bird_data/raw/emberiza_citrinella/XC807283.mp3,22.0,25.0,-34.25067686199058,-40.0,species,Emberiza citrinella,Yellowhammer,0.6840096116065979,0.6840096116065979,species,1,rand_species,/Users/justyna-przy/Projects/ISE/FYP/src/bird_data/clips/species/emberiza_citrinella/XC807283__s22000__e25000.wav,
emberiza_citrinella,807283,Emberiza citrinella,/Users/justyna-przy/Projects/ISE/FYP/src/bird_data/raw/emberiza_citrinella/XC807283.mp3,28.0,31.0,-29.788924775285345,-40.0,species,Emberiza citrinella,Yellowhammer,0.8254879713058472,0.8254879713058472,species,0,,,
emberiza_citrinella,807283,Emberiza citrinella,/Users/justyna-przy/Projects/ISE/FYP/src/bird_data/raw/emberiza_citrinella/XC807283.mp3,31.0,34.0,-19.86078842888097,-40.0,species,Emberiza citrinella,Yellowhammer,0.932103157043457,0.932103157043457,species,1,rand_species,/Users/justyna-przy/Projects/ISE/FYP/src/bird_data/clips/species/emberiza_citrinella/XC807283__s31000__e34000.wav,
emberiza_citrinella,805031,Emberiza citrinella,/Users/justyna-przy/Projects/ISE/FYP/src/bird_data/raw/emberiza_citrinella/XC805031.mp3,4.0,7.0,-43.99220371184035,-40.0,species,Emberiza citrinella,Yellowhammer,0.922346830368042,0.922346830368042,species,1,rand_species,/Users/justyna-przy/Projects/ISE/FYP/src/bird_data/clips/species/emberiza_citrinella/XC805031__s4000__e7000.wav,
emberiza_citrinella,804969,Emberiza citrinella,/Users/justyna-przy/Projects/ISE/FYP/src/bird_data/raw/emberiza_citrinella/XC804969.mp3,19.0,22.0,-36.039990727003264,-40.0,species,Emberiza citrinella,Yellowhammer,0.9655507206916809,0.9655507206916809,species,1,rand_species,/Users/justyna-przy/Projects/ISE/FYP/src/bird_data/clips/species/emberiza_citrinella/XC804969__s19000__e22000.wav,
emberiza_citrinella,804969,Emberiza citrinella,/Users/justyna-przy/Projects/ISE/FYP/src/bird_data/raw/emberiza_citrinella/XC804969.mp3,28.0,31.0,-35.06733127842382,-40.0,species,Emberiza citrinella,Yellowhammer,0.8002806901931763,0.8002806901931763,species,1,rand_species,/Users/justyna-przy/Projects/ISE/FYP/src/bird_data/clips/species/emberiza_citrinella/XC804969__s28000__e31000.wav,
emberiza_citrinella,804969,Emberiza citrinella,/Users/justyna-przy/Projects/ISE/FYP/src/bird_data/raw/emberiza_citrinella/XC804969.mp3,37.0,40.0,-29.435777248734247,-40.0,species,Emberiza citrinella,Yellowhammer,0.9405086040496826,0.9405086040496826,species,1,rand_species,/Users/justyna-przy/Projects/ISE/FYP/src/bird_data/clips/species/emberiza_citrinella/XC804969__s37000__e40000.wav,
emberiza_citrinella,802665,Emberiza citrinella,/Users/justyna-przy/Projects/ISE/FYP/src/bird_data/raw/emberiza_citrinella/XC802665.mp3,1.0,4.0,-21.722360638491807,-35.583715412768434,species,Emberiza citrinella,Yellowhammer,0.9947882890701294,0.9947882890701294,species,1,rand_species,/Users/justyna-przy/Projects/ISE/FYP/src/bird_data/clips/species/emberiza_citrinella/XC802665__s1000__e4000.wav,
emberiza_citrinella,802665,Emberiza citrinella,/Users/justyna-przy/Projects/ISE/FYP/src/bird_data/raw/emberiza_citrinella/XC802665.mp3,7.0,10.0,-19.97841063718758,-35.583715412768434,species,Emberiza citrinella,Yellowhammer,0.9868085384368896,0.9868085384368896,species,1,rand_species,/Users/justyna-przy/Projects/ISE/FYP/src/bird_data/clips/species/emberiza_citrinella/XC802665__s7000__e10000.wav,
emberiza_citrinella,802665,Emberiza citrinella,/Users/justyna-przy/Projects/ISE/FYP/src/bird_data/raw/emberiza_citrinella/XC802665.mp3,13.0,16.0,-30.702830888389574,-35.583715412768434,species,Emberiza citrinella,Yellowhammer,0.9069796204566956,0.9069796204566956,species,0,,,
emberiza_citrinella,802665,Emberiza citrinella,/Users/justyna-przy/Projects/ISE/FYP/src/bird_data/raw/emberiza_citrinella/XC802665.mp3,16.0,19.0,-25.024808339309143,-35.583715412768434,species,Emberiza citrinella,Yellowhammer,0.980509877204895,0.980509877204895,species,0,,,
emberiza_citrinella,802665,Emberiza citrinella,/Users/justyna-przy/Projects/ISE/FYP/src/bird_data/raw/emberiza_citrinella/XC802665.mp3,22.0,25.0,-24.282088102465877,-35.583715412768434,species,Emberiza citrinella,Yellowhammer,0.9035789370536804,0.9035789370536804,species,0,,,
emberiza_citrinella,802665,Emberiza citrinella,/Users/justyna-przy/Projects/ISE/FYP/src/bird_data/raw/emberiza_citrinella/XC802665.mp3,28.0,31.0,-23.674281049890837,-35.583715412768434,species,Emberiza citrinella,Yellowhammer,0.9525864720344543,0.9525864720344543,species,0,,,
emberiza_citrinella,802665,Emberiza citrinella,/Users/justyna-przy/Projects/ISE/FYP/src/bird_data/raw/emberiza_citrinella/XC802665.mp3,31.0,34.0,-28.04200764560921,-35.583715412768434,drop,Alauda arvensis,Eurasian Skylark,0.9361476898193359,0.9361476898193359,drop,0,,,
emberiza_citrinella,802665,Emberiza citrinella,/Users/justyna-przy/Projects/ISE/FYP/src/bird_data/raw/emberiza_citrinella/XC802665.mp3,34.0,37.0,-33.52500716514841,-35.583715412768434,drop,Alauda arvensis,Eurasian Skylark,0.9322777390480042,0.9322777390480042,drop,0,,,
emberiza_citrinella,802665,Emberiza citrinella,/Users/justyna-przy/Projects/ISE/FYP/src/bird_data/raw/emberiza_citrinella/XC802665.mp3,37.0,40.0,-22.937851792747864,-35.583715412768434,species,Emberiza citrinella,Yellowhammer,0.8174088001251221,0.8174088001251221,species,1,rand_species,/Users/justyna-przy/Projects/ISE/FYP/src/bird_data/clips/species/emberiza_citrinella/XC802665__s37000__e40000.wav,
emberiza_citrinella,801375,Emberiza citrinella,/Users/justyna-przy/Projects/ISE/FYP/src/bird_data/raw/emberiza_citrinella/XC801375.mp3,13.0,16.0,-46.29736912238239,-40.0,species,Emberiza citrinella,Yellowhammer,0.6004692912101746,0.6004692912101746,species,1,rand_species,/Users/justyna-przy/Projects/ISE/FYP/src/bird_data/clips/species/emberiza_citrinella/XC801375__s13000__e16000.wav,
emberiza_citrinella,801318,Emberiza citrinella,/Users/justyna-przy/Projects/ISE/FYP/src/bird_data/raw/emberiza_citrinella/XC801318.mp3,1.0,4.0,-36.10686216178189,-37.07122968691382,species,Emberiza citrinella,Yellowhammer,0.7524999976158142,0.7524999976158142,species,1,rand_species,/Users/justyna-przy/Projects/ISE/FYP/src/bird_data/clips/species/emberiza_citrinella/XC801318__s1000__e4000.wav,
emberiza_citrinella,801318,Emberiza citrinella,/Users/justyna-przy/Projects/ISE/FYP/src/bird_data/raw/emberiza_citrinella/XC801318.mp3,7.0,10.0,-34.67433456410713,-37.07122968691382,species,Emberiza citrinella,Yellowhammer,0.7092616558074951,0.7092616558074951,species,0,,,
emberiza_citrinella,801318,Emberiza citrinella,/Users/justyna-przy/Projects/ISE/FYP/src/bird_data/raw/emberiza_citrinella/XC801318.mp3,16.0,19.0,-32.77865863427263,-37.07122968691382,species,Emberiza citrinella,Yellowhammer,0.9420126080513,0.9420126080513,species,0,,,
emberiza_citrinella,801318,Emberiza citrinella,/Users/justyna-przy/Projects/ISE/FYP/src/bird_data/raw/emberiza_citrinella/XC801318.mp3,19.0,22.0,-33.794375045659336,-37.07122968691382,species,Emberiza citrinella,Yellowhammer,0.9057713150978088,0.9057713150978088,species,1,rand_species,/Users/justyna-przy/Projects/ISE/FYP/src/bird_data/clips/species/emberiza_citrinella/XC801318__s19000__e22000.wav,
emberiza_citrinella,801318,Emberiza citrinella,/Users/justyna-przy/Projects/ISE/FYP/src/bird_data/raw/emberiza_citrinella/XC801318.mp3,22.0,25.0,-31.917885415535466,-37.07122968691382,species,Emberiza citrinella,Yellowhammer,0.9546984434127808,0.9546984434127808,species,1,rand_species,/Users/justyna-przy/Projects/ISE/FYP/src/bird_data/clips/species/emberiza_citrinella/XC801318__s22000__e25000.wav,
emberiza_citrinella,801317,Emberiza citrinella,/Users/justyna-przy/Projects/ISE/FYP/src/bird_data/raw/emberiza_citrinella/XC801317.mp3,1.0,4.0,-37.46133806391211,-37.891264033629085,drop,Emberiza citrinella,Yellowhammer,0.29603153467178345,0.29603153467178345,drop,0,,,
emberiza_citrinella,801317,Emberiza citrinella,/Users/justyna-przy/Projects/ISE/FYP/src/bird_data/raw/emberiza_citrinella/XC801317.mp3,7.0,10.0,-36.558188093597394,-37.891264033629085,species,Emberiza citrinella,Yellowhammer,0.8645299673080444,0.8645299673080444,species,1,rand_species,/Users/justyna-przy/Projects/ISE/FYP/src/bird_data/clips/species/emberiza_citrinella/XC801317__s7000__e10000.wav,
emberiza_citrinella,801317,Emberiza citrinella,/Users/justyna-przy/Projects/ISE/FYP/src/bird_data/raw/emberiza_citrinella/XC801317.mp3,13.0,16.0,-37.40616775836488,-37.891264033629085,species,Emberiza citrinella,Yellowhammer,0.7903125286102295,0.7903125286102295,species,1,rand_species,/Users/justyna-przy/Projects/ISE/FYP/src/bird_data/clips/species/emberiza_citrinella/XC801317__s13000__e16000.wav,
emberiza_citrinella,801317,Emberiza citrinella,/Users/justyna-przy/Projects/ISE/FYP/src/bird_data/raw/emberiza_citrinella/XC801317.mp3,16.0,19.0,-36.9395939027807,-37.891264033629085,species,Emberiza citrinella,Yellowhammer,0.9731218218803406,0.9731218218803406,species,0,,,
emberiza_citrinella,801317,Emberiza citrinella,/Users/justyna-przy/Projects/ISE/FYP/src/bird_data/raw/emberiza_citrinella/XC801317.mp3,22.0,25.0,-37.82133459333555,-37.891264033629085,species,Emberiza citrinella,Yellowhammer,0.8789383769035339,0.8789383769035339,species,1,rand_species,/Users/justyna-przy/Projects/ISE/FYP/src/bird_data/clips/species/emberiza_citrinella/XC801317__s22000__e25000.wav,
emberiza_citrinella,798850,Emberiza citrinella,/Users/justyna-przy/Projects/ISE/FYP/src/bird_data/raw/emberiza_citrinella/XC798850.mp3,1.0,4.0,-44.466336155828444,-40.0,species,Emberiza citrinella,Yellowhammer,0.9573527574539185,0.9573527574539185,species,1,rand_species,/Users/justyna-przy/Projects/ISE/FYP/src/bird_data/clips/species/emberiza_citrinella/XC798850__s1000__e4000.wav,
emberiza_citrinella,798503,Emberiza citrinella,/Users/justyna-przy/Projects/ISE/FYP/src/bird_data/raw/emberiza_citrinella/XC798503.mp3,1.0,4.0,-25.404032718657938,-26.141887028929624,species,Emberiza citrinella,Yellowhammer,0.8848214149475098,0.8848214149475098,species,1,rand_species,/Users/justyna-przy/Projects/ISE/FYP/src/bird_data/clips/species/emberiza_citrinella/XC798503__s1000__e4000.wav,
emberiza_citrinella,798503,Emberiza citrinella,/Users/justyna-przy/Projects/ISE/FYP/src/bird_data/raw/emberiza_citrinella/XC798503.mp3,7.0,10.0,-24.70449107041951,-26.141887028929624,species,Emberiza citrinella,Yellowhammer,0.8282654881477356,0.8282654881477356,species,1,rand_species,/Users/justyna-przy/Projects/ISE/FYP/src/bird_data/clips/species/emberiza_citrinella/XC798503__s7000__e10000.wav,
emberiza_citrinella,798503,Emberiza citrinella,/Users/justyna-przy/Projects/ISE/FYP/src/bird_data/raw/emberiza_citrinella/XC798503.mp3,13.0,16.0,-26.063595821608324,-26.141887028929624,species,Emberiza citrinella,Yellowhammer,0.9678146243095398,0.9678146243095398,species,1,rand_species,/Users/justyna-przy/Projects/ISE/FYP/src/bird_data/clips/species/emberiza_citrinella/XC798503__s13000__e16000.wav,
emberiza_citrinella,798300,Emberiza citrinella,/Users/justyna-przy/Projects/ISE/FYP/src/bird_data/raw/emberiza_citrinella/XC798300.mp3,1.0,4.0,-26.48678423885764,-40.0,species,Emberiza citrinella,Yellowhammer,0.9762843251228333,0.9762843251228333,species,1,rand_species,/Users/justyna-przy/Projects/ISE/FYP/src/bird_data/clips/species/emberiza_citrinella/XC798300__s1000__e4000.wav,
emberiza_citrinella,798300,Emberiza citrinella,/Users/justyna-przy/Projects/ISE/FYP/src/bird_data/raw/emberiza_citrinella/XC798300.mp3,10.0,13.0,-26.186833259274422,-40.0,species,Emberiza citrinella,Yellowhammer,0.993739128112793,0.993739128112793,species,1,rand_species,/Users/justyna-przy/Projects/ISE/FYP/src/bird_data/clips/species/emberiza_citrinella/XC798300__s10000__e13000.wav,
emberiza_citrinella,798300,Emberiza citrinella,/Users/justyna-przy/Projects/ISE/FYP/src/bird_data/raw/emberiza_citrinella/XC798300.mp3,19.0,22.0,-26.60002045420109,-40.0,species,Emberiza citrinella,Yellowhammer,0.9895499348640442,0.9895499348640442,species,1,rand_species,/Users/justyna-przy/Projects/ISE/FYP/src/bird_data/clips/species/emberiza_citrinella/XC798300__s19000__e22000.wav,
emberiza_citrinella,797222,Emberiza citrinella,/Users/justyna-przy/Projects/ISE/FYP/src/bird_data/raw/emberiza_citrinella/XC797222.mp3,19.0,22.0,-39.14376884830829,-40.0,species,Emberiza citrinella,Yellowhammer,0.7754291892051697,0.7754291892051697,species,1,rand_species,/Users/justyna-przy/Projects/ISE/FYP/src/bird_data/clips/species/emberiza_citrinella/XC797222__s19000__e22000.wav,
emberiza_citrinella,797222,Emberiza citrinella,/Users/justyna-przy/Projects/ISE/FYP/src/bird_data/raw/emberiza_citrinella/XC797222.mp3,25.0,28.0,-39.683613327226915,-40.0,species,Emberiza citrinella,Yellowhammer,0.9470086097717285,0.9470086097717285,species,1,rand_species,/Users/justyna-przy/Projects/ISE/FYP/src/bird_data/clips/species/emberiza_citrinella/XC797222__s25000__e28000.wav,
emberiza_citrinella,797048,Emberiza citrinella,/Users/justyna-przy/Projects/ISE/FYP/src/bird_data/raw/emberiza_citrinella/XC797048.mp3,10.0,13.0,-51.81451045759345,-40.0,drop,Parkesia motacilla,Louisiana Waterthrush,0.10571197420358658,0.10571197420358658,drop,0,,,
emberiza_citrinella,796085,Emberiza citrinella,/Users/justyna-przy/Projects/ISE/FYP/src/bird_data/raw/emberiza_citrinella/XC796085.mp3,16.0,19.0,-38.513419820560216,-40.0,species,Emberiza citrinella,Yellowhammer,0.9256991744041443,0.9256991744041443,species,1,rand_species,/Users/justyna-przy/Projects/ISE/FYP/src/bird_data/clips/species/emberiza_citrinella/XC796085__s16000__e19000.wav,
emberiza_citrinella,796085,Emberiza citrinella,/Users/justyna-przy/Projects/ISE/FYP/src/bird_data/raw/emberiza_citrinella/XC796085.mp3,25.0,28.0,-39.71717209117779,-40.0,species,Emberiza citrinella,Yellowhammer,0.9897958636283875,0.9897958636283875,species,1,rand_species,/Users/justyna-przy/Projects/ISE/FYP/src/bird_data/clips/species/emberiza_citrinella/XC796085__s25000__e28000.wav,
emberiza_citrinella,793718,Emberiza citrinella,/Users/justyna-przy/Projects/ISE/FYP/src/bird_data/raw/emberiza_citrinella/XC793718.mp3,1.0,4.0,-23.51934001767665,-40.0,species,Emberiza citrinella,Yellowhammer,0.9984232187271118,0.9984232187271118,species,0,,,
emberiza_citrinella,793718,Emberiza citrinella,/Users/justyna-przy/Projects/ISE/FYP/src/bird_data/raw/emberiza_citrinella/XC793718.mp3,10.0,13.0,-24.85515961774185,-40.0,species,Emberiza citrinella,Yellowhammer,0.9593604207038879,0.9593604207038879,species,1,rand_species,/Users/justyna-przy/Projects/ISE/FYP/src/bird_data/clips/species/emberiza_citrinella/XC793718__s10000__e13000.wav,
emberiza_citrinella,793718,Emberiza citrinella,/Users/justyna-przy/Projects/ISE/FYP/src/bird_data/raw/emberiza_citrinella/XC793718.mp3,13.0,16.0,-34.270917773124324,-40.0,drop,Emberiza citrinella,Yellowhammer,0.29470500349998474,0.29470500349998474,drop,0,,,
emberiza_citrinella,793718,Emberiza citrinella,/Users/justyna-przy/Projects/ISE/FYP/src/bird_data/raw/emberiza_citrinella/XC793718.mp3,22.0,25.0,-24.32300548340242,-40.0,species,Emberiza citrinella,Yellowhammer,0.9955331087112427,0.9955331087112427,species,0,,,
emberiza_citrinella,793718,Emberiza citrinella,/Users/justyna-przy/Projects/ISE/FYP/src/bird_data/raw/emberiza_citrinella/XC793718.mp3,25.0,28.0,-36.88009114379661,-40.0,species,Emberiza citrinella,Yellowhammer,0.4437665045261383,0.4437665045261383,species,0,,,
emberiza_citrinella,793718,Emberiza citrinella,/Users/justyna-przy/Projects/ISE/FYP/src/bird_data/raw/emberiza_citrinella/XC793718.mp3,31.0,34.0,-35.101483227387796,-40.0,species,Emberiza citrinella,Yellowhammer,0.6281872391700745,0.6281872391700745,species,1,rand_species,/Users/justyna-przy/Projects/ISE/FYP/src/bird_data/clips/species/emberiza_citrinella/XC793718__s31000__e34000.wav,
emberiza_citrinella,793718,Emberiza citrinella,/Users/justyna-przy/Projects/ISE/FYP/src/bird_data/raw/emberiza_citrinella/XC793718.mp3,34.0,37.0,-24.302548187212253,-40.0,species,Emberiza citrinella,Yellowhammer,0.9790251851081848,0.9790251851081848,species,1,rand_species,/Users/justyna-przy/Projects/ISE/FYP/src/bird_data/clips/species/emberiza_citrinella/XC793718__s34000__e37000.wav,
emberiza_citrinella,793398,Emberiza citrinella,/Users/justyna-przy/Projects/ISE/FYP/src/bird_data/raw/emberiza_citrinella/XC793398.mp3,4.0,7.0,-44.0433902418054,-40.0,drop,Emberiza calandra,Corn Bunting,0.47512727975845337,0.47512727975845337,drop,0,,,
emberiza_citrinella,793309,Emberiza citrinella,/Users/justyna-przy/Projects/ISE/FYP/src/bird_data/raw/emberiza_citrinella/XC793309.mp3,1.0,4.0,-33.667973337408796,-40.0,species,Emberiza citrinella,Yellowhammer,0.8056858777999878,0.8056858777999878,species,1,rand_species,/Users/justyna-przy/Projects/ISE/FYP/src/bird_data/clips/species/emberiza_citrinella/XC793309__s1000__e4000.wav,
emberiza_citrinella,793309,Emberiza citrinella,/Users/justyna-przy/Projects/ISE/FYP/src/bird_data/raw/emberiza_citrinella/XC793309.mp3,10.0,13.0,-33.42779584182826,-40.0,species,Emberiza citrinella,Yellowhammer,0.8427714109420776,0.8427714109420776,species,1,rand_species,/Users/justyna-przy/Projects/ISE/FYP/src/bird_data/clips/species/emberiza_citrinella/XC793309__s10000__e13000.wav,
emberiza_citrinella,793309,Emberiza citrinella,/Users/justyna-przy/Projects/ISE/FYP/src/bird_data/raw/emberiza_citrinella/XC793309.mp3,28.0,31.0,-39.500990680160385,-40.0,species,Emberiza citrinella,Yellowhammer,0.9741169214248657,0.9741169214248657,species,0,,,
emberiza_citrinella,793309,Emberiza citrinella,/Users/justyna-przy/Projects/ISE/FYP/src/bird_data/raw/emberiza_citrinella/XC793309.mp3,37.0,40.0,-39.891533612993356,-40.0,species,Emberiza citrinella,Yellowhammer,0.6785467863082886,0.6785467863082886,species,0,,,
emberiza_citrinella,793309,Emberiza citrinella,/Users/justyna-przy/Projects/ISE/FYP/src/bird_data/raw/emberiza_citrinella/XC793309.mp3,49.0,52.0,-38.66496034563455,-40.0,species,Emberiza citrinella,Yellowhammer,0.8926408290863037,0.8926408290863037,species,1,rand_species,/Users/justyna-przy/Projects/ISE/FYP/src/bird_data/clips/species/emberiza_citrinella/XC793309__s49000__e52000.wav,
emberiza_citrinella,791955,Emberiza citrinella,/Users/justyna-przy/Projects/ISE/FYP/src/bird_data/raw/emberiza_citrinella/XC791955.mp3,1.0,4.0,-34.18290868072412,-34.18290868072412,species,Emberiza citrinella,Yellowhammer,0.9549016952514648,0.9549016952514648,species,1,rand_species,/Users/justyna-przy/Projects/ISE/FYP/src/bird_data/clips/species/emberiza_citrinella/XC791955__s1000__e4000.wav,
emberiza_citrinella,790945,Emberiza citrinella,/Users/justyna-przy/Projects/ISE/FYP/src/bird_data/raw/emberiza_citrinella/XC790945.mp3,1.0,4.0,-34.21826563382814,-34.36054329037756,drop,Fringilla montifringilla,Brambling,0.20114172995090485,0.20114172995090485,drop,0,,,
emberiza_citrinella,790242,Emberiza citrinella,/Users/justyna-przy/Projects/ISE/FYP/src/bird_data/raw/emberiza_citrinella/XC790242.mp3,1.0,4.0,-34.21826563382814,-34.36054329037756,drop,Fringilla montifringilla,Brambling,0.20114172995090485,0.20114172995090485,drop,0,,,
emberiza_citrinella,790218,Emberiza citrinella,/Users/justyna-przy/Projects/ISE/FYP/src/bird_data/raw/emberiza_citrinella/XC790218.mp3,1.0,4.0,-29.923540247855694,-32.258514206736415,non_bird,,,0.0,0.0,non_bird,1,nonbird_lowconf,/Users/justyna-przy/Projects/ISE/FYP/src/bird_data/clips/non_bird/emberiza_citrinella/XC790218__s1000__e4000.wav,
emberiza_citrinella,790218,Emberiza citrinella,/Users/justyna-przy/Projects/ISE/FYP/src/bird_data/raw/emberiza_citrinella/XC790218.mp3,4.0,7.0,-28.23118539037107,-32.258514206736415,non_bird,,,0.0,0.0,non_bird,1,nonbird_lowconf,/Users/justyna-przy/Projects/ISE/FYP/src/bird_data/clips/non_bird/emberiza_citrinella/XC790218__s4000__e7000.wav,
emberiza_citrinella,790218,Emberiza citrinella,/Users/justyna-przy/Projects/ISE/FYP/src/bird_data/raw/emberiza_citrinella/XC790218.mp3,7.0,10.0,-30.144920354657746,-32.258514206736415,non_bird,,,0.0,0.0,non_bird,0,,,
emberiza_citrinella,790218,Emberiza citrinella,/Users/justyna-przy/Projects/ISE/FYP/src/bird_data/raw/emberiza_citrinella/XC790218.mp3,16.0,19.0,-28.63066475015765,-32.258514206736415,non_bird,,,0.0,0.0,non_bird,0,,,
emberiza_citrinella,787380,Emberiza citrinella,/Users/justyna-przy/Projects/ISE/FYP/src/bird_data/raw/emberiza_citrinella/XC787380.mp3,1.0,4.0,-56.00372547489407,-40.0,drop,Emberiza calandra,Corn Bunting,0.10609722882509232,0.10609722882509232,drop,0,,,
emberiza_citrinella,787261,Emberiza citrinella,/Users/justyna-przy/Projects/ISE/FYP/src/bird_data/raw/emberiza_citrinella/XC787261.mp3,4.0,7.0,-38.56102892337177,-38.603079126030764,drop,Emberiza schoeniclus,Reed Bunting,0.20618802309036255,0.20618802309036255,drop,0,,,
emberiza_citrinella,787039,Emberiza citrinella,/Users/justyna-przy/Projects/ISE/FYP/src/bird_data/raw/emberiza_citrinella/XC787039.mp3,4.0,7.0,-36.49370044976525,-37.23164581317556,species,Emberiza citrinella,Yellowhammer,0.30737748742103577,0.30737748742103577,species,1,rand_species,/Users/justyna-przy/Projects/ISE/FYP/src/bird_data/clips/species/emberiza_citrinella/XC787039__s4000__e7000.wav,
emberiza_citrinella,787039,Emberiza citrinella,/Users/justyna-przy/Projects/ISE/FYP/src/bird_data/raw/emberiza_citrinella/XC787039.mp3,7.0,10.0,-36.71028406379348,-37.23164581317556,non_bird,,,0.0,0.0,non_bird,1,nonbird_lowconf,/Users/justyna-przy/Projects/ISE/FYP/src/bird_data/clips/non_bird/emberiza_citrinella/XC787039__s7000__e10000.wav,
emberiza_citrinella,787039,Emberiza citrinella,/Users/justyna-przy/Projects/ISE/FYP/src/bird_data/raw/emberiza_citrinella/XC787039.mp3,10.0,13.0,-37.135470183917214,-37.23164581317556,drop,Emberiza citrinella,Yellowhammer,0.2707313001155853,0.2707313001155853,drop,0,,,
emberiza_citrinella,787039,Emberiza citrinella,/Users/justyna-przy/Projects/ISE/FYP/src/bird_data/raw/emberiza_citrinella/XC787039.mp3,13.0,16.0,-36.48907331079878,-37.23164581317556,species,Emberiza citrinella,Yellowhammer,0.4207015037536621,0.4207015037536621,species,1,rand_species,/Users/justyna-przy/Projects/ISE/FYP/src/bird_data/clips/species/emberiza_citrinella/XC787039__s13000__e16000.wav,
emberiza_citrinella,787039,Emberiza citrinella,/Users/justyna-przy/Projects/ISE/FYP/src/bird_data/raw/emberiza_citrinella/XC787039.mp3,16.0,19.0,-35.8148072184849,-37.23164581317556,species,Emberiza citrinella,Yellowhammer,0.8675385117530823,0.8675385117530823,species,0,,,
emberiza_citrinella,787039,Emberiza citrinella,/Users/justyna-przy/Projects/ISE/FYP/src/bird_data/raw/emberiza_citrinella/XC787039.mp3,25.0,28.0,-36.67780289703741,-37.23164581317556,species,Emberiza citrinella,Yellowhammer,0.9125191569328308,0.9125191569328308,species,1,rand_species,/Users/justyna-przy/Projects/ISE/FYP/src/bird_data/clips/species/emberiza_citrinella/XC787039__s25000__e28000.wav,
emberiza_citrinella,784674,Emberiza citrinella,/Users/justyna-przy/Projects/ISE/FYP/src/bird_data/raw/emberiza_citrinella/XC784674.mp3,10.0,13.0,-45.20235348687288,-40.0,drop,Emberiza citrinella,Yellowhammer,0.2602934241294861,0.2602934241294861,drop,0,,,
emberiza_citrinella,776802,Emberiza citrinella,/Users/justyna-przy/Projects/ISE/FYP/src/bird_data/raw/emberiza_citrinella/XC776802.mp3,1.0,4.0,-23.601879213494072,-23.601879213494072,drop,Phylloscopus borealis,Arctic Warbler,0.13016147911548615,0.13016147911548615,drop,0,,,
emberiza_citrinella,775414,Emberiza citrinella,/Users/justyna-przy/Projects/ISE/FYP/src/bird_data/raw/emberiza_citrinella/XC775414.mp3,1.0,4.0,-49.80858330163449,-40.0,drop,Buteo platypterus,Broad-winged Hawk,0.10514851659536362,0.10514851659536362,drop,0,,,
emberiza_citrinella,775155,Emberiza citrinella,/Users/justyna-przy/Projects/ISE/FYP/src/bird_data/raw/emberiza_citrinella/XC775155.mp3,1.0,4.0,-29.76931413689457,-38.739808487551045,drop,Emberiza citrinella,Yellowhammer,0.10998855531215668,0.10998855531215668,drop,0,,,
emberiza_citrinella,775155,Emberiza citrinella,/Users/justyna-przy/Projects/ISE/FYP/src/bird_data/raw/emberiza_citrinella/XC775155.mp3,4.0,7.0,-35.51041463789238,-38.739808487551045,drop,Emberiza citrinella,Yellowhammer,0.13749754428863525,0.13749754428863525,drop,0,,,
emberiza_citrinella,775155,Emberiza citrinella,/Users/justyna-przy/Projects/ISE/FYP/src/bird_data/raw/emberiza_citrinella/XC775155.mp3,7.0,10.0,-38.70220008686189,-38.739808487551045,drop,Turdus pilaris,Fieldfare,0.22676120698451996,0.22676120698451996,drop,0,,,
emberiza_citrinella,773174,Emberiza citrinella,/Users/justyna-przy/Projects/ISE/FYP/src/bird_data/raw/emberiza_citrinella/XC773174.mp3,7.0,10.0,-26.014746333304114,-40.0,species,Emberiza citrinella,Yellowhammer,0.9844509363174438,0.9844509363174438,species,1,rand_species,/Users/justyna-przy/Projects/ISE/FYP/src/bird_data/clips/species/emberiza_citrinella/XC773174__s7000__e10000.wav,
emberiza_citrinella,772767,Emberiza citrinella,/Users/justyna-przy/Projects/ISE/FYP/src/bird_data/raw/emberiza_citrinella/XC772767.mp3,4.0,7.0,-30.246885819922724,-30.78536953567034,species,Emberiza citrinella,Yellowhammer,0.8408542275428772,0.8408542275428772,species,1,rand_species,/Users/justyna-przy/Projects/ISE/FYP/src/bird_data/clips/species/emberiza_citrinella/XC772767__s4000__e7000.wav,
emberiza_citrinella,772767,Emberiza citrinella,/Users/justyna-przy/Projects/ISE/FYP/src/bird_data/raw/emberiza_citrinella/XC772767.mp3,7.0,10.0,-29.02524347621901,-30.78536953567034,species,Emberiza citrinella,Yellowhammer,0.8203314542770386,0.8203314542770386,species,1,rand_species,/Users/justyna-przy/Projects/ISE/FYP/src/bird_data/clips/species/emberiza_citrinella/XC772767__s7000__e10000.wav,
emberiza_citrinella,772767,Emberiza citrinella,/Users/justyna-przy/Projects/ISE/FYP/src/bird_data/raw/emberiza_citrinella/XC772767.mp3,10.0,13.0,-29.82757415983572,-30.78536953567034,species,Emberiza citrinella,Yellowhammer,0.6320813298225403,0.6320813298225403,species,1,rand_species,/Users/justyna-przy/Projects/ISE/FYP/src/bird_data/clips/species/emberiza_citrinella/XC772767__s10000__e13000.wav,
emberiza_citrinella,770624,Emberiza citrinella,/Users/justyna-przy/Projects/ISE/FYP/src/bird_data/raw/emberiza_citrinella/XC770624.mp3,1.0,4.0,-21.546875571607302,-22.70956217159555,drop,Anthus pratensis,Meadow Pipit,0.10884641855955124,0.10884641855955124,drop,0,,,
emberiza_citrinella,770624,Emberiza citrinella,/Users/justyna-przy/Projects/ISE/FYP/src/bird_data/raw/emberiza_citrinella/XC770624.mp3,4.0,7.0,-22.040080938699642,-22.70956217159555,drop,Emberiza calandra,Corn Bunting,0.3450597822666168,0.3450597822666168,drop,0,,,
emberiza_citrinella,770624,Emberiza citrinella,/Users/justyna-przy/Projects/ISE/FYP/src/bird_data/raw/emberiza_citrinella/XC770624.mp3,7.0,10.0,-21.918395197001352,-22.70956217159555,non_bird,,,0.0,0.0,non_bird,1,nonbird_lowconf,/Users/justyna-przy/Projects/ISE/FYP/src/bird_data/clips/non_bird/emberiza_citrinella/XC770624__s7000__e10000.wav,
emberiza_citrinella,770624,Emberiza citrinella,/Users/justyna-przy/Projects/ISE/FYP/src/bird_data/raw/emberiza_citrinella/XC770624.mp3,10.0,13.0,-22.55158926799232,-22.70956217159555,drop,Emberiza citrinella,Yellowhammer,0.27112478017807007,0.27112478017807007,drop,0,,,
emberiza_citrinella,770624,Emberiza citrinella,/Users/justyna-przy/Projects/ISE/FYP/src/bird_data/raw/emberiza_citrinella/XC770624.mp3,13.0,16.0,-21.936718598142207,-22.70956217159555,drop,Parkesia noveboracensis,Northern Waterthrush,0.17083823680877686,0.17083823680877686,drop,0,,,
emberiza_citrinella,770624,Emberiza citrinella,/Users/justyna-przy/Projects/ISE/FYP/src/bird_data/raw/emberiza_citrinella/XC770624.mp3,16.0,19.0,-21.389340089223676,-22.70956217159555,drop,Corvus cornix,Hooded Crow,0.6357448101043701,0.6357448101043701,drop,0,,,
emberiza_citrinella,770624,Emberiza citrinella,/Users/justyna-przy/Projects/ISE/FYP/src/bird_data/raw/emberiza_citrinella/XC770624.mp3,19.0,22.0,-21.439703518496685,-22.70956217159555,drop,Corvus cornix,Hooded Crow,0.5703989267349243,0.5703989267349243,drop,0,,,
emberiza_citrinella,770624,Emberiza citrinella,/Users/justyna-przy/Projects/ISE/FYP/src/bird_data/raw/emberiza_citrinella/XC770624.mp3,25.0,28.0,-22.69010830330933,-22.70956217159555,drop,Emberiza calandra,Corn Bunting,0.11336250603199005,0.11336250603199005,drop,0,,,
emberiza_citrinella,768859,Emberiza citrinella,/Users/justyna-przy/Projects/ISE/FYP/src/bird_data/raw/emberiza_citrinella/XC768859.mp3,4.0,7.0,-40.09697192293746,-40.0,species,Emberiza citrinella,Yellowhammer,0.4387485980987549,0.4387485980987549,species,1,rand_species,/Users/justyna-przy/Projects/ISE/FYP/src/bird_data/clips/species/emberiza_citrinella/XC768859__s4000__e7000.wav,
