species_label,xc_id,sci_name,source_path,start_s,end_s,rms_db,rms_gate_thr_db,teacher_decision,teacher_top_sci,teacher_top_common,teacher_top_conf,teacher_max_conf,final_class,selected,selected_reason,clip_path,error
emberiza_schoeniclus,1089389,Emberiza schoeniclus,/Users/justyna-przy/Projects/ISE/FYP/src/bird_data/raw/emberiza_schoeniclus/XC1089389.mp3,1.0,4.0,-28.261132799057897,-28.263586125151235,species,Emberiza schoeniclus,Reed Bunting,0.9823735952377319,0.9823735952377319,species,1,rand_species,/Users/justyna-przy/Projects/ISE/FYP/src/bird_data/clips/species/emberiza_schoeniclus/XC1089389__s1000__e4000.wav,
emberiza_schoeniclus,1089389,Emberiza schoeniclus,/Users/justyna-przy/Projects/ISE/FYP/src/bird_data/raw/emberiza_schoeniclus/XC1089389.mp3,7.0,10.0,-23.198222981072348,-28.263586125151235,drop,Prunella modularis,Dunnock,0.15193574130535126,0.15193574130535126,drop,0,,,
emberiza_schoeniclus,1089389,Emberiza schoeniclus,/Users/justyna-przy/Projects/ISE/FYP/src/bird_data/raw/emberiza_schoeniclus/XC1089389.mp3,10.0,13.0,-19.512581704189405,-28.263586125151235,drop,Amandava amandava,Red Avadavat,0.11631115525960922,0.11631115525960922,drop,0,,,
emberiza_schoeniclus,870645,Emberiza schoeniclus,/Users/justyna-przy/Projects/ISE/FYP/src/bird_data/raw/emberiza_schoeniclus/XC870645.mp3,4.0,7.0,-29.985783007183855,-40.0,species,Emberiza schoeniclus,Reed Bunting,0.4651847779750824,0.4651847779750824,species,1,rand_species,/Users/justyna-przy/Projects/ISE/FYP/src/bird_data/clips/species/emberiza_schoeniclus/XC870645__s4000__e7000.wav,
emberiza_schoeniclus,870645,Emberiza schoeniclus,/Users/justyna-przy/Projects/ISE/FYP/src/bird_data/raw/emberiza_schoeniclus/XC870645.mp3,10.0,13.0,-29.343808942150403,-40.0,species,Emberiza schoeniclus,Reed Bunting,0.3435208797454834,0.3435208797454834,species,1,rand_species,/Users/justyna-przy/Projects/ISE/FYP/src/bird_data/clips/species/emberiza_schoeniclus/XC870645__s10000__e13000.wav,
emberiza_schoeniclus,870645,Emberiza schoeniclus,/Users/justyna-przy/Projects/ISE/FYP/src/bird_data/raw/emberiza_schoeniclus/XC870645.mp3,16.0,19.0,-33.036155925905405,-40.0,species,Emberiza schoeniclus,Reed Bunting,0.3736974000930786,0.3736974000930786,species,1,rand_species,/Users/justyna-przy/Projects/ISE/FYP/src/bird_data/clips/species/emberiza_schoeniclus/XC870645__s16000__e19000.wav,
emberiza_schoeniclus,735603,Emberiza schoeniclus,/Users/justyna-przy/Projects/ISE/FYP/src/bird_data/raw/emberiza_schoeniclus/XC735603.mp3,1.0,4.0,-19.250692510529024,-20.562598084031983,non_bird,,,0.0,0.0,non_bird,1,nonbird_lowconf,/Users/justyna-przy/Projects/ISE/FYP/src/bird_data/clips/non_bird/emberiza_schoeniclus/XC735603__s1000__e4000.wav,
emberiza_schoeniclus,735603,Emberiza schoeniclus,/Users/justyna-przy/Projects/ISE/FYP/src/bird_data/raw/emberiza_schoeniclus/XC735603.mp3,10.0,13.0,-20.558418946782105,-20.562598084031983,non_bird,,,0.0,0.0,non_bird,1,nonbird_lowconf,/Users/justyna-przy/Projects/ISE/FYP/src/bird_data/clips/non_bird/emberiza_schoeniclus/XC735603__s10000__e13000.wav,
emberiza_schoeniclus,735603,Emberiza schoeniclus,/Users/justyna-przy/Projects/ISE/FYP/src/bird_data/raw/emberiza_schoeniclus/XC735603.mp3,13.0,16.0,-20.555397431629743,-20.562598084031983,drop,Emberiza citrinella,Yellowhammer,0.6863317489624023,0.6863317489624023,drop,0,,,
emberiza_schoeniclus,735603,Emberiza schoeniclus,/Users/justyna-przy/Projects/ISE/FYP/src/bird_data/raw/emberiza_schoeniclus/XC735603.mp3,16.0,19.0,-20.54726547077703,-20.562598084031983,drop,Anthus pratensis,Meadow Pipit,0.48508939146995544,0.48508939146995544,drop,0,,,
emberiza_schoeniclus,735603,Emberiza schoeniclus,/Users/justyna-przy/Projects/ISE/FYP/src/bird_data/raw/emberiza_schoeniclus/XC735603.mp3,25.0,28.0,-18.957977685276607,-20.562598084031983,species,Emberiza schoeniclus,Reed Bunting,0.971969723701477,0.971969723701477,species,1,rand_species,/Users/justyna-przy/Projects/ISE/FYP/src/bird_data/clips/species/emberiza_schoeniclus/XC735603__s25000__e28000.wav,
emberiza_schoeniclus,735603,Emberiza schoeniclus,/Users/justyna-przy/Projects/ISE/FYP/src/bird_data/raw/emberiza_schoeniclus/XC735603.mp3,28.0,31.0,-20.55793104479424,-20.562598084031983,drop,Anthus pratensis,Meadow Pipit,0.4977869391441345,0.4977869391441345,drop,0,,,
emberiza_schoeniclus,735603,Emberiza schoeniclus,/Users/justyna-przy/Projects/ISE/FYP/src/bird_data/raw/emberiza_schoeniclus/XC735603.mp3,34.0,37.0,-20.562468831889955,-20.562598084031983,non_bird,,,0.0,0.0,non_bird,0,,,
emberiza_schoeniclus,735603,Emberiza schoeniclus,/Users/justyna-przy/Projects/ISE/FYP/src/bird_data/raw/emberiza_schoeniclus/XC735603.mp3,37.0,40.0,-20.111582474760127,-20.562598084031983,drop,Anthus spinoletta,Water Pipit,0.373806357383728,0.373806357383728,drop,0,,,
emberiza_schoeniclus,735603,Emberiza schoeniclus,/Users/justyna-przy/Projects/ISE/FYP/src/bird_data/raw/emberiza_schoeniclus/XC735603.mp3,40.0,43.0,-20.20156956981559,-20.562598084031983,species,Emberiza schoeniclus,Reed Bunting,0.7770127654075623,0.7770127654075623,species,1,rand_species,/Users/justyna-przy/Projects/ISE/FYP/src/bird_data/clips/species/emberiza_schoeniclus/XC735603__s40000__e43000.wav,
emberiza_schoeniclus,735603,Emberiza schoeniclus,/Users/justyna-przy/Projects/ISE/FYP/src/bird_data/raw/emberiza_schoeniclus/XC735603.mp3,43.0,46.0,-20.558645999625853,-20.562598084031983,non_bird,,,0.0,0.0,non_bird,0,,,
emberiza_schoeniclus,596407,Emberiza schoeniclus,/Users/justyna-przy/Projects/ISE/FYP/src/bird_data/raw/emberiza_schoeniclus/XC596407.mp3,1.0,4.0,-25.026466944703834,-25.543924149391113,species,Emberiza schoeniclus,Reed Bunting,0.9957109689712524,0.9957109689712524,species,1,rand_species,/Users/justyna-przy/Projects/ISE/FYP/src/bird_data/clips/species/emberiza_schoeniclus/XC596407__s1000__e4000.wav,
emberiza_schoeniclus,596407,Emberiza schoeniclus,/Users/justyna-przy/Projects/ISE/FYP/src/bird_data/raw/emberiza_schoeniclus/XC596407.mp3,4.0,7.0,-23.842863721222717,-25.543924149391113,species,Emberiza schoeniclus,Reed Bunting,0.9968963861465454,0.9968963861465454,species,1,rand_species,/Users/justyna-przy/Projects/ISE/FYP/src/bird_data/clips/species/emberiza_schoeniclus/XC596407__s4000__e7000.wav,
emberiza_schoeniclus,596407,Emberiza schoeniclus,/Users/justyna-przy/Projects/ISE/FYP/src/bird_data/raw/emberiza_schoeniclus/XC596407.mp3,10.0,13.0,-25.494340652570706,-25.543924149391113,species,Emberiza schoeniclus,Reed Bunting,0.9985652565956116,0.9985652565956116,species,1,rand_species,/Users/justyna-przy/Projects/ISE/FYP/src/bird_data/clips/species/emberiza_schoeniclus/XC596407__s10000__e13000.wav,
emberiza_schoeniclus,596406,Emberiza schoeniclus,/Users/justyna-przy/Projects/ISE/FYP/src/bird_data/raw/emberiza_schoeniclus/XC596406.mp3,1.0,4.0,-27.03342860323971,-28.380563323425907,species,Emberiza schoeniclus,Reed Bunting,0.9883310198783875,0.9883310198783875,species,0,,,
emberiza_schoeniclus,596406,Emberiza schoeniclus,/Users/justyna-przy/Projects/ISE/FYP/src/bird_data/raw/emberiza_schoeniclus/XC596406.mp3,10.0,13.0,-27.646408866847363,-28.380563323425907,species,Emberiza schoeniclus,Reed Bunting,0.9881724715232849,0.9881724715232849,species,0,,,
emberiza_schoeniclus,596406,Emberiza schoeniclus,/Users/justyna-przy/Projects/ISE/FYP/src/bird_data/raw/emberiza_schoeniclus/XC596406.mp3,13.0,16.0,-28.361186488871905,-28.380563323425907,species,Emberiza schoeniclus,Reed Bunting,0.9516785740852356,0.9516785740852356,species,0,,,
emberiza_schoeniclus,596406,Emberiza schoeniclus,/Users/justyna-przy/Projects/ISE/FYP/src/bird_data/raw/emberiza_schoeniclus/XC596406.mp3,16.0,19.0,-25.955068114587817,-28.380563323425907,species,Emberiza schoeniclus,Reed Bunting,0.9963011741638184,0.9963011741638184,species,1,rand_species,/Users/justyna-przy/Projects/ISE/FYP/src/bird_data/clips/species/emberiza_schoeniclus/XC596406__s16000__e19000.wav,
emberiza_schoeniclus,596406,Emberiza schoeniclus,/Users/justyna-przy/Projects/ISE/FYP/src/bird_data/raw/emberiza_schoeniclus/XC596406.mp3,19.0,22.0,-28.079945489927237,-28.380563323425907,species,Emberiza schoeniclus,Reed Bunting,0.9842360019683838,0.9842360019683838,species,0,,,
emberiza_schoeniclus,596406,Emberiza schoeniclus,/Users/justyna-przy/Projects/ISE/FYP/src/bird_data/raw/emberiza_schoeniclus/XC596406.mp3,22.0,25.0,-26.341580362944356,-28.380563323425907,species,Emberiza schoeniclus,Reed Bunting,0.9942224621772766,0.9942224621772766,species,1,rand_species,/Users/justyna-przy/Projects/ISE/FYP/src/bird_data/clips/species/emberiza_schoeniclus/XC596406__s22000__e25000.wav,
emberiza_schoeniclus,596406,Emberiza schoeniclus,/Users/justyna-przy/Projects/ISE/FYP/src/bird_data/raw/emberiza_schoeniclus/XC596406.mp3,25.0,28.0,-27.818143674773694,-28.380563323425907,species,Emberiza schoeniclus,Reed Bunting,0.9944429993629456,0.9944429993629456,species,0,,,
emberiza_schoeniclus,596406,Emberiza schoeniclus,/Users/justyna-przy/Projects/ISE/FYP/src/bird_data/raw/emberiza_schoeniclus/XC596406.mp3,28.0,31.0,-27.048388799495697,-28.380563323425907,species,Emberiza schoeniclus,Reed Bunting,0.983102023601532,0.983102023601532,species,0,,,
emberiza_schoeniclus,596406,Emberiza schoeniclus,/Users/justyna-przy/Projects/ISE/FYP/src/bird_data/raw/emberiza_schoeniclus/XC596406.mp3,34.0,37.0,-27.57902930286095,-28.380563323425907,species,Emberiza schoeniclus,Reed Bunting,0.985585629940033,0.985585629940033,species,1,rand_species,/Users/justyna-przy/Projects/ISE/FYP/src/bird_data/clips/species/emberiza_schoeniclus/XC596406__s34000__e37000.wav,
emberiza_schoeniclus,596406,Emberiza schoeniclus,/Users/justyna-przy/Projects/ISE/FYP/src/bird_data/raw/emberiza_schoeniclus/XC596406.mp3,37.0,40.0,-25.03680256101124,-28.380563323425907,species,Emberiza schoeniclus,Reed Bunting,0.9940675497055054,0.9940675497055054,species,0,,,
emberiza_schoeniclus,596405,Emberiza schoeniclus,/Users/justyna-przy/Projects/ISE/FYP/src/bird_data/raw/emberiza_schoeniclus/XC596405.mp3,1.0,4.0,-27.057695235503747,-30.67549747359237,species,Emberiza schoeniclus,Reed Bunting,0.9933277368545532,0.9933277368545532,species,1,rand_species,/Users/justyna-przy/Projects/ISE/FYP/src/bird_data/clips/species/emberiza_schoeniclus/XC596405__s1000__e4000.wav,
emberiza_schoeniclus,596405,Emberiza schoeniclus,/Users/justyna-przy/Projects/ISE/FYP/src/bird_data/raw/emberiza_schoeniclus/XC596405.mp3,4.0,7.0,-23.384409736090056,-30.67549747359237,species,Emberiza schoeniclus,Reed Bunting,0.9944151639938354,0.9944151639938354,species,1,rand_species,/Users/justyna-przy/Projects/ISE/FYP/src/bird_data/clips/species/emberiza_schoeniclus/XC596405__s4000__e7000.wav,
emberiza_schoeniclus,596405,Emberiza schoeniclus,/Users/justyna-przy/Projects/ISE/FYP/src/bird_data/raw/emberiza_schoeniclus/XC596405.mp3,7.0,10.0,-26.92894617280579,-30.67549747359237,species,Emberiza schoeniclus,Reed Bunting,0.9960147142410278,0.9960147142410278,species,0,,,
emberiza_schoeniclus,596405,Emberiza schoeniclus,/Users/justyna-przy/Projects/ISE/FYP/src/bird_data/raw/emberiza_schoeniclus/XC596405.mp3,16.0,19.0,-29.037997029715328,-30.67549747359237,species,Emberiza schoeniclus,Reed Bunting,0.9961535334587097,0.9961535334587097,species,1,rand_species,/Users/justyna-przy/Projects/ISE/FYP/src/bird_data/clips/species/emberiza_schoeniclus/XC596405__s16000__e19000.wav,
emberiza_schoeniclus,596396,Emberiza schoeniclus,/Users/justyna-przy/Projects/ISE/FYP/src/bird_data/raw/emberiza_schoeniclus/XC596396.mp3,1.0,4.0,-23.84286472849674,-40.0,species,Emberiza schoeniclus,Reed Bunting,0.8736089468002319,0.8736089468002319,species,1,rand_species,/Users/justyna-przy/Projects/ISE/FYP/src/bird_data/clips/species/emberiza_schoeniclus/XC596396__s1000__e4000.wav,
emberiza_schoeniclus,596396,Emberiza schoeniclus,/Users/justyna-przy/Projects/ISE/FYP/src/bird_data/raw/emberiza_schoeniclus/XC596396.mp3,16.0,19.0,-22.881025951850646,-40.0,species,Emberiza schoeniclus,Reed Bunting,0.7067816853523254,0.7067816853523254,species,1,rand_species,/Users/justyna-przy/Projects/ISE/FYP/src/bird_data/clips/species/emberiza_schoeniclus/XC596396__s16000__e19000.wav,
emberiza_schoeniclus,596393,Emberiza schoeniclus,/Users/justyna-przy/Projects/ISE/FYP/src/bird_data/raw/emberiza_schoeniclus/XC596393.mp3,1.0,4.0,-23.61543430200761,-40.0,drop,Emberiza schoeniclus,Reed Bunting,0.11653201282024384,0.11653201282024384,drop,0,,,
emberiza_schoeniclus,596393,Emberiza schoeniclus,/Users/justyna-przy/Projects/ISE/FYP/src/bird_data/raw/emberiza_schoeniclus/XC596393.mp3,16.0,19.0,-23.61882613660729,-40.0,species,Emberiza schoeniclus,Reed Bunting,0.9688067436218262,0.9688067436218262,species,1,rand_species,/Users/justyna-przy/Projects/ISE/FYP/src/bird_data/clips/species/emberiza_schoeniclus/XC596393__s16000__e19000.wav,
emberiza_schoeniclus,595169,Emberiza schoeniclus,/Users/justyna-przy/Projects/ISE/FYP/src/bird_data/raw/emberiza_schoeniclus/XC595169.mp3,1.0,4.0,-29.414774470476104,-40.0,drop,Sicalis luteola,Grassland Yellow-Finch,0.1400461196899414,0.1400461196899414,drop,0,,,
emberiza_schoeniclus,595169,Emberiza schoeniclus,/Users/justyna-przy/Projects/ISE/FYP/src/bird_data/raw/emberiza_schoeniclus/XC595169.mp3,4.0,7.0,-34.39501591873731,-40.0,non_bird,,,0.0,0.0,non_bird,1,nonbird_lowconf,/Users/justyna-przy/Projects/ISE/FYP/src/bird_data/clips/non_bird/emberiza_schoeniclus/XC595169__s4000__e7000.wav,
emberiza_schoeniclus,595169,Emberiza schoeniclus,/Users/justyna-przy/Projects/ISE/FYP/src/bird_data/raw/emberiza_schoeniclus/XC595169.mp3,7.0,10.0,-39.17963656872489,-40.0,non_bird,,,0.0,0.0,non_bird,1,nonbird_lowconf,/Users/justyna-przy/Projects/ISE/FYP/src/bird_data/clips/non_bird/emberiza_schoeniclus/XC595169__s7000__e10000.wav,
emberiza_schoeniclus,102048,Emberiza schoeniclus,/Users/justyna-przy/Projects/ISE/FYP/src/bird_data/raw/emberiza_schoeniclus/XC102048.mp3,1.0,4.0,-37.08162563360321,-40.0,species,Emberiza schoeniclus,Reed Bunting,0.9769814610481262,0.9769814610481262,species,1,rand_species,/Users/justyna-przy/Projects/ISE/FYP/src/bird_data/clips/species/emberiza_schoeniclus/XC102048__s1000__e4000.wav,
emberiza_schoeniclus,102048,Emberiza schoeniclus,/Users/justyna-przy/Projects/ISE/FYP/src/bird_data/raw/emberiza_schoeniclus/XC102048.mp3,7.0,10.0,-38.92188982451645,-40.0,species,Emberiza schoeniclus,Reed Bunting,0.9682963490486145,0.9682963490486145,species,1,rand_species,/Users/justyna-przy/Projects/ISE/FYP/src/bird_data/clips/species/emberiza_schoeniclus/XC102048__s7000__e10000.wav,
emberiza_schoeniclus,102048,Emberiza schoeniclus,/Users/justyna-przy/Projects/ISE/FYP/src/bird_data/raw/emberiza_schoeniclus/XC102048.mp3,13.0,16.0,-37.69771572236063,-40.0,species,Emberiza schoeniclus,Reed Bunting,0.9747442603111267,0.9747442603111267,species,1,rand_species,/Users/justyna-przy/Projects/ISE/FYP/src/bird_data/clips/species/emberiza_schoeniclus/XC102048__s13000__e16000.wav,
emberiza_schoeniclus,86327,Emberiza schoeniclus,/Users/justyna-przy/Projects/ISE/FYP/src/bird_data/raw/emberiza_schoeniclus/XC86327.mp3,1.0,4.0,-24.793493815981428,-27.044631541173167,species,Emberiza schoeniclus,Reed Bunting,0.9991051554679871,0.9991051554679871,species,0,,,
emberiza_schoeniclus,86327,Emberiza schoeniclus,/Users/justyna-przy/Projects/ISE/FYP/src/bird_data/raw/emberiza_schoeniclus/XC86327.mp3,4.0,7.0,-20.97408130838,-27.044631541173167,species,Emberiza schoeniclus,Reed Bunting,0.9990750551223755,0.9990750551223755,species,0,,,
emberiza_schoeniclus,86327,Emberiza schoeniclus,/Users/justyna-przy/Projects/ISE/FYP/src/bird_data/raw/emberiza_schoeniclus/XC86327.mp3,7.0,10.0,-23.81644085011224,-27.044631541173167,species,Emberiza schoeniclus,Reed Bunting,0.9987779259681702,0.9987779259681702,species,0,,,
emberiza_schoeniclus,86327,Emberiza schoeniclus,/Users/justyna-przy/Projects/ISE/FYP/src/bird_data/raw/emberiza_schoeniclus/XC86327.mp3,13.0,16.0,-20.757358916316257,-27.044631541173167,species,Emberiza schoeniclus,Reed Bunting,0.9503535032272339,0.9503535032272339,species,1,rand_species,/Users/justyna-przy/Projects/ISE/FYP/src/bird_data/clips/species/emberiza_schoeniclus/XC86327__s13000__e16000.wav,
emberiza_schoeniclus,86327,Emberiza schoeniclus,/Users/justyna-przy/Projects/ISE/FYP/src/bird_data/raw/emberiza_schoeniclus/XC86327.mp3,16.0,19.0,-21.130452799336013,-27.044631541173167,species,Emberiza schoeniclus,Reed Bunting,0.9942888021469116,0.9942888021469116,species,0,,,
emberiza_schoeniclus,86327,Emberiza schoeniclus,/Users/justyna-przy/Projects/ISE/FYP/src/bird_data/raw/emberiza_schoeniclus/XC86327.mp3,19.0,22.0,-22.63654782112523,-27.044631541173167,species,Emberiza schoeniclus,Reed Bunting,0.9973891377449036,0.9973891377449036,species,0,,,
emberiza_schoeniclus,86327,Emberiza schoeniclus,/Users/justyna-przy/Projects/ISE/FYP/src/bird_data/raw/emberiza_schoeniclus/XC86327.mp3,22.0,25.0,-25.36585917270934,-27.044631541173167,species,Emberiza schoeniclus,Reed Bunting,0.9959948062896729,0.9959948062896729,species,1,rand_species,/Users/justyna-przy/Projects/ISE/FYP/src/bird_data/clips/species/emberiza_schoeniclus/XC86327__s22000__e25000.wav,
emberiza_schoeniclus,86327,Emberiza schoeniclus,/Users/justyna-przy/Projects/ISE/FYP/src/bird_data/raw/emberiza_schoeniclus/XC86327.mp3,28.0,31.0,-21.486016339804873,-27.044631541173167,species,Emberiza schoeniclus,Reed Bunting,0.8022021651268005,0.8022021651268005,species,0,,,
emberiza_schoeniclus,86327,Emberiza schoeniclus,/Users/justyna-przy/Projects/ISE/FYP/src/bird_data/raw/emberiza_schoeniclus/XC86327.mp3,31.0,34.0,-25.8308758448633,-27.044631541173167,species,Emberiza schoeniclus,Reed Bunting,0.9964475631713867,0.9964475631713867,species,0,,,
emberiza_schoeniclus,86327,Emberiza schoeniclus,/Users/justyna-przy/Projects/ISE/FYP/src/bird_data/raw/emberiza_schoeniclus/XC86327.mp3,34.0,37.0,-25.564790100743725,-27.044631541173167,species,Emberiza schoeniclus,Reed Bunting,0.9995952248573303,0.9995952248573303,species,0,,,
emberiza_schoeniclus,86327,Emberiza schoeniclus,/Users/justyna-przy/Projects/ISE/FYP/src/bird_data/raw/emberiza_schoeniclus/XC86327.mp3,40.0,43.0,-25.873046929195223,-27.044631541173167,species,Emberiza schoeniclus,Reed Bunting,0.999531626701355,0.999531626701355,species,1,rand_species,/Users/justyna-przy/Projects/ISE/FYP/src/bird_data/clips/species/emberiza_schoeniclus/XC86327__s40000__e43000.wav,
emberiza_schoeniclus,1079545,Emberiza schoeniclus,/Users/justyna-przy/Projects/ISE/FYP/src/bird_data/raw/emberiza_schoeniclus/XC1079545.mp3,1.0,4.0,-27.47314427857972,-40.0,species,Emberiza schoeniclus,Reed Bunting,0.9990956783294678,0.9990956783294678,species,0,,,
emberiza_schoeniclus,1079545,Emberiza schoeniclus,/Users/justyna-przy/Projects/ISE/FYP/src/bird_data/raw/emberiza_schoeniclus/XC1079545.mp3,7.0,10.0,-26.60493218135173,-40.0,species,Emberiza schoeniclus,Reed Bunting,0.9949880838394165,0.9949880838394165,species,0,,,
emberiza_schoeniclus,1079545,Emberiza schoeniclus,/Users/justyna-przy/Projects/ISE/FYP/src/bird_data/raw/emberiza_schoeniclus/XC1079545.mp3,10.0,13.0,-30.55943210275299,-40.0,drop,Acrocephalus schoenobaenus,Sedge Warbler,0.9880462884902954,0.9880462884902954,drop,0,,,
emberiza_schoeniclus,1079545,Emberiza schoeniclus,/Users/justyna-przy/Projects/ISE/FYP/src/bird_data/raw/emberiza_schoeniclus/XC1079545.mp3,13.0,16.0,-33.27694402949268,-40.0,drop,Acrocephalus schoenobaenus,Sedge Warbler,0.9249041676521301,0.9249041676521301,drop,0,,,
emberiza_schoeniclus,1079545,Emberiza schoeniclus,/Users/justyna-przy/Projects/ISE/FYP/src/bird_data/raw/emberiza_schoeniclus/XC1079545.mp3,19.0,22.0,-29.345818687692095,-40.0,species,Emberiza schoeniclus,Reed Bunting,0.9994240999221802,0.9994240999221802,species,1,rand_species,/Users/justyna-przy/Projects/ISE/FYP/src/bird_data/clips/species/emberiza_schoeniclus/XC1079545__s19000__e22000.wav,
emberiza_schoeniclus,1079545,Emberiza schoeniclus,/Users/justyna-przy/Projects/ISE/FYP/src/bird_data/raw/emberiza_schoeniclus/XC1079545.mp3,28.0,31.0,-30.3673980736621,-40.0,species,Emberiza schoeniclus,Reed Bunting,0.9983185529708862,0.9983185529708862,species,1,rand_species,/Users/justyna-przy/Projects/ISE/FYP/src/bird_data/clips/species/emberiza_schoeniclus/XC1079545__s28000__e31000.wav,
emberiza_schoeniclus,1079545,Emberiza schoeniclus,/Users/justyna-przy/Projects/ISE/FYP/src/bird_data/raw/emberiza_schoeniclus/XC1079545.mp3,37.0,40.0,-33.54410640372872,-40.0,species,Emberiza schoeniclus,Reed Bunting,0.35295209288597107,0.35295209288597107,species,1,rand_species,/Users/justyna-przy/Projects/ISE/FYP/src/bird_data/clips/species/emberiza_schoeniclus/XC1079545__s37000__e40000.wav,
emberiza_schoeniclus,1079545,Emberiza schoeniclus,/Users/justyna-przy/Projects/ISE/FYP/src/bird_data/raw/emberiza_schoeniclus/XC1079545.mp3,40.0,43.0,-39.46907786400084,-40.0,drop,Acrocephalus palustris,Marsh Warbler,0.5740560293197632,0.5740560293197632,drop,0,,,
emberiza_schoeniclus,1079545,Emberiza schoeniclus,/Users/justyna-przy/Projects/ISE/FYP/src/bird_data/raw/emberiza_schoeniclus/XC1079545.mp3,43.0,46.0,-32.94855532329473,-40.0,drop,Acrocephalus schoenobaenus,Sedge Warbler,0.6371988654136658,0.6371988654136658,drop,0,,,
emberiza_schoeniclus,991853,Emberiza schoeniclus,/Users/justyna-przy/Projects/ISE/FYP/src/bird_data/raw/emberiza_schoeniclus/XC991853.mp3,1.0,4.0,-31.905261669120733,-40.0,species,Emberiza schoeniclus,Reed Bunting,0.986549437046051,0.986549437046051,species,1,rand_species,/Users/justyna-przy/Projects/ISE/FYP/src/bird_data/clips/species/emberiza_schoeniclus/XC991853__s1000__e4000.wav,
emberiza_schoeniclus,991853,Emberiza schoeniclus,/Users/justyna-przy/Projects/ISE/FYP/src/bird_data/raw/emberiza_schoeniclus/XC991853.mp3,7.0,10.0,-30.135954759600757,-40.0,species,Emberiza schoeniclus,Reed Bunting,0.9806770086288452,0.9806770086288452,species,0,,,
emberiza_schoeniclus,991853,Emberiza schoeniclus,/Users/justyna-przy/Projects/ISE/FYP/src/bird_data/raw/emberiza_schoeniclus/XC991853.mp3,13.0,16.0,-29.08908877021726,-40.0,species,Emberiza schoeniclus,Reed Bunting,0.9792923927307129,0.9792923927307129,species,0,,,
emberiza_schoeniclus,991853,Emberiza schoeniclus,/Users/justyna-przy/Projects/ISE/FYP/src/bird_data/raw/emberiza_schoeniclus/XC991853.mp3,19.0,22.0,-30.76997028392737,-40.0,species,Emberiza schoeniclus,Reed Bunting,0.9937353730201721,0.9937353730201721,species,1,rand_species,/Users/justyna-przy/Projects/ISE/FYP/src/bird_data/clips/species/emberiza_schoeniclus/XC991853__s19000__e22000.wav,
emberiza_schoeniclus,991853,Emberiza schoeniclus,/Users/justyna-przy/Projects/ISE/FYP/src/bird_data/raw/emberiza_schoeniclus/XC991853.mp3,25.0,28.0,-31.50374512661562,-40.0,species,Emberiza schoeniclus,Reed Bunting,0.9728665351867676,0.9728665351867676,species,1,rand_species,/Users/justyna-przy/Projects/ISE/FYP/src/bird_data/clips/species/emberiza_schoeniclus/XC991853__s25000__e28000.wav,
emberiza_schoeniclus,941989,Emberiza schoeniclus,/Users/justyna-przy/Projects/ISE/FYP/src/bird_data/raw/emberiza_schoeniclus/XC941989.mp3,4.0,7.0,-38.311235287147774,-40.0,drop,Motacilla alba,White Wagtail,0.18367303907871246,0.18367303907871246,drop,0,,,
emberiza_schoeniclus,941989,Emberiza schoeniclus,/Users/justyna-przy/Projects/ISE/FYP/src/bird_data/raw/emberiza_schoeniclus/XC941989.mp3,10.0,13.0,-35.624957571665504,-40.0,species,Emberiza schoeniclus,Reed Bunting,0.9842145442962646,0.9842145442962646,species,1,rand_species,/Users/justyna-przy/Projects/ISE/FYP/src/bird_data/clips/species/emberiza_schoeniclus/XC941989__s10000__e13000.wav,
emberiza_schoeniclus,932208,Emberiza schoeniclus,/Users/justyna-przy/Projects/ISE/FYP/src/bird_data/raw/emberiza_schoeniclus/XC932208.mp3,1.0,4.0,-32.99245313708832,-36.97572256080708,species,Emberiza schoeniclus,Reed Bunting,0.9913349747657776,0.9913349747657776,species,1,rand_species,/Users/justyna-przy/Projects/ISE/FYP/src/bird_data/clips/species/emberiza_schoeniclus/XC932208__s1000__e4000.wav,
emberiza_schoeniclus,932208,Emberiza schoeniclus,/Users/justyna-przy/Projects/ISE/FYP/src/bird_data/raw/emberiza_schoeniclus/XC932208.mp3,4.0,7.0,-36.45313244013023,-36.97572256080708,species,Emberiza schoeniclus,Reed Bunting,0.9835754632949829,0.9835754632949829,species,0,,,
emberiza_schoeniclus,932208,Emberiza schoeniclus,/Users/justyna-przy/Projects/ISE/FYP/src/bird_data/raw/emberiza_schoeniclus/XC932208.mp3,7.0,10.0,-30.639363604683684,-36.97572256080708,species,Emberiza schoeniclus,Reed Bunting,0.8373613357543945,0.8373613357543945,species,0,,,
emberiza_schoeniclus,932208,Emberiza schoeniclus,/Users/justyna-przy/Projects/ISE/FYP/src/bird_data/raw/emberiza_schoeniclus/XC932208.mp3,10.0,13.0,-34.1258259891046,-36.97572256080708,species,Emberiza schoeniclus,Reed Bunting,0.9266367554664612,0.9266367554664612,species,1,rand_species,/Users/justyna-przy/Projects/ISE/FYP/src/bird_data/clips/species/emberiza_schoeniclus/XC932208__s10000__e13000.wav,
emberiza_schoeniclus,932208,Emberiza schoeniclus,/Users/justyna-przy/Projects/ISE/FYP/src/bird_data/raw/emberiza_schoeniclus/XC932208.mp3,16.0,19.0,-34.74748468770267,-36.97572256080708,species,Emberiza schoeniclus,Reed Bunting,0.9871056079864502,0.9871056079864502,species,1,rand_species,/Users/justyna-przy/Projects/ISE/FYP/src/bird_data/clips/species/emberiza_schoeniclus/XC932208__s16000__e19000.wav,
emberiza_schoeniclus,931851,Emberiza schoeniclus,/Users/justyna-przy/Projects/ISE/FYP/src/bird_data/raw/emberiza_schoeniclus/XC931851.mp3,28.0,31.0,-46.53995951303172,-40.0,species,Emberiza schoeniclus,Reed Bunting,0.9873751401901245,0.9873751401901245,species,1,rand_species,/Users/justyna-przy/Projects/ISE/FYP/src/bird_data/clips/species/emberiza_schoeniclus/XC931851__s28000__e31000.wav,
emberiza_schoeniclus,913447,Emberiza schoeniclus,/Users/justyna-przy/Projects/ISE/FYP/src/bird_data/raw/emberiza_schoeniclus/XC913447.mp3,1.0,4.0,-37.8164512102156,-40.0,species,Emberiza schoeniclus,Reed Bunting,0.9932738542556763,0.9932738542556763,species,0,,,
emberiza_schoeniclus,913447,Emberiza schoeniclus,/Users/justyna-przy/Projects/ISE/FYP/src/bird_data/raw/emberiza_schoeniclus/XC913447.mp3,4.0,7.0,-36.92675500327422,-40.0,species,Emberiza schoeniclus,Reed Bunting,0.7003913521766663,0.7003913521766663,species,1,rand_species,/Users/justyna-przy/Projects/ISE/FYP/src/bird_data/clips/species/emberiza_schoeniclus/XC913447__s4000__e7000.wav,
emberiza_schoeniclus,913447,Emberiza schoeniclus,/Users/justyna-przy/Projects/ISE/FYP/src/bird_data/raw/emberiza_schoeniclus/XC913447.mp3,10.0,13.0,-34.218881790742245,-40.0,species,Emberiza schoeniclus,Reed Bunting,0.9988250136375427,0.9988250136375427,species,0,,,
emberiza_schoeniclus,913447,Emberiza schoeniclus,/Users/justyna-przy/Projects/ISE/FYP/src/bird_data/raw/emberiza_schoeniclus/XC913447.mp3,16.0,19.0,-37.50808768637074,-40.0,species,Emberiza schoeniclus,Reed Bunting,0.9986568689346313,0.9986568689346313,species,0,,,
emberiza_schoeniclus,913447,Emberiza schoeniclus,/Users/justyna-przy/Projects/ISE/FYP/src/bird_data/raw/emberiza_schoeniclus/XC913447.mp3,22.0,25.0,-39.10451838823234,-40.0,species,Emberiza schoeniclus,Reed Bunting,0.9989240765571594,0.9989240765571594,species,0,,,
emberiza_schoeniclus,913447,Emberiza schoeniclus,/Users/justyna-przy/Projects/ISE/FYP/src/bird_data/raw/emberiza_schoeniclus/XC913447.mp3,28.0,31.0,-38.24020887765438,-40.0,species,Emberiza schoeniclus,Reed Bunting,0.9983986020088196,0.9983986020088196,species,0,,,
emberiza_schoeniclus,913447,Emberiza schoeniclus,/Users/justyna-przy/Projects/ISE/FYP/src/bird_data/raw/emberiza_schoeniclus/XC913447.mp3,34.0,37.0,-36.980160469419836,-40.0,species,Emberiza schoeniclus,Reed Bunting,0.998778760433197,0.998778760433197,species,1,rand_species,/Users/justyna-przy/Projects/ISE/FYP/src/bird_data/clips/species/emberiza_schoeniclus/XC913447__s34000__e37000.wav,
emberiza_schoeniclus,913447,Emberiza schoeniclus,/Users/justyna-przy/Projects/ISE/FYP/src/bird_data/raw/emberiza_schoeniclus/XC913447.mp3,43.0,46.0,-37.492479535077564,-40.0,species,Emberiza schoeniclus,Reed Bunting,0.9803873896598816,0.9803873896598816,species,0,,,
emberiza_schoeniclus,913447,Emberiza schoeniclus,/Users/justyna-przy/Projects/ISE/FYP/src/bird_data/raw/emberiza_schoeniclus/XC913447.mp3,49.0,52.0,-35.048949940674305,-40.0,species,Emberiza schoeniclus,Reed Bunting,0.9967321157455444,0.9967321157455444,species,1,rand_species,/Users/justyna-przy/Projects/ISE/FYP/src/bird_data/clips/species/emberiza_schoeniclus/XC913447__s49000__e52000.wav,
emberiza_schoeniclus,884544,Emberiza schoeniclus,/Users/justyna-przy/Projects/ISE/FYP/src/bird_data/raw/emberiza_schoeniclus/XC884544.mp3,4.0,7.0,-26.68303800985088,-29.271824477829323,species,Emberiza schoeniclus,Reed Bunting,0.990557074546814,0.990557074546814,species,1,rand_species,/Users/justyna-przy/Projects/ISE/FYP/src/bird_data/clips/species/emberiza_schoeniclus/XC884544__s4000__e7000.wav,
emberiza_schoeniclus,884544,Emberiza schoeniclus,/Users/justyna-przy/Projects/ISE/FYP/src/bird_data/raw/emberiza_schoeniclus/XC884544.mp3,7.0,10.0,-25.593463832430594,-29.271824477829323,species,Emberiza schoeniclus,Reed Bunting,0.9934614896774292,0.9934614896774292,species,1,rand_species,/Users/justyna-przy/Projects/ISE/FYP/src/bird_data/clips/species/emberiza_schoeniclus/XC884544__s7000__e10000.wav,
emberiza_schoeniclus,871698,Emberiza schoeniclus,/Users/justyna-przy/Projects/ISE/FYP/src/bird_data/raw/emberiza_schoeniclus/XC871698.mp3,7.0,10.0,-35.39699305294953,-36.42227635589588,species,Emberiza schoeniclus,Reed Bunting,0.8098846077919006,0.8098846077919006,species,1,rand_species,/Users/justyna-przy/Projects/ISE/FYP/src/bird_data/clips/species/emberiza_schoeniclus/XC871698__s7000__e10000.wav,
emberiza_schoeniclus,871698,Emberiza schoeniclus,/Users/justyna-przy/Projects/ISE/FYP/src/bird_data/raw/emberiza_schoeniclus/XC871698.mp3,10.0,13.0,-31.05559224571693,-36.42227635589588,species,Emberiza schoeniclus,Reed Bunting,0.9927305579185486,0.9927305579185486,species,0,,,
emberiza_schoeniclus,871698,Emberiza schoeniclus,/Users/justyna-przy/Projects/ISE/FYP/src/bird_data/raw/emberiza_schoeniclus/XC871698.mp3,13.0,16.0,-29.77148061266216,-36.42227635589588,species,Emberiza schoeniclus,Reed Bunting,0.5767617225646973,0.5767617225646973,species,0,,,
emberiza_schoeniclus,871698,Emberiza schoeniclus,/Users/justyna-przy/Projects/ISE/FYP/src/bird_data/raw/emberiza_schoeniclus/XC871698.mp3,16.0,19.0,-34.87134589246653,-36.42227635589588,species,Emberiza schoeniclus,Reed Bunting,0.5043665766716003,0.5043665766716003,species,1,rand_species,/Users/justyna-przy/Projects/ISE/FYP/src/bird_data/clips/species/emberiza_schoeniclus/XC871698__s16000__e19000.wav,
emberiza_schoeniclus,871698,Emberiza schoeniclus,/Users/justyna-przy/Projects/ISE/FYP/src/bird_data/raw/emberiza_schoeniclus/XC871698.mp3,19.0,22.0,-26.754290513934095,-36.42227635589588,species,Emberiza schoeniclus,Reed Bunting,0.9983733892440796,0.9983733892440796,species,0,,,
emberiza_schoeniclus,871698,Emberiza schoeniclus,/Users/justyna-przy/Projects/ISE/FYP/src/bird_data/raw/emberiza_schoeniclus/XC871698.mp3,25.0,28.0,-26.686554646136994,-36.42227635589588,species,Emberiza schoeniclus,Reed Bunting,0.9986315369606018,0.9986315369606018,species,1,rand_species,/Users/justyna-przy/Projects/ISE/FYP/src/bird_data/clips/species/emberiza_schoeniclus/XC871698__s25000__e28000.wav,
emberiza_schoeniclus,826083,Emberiza schoeniclus,/Users/justyna-przy/Projects/ISE/FYP/src/bird_data/raw/emberiza_schoeniclus/XC826083.mp3,1.0,4.0,-37.61831121851003,-40.0,non_bird,,,0.0,0.0,non_bird,1,nonbird_lowconf,/Users/justyna-przy/Projects/ISE/FYP/src/bird_data/clips/non_bird/emberiza_schoeniclus/XC826083__s1000__e4000.wav,
emberiza_schoeniclus,826083,Emberiza schoeniclus,/Users/justyna-przy/Projects/ISE/FYP/src/bird_data/raw/emberiza_schoeniclus/XC826083.mp3,4.0,7.0,-37.882993211299365,-40.0,drop,Emberiza citrinella,Yellowhammer,0.12211655080318451,0.12211655080318451,drop,0,,,
emberiza_schoeniclus,826083,Emberiza schoeniclus,/Users/justyna-przy/Projects/ISE/FYP/src/bird_data/raw/emberiza_schoeniclus/XC826083.mp3,7.0,10.0,-36.59050227010195,-40.0,species,Emberiza schoeniclus,Reed Bunting,0.835045337677002,0.835045337677002,species,1,rand_species,/Users/justyna-przy/Projects/ISE/FYP/src/bird_data/clips/species/emberiza_schoeniclus/XC826083__s7000__e10000.wav,
emberiza_schoeniclus,810337,Emberiza schoeniclus,/Users/justyna-przy/Projects/ISE/FYP/src/bird_data/raw/emberiza_schoeniclus/XC810337.mp3,1.0,4.0,-21.779808396985377,-23.941532526513907,species,Emberiza schoeniclus,Reed Bunting,0.9846469163894653,0.9846469163894653,species,0,,,
emberiza_schoeniclus,810337,Emberiza schoeniclus,/Users/justyna-przy/Projects/ISE/FYP/src/bird_data/raw/emberiza_schoeniclus/XC810337.mp3,7.0,10.0,-21.8392196438298,-23.941532526513907,species,Emberiza schoeniclus,Reed Bunting,0.9665220379829407,0.9665220379829407,species,1,rand_species,/Users/justyna-przy/Projects/ISE/FYP/src/bird_data/clips/species/emberiza_schoeniclus/XC810337__s7000__e10000.wav,
emberiza_schoeniclus,810337,Emberiza schoeniclus,/Users/justyna-przy/Projects/ISE/FYP/src/bird_data/raw/emberiza_schoeniclus/XC810337.mp3,10.0,13.0,-20.64087276468171,-23.941532526513907,species,Emberiza schoeniclus,Reed Bunting,0.9225316643714905,0.9225316643714905,species,0,,,
emberiza_schoeniclus,810337,Emberiza schoeniclus,/Users/justyna-przy/Projects/ISE/FYP/src/bird_data/raw/emberiza_schoeniclus/XC810337.mp3,16.0,19.0,-20.053550525641434,-23.941532526513907,species,Emberiza schoeniclus,Reed Bunting,0.9990547299385071,0.9990547299385071,species,1,rand_species,/Users/justyna-przy/Projects/ISE/FYP/src/bird_data/clips/species/emberiza_schoeniclus/XC810337__s16000__e19000.wav,
emberiza_schoeniclus,810337,Emberiza schoeniclus,/Users/justyna-przy/Projects/ISE/FYP/src/bird_data/raw/emberiza_schoeniclus/XC810337.mp3,19.0,22.0,-21.35420312485328,-23.941532526513907,species,Emberiza schoeniclus,Reed Bunting,0.9863798022270203,0.9863798022270203,species,0,,,
emberiza_schoeniclus,810337,Emberiza schoeniclus,/Users/justyna-przy/Projects/ISE/FYP/src/bird_data/raw/emberiza_schoeniclus/XC810337.mp3,25.0,28.0,-22.344758813593828,-23.941532526513907,species,Emberiza schoeniclus,Reed Bunting,0.9798120260238647,0.9798120260238647,species,0,,,
emberiza_schoeniclus,810337,Emberiza schoeniclus,/Users/justyna-przy/Projects/ISE/FYP/src/bird_data/raw/emberiza_schoeniclus/XC810337.mp3,28.0,31.0,-23.941532526513907,-23.941532526513907,species,Emberiza schoeniclus,Reed Bunting,0.9803881645202637,0.9803881645202637,species,0,,,
emberiza_schoeniclus,810337,Emberiza schoeniclus,/Users/justyna-przy/Projects/ISE/FYP/src/bird_data/raw/emberiza_schoeniclus/XC810337.mp3,31.0,34.0,-20.922281810772457,-23.941532526513907,species,Emberiza schoeniclus,Reed Bunting,0.9889889359474182,0.9889889359474182,species,1,rand_species,/Users/justyna-przy/Projects/ISE/FYP/src/bird_data/clips/species/emberiza_schoeniclus/XC810337__s31000__e34000.wav,
emberiza_schoeniclus,806177,Emberiza schoeniclus,/Users/justyna-przy/Projects/ISE/FYP/src/bird_data/raw/emberiza_schoeniclus/XC806177.mp3,4.0,7.0,-36.027198590151336,-38.83583030210239,species,Emberiza schoeniclus,Reed Bunting,0.8295543789863586,0.8295543789863586,species,1,rand_species,/Users/justyna-przy/Projects/ISE/FYP/src/bird_data/clips/species/emberiza_schoeniclus/XC806177__s4000__e7000.wav,
emberiza_schoeniclus,806177,Emberiza schoeniclus,/Users/justyna-przy/Projects/ISE/FYP/src/bird_data/raw/emberiza_schoeniclus/XC806177.mp3,7.0,10.0,-33.576919943233435,-38.83583030210239,species,Emberiza schoeniclus,Reed Bunting,0.9076786637306213,0.9076786637306213,species,0,,,
emberiza_schoeniclus,806177,Emberiza schoeniclus,/Users/justyna-przy/Projects/ISE/FYP/src/bird_data/raw/emberiza_schoeniclus/XC806177.mp3,13.0,16.0,-32.34121748314316,-38.83583030210239,species,Emberiza schoeniclus,Reed Bunting,0.9624907970428467,0.9624907970428467,species,1,rand_species,/Users/justyna-przy/Projects/ISE/FYP/src/bird_data/clips/species/emberiza_schoeniclus/XC806177__s13000__e16000.wav,
emberiza_schoeniclus,806177,Emberiza schoeniclus,/Users/justyna-przy/Projects/ISE/FYP/src/bird_data/raw/emberiza_schoeniclus/XC806177.mp3,16.0,19.0,-37.794863837219246,-38.83583030210239,drop,Emberiza schoeniclus,Reed Bunting,0.25106140971183777,0.25106140971183777,drop,0,,,
emberiza_schoeniclus,806177,Emberiza schoeniclus,/Users/justyna-przy/Projects/ISE/FYP/src/bird_data/raw/emberiza_schoeniclus/XC806177.mp3,19.0,22.0,-31.86492638465264,-38.83583030210239,species,Emberiza schoeniclus,Reed Bunting,0.9051303863525391,0.9051303863525391,species,0,,,
emberiza_schoeniclus,806177,Emberiza schoeniclus,/Users/justyna-przy/Projects/ISE/FYP/src/bird_data/raw/emberiza_schoeniclus/XC806177.mp3,25.0,28.0,-28.778333752753706,-38.83583030210239,species,Emberiza schoeniclus,Reed Bunting,0.910540759563446,0.910540759563446,species,1,rand_species,/Users/justyna-przy/Projects/ISE/FYP/src/bird_data/clips/species/emberiza_schoeniclus/XC806177__s25000__e28000.wav,
emberiza_schoeniclus,806177,Emberiza schoeniclus,/Users/justyna-przy/Projects/ISE/FYP/src/bird_data/raw/emberiza_schoeniclus/XC806177.mp3,28.0,31.0,-35.950886601262255,-38.83583030210239,species,Emberiza schoeniclus,Reed Bunting,0.9068880081176758,0.9068880081176758,species,0,,,
emberiza_schoeniclus,806177,Emberiza schoeniclus,/Users/justyna-przy/Projects/ISE/FYP/src/bird_data/raw/emberiza_schoeniclus/XC806177.mp3,31.0,34.0,-25.37292233149804,-38.83583030210239,species,Emberiza schoeniclus,Reed Bunting,0.9870965480804443,0.9870965480804443,species,0,,,
emberiza_schoeniclus,806177,Emberiza schoeniclus,/Users/justyna-przy/Projects/ISE/FYP/src/bird_data/raw/emberiza_schoeniclus/XC806177.mp3,37.0,40.0,-35.56449041911841,-38.83583030210239,species,Emberiza schoeniclus,Reed Bunting,0.815062940120697,0.815062940120697,species,0,,,
emberiza_schoeniclus,806177,Emberiza schoeniclus,/Users/justyna-przy/Projects/ISE/FYP/src/bird_data/raw/emberiza_schoeniclus/XC806177.mp3,40.0,43.0,-27.924737383690086,-38.83583030210239,species,Emberiza schoeniclus,Reed Bunting,0.9971816539764404,0.9971816539764404,species,0,,,
emberiza_schoeniclus,800813,Emberiza schoeniclus,/Users/justyna-przy/Projects/ISE/FYP/src/bird_data/raw/emberiza_schoeniclus/XC800813.mp3,1.0,4.0,-37.959772953834886,-38.29118677012819,species,Emberiza schoeniclus,Reed Bunting,0.3160644769668579,0.3160644769668579,species,0,,,
emberiza_schoeniclus,800813,Emberiza schoeniclus,/Users/justyna-przy/Projects/ISE/FYP/src/bird_data/raw/emberiza_schoeniclus/XC800813.mp3,4.0,7.0,-35.811168623077386,-38.29118677012819,non_bird,,,0.0,0.0,non_bird,1,nonbird_lowconf,/Users/justyna-przy/Projects/ISE/FYP/src/bird_data/clips/non_bird/emberiza_schoeniclus/XC800813__s4000__e7000.wav,
emberiza_schoeniclus,800813,Emberiza schoeniclus,/Users/justyna-przy/Projects/ISE/FYP/src/bird_data/raw/emberiza_schoeniclus/XC800813.mp3,7.0,10.0,-37.79898288497439,-38.29118677012819,drop,Carpodacus erythrinus,Common Rosefinch,0.11957830935716629,0.11957830935716629,drop,0,,,
emberiza_schoeniclus,800813,Emberiza schoeniclus,/Users/justyna-przy/Projects/ISE/FYP/src/bird_data/raw/emberiza_schoeniclus/XC800813.mp3,16.0,19.0,-30.87797525975628,-38.29118677012819,drop,Fringilla coelebs,Common Chaffinch,0.10647918283939362,0.10647918283939362,drop,0,,,
emberiza_schoeniclus,800813,Emberiza schoeniclus,/Users/justyna-przy/Projects/ISE/FYP/src/bird_data/raw/emberiza_schoeniclus/XC800813.mp3,22.0,25.0,-33.20345326133009,-38.29118677012819,species,Emberiza schoeniclus,Reed Bunting,0.9977908134460449,0.9977908134460449,species,1,rand_species,/Users/justyna-przy/Projects/ISE/FYP/src/bird_data/clips/species/emberiza_schoeniclus/XC800813__s22000__e25000.wav,
emberiza_schoeniclus,800813,Emberiza schoeniclus,/Users/justyna-przy/Projects/ISE/FYP/src/bird_data/raw/emberiza_schoeniclus/XC800813.mp3,28.0,31.0,-30.91354005659888,-38.29118677012819,species,Emberiza schoeniclus,Reed Bunting,0.7448415160179138,0.7448415160179138,species,1,rand_species,/Users/justyna-przy/Projects/ISE/FYP/src/bird_data/clips/species/emberiza_schoeniclus/XC800813__s28000__e31000.wav,
emberiza_schoeniclus,800813,Emberiza schoeniclus,/Users/justyna-przy/Projects/ISE/FYP/src/bird_data/raw/emberiza_schoeniclus/XC800813.mp3,34.0,37.0,-33.4289733812646,-38.29118677012819,species,Emberiza schoeniclus,Reed Bunting,0.9876480102539062,0.9876480102539062,species,0,,,
emberiza_schoeniclus,800813,Emberiza schoeniclus,/Users/justyna-przy/Projects/ISE/FYP/src/bird_data/raw/emberiza_schoeniclus/XC800813.mp3,37.0,40.0,-29.985751338903516,-38.29118677012819,drop,Ficedula hypoleuca,European Pied Flycatcher,0.6143380403518677,0.6143380403518677,drop,0,,,
emberiza_schoeniclus,800813,Emberiza schoeniclus,/Users/justyna-przy/Projects/ISE/FYP/src/bird_data/raw/emberiza_schoeniclus/XC800813.mp3,40.0,43.0,-26.927512181812155,-38.29118677012819,species,Emberiza schoeniclus,Reed Bunting,0.9850605130195618,0.9850605130195618,species,0,,,
emberiza_schoeniclus,800813,Emberiza schoeniclus,/Users/justyna-przy/Projects/ISE/FYP/src/bird_data/raw/emberiza_schoeniclus/XC800813.mp3,43.0,46.0,-29.72988496162661,-38.29118677012819,species,Emberiza schoeniclus,Reed Bunting,0.9894256591796875,0.9894256591796875,species,0,,,
emberiza_schoeniclus,800813,Emberiza schoeniclus,/Users/justyna-przy/Projects/ISE/FYP/src/bird_data/raw/emberiza_schoeniclus/XC800813.mp3,46.0,49.0,-35.05854379316269,-38.29118677012819,species,Emberiza schoeniclus,Reed Bunting,0.6743845343589783,0.6743845343589783,species,1,rand_species,/Users/justyna-przy/Projects/ISE/FYP/src/bird_data/clips/species/emberiza_schoeniclus/XC800813__s46000__e49000.wav,
emberiza_schoeniclus,800813,Emberiza schoeniclus,/Users/justyna-przy/Projects/ISE/FYP/src/bird_data/raw/emberiza_schoeniclus/XC800813.mp3,49.0,52.0,-28.023040375885827,-38.29118677012819,species,Emberiza schoeniclus,Reed Bunting,0.9829421043395996,0.9829421043395996,species,0,,,
emberiza_schoeniclus,799653,Emberiza schoeniclus,/Users/justyna-przy/Projects/ISE/FYP/src/bird_data/raw/emberiza_schoeniclus/XC799653.mp3,7.0,10.0,-17.795308726218394,-24.48493272917048,species,Emberiza schoeniclus,Reed Bunting,0.7259238362312317,0.7259238362312317,species,1,rand_species,/Users/justyna-przy/Projects/ISE/FYP/src/bird_data/clips/species/emberiza_schoeniclus/XC799653__s7000__e10000.wav,
emberiza_schoeniclus,799653,Emberiza schoeniclus,/Users/justyna-przy/Projects/ISE/FYP/src/bird_data/raw/emberiza_schoeniclus/XC799653.mp3,10.0,13.0,-19.442318548226037,-24.48493272917048,species,Emberiza schoeniclus,Reed Bunting,0.999384880065918,0.999384880065918,species,0,,,
emberiza_schoeniclus,799653,Emberiza schoeniclus,/Users/justyna-przy/Projects/ISE/FYP/src/bird_data/raw/emberiza_schoeniclus/XC799653.mp3,13.0,16.0,-24.48493272917048,-24.48493272917048,species,Emberiza schoeniclus,Reed Bunting,0.9993380904197693,0.9993380904197693,species,0,,,
emberiza_schoeniclus,799653,Emberiza schoeniclus,/Users/justyna-przy/Projects/ISE/FYP/src/bird_data/raw/emberiza_schoeniclus/XC799653.mp3,19.0,22.0,-24.45982638262734,-24.48493272917048,species,Emberiza schoeniclus,Reed Bunting,0.9965930581092834,0.9965930581092834,species,0,,,
emberiza_schoeniclus,799653,Emberiza schoeniclus,/Users/justyna-przy/Projects/ISE/FYP/src/bird_data/raw/emberiza_schoeniclus/XC799653.mp3,22.0,25.0,-21.508198584749387,-24.48493272917048,species,Emberiza schoeniclus,Reed Bunting,0.9991785883903503,0.9991785883903503,species,0,,,
emberiza_schoeniclus,799653,Emberiza schoeniclus,/Users/justyna-przy/Projects/ISE/FYP/src/bird_data/raw/emberiza_schoeniclus/XC799653.mp3,25.0,28.0,-18.439680686288757,-24.48493272917048,species,Emberiza schoeniclus,Reed Bunting,0.9977890253067017,0.9977890253067017,species,1,rand_species,/Users/justyna-przy/Projects/ISE/FYP/src/bird_data/clips/species/emberiza_schoeniclus/XC799653__s25000__e28000.wav,
emberiza_schoeniclus,799653,Emberiza schoeniclus,/Users/justyna-przy/Projects/ISE/FYP/src/bird_data/raw/emberiza_schoeniclus/XC799653.mp3,28.0,31.0,-17.36863255668269,-24.48493272917048,species,Emberiza schoeniclus,Reed Bunting,0.9180195927619934,0.9180195927619934,species,1,rand_species,/Users/justyna-przy/Projects/ISE/FYP/src/bird_data/clips/species/emberiza_schoeniclus/XC799653__s28000__e31000.wav,
emberiza_schoeniclus,799653,Emberiza schoeniclus,/Users/justyna-przy/Projects/ISE/FYP/src/bird_data/raw/emberiza_schoeniclus/XC799653.mp3,31.0,34.0,-20.852184827866278,-24.48493272917048,species,Emberiza schoeniclus,Reed Bunting,0.967616617679596,0.967616617679596,species,0,,,
emberiza_schoeniclus,798810,Emberiza schoeniclus,/Users/justyna-przy/Projects/ISE/FYP/src/bird_data/raw/emberiza_schoeniclus/XC798810.mp3,1.0,4.0,-22.072056379222577,-40.0,species,Emberiza schoeniclus,Reed Bunting,0.9920883774757385,0.9920883774757385,species,0,,,
emberiza_schoeniclus,798810,Emberiza schoeniclus,/Users/justyna-przy/Projects/ISE/FYP/src/bird_data/raw/emberiza_schoeniclus/XC798810.mp3,7.0,10.0,-33.073611876048275,-40.0,species,Emberiza schoeniclus,Reed Bunting,0.45663392543792725,0.45663392543792725,species,0,,,
emberiza_schoeniclus,798810,Emberiza schoeniclus,/Users/justyna-przy/Projects/ISE/FYP/src/bird_data/raw/emberiza_schoeniclus/XC798810.mp3,10.0,13.0,-23.32905263663985,-40.0,species,Emberiza schoeniclus,Reed Bunting,0.8843526244163513,0.8843526244163513,species,1,rand_species,/Users/justyna-przy/Projects/ISE/FYP/src/bird_data/clips/species/emberiza_schoeniclus/XC798810__s10000__e13000.wav,
emberiza_schoeniclus,798810,Emberiza schoeniclus,/Users/justyna-przy/Projects/ISE/FYP/src/bird_data/raw/emberiza_schoeniclus/XC798810.mp3,19.0,22.0,-22.516427549045396,-40.0,species,Emberiza schoeniclus,Reed Bunting,0.9973195195198059,0.9973195195198059,species,1,rand_species,/Users/justyna-przy/Projects/ISE/FYP/src/bird_data/clips/species/emberiza_schoeniclus/XC798810__s19000__e22000.wav,
emberiza_schoeniclus,798810,Emberiza schoeniclus,/Users/justyna-przy/Projects/ISE/FYP/src/bird_data/raw/emberiza_schoeniclus/XC798810.mp3,28.0,31.0,-21.891471147326683,-40.0,species,Emberiza schoeniclus,Reed Bunting,0.9917622804641724,0.9917622804641724,species,1,rand_species,/Users/justyna-przy/Projects/ISE/FYP/src/bird_data/clips/species/emberiza_schoeniclus/XC798810__s28000__e31000.wav,
emberiza_schoeniclus,798810,Emberiza schoeniclus,/Users/justyna-przy/Projects/ISE/FYP/src/bird_data/raw/emberiza_schoeniclus/XC798810.mp3,37.0,40.0,-23.21438371038483,-40.0,species,Emberiza schoeniclus,Reed Bunting,0.9801610112190247,0.9801610112190247,species,0,,,
emberiza_schoeniclus,798810,Emberiza schoeniclus,/Users/justyna-przy/Projects/ISE/FYP/src/bird_data/raw/emberiza_schoeniclus/XC798810.mp3,43.0,46.0,-24.72987339972748,-40.0,species,Emberiza schoeniclus,Reed Bunting,0.9265341758728027,0.9265341758728027,species,0,,,
emberiza_schoeniclus,793620,Emberiza schoeniclus,/Users/justyna-przy/Projects/ISE/FYP/src/bird_data/raw/emberiza_schoeniclus/XC793620.mp3,1.0,4.0,-27.97911788079029,-40.0,species,Emberiza schoeniclus,Reed Bunting,0.9900552034378052,0.9900552034378052,species,0,,,
emberiza_schoeniclus,793620,Emberiza schoeniclus,/Users/justyna-przy/Projects/ISE/FYP/src/bird_data/raw/emberiza_schoeniclus/XC793620.mp3,13.0,16.0,-28.98617694953655,-40.0,species,Emberiza schoeniclus,Reed Bunting,0.869735062122345,0.869735062122345,species,1,rand_species,/Users/justyna-przy/Projects/ISE/FYP/src/bird_data/clips/species/emberiza_schoeniclus/XC793620__s13000__e16000.wav,
emberiza_schoeniclus,793620,Emberiza schoeniclus,/Users/justyna-przy/Projects/ISE/FYP/src/bird_data/raw/emberiza_schoeniclus/XC793620.mp3,16.0,19.0,-38.00689135572639,-40.0,drop,Emberiza schoeniclus,Reed Bunting,0.15951420366764069,0.15951420366764069,drop,0,,,
emberiza_schoeniclus,793620,Emberiza schoeniclus,/Users/justyna-przy/Projects/ISE/FYP/src/bird_data/raw/emberiza_schoeniclus/XC793620.mp3,19.0,22.0,-37.700688826092545,-40.0,species,Emberiza schoeniclus,Reed Bunting,0.7193436622619629,0.7193436622619629,species,0,,,
emberiza_schoeniclus,793620,Emberiza schoeniclus,/Users/justyna-przy/Projects/ISE/FYP/src/bird_data/raw/emberiza_schoeniclus/XC793620.mp3,22.0,25.0,-26.079498028648295,-40.0,species,Emberiza schoeniclus,Reed Bunting,0.9956139326095581,0.9956139326095581,species,0,,,
emberiza_schoeniclus,793620,Emberiza schoeniclus,/Users/justyna-przy/Projects/ISE/FYP/src/bird_data/raw/emberiza_schoeniclus/XC793620.mp3,25.0,28.0,-23.149263841334047,-40.0,species,Emberiza schoeniclus,Reed Bunting,0.9636937379837036,0.9636937379837036,species,0,,,
emberiza_schoeniclus,793620,Emberiza schoeniclus,/Users/justyna-przy/Projects/ISE/FYP/src/bird_data/raw/emberiza_schoeniclus/XC793620.mp3,31.0,34.0,-27.600869604573795,-40.0,species,Emberiza schoeniclus,Reed Bunting,0.9446329474449158,0.9446329474449158,species,1,rand_species,/Users/justyna-przy/Projects/ISE/FYP/src/bird_data/clips/species/emberiza_schoeniclus/XC793620__s31000__e34000.wav,
emberiza_schoeniclus,793620,Emberiza schoeniclus,/Users/justyna-przy/Projects/ISE/FYP/src/bird_data/raw/emberiza_schoeniclus/XC793620.mp3,34.0,37.0,-20.601984260461535,-40.0,species,Emberiza schoeniclus,Reed Bunting,0.9933145642280579,0.9933145642280579,species,0,,,
emberiza_schoeniclus,793620,Emberiza schoeniclus,/Users/justyna-przy/Projects/ISE/FYP/src/bird_data/raw/emberiza_schoeniclus/XC793620.mp3,37.0,40.0,-27.66571612066654,-40.0,species,Emberiza schoeniclus,Reed Bunting,0.944180428981781,0.944180428981781,species,1,rand_species,/Users/justyna-przy/Projects/ISE/FYP/src/bird_data/clips/species/emberiza_schoeniclus/XC793620__s37000__e40000.wav,
emberiza_schoeniclus,793620,Emberiza schoeniclus,/Users/justyna-przy/Projects/ISE/FYP/src/bird_data/raw/emberiza_schoeniclus/XC793620.mp3,43.0,46.0,-35.11417683628761,-40.0,drop,Todus mexicanus,Puerto Rican Tody,0.1997440755367279,0.1997440755367279,drop,0,,,
emberiza_schoeniclus,731808,Emberiza schoeniclus,/Users/justyna-przy/Projects/ISE/FYP/src/bird_data/raw/emberiza_schoeniclus/XC731808.mp3,1.0,4.0,-29.41796232018525,-40.0,species,Emberiza schoeniclus,Reed Bunting,0.9299775958061218,0.9299775958061218,species,1,rand_species,/Users/justyna-przy/Projects/ISE/FYP/src/bird_data/clips/species/emberiza_schoeniclus/XC731808__s1000__e4000.wav,
emberiza_schoeniclus,731808,Emberiza schoeniclus,/Users/justyna-przy/Projects/ISE/FYP/src/bird_data/raw/emberiza_schoeniclus/XC731808.mp3,7.0,10.0,-29.849205280014857,-40.0,species,Emberiza schoeniclus,Reed Bunting,0.861361563205719,0.861361563205719,species,1,rand_species,/Users/justyna-przy/Projects/ISE/FYP/src/bird_data/clips/species/emberiza_schoeniclus/XC731808__s7000__e10000.wav,
emberiza_schoeniclus,731808,Emberiza schoeniclus,/Users/justyna-przy/Projects/ISE/FYP/src/bird_data/raw/emberiza_schoeniclus/XC731808.mp3,10.0,13.0,-39.900625030601056,-40.0,drop,Acrocephalus schoenobaenus,Sedge Warbler,0.7633048295974731,0.7633048295974731,drop,0,,,
emberiza_schoeniclus,731808,Emberiza schoeniclus,/Users/justyna-przy/Projects/ISE/FYP/src/bird_data/raw/emberiza_schoeniclus/XC731808.mp3,13.0,16.0,-30.353530800694344,-40.0,species,Emberiza schoeniclus,Reed Bunting,0.9517256617546082,0.9517256617546082,species,0,,,
emberiza_schoeniclus,731808,Emberiza schoeniclus,/Users/justyna-przy/Projects/ISE/FYP/src/bird_data/raw/emberiza_schoeniclus/XC731808.mp3,16.0,19.0,-39.63348641100113,-40.0,non_bird,,,0.0,0.0,non_bird,1,nonbird_lowconf,/Users/justyna-przy/Projects/ISE/FYP/src/bird_data/clips/non_bird/emberiza_schoeniclus/XC731808__s16000__e19000.wav,
emberiza_schoeniclus,731808,Emberiza schoeniclus,/Users/justyna-przy/Projects/ISE/FYP/src/bird_data/raw/emberiza_schoeniclus/XC731808.mp3,19.0,22.0,-27.23687360937234,-40.0,drop,Acrocephalus schoenobaenus,Sedge Warbler,0.9913944602012634,0.9913944602012634,drop,0,,,
emberiza_schoeniclus,731808,Emberiza schoeniclus,/Users/justyna-przy/Projects/ISE/FYP/src/bird_data/raw/emberiza_schoeniclus/XC731808.mp3,22.0,25.0,-34.90622112823106,-40.0,drop,Acrocephalus schoenobaenus,Sedge Warbler,0.9898331165313721,0.9898331165313721,drop,0,,,
emberiza_schoeniclus,731808,Emberiza schoeniclus,/Users/justyna-przy/Projects/ISE/FYP/src/bird_data/raw/emberiza_schoeniclus/XC731808.mp3,25.0,28.0,-29.061134623840786,-40.0,species,Emberiza schoeniclus,Reed Bunting,0.9724813103675842,0.9724813103675842,species,0,,,
emberiza_schoeniclus,731808,Emberiza schoeniclus,/Users/justyna-przy/Projects/ISE/FYP/src/bird_data/raw/emberiza_schoeniclus/XC731808.mp3,31.0,34.0,-28.45310595718305,-40.0,species,Emberiza schoeniclus,Reed Bunting,0.9833035469055176,0.9833035469055176,species,0,,,
emberiza_schoeniclus,731808,Emberiza schoeniclus,/Users/justyna-przy/Projects/ISE/FYP/src/bird_data/raw/emberiza_schoeniclus/XC731808.mp3,37.0,40.0,-38.685705477608,-40.0,drop,Acrocephalus schoenobaenus,Sedge Warbler,0.9504650831222534,0.9504650831222534,drop,0,,,
emberiza_schoeniclus,731808,Emberiza schoeniclus,/Users/justyna-przy/Projects/ISE/FYP/src/bird_data/raw/emberiza_schoeniclus/XC731808.mp3,40.0,43.0,-27.160269881112058,-40.0,drop,Acrocephalus schoenobaenus,Sedge Warbler,0.9714236855506897,0.9714236855506897,drop,0,,,
emberiza_schoeniclus,731808,Emberiza schoeniclus,/Users/justyna-przy/Projects/ISE/FYP/src/bird_data/raw/emberiza_schoeniclus/XC731808.mp3,49.0,52.0,-30.035120137309214,-40.0,species,Emberiza schoeniclus,Reed Bunting,0.9892497062683105,0.9892497062683105,species,1,rand_species,/Users/justyna-przy/Projects/ISE/FYP/src/bird_data/clips/species/emberiza_schoeniclus/XC731808__s49000__e52000.wav,
emberiza_schoeniclus,688462,Emberiza schoeniclus,/Users/justyna-przy/Projects/ISE/FYP/src/bird_data/raw/emberiza_schoeniclus/XC688462.mp3,1.0,4.0,-27.987211310786737,-40.0,species,Emberiza schoeniclus,Reed Bunting,0.9065548777580261,0.9065548777580261,species,0,,,
emberiza_schoeniclus,688462,Emberiza schoeniclus,/Users/justyna-przy/Projects/ISE/FYP/src/bird_data/raw/emberiza_schoeniclus/XC688462.mp3,4.0,7.0,-32.64835632189977,-40.0,species,Emberiza schoeniclus,Reed Bunting,0.9547216296195984,0.9547216296195984,species,1,rand_species,/Users/justyna-przy/Projects/ISE/FYP/src/bird_data/clips/species/emberiza_schoeniclus/XC688462__s4000__e7000.wav,
emberiza_schoeniclus,688462,Emberiza schoeniclus,/Users/justyna-przy/Projects/ISE/FYP/src/bird_data/raw/emberiza_schoeniclus/XC688462.mp3,16.0,19.0,-34.057732252143566,-40.0,species,Emberiza schoeniclus,Reed Bunting,0.9877247214317322,0.9877247214317322,species,1,rand_species,/Users/justyna-przy/Projects/ISE/FYP/src/bird_data/clips/species/emberiza_schoeniclus/XC688462__s16000__e19000.wav,
emberiza_schoeniclus,688462,Emberiza schoeniclus,/Users/justyna-przy/Projects/ISE/FYP/src/bird_data/raw/emberiza_schoeniclus/XC688462.mp3,25.0,28.0,-37.59890953139643,-40.0,species,Emberiza schoeniclus,Reed Bunting,0.9759891033172607,0.9759891033172607,species,1,rand_species,/Users/justyna-przy/Projects/ISE/FYP/src/bird_data/clips/species/emberiza_schoeniclus/XC688462__s25000__e28000.wav,
emberiza_schoeniclus,686570,Emberiza schoeniclus,/Users/justyna-przy/Projects/ISE/FYP/src/bird_data/raw/emberiza_schoeniclus/XC686570.mp3,1.0,4.0,-27.2463649389379,-34.7036181898811,drop,Locustella naevia,Common Grasshopper-Warbler,0.5561720728874207,0.5561720728874207,drop,0,,,
emberiza_schoeniclus,686570,Emberiza schoeniclus,/Users/justyna-przy/Projects/ISE/FYP/src/bird_data/raw/emberiza_schoeniclus/XC686570.mp3,4.0,7.0,-30.761561919941776,-34.7036181898811,drop,Locustella naevia,Common Grasshopper-Warbler,0.8618128299713135,0.8618128299713135,drop,0,,,
emberiza_schoeniclus,686570,Emberiza schoeniclus,/Users/justyna-przy/Projects/ISE/FYP/src/bird_data/raw/emberiza_schoeniclus/XC686570.mp3,7.0,10.0,-34.637532843444816,-34.7036181898811,drop,Locustella naevia,Common Grasshopper-Warbler,0.9768103361129761,0.9768103361129761,drop,0,,,
emberiza_schoeniclus,657125,Emberiza schoeniclus,/Users/justyna-przy/Projects/ISE/FYP/src/bird_data/raw/emberiza_schoeniclus/XC657125.mp3,4.0,7.0,-43.38859888977635,-40.0,species,Emberiza schoeniclus,Reed Bunting,0.9623046517372131,0.9623046517372131,species,1,rand_species,/Users/justyna-przy/Projects/ISE/FYP/src/bird_data/clips/species/emberiza_schoeniclus/XC657125__s4000__e7000.wav,
emberiza_schoeniclus,657051,Emberiza schoeniclus,/Users/justyna-przy/Projects/ISE/FYP/src/bird_data/raw/emberiza_schoeniclus/XC657051.mp3,1.0,4.0,-19.624284168654818,-27.278273810649647,species,Emberiza schoeniclus,Reed Bunting,0.8258325457572937,0.8258325457572937,species,0,,,
emberiza_schoeniclus,657051,Emberiza schoeniclus,/Users/justyna-przy/Projects/ISE/FYP/src/bird_data/raw/emberiza_schoeniclus/XC657051.mp3,7.0,10.0,-25.769248510236334,-27.278273810649647,species,Emberiza schoeniclus,Reed Bunting,0.6638225317001343,0.6638225317001343,species,1,rand_species,/Users/justyna-przy/Projects/ISE/FYP/src/bird_data/clips/species/emberiza_schoeniclus/XC657051__s7000__e10000.wav,
emberiza_schoeniclus,657051,Emberiza schoeniclus,/Users/justyna-przy/Projects/ISE/FYP/src/bird_data/raw/emberiza_schoeniclus/XC657051.mp3,10.0,13.0,-22.50439949145551,-27.278273810649647,species,Emberiza schoeniclus,Reed Bunting,0.30497628450393677,0.30497628450393677,species,0,,,
emberiza_schoeniclus,657051,Emberiza schoeniclus,/Users/justyna-przy/Projects/ISE/FYP/src/bird_data/raw/emberiza_schoeniclus/XC657051.mp3,16.0,19.0,-23.94174952968429,-27.278273810649647,species,Emberiza schoeniclus,Reed Bunting,0.9591445326805115,0.9591445326805115,species,0,,,
emberiza_schoeniclus,657051,Emberiza schoeniclus,/Users/justyna-przy/Projects/ISE/FYP/src/bird_data/raw/emberiza_schoeniclus/XC657051.mp3,19.0,22.0,-24.360212398253505,-27.278273810649647,drop,Phylloscopus collybita,Common Chiffchaff,0.44029223918914795,0.44029223918914795,drop,0,,,
emberiza_schoeniclus,657051,Emberiza schoeniclus,/Users/justyna-przy/Projects/ISE/FYP/src/bird_data/raw/emberiza_schoeniclus/XC657051.mp3,25.0,28.0,-27.175109585856,-27.278273810649647,drop,Emberiza schoeniclus,Reed Bunting,0.11743766069412231,0.11743766069412231,drop,0,,,
emberiza_schoeniclus,657051,Emberiza schoeniclus,/Users/justyna-przy/Projects/ISE/FYP/src/bird_data/raw/emberiza_schoeniclus/XC657051.mp3,28.0,31.0,-23.580840906854075,-27.278273810649647,drop,Phylloscopus collybita,Common Chiffchaff,0.20945137739181519,0.20945137739181519,drop,0,,,
emberiza_schoeniclus,657051,Emberiza schoeniclus,/Users/justyna-przy/Projects/ISE/FYP/src/bird_data/raw/emberiza_schoeniclus/XC657051.mp3,31.0,34.0,-23.82436470272055,-27.278273810649647,drop,Phylloscopus collybita,Common Chiffchaff,0.5106145143508911,0.5106145143508911,drop,0,,,
emberiza_schoeniclus,657051,Emberiza schoeniclus,/Users/justyna-przy/Projects/ISE/FYP/src/bird_data/raw/emberiza_schoeniclus/XC657051.mp3,34.0,37.0,-26.422975726829545,-27.278273810649647,species,Emberiza schoeniclus,Reed Bunting,0.4714740514755249,0.4714740514755249,species,0,,,
emberiza_schoeniclus,657051,Emberiza schoeniclus,/Users/justyna-przy/Projects/ISE/FYP/src/bird_data/raw/emberiza_schoeniclus/XC657051.mp3,40.0,43.0,-26.02825762193759,-27.278273810649647,species,Emberiza schoeniclus,Reed Bunting,0.39618992805480957,0.39618992805480957,species,0,,,
emberiza_schoeniclus,657051,Emberiza schoeniclus,/Users/justyna-przy/Projects/ISE/FYP/src/bird_data/raw/emberiza_schoeniclus/XC657051.mp3,43.0,46.0,-22.978142935311688,-27.278273810649647,species,Emberiza schoeniclus,Reed Bunting,0.4287663698196411,0.4287663698196411,species,1,rand_species,/Users/justyna-przy/Projects/ISE/FYP/src/bird_data/clips/species/emberiza_schoeniclus/XC657051__s43000__e46000.wav,
emberiza_schoeniclus,657051,Emberiza schoeniclus,/Users/justyna-przy/Projects/ISE/FYP/src/bird_data/raw/emberiza_schoeniclus/XC657051.mp3,49.0,52.0,-25.12169415075913,-27.278273810649647,species,Emberiza schoeniclus,Reed Bunting,0.5291787981987,0.5291787981987,species,1,rand_species,/Users/justyna-przy/Projects/ISE/FYP/src/bird_data/clips/species/emberiza_schoeniclus/XC657051__s49000__e52000.wav,
emberiza_schoeniclus,654719,Emberiza schoeniclus,/Users/justyna-przy/Projects/ISE/FYP/src/bird_data/raw/emberiza_schoeniclus/XC654719.mp3,1.0,4.0,-25.846064862512392,-40.0,species,Emberiza schoeniclus,Reed Bunting,0.7466917037963867,0.7466917037963867,species,0,,,
emberiza_schoeniclus,654719,Emberiza schoeniclus,/Users/justyna-przy/Projects/ISE/FYP/src/bird_data/raw/emberiza_schoeniclus/XC654719.mp3,7.0,10.0,-26.00378499628831,-40.0,species,Emberiza schoeniclus,Reed Bunting,0.7451234459877014,0.7451234459877014,species,0,,,
emberiza_schoeniclus,654719,Emberiza schoeniclus,/Users/justyna-przy/Projects/ISE/FYP/src/bird_data/raw/emberiza_schoeniclus/XC654719.mp3,10.0,13.0,-29.353125249678193,-40.0,non_bird,,,0.0,0.0,non_bird,1,nonbird_lowconf,/Users/justyna-przy/Projects/ISE/FYP/src/bird_data/clips/non_bird/emberiza_schoeniclus/XC654719__s10000__e13000.wav,
emberiza_schoeniclus,654719,Emberiza schoeniclus,/Users/justyna-przy/Projects/ISE/FYP/src/bird_data/raw/emberiza_schoeniclus/XC654719.mp3,13.0,16.0,-15.768199269255241,-40.0,species,Emberiza schoeniclus,Reed Bunting,0.48383983969688416,0.48383983969688416,species,1,rand_species,/Users/justyna-przy/Projects/ISE/FYP/src/bird_data/clips/species/emberiza_schoeniclus/XC654719__s13000__e16000.wav,
emberiza_schoeniclus,654719,Emberiza schoeniclus,/Users/justyna-przy/Projects/ISE/FYP/src/bird_data/raw/emberiza_schoeniclus/XC654719.mp3,19.0,22.0,-29.148427503331536,-40.0,species,Emberiza schoeniclus,Reed Bunting,0.8199998736381531,0.8199998736381531,species,1,rand_species,/Users/justyna-przy/Projects/ISE/FYP/src/bird_data/clips/species/emberiza_schoeniclus/XC654719__s19000__e22000.wav,
emberiza_schoeniclus,654719,Emberiza schoeniclus,/Users/justyna-przy/Projects/ISE/FYP/src/bird_data/raw/emberiza_schoeniclus/XC654719.mp3,25.0,28.0,-33.252156992680085,-40.0,species,Emberiza schoeniclus,Reed Bunting,0.8334635496139526,0.8334635496139526,species,1,rand_species,/Users/justyna-przy/Projects/ISE/FYP/src/bird_data/clips/species/emberiza_schoeniclus/XC654719__s25000__e28000.wav,
emberiza_schoeniclus,642748,Emberiza schoeniclus,/Users/justyna-przy/Projects/ISE/FYP/src/bird_data/raw/emberiza_schoeniclus/XC642748.mp3,1.0,4.0,-29.906739992111305,-40.0,species,Emberiza schoeniclus,Reed Bunting,0.9989365935325623,0.9989365935325623,species,1,rand_species,/Users/justyna-przy/Projects/ISE/FYP/src/bird_data/clips/species/emberiza_schoeniclus/XC642748__s1000__e4000.wav,
emberiza_schoeniclus,642748,Emberiza schoeniclus,/Users/justyna-przy/Projects/ISE/FYP/src/bird_data/raw/emberiza_schoeniclus/XC642748.mp3,4.0,7.0,-31.644460143861437,-40.0,species,Emberiza schoeniclus,Reed Bunting,0.9971988201141357,0.9971988201141357,species,0,,,
emberiza_schoeniclus,642748,Emberiza schoeniclus,/Users/justyna-przy/Projects/ISE/FYP/src/bird_data/raw/emberiza_schoeniclus/XC642748.mp3,7.0,10.0,-39.479790574042,-40.0,species,Emberiza schoeniclus,Reed Bunting,0.9157816171646118,0.9157816171646118,species,1,rand_species,/Users/justyna-przy/Projects/ISE/FYP/src/bird_data/clips/species/emberiza_schoeniclus/XC642748__s7000__e10000.wav,
emberiza_schoeniclus,642748,Emberiza schoeniclus,/Users/justyna-przy/Projects/ISE/FYP/src/bird_data/raw/emberiza_schoeniclus/XC642748.mp3,10.0,13.0,-30.173294410572986,-40.0,species,Emberiza schoeniclus,Reed Bunting,0.9990081191062927,0.9990081191062927,species,1,rand_species,/Users/justyna-przy/Projects/ISE/FYP/src/bird_data/clips/species/emberiza_schoeniclus/XC642748__s10000__e13000.wav,
emberiza_schoeniclus,642748,Emberiza schoeniclus,/Users/justyna-przy/Projects/ISE/FYP/src/bird_data/raw/emberiza_schoeniclus/XC642748.mp3,16.0,19.0,-28.266266224727772,-40.0,species,Emberiza schoeniclus,Reed Bunting,0.9992142915725708,0.9992142915725708,species,0,,,
emberiza_schoeniclus,642748,Emberiza schoeniclus,/Users/justyna-przy/Projects/ISE/FYP/src/bird_data/raw/emberiza_schoeniclus/XC642748.mp3,22.0,25.0,-35.010954338274,-40.0,species,Emberiza schoeniclus,Reed Bunting,0.9901903867721558,0.9901903867721558,species,0,,,
emberiza_schoeniclus,642748,Emberiza schoeniclus,/Users/justyna-przy/Projects/ISE/FYP/src/bird_data/raw/emberiza_schoeniclus/XC642748.mp3,25.0,28.0,-29.95968565761181,-40.0,species,Emberiza schoeniclus,Reed Bunting,0.9826616644859314,0.9826616644859314,species,0,,,
emberiza_schoeniclus,642748,Emberiza schoeniclus,/Users/justyna-przy/Projects/ISE/FYP/src/bird_data/raw/emberiza_schoeniclus/XC642748.mp3,31.0,34.0,-31.208454480219785,-40.0,species,Emberiza schoeniclus,Reed Bunting,0.9920388460159302,0.9920388460159302,species,0,,,
emberiza_schoeniclus,642748,Emberiza schoeniclus,/Users/justyna-przy/Projects/ISE/FYP/src/bird_data/raw/emberiza_schoeniclus/XC642748.mp3,37.0,40.0,-29.334924380987477,-40.0,species,Emberiza schoeniclus,Reed Bunting,0.9982209801673889,0.9982209801673889,species,0,,,
emberiza_schoeniclus,642748,Emberiza schoeniclus,/Users/justyna-przy/Projects/ISE/FYP/src/bird_data/raw/emberiza_schoeniclus/XC642748.mp3,40.0,43.0,-30.272756827638542,-40.0,species,Emberiza schoeniclus,Reed Bunting,0.995909571647644,0.995909571647644,species,0,,,
emberiza_schoeniclus,634393,Emberiza schoeniclus,/Users/justyna-przy/Projects/ISE/FYP/src/bird_data/raw/emberiza_schoeniclus/XC634393.mp3,1.0,4.0,-26.087862122944138,-32.81734823029732,species,Emberiza schoeniclus,Reed Bunting,0.9949495792388916,0.9949495792388916,species,0,,,
emberiza_schoeniclus,634393,Emberiza schoeniclus,/Users/justyna-przy/Projects/ISE/FYP/src/bird_data/raw/emberiza_schoeniclus/XC634393.mp3,13.0,16.0,-31.713301003144984,-32.81734823029732,species,Emberiza schoeniclus,Reed Bunting,0.9957025647163391,0.9957025647163391,species,1,rand_species,/Users/justyna-przy/Projects/ISE/FYP/src/bird_data/clips/species/emberiza_schoeniclus/XC634393__s13000__e16000.wav,
emberiza_schoeniclus,634393,Emberiza schoeniclus,/Users/justyna-przy/Projects/ISE/FYP/src/bird_data/raw/emberiza_schoeniclus/XC634393.mp3,16.0,19.0,-29.94298517191949,-32.81734823029732,species,Emberiza schoeniclus,Reed Bunting,0.9979629516601562,0.9979629516601562,species,0,,,
emberiza_schoeniclus,634393,Emberiza schoeniclus,/Users/justyna-przy/Projects/ISE/FYP/src/bird_data/raw/emberiza_schoeniclus/XC634393.mp3,19.0,22.0,-30.192134968550235,-32.81734823029732,species,Emberiza schoeniclus,Reed Bunting,0.9969942569732666,0.9969942569732666,species,1,rand_species,/Users/justyna-przy/Projects/ISE/FYP/src/bird_data/clips/species/emberiza_schoeniclus/XC634393__s19000__e22000.wav,
emberiza_schoeniclus,634393,Emberiza schoeniclus,/Users/justyna-przy/Projects/ISE/FYP/src/bird_data/raw/emberiza_schoeniclus/XC634393.mp3,22.0,25.0,-28.88946610485762,-32.81734823029732,species,Emberiza schoeniclus,Reed Bunting,0.9975814819335938,0.9975814819335938,species,0,,,
emberiza_schoeniclus,634393,Emberiza schoeniclus,/Users/justyna-przy/Projects/ISE/FYP/src/bird_data/raw/emberiza_schoeniclus/XC634393.mp3,25.0,28.0,-27.874539793096154,-32.81734823029732,species,Emberiza schoeniclus,Reed Bunting,0.9979436993598938,0.9979436993598938,species,0,,,
emberiza_schoeniclus,634393,Emberiza schoeniclus,/Users/justyna-przy/Projects/ISE/FYP/src/bird_data/raw/emberiza_schoeniclus/XC634393.mp3,28.0,31.0,-31.760556869712737,-32.81734823029732,species,Emberiza schoeniclus,Reed Bunting,0.9994840621948242,0.9994840621948242,species,1,rand_species,/Users/justyna-przy/Projects/ISE/FYP/src/bird_data/clips/species/emberiza_schoeniclus/XC634393__s28000__e31000.wav,
emberiza_schoeniclus,633544,Emberiza schoeniclus,/Users/justyna-przy/Projects/ISE/FYP/src/bird_data/raw/emberiza_schoeniclus/XC633544.mp3,1.0,4.0,-38.113242683075946,-40.0,species,Emberiza schoeniclus,Reed Bunting,0.7502793073654175,0.7502793073654175,species,1,rand_species,/Users/justyna-przy/Projects/ISE/FYP/src/bird_data/clips/species/emberiza_schoeniclus/XC633544__s1000__e4000.wav,
emberiza_schoeniclus,633544,Emberiza schoeniclus,/Users/justyna-przy/Projects/ISE/FYP/src/bird_data/raw/emberiza_schoeniclus/XC633544.mp3,4.0,7.0,-39.687635943198416,-40.0,species,Emberiza schoeniclus,Reed Bunting,0.8237209916114807,0.8237209916114807,species,1,rand_species,/Users/justyna-przy/Projects/ISE/FYP/src/bird_data/clips/species/emberiza_schoeniclus/XC633544__s4000__e7000.wav,
emberiza_schoeniclus,633544,Emberiza schoeniclus,/Users/justyna-przy/Projects/ISE/FYP/src/bird_data/raw/emberiza_schoeniclus/XC633544.mp3,16.0,19.0,-37.46334211054067,-40.0,species,Emberiza schoeniclus,Reed Bunting,0.9574487805366516,0.9574487805366516,species,0,,,
emberiza_schoeniclus,633544,Emberiza schoeniclus,/Users/justyna-przy/Projects/ISE/FYP/src/bird_data/raw/emberiza_schoeniclus/XC633544.mp3,28.0,31.0,-37.821786570934115,-40.0,species,Emberiza schoeniclus,Reed Bunting,0.9472721219062805,0.9472721219062805,species,1,rand_species,/Users/justyna-przy/Projects/ISE/FYP/src/bird_data/clips/species/emberiza_schoeniclus/XC633544__s28000__e31000.wav,
emberiza_schoeniclus,633544,Emberiza schoeniclus,/Users/justyna-przy/Projects/ISE/FYP/src/bird_data/raw/emberiza_schoeniclus/XC633544.mp3,43.0,46.0,-37.746004500633305,-40.0,drop,Emberiza schoeniclus,Reed Bunting,0.24420346319675446,0.24420346319675446,drop,0,,,
emberiza_schoeniclus,608946,Emberiza schoeniclus,/Users/justyna-przy/Projects/ISE/FYP/src/bird_data/raw/emberiza_schoeniclus/XC608946.mp3,1.0,4.0,-37.247094272657215,-40.0,species,Emberiza schoeniclus,Reed Bunting,0.9183646440505981,0.9183646440505981,species,0,,,
emberiza_schoeniclus,608946,Emberiza schoeniclus,/Users/justyna-przy/Projects/ISE/FYP/src/bird_data/raw/emberiza_schoeniclus/XC608946.mp3,4.0,7.0,-30.18400990064935,-40.0,species,Emberiza schoeniclus,Reed Bunting,0.9190174341201782,0.9190174341201782,species,1,rand_species,/Users/justyna-przy/Projects/ISE/FYP/src/bird_data/clips/species/emberiza_schoeniclus/XC608946__s4000__e7000.wav,
emberiza_schoeniclus,608946,Emberiza schoeniclus,/Users/justyna-przy/Projects/ISE/FYP/src/bird_data/raw/emberiza_schoeniclus/XC608946.mp3,7.0,10.0,-32.66023538721148,-40.0,species,Emberiza schoeniclus,Reed Bunting,0.9573416709899902,0.9573416709899902,species,1,rand_species,/Users/justyna-przy/Projects/ISE/FYP/src/bird_data/clips/species/emberiza_schoeniclus/XC608946__s7000__e10000.wav,
emberiza_schoeniclus,608946,Emberiza schoeniclus,/Users/justyna-przy/Projects/ISE/FYP/src/bird_data/raw/emberiza_schoeniclus/XC608946.mp3,13.0,16.0,-35.109040046271396,-40.0,species,Emberiza schoeniclus,Reed Bunting,0.9964379072189331,0.9964379072189331,species,1,rand_species,/Users/justyna-przy/Projects/ISE/FYP/src/bird_data/clips/species/emberiza_schoeniclus/XC608946__s13000__e16000.wav,
emberiza_schoeniclus,608946,Emberiza schoeniclus,/Users/justyna-przy/Projects/ISE/FYP/src/bird_data/raw/emberiza_schoeniclus/XC608946.mp3,19.0,22.0,-38.96622888982135,-40.0,species,Emberiza schoeniclus,Reed Bunting,0.9925461411476135,0.9925461411476135,species,0,,,
emberiza_schoeniclus,605558,Emberiza schoeniclus,/Users/justyna-przy/Projects/ISE/FYP/src/bird_data/raw/emberiza_schoeniclus/XC605558.mp3,1.0,4.0,-27.26051503850443,-38.32482870348939,species,Emberiza schoeniclus,Reed Bunting,0.9912573099136353,0.9912573099136353,species,0,,,
emberiza_schoeniclus,605558,Emberiza schoeniclus,/Users/justyna-przy/Projects/ISE/FYP/src/bird_data/raw/emberiza_schoeniclus/XC605558.mp3,7.0,10.0,-28.145694514182075,-38.32482870348939,species,Emberiza schoeniclus,Reed Bunting,0.9903883337974548,0.9903883337974548,species,0,,,
emberiza_schoeniclus,605558,Emberiza schoeniclus,/Users/justyna-przy/Projects/ISE/FYP/src/bird_data/raw/emberiza_schoeniclus/XC605558.mp3,10.0,13.0,-28.68047190041117,-38.32482870348939,species,Emberiza schoeniclus,Reed Bunting,0.9957289099693298,0.9957289099693298,species,1,rand_species,/Users/justyna-przy/Projects/ISE/FYP/src/bird_data/clips/species/emberiza_schoeniclus/XC605558__s10000__e13000.wav,
emberiza_schoeniclus,605558,Emberiza schoeniclus,/Users/justyna-przy/Projects/ISE/FYP/src/bird_data/raw/emberiza_schoeniclus/XC605558.mp3,13.0,16.0,-36.63349386470458,-38.32482870348939,species,Emberiza schoeniclus,Reed Bunting,0.8631894588470459,0.8631894588470459,species,0,,,
emberiza_schoeniclus,605558,Emberiza schoeniclus,/Users/justyna-przy/Projects/ISE/FYP/src/bird_data/raw/emberiza_schoeniclus/XC605558.mp3,19.0,22.0,-27.338015727641462,-38.32482870348939,species,Emberiza schoeniclus,Reed Bunting,0.9935617446899414,0.9935617446899414,species,1,rand_species,/Users/justyna-przy/Projects/ISE/FYP/src/bird_data/clips/species/emberiza_schoeniclus/XC605558__s19000__e22000.wav,
emberiza_schoeniclus,605558,Emberiza schoeniclus,/Users/justyna-przy/Projects/ISE/FYP/src/bird_data/raw/emberiza_schoeniclus/XC605558.mp3,25.0,28.0,-26.998665297657432,-38.32482870348939,species,Emberiza schoeniclus,Reed Bunting,0.9535810947418213,0.9535810947418213,species,0,,,
emberiza_schoeniclus,605558,Emberiza schoeniclus,/Users/justyna-przy/Projects/ISE/FYP/src/bird_data/raw/emberiza_schoeniclus/XC605558.mp3,31.0,34.0,-27.141986669551727,-38.32482870348939,species,Emberiza schoeniclus,Reed Bunting,0.9498637914657593,0.9498637914657593,species,0,,,
emberiza_schoeniclus,605558,Emberiza schoeniclus,/Users/justyna-przy/Projects/ISE/FYP/src/bird_data/raw/emberiza_schoeniclus/XC605558.mp3,37.0,40.0,-36.778827644735784,-38.32482870348939,drop,Turdus iliacus,Redwing,0.4792248010635376,0.4792248010635376,drop,0,,,
emberiza_schoeniclus,605558,Emberiza schoeniclus,/Users/justyna-przy/Projects/ISE/FYP/src/bird_data/raw/emberiza_schoeniclus/XC605558.mp3,40.0,43.0,-28.97767879402383,-38.32482870348939,species,Emberiza schoeniclus,Reed Bunting,0.9972875118255615,0.9972875118255615,species,0,,,
emberiza_schoeniclus,605558,Emberiza schoeniclus,/Users/justyna-przy/Projects/ISE/FYP/src/bird_data/raw/emberiza_schoeniclus/XC605558.mp3,46.0,49.0,-28.156760545345755,-38.32482870348939,species,Emberiza schoeniclus,Reed Bunting,0.9915716648101807,0.9915716648101807,species,0,,,
emberiza_schoeniclus,605558,Emberiza schoeniclus,/Users/justyna-przy/Projects/ISE/FYP/src/bird_data/raw/emberiza_schoeniclus/XC605558.mp3,49.0,52.0,-32.034547575105734,-38.32482870348939,species,Emberiza schoeniclus,Reed Bunting,0.8074164390563965,0.8074164390563965,species,1,rand_species,/Users/justyna-przy/Projects/ISE/FYP/src/bird_data/clips/species/emberiza_schoeniclus/XC605558__s49000__e52000.wav,
emberiza_schoeniclus,605558,Emberiza schoeniclus,/Users/justyna-przy/Projects/ISE/FYP/src/bird_data/raw/emberiza_schoeniclus/XC605558.mp3,52.0,55.0,-26.2075195503442,-38.32482870348939,species,Emberiza schoeniclus,Reed Bunting,0.9940398931503296,0.9940398931503296,species,0,,,
emberiza_schoeniclus,595054,Emberiza schoeniclus,/Users/justyna-przy/Projects/ISE/FYP/src/bird_data/raw/emberiza_schoeniclus/XC595054.mp3,1.0,4.0,-31.04178972167416,-33.80497669858022,non_bird,,,0.0,0.0,non_bird,1,nonbird_lowconf,/Users/justyna-przy/Projects/ISE/FYP/src/bird_data/clips/non_bird/emberiza_schoeniclus/XC595054__s1000__e4000.wav,
emberiza_schoeniclus,595054,Emberiza schoeniclus,/Users/justyna-przy/Projects/ISE/FYP/src/bird_data/raw/emberiza_schoeniclus/XC595054.mp3,4.0,7.0,-24.38789999016866,-33.80497669858022,drop,Emberiza schoeniclus,Reed Bunting,0.20464009046554565,0.20464009046554565,drop,0,,,
emberiza_schoeniclus,595054,Emberiza schoeniclus,/Users/justyna-przy/Projects/ISE/FYP/src/bird_data/raw/emberiza_schoeniclus/XC595054.mp3,7.0,10.0,-31.09681205851317,-33.80497669858022,species,Emberiza schoeniclus,Reed Bunting,0.8984434008598328,0.8984434008598328,species,1,rand_species,/Users/justyna-przy/Projects/ISE/FYP/src/bird_data/clips/species/emberiza_schoeniclus/XC595054__s7000__e10000.wav,
emberiza_schoeniclus,595054,Emberiza schoeniclus,/Users/justyna-przy/Projects/ISE/FYP/src/bird_data/raw/emberiza_schoeniclus/XC595054.mp3,10.0,13.0,-30.2065236961834,-33.80497669858022,species,Emberiza schoeniclus,Reed Bunting,0.4834079444408417,0.4834079444408417,species,1,rand_species,/Users/justyna-przy/Projects/ISE/FYP/src/bird_data/clips/species/emberiza_schoeniclus/XC595054__s10000__e13000.wav,
emberiza_schoeniclus,595054,Emberiza schoeniclus,/Users/justyna-przy/Projects/ISE/FYP/src/bird_data/raw/emberiza_schoeniclus/XC595054.mp3,16.0,19.0,-31.069502378396223,-33.80497669858022,drop,Pica pica,Eurasian Magpie,0.9622388482093811,0.9622388482093811,drop,0,,,
emberiza_schoeniclus,571296,Emberiza schoeniclus,/Users/justyna-przy/Projects/ISE/FYP/src/bird_data/raw/emberiza_schoeniclus/XC571296.mp3,1.0,4.0,-26.626052813427066,-40.0,species,Emberiza schoeniclus,Reed Bunting,0.9954627156257629,0.9954627156257629,species,0,,,
emberiza_schoeniclus,571296,Emberiza schoeniclus,/Users/justyna-przy/Projects/ISE/FYP/src/bird_data/raw/emberiza_schoeniclus/XC571296.mp3,4.0,7.0,-27.37339786998251,-40.0,species,Emberiza schoeniclus,Reed Bunting,0.5024874806404114,0.5024874806404114,species,0,,,
emberiza_schoeniclus,571296,Emberiza schoeniclus,/Users/justyna-przy/Projects/ISE/FYP/src/bird_data/raw/emberiza_schoeniclus/XC571296.mp3,13.0,16.0,-24.57054112327095,-40.0,species,Emberiza schoeniclus,Reed Bunting,0.9935917258262634,0.9935917258262634,species,1,rand_species,/Users/justyna-przy/Projects/ISE/FYP/src/bird_data/clips/species/emberiza_schoeniclus/XC571296__s13000__e16000.wav,
emberiza_schoeniclus,571296,Emberiza schoeniclus,/Users/justyna-przy/Projects/ISE/FYP/src/bird_data/raw/emberiza_schoeniclus/XC571296.mp3,22.0,25.0,-27.841131432389822,-40.0,species,Emberiza schoeniclus,Reed Bunting,0.8961421847343445,0.8961421847343445,species,1,rand_species,/Users/justyna-przy/Projects/ISE/FYP/src/bird_data/clips/species/emberiza_schoeniclus/XC571296__s22000__e25000.wav,
emberiza_schoeniclus,571296,Emberiza schoeniclus,/Users/justyna-przy/Projects/ISE/FYP/src/bird_data/raw/emberiza_schoeniclus/XC571296.mp3,25.0,28.0,-26.94305083269313,-40.0,species,Emberiza schoeniclus,Reed Bunting,0.7773935198783875,0.7773935198783875,species,0,,,
emberiza_schoeniclus,571296,Emberiza schoeniclus,/Users/justyna-przy/Projects/ISE/FYP/src/bird_data/raw/emberiza_schoeniclus/XC571296.mp3,34.0,37.0,-24.402652487017495,-40.0,species,Emberiza schoeniclus,Reed Bunting,0.990537703037262,0.990537703037262,species,1,rand_species,/Users/justyna-przy/Projects/ISE/FYP/src/bird_data/clips/species/emberiza_schoeniclus/XC571296__s34000__e37000.wav,
emberiza_schoeniclus,568860,Emberiza schoeniclus,/Users/justyna-przy/Projects/ISE/FYP/src/bird_data/raw/emberiza_schoeniclus/XC568860.mp3,7.0,10.0,-22.191597491130274,-25.163529841844866,species,Emberiza schoeniclus,Reed Bunting,0.9967986345291138,0.9967986345291138,species,1,rand_species,/Users/justyna-przy/Projects/ISE/FYP/src/bird_data/clips/species/emberiza_schoeniclus/XC568860__s7000__e10000.wav,
emberiza_schoeniclus,568860,Emberiza schoeniclus,/Users/justyna-przy/Projects/ISE/FYP/src/bird_data/raw/emberiza_schoeniclus/XC568860.mp3,10.0,13.0,-22.96644116257726,-25.163529841844866,species,Emberiza schoeniclus,Reed Bunting,0.997603714466095,0.997603714466095,species,0,,,
emberiza_schoeniclus,568860,Emberiza schoeniclus,/Users/justyna-przy/Projects/ISE/FYP/src/bird_data/raw/emberiza_schoeniclus/XC568860.mp3,16.0,19.0,-21.347241576554868,-25.163529841844866,species,Emberiza schoeniclus,Reed Bunting,0.9947009086608887,0.9947009086608887,species,1,rand_species,/Users/justyna-przy/Projects/ISE/FYP/src/bird_data/clips/species/emberiza_schoeniclus/XC568860__s16000__e19000.wav,
emberiza_schoeniclus,568860,Emberiza schoeniclus,/Users/justyna-przy/Projects/ISE/FYP/src/bird_data/raw/emberiza_schoeniclus/XC568860.mp3,19.0,22.0,-23.308000160951543,-25.163529841844866,species,Emberiza schoeniclus,Reed Bunting,0.9915617108345032,0.9915617108345032,species,0,,,
emberiza_schoeniclus,568860,Emberiza schoeniclus,/Users/justyna-przy/Projects/ISE/FYP/src/bird_data/raw/emberiza_schoeniclus/XC568860.mp3,22.0,25.0,-24.279502201076856,-25.163529841844866,species,Emberiza schoeniclus,Reed Bunting,0.9966754913330078,0.9966754913330078,species,1,rand_species,/Users/justyna-przy/Projects/ISE/FYP/src/bird_data/clips/species/emberiza_schoeniclus/XC568860__s22000__e25000.wav,
emberiza_schoeniclus,555644,Emberiza schoeniclus,/Users/justyna-przy/Projects/ISE/FYP/src/bird_data/raw/emberiza_schoeniclus/XC555644.mp3,1.0,4.0,-35.36823230029513,-40.0,species,Emberiza schoeniclus,Reed Bunting,0.9972479939460754,0.9972479939460754,species,0,,,
emberiza_schoeniclus,555644,Emberiza schoeniclus,/Users/justyna-przy/Projects/ISE/FYP/src/bird_data/raw/emberiza_schoeniclus/XC555644.mp3,7.0,10.0,-34.32613098466349,-40.0,species,Emberiza schoeniclus,Reed Bunting,0.9963200092315674,0.9963200092315674,species,0,,,
emberiza_schoeniclus,555644,Emberiza schoeniclus,/Users/justyna-przy/Projects/ISE/FYP/src/bird_data/raw/emberiza_schoeniclus/XC555644.mp3,13.0,16.0,-33.35416646125808,-40.0,species,Emberiza schoeniclus,Reed Bunting,0.9995095729827881,0.9995095729827881,species,1,rand_species,/Users/justyna-przy/Projects/ISE/FYP/src/bird_data/clips/species/emberiza_schoeniclus/XC555644__s13000__e16000.wav,
emberiza_schoeniclus,555644,Emberiza schoeniclus,/Users/justyna-przy/Projects/ISE/FYP/src/bird_data/raw/emberiza_schoeniclus/XC555644.mp3,19.0,22.0,-33.6574974812658,-40.0,species,Emberiza schoeniclus,Reed Bunting,0.9993305206298828,0.9993305206298828,species,0,,,
emberiza_schoeniclus,555644,Emberiza schoeniclus,/Users/justyna-przy/Projects/ISE/FYP/src/bird_data/raw/emberiza_schoeniclus/XC555644.mp3,25.0,28.0,-38.38648766997433,-40.0,species,Emberiza schoeniclus,Reed Bunting,0.9965487122535706,0.9965487122535706,species,1,rand_species,/Users/justyna-przy/Projects/ISE/FYP/src/bird_data/clips/species/emberiza_schoeniclus/XC555644__s25000__e28000.wav,
emberiza_schoeniclus,555644,Emberiza schoeniclus,/Users/justyna-przy/Projects/ISE/FYP/src/bird_data/raw/emberiza_schoeniclus/XC555644.mp3,28.0,31.0,-38.42628938537353,-40.0,species,Emberiza schoeniclus,Reed Bunting,0.43087467551231384,0.43087467551231384,species,0,,,
emberiza_schoeniclus,555644,Emberiza schoeniclus,/Users/justyna-przy/Projects/ISE/FYP/src/bird_data/raw/emberiza_schoeniclus/XC555644.mp3,31.0,34.0,-37.13332693873474,-40.0,species,Emberiza schoeniclus,Reed Bunting,0.992861807346344,0.992861807346344,species,0,,,
emberiza_schoeniclus,555644,Emberiza schoeniclus,/Users/justyna-przy/Projects/ISE/FYP/src/bird_data/raw/emberiza_schoeniclus/XC555644.mp3,34.0,37.0,-36.314832801692816,-40.0,species,Emberiza schoeniclus,Reed Bunting,0.9850740432739258,0.9850740432739258,species,0,,,
emberiza_schoeniclus,555644,Emberiza schoeniclus,/Users/justyna-przy/Projects/ISE/FYP/src/bird_data/raw/emberiza_schoeniclus/XC555644.mp3,40.0,43.0,-36.91538792296038,-40.0,species,Emberiza schoeniclus,Reed Bunting,0.9970468878746033,0.9970468878746033,species,1,rand_species,/Users/justyna-przy/Projects/ISE/FYP/src/bird_data/clips/species/emberiza_schoeniclus/XC555644__s40000__e43000.wav,
emberiza_schoeniclus,555016,Emberiza schoeniclus,/Users/justyna-przy/Projects/ISE/FYP/src/bird_data/raw/emberiza_schoeniclus/XC555016.mp3,1.0,4.0,-28.292242062415404,-33.07438935122721,species,Emberiza schoeniclus,Reed Bunting,0.9971471428871155,0.9971471428871155,species,0,,,
emberiza_schoeniclus,555016,Emberiza schoeniclus,/Users/justyna-przy/Projects/ISE/FYP/src/bird_data/raw/emberiza_schoeniclus/XC555016.mp3,7.0,10.0,-28.17414811248066,-33.07438935122721,species,Emberiza schoeniclus,Reed Bunting,0.9653613567352295,0.9653613567352295,species,0,,,
emberiza_schoeniclus,555016,Emberiza schoeniclus,/Users/justyna-przy/Projects/ISE/FYP/src/bird_data/raw/emberiza_schoeniclus/XC555016.mp3,10.0,13.0,-26.046317329063278,-33.07438935122721,species,Emberiza schoeniclus,Reed Bunting,0.9949074387550354,0.9949074387550354,species,0,,,
emberiza_schoeniclus,555016,Emberiza schoeniclus,/Users/justyna-przy/Projects/ISE/FYP/src/bird_data/raw/emberiza_schoeniclus/XC555016.mp3,13.0,16.0,-25.753817815600485,-33.07438935122721,species,Emberiza schoeniclus,Reed Bunting,0.9590848684310913,0.9590848684310913,species,0,,,
emberiza_schoeniclus,555016,Emberiza schoeniclus,/Users/justyna-przy/Projects/ISE/FYP/src/bird_data/raw/emberiza_schoeniclus/XC555016.mp3,16.0,19.0,-26.5500758245911,-33.07438935122721,species,Emberiza schoeniclus,Reed Bunting,0.9893155097961426,0.9893155097961426,species,0,,,
emberiza_schoeniclus,555016,Emberiza schoeniclus,/Users/justyna-przy/Projects/ISE/FYP/src/bird_data/raw/emberiza_schoeniclus/XC555016.mp3,22.0,25.0,-25.39314446806604,-33.07438935122721,species,Emberiza schoeniclus,Reed Bunting,0.9904256463050842,0.9904256463050842,species,1,rand_species,/Users/justyna-przy/Projects/ISE/FYP/src/bird_data/clips/species/emberiza_schoeniclus/XC555016__s22000__e25000.wav,
emberiza_schoeniclus,555016,Emberiza schoeniclus,/Users/justyna-przy/Projects/ISE/FYP/src/bird_data/raw/emberiza_schoeniclus/XC555016.mp3,25.0,28.0,-27.319587899595234,-33.07438935122721,species,Emberiza schoeniclus,Reed Bunting,0.9740793704986572,0.9740793704986572,species,1,rand_species,/Users/justyna-przy/Projects/ISE/FYP/src/bird_data/clips/species/emberiza_schoeniclus/XC555016__s25000__e28000.wav,
emberiza_schoeniclus,555016,Emberiza schoeniclus,/Users/justyna-przy/Projects/ISE/FYP/src/bird_data/raw/emberiza_schoeniclus/XC555016.mp3,28.0,31.0,-25.52406150873583,-33.07438935122721,species,Emberiza schoeniclus,Reed Bunting,0.9873020648956299,0.9873020648956299,species,0,,,
emberiza_schoeniclus,555016,Emberiza schoeniclus,/Users/justyna-przy/Projects/ISE/FYP/src/bird_data/raw/emberiza_schoeniclus/XC555016.mp3,31.0,34.0,-32.99915128590532,-33.07438935122721,drop,Phoenicurus phoenicurus,Common Redstart,0.33804836869239807,0.33804836869239807,drop,0,,,
emberiza_schoeniclus,555016,Emberiza schoeniclus,/Users/justyna-przy/Projects/ISE/FYP/src/bird_data/raw/emberiza_schoeniclus/XC555016.mp3,34.0,37.0,-26.676667820510602,-33.07438935122721,species,Emberiza schoeniclus,Reed Bunting,0.9949619770050049,0.9949619770050049,species,1,rand_species,/Users/justyna-przy/Projects/ISE/FYP/src/bird_data/clips/species/emberiza_schoeniclus/XC555016__s34000__e37000.wav,
emberiza_schoeniclus,555016,Emberiza schoeniclus,/Users/justyna-przy/Projects/ISE/FYP/src/bird_data/raw/emberiza_schoeniclus/XC555016.mp3,40.0,43.0,-23.024623357331954,-33.07438935122721,species,Emberiza schoeniclus,Reed Bunting,0.9670106768608093,0.9670106768608093,species,0,,,
emberiza_schoeniclus,555016,Emberiza schoeniclus,/Users/justyna-przy/Projects/ISE/FYP/src/bird_data/raw/emberiza_schoeniclus/XC555016.mp3,49.0,52.0,-26.340951850932196,-33.07438935122721,species,Emberiza schoeniclus,Reed Bunting,0.9964576363563538,0.9964576363563538,species,0,,,
emberiza_schoeniclus,555015,Emberiza schoeniclus,/Users/justyna-przy/Projects/ISE/FYP/src/bird_data/raw/emberiza_schoeniclus/XC555015.mp3,1.0,4.0,-27.85268532470147,-28.36898328182203,species,Emberiza schoeniclus,Reed Bunting,0.7795977592468262,0.7795977592468262,species,1,rand_species,/Users/justyna-przy/Projects/ISE/FYP/src/bird_data/clips/species/emberiza_schoeniclus/XC555015__s1000__e4000.wav,
emberiza_schoeniclus,555015,Emberiza schoeniclus,/Users/justyna-przy/Projects/ISE/FYP/src/bird_data/raw/emberiza_schoeniclus/XC555015.mp3,4.0,7.0,-27.709696625328682,-28.36898328182203,species,Emberiza schoeniclus,Reed Bunting,0.7429137825965881,0.7429137825965881,species,1,rand_species,/Users/justyna-przy/Projects/ISE/FYP/src/bird_data/clips/species/emberiza_schoeniclus/XC555015__s4000__e7000.wav,
emberiza_schoeniclus,555015,Emberiza schoeniclus,/Users/justyna-przy/Projects/ISE/FYP/src/bird_data/raw/emberiza_schoeniclus/XC555015.mp3,13.0,16.0,-24.18383200913435,-28.36898328182203,species,Emberiza schoeniclus,Reed Bunting,0.9858851432800293,0.9858851432800293,species,1,rand_species,/Users/justyna-przy/Projects/ISE/FYP/src/bird_data/clips/species/emberiza_schoeniclus/XC555015__s13000__e16000.wav,
emberiza_schoeniclus,555015,Emberiza schoeniclus,/Users/justyna-przy/Projects/ISE/FYP/src/bird_data/raw/emberiza_schoeniclus/XC555015.mp3,16.0,19.0,-23.0440473888908,-28.36898328182203,drop,Tringa ochropus,Green Sandpiper,0.9204604625701904,0.9204604625701904,drop,0,,,
emberiza_schoeniclus,555015,Emberiza schoeniclus,/Users/justyna-przy/Projects/ISE/FYP/src/bird_data/raw/emberiza_schoeniclus/XC555015.mp3,19.0,22.0,-23.726631888342133,-28.36898328182203,species,Emberiza schoeniclus,Reed Bunting,0.9660834670066833,0.9660834670066833,species,0,,,
emberiza_schoeniclus,555015,Emberiza schoeniclus,/Users/justyna-przy/Projects/ISE/FYP/src/bird_data/raw/emberiza_schoeniclus/XC555015.mp3,22.0,25.0,-23.792779671285675,-28.36898328182203,species,Emberiza schoeniclus,Reed Bunting,0.9745553731918335,0.9745553731918335,species,0,,,
emberiza_schoeniclus,551331,Emberiza schoeniclus,/Users/justyna-przy/Projects/ISE/FYP/src/bird_data/raw/emberiza_schoeniclus/XC551331.mp3,1.0,4.0,-35.64213656888758,-40.0,species,Emberiza schoeniclus,Reed Bunting,0.9280900955200195,0.9280900955200195,species,1,rand_species,/Users/justyna-przy/Projects/ISE/FYP/src/bird_data/clips/species/emberiza_schoeniclus/XC551331__s1000__e4000.wav,
emberiza_schoeniclus,551331,Emberiza schoeniclus,/Users/justyna-przy/Projects/ISE/FYP/src/bird_data/raw/emberiza_schoeniclus/XC551331.mp3,7.0,10.0,-31.522253484385317,-40.0,species,Emberiza schoeniclus,Reed Bunting,0.8918185830116272,0.8918185830116272,species,1,rand_species,/Users/justyna-przy/Projects/ISE/FYP/src/bird_data/clips/species/emberiza_schoeniclus/XC551331__s7000__e10000.wav,
emberiza_schoeniclus,551331,Emberiza schoeniclus,/Users/justyna-przy/Projects/ISE/FYP/src/bird_data/raw/emberiza_schoeniclus/XC551331.mp3,16.0,19.0,-33.652602006162816,-40.0,species,Emberiza schoeniclus,Reed Bunting,0.8737424612045288,0.8737424612045288,species,1,rand_species,/Users/justyna-przy/Projects/ISE/FYP/src/bird_data/clips/species/emberiza_schoeniclus/XC551331__s16000__e19000.wav,
emberiza_schoeniclus,519723,Emberiza schoeniclus,/Users/justyna-przy/Projects/ISE/FYP/src/bird_data/raw/emberiza_schoeniclus/XC519723.mp3,1.0,4.0,-36.71890198247459,-37.39843288009023,species,Emberiza schoeniclus,Reed Bunting,0.9962043166160583,0.9962043166160583,species,0,,,
emberiza_schoeniclus,519723,Emberiza schoeniclus,/Users/justyna-przy/Projects/ISE/FYP/src/bird_data/raw/emberiza_schoeniclus/XC519723.mp3,4.0,7.0,-35.799985641864154,-37.39843288009023,species,Emberiza schoeniclus,Reed Bunting,0.98714280128479,0.98714280128479,species,0,,,
emberiza_schoeniclus,519723,Emberiza schoeniclus,/Users/justyna-przy/Projects/ISE/FYP/src/bird_data/raw/emberiza_schoeniclus/XC519723.mp3,7.0,10.0,-33.8730782484917,-37.39843288009023,species,Emberiza schoeniclus,Reed Bunting,0.9890375733375549,0.9890375733375549,species,0,,,
emberiza_schoeniclus,519723,Emberiza schoeniclus,/Users/justyna-przy/Projects/ISE/FYP/src/bird_data/raw/emberiza_schoeniclus/XC519723.mp3,10.0,13.0,-36.38677048659966,-37.39843288009023,species,Emberiza schoeniclus,Reed Bunting,0.9469844698905945,0.9469844698905945,species,0,,,
emberiza_schoeniclus,519723,Emberiza schoeniclus,/Users/justyna-przy/Projects/ISE/FYP/src/bird_data/raw/emberiza_schoeniclus/XC519723.mp3,16.0,19.0,-35.75099271684525,-37.39843288009023,species,Emberiza schoeniclus,Reed Bunting,0.7769606709480286,0.7769606709480286,species,1,rand_species,/Users/justyna-przy/Projects/ISE/FYP/src/bird_data/clips/species/emberiza_schoeniclus/XC519723__s16000__e19000.wav,
emberiza_schoeniclus,519723,Emberiza schoeniclus,/Users/justyna-przy/Projects/ISE/FYP/src/bird_data/raw/emberiza_schoeniclus/XC519723.mp3,19.0,22.0,-35.50356199785091,-37.39843288009023,species,Emberiza schoeniclus,Reed Bunting,0.9469532370567322,0.9469532370567322,species,0,,,
emberiza_schoeniclus,519723,Emberiza schoeniclus,/Users/justyna-przy/Projects/ISE/FYP/src/bird_data/raw/emberiza_schoeniclus/XC519723.mp3,22.0,25.0,-36.60576264770037,-37.39843288009023,species,Emberiza schoeniclus,Reed Bunting,0.9765575528144836,0.9765575528144836,species,1,rand_species,/Users/justyna-przy/Projects/ISE/FYP/src/bird_data/clips/species/emberiza_schoeniclus/XC519723__s22000__e25000.wav,
emberiza_schoeniclus,519723,Emberiza schoeniclus,/Users/justyna-przy/Projects/ISE/FYP/src/bird_data/raw/emberiza_schoeniclus/XC519723.mp3,25.0,28.0,-36.02406568343565,-37.39843288009023,species,Emberiza schoeniclus,Reed Bunting,0.973107635974884,0.973107635974884,species,0,,,
emberiza_schoeniclus,519723,Emberiza schoeniclus,/Users/justyna-przy/Projects/ISE/FYP/src/bird_data/raw/emberiza_schoeniclus/XC519723.mp3,37.0,40.0,-34.402836601333625,-37.39843288009023,species,Emberiza schoeniclus,Reed Bunting,0.9961303472518921,0.9961303472518921,species,0,,,
emberiza_schoeniclus,519723,Emberiza schoeniclus,/Users/justyna-przy/Projects/ISE/FYP/src/bird_data/raw/emberiza_schoeniclus/XC519723.mp3,40.0,43.0,-37.31093753368485,-37.39843288009023,species,Emberiza schoeniclus,Reed Bunting,0.9785550236701965,0.9785550236701965,species,0,,,
emberiza_schoeniclus,519723,Emberiza schoeniclus,/Users/justyna-przy/Projects/ISE/FYP/src/bird_data/raw/emberiza_schoeniclus/XC519723.mp3,46.0,49.0,-35.95570233287553,-37.39843288009023,species,Emberiza schoeniclus,Reed Bunting,0.9867120981216431,0.9867120981216431,species,1,rand_species,/Users/justyna-przy/Projects/ISE/FYP/src/bird_data/clips/species/emberiza_schoeniclus/XC519723__s46000__e49000.wav,
emberiza_schoeniclus,519723,Emberiza schoeniclus,/Users/justyna-przy/Projects/ISE/FYP/src/bird_data/raw/emberiza_schoeniclus/XC519723.mp3,49.0,52.0,-37.2620323562072,-37.39843288009023,species,Emberiza schoeniclus,Reed Bunting,0.9929894208908081,0.9929894208908081,species,0,,,
emberiza_schoeniclus,498218,Emberiza schoeniclus,/Users/justyna-przy/Projects/ISE/FYP/src/bird_data/raw/emberiza_schoeniclus/XC498218.mp3,1.0,4.0,-28.504376822710014,-28.94048497927428,species,Emberiza schoeniclus,Reed Bunting,0.9985805749893188,0.9985805749893188,species,1,rand_species,/Users/justyna-przy/Projects/ISE/FYP/src/bird_data/clips/species/emberiza_schoeniclus/XC498218__s1000__e4000.wav,
emberiza_schoeniclus,498218,Emberiza schoeniclus,/Users/justyna-przy/Projects/ISE/FYP/src/bird_data/raw/emberiza_schoeniclus/XC498218.mp3,4.0,7.0,-28.31346187004794,-28.94048497927428,species,Emberiza schoeniclus,Reed Bunting,0.9978983402252197,0.9978983402252197,species,0,,,
emberiza_schoeniclus,498218,Emberiza schoeniclus,/Users/justyna-przy/Projects/ISE/FYP/src/bird_data/raw/emberiza_schoeniclus/XC498218.mp3,10.0,13.0,-28.74566840887828,-28.94048497927428,species,Emberiza schoeniclus,Reed Bunting,0.9988740086555481,0.9988740086555481,species,1,rand_species,/Users/justyna-przy/Projects/ISE/FYP/src/bird_data/clips/species/emberiza_schoeniclus/XC498218__s10000__e13000.wav,
emberiza_schoeniclus,498218,Emberiza schoeniclus,/Users/justyna-przy/Projects/ISE/FYP/src/bird_data/raw/emberiza_schoeniclus/XC498218.mp3,16.0,19.0,-27.931721385279204,-28.94048497927428,species,Emberiza schoeniclus,Reed Bunting,0.999018669128418,0.999018669128418,species,1,rand_species,/Users/justyna-przy/Projects/ISE/FYP/src/bird_data/clips/species/emberiza_schoeniclus/XC498218__s16000__e19000.wav,
emberiza_schoeniclus,483899,Emberiza schoeniclus,/Users/justyna-przy/Projects/ISE/FYP/src/bird_data/raw/emberiza_schoeniclus/XC483899.mp3,10.0,13.0,-25.78719666367474,-38.54863895614743,species,Emberiza schoeniclus,Reed Bunting,0.6741540431976318,0.6741540431976318,species,1,rand_species,/Users/justyna-przy/Projects/ISE/FYP/src/bird_data/clips/species/emberiza_schoeniclus/XC483899__s10000__e13000.wav,
emberiza_schoeniclus,483899,Emberiza schoeniclus,/Users/justyna-przy/Projects/ISE/FYP/src/bird_data/raw/emberiza_schoeniclus/XC483899.mp3,13.0,16.0,-28.712445201392146,-38.54863895614743,non_bird,,,0.0,0.0,non_bird,1,nonbird_lowconf,/Users/justyna-przy/Projects/ISE/FYP/src/bird_data/clips/non_bird/emberiza_schoeniclus/XC483899__s13000__e16000.wav,
emberiza_schoeniclus,483899,Emberiza schoeniclus,/Users/justyna-przy/Projects/ISE/FYP/src/bird_data/raw/emberiza_schoeniclus/XC483899.mp3,16.0,19.0,-28.350451988064798,-38.54863895614743,drop,Ploceus philippinus,Baya Weaver,0.20299826562404633,0.20299826562404633,drop,0,,,
emberiza_schoeniclus,483899,Emberiza schoeniclus,/Users/justyna-przy/Projects/ISE/FYP/src/bird_data/raw/emberiza_schoeniclus/XC483899.mp3,22.0,25.0,-31.13997834813711,-38.54863895614743,non_bird,,,0.0,0.0,non_bird,1,nonbird_lowconf,/Users/justyna-przy/Projects/ISE/FYP/src/bird_data/clips/non_bird/emberiza_schoeniclus/XC483899__s22000__e25000.wav,
emberiza_schoeniclus,483899,Emberiza schoeniclus,/Users/justyna-przy/Projects/ISE/FYP/src/bird_data/raw/emberiza_schoeniclus/XC483899.mp3,25.0,28.0,-34.074294535490004,-38.54863895614743,drop,Cistothorus stellaris,Sedge Wren,0.11145655065774918,0.11145655065774918,drop,0,,,
emberiza_schoeniclus,483899,Emberiza schoeniclus,/Users/justyna-przy/Projects/ISE/FYP/src/bird_data/raw/emberiza_schoeniclus/XC483899.mp3,28.0,31.0,-29.61497776056699,-38.54863895614743,non_bird,,,0.0,0.0,non_bird,0,,,
emberiza_schoeniclus,483899,Emberiza schoeniclus,/Users/justyna-przy/Projects/ISE/FYP/src/bird_data/raw/emberiza_schoeniclus/XC483899.mp3,31.0,34.0,-27.481889735156464,-38.54863895614743,non_bird,,,0.0,0.0,non_bird,0,,,
emberiza_schoeniclus,483899,Emberiza schoeniclus,/Users/justyna-przy/Projects/ISE/FYP/src/bird_data/raw/emberiza_schoeniclus/XC483899.mp3,34.0,37.0,-32.1958949008522,-38.54863895614743,drop,Chlidonias hybrida,Whiskered Tern,0.1798948496580124,0.1798948496580124,drop,0,,,
emberiza_schoeniclus,483899,Emberiza schoeniclus,/Users/justyna-przy/Projects/ISE/FYP/src/bird_data/raw/emberiza_schoeniclus/XC483899.mp3,37.0,40.0,-35.0096308360484,-38.54863895614743,drop,Chlidonias hybrida,Whiskered Tern,0.17041824758052826,0.17041824758052826,drop,0,,,
emberiza_schoeniclus,483899,Emberiza schoeniclus,/Users/justyna-przy/Projects/ISE/FYP/src/bird_data/raw/emberiza_schoeniclus/XC483899.mp3,40.0,43.0,-38.48269127040241,-38.54863895614743,non_bird,,,0.0,0.0,non_bird,0,,,
emberiza_schoeniclus,476419,Emberiza schoeniclus,/Users/justyna-przy/Projects/ISE/FYP/src/bird_data/raw/emberiza_schoeniclus/XC476419.mp3,1.0,4.0,-32.20207841662335,-40.0,species,Emberiza schoeniclus,Reed Bunting,0.9987427592277527,0.9987427592277527,species,1,rand_species,/Users/justyna-przy/Projects/ISE/FYP/src/bird_data/clips/species/emberiza_schoeniclus/XC476419__s1000__e4000.wav,
emberiza_schoeniclus,476419,Emberiza schoeniclus,/Users/justyna-przy/Projects/ISE/FYP/src/bird_data/raw/emberiza_schoeniclus/XC476419.mp3,7.0,10.0,-30.11416045212259,-40.0,species,Emberiza schoeniclus,Reed Bunting,0.9963697195053101,0.9963697195053101,species,1,rand_species,/Users/justyna-przy/Projects/ISE/FYP/src/bird_data/clips/species/emberiza_schoeniclus/XC476419__s7000__e10000.wav,
emberiza_schoeniclus,476419,Emberiza schoeniclus,/Users/justyna-przy/Projects/ISE/FYP/src/bird_data/raw/emberiza_schoeniclus/XC476419.mp3,10.0,13.0,-33.83579112242562,-40.0,species,Emberiza schoeniclus,Reed Bunting,0.9718478918075562,0.9718478918075562,species,0,,,
emberiza_schoeniclus,476419,Emberiza schoeniclus,/Users/justyna-przy/Projects/ISE/FYP/src/bird_data/raw/emberiza_schoeniclus/XC476419.mp3,19.0,22.0,-38.30499841053574,-40.0,species,Emberiza schoeniclus,Reed Bunting,0.7909077405929565,0.7909077405929565,species,0,,,
emberiza_schoeniclus,476419,Emberiza schoeniclus,/Users/justyna-przy/Projects/ISE/FYP/src/bird_data/raw/emberiza_schoeniclus/XC476419.mp3,22.0,25.0,-34.14530688364433,-40.0,species,Emberiza schoeniclus,Reed Bunting,0.9994981288909912,0.9994981288909912,species,1,rand_species,/Users/justyna-przy/Projects/ISE/FYP/src/bird_data/clips/species/emberiza_schoeniclus/XC476419__s22000__e25000.wav,
emberiza_schoeniclus,440848,Emberiza schoeniclus,/Users/justyna-przy/Projects/ISE/FYP/src/bird_data/raw/emberiza_schoeniclus/XC440848.mp3,1.0,4.0,-32.48095850108665,-35.3501472296867,species,Emberiza schoeniclus,Reed Bunting,0.8886981010437012,0.8886981010437012,species,1,rand_species,/Users/justyna-przy/Projects/ISE/FYP/src/bird_data/clips/species/emberiza_schoeniclus/XC440848__s1000__e4000.wav,
emberiza_schoeniclus,415636,Emberiza schoeniclus,/Users/justyna-przy/Projects/ISE/FYP/src/bird_data/raw/emberiza_schoeniclus/XC415636.mp3,13.0,16.0,-41.27941649486354,-40.0,species,Emberiza schoeniclus,Reed Bunting,0.9362937808036804,0.9362937808036804,species,1,rand_species,/Users/justyna-przy/Projects/ISE/FYP/src/bird_data/clips/species/emberiza_schoeniclus/XC415636__s13000__e16000.wav,
emberiza_schoeniclus,408507,Emberiza schoeniclus,/Users/justyna-przy/Projects/ISE/FYP/src/bird_data/raw/emberiza_schoeniclus/XC408507.mp3,1.0,4.0,-24.53075648498349,-40.0,species,Emberiza schoeniclus,Reed Bunting,0.9852611422538757,0.9852611422538757,species,0,,,
emberiza_schoeniclus,408507,Emberiza schoeniclus,/Users/justyna-przy/Projects/ISE/FYP/src/bird_data/raw/emberiza_schoeniclus/XC408507.mp3,7.0,10.0,-26.43319330020087,-40.0,species,Emberiza schoeniclus,Reed Bunting,0.9031699299812317,0.9031699299812317,species,1,rand_species,/Users/justyna-przy/Projects/ISE/FYP/src/bird_data/clips/species/emberiza_schoeniclus/XC408507__s7000__e10000.wav,
emberiza_schoeniclus,408507,Emberiza schoeniclus,/Users/justyna-przy/Projects/ISE/FYP/src/bird_data/raw/emberiza_schoeniclus/XC408507.mp3,10.0,13.0,-22.88014865488087,-40.0,species,Emberiza schoeniclus,Reed Bunting,0.3983657658100128,0.3983657658100128,species,1,rand_species,/Users/justyna-przy/Projects/ISE/FYP/src/bird_data/clips/species/emberiza_schoeniclus/XC408507__s10000__e13000.wav,
emberiza_schoeniclus,408507,Emberiza schoeniclus,/Users/justyna-przy/Projects/ISE/FYP/src/bird_data/raw/emberiza_schoeniclus/XC408507.mp3,16.0,19.0,-25.302649168730838,-40.0,species,Emberiza schoeniclus,Reed Bunting,0.9945461750030518,0.9945461750030518,species,1,rand_species,/Users/justyna-przy/Projects/ISE/FYP/src/bird_data/clips/species/emberiza_schoeniclus/XC408507__s16000__e19000.wav,
emberiza_schoeniclus,408507,Emberiza schoeniclus,/Users/justyna-przy/Projects/ISE/FYP/src/bird_data/raw/emberiza_schoeniclus/XC408507.mp3,22.0,25.0,-23.887982683143022,-40.0,species,Emberiza schoeniclus,Reed Bunting,0.9658473134040833,0.9658473134040833,species,0,,,
emberiza_schoeniclus,408507,Emberiza schoeniclus,/Users/justyna-przy/Projects/ISE/FYP/src/bird_data/raw/emberiza_schoeniclus/XC408507.mp3,28.0,31.0,-35.641472421679616,-40.0,species,Emberiza schoeniclus,Reed Bunting,0.7233002185821533,0.7233002185821533,species,0,,,
emberiza_schoeniclus,408507,Emberiza schoeniclus,/Users/justyna-przy/Projects/ISE/FYP/src/bird_data/raw/emberiza_schoeniclus/XC408507.mp3,31.0,34.0,-23.896694721767886,-40.0,species,Emberiza schoeniclus,Reed Bunting,0.9799899458885193,0.9799899458885193,species,0,,,
emberiza_schoeniclus,405961,Emberiza schoeniclus,/Users/justyna-przy/Projects/ISE/FYP/src/bird_data/raw/emberiza_schoeniclus/XC405961.mp3,1.0,4.0,-24.78682509022143,-38.62972185561756,drop,Chlidonias hybrida,Whiskered Tern,0.3609672784805298,0.3609672784805298,drop,0,,,
emberiza_schoeniclus,405961,Emberiza schoeniclus,/Users/justyna-przy/Projects/ISE/FYP/src/bird_data/raw/emberiza_schoeniclus/XC405961.mp3,7.0,10.0,-29.044458749436707,-38.62972185561756,non_bird,,,0.0,0.0,non_bird,1,nonbird_lowconf,/Users/justyna-przy/Projects/ISE/FYP/src/bird_data/clips/non_bird/emberiza_schoeniclus/XC405961__s7000__e10000.wav,
emberiza_schoeniclus,405961,Emberiza schoeniclus,/Users/justyna-przy/Projects/ISE/FYP/src/bird_data/raw/emberiza_schoeniclus/XC405961.mp3,10.0,13.0,-38.4247838504379,-38.62972185561756,drop,Emberiza schoeniclus,Reed Bunting,0.2659163475036621,0.2659163475036621,drop,0,,,
emberiza_schoeniclus,368108,Emberiza schoeniclus,/Users/justyna-przy/Projects/ISE/FYP/src/bird_data/raw/emberiza_schoeniclus/XC368108.mp3,10.0,13.0,-39.74210711174065,-40.0,species,Emberiza schoeniclus,Reed Bunting,0.9605193138122559,0.9605193138122559,species,1,rand_species,/Users/justyna-przy/Projects/ISE/FYP/src/bird_data/clips/species/emberiza_schoeniclus/XC368108__s10000__e13000.wav,
emberiza_schoeniclus,368108,Emberiza schoeniclus,/Users/justyna-przy/Projects/ISE/FYP/src/bird_data/raw/emberiza_schoeniclus/XC368108.mp3,16.0,19.0,-38.402367362627196,-40.0,species,Emberiza schoeniclus,Reed Bunting,0.9972003698348999,0.9972003698348999,species,1,rand_species,/Users/justyna-przy/Projects/ISE/FYP/src/bird_data/clips/species/emberiza_schoeniclus/XC368108__s16000__e19000.wav,
emberiza_schoeniclus,368108,Emberiza schoeniclus,/Users/justyna-przy/Projects/ISE/FYP/src/bird_data/raw/emberiza_schoeniclus/XC368108.mp3,22.0,25.0,-38.0283778359045,-40.0,species,Emberiza schoeniclus,Reed Bunting,0.99284428358078,0.99284428358078,species,1,rand_species,/Users/justyna-przy/Projects/ISE/FYP/src/bird_data/clips/species/emberiza_schoeniclus/XC368108__s22000__e25000.wav,
emberiza_schoeniclus,358225,Emberiza schoeniclus,/Users/justyna-przy/Projects/ISE/FYP/src/bird_data/raw/emberiza_schoeniclus/XC358225.mp3,1.0,4.0,-19.69058863069168,-40.0,species,Emberiza schoeniclus,Reed Bunting,0.657080888748169,0.657080888748169,species,0,,,
emberiza_schoeniclus,358225,Emberiza schoeniclus,/Users/justyna-przy/Projects/ISE/FYP/src/bird_data/raw/emberiza_schoeniclus/XC358225.mp3,7.0,10.0,-15.781532091628602,-40.0,species,Emberiza schoeniclus,Reed Bunting,0.9654287099838257,0.9654287099838257,species,1,rand_species,/Users/justyna-przy/Projects/ISE/FYP/src/bird_data/clips/species/emberiza_schoeniclus/XC358225__s7000__e10000.wav,
emberiza_schoeniclus,358225,Emberiza schoeniclus,/Users/justyna-przy/Projects/ISE/FYP/src/bird_data/raw/emberiza_schoeniclus/XC358225.mp3,16.0,19.0,-19.877401509880436,-40.0,species,Emberiza schoeniclus,Reed Bunting,0.9090532660484314,0.9090532660484314,species,0,,,
emberiza_schoeniclus,358225,Emberiza schoeniclus,/Users/justyna-przy/Projects/ISE/FYP/src/bird_data/raw/emberiza_schoeniclus/XC358225.mp3,25.0,28.0,-16.95755761736602,-40.0,species,Emberiza schoeniclus,Reed Bunting,0.9497422575950623,0.9497422575950623,species,1,rand_species,/Users/justyna-przy/Projects/ISE/FYP/src/bird_data/clips/species/emberiza_schoeniclus/XC358225__s25000__e28000.wav,
emberiza_schoeniclus,358225,Emberiza schoeniclus,/Users/justyna-przy/Projects/ISE/FYP/src/bird_data/raw/emberiza_schoeniclus/XC358225.mp3,28.0,31.0,-33.74867610364592,-40.0,non_bird,,,0.0,0.0,non_bird,1,nonbird_lowconf,/Users/justyna-przy/Projects/ISE/FYP/src/bird_data/clips/non_bird/emberiza_schoeniclus/XC358225__s28000__e31000.wav,
emberiza_schoeniclus,358225,Emberiza schoeniclus,/Users/justyna-przy/Projects/ISE/FYP/src/bird_data/raw/emberiza_schoeniclus/XC358225.mp3,31.0,34.0,-34.43628032589635,-40.0,non_bird,,,0.0,0.0,non_bird,1,nonbird_lowconf,/Users/justyna-przy/Projects/ISE/FYP/src/bird_data/clips/non_bird/emberiza_schoeniclus/XC358225__s31000__e34000.wav,
emberiza_schoeniclus,358225,Emberiza schoeniclus,/Users/justyna-przy/Projects/ISE/FYP/src/bird_data/raw/emberiza_schoeniclus/XC358225.mp3,34.0,37.0,-38.70833081831023,-40.0,drop,Porphyrio porphyrio,Western Swamphen,0.6470034718513489,0.6470034718513489,drop,0,,,
emberiza_schoeniclus,358225,Emberiza schoeniclus,/Users/justyna-przy/Projects/ISE/FYP/src/bird_data/raw/emberiza_schoeniclus/XC358225.mp3,40.0,43.0,-33.77851062525572,-40.0,species,Emberiza schoeniclus,Reed Bunting,0.7828773260116577,0.7828773260116577,species,1,rand_species,/Users/justyna-przy/Projects/ISE/FYP/src/bird_data/clips/species/emberiza_schoeniclus/XC358225__s40000__e43000.wav,
emberiza_schoeniclus,358225,Emberiza schoeniclus,/Users/justyna-przy/Projects/ISE/FYP/src/bird_data/raw/emberiza_schoeniclus/XC358225.mp3,43.0,46.0,-38.82319565265183,-40.0,drop,Fulica atra,Eurasian Coot,0.8865621089935303,0.8865621089935303,drop,0,,,
emberiza_schoeniclus,358225,Emberiza schoeniclus,/Users/justyna-przy/Projects/ISE/FYP/src/bird_data/raw/emberiza_schoeniclus/XC358225.mp3,46.0,49.0,-36.74613467842223,-40.0,drop,Cettia cetti,Cetti's Warbler,0.5372464656829834,0.5372464656829834,drop,0,,,
emberiza_schoeniclus,353680,Emberiza schoeniclus,/Users/justyna-przy/Projects/ISE/FYP/src/bird_data/raw/emberiza_schoeniclus/XC353680.mp3,1.0,4.0,-21.54925224868983,-32.33524919733577,species,Emberiza schoeniclus,Reed Bunting,0.9792588949203491,0.9792588949203491,species,0,,,
emberiza_schoeniclus,353680,Emberiza schoeniclus,/Users/justyna-przy/Projects/ISE/FYP/src/bird_data/raw/emberiza_schoeniclus/XC353680.mp3,4.0,7.0,-21.865691558796936,-32.33524919733577,species,Emberiza schoeniclus,Reed Bunting,0.9917017817497253,0.9917017817497253,species,0,,,
emberiza_schoeniclus,353680,Emberiza schoeniclus,/Users/justyna-przy/Projects/ISE/FYP/src/bird_data/raw/emberiza_schoeniclus/XC353680.mp3,7.0,10.0,-23.090950213129645,-32.33524919733577,drop,Emberiza schoeniclus,Reed Bunting,0.21485909819602966,0.21485909819602966,drop,0,,,
emberiza_schoeniclus,353680,Emberiza schoeniclus,/Users/justyna-przy/Projects/ISE/FYP/src/bird_data/raw/emberiza_schoeniclus/XC353680.mp3,10.0,13.0,-21.7092047637895,-32.33524919733577,species,Emberiza schoeniclus,Reed Bunting,0.9989591836929321,0.9989591836929321,species,0,,,
emberiza_schoeniclus,353680,Emberiza schoeniclus,/Users/justyna-przy/Projects/ISE/FYP/src/bird_data/raw/emberiza_schoeniclus/XC353680.mp3,16.0,19.0,-26.893669552456906,-32.33524919733577,species,Emberiza schoeniclus,Reed Bunting,0.9966387748718262,0.9966387748718262,species,1,rand_species,/Users/justyna-przy/Projects/ISE/FYP/src/bird_data/clips/species/emberiza_schoeniclus/XC353680__s16000__e19000.wav,
emberiza_schoeniclus,353680,Emberiza schoeniclus,/Users/justyna-przy/Projects/ISE/FYP/src/bird_data/raw/emberiza_schoeniclus/XC353680.mp3,19.0,22.0,-26.39173570986244,-32.33524919733577,species,Emberiza schoeniclus,Reed Bunting,0.9421080350875854,0.9421080350875854,species,0,,,
emberiza_schoeniclus,353680,Emberiza schoeniclus,/Users/justyna-przy/Projects/ISE/FYP/src/bird_data/raw/emberiza_schoeniclus/XC353680.mp3,22.0,25.0,-31.33191167721455,-32.33524919733577,species,Emberiza schoeniclus,Reed Bunting,0.9839628338813782,0.9839628338813782,species,0,,,
emberiza_schoeniclus,353680,Emberiza schoeniclus,/Users/justyna-przy/Projects/ISE/FYP/src/bird_data/raw/emberiza_schoeniclus/XC353680.mp3,28.0,31.0,-26.023049571633294,-32.33524919733577,species,Emberiza schoeniclus,Reed Bunting,0.9970098733901978,0.9970098733901978,species,0,,,
emberiza_schoeniclus,353680,Emberiza schoeniclus,/Users/justyna-przy/Projects/ISE/FYP/src/bird_data/raw/emberiza_schoeniclus/XC353680.mp3,31.0,34.0,-32.32875770949793,-32.33524919733577,species,Emberiza schoeniclus,Reed Bunting,0.9989067316055298,0.9989067316055298,species,1,rand_species,/Users/justyna-przy/Projects/ISE/FYP/src/bird_data/clips/species/emberiza_schoeniclus/XC353680__s31000__e34000.wav,
emberiza_schoeniclus,353680,Emberiza schoeniclus,/Users/justyna-przy/Projects/ISE/FYP/src/bird_data/raw/emberiza_schoeniclus/XC353680.mp3,34.0,37.0,-30.03692234599606,-32.33524919733577,species,Emberiza schoeniclus,Reed Bunting,0.9996156692504883,0.9996156692504883,species,1,rand_species,/Users/justyna-przy/Projects/ISE/FYP/src/bird_data/clips/species/emberiza_schoeniclus/XC353680__s34000__e37000.wav,
emberiza_schoeniclus,353680,Emberiza schoeniclus,/Users/justyna-przy/Projects/ISE/FYP/src/bird_data/raw/emberiza_schoeniclus/XC353680.mp3,37.0,40.0,-29.11035948876945,-32.33524919733577,species,Emberiza schoeniclus,Reed Bunting,0.9691497087478638,0.9691497087478638,species,0,,,
emberiza_schoeniclus,350512,Emberiza schoeniclus,/Users/justyna-przy/Projects/ISE/FYP/src/bird_data/raw/emberiza_schoeniclus/XC350512.mp3,1.0,4.0,-25.037594250567096,-25.037594250567096,species,Emberiza schoeniclus,Reed Bunting,0.9944145679473877,0.9944145679473877,species,1,rand_species,/Users/justyna-przy/Projects/ISE/FYP/src/bird_data/clips/species/emberiza_schoeniclus/XC350512__s1000__e4000.wav,
emberiza_schoeniclus,317784,Emberiza schoeniclus,/Users/justyna-przy/Projects/ISE/FYP/src/bird_data/raw/emberiza_schoeniclus/XC317784.mp3,1.0,4.0,-24.75192333781703,-40.0,species,Emberiza schoeniclus,Reed Bunting,0.80605149269104,0.80605149269104,species,1,rand_species,/Users/justyna-przy/Projects/ISE/FYP/src/bird_data/clips/species/emberiza_schoeniclus/XC317784__s1000__e4000.wav,
emberiza_schoeniclus,317784,Emberiza schoeniclus,/Users/justyna-przy/Projects/ISE/FYP/src/bird_data/raw/emberiza_schoeniclus/XC317784.mp3,13.0,16.0,-26.08895785460147,-40.0,species,Emberiza schoeniclus,Reed Bunting,0.547546923160553,0.547546923160553,species,1,rand_species,/Users/justyna-przy/Projects/ISE/FYP/src/bird_data/clips/species/emberiza_schoeniclus/XC317784__s13000__e16000.wav,
emberiza_schoeniclus,317784,Emberiza schoeniclus,/Users/justyna-przy/Projects/ISE/FYP/src/bird_data/raw/emberiza_schoeniclus/XC317784.mp3,25.0,28.0,-23.297610801540603,-40.0,species,Emberiza schoeniclus,Reed Bunting,0.5959447026252747,0.5959447026252747,species,1,rand_species,/Users/justyna-przy/Projects/ISE/FYP/src/bird_data/clips/species/emberiza_schoeniclus/XC317784__s25000__e28000.wav,
emberiza_schoeniclus,317784,Emberiza schoeniclus,/Users/justyna-przy/Projects/ISE/FYP/src/bird_data/raw/emberiza_schoeniclus/XC317784.mp3,34.0,37.0,-29.001087455250143,-40.0,drop,Emberiza schoeniclus,Reed Bunting,0.29191672801971436,0.29191672801971436,drop,0,,,
emberiza_schoeniclus,317784,Emberiza schoeniclus,/Users/justyna-przy/Projects/ISE/FYP/src/bird_data/raw/emberiza_schoeniclus/XC317784.mp3,37.0,40.0,-21.323325457763502,-40.0,drop,Prinia hodgsonii,Gray-breasted Prinia,0.2982233166694641,0.2982233166694641,drop,0,,,
emberiza_schoeniclus,317784,Emberiza schoeniclus,/Users/justyna-przy/Projects/ISE/FYP/src/bird_data/raw/emberiza_schoeniclus/XC317784.mp3,46.0,49.0,-30.384331926208333,-40.0,species,Emberiza schoeniclus,Reed Bunting,0.6496562361717224,0.6496562361717224,species,0,,,
emberiza_schoeniclus,281824,Emberiza schoeniclus,/Users/justyna-przy/Projects/ISE/FYP/src/bird_data/raw/emberiza_schoeniclus/XC281824.mp3,1.0,4.0,-34.03199929736794,-39.643306253442944,species,Emberiza schoeniclus,Reed Bunting,0.30394497513771057,0.30394497513771057,species,1,rand_species,/Users/justyna-przy/Projects/ISE/FYP/src/bird_data/clips/species/emberiza_schoeniclus/XC281824__s1000__e4000.wav,
emberiza_schoeniclus,281824,Emberiza schoeniclus,/Users/justyna-przy/Projects/ISE/FYP/src/bird_data/raw/emberiza_schoeniclus/XC281824.mp3,13.0,16.0,-35.884761576130686,-39.643306253442944,species,Emberiza schoeniclus,Reed Bunting,0.6283546686172485,0.6283546686172485,species,1,rand_species,/Users/justyna-przy/Projects/ISE/FYP/src/bird_data/clips/species/emberiza_schoeniclus/XC281824__s13000__e16000.wav,
emberiza_schoeniclus,281824,Emberiza schoeniclus,/Users/justyna-przy/Projects/ISE/FYP/src/bird_data/raw/emberiza_schoeniclus/XC281824.mp3,16.0,19.0,-28.86681036016858,-39.643306253442944,species,Emberiza schoeniclus,Reed Bunting,0.8420286178588867,0.8420286178588867,species,0,,,
emberiza_schoeniclus,281824,Emberiza schoeniclus,/Users/justyna-przy/Projects/ISE/FYP/src/bird_data/raw/emberiza_schoeniclus/XC281824.mp3,19.0,22.0,-27.42655943539393,-39.643306253442944,species,Emberiza schoeniclus,Reed Bunting,0.5041850209236145,0.5041850209236145,species,1,rand_species,/Users/justyna-przy/Projects/ISE/FYP/src/bird_data/clips/species/emberiza_schoeniclus/XC281824__s19000__e22000.wav,
emberiza_schoeniclus,281824,Emberiza schoeniclus,/Users/justyna-przy/Projects/ISE/FYP/src/bird_data/raw/emberiza_schoeniclus/XC281824.mp3,22.0,25.0,-35.026735301234154,-39.643306253442944,drop,Emberiza schoeniclus,Reed Bunting,0.25982844829559326,0.25982844829559326,drop,0,,,
emberiza_schoeniclus,281821,Emberiza schoeniclus,/Users/justyna-przy/Projects/ISE/FYP/src/bird_data/raw/emberiza_schoeniclus/XC281821.mp3,1.0,4.0,-24.279356561774037,-40.0,species,Emberiza schoeniclus,Reed Bunting,0.9948240518569946,0.9948240518569946,species,1,rand_species,/Users/justyna-przy/Projects/ISE/FYP/src/bird_data/clips/species/emberiza_schoeniclus/XC281821__s1000__e4000.wav,
emberiza_schoeniclus,281821,Emberiza schoeniclus,/Users/justyna-przy/Projects/ISE/FYP/src/bird_data/raw/emberiza_schoeniclus/XC281821.mp3,4.0,7.0,-37.61576760029194,-40.0,drop,Anthus trivialis,Tree Pipit,0.7151796221733093,0.7151796221733093,drop,0,,,
emberiza_schoeniclus,281821,Emberiza schoeniclus,/Users/justyna-przy/Projects/ISE/FYP/src/bird_data/raw/emberiza_schoeniclus/XC281821.mp3,7.0,10.0,-25.24113339021862,-40.0,species,Emberiza schoeniclus,Reed Bunting,0.9852880835533142,0.9852880835533142,species,0,,,
emberiza_schoeniclus,281821,Emberiza schoeniclus,/Users/justyna-przy/Projects/ISE/FYP/src/bird_data/raw/emberiza_schoeniclus/XC281821.mp3,10.0,13.0,-29.590749406477332,-40.0,species,Emberiza schoeniclus,Reed Bunting,0.9660419821739197,0.9660419821739197,species,1,rand_species,/Users/justyna-przy/Projects/ISE/FYP/src/bird_data/clips/species/emberiza_schoeniclus/XC281821__s10000__e13000.wav,
emberiza_schoeniclus,281821,Emberiza schoeniclus,/Users/justyna-przy/Projects/ISE/FYP/src/bird_data/raw/emberiza_schoeniclus/XC281821.mp3,16.0,19.0,-30.585395904449747,-40.0,species,Emberiza schoeniclus,Reed Bunting,0.9830849766731262,0.9830849766731262,species,1,rand_species,/Users/justyna-przy/Projects/ISE/FYP/src/bird_data/clips/species/emberiza_schoeniclus/XC281821__s16000__e19000.wav,
emberiza_schoeniclus,281821,Emberiza schoeniclus,/Users/justyna-przy/Projects/ISE/FYP/src/bird_data/raw/emberiza_schoeniclus/XC281821.mp3,22.0,25.0,-27.04631080836679,-40.0,species,Emberiza schoeniclus,Reed Bunting,0.9995130300521851,0.9995130300521851,species,0,,,
emberiza_schoeniclus,281821,Emberiza schoeniclus,/Users/justyna-przy/Projects/ISE/FYP/src/bird_data/raw/emberiza_schoeniclus/XC281821.mp3,28.0,31.0,-31.166725537964787,-40.0,species,Emberiza schoeniclus,Reed Bunting,0.9991312623023987,0.9991312623023987,species,0,,,
emberiza_schoeniclus,281821,Emberiza schoeniclus,/Users/justyna-przy/Projects/ISE/FYP/src/bird_data/raw/emberiza_schoeniclus/XC281821.mp3,34.0,37.0,-31.524234965803558,-40.0,species,Emberiza schoeniclus,Reed Bunting,0.9997397065162659,0.9997397065162659,species,0,,,
emberiza_schoeniclus,281820,Emberiza schoeniclus,/Users/justyna-przy/Projects/ISE/FYP/src/bird_data/raw/emberiza_schoeniclus/XC281820.mp3,1.0,4.0,-22.396697262567073,-40.0,species,Emberiza schoeniclus,Reed Bunting,0.7520172595977783,0.7520172595977783,species,0,,,
emberiza_schoeniclus,281820,Emberiza schoeniclus,/Users/justyna-przy/Projects/ISE/FYP/src/bird_data/raw/emberiza_schoeniclus/XC281820.mp3,10.0,13.0,-31.581279808894177,-40.0,species,Emberiza schoeniclus,Reed Bunting,0.9969724416732788,0.9969724416732788,species,1,rand_species,/Users/justyna-przy/Projects/ISE/FYP/src/bird_data/clips/species/emberiza_schoeniclus/XC281820__s10000__e13000.wav,
emberiza_schoeniclus,281820,Emberiza schoeniclus,/Users/justyna-przy/Projects/ISE/FYP/src/bird_data/raw/emberiza_schoeniclus/XC281820.mp3,19.0,22.0,-30.296327917864353,-40.0,species,Emberiza schoeniclus,Reed Bunting,0.7630131244659424,0.7630131244659424,species,1,rand_species,/Users/justyna-przy/Projects/ISE/FYP/src/bird_data/clips/species/emberiza_schoeniclus/XC281820__s19000__e22000.wav,
emberiza_schoeniclus,281820,Emberiza schoeniclus,/Users/justyna-przy/Projects/ISE/FYP/src/bird_data/raw/emberiza_schoeniclus/XC281820.mp3,22.0,25.0,-30.079533020185668,-40.0,drop,Saxicola rubicola,European Stonechat,0.9607760906219482,0.9607760906219482,drop,0,,,
emberiza_schoeniclus,281820,Emberiza schoeniclus,/Users/justyna-przy/Projects/ISE/FYP/src/bird_data/raw/emberiza_schoeniclus/XC281820.mp3,31.0,34.0,-24.354941236709085,-40.0,species,Emberiza schoeniclus,Reed Bunting,0.949178159236908,0.949178159236908,species,0,,,
emberiza_schoeniclus,281820,Emberiza schoeniclus,/Users/justyna-przy/Projects/ISE/FYP/src/bird_data/raw/emberiza_schoeniclus/XC281820.mp3,43.0,46.0,-27.733210587487697,-40.0,species,Emberiza schoeniclus,Reed Bunting,0.991680920124054,0.991680920124054,species,1,rand_species,/Users/justyna-przy/Projects/ISE/FYP/src/bird_data/clips/species/emberiza_schoeniclus/XC281820__s43000__e46000.wav,
emberiza_schoeniclus,281819,Emberiza schoeniclus,/Users/justyna-przy/Projects/ISE/FYP/src/bird_data/raw/emberiza_schoeniclus/XC281819.mp3,1.0,4.0,-39.299584700537395,-40.0,species,Emberiza schoeniclus,Reed Bunting,0.9939846396446228,0.9939846396446228,species,0,,,
emberiza_schoeniclus,281819,Emberiza schoeniclus,/Users/justyna-przy/Projects/ISE/FYP/src/bird_data/raw/emberiza_schoeniclus/XC281819.mp3,7.0,10.0,-39.94371264208121,-40.0,species,Emberiza schoeniclus,Reed Bunting,0.37305569648742676,0.37305569648742676,species,1,rand_species,/Users/justyna-przy/Projects/ISE/FYP/src/bird_data/clips/species/emberiza_schoeniclus/XC281819__s7000__e10000.wav,
emberiza_schoeniclus,281819,Emberiza schoeniclus,/Users/justyna-przy/Projects/ISE/FYP/src/bird_data/raw/emberiza_schoeniclus/XC281819.mp3,10.0,13.0,-35.95387644716928,-40.0,species,Emberiza schoeniclus,Reed Bunting,0.5541049242019653,0.5541049242019653,species,0,,,
emberiza_schoeniclus,281819,Emberiza schoeniclus,/Users/justyna-przy/Projects/ISE/FYP/src/bird_data/raw/emberiza_schoeniclus/XC281819.mp3,16.0,19.0,-37.72636125543216,-40.0,species,Emberiza schoeniclus,Reed Bunting,0.8217448592185974,0.8217448592185974,species,0,,,
emberiza_schoeniclus,281819,Emberiza schoeniclus,/Users/justyna-przy/Projects/ISE/FYP/src/bird_data/raw/emberiza_schoeniclus/XC281819.mp3,25.0,28.0,-32.57803994795,-40.0,species,Emberiza schoeniclus,Reed Bunting,0.9867043495178223,0.9867043495178223,species,0,,,
emberiza_schoeniclus,281819,Emberiza schoeniclus,/Users/justyna-przy/Projects/ISE/FYP/src/bird_data/raw/emberiza_schoeniclus/XC281819.mp3,34.0,37.0,-30.739779305264868,-40.0,species,Emberiza schoeniclus,Reed Bunting,0.9723860025405884,0.9723860025405884,species,1,rand_species,/Users/justyna-przy/Projects/ISE/FYP/src/bird_data/clips/species/emberiza_schoeniclus/XC281819__s34000__e37000.wav,
emberiza_schoeniclus,281819,Emberiza schoeniclus,/Users/justyna-przy/Projects/ISE/FYP/src/bird_data/raw/emberiza_schoeniclus/XC281819.mp3,43.0,46.0,-27.02535840082595,-40.0,species,Emberiza schoeniclus,Reed Bunting,0.9273771643638611,0.9273771643638611,species,1,rand_species,/Users/justyna-przy/Projects/ISE/FYP/src/bird_data/clips/species/emberiza_schoeniclus/XC281819__s43000__e46000.wav,
emberiza_schoeniclus,281817,Emberiza schoeniclus,/Users/justyna-przy/Projects/ISE/FYP/src/bird_data/raw/emberiza_schoeniclus/XC281817.mp3,1.0,4.0,-34.90402264077123,-40.0,species,Emberiza schoeniclus,Reed Bunting,0.8116438388824463,0.8116438388824463,species,1,rand_species,/Users/justyna-przy/Projects/ISE/FYP/src/bird_data/clips/species/emberiza_schoeniclus/XC281817__s1000__e4000.wav,
emberiza_schoeniclus,281817,Emberiza schoeniclus,/Users/justyna-przy/Projects/ISE/FYP/src/bird_data/raw/emberiza_schoeniclus/XC281817.mp3,7.0,10.0,-29.548813355920736,-40.0,species,Emberiza schoeniclus,Reed Bunting,0.9452522397041321,0.9452522397041321,species,1,rand_species,/Users/justyna-przy/Projects/ISE/FYP/src/bird_data/clips/species/emberiza_schoeniclus/XC281817__s7000__e10000.wav,
emberiza_schoeniclus,281817,Emberiza schoeniclus,/Users/justyna-przy/Projects/ISE/FYP/src/bird_data/raw/emberiza_schoeniclus/XC281817.mp3,13.0,16.0,-30.043755434415104,-40.0,species,Emberiza schoeniclus,Reed Bunting,0.9947543144226074,0.9947543144226074,species,1,rand_species,/Users/justyna-przy/Projects/ISE/FYP/src/bird_data/clips/species/emberiza_schoeniclus/XC281817__s13000__e16000.wav,
emberiza_schoeniclus,281817,Emberiza schoeniclus,/Users/justyna-przy/Projects/ISE/FYP/src/bird_data/raw/emberiza_schoeniclus/XC281817.mp3,22.0,25.0,-30.359864133241427,-40.0,drop,Passerina amoena,Lazuli Bunting,0.5332637429237366,0.5332637429237366,drop,0,,,
emberiza_schoeniclus,247461,Emberiza schoeniclus,/Users/justyna-przy/Projects/ISE/FYP/src/bird_data/raw/emberiza_schoeniclus/XC247461.mp3,1.0,4.0,-24.619423466101757,-40.0,species,Emberiza schoeniclus,Reed Bunting,0.9917250871658325,0.9917250871658325,species,1,rand_species,/Users/justyna-przy/Projects/ISE/FYP/src/bird_data/clips/species/emberiza_schoeniclus/XC247461__s1000__e4000.wav,
emberiza_schoeniclus,247461,Emberiza schoeniclus,/Users/justyna-przy/Projects/ISE/FYP/src/bird_data/raw/emberiza_schoeniclus/XC247461.mp3,13.0,16.0,-25.8853078162374,-40.0,species,Emberiza schoeniclus,Reed Bunting,0.997912585735321,0.997912585735321,species,1,rand_species,/Users/justyna-przy/Projects/ISE/FYP/src/bird_data/clips/species/emberiza_schoeniclus/XC247461__s13000__e16000.wav,
emberiza_schoeniclus,247461,Emberiza schoeniclus,/Users/justyna-przy/Projects/ISE/FYP/src/bird_data/raw/emberiza_schoeniclus/XC247461.mp3,28.0,31.0,-28.63567417098812,-40.0,species,Emberiza schoeniclus,Reed Bunting,0.9991165995597839,0.9991165995597839,species,1,rand_species,/Users/justyna-przy/Projects/ISE/FYP/src/bird_data/clips/species/emberiza_schoeniclus/XC247461__s28000__e31000.wav,
emberiza_schoeniclus,247265,Emberiza schoeniclus,/Users/justyna-przy/Projects/ISE/FYP/src/bird_data/raw/emberiza_schoeniclus/XC247265.mp3,1.0,4.0,-29.908964311214294,-32.042954908343134,drop,Tachycineta bicolor,Tree Swallow,0.8043511509895325,0.8043511509895325,drop,0,,,
emberiza_schoeniclus,247265,Emberiza schoeniclus,/Users/justyna-przy/Projects/ISE/FYP/src/bird_data/raw/emberiza_schoeniclus/XC247265.mp3,7.0,10.0,-30.363950919765724,-32.042954908343134,species,Emberiza schoeniclus,Reed Bunting,0.9454143643379211,0.9454143643379211,species,0,,,
emberiza_schoeniclus,247265,Emberiza schoeniclus,/Users/justyna-przy/Projects/ISE/FYP/src/bird_data/raw/emberiza_schoeniclus/XC247265.mp3,10.0,13.0,-29.362047472528133,-32.042954908343134,species,Emberiza schoeniclus,Reed Bunting,0.9730768203735352,0.9730768203735352,species,0,,,
emberiza_schoeniclus,247265,Emberiza schoeniclus,/Users/justyna-przy/Projects/ISE/FYP/src/bird_data/raw/emberiza_schoeniclus/XC247265.mp3,13.0,16.0,-31.730302244427474,-32.042954908343134,species,Emberiza schoeniclus,Reed Bunting,0.7251619100570679,0.7251619100570679,species,0,,,
emberiza_schoeniclus,247265,Emberiza schoeniclus,/Users/justyna-przy/Projects/ISE/FYP/src/bird_data/raw/emberiza_schoeniclus/XC247265.mp3,16.0,19.0,-29.76271240958656,-32.042954908343134,species,Emberiza schoeniclus,Reed Bunting,0.9840565919876099,0.9840565919876099,species,1,rand_species,/Users/justyna-przy/Projects/ISE/FYP/src/bird_data/clips/species/emberiza_schoeniclus/XC247265__s16000__e19000.wav,
emberiza_schoeniclus,247265,Emberiza schoeniclus,/Users/justyna-przy/Projects/ISE/FYP/src/bird_data/raw/emberiza_schoeniclus/XC247265.mp3,19.0,22.0,-31.19121479223233,-32.042954908343134,species,Emberiza schoeniclus,Reed Bunting,0.6190244555473328,0.6190244555473328,species,1,rand_species,/Users/justyna-przy/Projects/ISE/FYP/src/bird_data/clips/species/emberiza_schoeniclus/XC247265__s19000__e22000.wav,
emberiza_schoeniclus,247265,Emberiza schoeniclus,/Users/justyna-przy/Projects/ISE/FYP/src/bird_data/raw/emberiza_schoeniclus/XC247265.mp3,22.0,25.0,-32.042954908343134,-32.042954908343134,species,Emberiza schoeniclus,Reed Bunting,0.9229416251182556,0.9229416251182556,species,1,rand_species,/Users/justyna-przy/Projects/ISE/FYP/src/bird_data/clips/species/emberiza_schoeniclus/XC247265__s22000__e25000.wav,
emberiza_schoeniclus,247265,Emberiza schoeniclus,/Users/justyna-przy/Projects/ISE/FYP/src/bird_data/raw/emberiza_schoeniclus/XC247265.mp3,28.0,31.0,-31.774272115960144,-32.042954908343134,species,Emberiza schoeniclus,Reed Bunting,0.9397974014282227,0.9397974014282227,species,0,,,
emberiza_schoeniclus,236604,Emberiza schoeniclus,/Users/justyna-przy/Projects/ISE/FYP/src/bird_data/raw/emberiza_schoeniclus/XC236604.mp3,1.0,4.0,-23.036229419549564,-40.0,drop,Anser anser,Graylag Goose,0.8923651576042175,0.8923651576042175,drop,0,,,
emberiza_schoeniclus,236604,Emberiza schoeniclus,/Users/justyna-przy/Projects/ISE/FYP/src/bird_data/raw/emberiza_schoeniclus/XC236604.mp3,4.0,7.0,-39.44450360590115,-40.0,drop,Anser anser,Graylag Goose,0.9667297601699829,0.9667297601699829,drop,0,,,
emberiza_schoeniclus,236604,Emberiza schoeniclus,/Users/justyna-przy/Projects/ISE/FYP/src/bird_data/raw/emberiza_schoeniclus/XC236604.mp3,10.0,13.0,-24.846685581172334,-40.0,drop,Passerina amoena,Lazuli Bunting,0.36930787563323975,0.36930787563323975,drop,0,,,
emberiza_schoeniclus,236604,Emberiza schoeniclus,/Users/justyna-przy/Projects/ISE/FYP/src/bird_data/raw/emberiza_schoeniclus/XC236604.mp3,13.0,16.0,-30.500515305036757,-40.0,drop,Sporophila nigricollis,Yellow-bellied Seedeater,0.24076217412948608,0.24076217412948608,drop,0,,,
emberiza_schoeniclus,236604,Emberiza schoeniclus,/Users/justyna-przy/Projects/ISE/FYP/src/bird_data/raw/emberiza_schoeniclus/XC236604.mp3,22.0,25.0,-23.801261361281686,-40.0,species,Emberiza schoeniclus,Reed Bunting,0.4040739834308624,0.4040739834308624,species,1,rand_species,/Users/justyna-przy/Projects/ISE/FYP/src/bird_data/clips/species/emberiza_schoeniclus/XC236604__s22000__e25000.wav,
emberiza_schoeniclus,236604,Emberiza schoeniclus,/Users/justyna-przy/Projects/ISE/FYP/src/bird_data/raw/emberiza_schoeniclus/XC236604.mp3,37.0,40.0,-22.50205647323902,-40.0,species,Emberiza schoeniclus,Reed Bunting,0.7108144164085388,0.7108144164085388,species,1,rand_species,/Users/justyna-przy/Projects/ISE/FYP/src/bird_data/clips/species/emberiza_schoeniclus/XC236604__s37000__e40000.wav,
emberiza_schoeniclus,235714,Emberiza schoeniclus,/Users/justyna-przy/Projects/ISE/FYP/src/bird_data/raw/emberiza_schoeniclus/XC235714.mp3,1.0,4.0,-31.640950402759955,-40.0,species,Emberiza schoeniclus,Reed Bunting,0.7483216524124146,0.7483216524124146,species,0,,,
emberiza_schoeniclus,235714,Emberiza schoeniclus,/Users/justyna-przy/Projects/ISE/FYP/src/bird_data/raw/emberiza_schoeniclus/XC235714.mp3,7.0,10.0,-36.690519721733914,-40.0,species,Emberiza schoeniclus,Reed Bunting,0.880612850189209,0.880612850189209,species,0,,,
emberiza_schoeniclus,235714,Emberiza schoeniclus,/Users/justyna-przy/Projects/ISE/FYP/src/bird_data/raw/emberiza_schoeniclus/XC235714.mp3,13.0,16.0,-29.235158825408032,-40.0,species,Emberiza schoeniclus,Reed Bunting,0.8932930827140808,0.8932930827140808,species,1,rand_species,/Users/justyna-przy/Projects/ISE/FYP/src/bird_data/clips/species/emberiza_schoeniclus/XC235714__s13000__e16000.wav,
emberiza_schoeniclus,235714,Emberiza schoeniclus,/Users/justyna-przy/Projects/ISE/FYP/src/bird_data/raw/emberiza_schoeniclus/XC235714.mp3,22.0,25.0,-26.09648039170966,-40.0,species,Emberiza schoeniclus,Reed Bunting,0.9097034931182861,0.9097034931182861,species,0,,,
emberiza_schoeniclus,235714,Emberiza schoeniclus,/Users/justyna-przy/Projects/ISE/FYP/src/bird_data/raw/emberiza_schoeniclus/XC235714.mp3,28.0,31.0,-29.623637210293833,-40.0,species,Emberiza schoeniclus,Reed Bunting,0.8830451965332031,0.8830451965332031,species,0,,,
emberiza_schoeniclus,235714,Emberiza schoeniclus,/Users/justyna-przy/Projects/ISE/FYP/src/bird_data/raw/emberiza_schoeniclus/XC235714.mp3,34.0,37.0,-28.396907160942856,-40.0,species,Emberiza schoeniclus,Reed Bunting,0.9266223311424255,0.9266223311424255,species,0,,,
emberiza_schoeniclus,235714,Emberiza schoeniclus,/Users/justyna-przy/Projects/ISE/FYP/src/bird_data/raw/emberiza_schoeniclus/XC235714.mp3,37.0,40.0,-39.575516084377035,-40.0,species,Emberiza schoeniclus,Reed Bunting,0.4424651265144348,0.4424651265144348,species,0,,,
emberiza_schoeniclus,235714,Emberiza schoeniclus,/Users/justyna-przy/Projects/ISE/FYP/src/bird_data/raw/emberiza_schoeniclus/XC235714.mp3,40.0,43.0,-29.893590995745104,-40.0,species,Emberiza schoeniclus,Reed Bunting,0.9669479727745056,0.9669479727745056,species,1,rand_species,/Users/justyna-przy/Projects/ISE/FYP/src/bird_data/clips/species/emberiza_schoeniclus/XC235714__s40000__e43000.wav,
emberiza_schoeniclus,235714,Emberiza schoeniclus,/Users/justyna-przy/Projects/ISE/FYP/src/bird_data/raw/emberiza_schoeniclus/XC235714.mp3,46.0,49.0,-30.0765822218367,-40.0,species,Emberiza schoeniclus,Reed Bunting,0.9336884617805481,0.9336884617805481,species,1,rand_species,/Users/justyna-przy/Projects/ISE/FYP/src/bird_data/clips/species/emberiza_schoeniclus/XC235714__s46000__e49000.wav,
emberiza_schoeniclus,234307,Emberiza schoeniclus,/Users/justyna-przy/Projects/ISE/FYP/src/bird_data/raw/emberiza_schoeniclus/XC234307.mp3,1.0,4.0,-26.154949432269984,-29.773333607343744,species,Emberiza schoeniclus,Reed Bunting,0.9417501091957092,0.9417501091957092,species,1,rand_species,/Users/justyna-przy/Projects/ISE/FYP/src/bird_data/clips/species/emberiza_schoeniclus/XC234307__s1000__e4000.wav,
emberiza_schoeniclus,234307,Emberiza schoeniclus,/Users/justyna-przy/Projects/ISE/FYP/src/bird_data/raw/emberiza_schoeniclus/XC234307.mp3,4.0,7.0,-22.422066237181415,-29.773333607343744,species,Emberiza schoeniclus,Reed Bunting,0.9966140389442444,0.9966140389442444,species,0,,,
emberiza_schoeniclus,234307,Emberiza schoeniclus,/Users/justyna-przy/Projects/ISE/FYP/src/bird_data/raw/emberiza_schoeniclus/XC234307.mp3,7.0,10.0,-28.821231364418857,-29.773333607343744,species,Emberiza schoeniclus,Reed Bunting,0.9252322316169739,0.9252322316169739,species,1,rand_species,/Users/justyna-przy/Projects/ISE/FYP/src/bird_data/clips/species/emberiza_schoeniclus/XC234307__s7000__e10000.wav,
emberiza_schoeniclus,234307,Emberiza schoeniclus,/Users/justyna-przy/Projects/ISE/FYP/src/bird_data/raw/emberiza_schoeniclus/XC234307.mp3,10.0,13.0,-26.813603562847025,-29.773333607343744,species,Emberiza schoeniclus,Reed Bunting,0.6474461555480957,0.6474461555480957,species,0,,,
emberiza_schoeniclus,234307,Emberiza schoeniclus,/Users/justyna-przy/Projects/ISE/FYP/src/bird_data/raw/emberiza_schoeniclus/XC234307.mp3,13.0,16.0,-25.634067445191523,-29.773333607343744,species,Emberiza schoeniclus,Reed Bunting,0.9155516028404236,0.9155516028404236,species,1,rand_species,/Users/justyna-przy/Projects/ISE/FYP/src/bird_data/clips/species/emberiza_schoeniclus/XC234307__s13000__e16000.wav,
emberiza_schoeniclus,234307,Emberiza schoeniclus,/Users/justyna-przy/Projects/ISE/FYP/src/bird_data/raw/emberiza_schoeniclus/XC234307.mp3,16.0,19.0,-25.596783986277888,-29.773333607343744,species,Emberiza schoeniclus,Reed Bunting,0.964634120464325,0.964634120464325,species,0,,,
emberiza_schoeniclus,234307,Emberiza schoeniclus,/Users/justyna-przy/Projects/ISE/FYP/src/bird_data/raw/emberiza_schoeniclus/XC234307.mp3,22.0,25.0,-29.773333607343744,-29.773333607343744,non_bird,,,0.0,0.0,non_bird,1,nonbird_lowconf,/Users/justyna-przy/Projects/ISE/FYP/src/bird_data/clips/non_bird/emberiza_schoeniclus/XC234307__s22000__e25000.wav,
emberiza_schoeniclus,234307,Emberiza schoeniclus,/Users/justyna-przy/Projects/ISE/FYP/src/bird_data/raw/emberiza_schoeniclus/XC234307.mp3,25.0,28.0,-29.64890585510059,-29.773333607343744,drop,Emberiza cioides,Meadow Bunting,0.36347439885139465,0.36347439885139465,drop,0,,,
emberiza_schoeniclus,216082,Emberiza schoeniclus,/Users/justyna-przy/Projects/ISE/FYP/src/bird_data/raw/emberiza_schoeniclus/XC216082.mp3,1.0,4.0,-39.987831713414735,-40.0,species,Emberiza schoeniclus,Reed Bunting,0.6736561059951782,0.6736561059951782,species,0,,,
emberiza_schoeniclus,216082,Emberiza schoeniclus,/Users/justyna-przy/Projects/ISE/FYP/src/bird_data/raw/emberiza_schoeniclus/XC216082.mp3,4.0,7.0,-23.749817338130107,-40.0,species,Emberiza schoeniclus,Reed Bunting,0.933432936668396,0.933432936668396,species,1,rand_species,/Users/justyna-przy/Projects/ISE/FYP/src/bird_data/clips/species/emberiza_schoeniclus/XC216082__s4000__e7000.wav,
emberiza_schoeniclus,216082,Emberiza schoeniclus,/Users/justyna-przy/Projects/ISE/FYP/src/bird_data/raw/emberiza_schoeniclus/XC216082.mp3,7.0,10.0,-32.1560873617156,-40.0,drop,Acanthiza uropygialis,Chestnut-rumped Thornbill,0.2287035435438156,0.2287035435438156,drop,0,,,
emberiza_schoeniclus,216082,Emberiza schoeniclus,/Users/justyna-przy/Projects/ISE/FYP/src/bird_data/raw/emberiza_schoeniclus/XC216082.mp3,10.0,13.0,-36.94770015658174,-40.0,species,Emberiza schoeniclus,Reed Bunting,0.5191640257835388,0.5191640257835388,species,1,rand_species,/Users/justyna-przy/Projects/ISE/FYP/src/bird_data/clips/species/emberiza_schoeniclus/XC216082__s10000__e13000.wav,
emberiza_schoeniclus,216082,Emberiza schoeniclus,/Users/justyna-przy/Projects/ISE/FYP/src/bird_data/raw/emberiza_schoeniclus/XC216082.mp3,13.0,16.0,-35.231893741196025,-40.0,species,Emberiza schoeniclus,Reed Bunting,0.9370091557502747,0.9370091557502747,species,0,,,
emberiza_schoeniclus,216082,Emberiza schoeniclus,/Users/justyna-przy/Projects/ISE/FYP/src/bird_data/raw/emberiza_schoeniclus/XC216082.mp3,16.0,19.0,-35.365265619280976,-40.0,species,Emberiza schoeniclus,Reed Bunting,0.9938528537750244,0.9938528537750244,species,1,rand_species,/Users/justyna-przy/Projects/ISE/FYP/src/bird_data/clips/species/emberiza_schoeniclus/XC216082__s16000__e19000.wav,
emberiza_schoeniclus,216082,Emberiza schoeniclus,/Users/justyna-przy/Projects/ISE/FYP/src/bird_data/raw/emberiza_schoeniclus/XC216082.mp3,19.0,22.0,-32.771673566627435,-40.0,species,Emberiza schoeniclus,Reed Bunting,0.939554750919342,0.939554750919342,species,0,,,
emberiza_schoeniclus,216082,Emberiza schoeniclus,/Users/justyna-przy/Projects/ISE/FYP/src/bird_data/raw/emberiza_schoeniclus/XC216082.mp3,22.0,25.0,-24.195034945708265,-40.0,species,Emberiza schoeniclus,Reed Bunting,0.9845165610313416,0.9845165610313416,species,0,,,
emberiza_schoeniclus,216082,Emberiza schoeniclus,/Users/justyna-przy/Projects/ISE/FYP/src/bird_data/raw/emberiza_schoeniclus/XC216082.mp3,28.0,31.0,-38.95391028033947,-40.0,non_bird,,,0.0,0.0,non_bird,1,nonbird_lowconf,/Users/justyna-przy/Projects/ISE/FYP/src/bird_data/clips/non_bird/emberiza_schoeniclus/XC216082__s28000__e31000.wav,
emberiza_schoeniclus,216082,Emberiza schoeniclus,/Users/justyna-przy/Projects/ISE/FYP/src/bird_data/raw/emberiza_schoeniclus/XC216082.mp3,31.0,34.0,-36.83938043868095,-40.0,non_bird,,,0.0,0.0,non_bird,1,nonbird_lowconf,/Users/justyna-przy/Projects/ISE/FYP/src/bird_data/clips/non_bird/emberiza_schoeniclus/XC216082__s31000__e34000.wav,
emberiza_schoeniclus,216082,Emberiza schoeniclus,/Users/justyna-przy/Projects/ISE/FYP/src/bird_data/raw/emberiza_schoeniclus/XC216082.mp3,49.0,52.0,-38.67345173382458,-40.0,drop,Emberiza citrinella,Yellowhammer,0.6959688663482666,0.6959688663482666,drop,0,,,
emberiza_schoeniclus,214065,Emberiza schoeniclus,/Users/justyna-przy/Projects/ISE/FYP/src/bird_data/raw/emberiza_schoeniclus/XC214065.mp3,1.0,4.0,-24.068941084429106,-36.041681933018324,species,Emberiza schoeniclus,Reed Bunting,0.6865891814231873,0.6865891814231873,species,0,,,
emberiza_schoeniclus,214065,Emberiza schoeniclus,/Users/justyna-przy/Projects/ISE/FYP/src/bird_data/raw/emberiza_schoeniclus/XC214065.mp3,7.0,10.0,-24.63921586671286,-36.041681933018324,species,Emberiza schoeniclus,Reed Bunting,0.9546078443527222,0.9546078443527222,species,0,,,
emberiza_schoeniclus,214065,Emberiza schoeniclus,/Users/justyna-przy/Projects/ISE/FYP/src/bird_data/raw/emberiza_schoeniclus/XC214065.mp3,13.0,16.0,-30.218981126093418,-36.041681933018324,species,Emberiza schoeniclus,Reed Bunting,0.9307076930999756,0.9307076930999756,species,0,,,
emberiza_schoeniclus,214065,Emberiza schoeniclus,/Users/justyna-przy/Projects/ISE/FYP/src/bird_data/raw/emberiza_schoeniclus/XC214065.mp3,16.0,19.0,-25.51244807556332,-36.041681933018324,species,Emberiza schoeniclus,Reed Bunting,0.9122174978256226,0.9122174978256226,species,1,rand_species,/Users/justyna-przy/Projects/ISE/FYP/src/bird_data/clips/species/emberiza_schoeniclus/XC214065__s16000__e19000.wav,
emberiza_schoeniclus,214065,Emberiza schoeniclus,/Users/justyna-przy/Projects/ISE/FYP/src/bird_data/raw/emberiza_schoeniclus/XC214065.mp3,19.0,22.0,-27.38223190752169,-36.041681933018324,species,Emberiza schoeniclus,Reed Bunting,0.9822784662246704,0.9822784662246704,species,0,,,
emberiza_schoeniclus,214065,Emberiza schoeniclus,/Users/justyna-przy/Projects/ISE/FYP/src/bird_data/raw/emberiza_schoeniclus/XC214065.mp3,22.0,25.0,-26.042566525155774,-36.041681933018324,species,Emberiza schoeniclus,Reed Bunting,0.8978843092918396,0.8978843092918396,species,0,,,
emberiza_schoeniclus,214065,Emberiza schoeniclus,/Users/justyna-przy/Projects/ISE/FYP/src/bird_data/raw/emberiza_schoeniclus/XC214065.mp3,25.0,28.0,-28.660457749502605,-36.041681933018324,species,Emberiza schoeniclus,Reed Bunting,0.8956325054168701,0.8956325054168701,species,1,rand_species,/Users/justyna-przy/Projects/ISE/FYP/src/bird_data/clips/species/emberiza_schoeniclus/XC214065__s25000__e28000.wav,
emberiza_schoeniclus,214065,Emberiza schoeniclus,/Users/justyna-przy/Projects/ISE/FYP/src/bird_data/raw/emberiza_schoeniclus/XC214065.mp3,28.0,31.0,-26.204218011564635,-36.041681933018324,species,Emberiza schoeniclus,Reed Bunting,0.9957559704780579,0.9957559704780579,species,0,,,
emberiza_schoeniclus,214065,Emberiza schoeniclus,/Users/justyna-przy/Projects/ISE/FYP/src/bird_data/raw/emberiza_schoeniclus/XC214065.mp3,31.0,34.0,-33.81536559535012,-36.041681933018324,drop,Pipilo erythrophthalmus,Eastern Towhee,0.8400788307189941,0.8400788307189941,drop,0,,,
emberiza_schoeniclus,214065,Emberiza schoeniclus,/Users/justyna-przy/Projects/ISE/FYP/src/bird_data/raw/emberiza_schoeniclus/XC214065.mp3,37.0,40.0,-26.81412612163804,-36.041681933018324,species,Emberiza schoeniclus,Reed Bunting,0.9850444793701172,0.9850444793701172,species,1,rand_species,/Users/justyna-przy/Projects/ISE/FYP/src/bird_data/clips/species/emberiza_schoeniclus/XC214065__s37000__e40000.wav,
emberiza_schoeniclus,214065,Emberiza schoeniclus,/Users/justyna-przy/Projects/ISE/FYP/src/bird_data/raw/emberiza_schoeniclus/XC214065.mp3,43.0,46.0,-29.223353352210836,-36.041681933018324,species,Emberiza schoeniclus,Reed Bunting,0.9788405895233154,0.9788405895233154,species,0,,,
emberiza_schoeniclus,200242,Emberiza schoeniclus,/Users/justyna-przy/Projects/ISE/FYP/src/bird_data/raw/emberiza_schoeniclus/XC200242.mp3,1.0,4.0,-37.2227087810828,-37.81382752013251,drop,Motacilla flava,Western Yellow Wagtail,0.5772696733474731,0.5772696733474731,drop,0,,,
emberiza_schoeniclus,170595,Emberiza schoeniclus,/Users/justyna-przy/Projects/ISE/FYP/src/bird_data/raw/emberiza_schoeniclus/XC170595.mp3,1.0,4.0,-23.42746158524919,-40.0,species,Emberiza schoeniclus,Reed Bunting,0.965654194355011,0.965654194355011,species,1,rand_species,/Users/justyna-przy/Projects/ISE/FYP/src/bird_data/clips/species/emberiza_schoeniclus/XC170595__s1000__e4000.wav,
emberiza_schoeniclus,170595,Emberiza schoeniclus,/Users/justyna-przy/Projects/ISE/FYP/src/bird_data/raw/emberiza_schoeniclus/XC170595.mp3,10.0,13.0,-25.68542547964135,-40.0,species,Emberiza schoeniclus,Reed Bunting,0.9884236454963684,0.9884236454963684,species,1,rand_species,/Users/justyna-przy/Projects/ISE/FYP/src/bird_data/clips/species/emberiza_schoeniclus/XC170595__s10000__e13000.wav,
emberiza_schoeniclus,170595,Emberiza schoeniclus,/Users/justyna-przy/Projects/ISE/FYP/src/bird_data/raw/emberiza_schoeniclus/XC170595.mp3,13.0,16.0,-29.61769747652136,-40.0,drop,Emberiza spodocephala,Black-faced Bunting,0.8663412928581238,0.8663412928581238,drop,0,,,
emberiza_schoeniclus,170595,Emberiza schoeniclus,/Users/justyna-przy/Projects/ISE/FYP/src/bird_data/raw/emberiza_schoeniclus/XC170595.mp3,19.0,22.0,-18.55699504844077,-40.0,species,Emberiza schoeniclus,Reed Bunting,0.8621857762336731,0.8621857762336731,species,1,rand_species,/Users/justyna-przy/Projects/ISE/FYP/src/bird_data/clips/species/emberiza_schoeniclus/XC170595__s19000__e22000.wav,
emberiza_schoeniclus,161899,Emberiza schoeniclus,/Users/justyna-przy/Projects/ISE/FYP/src/bird_data/raw/emberiza_schoeniclus/XC161899.mp3,4.0,7.0,-26.416662644201484,-34.63297057709893,species,Emberiza schoeniclus,Reed Bunting,0.9626076817512512,0.9626076817512512,species,0,,,
emberiza_schoeniclus,161899,Emberiza schoeniclus,/Users/justyna-przy/Projects/ISE/FYP/src/bird_data/raw/emberiza_schoeniclus/XC161899.mp3,7.0,10.0,-31.760979190764633,-34.63297057709893,species,Emberiza schoeniclus,Reed Bunting,0.9970319271087646,0.9970319271087646,species,1,rand_species,/Users/justyna-przy/Projects/ISE/FYP/src/bird_data/clips/species/emberiza_schoeniclus/XC161899__s7000__e10000.wav,
emberiza_schoeniclus,161899,Emberiza schoeniclus,/Users/justyna-przy/Projects/ISE/FYP/src/bird_data/raw/emberiza_schoeniclus/XC161899.mp3,10.0,13.0,-25.657674031791778,-34.63297057709893,species,Emberiza schoeniclus,Reed Bunting,0.9799401164054871,0.9799401164054871,species,0,,,
emberiza_schoeniclus,161899,Emberiza schoeniclus,/Users/justyna-przy/Projects/ISE/FYP/src/bird_data/raw/emberiza_schoeniclus/XC161899.mp3,13.0,16.0,-25.505273028313695,-34.63297057709893,species,Emberiza schoeniclus,Reed Bunting,0.9618919491767883,0.9618919491767883,species,0,,,
emberiza_schoeniclus,161899,Emberiza schoeniclus,/Users/justyna-przy/Projects/ISE/FYP/src/bird_data/raw/emberiza_schoeniclus/XC161899.mp3,16.0,19.0,-29.130495517125695,-34.63297057709893,species,Emberiza schoeniclus,Reed Bunting,0.9871914386749268,0.9871914386749268,species,1,rand_species,/Users/justyna-przy/Projects/ISE/FYP/src/bird_data/clips/species/emberiza_schoeniclus/XC161899__s16000__e19000.wav,
emberiza_schoeniclus,161899,Emberiza schoeniclus,/Users/justyna-przy/Projects/ISE/FYP/src/bird_data/raw/emberiza_schoeniclus/XC161899.mp3,19.0,22.0,-26.02058876494862,-34.63297057709893,species,Emberiza schoeniclus,Reed Bunting,0.9876519441604614,0.9876519441604614,species,0,,,
emberiza_schoeniclus,161899,Emberiza schoeniclus,/Users/justyna-przy/Projects/ISE/FYP/src/bird_data/raw/emberiza_schoeniclus/XC161899.mp3,22.0,25.0,-30.64048048975343,-34.63297057709893,species,Emberiza schoeniclus,Reed Bunting,0.9707433581352234,0.9707433581352234,species,0,,,
emberiza_schoeniclus,161899,Emberiza schoeniclus,/Users/justyna-przy/Projects/ISE/FYP/src/bird_data/raw/emberiza_schoeniclus/XC161899.mp3,25.0,28.0,-28.29607601925511,-34.63297057709893,species,Emberiza schoeniclus,Reed Bunting,0.986566960811615,0.986566960811615,species,0,,,
emberiza_schoeniclus,161899,Emberiza schoeniclus,/Users/justyna-przy/Projects/ISE/FYP/src/bird_data/raw/emberiza_schoeniclus/XC161899.mp3,28.0,31.0,-31.858933215823303,-34.63297057709893,species,Emberiza schoeniclus,Reed Bunting,0.9946507811546326,0.9946507811546326,species,0,,,
emberiza_schoeniclus,161899,Emberiza schoeniclus,/Users/justyna-przy/Projects/ISE/FYP/src/bird_data/raw/emberiza_schoeniclus/XC161899.mp3,31.0,34.0,-33.43056494548967,-34.63297057709893,species,Emberiza schoeniclus,Reed Bunting,0.9972289204597473,0.9972289204597473,species,1,rand_species,/Users/justyna-przy/Projects/ISE/FYP/src/bird_data/clips/species/emberiza_schoeniclus/XC161899__s31000__e34000.wav,
emberiza_schoeniclus,161899,Emberiza schoeniclus,/Users/justyna-przy/Projects/ISE/FYP/src/bird_data/raw/emberiza_schoeniclus/XC161899.mp3,37.0,40.0,-30.16301802267016,-34.63297057709893,species,Emberiza schoeniclus,Reed Bunting,0.993371844291687,0.993371844291687,species,0,,,
emberiza_schoeniclus,161899,Emberiza schoeniclus,/Users/justyna-przy/Projects/ISE/FYP/src/bird_data/raw/emberiza_schoeniclus/XC161899.mp3,40.0,43.0,-31.16484676611224,-34.63297057709893,species,Emberiza schoeniclus,Reed Bunting,0.9918183088302612,0.9918183088302612,species,0,,,
emberiza_schoeniclus,132758,Emberiza schoeniclus,/Users/justyna-przy/Projects/ISE/FYP/src/bird_data/raw/emberiza_schoeniclus/XC132758.mp3,4.0,7.0,-26.94472924044088,-29.896066195304375,species,Emberiza schoeniclus,Reed Bunting,0.9993093013763428,0.9993093013763428,species,0,,,
emberiza_schoeniclus,132758,Emberiza schoeniclus,/Users/justyna-przy/Projects/ISE/FYP/src/bird_data/raw/emberiza_schoeniclus/XC132758.mp3,10.0,13.0,-26.13358201947243,-29.896066195304375,species,Emberiza schoeniclus,Reed Bunting,0.9941931366920471,0.9941931366920471,species,0,,,
emberiza_schoeniclus,132758,Emberiza schoeniclus,/Users/justyna-przy/Projects/ISE/FYP/src/bird_data/raw/emberiza_schoeniclus/XC132758.mp3,13.0,16.0,-24.78956430418831,-29.896066195304375,species,Emberiza schoeniclus,Reed Bunting,0.9947781562805176,0.9947781562805176,species,1,rand_species,/Users/justyna-przy/Projects/ISE/FYP/src/bird_data/clips/species/emberiza_schoeniclus/XC132758__s13000__e16000.wav,
emberiza_schoeniclus,132758,Emberiza schoeniclus,/Users/justyna-przy/Projects/ISE/FYP/src/bird_data/raw/emberiza_schoeniclus/XC132758.mp3,16.0,19.0,-22.59425997382042,-29.896066195304375,species,Emberiza schoeniclus,Reed Bunting,0.9939181804656982,0.9939181804656982,species,1,rand_species,/Users/justyna-przy/Projects/ISE/FYP/src/bird_data/clips/species/emberiza_schoeniclus/XC132758__s16000__e19000.wav,
emberiza_schoeniclus,132758,Emberiza schoeniclus,/Users/justyna-przy/Projects/ISE/FYP/src/bird_data/raw/emberiza_schoeniclus/XC132758.mp3,19.0,22.0,-24.986611406325675,-29.896066195304375,species,Emberiza schoeniclus,Reed Bunting,0.9962461590766907,0.9962461590766907,species,0,,,
emberiza_schoeniclus,132758,Emberiza schoeniclus,/Users/justyna-przy/Projects/ISE/FYP/src/bird_data/raw/emberiza_schoeniclus/XC132758.mp3,22.0,25.0,-28.776324005547064,-29.896066195304375,species,Emberiza schoeniclus,Reed Bunting,0.9991922974586487,0.9991922974586487,species,1,rand_species,/Users/justyna-przy/Projects/ISE/FYP/src/bird_data/clips/species/emberiza_schoeniclus/XC132758__s22000__e25000.wav,
emberiza_schoeniclus,112200,Emberiza schoeniclus,/Users/justyna-przy/Projects/ISE/FYP/src/bird_data/raw/emberiza_schoeniclus/XC112200.mp3,10.0,13.0,-32.789847568284635,-40.0,non_bird,,,0.0,0.0,non_bird,1,nonbird_lowconf,/Users/justyna-przy/Projects/ISE/FYP/src/bird_data/clips/non_bird/emberiza_schoeniclus/XC112200__s10000__e13000.wav,
emberiza_schoeniclus,112200,Emberiza schoeniclus,/Users/justyna-przy/Projects/ISE/FYP/src/bird_data/raw/emberiza_schoeniclus/XC112200.mp3,16.0,19.0,-35.968973364589544,-40.0,drop,Turdus naumanni,Naumann's Thrush,0.13863201439380646,0.13863201439380646,drop,0,,,
emberiza_schoeniclus,112189,Emberiza schoeniclus,/Users/justyna-przy/Projects/ISE/FYP/src/bird_data/raw/emberiza_schoeniclus/XC112189.mp3,1.0,4.0,-39.49728411980977,-40.0,drop,Emberiza schoeniclus,Reed Bunting,0.11701469868421555,0.11701469868421555,drop,0,,,
emberiza_schoeniclus,112188,Emberiza schoeniclus,/Users/justyna-przy/Projects/ISE/FYP/src/bird_data/raw/emberiza_schoeniclus/XC112188.mp3,1.0,4.0,-29.34096212418075,-37.802497820701774,species,Emberiza schoeniclus,Reed Bunting,0.9360150694847107,0.9360150694847107,species,1,rand_species,/Users/justyna-przy/Projects/ISE/FYP/src/bird_data/clips/species/emberiza_schoeniclus/XC112188__s1000__e4000.wav,
emberiza_schoeniclus,112188,Emberiza schoeniclus,/Users/justyna-przy/Projects/ISE/FYP/src/bird_data/raw/emberiza_schoeniclus/XC112188.mp3,4.0,7.0,-33.92047619539738,-37.802497820701774,species,Emberiza schoeniclus,Reed Bunting,0.9619396328926086,0.9619396328926086,species,0,,,
emberiza_schoeniclus,112188,Emberiza schoeniclus,/Users/justyna-przy/Projects/ISE/FYP/src/bird_data/raw/emberiza_schoeniclus/XC112188.mp3,7.0,10.0,-37.185354211897206,-37.802497820701774,species,Emberiza schoeniclus,Reed Bunting,0.983633816242218,0.983633816242218,species,1,rand_species,/Users/justyna-przy/Projects/ISE/FYP/src/bird_data/clips/species/emberiza_schoeniclus/XC112188__s7000__e10000.wav,
emberiza_schoeniclus,112188,Emberiza schoeniclus,/Users/justyna-przy/Projects/ISE/FYP/src/bird_data/raw/emberiza_schoeniclus/XC112188.mp3,10.0,13.0,-34.717812117807796,-37.802497820701774,species,Emberiza schoeniclus,Reed Bunting,0.9665529727935791,0.9665529727935791,species,1,rand_species,/Users/justyna-przy/Projects/ISE/FYP/src/bird_data/clips/species/emberiza_schoeniclus/XC112188__s10000__e13000.wav,
emberiza_schoeniclus,112188,Emberiza schoeniclus,/Users/justyna-przy/Projects/ISE/FYP/src/bird_data/raw/emberiza_schoeniclus/XC112188.mp3,16.0,19.0,-34.119282317618904,-37.802497820701774,species,Emberiza schoeniclus,Reed Bunting,0.982900083065033,0.982900083065033,species,0,,,
emberiza_schoeniclus,110370,Emberiza schoeniclus,/Users/justyna-przy/Projects/ISE/FYP/src/bird_data/raw/emberiza_schoeniclus/XC110370.mp3,1.0,4.0,-27.572438387076026,-28.338367469000517,non_bird,,,0.0,0.0,non_bird,1,nonbird_lowconf,/Users/justyna-przy/Projects/ISE/FYP/src/bird_data/clips/non_bird/emberiza_schoeniclus/XC110370__s1000__e4000.wav,
emberiza_schoeniclus,110370,Emberiza schoeniclus,/Users/justyna-przy/Projects/ISE/FYP/src/bird_data/raw/emberiza_schoeniclus/XC110370.mp3,7.0,10.0,-23.325334565695,-28.338367469000517,drop,Ploceus melanocephalus,Black-headed Weaver,0.4573175609111786,0.4573175609111786,drop,0,,,
emberiza_schoeniclus,110370,Emberiza schoeniclus,/Users/justyna-przy/Projects/ISE/FYP/src/bird_data/raw/emberiza_schoeniclus/XC110370.mp3,10.0,13.0,-26.632454719758094,-28.338367469000517,drop,Ploceus melanocephalus,Black-headed Weaver,0.3903600573539734,0.3903600573539734,drop,0,,,
emberiza_schoeniclus,110368,Emberiza schoeniclus,/Users/justyna-przy/Projects/ISE/FYP/src/bird_data/raw/emberiza_schoeniclus/XC110368.mp3,1.0,4.0,-25.812038043476385,-30.691633560861973,species,Emberiza schoeniclus,Reed Bunting,0.9883759021759033,0.9883759021759033,species,0,,,
emberiza_schoeniclus,110368,Emberiza schoeniclus,/Users/justyna-przy/Projects/ISE/FYP/src/bird_data/raw/emberiza_schoeniclus/XC110368.mp3,4.0,7.0,-26.058480291134394,-30.691633560861973,species,Emberiza schoeniclus,Reed Bunting,0.9534315466880798,0.9534315466880798,species,1,rand_species,/Users/justyna-przy/Projects/ISE/FYP/src/bird_data/clips/species/emberiza_schoeniclus/XC110368__s4000__e7000.wav,
emberiza_schoeniclus,110368,Emberiza schoeniclus,/Users/justyna-przy/Projects/ISE/FYP/src/bird_data/raw/emberiza_schoeniclus/XC110368.mp3,7.0,10.0,-26.11302180807725,-30.691633560861973,species,Emberiza schoeniclus,Reed Bunting,0.8448783755302429,0.8448783755302429,species,1,rand_species,/Users/justyna-przy/Projects/ISE/FYP/src/bird_data/clips/species/emberiza_schoeniclus/XC110368__s7000__e10000.wav,
emberiza_schoeniclus,110368,Emberiza schoeniclus,/Users/justyna-przy/Projects/ISE/FYP/src/bird_data/raw/emberiza_schoeniclus/XC110368.mp3,10.0,13.0,-24.093320543802832,-30.691633560861973,species,Emberiza schoeniclus,Reed Bunting,0.9952871799468994,0.9952871799468994,species,0,,,
emberiza_schoeniclus,110368,Emberiza schoeniclus,/Users/justyna-przy/Projects/ISE/FYP/src/bird_data/raw/emberiza_schoeniclus/XC110368.mp3,13.0,16.0,-21.55650230724682,-30.691633560861973,species,Emberiza schoeniclus,Reed Bunting,0.9620888829231262,0.9620888829231262,species,0,,,
emberiza_schoeniclus,110368,Emberiza schoeniclus,/Users/justyna-przy/Projects/ISE/FYP/src/bird_data/raw/emberiza_schoeniclus/XC110368.mp3,19.0,22.0,-30.691633560861973,-30.691633560861973,species,Emberiza schoeniclus,Reed Bunting,0.9952151775360107,0.9952151775360107,species,0,,,
emberiza_schoeniclus,110368,Emberiza schoeniclus,/Users/justyna-przy/Projects/ISE/FYP/src/bird_data/raw/emberiza_schoeniclus/XC110368.mp3,22.0,25.0,-30.353245187266133,-30.691633560861973,species,Emberiza schoeniclus,Reed Bunting,0.9694920182228088,0.9694920182228088,species,0,,,
emberiza_schoeniclus,110368,Emberiza schoeniclus,/Users/justyna-przy/Projects/ISE/FYP/src/bird_data/raw/emberiza_schoeniclus/XC110368.mp3,28.0,31.0,-30.687426791372236,-30.691633560861973,species,Emberiza schoeniclus,Reed Bunting,0.9930685758590698,0.9930685758590698,species,1,rand_species,/Users/justyna-przy/Projects/ISE/FYP/src/bird_data/clips/species/emberiza_schoeniclus/XC110368__s28000__e31000.wav,
emberiza_schoeniclus,105199,Emberiza schoeniclus,/Users/justyna-przy/Projects/ISE/FYP/src/bird_data/raw/emberiza_schoeniclus/XC105199.mp3,1.0,4.0,-22.772473163143427,-33.438148511291224,species,Emberiza schoeniclus,Reed Bunting,0.998868465423584,0.998868465423584,species,1,rand_species,/Users/justyna-przy/Projects/ISE/FYP/src/bird_data/clips/species/emberiza_schoeniclus/XC105199__s1000__e4000.wav,
emberiza_schoeniclus,105199,Emberiza schoeniclus,/Users/justyna-przy/Projects/ISE/FYP/src/bird_data/raw/emberiza_schoeniclus/XC105199.mp3,4.0,7.0,-27.891515430208326,-33.438148511291224,species,Emberiza schoeniclus,Reed Bunting,0.8538578748703003,0.8538578748703003,species,1,rand_species,/Users/justyna-przy/Projects/ISE/FYP/src/bird_data/clips/species/emberiza_schoeniclus/XC105199__s4000__e7000.wav,
emberiza_schoeniclus,105199,Emberiza schoeniclus,/Users/justyna-przy/Projects/ISE/FYP/src/bird_data/raw/emberiza_schoeniclus/XC105199.mp3,10.0,13.0,-20.456420552151183,-33.438148511291224,species,Emberiza schoeniclus,Reed Bunting,0.9920958876609802,0.9920958876609802,species,0,,,
emberiza_schoeniclus,105199,Emberiza schoeniclus,/Users/justyna-przy/Projects/ISE/FYP/src/bird_data/raw/emberiza_schoeniclus/XC105199.mp3,16.0,19.0,-33.06592541423668,-33.438148511291224,species,Emberiza schoeniclus,Reed Bunting,0.9674447774887085,0.9674447774887085,species,0,,,
emberiza_schoeniclus,105199,Emberiza schoeniclus,/Users/justyna-przy/Projects/ISE/FYP/src/bird_data/raw/emberiza_schoeniclus/XC105199.mp3,19.0,22.0,-22.829614540973,-33.438148511291224,species,Emberiza schoeniclus,Reed Bunting,0.9985887408256531,0.9985887408256531,species,0,,,
emberiza_schoeniclus,105199,Emberiza schoeniclus,/Users/justyna-przy/Projects/ISE/FYP/src/bird_data/raw/emberiza_schoeniclus/XC105199.mp3,25.0,28.0,-26.327603358814905,-33.438148511291224,species,Emberiza schoeniclus,Reed Bunting,0.943030595779419,0.943030595779419,species,1,rand_species,/Users/justyna-przy/Projects/ISE/FYP/src/bird_data/clips/species/emberiza_schoeniclus/XC105199__s25000__e28000.wav,
emberiza_schoeniclus,56829,Emberiza schoeniclus,/Users/justyna-przy/Projects/ISE/FYP/src/bird_data/raw/emberiza_schoeniclus/XC56829.mp3,1.0,4.0,-22.169349703745343,-40.0,species,Emberiza schoeniclus,Reed Bunting,0.9972180128097534,0.9972180128097534,species,1,rand_species,/Users/justyna-przy/Projects/ISE/FYP/src/bird_data/clips/species/emberiza_schoeniclus/XC56829__s1000__e4000.wav,
emberiza_schoeniclus,56829,Emberiza schoeniclus,/Users/justyna-przy/Projects/ISE/FYP/src/bird_data/raw/emberiza_schoeniclus/XC56829.mp3,4.0,7.0,-30.826446030640568,-40.0,non_bird,,,0.0,0.0,non_bird,1,nonbird_lowconf,/Users/justyna-przy/Projects/ISE/FYP/src/bird_data/clips/non_bird/emberiza_schoeniclus/XC56829__s4000__e7000.wav,
emberiza_schoeniclus,56829,Emberiza schoeniclus,/Users/justyna-przy/Projects/ISE/FYP/src/bird_data/raw/emberiza_schoeniclus/XC56829.mp3,10.0,13.0,-29.75129076787873,-40.0,species,Emberiza schoeniclus,Reed Bunting,0.6005139946937561,0.6005139946937561,species,0,,,
emberiza_schoeniclus,56829,Emberiza schoeniclus,/Users/justyna-przy/Projects/ISE/FYP/src/bird_data/raw/emberiza_schoeniclus/XC56829.mp3,13.0,16.0,-24.511166446723927,-40.0,drop,Emberiza schoeniclus,Reed Bunting,0.2973087430000305,0.2973087430000305,drop,0,,,
emberiza_schoeniclus,56829,Emberiza schoeniclus,/Users/justyna-przy/Projects/ISE/FYP/src/bird_data/raw/emberiza_schoeniclus/XC56829.mp3,22.0,25.0,-20.622472817318158,-40.0,species,Emberiza schoeniclus,Reed Bunting,0.885903537273407,0.885903537273407,species,1,rand_species,/Users/justyna-przy/Projects/ISE/FYP/src/bird_data/clips/species/emberiza_schoeniclus/XC56829__s22000__e25000.wav,
emberiza_schoeniclus,56829,Emberiza schoeniclus,/Users/justyna-przy/Projects/ISE/FYP/src/bird_data/raw/emberiza_schoeniclus/XC56829.mp3,31.0,34.0,-22.54163147026172,-40.0,species,Emberiza schoeniclus,Reed Bunting,0.963453471660614,0.963453471660614,species,1,rand_species,/Users/justyna-przy/Projects/ISE/FYP/src/bird_data/clips/species/emberiza_schoeniclus/XC56829__s31000__e34000.wav,
emberiza_schoeniclus,56829,Emberiza schoeniclus,/Users/justyna-przy/Projects/ISE/FYP/src/bird_data/raw/emberiza_schoeniclus/XC56829.mp3,40.0,43.0,-29.076754086421456,-40.0,species,Emberiza schoeniclus,Reed Bunting,0.4284937381744385,0.4284937381744385,species,0,,,
emberiza_schoeniclus,56829,Emberiza schoeniclus,/Users/justyna-przy/Projects/ISE/FYP/src/bird_data/raw/emberiza_schoeniclus/XC56829.mp3,43.0,46.0,-25.11624749006708,-40.0,non_bird,,,0.0,0.0,non_bird,1,nonbird_lowconf,/Users/justyna-przy/Projects/ISE/FYP/src/bird_data/clips/non_bird/emberiza_schoeniclus/XC56829__s43000__e46000.wav,
emberiza_schoeniclus,42600,Emberiza schoeniclus,/Users/justyna-przy/Projects/ISE/FYP/src/bird_data/raw/emberiza_schoeniclus/XC42600.mp3,4.0,7.0,-25.82693654051652,-30.00773692562219,species,Emberiza schoeniclus,Reed Bunting,0.9349635243415833,0.9349635243415833,species,0,,,
emberiza_schoeniclus,42600,Emberiza schoeniclus,/Users/justyna-przy/Projects/ISE/FYP/src/bird_data/raw/emberiza_schoeniclus/XC42600.mp3,7.0,10.0,-27.52295179451742,-30.00773692562219,species,Emberiza schoeniclus,Reed Bunting,0.9474995732307434,0.9474995732307434,species,1,rand_species,/Users/justyna-przy/Projects/ISE/FYP/src/bird_data/clips/species/emberiza_schoeniclus/XC42600__s7000__e10000.wav,
emberiza_schoeniclus,42600,Emberiza schoeniclus,/Users/justyna-przy/Projects/ISE/FYP/src/bird_data/raw/emberiza_schoeniclus/XC42600.mp3,10.0,13.0,-28.441374763912442,-30.00773692562219,species,Emberiza schoeniclus,Reed Bunting,0.705921471118927,0.705921471118927,species,0,,,
emberiza_schoeniclus,42600,Emberiza schoeniclus,/Users/justyna-przy/Projects/ISE/FYP/src/bird_data/raw/emberiza_schoeniclus/XC42600.mp3,13.0,16.0,-29.95041619408308,-30.00773692562219,species,Emberiza schoeniclus,Reed Bunting,0.7944469451904297,0.7944469451904297,species,1,rand_species,/Users/justyna-przy/Projects/ISE/FYP/src/bird_data/clips/species/emberiza_schoeniclus/XC42600__s13000__e16000.wav,
emberiza_schoeniclus,42600,Emberiza schoeniclus,/Users/justyna-przy/Projects/ISE/FYP/src/bird_data/raw/emberiza_schoeniclus/XC42600.mp3,22.0,25.0,-27.97590920459068,-30.00773692562219,species,Emberiza schoeniclus,Reed Bunting,0.9612833857536316,0.9612833857536316,species,1,rand_species,/Users/justyna-przy/Projects/ISE/FYP/src/bird_data/clips/species/emberiza_schoeniclus/XC42600__s22000__e25000.wav,
emberiza_schoeniclus,27600,Emberiza schoeniclus,/Users/justyna-przy/Projects/ISE/FYP/src/bird_data/raw/emberiza_schoeniclus/XC27600.mp3,1.0,4.0,-34.78792706775083,-38.43147929259236,species,Emberiza schoeniclus,Reed Bunting,0.40500086545944214,0.40500086545944214,species,0,,,
emberiza_schoeniclus,27600,Emberiza schoeniclus,/Users/justyna-przy/Projects/ISE/FYP/src/bird_data/raw/emberiza_schoeniclus/XC27600.mp3,4.0,7.0,-35.94173260248518,-38.43147929259236,species,Emberiza schoeniclus,Reed Bunting,0.3001081049442291,0.3001081049442291,species,1,rand_species,/Users/justyna-przy/Projects/ISE/FYP/src/bird_data/clips/species/emberiza_schoeniclus/XC27600__s4000__e7000.wav,
emberiza_schoeniclus,27600,Emberiza schoeniclus,/Users/justyna-przy/Projects/ISE/FYP/src/bird_data/raw/emberiza_schoeniclus/XC27600.mp3,7.0,10.0,-36.51042665678029,-38.43147929259236,drop,Emberiza schoeniclus,Reed Bunting,0.2907465100288391,0.2907465100288391,drop,0,,,
emberiza_schoeniclus,27600,Emberiza schoeniclus,/Users/justyna-przy/Projects/ISE/FYP/src/bird_data/raw/emberiza_schoeniclus/XC27600.mp3,10.0,13.0,-34.21253356155573,-38.43147929259236,species,Emberiza schoeniclus,Reed Bunting,0.6091600656509399,0.6091600656509399,species,0,,,
emberiza_schoeniclus,27600,Emberiza schoeniclus,/Users/justyna-przy/Projects/ISE/FYP/src/bird_data/raw/emberiza_schoeniclus/XC27600.mp3,13.0,16.0,-37.851480974366986,-38.43147929259236,drop,Emberiza schoeniclus,Reed Bunting,0.16823886334896088,0.16823886334896088,drop,0,,,
emberiza_schoeniclus,27600,Emberiza schoeniclus,/Users/justyna-przy/Projects/ISE/FYP/src/bird_data/raw/emberiza_schoeniclus/XC27600.mp3,16.0,19.0,-36.444251392479536,-38.43147929259236,species,Emberiza schoeniclus,Reed Bunting,0.3461107909679413,0.3461107909679413,species,1,rand_species,/Users/justyna-przy/Projects/ISE/FYP/src/bird_data/clips/species/emberiza_schoeniclus/XC27600__s16000__e19000.wav,
emberiza_schoeniclus,27600,Emberiza schoeniclus,/Users/justyna-przy/Projects/ISE/FYP/src/bird_data/raw/emberiza_schoeniclus/XC27600.mp3,28.0,31.0,-37.681425796529595,-38.43147929259236,species,Emberiza schoeniclus,Reed Bunting,0.630328357219696,0.630328357219696,species,0,,,
emberiza_schoeniclus,27600,Emberiza schoeniclus,/Users/justyna-przy/Projects/ISE/FYP/src/bird_data/raw/emberiza_schoeniclus/XC27600.mp3,31.0,34.0,-34.86575850881072,-38.43147929259236,species,Emberiza schoeniclus,Reed Bunting,0.48242151737213135,0.48242151737213135,species,1,rand_species,/Users/justyna-przy/Projects/ISE/FYP/src/bird_data/clips/species/emberiza_schoeniclus/XC27600__s31000__e34000.wav,
emberiza_schoeniclus,27599,Emberiza schoeniclus,/Users/justyna-przy/Projects/ISE/FYP/src/bird_data/raw/emberiza_schoeniclus/XC27599.mp3,4.0,7.0,-28.15011261936991,-32.19848689071085,species,Emberiza schoeniclus,Reed Bunting,0.34389960765838623,0.34389960765838623,species,0,,,
emberiza_schoeniclus,27599,Emberiza schoeniclus,/Users/justyna-przy/Projects/ISE/FYP/src/bird_data/raw/emberiza_schoeniclus/XC27599.mp3,7.0,10.0,-25.499782264711804,-32.19848689071085,species,Emberiza schoeniclus,Reed Bunting,0.9893100261688232,0.9893100261688232,species,1,rand_species,/Users/justyna-przy/Projects/ISE/FYP/src/bird_data/clips/species/emberiza_schoeniclus/XC27599__s7000__e10000.wav,
emberiza_schoeniclus,27599,Emberiza schoeniclus,/Users/justyna-przy/Projects/ISE/FYP/src/bird_data/raw/emberiza_schoeniclus/XC27599.mp3,10.0,13.0,-31.23910966788991,-32.19848689071085,species,Emberiza schoeniclus,Reed Bunting,0.4045736491680145,0.4045736491680145,species,0,,,
emberiza_schoeniclus,27599,Emberiza schoeniclus,/Users/justyna-przy/Projects/ISE/FYP/src/bird_data/raw/emberiza_schoeniclus/XC27599.mp3,13.0,16.0,-28.20818215683552,-32.19848689071085,species,Emberiza schoeniclus,Reed Bunting,0.9784895777702332,0.9784895777702332,species,0,,,
emberiza_schoeniclus,27599,Emberiza schoeniclus,/Users/justyna-przy/Projects/ISE/FYP/src/bird_data/raw/emberiza_schoeniclus/XC27599.mp3,16.0,19.0,-28.209896440707176,-32.19848689071085,species,Emberiza schoeniclus,Reed Bunting,0.8624865412712097,0.8624865412712097,species,1,rand_species,/Users/justyna-przy/Projects/ISE/FYP/src/bird_data/clips/species/emberiza_schoeniclus/XC27599__s16000__e19000.wav,
emberiza_schoeniclus,27599,Emberiza schoeniclus,/Users/justyna-przy/Projects/ISE/FYP/src/bird_data/raw/emberiza_schoeniclus/XC27599.mp3,19.0,22.0,-27.491156803147625,-32.19848689071085,species,Emberiza schoeniclus,Reed Bunting,0.9408472180366516,0.9408472180366516,species,0,,,
emberiza_schoeniclus,27599,Emberiza schoeniclus,/Users/justyna-przy/Projects/ISE/FYP/src/bird_data/raw/emberiza_schoeniclus/XC27599.mp3,28.0,31.0,-24.751992120232998,-32.19848689071085,species,Emberiza schoeniclus,Reed Bunting,0.9780557155609131,0.9780557155609131,species,0,,,
emberiza_schoeniclus,27599,Emberiza schoeniclus,/Users/justyna-przy/Projects/ISE/FYP/src/bird_data/raw/emberiza_schoeniclus/XC27599.mp3,31.0,34.0,-31.242411119315115,-32.19848689071085,drop,Motacilla flava,Western Yellow Wagtail,0.279681533575058,0.279681533575058,drop,0,,,
emberiza_schoeniclus,27599,Emberiza schoeniclus,/Users/justyna-przy/Projects/ISE/FYP/src/bird_data/raw/emberiza_schoeniclus/XC27599.mp3,37.0,40.0,-31.601990502702254,-32.19848689071085,species,Emberiza schoeniclus,Reed Bunting,0.9903085827827454,0.9903085827827454,species,1,rand_species,/Users/justyna-przy/Projects/ISE/FYP/src/bird_data/clips/species/emberiza_schoeniclus/XC27599__s37000__e40000.wav,
emberiza_schoeniclus,1088455,Emberiza schoeniclus,/Users/justyna-przy/Projects/ISE/FYP/src/bird_data/raw/emberiza_schoeniclus/XC1088455.mp3,1.0,4.0,-33.103019521507974,-33.375907353289406,drop,Empidonax oberholseri,Dusky Flycatcher,0.1393088847398758,0.1393088847398758,drop,0,,,
emberiza_schoeniclus,1088455,Emberiza schoeniclus,/Users/justyna-przy/Projects/ISE/FYP/src/bird_data/raw/emberiza_schoeniclus/XC1088455.mp3,7.0,10.0,-28.339184753275287,-33.375907353289406,non_bird,,,0.0,0.0,non_bird,1,nonbird_lowconf,/Users/justyna-przy/Projects/ISE/FYP/src/bird_data/clips/non_bird/emberiza_schoeniclus/XC1088455__s7000__e10000.wav,
emberiza_schoeniclus,1086768,Emberiza schoeniclus,/Users/justyna-przy/Projects/ISE/FYP/src/bird_data/raw/emberiza_schoeniclus/XC1086768.mp3,1.0,4.0,-31.85637340151843,-34.89981201964858,drop,Emberiza schoeniclus,Reed Bunting,0.29644057154655457,0.29644057154655457,drop,0,,,
emberiza_schoeniclus,1086768,Emberiza schoeniclus,/Users/justyna-przy/Projects/ISE/FYP/src/bird_data/raw/emberiza_schoeniclus/XC1086768.mp3,7.0,10.0,-31.01578449653384,-34.89981201964858,species,Emberiza schoeniclus,Reed Bunting,0.956559419631958,0.956559419631958,species,1,rand_species,/Users/justyna-przy/Projects/ISE/FYP/src/bird_data/clips/species/emberiza_schoeniclus/XC1086768__s7000__e10000.wav,
emberiza_schoeniclus,1086768,Emberiza schoeniclus,/Users/justyna-przy/Projects/ISE/FYP/src/bird_data/raw/emberiza_schoeniclus/XC1086768.mp3,13.0,16.0,-32.877614769142184,-34.89981201964858,species,Emberiza schoeniclus,Reed Bunting,0.8537542223930359,0.8537542223930359,species,0,,,
emberiza_schoeniclus,1086768,Emberiza schoeniclus,/Users/justyna-przy/Projects/ISE/FYP/src/bird_data/raw/emberiza_schoeniclus/XC1086768.mp3,16.0,19.0,-33.97567184037683,-34.89981201964858,species,Emberiza schoeniclus,Reed Bunting,0.8310014605522156,0.8310014605522156,species,1,rand_species,/Users/justyna-przy/Projects/ISE/FYP/src/bird_data/clips/species/emberiza_schoeniclus/XC1086768__s16000__e19000.wav,
emberiza_schoeniclus,1086768,Emberiza schoeniclus,/Users/justyna-przy/Projects/ISE/FYP/src/bird_data/raw/emberiza_schoeniclus/XC1086768.mp3,22.0,25.0,-32.89103848141846,-34.89981201964858,species,Emberiza schoeniclus,Reed Bunting,0.9286761283874512,0.9286761283874512,species,1,rand_species,/Users/justyna-przy/Projects/ISE/FYP/src/bird_data/clips/species/emberiza_schoeniclus/XC1086768__s22000__e25000.wav,
emberiza_schoeniclus,1086768,Emberiza schoeniclus,/Users/justyna-przy/Projects/ISE/FYP/src/bird_data/raw/emberiza_schoeniclus/XC1086768.mp3,25.0,28.0,-32.73061772312331,-34.89981201964858,species,Emberiza schoeniclus,Reed Bunting,0.7373417019844055,0.7373417019844055,species,0,,,
emberiza_schoeniclus,1080379,Emberiza schoeniclus,/Users/justyna-przy/Projects/ISE/FYP/src/bird_data/raw/emberiza_schoeniclus/XC1080379.mp3,1.0,4.0,-19.328040936608208,-39.87338323076395,species,Emberiza schoeniclus,Reed Bunting,0.9576793909072876,0.9576793909072876,species,1,rand_species,/Users/justyna-przy/Projects/ISE/FYP/src/bird_data/clips/species/emberiza_schoeniclus/XC1080379__s1000__e4000.wav,
emberiza_schoeniclus,1080379,Emberiza schoeniclus,/Users/justyna-przy/Projects/ISE/FYP/src/bird_data/raw/emberiza_schoeniclus/XC1080379.mp3,7.0,10.0,-37.91290750466694,-39.87338323076395,drop,Emberiza schoeniclus,Reed Bunting,0.14525023102760315,0.14525023102760315,drop,0,,,
emberiza_schoeniclus,1080379,Emberiza schoeniclus,/Users/justyna-przy/Projects/ISE/FYP/src/bird_data/raw/emberiza_schoeniclus/XC1080379.mp3,10.0,13.0,-39.77505511991234,-39.87338323076395,non_bird,,,0.0,0.0,non_bird,1,nonbird_lowconf,/Users/justyna-przy/Projects/ISE/FYP/src/bird_data/clips/non_bird/emberiza_schoeniclus/XC1080379__s10000__e13000.wav,
emberiza_schoeniclus,1080379,Emberiza schoeniclus,/Users/justyna-przy/Projects/ISE/FYP/src/bird_data/raw/emberiza_schoeniclus/XC1080379.mp3,13.0,16.0,-39.851884681186206,-39.87338323076395,non_bird,,,0.0,0.0,non_bird,1,nonbird_lowconf,/Users/justyna-przy/Projects/ISE/FYP/src/bird_data/clips/non_bird/emberiza_schoeniclus/XC1080379__s13000__e16000.wav,
emberiza_schoeniclus,1080379,Emberiza schoeniclus,/Users/justyna-przy/Projects/ISE/FYP/src/bird_data/raw/emberiza_schoeniclus/XC1080379.mp3,19.0,22.0,-38.47072041571947,-39.87338323076395,species,Emberiza schoeniclus,Reed Bunting,0.4576219618320465,0.4576219618320465,species,1,rand_species,/Users/justyna-przy/Projects/ISE/FYP/src/bird_data/clips/species/emberiza_schoeniclus/XC1080379__s19000__e22000.wav,
emberiza_schoeniclus,1080378,Emberiza schoeniclus,/Users/justyna-przy/Projects/ISE/FYP/src/bird_data/raw/emberiza_schoeniclus/XC1080378.mp3,10.0,13.0,-29.160724185132693,-32.824696534444435,drop,Haematopus ostralegus,Eurasian Oystercatcher,0.10598959773778915,0.10598959773778915,drop,0,,,
emberiza_schoeniclus,1080378,Emberiza schoeniclus,/Users/justyna-przy/Projects/ISE/FYP/src/bird_data/raw/emberiza_schoeniclus/XC1080378.mp3,13.0,16.0,-30.787713318654156,-32.824696534444435,drop,Haematopus ostralegus,Eurasian Oystercatcher,0.6283484101295471,0.6283484101295471,drop,0,,,
emberiza_schoeniclus,1080378,Emberiza schoeniclus,/Users/justyna-przy/Projects/ISE/FYP/src/bird_data/raw/emberiza_schoeniclus/XC1080378.mp3,16.0,19.0,-32.824696534444435,-32.824696534444435,non_bird,,,0.0,0.0,non_bird,1,nonbird_lowconf,/Users/justyna-przy/Projects/ISE/FYP/src/bird_data/clips/non_bird/emberiza_schoeniclus/XC1080378__s16000__e19000.wav,
emberiza_schoeniclus,1080378,Emberiza schoeniclus,/Users/justyna-przy/Projects/ISE/FYP/src/bird_data/raw/emberiza_schoeniclus/XC1080378.mp3,19.0,22.0,-27.26593221542419,-32.824696534444435,drop,Emberiza schoeniclus,Reed Bunting,0.2670803368091583,0.2670803368091583,drop,0,,,
emberiza_schoeniclus,1080378,Emberiza schoeniclus,/Users/justyna-przy/Projects/ISE/FYP/src/bird_data/raw/emberiza_schoeniclus/XC1080378.mp3,22.0,25.0,-28.79419426124982,-32.824696534444435,drop,Acanthis flammea,Common Redpoll,0.1803167313337326,0.1803167313337326,drop,0,,,
emberiza_schoeniclus,1080378,Emberiza schoeniclus,/Users/justyna-przy/Projects/ISE/FYP/src/bird_data/raw/emberiza_schoeniclus/XC1080378.mp3,25.0,28.0,-29.182120052840233,-32.824696534444435,non_bird,,,0.0,0.0,non_bird,1,nonbird_lowconf,/Users/justyna-przy/Projects/ISE/FYP/src/bird_data/clips/non_bird/emberiza_schoeniclus/XC1080378__s25000__e28000.wav,
emberiza_schoeniclus,1080378,Emberiza schoeniclus,/Users/justyna-przy/Projects/ISE/FYP/src/bird_data/raw/emberiza_schoeniclus/XC1080378.mp3,28.0,31.0,-23.09654159127446,-32.824696534444435,drop,Emberiza citrinella,Yellowhammer,0.5223302245140076,0.5223302245140076,drop,0,,,
emberiza_schoeniclus,1080378,Emberiza schoeniclus,/Users/justyna-przy/Projects/ISE/FYP/src/bird_data/raw/emberiza_schoeniclus/XC1080378.mp3,31.0,34.0,-32.5358467561001,-32.824696534444435,species,Emberiza schoeniclus,Reed Bunting,0.31776532530784607,0.31776532530784607,species,1,rand_species,/Users/justyna-przy/Projects/ISE/FYP/src/bird_data/clips/species/emberiza_schoeniclus/XC1080378__s31000__e34000.wav,
emberiza_schoeniclus,1041732,Emberiza schoeniclus,/Users/justyna-przy/Projects/ISE/FYP/src/bird_data/raw/emberiza_schoeniclus/XC1041732.mp3,4.0,7.0,-36.22216969459964,-36.25955893714547,species,Emberiza schoeniclus,Reed Bunting,0.6564247608184814,0.6564247608184814,species,1,rand_species,/Users/justyna-przy/Projects/ISE/FYP/src/bird_data/clips/species/emberiza_schoeniclus/XC1041732__s4000__e7000.wav,
emberiza_schoeniclus,1041731,Emberiza schoeniclus,/Users/justyna-przy/Projects/ISE/FYP/src/bird_data/raw/emberiza_schoeniclus/XC1041731.mp3,1.0,4.0,-39.76611380816809,-39.76611380816809,non_bird,,,0.0,0.0,non_bird,1,nonbird_lowconf,/Users/justyna-przy/Projects/ISE/FYP/src/bird_data/clips/non_bird/emberiza_schoeniclus/XC1041731__s1000__e4000.wav,
emberiza_schoeniclus,1031167,Emberiza schoeniclus,/Users/justyna-przy/Projects/ISE/FYP/src/bird_data/raw/emberiza_schoeniclus/XC1031167.mp3,7.0,10.0,-35.00069041122408,-40.0,species,Emberiza schoeniclus,Reed Bunting,0.9986588954925537,0.9986588954925537,species,1,rand_species,/Users/justyna-przy/Projects/ISE/FYP/src/bird_data/clips/species/emberiza_schoeniclus/XC1031167__s7000__e10000.wav,
emberiza_schoeniclus,1031167,Emberiza schoeniclus,/Users/justyna-przy/Projects/ISE/FYP/src/bird_data/raw/emberiza_schoeniclus/XC1031167.mp3,13.0,16.0,-33.55552019085283,-40.0,species,Emberiza schoeniclus,Reed Bunting,0.9963884353637695,0.9963884353637695,species,1,rand_species,/Users/justyna-przy/Projects/ISE/FYP/src/bird_data/clips/species/emberiza_schoeniclus/XC1031167__s13000__e16000.wav,
emberiza_schoeniclus,1031167,Emberiza schoeniclus,/Users/justyna-przy/Projects/ISE/FYP/src/bird_data/raw/emberiza_schoeniclus/XC1031167.mp3,16.0,19.0,-37.35366865788481,-40.0,non_bird,,,0.0,0.0,non_bird,1,nonbird_lowconf,/Users/justyna-przy/Projects/ISE/FYP/src/bird_data/clips/non_bird/emberiza_schoeniclus/XC1031167__s16000__e19000.wav,
emberiza_schoeniclus,1031167,Emberiza schoeniclus,/Users/justyna-przy/Projects/ISE/FYP/src/bird_data/raw/emberiza_schoeniclus/XC1031167.mp3,19.0,22.0,-33.93079482576987,-40.0,species,Emberiza schoeniclus,Reed Bunting,0.9983177185058594,0.9983177185058594,species,0,,,
emberiza_schoeniclus,1031167,Emberiza schoeniclus,/Users/justyna-przy/Projects/ISE/FYP/src/bird_data/raw/emberiza_schoeniclus/XC1031167.mp3,25.0,28.0,-39.11975752905488,-40.0,species,Emberiza schoeniclus,Reed Bunting,0.8491032719612122,0.8491032719612122,species,1,rand_species,/Users/justyna-przy/Projects/ISE/FYP/src/bird_data/clips/species/emberiza_schoeniclus/XC1031167__s25000__e28000.wav,
emberiza_schoeniclus,1031167,Emberiza schoeniclus,/Users/justyna-przy/Projects/ISE/FYP/src/bird_data/raw/emberiza_schoeniclus/XC1031167.mp3,28.0,31.0,-39.905183112041115,-40.0,drop,Emberiza cirlus,Cirl Bunting,0.644184410572052,0.644184410572052,drop,0,,,
emberiza_schoeniclus,1014612,Emberiza schoeniclus,/Users/justyna-przy/Projects/ISE/FYP/src/bird_data/raw/emberiza_schoeniclus/XC1014612.mp3,10.0,13.0,-27.262346271093364,-28.07990306321719,drop,Lophophanes cristatus,Crested Tit,0.3517690598964691,0.3517690598964691,drop,0,,,
emberiza_schoeniclus,1014612,Emberiza schoeniclus,/Users/justyna-przy/Projects/ISE/FYP/src/bird_data/raw/emberiza_schoeniclus/XC1014612.mp3,16.0,19.0,-25.156376226109035,-28.07990306321719,species,Emberiza schoeniclus,Reed Bunting,0.9959086179733276,0.9959086179733276,species,1,rand_species,/Users/justyna-przy/Projects/ISE/FYP/src/bird_data/clips/species/emberiza_schoeniclus/XC1014612__s16000__e19000.wav,
emberiza_schoeniclus,1014612,Emberiza schoeniclus,/Users/justyna-przy/Projects/ISE/FYP/src/bird_data/raw/emberiza_schoeniclus/XC1014612.mp3,19.0,22.0,-26.054440969256774,-28.07990306321719,species,Emberiza schoeniclus,Reed Bunting,0.99650639295578,0.99650639295578,species,0,,,
emberiza_schoeniclus,1014612,Emberiza schoeniclus,/Users/justyna-przy/Projects/ISE/FYP/src/bird_data/raw/emberiza_schoeniclus/XC1014612.mp3,22.0,25.0,-25.742908637628005,-28.07990306321719,species,Emberiza schoeniclus,Reed Bunting,0.9873736500740051,0.9873736500740051,species,0,,,
emberiza_schoeniclus,1014612,Emberiza schoeniclus,/Users/justyna-przy/Projects/ISE/FYP/src/bird_data/raw/emberiza_schoeniclus/XC1014612.mp3,25.0,28.0,-27.60434958464915,-28.07990306321719,species,Emberiza schoeniclus,Reed Bunting,0.6459564566612244,0.6459564566612244,species,1,rand_species,/Users/justyna-przy/Projects/ISE/FYP/src/bird_data/clips/species/emberiza_schoeniclus/XC1014612__s25000__e28000.wav,
emberiza_schoeniclus,1014612,Emberiza schoeniclus,/Users/justyna-przy/Projects/ISE/FYP/src/bird_data/raw/emberiza_schoeniclus/XC1014612.mp3,28.0,31.0,-25.921754452781613,-28.07990306321719,species,Emberiza schoeniclus,Reed Bunting,0.9987382292747498,0.9987382292747498,species,0,,,
emberiza_schoeniclus,1014612,Emberiza schoeniclus,/Users/justyna-przy/Projects/ISE/FYP/src/bird_data/raw/emberiza_schoeniclus/XC1014612.mp3,31.0,34.0,-27.46931579514794,-28.07990306321719,species,Emberiza schoeniclus,Reed Bunting,0.9948438405990601,0.9948438405990601,species,1,rand_species,/Users/justyna-przy/Projects/ISE/FYP/src/bird_data/clips/species/emberiza_schoeniclus/XC1014612__s31000__e34000.wav,
emberiza_schoeniclus,1014612,Emberiza schoeniclus,/Users/justyna-przy/Projects/ISE/FYP/src/bird_data/raw/emberiza_schoeniclus/XC1014612.mp3,34.0,37.0,-27.295233753224583,-28.07990306321719,species,Emberiza schoeniclus,Reed Bunting,0.8866399526596069,0.8866399526596069,species,0,,,
emberiza_schoeniclus,1011329,Emberiza schoeniclus,/Users/justyna-przy/Projects/ISE/FYP/src/bird_data/raw/emberiza_schoeniclus/XC1011329.mp3,1.0,4.0,-37.008853203812286,-40.0,species,Emberiza schoeniclus,Reed Bunting,0.9507375955581665,0.9507375955581665,species,1,rand_species,/Users/justyna-przy/Projects/ISE/FYP/src/bird_data/clips/species/emberiza_schoeniclus/XC1011329__s1000__e4000.wav,
emberiza_schoeniclus,999864,Emberiza schoeniclus,/Users/justyna-przy/Projects/ISE/FYP/src/bird_data/raw/emberiza_schoeniclus/XC999864.mp3,1.0,4.0,-45.21379658188587,-40.0,species,Emberiza schoeniclus,Reed Bunting,0.8540086150169373,0.8540086150169373,species,1,rand_species,/Users/justyna-przy/Projects/ISE/FYP/src/bird_data/clips/species/emberiza_schoeniclus/XC999864__s1000__e4000.wav,
emberiza_schoeniclus,995508,Emberiza schoeniclus,/Users/justyna-przy/Projects/ISE/FYP/src/bird_data/raw/emberiza_schoeniclus/XC995508.mp3,1.0,4.0,-19.997831535593214,-22.805292767706607,species,Emberiza schoeniclus,Reed Bunting,0.9828336238861084,0.9828336238861084,species,0,,,
emberiza_schoeniclus,995508,Emberiza schoeniclus,/Users/justyna-przy/Projects/ISE/FYP/src/bird_data/raw/emberiza_schoeniclus/XC995508.mp3,4.0,7.0,-22.18012294074208,-22.805292767706607,species,Emberiza schoeniclus,Reed Bunting,0.9915873408317566,0.9915873408317566,species,1,rand_species,/Users/justyna-przy/Projects/ISE/FYP/src/bird_data/clips/species/emberiza_schoeniclus/XC995508__s4000__e7000.wav,
emberiza_schoeniclus,995508,Emberiza schoeniclus,/Users/justyna-przy/Projects/ISE/FYP/src/bird_data/raw/emberiza_schoeniclus/XC995508.mp3,7.0,10.0,-22.107121293389365,-22.805292767706607,species,Emberiza schoeniclus,Reed Bunting,0.9983038902282715,0.9983038902282715,species,0,,,
emberiza_schoeniclus,995508,Emberiza schoeniclus,/Users/justyna-przy/Projects/ISE/FYP/src/bird_data/raw/emberiza_schoeniclus/XC995508.mp3,16.0,19.0,-19.043249350883272,-22.805292767706607,species,Emberiza schoeniclus,Reed Bunting,0.9995817542076111,0.9995817542076111,species,1,rand_species,/Users/justyna-przy/Projects/ISE/FYP/src/bird_data/clips/species/emberiza_schoeniclus/XC995508__s16000__e19000.wav,
emberiza_schoeniclus,995508,Emberiza schoeniclus,/Users/justyna-przy/Projects/ISE/FYP/src/bird_data/raw/emberiza_schoeniclus/XC995508.mp3,22.0,25.0,-18.941793091386792,-22.805292767706607,species,Emberiza schoeniclus,Reed Bunting,0.9836440682411194,0.9836440682411194,species,1,rand_species,/Users/justyna-przy/Projects/ISE/FYP/src/bird_data/clips/species/emberiza_schoeniclus/XC995508__s22000__e25000.wav,
emberiza_schoeniclus,986769,Emberiza schoeniclus,/Users/justyna-przy/Projects/ISE/FYP/src/bird_data/raw/emberiza_schoeniclus/XC986769.mp3,1.0,4.0,-21.204073787744395,-37.96444707644615,drop,Emberiza citrinella,Yellowhammer,0.780976414680481,0.780976414680481,drop,0,,,
emberiza_schoeniclus,986769,Emberiza schoeniclus,/Users/justyna-przy/Projects/ISE/FYP/src/bird_data/raw/emberiza_schoeniclus/XC986769.mp3,4.0,7.0,-37.576479006273885,-37.96444707644615,non_bird,,,0.0,0.0,non_bird,1,nonbird_lowconf,/Users/justyna-przy/Projects/ISE/FYP/src/bird_data/clips/non_bird/emberiza_schoeniclus/XC986769__s4000__e7000.wav,
emberiza_schoeniclus,986769,Emberiza schoeniclus,/Users/justyna-przy/Projects/ISE/FYP/src/bird_data/raw/emberiza_schoeniclus/XC986769.mp3,7.0,10.0,-22.130332264827356,-37.96444707644615,drop,Emberiza citrinella,Yellowhammer,0.6580804586410522,0.6580804586410522,drop,0,,,
emberiza_schoeniclus,986769,Emberiza schoeniclus,/Users/justyna-przy/Projects/ISE/FYP/src/bird_data/raw/emberiza_schoeniclus/XC986769.mp3,16.0,19.0,-23.226205012283888,-37.96444707644615,drop,Emberiza citrinella,Yellowhammer,0.5480665564537048,0.5480665564537048,drop,0,,,
emberiza_schoeniclus,986768,Emberiza schoeniclus,/Users/justyna-przy/Projects/ISE/FYP/src/bird_data/raw/emberiza_schoeniclus/XC986768.mp3,1.0,4.0,-22.325000216230073,-40.0,drop,Emberiza citrinella,Yellowhammer,0.27083930373191833,0.27083930373191833,drop,0,,,
emberiza_schoeniclus,986768,Emberiza schoeniclus,/Users/justyna-przy/Projects/ISE/FYP/src/bird_data/raw/emberiza_schoeniclus/XC986768.mp3,10.0,13.0,-25.012105756786355,-40.0,drop,Emberiza citrinella,Yellowhammer,0.5961411595344543,0.5961411595344543,drop,0,,,
emberiza_schoeniclus,986768,Emberiza schoeniclus,/Users/justyna-przy/Projects/ISE/FYP/src/bird_data/raw/emberiza_schoeniclus/XC986768.mp3,19.0,22.0,-23.84710336461066,-40.0,drop,Emberiza citrinella,Yellowhammer,0.42130160331726074,0.42130160331726074,drop,0,,,
emberiza_schoeniclus,986768,Emberiza schoeniclus,/Users/justyna-przy/Projects/ISE/FYP/src/bird_data/raw/emberiza_schoeniclus/XC986768.mp3,28.0,31.0,-27.35888314644864,-40.0,drop,Emberiza citrinella,Yellowhammer,0.8312814235687256,0.8312814235687256,drop,0,,,
emberiza_schoeniclus,986483,Emberiza schoeniclus,/Users/justyna-przy/Projects/ISE/FYP/src/bird_data/raw/emberiza_schoeniclus/XC986483.mp3,1.0,4.0,-38.90999707456626,-39.40301339564358,species,Emberiza schoeniclus,Reed Bunting,0.9605070948600769,0.9605070948600769,species,1,rand_species,/Users/justyna-przy/Projects/ISE/FYP/src/bird_data/clips/species/emberiza_schoeniclus/XC986483__s1000__e4000.wav,
emberiza_schoeniclus,986483,Emberiza schoeniclus,/Users/justyna-przy/Projects/ISE/FYP/src/bird_data/raw/emberiza_schoeniclus/XC986483.mp3,4.0,7.0,-33.739314234872666,-39.40301339564358,species,Emberiza schoeniclus,Reed Bunting,0.9784566164016724,0.9784566164016724,species,1,rand_species,/Users/justyna-przy/Projects/ISE/FYP/src/bird_data/clips/species/emberiza_schoeniclus/XC986483__s4000__e7000.wav,
emberiza_schoeniclus,986426,Emberiza schoeniclus,/Users/justyna-przy/Projects/ISE/FYP/src/bird_data/raw/emberiza_schoeniclus/XC986426.mp3,19.0,22.0,-56.79261036283543,-40.0,species,Emberiza schoeniclus,Reed Bunting,0.9662186503410339,0.9662186503410339,species,1,rand_species,/Users/justyna-przy/Projects/ISE/FYP/src/bird_data/clips/species/emberiza_schoeniclus/XC986426__s19000__e22000.wav,
emberiza_schoeniclus,986014,Emberiza schoeniclus,/Users/justyna-przy/Projects/ISE/FYP/src/bird_data/raw/emberiza_schoeniclus/XC986014.mp3,7.0,10.0,-39.643696602071806,-40.0,species,Emberiza schoeniclus,Reed Bunting,0.8120588064193726,0.8120588064193726,species,1,rand_species,/Users/justyna-przy/Projects/ISE/FYP/src/bird_data/clips/species/emberiza_schoeniclus/XC986014__s7000__e10000.wav,
emberiza_schoeniclus,986014,Emberiza schoeniclus,/Users/justyna-przy/Projects/ISE/FYP/src/bird_data/raw/emberiza_schoeniclus/XC986014.mp3,10.0,13.0,-36.214200067271655,-40.0,drop,Phylloscopus collybita,Common Chiffchaff,0.20791973173618317,0.20791973173618317,drop,0,,,
emberiza_schoeniclus,986014,Emberiza schoeniclus,/Users/justyna-przy/Projects/ISE/FYP/src/bird_data/raw/emberiza_schoeniclus/XC986014.mp3,13.0,16.0,-33.90449387314269,-40.0,species,Emberiza schoeniclus,Reed Bunting,0.9005675315856934,0.9005675315856934,species,1,rand_species,/Users/justyna-przy/Projects/ISE/FYP/src/bird_data/clips/species/emberiza_schoeniclus/XC986014__s13000__e16000.wav,
emberiza_schoeniclus,986014,Emberiza schoeniclus,/Users/justyna-przy/Projects/ISE/FYP/src/bird_data/raw/emberiza_schoeniclus/XC986014.mp3,16.0,19.0,-34.060757856230964,-40.0,drop,Phylloscopus collybita,Common Chiffchaff,0.38427433371543884,0.38427433371543884,drop,0,,,
emberiza_schoeniclus,986014,Emberiza schoeniclus,/Users/justyna-przy/Projects/ISE/FYP/src/bird_data/raw/emberiza_schoeniclus/XC986014.mp3,19.0,22.0,-35.47742024978221,-40.0,drop,Psittacula krameri,Rose-ringed Parakeet,0.8379925489425659,0.8379925489425659,drop,0,,,
emberiza_schoeniclus,921636,Emberiza schoeniclus,/Users/justyna-przy/Projects/ISE/FYP/src/bird_data/raw/emberiza_schoeniclus/XC921636.mp3,7.0,10.0,-26.522589149294596,-28.258775092591293,drop,Muscicapa striata,Spotted Flycatcher,0.31801488995552063,0.31801488995552063,drop,0,,,
emberiza_schoeniclus,921636,Emberiza schoeniclus,/Users/justyna-przy/Projects/ISE/FYP/src/bird_data/raw/emberiza_schoeniclus/XC921636.mp3,10.0,13.0,-27.69667027214001,-28.258775092591293,drop,Muscicapa striata,Spotted Flycatcher,0.4571978747844696,0.4571978747844696,drop,0,,,
emberiza_schoeniclus,921636,Emberiza schoeniclus,/Users/justyna-przy/Projects/ISE/FYP/src/bird_data/raw/emberiza_schoeniclus/XC921636.mp3,13.0,16.0,-27.860980890842562,-28.258775092591293,drop,Muscicapa striata,Spotted Flycatcher,0.48732608556747437,0.48732608556747437,drop,0,,,
emberiza_schoeniclus,921636,Emberiza schoeniclus,/Users/justyna-przy/Projects/ISE/FYP/src/bird_data/raw/emberiza_schoeniclus/XC921636.mp3,19.0,22.0,-27.433350445601285,-28.258775092591293,drop,Muscicapa striata,Spotted Flycatcher,0.10444023460149765,0.10444023460149765,drop,0,,,
emberiza_schoeniclus,921636,Emberiza schoeniclus,/Users/justyna-przy/Projects/ISE/FYP/src/bird_data/raw/emberiza_schoeniclus/XC921636.mp3,22.0,25.0,-27.31871615348393,-28.258775092591293,drop,Muscicapa striata,Spotted Flycatcher,0.211733877658844,0.211733877658844,drop,0,,,
emberiza_schoeniclus,921636,Emberiza schoeniclus,/Users/justyna-przy/Projects/ISE/FYP/src/bird_data/raw/emberiza_schoeniclus/XC921636.mp3,25.0,28.0,-26.09846586707998,-28.258775092591293,drop,Poecile sclateri,Mexican Chickadee,0.10168129205703735,0.10168129205703735,drop,0,,,
emberiza_schoeniclus,921636,Emberiza schoeniclus,/Users/justyna-przy/Projects/ISE/FYP/src/bird_data/raw/emberiza_schoeniclus/XC921636.mp3,28.0,31.0,-28.126835381426893,-28.258775092591293,drop,Troglodytes solstitialis,Mountain Wren,0.4074871838092804,0.4074871838092804,drop,0,,,
emberiza_schoeniclus,921636,Emberiza schoeniclus,/Users/justyna-przy/Projects/ISE/FYP/src/bird_data/raw/emberiza_schoeniclus/XC921636.mp3,31.0,34.0,-26.046082369573003,-28.258775092591293,drop,Troglodytes solstitialis,Mountain Wren,0.28529778122901917,0.28529778122901917,drop,0,,,
emberiza_schoeniclus,921636,Emberiza schoeniclus,/Users/justyna-przy/Projects/ISE/FYP/src/bird_data/raw/emberiza_schoeniclus/XC921636.mp3,34.0,37.0,-27.184473691365888,-28.258775092591293,drop,Troglodytes solstitialis,Mountain Wren,0.21044065058231354,0.21044065058231354,drop,0,,,
emberiza_schoeniclus,921636,Emberiza schoeniclus,/Users/justyna-przy/Projects/ISE/FYP/src/bird_data/raw/emberiza_schoeniclus/XC921636.mp3,37.0,40.0,-28.114672412597717,-28.258775092591293,drop,Troglodytes solstitialis,Mountain Wren,0.334620863199234,0.334620863199234,drop,0,,,
emberiza_schoeniclus,921636,Emberiza schoeniclus,/Users/justyna-przy/Projects/ISE/FYP/src/bird_data/raw/emberiza_schoeniclus/XC921636.mp3,46.0,49.0,-28.067717714264106,-28.258775092591293,drop,Troglodytes solstitialis,Mountain Wren,0.24130959808826447,0.24130959808826447,drop,0,,,
emberiza_schoeniclus,914649,Emberiza schoeniclus,/Users/justyna-przy/Projects/ISE/FYP/src/bird_data/raw/emberiza_schoeniclus/XC914649.mp3,1.0,4.0,-50.48192527258646,-40.0,species,Emberiza schoeniclus,Reed Bunting,0.961310863494873,0.961310863494873,species,1,rand_species,/Users/justyna-przy/Projects/ISE/FYP/src/bird_data/clips/species/emberiza_schoeniclus/XC914649__s1000__e4000.wav,
emberiza_schoeniclus,914645,Emberiza schoeniclus,/Users/justyna-przy/Projects/ISE/FYP/src/bird_data/raw/emberiza_schoeniclus/XC914645.mp3,13.0,16.0,-65.07857329918278,-40.0,non_bird,,,0.0,0.0,non_bird,1,nonbird_lowconf,/Users/justyna-przy/Projects/ISE/FYP/src/bird_data/clips/non_bird/emberiza_schoeniclus/XC914645__s13000__e16000.wav,
emberiza_schoeniclus,909873,Emberiza schoeniclus,/Users/justyna-przy/Projects/ISE/FYP/src/bird_data/raw/emberiza_schoeniclus/XC909873.mp3,10.0,13.0,-38.61992187473602,-40.0,drop,Cyanistes caeruleus,Eurasian Blue Tit,0.4565870463848114,0.4565870463848114,drop,0,,,
emberiza_schoeniclus,909873,Emberiza schoeniclus,/Users/justyna-przy/Projects/ISE/FYP/src/bird_data/raw/emberiza_schoeniclus/XC909873.mp3,13.0,16.0,-31.33926545963576,-40.0,drop,Amphispiza bilineata,Black-throated Sparrow,0.16608427464962006,0.16608427464962006,drop,0,,,
emberiza_schoeniclus,909873,Emberiza schoeniclus,/Users/justyna-przy/Projects/ISE/FYP/src/bird_data/raw/emberiza_schoeniclus/XC909873.mp3,16.0,19.0,-38.78097641552482,-40.0,species,Emberiza schoeniclus,Reed Bunting,0.9941956400871277,0.9941956400871277,species,1,rand_species,/Users/justyna-przy/Projects/ISE/FYP/src/bird_data/clips/species/emberiza_schoeniclus/XC909873__s16000__e19000.wav,
emberiza_schoeniclus,909873,Emberiza schoeniclus,/Users/justyna-przy/Projects/ISE/FYP/src/bird_data/raw/emberiza_schoeniclus/XC909873.mp3,25.0,28.0,-35.482754645759876,-40.0,species,Emberiza schoeniclus,Reed Bunting,0.3312828540802002,0.3312828540802002,species,1,rand_species,/Users/justyna-przy/Projects/ISE/FYP/src/bird_data/clips/species/emberiza_schoeniclus/XC909873__s25000__e28000.wav,
emberiza_schoeniclus,909873,Emberiza schoeniclus,/Users/justyna-przy/Projects/ISE/FYP/src/bird_data/raw/emberiza_schoeniclus/XC909873.mp3,28.0,31.0,-36.58803821296124,-40.0,drop,Passerina amoena,Lazuli Bunting,0.8189206719398499,0.8189206719398499,drop,0,,,
emberiza_schoeniclus,906757,Emberiza schoeniclus,/Users/justyna-przy/Projects/ISE/FYP/src/bird_data/raw/emberiza_schoeniclus/XC906757.mp3,1.0,4.0,-28.539270567320408,-31.397207851574954,drop,Luscinia svecica,Bluethroat,0.14634749293327332,0.14634749293327332,drop,0,,,
emberiza_schoeniclus,906757,Emberiza schoeniclus,/Users/justyna-przy/Projects/ISE/FYP/src/bird_data/raw/emberiza_schoeniclus/XC906757.mp3,4.0,7.0,-24.7123904509232,-31.397207851574954,species,Emberiza schoeniclus,Reed Bunting,0.8823991417884827,0.8823991417884827,species,1,rand_species,/Users/justyna-przy/Projects/ISE/FYP/src/bird_data/clips/species/emberiza_schoeniclus/XC906757__s4000__e7000.wav,
emberiza_schoeniclus,906757,Emberiza schoeniclus,/Users/justyna-przy/Projects/ISE/FYP/src/bird_data/raw/emberiza_schoeniclus/XC906757.mp3,7.0,10.0,-28.567661324920955,-31.397207851574954,species,Emberiza schoeniclus,Reed Bunting,0.9568933248519897,0.9568933248519897,species,0,,,
emberiza_schoeniclus,906757,Emberiza schoeniclus,/Users/justyna-przy/Projects/ISE/FYP/src/bird_data/raw/emberiza_schoeniclus/XC906757.mp3,10.0,13.0,-27.68374806703268,-31.397207851574954,drop,Emberiza schoeniclus,Reed Bunting,0.12741562724113464,0.12741562724113464,drop,0,,,
emberiza_schoeniclus,906757,Emberiza schoeniclus,/Users/justyna-przy/Projects/ISE/FYP/src/bird_data/raw/emberiza_schoeniclus/XC906757.mp3,13.0,16.0,-28.139805824248768,-31.397207851574954,drop,Luscinia svecica,Bluethroat,0.23395217955112457,0.23395217955112457,drop,0,,,
emberiza_schoeniclus,906757,Emberiza schoeniclus,/Users/justyna-przy/Projects/ISE/FYP/src/bird_data/raw/emberiza_schoeniclus/XC906757.mp3,16.0,19.0,-26.43509910686457,-31.397207851574954,drop,Luscinia svecica,Bluethroat,0.25517866015434265,0.25517866015434265,drop,0,,,
emberiza_schoeniclus,906757,Emberiza schoeniclus,/Users/justyna-przy/Projects/ISE/FYP/src/bird_data/raw/emberiza_schoeniclus/XC906757.mp3,19.0,22.0,-25.832816718318764,-31.397207851574954,species,Emberiza schoeniclus,Reed Bunting,0.5508103370666504,0.5508103370666504,species,0,,,
emberiza_schoeniclus,906757,Emberiza schoeniclus,/Users/justyna-przy/Projects/ISE/FYP/src/bird_data/raw/emberiza_schoeniclus/XC906757.mp3,22.0,25.0,-31.396649167941916,-31.397207851574954,non_bird,,,0.0,0.0,non_bird,1,nonbird_lowconf,/Users/justyna-przy/Projects/ISE/FYP/src/bird_data/clips/non_bird/emberiza_schoeniclus/XC906757__s22000__e25000.wav,
emberiza_schoeniclus,906757,Emberiza schoeniclus,/Users/justyna-przy/Projects/ISE/FYP/src/bird_data/raw/emberiza_schoeniclus/XC906757.mp3,25.0,28.0,-27.67441582270614,-31.397207851574954,species,Emberiza schoeniclus,Reed Bunting,0.830748438835144,0.830748438835144,species,1,rand_species,/Users/justyna-przy/Projects/ISE/FYP/src/bird_data/clips/species/emberiza_schoeniclus/XC906757__s25000__e28000.wav,
emberiza_schoeniclus,906757,Emberiza schoeniclus,/Users/justyna-przy/Projects/ISE/FYP/src/bird_data/raw/emberiza_schoeniclus/XC906757.mp3,37.0,40.0,-30.049371286793416,-31.397207851574954,species,Emberiza schoeniclus,Reed Bunting,0.7008245587348938,0.7008245587348938,species,1,rand_species,/Users/justyna-przy/Projects/ISE/FYP/src/bird_data/clips/species/emberiza_schoeniclus/XC906757__s37000__e40000.wav,
emberiza_schoeniclus,845794,Emberiza schoeniclus,/Users/justyna-przy/Projects/ISE/FYP/src/bird_data/raw/emberiza_schoeniclus/XC845794.mp3,4.0,7.0,-47.98567958252403,-40.0,non_bird,,,0.0,0.0,non_bird,1,nonbird_lowconf,/Users/justyna-przy/Projects/ISE/FYP/src/bird_data/clips/non_bird/emberiza_schoeniclus/XC845794__s4000__e7000.wav,
emberiza_schoeniclus,840795,Emberiza schoeniclus,/Users/justyna-przy/Projects/ISE/FYP/src/bird_data/raw/emberiza_schoeniclus/XC840795.mp3,1.0,4.0,-49.58711015289397,-40.0,drop,Periparus ater,Coal Tit,0.1035761684179306,0.1035761684179306,drop,0,,,
emberiza_schoeniclus,840133,Emberiza schoeniclus,/Users/justyna-przy/Projects/ISE/FYP/src/bird_data/raw/emberiza_schoeniclus/XC840133.mp3,1.0,4.0,-18.830254352489753,-18.866100942815923,non_bird,,,0.0,0.0,non_bird,1,nonbird_lowconf,/Users/justyna-przy/Projects/ISE/FYP/src/bird_data/clips/non_bird/emberiza_schoeniclus/XC840133__s1000__e4000.wav,
emberiza_schoeniclus,833799,Emberiza schoeniclus,/Users/justyna-przy/Projects/ISE/FYP/src/bird_data/raw/emberiza_schoeniclus/XC833799.mp3,1.0,4.0,-36.0644643312057,-37.01263784238318,species,Emberiza schoeniclus,Reed Bunting,0.9548899531364441,0.9548899531364441,species,1,rand_species,/Users/justyna-przy/Projects/ISE/FYP/src/bird_data/clips/species/emberiza_schoeniclus/XC833799__s1000__e4000.wav,
emberiza_schoeniclus,833799,Emberiza schoeniclus,/Users/justyna-przy/Projects/ISE/FYP/src/bird_data/raw/emberiza_schoeniclus/XC833799.mp3,10.0,13.0,-34.88212934943216,-37.01263784238318,species,Emberiza schoeniclus,Reed Bunting,0.9883881211280823,0.9883881211280823,species,1,rand_species,/Users/justyna-przy/Projects/ISE/FYP/src/bird_data/clips/species/emberiza_schoeniclus/XC833799__s10000__e13000.wav,
emberiza_schoeniclus,833799,Emberiza schoeniclus,/Users/justyna-przy/Projects/ISE/FYP/src/bird_data/raw/emberiza_schoeniclus/XC833799.mp3,19.0,22.0,-36.3136225046171,-37.01263784238318,drop,Iduna caligata,Booted Warbler,0.4535163342952728,0.4535163342952728,drop,0,,,
emberiza_schoeniclus,833799,Emberiza schoeniclus,/Users/justyna-przy/Projects/ISE/FYP/src/bird_data/raw/emberiza_schoeniclus/XC833799.mp3,22.0,25.0,-32.85102406638804,-37.01263784238318,species,Emberiza schoeniclus,Reed Bunting,0.919567346572876,0.919567346572876,species,0,,,
emberiza_schoeniclus,833799,Emberiza schoeniclus,/Users/justyna-przy/Projects/ISE/FYP/src/bird_data/raw/emberiza_schoeniclus/XC833799.mp3,25.0,28.0,-36.28016988127099,-37.01263784238318,drop,Acrocephalus scirpaceus,Eurasian Reed Warbler,0.6108434200286865,0.6108434200286865,drop,0,,,
emberiza_schoeniclus,833799,Emberiza schoeniclus,/Users/justyna-przy/Projects/ISE/FYP/src/bird_data/raw/emberiza_schoeniclus/XC833799.mp3,28.0,31.0,-36.86987878102445,-37.01263784238318,drop,Acrocephalus scirpaceus,Eurasian Reed Warbler,0.6098664402961731,0.6098664402961731,drop,0,,,
emberiza_schoeniclus,833799,Emberiza schoeniclus,/Users/justyna-przy/Projects/ISE/FYP/src/bird_data/raw/emberiza_schoeniclus/XC833799.mp3,31.0,34.0,-35.22070387476929,-37.01263784238318,drop,Acrocephalus scirpaceus,Eurasian Reed Warbler,0.33600008487701416,0.33600008487701416,drop,0,,,
emberiza_schoeniclus,833799,Emberiza schoeniclus,/Users/justyna-przy/Projects/ISE/FYP/src/bird_data/raw/emberiza_schoeniclus/XC833799.mp3,34.0,37.0,-29.206663199676463,-37.01263784238318,species,Emberiza schoeniclus,Reed Bunting,0.9676291346549988,0.9676291346549988,species,1,rand_species,/Users/justyna-przy/Projects/ISE/FYP/src/bird_data/clips/species/emberiza_schoeniclus/XC833799__s34000__e37000.wav,
emberiza_schoeniclus,829278,Emberiza schoeniclus,/Users/justyna-przy/Projects/ISE/FYP/src/bird_data/raw/emberiza_schoeniclus/XC829278.mp3,10.0,13.0,-32.24300781643106,-40.0,species,Emberiza schoeniclus,Reed Bunting,0.9775965213775635,0.9775965213775635,species,1,rand_species,/Users/justyna-przy/Projects/ISE/FYP/src/bird_data/clips/species/emberiza_schoeniclus/XC829278__s10000__e13000.wav,
emberiza_schoeniclus,829278,Emberiza schoeniclus,/Users/justyna-przy/Projects/ISE/FYP/src/bird_data/raw/emberiza_schoeniclus/XC829278.mp3,13.0,16.0,-36.76060258873072,-40.0,species,Emberiza schoeniclus,Reed Bunting,0.9910399317741394,0.9910399317741394,species,1,rand_species,/Users/justyna-przy/Projects/ISE/FYP/src/bird_data/clips/species/emberiza_schoeniclus/XC829278__s13000__e16000.wav,
emberiza_schoeniclus,822194,Emberiza schoeniclus,/Users/justyna-przy/Projects/ISE/FYP/src/bird_data/raw/emberiza_schoeniclus/XC822194.mp3,1.0,4.0,-23.28203302852635,-25.978174840680627,species,Emberiza schoeniclus,Reed Bunting,0.9834210276603699,0.9834210276603699,species,0,,,
emberiza_schoeniclus,822194,Emberiza schoeniclus,/Users/justyna-przy/Projects/ISE/FYP/src/bird_data/raw/emberiza_schoeniclus/XC822194.mp3,4.0,7.0,-25.569434897564033,-25.978174840680627,species,Emberiza schoeniclus,Reed Bunting,0.9986603260040283,0.9986603260040283,species,0,,,
emberiza_schoeniclus,822194,Emberiza schoeniclus,/Users/justyna-przy/Projects/ISE/FYP/src/bird_data/raw/emberiza_schoeniclus/XC822194.mp3,10.0,13.0,-25.978174840680627,-25.978174840680627,species,Emberiza schoeniclus,Reed Bunting,0.9933172464370728,0.9933172464370728,species,0,,,
emberiza_schoeniclus,822194,Emberiza schoeniclus,/Users/justyna-przy/Projects/ISE/FYP/src/bird_data/raw/emberiza_schoeniclus/XC822194.mp3,16.0,19.0,-25.38606545422567,-25.978174840680627,species,Emberiza schoeniclus,Reed Bunting,0.9984846711158752,0.9984846711158752,species,1,rand_species,/Users/justyna-przy/Projects/ISE/FYP/src/bird_data/clips/species/emberiza_schoeniclus/XC822194__s16000__e19000.wav,
emberiza_schoeniclus,822194,Emberiza schoeniclus,/Users/justyna-przy/Projects/ISE/FYP/src/bird_data/raw/emberiza_schoeniclus/XC822194.mp3,19.0,22.0,-23.18340671559976,-25.978174840680627,species,Emberiza schoeniclus,Reed Bunting,0.9956327080726624,0.9956327080726624,species,0,,,
emberiza_schoeniclus,822194,Emberiza schoeniclus,/Users/justyna-przy/Projects/ISE/FYP/src/bird_data/raw/emberiza_schoeniclus/XC822194.mp3,25.0,28.0,-23.133432566913864,-25.978174840680627,species,Emberiza schoeniclus,Reed Bunting,0.99268639087677,0.99268639087677,species,1,rand_species,/Users/justyna-przy/Projects/ISE/FYP/src/bird_data/clips/species/emberiza_schoeniclus/XC822194__s25000__e28000.wav,
emberiza_schoeniclus,822194,Emberiza schoeniclus,/Users/justyna-przy/Projects/ISE/FYP/src/bird_data/raw/emberiza_schoeniclus/XC822194.mp3,28.0,31.0,-24.987243975656245,-25.978174840680627,species,Emberiza schoeniclus,Reed Bunting,0.9950950145721436,0.9950950145721436,species,1,rand_species,/Users/justyna-przy/Projects/ISE/FYP/src/bird_data/clips/species/emberiza_schoeniclus/XC822194__s28000__e31000.wav,
emberiza_schoeniclus,822194,Emberiza schoeniclus,/Users/justyna-przy/Projects/ISE/FYP/src/bird_data/raw/emberiza_schoeniclus/XC822194.mp3,31.0,34.0,-25.576741872728633,-25.978174840680627,species,Emberiza schoeniclus,Reed Bunting,0.9965417981147766,0.9965417981147766,species,0,,,
emberiza_schoeniclus,812129,Emberiza schoeniclus,/Users/justyna-przy/Projects/ISE/FYP/src/bird_data/raw/emberiza_schoeniclus/XC812129.mp3,1.0,4.0,-32.694071813475276,-40.0,species,Emberiza schoeniclus,Reed Bunting,0.4814119040966034,0.4814119040966034,species,1,rand_species,/Users/justyna-przy/Projects/ISE/FYP/src/bird_data/clips/species/emberiza_schoeniclus/XC812129__s1000__e4000.wav,
emberiza_schoeniclus,812129,Emberiza schoeniclus,/Users/justyna-przy/Projects/ISE/FYP/src/bird_data/raw/emberiza_schoeniclus/XC812129.mp3,7.0,10.0,-34.9458405314141,-40.0,species,Emberiza schoeniclus,Reed Bunting,0.8960260152816772,0.8960260152816772,species,0,,,
emberiza_schoeniclus,812129,Emberiza schoeniclus,/Users/justyna-przy/Projects/ISE/FYP/src/bird_data/raw/emberiza_schoeniclus/XC812129.mp3,10.0,13.0,-36.85687204248738,-40.0,drop,Emberiza schoeniclus,Reed Bunting,0.12813638150691986,0.12813638150691986,drop,0,,,
emberiza_schoeniclus,812129,Emberiza schoeniclus,/Users/justyna-przy/Projects/ISE/FYP/src/bird_data/raw/emberiza_schoeniclus/XC812129.mp3,19.0,22.0,-33.862598051579,-40.0,species,Emberiza schoeniclus,Reed Bunting,0.6481176614761353,0.6481176614761353,species,1,rand_species,/Users/justyna-przy/Projects/ISE/FYP/src/bird_data/clips/species/emberiza_schoeniclus/XC812129__s19000__e22000.wav,
emberiza_schoeniclus,812129,Emberiza schoeniclus,/Users/justyna-przy/Projects/ISE/FYP/src/bird_data/raw/emberiza_schoeniclus/XC812129.mp3,31.0,34.0,-34.49841546043703,-40.0,species,Emberiza schoeniclus,Reed Bunting,0.521196186542511,0.521196186542511,species,1,rand_species,/Users/justyna-przy/Projects/ISE/FYP/src/bird_data/clips/species/emberiza_schoeniclus/XC812129__s31000__e34000.wav,
emberiza_schoeniclus,811490,Emberiza schoeniclus,/Users/justyna-przy/Projects/ISE/FYP/src/bird_data/raw/emberiza_schoeniclus/XC811490.mp3,1.0,4.0,-27.18018308337868,-39.76281806418811,species,Emberiza schoeniclus,Reed Bunting,0.8999026417732239,0.8999026417732239,species,1,rand_species,/Users/justyna-przy/Projects/ISE/FYP/src/bird_data/clips/species/emberiza_schoeniclus/XC811490__s1000__e4000.wav,
emberiza_schoeniclus,811490,Emberiza schoeniclus,/Users/justyna-przy/Projects/ISE/FYP/src/bird_data/raw/emberiza_schoeniclus/XC811490.mp3,7.0,10.0,-36.81045896862315,-39.76281806418811,drop,Phylloscopus trochilus,Willow Warbler,0.43023568391799927,0.43023568391799927,drop,0,,,
emberiza_schoeniclus,811490,Emberiza schoeniclus,/Users/justyna-przy/Projects/ISE/FYP/src/bird_data/raw/emberiza_schoeniclus/XC811490.mp3,13.0,16.0,-28.038953638382207,-39.76281806418811,species,Emberiza schoeniclus,Reed Bunting,0.7413395047187805,0.7413395047187805,species,1,rand_species,/Users/justyna-przy/Projects/ISE/FYP/src/bird_data/clips/species/emberiza_schoeniclus/XC811490__s13000__e16000.wav,
emberiza_schoeniclus,811490,Emberiza schoeniclus,/Users/justyna-przy/Projects/ISE/FYP/src/bird_data/raw/emberiza_schoeniclus/XC811490.mp3,16.0,19.0,-39.52215307729732,-39.76281806418811,drop,Phylloscopus trochilus,Willow Warbler,0.2112531065940857,0.2112531065940857,drop,0,,,
emberiza_schoeniclus,811490,Emberiza schoeniclus,/Users/justyna-przy/Projects/ISE/FYP/src/bird_data/raw/emberiza_schoeniclus/XC811490.mp3,19.0,22.0,-38.522192797820935,-39.76281806418811,non_bird,,,0.0,0.0,non_bird,1,nonbird_lowconf,/Users/justyna-przy/Projects/ISE/FYP/src/bird_data/clips/non_bird/emberiza_schoeniclus/XC811490__s19000__e22000.wav,
emberiza_schoeniclus,811490,Emberiza schoeniclus,/Users/justyna-przy/Projects/ISE/FYP/src/bird_data/raw/emberiza_schoeniclus/XC811490.mp3,25.0,28.0,-28.16857572862791,-39.76281806418811,species,Emberiza schoeniclus,Reed Bunting,0.7843283414840698,0.7843283414840698,species,1,rand_species,/Users/justyna-przy/Projects/ISE/FYP/src/bird_data/clips/species/emberiza_schoeniclus/XC811490__s25000__e28000.wav,
emberiza_schoeniclus,811477,Emberiza schoeniclus,/Users/justyna-przy/Projects/ISE/FYP/src/bird_data/raw/emberiza_schoeniclus/XC811477.mp3,1.0,4.0,-25.29810255060719,-37.25944066389204,species,Emberiza schoeniclus,Reed Bunting,0.7581363320350647,0.7581363320350647,species,0,,,
emberiza_schoeniclus,811477,Emberiza schoeniclus,/Users/justyna-przy/Projects/ISE/FYP/src/bird_data/raw/emberiza_schoeniclus/XC811477.mp3,4.0,7.0,-30.528743236139153,-37.25944066389204,drop,Hippolais polyglotta,Melodious Warbler,0.8143977522850037,0.8143977522850037,drop,0,,,
emberiza_schoeniclus,811477,Emberiza schoeniclus,/Users/justyna-przy/Projects/ISE/FYP/src/bird_data/raw/emberiza_schoeniclus/XC811477.mp3,7.0,10.0,-35.733526997467216,-37.25944066389204,drop,Curruca communis,Greater Whitethroat,0.23338225483894348,0.23338225483894348,drop,0,,,
emberiza_schoeniclus,811477,Emberiza schoeniclus,/Users/justyna-przy/Projects/ISE/FYP/src/bird_data/raw/emberiza_schoeniclus/XC811477.mp3,10.0,13.0,-36.34091921603273,-37.25944066389204,drop,Saxicola rubicola,European Stonechat,0.14542452991008759,0.14542452991008759,drop,0,,,
emberiza_schoeniclus,811477,Emberiza schoeniclus,/Users/justyna-przy/Projects/ISE/FYP/src/bird_data/raw/emberiza_schoeniclus/XC811477.mp3,13.0,16.0,-36.74449241219952,-37.25944066389204,drop,Psittacula krameri,Rose-ringed Parakeet,0.2335781455039978,0.2335781455039978,drop,0,,,
emberiza_schoeniclus,811477,Emberiza schoeniclus,/Users/justyna-przy/Projects/ISE/FYP/src/bird_data/raw/emberiza_schoeniclus/XC811477.mp3,16.0,19.0,-33.93846757715445,-37.25944066389204,drop,Psittacula krameri,Rose-ringed Parakeet,0.12221964448690414,0.12221964448690414,drop,0,,,
emberiza_schoeniclus,811477,Emberiza schoeniclus,/Users/justyna-przy/Projects/ISE/FYP/src/bird_data/raw/emberiza_schoeniclus/XC811477.mp3,19.0,22.0,-24.571106314367157,-37.25944066389204,species,Emberiza schoeniclus,Reed Bunting,0.7116434574127197,0.7116434574127197,species,1,rand_species,/Users/justyna-przy/Projects/ISE/FYP/src/bird_data/clips/species/emberiza_schoeniclus/XC811477__s19000__e22000.wav,
emberiza_schoeniclus,811477,Emberiza schoeniclus,/Users/justyna-przy/Projects/ISE/FYP/src/bird_data/raw/emberiza_schoeniclus/XC811477.mp3,28.0,31.0,-36.286659771764896,-37.25944066389204,drop,Phylloscopus trochilus,Willow Warbler,0.40947386622428894,0.40947386622428894,drop,0,,,
emberiza_schoeniclus,811477,Emberiza schoeniclus,/Users/justyna-przy/Projects/ISE/FYP/src/bird_data/raw/emberiza_schoeniclus/XC811477.mp3,34.0,37.0,-36.69648528211939,-37.25944066389204,non_bird,,,0.0,0.0,non_bird,1,nonbird_lowconf,/Users/justyna-przy/Projects/ISE/FYP/src/bird_data/clips/non_bird/emberiza_schoeniclus/XC811477__s34000__e37000.wav,
emberiza_schoeniclus,811477,Emberiza schoeniclus,/Users/justyna-przy/Projects/ISE/FYP/src/bird_data/raw/emberiza_schoeniclus/XC811477.mp3,37.0,40.0,-24.41142881059603,-37.25944066389204,species,Emberiza schoeniclus,Reed Bunting,0.5000516772270203,0.5000516772270203,species,1,rand_species,/Users/justyna-przy/Projects/ISE/FYP/src/bird_data/clips/species/emberiza_schoeniclus/XC811477__s37000__e40000.wav,
emberiza_schoeniclus,811477,Emberiza schoeniclus,/Users/justyna-przy/Projects/ISE/FYP/src/bird_data/raw/emberiza_schoeniclus/XC811477.mp3,46.0,49.0,-35.54324137207914,-37.25944066389204,drop,Phylloscopus trochilus,Willow Warbler,0.31374743580818176,0.31374743580818176,drop,0,,,
emberiza_schoeniclus,811477,Emberiza schoeniclus,/Users/justyna-przy/Projects/ISE/FYP/src/bird_data/raw/emberiza_schoeniclus/XC811477.mp3,52.0,55.0,-28.276426394941613,-37.25944066389204,species,Emberiza schoeniclus,Reed Bunting,0.31797340512275696,0.31797340512275696,species,1,rand_species,/Users/justyna-przy/Projects/ISE/FYP/src/bird_data/clips/species/emberiza_schoeniclus/XC811477__s52000__e55000.wav,
emberiza_schoeniclus,811476,Emberiza schoeniclus,/Users/justyna-przy/Projects/ISE/FYP/src/bird_data/raw/emberiza_schoeniclus/XC811476.mp3,1.0,4.0,-18.322171209457593,-37.47516020363316,species,Emberiza schoeniclus,Reed Bunting,0.9844582080841064,0.9844582080841064,species,1,rand_species,/Users/justyna-przy/Projects/ISE/FYP/src/bird_data/clips/species/emberiza_schoeniclus/XC811476__s1000__e4000.wav,
emberiza_schoeniclus,811476,Emberiza schoeniclus,/Users/justyna-przy/Projects/ISE/FYP/src/bird_data/raw/emberiza_schoeniclus/XC811476.mp3,7.0,10.0,-36.94451126067903,-37.47516020363316,drop,Emberiza schoeniclus,Reed Bunting,0.1404949277639389,0.1404949277639389,drop,0,,,
emberiza_schoeniclus,811476,Emberiza schoeniclus,/Users/justyna-przy/Projects/ISE/FYP/src/bird_data/raw/emberiza_schoeniclus/XC811476.mp3,13.0,16.0,-21.028765789153066,-37.47516020363316,species,Emberiza schoeniclus,Reed Bunting,0.9811317920684814,0.9811317920684814,species,1,rand_species,/Users/justyna-przy/Projects/ISE/FYP/src/bird_data/clips/species/emberiza_schoeniclus/XC811476__s13000__e16000.wav,
emberiza_schoeniclus,811471,Emberiza schoeniclus,/Users/justyna-przy/Projects/ISE/FYP/src/bird_data/raw/emberiza_schoeniclus/XC811471.mp3,1.0,4.0,-12.797574628178587,-31.379221891336393,species,Emberiza schoeniclus,Reed Bunting,0.9955729246139526,0.9955729246139526,species,1,rand_species,/Users/justyna-przy/Projects/ISE/FYP/src/bird_data/clips/species/emberiza_schoeniclus/XC811471__s1000__e4000.wav,
emberiza_schoeniclus,811471,Emberiza schoeniclus,/Users/justyna-przy/Projects/ISE/FYP/src/bird_data/raw/emberiza_schoeniclus/XC811471.mp3,4.0,7.0,-21.26178299306047,-31.379221891336393,drop,Catamenia analis,Band-tailed Seedeater,0.37913522124290466,0.37913522124290466,drop,0,,,
emberiza_schoeniclus,811471,Emberiza schoeniclus,/Users/justyna-przy/Projects/ISE/FYP/src/bird_data/raw/emberiza_schoeniclus/XC811471.mp3,10.0,13.0,-31.351661344241105,-31.379221891336393,drop,Turdus philomelos,Song Thrush,0.1693284660577774,0.1693284660577774,drop,0,,,
emberiza_schoeniclus,811471,Emberiza schoeniclus,/Users/justyna-przy/Projects/ISE/FYP/src/bird_data/raw/emberiza_schoeniclus/XC811471.mp3,13.0,16.0,-15.829056611303553,-31.379221891336393,species,Emberiza schoeniclus,Reed Bunting,0.8426472544670105,0.8426472544670105,species,1,rand_species,/Users/justyna-przy/Projects/ISE/FYP/src/bird_data/clips/species/emberiza_schoeniclus/XC811471__s13000__e16000.wav,
emberiza_schoeniclus,811471,Emberiza schoeniclus,/Users/justyna-przy/Projects/ISE/FYP/src/bird_data/raw/emberiza_schoeniclus/XC811471.mp3,16.0,19.0,-14.400596687861153,-31.379221891336393,species,Emberiza schoeniclus,Reed Bunting,0.9828560948371887,0.9828560948371887,species,0,,,
emberiza_schoeniclus,811471,Emberiza schoeniclus,/Users/justyna-przy/Projects/ISE/FYP/src/bird_data/raw/emberiza_schoeniclus/XC811471.mp3,25.0,28.0,-13.147180443601847,-31.379221891336393,species,Emberiza schoeniclus,Reed Bunting,0.670313835144043,0.670313835144043,species,0,,,
emberiza_schoeniclus,811471,Emberiza schoeniclus,/Users/justyna-przy/Projects/ISE/FYP/src/bird_data/raw/emberiza_schoeniclus/XC811471.mp3,28.0,31.0,-17.71731194356792,-31.379221891336393,species,Emberiza schoeniclus,Reed Bunting,0.698075532913208,0.698075532913208,species,1,rand_species,/Users/justyna-przy/Projects/ISE/FYP/src/bird_data/clips/species/emberiza_schoeniclus/XC811471__s28000__e31000.wav,
emberiza_schoeniclus,811471,Emberiza schoeniclus,/Users/justyna-przy/Projects/ISE/FYP/src/bird_data/raw/emberiza_schoeniclus/XC811471.mp3,34.0,37.0,-29.913352861126732,-31.379221891336393,drop,Phylloscopus trochilus,Willow Warbler,0.8283379077911377,0.8283379077911377,drop,0,,,
emberiza_schoeniclus,811471,Emberiza schoeniclus,/Users/justyna-przy/Projects/ISE/FYP/src/bird_data/raw/emberiza_schoeniclus/XC811471.mp3,37.0,40.0,-23.815695754948813,-31.379221891336393,species,Emberiza schoeniclus,Reed Bunting,0.652900755405426,0.652900755405426,species,0,,,
emberiza_schoeniclus,811471,Emberiza schoeniclus,/Users/justyna-przy/Projects/ISE/FYP/src/bird_data/raw/emberiza_schoeniclus/XC811471.mp3,40.0,43.0,-12.079918730052349,-31.379221891336393,species,Emberiza schoeniclus,Reed Bunting,0.9905229210853577,0.9905229210853577,species,0,,,
emberiza_schoeniclus,808434,Emberiza schoeniclus,/Users/justyna-przy/Projects/ISE/FYP/src/bird_data/raw/emberiza_schoeniclus/XC808434.mp3,1.0,4.0,-20.669397311048137,-39.64419349564746,species,Emberiza schoeniclus,Reed Bunting,0.5728514194488525,0.5728514194488525,species,1,rand_species,/Users/justyna-przy/Projects/ISE/FYP/src/bird_data/clips/species/emberiza_schoeniclus/XC808434__s1000__e4000.wav,
emberiza_schoeniclus,808434,Emberiza schoeniclus,/Users/justyna-przy/Projects/ISE/FYP/src/bird_data/raw/emberiza_schoeniclus/XC808434.mp3,4.0,7.0,-35.57872947087232,-39.64419349564746,non_bird,,,0.0,0.0,non_bird,1,nonbird_lowconf,/Users/justyna-przy/Projects/ISE/FYP/src/bird_data/clips/non_bird/emberiza_schoeniclus/XC808434__s4000__e7000.wav,
emberiza_schoeniclus,808434,Emberiza schoeniclus,/Users/justyna-przy/Projects/ISE/FYP/src/bird_data/raw/emberiza_schoeniclus/XC808434.mp3,7.0,10.0,-38.575525613375184,-39.64419349564746,species,Emberiza schoeniclus,Reed Bunting,0.5890283584594727,0.5890283584594727,species,1,rand_species,/Users/justyna-przy/Projects/ISE/FYP/src/bird_data/clips/species/emberiza_schoeniclus/XC808434__s7000__e10000.wav,
emberiza_schoeniclus,808434,Emberiza schoeniclus,/Users/justyna-przy/Projects/ISE/FYP/src/bird_data/raw/emberiza_schoeniclus/XC808434.mp3,16.0,19.0,-39.49370658263684,-39.64419349564746,species,Emberiza schoeniclus,Reed Bunting,0.9870447516441345,0.9870447516441345,species,1,rand_species,/Users/justyna-przy/Projects/ISE/FYP/src/bird_data/clips/species/emberiza_schoeniclus/XC808434__s16000__e19000.wav,
emberiza_schoeniclus,796304,Emberiza schoeniclus,/Users/justyna-przy/Projects/ISE/FYP/src/bird_data/raw/emberiza_schoeniclus/XC796304.mp3,4.0,7.0,-25.072399843981028,-28.455494796874788,species,Emberiza schoeniclus,Reed Bunting,0.9941105246543884,0.9941105246543884,species,1,rand_species,/Users/justyna-przy/Projects/ISE/FYP/src/bird_data/clips/species/emberiza_schoeniclus/XC796304__s4000__e7000.wav,
emberiza_schoeniclus,796304,Emberiza schoeniclus,/Users/justyna-przy/Projects/ISE/FYP/src/bird_data/raw/emberiza_schoeniclus/XC796304.mp3,7.0,10.0,-23.844898652991144,-28.455494796874788,species,Emberiza schoeniclus,Reed Bunting,0.9486435055732727,0.9486435055732727,species,1,rand_species,/Users/justyna-przy/Projects/ISE/FYP/src/bird_data/clips/species/emberiza_schoeniclus/XC796304__s7000__e10000.wav,
emberiza_schoeniclus,796304,Emberiza schoeniclus,/Users/justyna-przy/Projects/ISE/FYP/src/bird_data/raw/emberiza_schoeniclus/XC796304.mp3,13.0,16.0,-21.78463601938885,-28.455494796874788,species,Emberiza schoeniclus,Reed Bunting,0.9896236062049866,0.9896236062049866,species,1,rand_species,/Users/justyna-przy/Projects/ISE/FYP/src/bird_data/clips/species/emberiza_schoeniclus/XC796304__s13000__e16000.wav,
emberiza_schoeniclus,792831,Emberiza schoeniclus,/Users/justyna-przy/Projects/ISE/FYP/src/bird_data/raw/emberiza_schoeniclus/XC792831.mp3,1.0,4.0,-23.337793569608696,-23.337793569608696,drop,Motacilla flava,Western Yellow Wagtail,0.5189013481140137,0.5189013481140137,drop,0,,,
emberiza_schoeniclus,792712,Emberiza schoeniclus,/Users/justyna-przy/Projects/ISE/FYP/src/bird_data/raw/emberiza_schoeniclus/XC792712.mp3,1.0,4.0,-34.428028271859944,-35.12905275438616,species,Emberiza schoeniclus,Reed Bunting,0.9906134605407715,0.9906134605407715,species,0,,,
emberiza_schoeniclus,792712,Emberiza schoeniclus,/Users/justyna-przy/Projects/ISE/FYP/src/bird_data/raw/emberiza_schoeniclus/XC792712.mp3,7.0,10.0,-32.25938820818688,-35.12905275438616,species,Emberiza schoeniclus,Reed Bunting,0.9851729869842529,0.9851729869842529,species,0,,,
emberiza_schoeniclus,792712,Emberiza schoeniclus,/Users/justyna-przy/Projects/ISE/FYP/src/bird_data/raw/emberiza_schoeniclus/XC792712.mp3,10.0,13.0,-35.06239163405071,-35.12905275438616,species,Emberiza schoeniclus,Reed Bunting,0.9922106266021729,0.9922106266021729,species,0,,,
emberiza_schoeniclus,792712,Emberiza schoeniclus,/Users/justyna-przy/Projects/ISE/FYP/src/bird_data/raw/emberiza_schoeniclus/XC792712.mp3,16.0,19.0,-34.33413675693266,-35.12905275438616,species,Emberiza schoeniclus,Reed Bunting,0.9834202527999878,0.9834202527999878,species,0,,,
emberiza_schoeniclus,792712,Emberiza schoeniclus,/Users/justyna-przy/Projects/ISE/FYP/src/bird_data/raw/emberiza_schoeniclus/XC792712.mp3,19.0,22.0,-33.53245095798339,-35.12905275438616,species,Emberiza schoeniclus,Reed Bunting,0.9715360999107361,0.9715360999107361,species,0,,,
emberiza_schoeniclus,792712,Emberiza schoeniclus,/Users/justyna-przy/Projects/ISE/FYP/src/bird_data/raw/emberiza_schoeniclus/XC792712.mp3,22.0,25.0,-34.56322064558417,-35.12905275438616,species,Emberiza schoeniclus,Reed Bunting,0.8677027821540833,0.8677027821540833,species,0,,,
emberiza_schoeniclus,792712,Emberiza schoeniclus,/Users/justyna-przy/Projects/ISE/FYP/src/bird_data/raw/emberiza_schoeniclus/XC792712.mp3,28.0,31.0,-34.740129882230384,-35.12905275438616,species,Emberiza schoeniclus,Reed Bunting,0.987686038017273,0.987686038017273,species,0,,,
emberiza_schoeniclus,792712,Emberiza schoeniclus,/Users/justyna-przy/Projects/ISE/FYP/src/bird_data/raw/emberiza_schoeniclus/XC792712.mp3,34.0,37.0,-32.909579373631885,-35.12905275438616,species,Emberiza schoeniclus,Reed Bunting,0.9916858077049255,0.9916858077049255,species,0,,,
emberiza_schoeniclus,792712,Emberiza schoeniclus,/Users/justyna-przy/Projects/ISE/FYP/src/bird_data/raw/emberiza_schoeniclus/XC792712.mp3,37.0,40.0,-35.08927875780148,-35.12905275438616,species,Emberiza schoeniclus,Reed Bunting,0.9779059290885925,0.9779059290885925,species,1,rand_species,/Users/justyna-przy/Projects/ISE/FYP/src/bird_data/clips/species/emberiza_schoeniclus/XC792712__s37000__e40000.wav,
emberiza_schoeniclus,792712,Emberiza schoeniclus,/Users/justyna-przy/Projects/ISE/FYP/src/bird_data/raw/emberiza_schoeniclus/XC792712.mp3,43.0,46.0,-30.335230035637323,-35.12905275438616,species,Emberiza schoeniclus,Reed Bunting,0.9780068397521973,0.9780068397521973,species,1,rand_species,/Users/justyna-przy/Projects/ISE/FYP/src/bird_data/clips/species/emberiza_schoeniclus/XC792712__s43000__e46000.wav,
emberiza_schoeniclus,792712,Emberiza schoeniclus,/Users/justyna-przy/Projects/ISE/FYP/src/bird_data/raw/emberiza_schoeniclus/XC792712.mp3,46.0,49.0,-34.51026480087477,-35.12905275438616,species,Emberiza schoeniclus,Reed Bunting,0.9859160780906677,0.9859160780906677,species,0,,,
emberiza_schoeniclus,792712,Emberiza schoeniclus,/Users/justyna-przy/Projects/ISE/FYP/src/bird_data/raw/emberiza_schoeniclus/XC792712.mp3,49.0,52.0,-34.341502180529574,-35.12905275438616,species,Emberiza schoeniclus,Reed Bunting,0.9803200960159302,0.9803200960159302,species,1,rand_species,/Users/justyna-przy/Projects/ISE/FYP/src/bird_data/clips/species/emberiza_schoeniclus/XC792712__s49000__e52000.wav,
emberiza_schoeniclus,791786,Emberiza schoeniclus,/Users/justyna-przy/Projects/ISE/FYP/src/bird_data/raw/emberiza_schoeniclus/XC791786.mp3,7.0,10.0,-39.77151499623678,-40.0,species,Emberiza schoeniclus,Reed Bunting,0.8850052356719971,0.8850052356719971,species,1,rand_species,/Users/justyna-przy/Projects/ISE/FYP/src/bird_data/clips/species/emberiza_schoeniclus/XC791786__s7000__e10000.wav,
emberiza_schoeniclus,786268,Emberiza schoeniclus,/Users/justyna-przy/Projects/ISE/FYP/src/bird_data/raw/emberiza_schoeniclus/XC786268.mp3,7.0,10.0,-24.337818158094787,-26.063975983067156,non_bird,,,0.0,0.0,non_bird,1,nonbird_lowconf,/Users/justyna-przy/Projects/ISE/FYP/src/bird_data/clips/non_bird/emberiza_schoeniclus/XC786268__s7000__e10000.wav,
emberiza_schoeniclus,786268,Emberiza schoeniclus,/Users/justyna-przy/Projects/ISE/FYP/src/bird_data/raw/emberiza_schoeniclus/XC786268.mp3,10.0,13.0,-24.37226782264836,-26.063975983067156,drop,Emberiza schoeniclus,Reed Bunting,0.2536923587322235,0.2536923587322235,drop,0,,,
emberiza_schoeniclus,786268,Emberiza schoeniclus,/Users/justyna-przy/Projects/ISE/FYP/src/bird_data/raw/emberiza_schoeniclus/XC786268.mp3,13.0,16.0,-25.921797961085314,-26.063975983067156,species,Emberiza schoeniclus,Reed Bunting,0.759138822555542,0.759138822555542,species,1,rand_species,/Users/justyna-przy/Projects/ISE/FYP/src/bird_data/clips/species/emberiza_schoeniclus/XC786268__s13000__e16000.wav,
emberiza_schoeniclus,786035,Emberiza schoeniclus,/Users/justyna-przy/Projects/ISE/FYP/src/bird_data/raw/emberiza_schoeniclus/XC786035.mp3,4.0,7.0,-26.490453868357463,-27.25981845126912,drop,Emberiza schoeniclus,Reed Bunting,0.2979678511619568,0.2979678511619568,drop,0,,,
emberiza_schoeniclus,786035,Emberiza schoeniclus,/Users/justyna-przy/Projects/ISE/FYP/src/bird_data/raw/emberiza_schoeniclus/XC786035.mp3,7.0,10.0,-24.87410420700346,-27.25981845126912,species,Emberiza schoeniclus,Reed Bunting,0.9406118392944336,0.9406118392944336,species,1,rand_species,/Users/justyna-przy/Projects/ISE/FYP/src/bird_data/clips/species/emberiza_schoeniclus/XC786035__s7000__e10000.wav,
emberiza_schoeniclus,786035,Emberiza schoeniclus,/Users/justyna-przy/Projects/ISE/FYP/src/bird_data/raw/emberiza_schoeniclus/XC786035.mp3,10.0,13.0,-26.20539859394618,-27.25981845126912,species,Emberiza schoeniclus,Reed Bunting,0.8504576683044434,0.8504576683044434,species,1,rand_species,/Users/justyna-przy/Projects/ISE/FYP/src/bird_data/clips/species/emberiza_schoeniclus/XC786035__s10000__e13000.wav,
emberiza_schoeniclus,786035,Emberiza schoeniclus,/Users/justyna-przy/Projects/ISE/FYP/src/bird_data/raw/emberiza_schoeniclus/XC786035.mp3,13.0,16.0,-26.858008961617802,-27.25981845126912,drop,Buteo buteo,Common Buzzard,0.8921542763710022,0.8921542763710022,drop,0,,,
emberiza_schoeniclus,786035,Emberiza schoeniclus,/Users/justyna-przy/Projects/ISE/FYP/src/bird_data/raw/emberiza_schoeniclus/XC786035.mp3,19.0,22.0,-26.42238670923792,-27.25981845126912,species,Emberiza schoeniclus,Reed Bunting,0.7395029664039612,0.7395029664039612,species,0,,,
emberiza_schoeniclus,786035,Emberiza schoeniclus,/Users/justyna-przy/Projects/ISE/FYP/src/bird_data/raw/emberiza_schoeniclus/XC786035.mp3,22.0,25.0,-25.676781762044275,-27.25981845126912,species,Emberiza schoeniclus,Reed Bunting,0.9446582794189453,0.9446582794189453,species,1,rand_species,/Users/justyna-przy/Projects/ISE/FYP/src/bird_data/clips/species/emberiza_schoeniclus/XC786035__s22000__e25000.wav,
emberiza_schoeniclus,786035,Emberiza schoeniclus,/Users/justyna-przy/Projects/ISE/FYP/src/bird_data/raw/emberiza_schoeniclus/XC786035.mp3,25.0,28.0,-27.179553725883636,-27.25981845126912,drop,Buteo buteo,Common Buzzard,0.5890889763832092,0.5890889763832092,drop,0,,,
emberiza_schoeniclus,786035,Emberiza schoeniclus,/Users/justyna-przy/Projects/ISE/FYP/src/bird_data/raw/emberiza_schoeniclus/XC786035.mp3,28.0,31.0,-26.455291165110673,-27.25981845126912,species,Emberiza schoeniclus,Reed Bunting,0.44200822710990906,0.44200822710990906,species,0,,,
emberiza_schoeniclus,786035,Emberiza schoeniclus,/Users/justyna-przy/Projects/ISE/FYP/src/bird_data/raw/emberiza_schoeniclus/XC786035.mp3,37.0,40.0,-26.26616090692105,-27.25981845126912,species,Emberiza schoeniclus,Reed Bunting,0.6882609724998474,0.6882609724998474,species,0,,,
emberiza_schoeniclus,774039,Emberiza schoeniclus,/Users/justyna-przy/Projects/ISE/FYP/src/bird_data/raw/emberiza_schoeniclus/XC774039.mp3,1.0,4.0,-15.811996163035278,-15.812304826395415,non_bird,,,0.0,0.0,non_bird,1,nonbird_lowconf,/Users/justyna-przy/Projects/ISE/FYP/src/bird_data/clips/non_bird/emberiza_schoeniclus/XC774039__s1000__e4000.wav,
emberiza_schoeniclus,774039,Emberiza schoeniclus,/Users/justyna-przy/Projects/ISE/FYP/src/bird_data/raw/emberiza_schoeniclus/XC774039.mp3,7.0,10.0,-15.811745230137088,-15.812304826395415,species,Emberiza schoeniclus,Reed Bunting,0.9936105608940125,0.9936105608940125,species,1,rand_species,/Users/justyna-przy/Projects/ISE/FYP/src/bird_data/clips/species/emberiza_schoeniclus/XC774039__s7000__e10000.wav,
emberiza_schoeniclus,774039,Emberiza schoeniclus,/Users/justyna-przy/Projects/ISE/FYP/src/bird_data/raw/emberiza_schoeniclus/XC774039.mp3,10.0,13.0,-15.80813387807278,-15.812304826395415,species,Emberiza schoeniclus,Reed Bunting,0.9817615151405334,0.9817615151405334,species,1,rand_species,/Users/justyna-przy/Projects/ISE/FYP/src/bird_data/clips/species/emberiza_schoeniclus/XC774039__s10000__e13000.wav,
emberiza_schoeniclus,774039,Emberiza schoeniclus,/Users/justyna-przy/Projects/ISE/FYP/src/bird_data/raw/emberiza_schoeniclus/XC774039.mp3,16.0,19.0,-15.794831175499173,-15.812304826395415,species,Emberiza schoeniclus,Reed Bunting,0.9150967597961426,0.9150967597961426,species,0,,,
emberiza_schoeniclus,774039,Emberiza schoeniclus,/Users/justyna-przy/Projects/ISE/FYP/src/bird_data/raw/emberiza_schoeniclus/XC774039.mp3,19.0,22.0,-15.760326167501484,-15.812304826395415,species,Emberiza schoeniclus,Reed Bunting,0.9219626188278198,0.9219626188278198,species,0,,,
emberiza_schoeniclus,774039,Emberiza schoeniclus,/Users/justyna-przy/Projects/ISE/FYP/src/bird_data/raw/emberiza_schoeniclus/XC774039.mp3,28.0,31.0,-15.810366826786613,-15.812304826395415,species,Emberiza schoeniclus,Reed Bunting,0.9807857871055603,0.9807857871055603,species,0,,,
emberiza_schoeniclus,774039,Emberiza schoeniclus,/Users/justyna-przy/Projects/ISE/FYP/src/bird_data/raw/emberiza_schoeniclus/XC774039.mp3,31.0,34.0,-15.801773720431473,-15.812304826395415,species,Emberiza schoeniclus,Reed Bunting,0.9906482100486755,0.9906482100486755,species,1,rand_species,/Users/justyna-przy/Projects/ISE/FYP/src/bird_data/clips/species/emberiza_schoeniclus/XC774039__s31000__e34000.wav,
emberiza_schoeniclus,774039,Emberiza schoeniclus,/Users/justyna-przy/Projects/ISE/FYP/src/bird_data/raw/emberiza_schoeniclus/XC774039.mp3,34.0,37.0,-15.807023609218847,-15.812304826395415,species,Emberiza schoeniclus,Reed Bunting,0.9778843522071838,0.9778843522071838,species,0,,,
emberiza_schoeniclus,774039,Emberiza schoeniclus,/Users/justyna-przy/Projects/ISE/FYP/src/bird_data/raw/emberiza_schoeniclus/XC774039.mp3,37.0,40.0,-15.806280048066192,-15.812304826395415,non_bird,,,0.0,0.0,non_bird,1,nonbird_lowconf,/Users/justyna-przy/Projects/ISE/FYP/src/bird_data/clips/non_bird/emberiza_schoeniclus/XC774039__s37000__e40000.wav,
emberiza_schoeniclus,774039,Emberiza schoeniclus,/Users/justyna-przy/Projects/ISE/FYP/src/bird_data/raw/emberiza_schoeniclus/XC774039.mp3,40.0,43.0,-15.797814648866567,-15.812304826395415,species,Emberiza schoeniclus,Reed Bunting,0.9895201921463013,0.9895201921463013,species,0,,,
emberiza_schoeniclus,774039,Emberiza schoeniclus,/Users/justyna-przy/Projects/ISE/FYP/src/bird_data/raw/emberiza_schoeniclus/XC774039.mp3,43.0,46.0,-15.79709341592962,-15.812304826395415,non_bird,,,0.0,0.0,non_bird,0,,,
emberiza_schoeniclus,774039,Emberiza schoeniclus,/Users/justyna-przy/Projects/ISE/FYP/src/bird_data/raw/emberiza_schoeniclus/XC774039.mp3,46.0,49.0,-15.803379889417412,-15.812304826395415,species,Emberiza schoeniclus,Reed Bunting,0.9682294130325317,0.9682294130325317,species,0,,,
emberiza_schoeniclus,774037,Emberiza schoeniclus,/Users/justyna-przy/Projects/ISE/FYP/src/bird_data/raw/emberiza_schoeniclus/XC774037.mp3,1.0,4.0,-15.710233295659519,-15.714902237498265,species,Emberiza schoeniclus,Reed Bunting,0.9241546392440796,0.9241546392440796,species,0,,,
emberiza_schoeniclus,774037,Emberiza schoeniclus,/Users/justyna-przy/Projects/ISE/FYP/src/bird_data/raw/emberiza_schoeniclus/XC774037.mp3,10.0,13.0,-15.69703383411601,-15.714902237498265,species,Emberiza schoeniclus,Reed Bunting,0.9548994302749634,0.9548994302749634,species,1,rand_species,/Users/justyna-przy/Projects/ISE/FYP/src/bird_data/clips/species/emberiza_schoeniclus/XC774037__s10000__e13000.wav,
emberiza_schoeniclus,774037,Emberiza schoeniclus,/Users/justyna-przy/Projects/ISE/FYP/src/bird_data/raw/emberiza_schoeniclus/XC774037.mp3,13.0,16.0,-15.714582523245129,-15.714902237498265,species,Emberiza schoeniclus,Reed Bunting,0.8342009782791138,0.8342009782791138,species,1,rand_species,/Users/justyna-przy/Projects/ISE/FYP/src/bird_data/clips/species/emberiza_schoeniclus/XC774037__s13000__e16000.wav,
emberiza_schoeniclus,774037,Emberiza schoeniclus,/Users/justyna-przy/Projects/ISE/FYP/src/bird_data/raw/emberiza_schoeniclus/XC774037.mp3,19.0,22.0,-15.713511012705169,-15.714902237498265,species,Emberiza schoeniclus,Reed Bunting,0.6930510997772217,0.6930510997772217,species,0,,,
emberiza_schoeniclus,774037,Emberiza schoeniclus,/Users/justyna-przy/Projects/ISE/FYP/src/bird_data/raw/emberiza_schoeniclus/XC774037.mp3,25.0,28.0,-15.6993314849759,-15.714902237498265,species,Emberiza schoeniclus,Reed Bunting,0.9659032821655273,0.9659032821655273,species,1,rand_species,/Users/justyna-przy/Projects/ISE/FYP/src/bird_data/clips/species/emberiza_schoeniclus/XC774037__s25000__e28000.wav,
emberiza_schoeniclus,774037,Emberiza schoeniclus,/Users/justyna-przy/Projects/ISE/FYP/src/bird_data/raw/emberiza_schoeniclus/XC774037.mp3,28.0,31.0,-15.687129266319754,-15.714902237498265,species,Emberiza schoeniclus,Reed Bunting,0.9577803611755371,0.9577803611755371,species,0,,,
emberiza_schoeniclus,774037,Emberiza schoeniclus,/Users/justyna-przy/Projects/ISE/FYP/src/bird_data/raw/emberiza_schoeniclus/XC774037.mp3,31.0,34.0,-15.707094988213674,-15.714902237498265,drop,Branta canadensis,Canada Goose,0.1437048316001892,0.1437048316001892,drop,0,,,
emberiza_schoeniclus,774037,Emberiza schoeniclus,/Users/justyna-przy/Projects/ISE/FYP/src/bird_data/raw/emberiza_schoeniclus/XC774037.mp3,34.0,37.0,-15.704485860107798,-15.714902237498265,species,Emberiza schoeniclus,Reed Bunting,0.7074336409568787,0.7074336409568787,species,0,,,
emberiza_schoeniclus,774037,Emberiza schoeniclus,/Users/justyna-przy/Projects/ISE/FYP/src/bird_data/raw/emberiza_schoeniclus/XC774037.mp3,37.0,40.0,-15.705672304407399,-15.714902237498265,drop,Cygnus columbianus,Tundra Swan,0.5283257961273193,0.5283257961273193,drop,0,,,
emberiza_schoeniclus,774037,Emberiza schoeniclus,/Users/justyna-przy/Projects/ISE/FYP/src/bird_data/raw/emberiza_schoeniclus/XC774037.mp3,40.0,43.0,-15.712257133933601,-15.714902237498265,non_bird,,,0.0,0.0,non_bird,1,nonbird_lowconf,/Users/justyna-przy/Projects/ISE/FYP/src/bird_data/clips/non_bird/emberiza_schoeniclus/XC774037__s40000__e43000.wav,
emberiza_schoeniclus,774029,Emberiza schoeniclus,/Users/justyna-przy/Projects/ISE/FYP/src/bird_data/raw/emberiza_schoeniclus/XC774029.mp3,1.0,4.0,-15.77667802356223,-15.78245735533623,non_bird,,,0.0,0.0,non_bird,1,nonbird_lowconf,/Users/justyna-przy/Projects/ISE/FYP/src/bird_data/clips/non_bird/emberiza_schoeniclus/XC774029__s1000__e4000.wav,
emberiza_schoeniclus,774029,Emberiza schoeniclus,/Users/justyna-przy/Projects/ISE/FYP/src/bird_data/raw/emberiza_schoeniclus/XC774029.mp3,4.0,7.0,-15.773916627132982,-15.78245735533623,non_bird,,,0.0,0.0,non_bird,1,nonbird_lowconf,/Users/justyna-przy/Projects/ISE/FYP/src/bird_data/clips/non_bird/emberiza_schoeniclus/XC774029__s4000__e7000.wav,
emberiza_schoeniclus,774029,Emberiza schoeniclus,/Users/justyna-przy/Projects/ISE/FYP/src/bird_data/raw/emberiza_schoeniclus/XC774029.mp3,7.0,10.0,-15.782167612478917,-15.78245735533623,non_bird,,,0.0,0.0,non_bird,0,,,
emberiza_schoeniclus,774029,Emberiza schoeniclus,/Users/justyna-przy/Projects/ISE/FYP/src/bird_data/raw/emberiza_schoeniclus/XC774029.mp3,10.0,13.0,-15.781715257028901,-15.78245735533623,non_bird,,,0.0,0.0,non_bird,0,,,
emberiza_schoeniclus,774029,Emberiza schoeniclus,/Users/justyna-przy/Projects/ISE/FYP/src/bird_data/raw/emberiza_schoeniclus/XC774029.mp3,13.0,16.0,-15.776288032502634,-15.78245735533623,non_bird,,,0.0,0.0,non_bird,0,,,
emberiza_schoeniclus,774029,Emberiza schoeniclus,/Users/justyna-przy/Projects/ISE/FYP/src/bird_data/raw/emberiza_schoeniclus/XC774029.mp3,28.0,31.0,-15.782455921730394,-15.78245735533623,non_bird,,,0.0,0.0,non_bird,0,,,
emberiza_schoeniclus,774029,Emberiza schoeniclus,/Users/justyna-przy/Projects/ISE/FYP/src/bird_data/raw/emberiza_schoeniclus/XC774029.mp3,34.0,37.0,-15.775905221574263,-15.78245735533623,non_bird,,,0.0,0.0,non_bird,0,,,
emberiza_schoeniclus,774029,Emberiza schoeniclus,/Users/justyna-przy/Projects/ISE/FYP/src/bird_data/raw/emberiza_schoeniclus/XC774029.mp3,37.0,40.0,-15.781553593453756,-15.78245735533623,non_bird,,,0.0,0.0,non_bird,0,,,
emberiza_schoeniclus,774029,Emberiza schoeniclus,/Users/justyna-przy/Projects/ISE/FYP/src/bird_data/raw/emberiza_schoeniclus/XC774029.mp3,40.0,43.0,-15.773253863479585,-15.78245735533623,non_bird,,,0.0,0.0,non_bird,0,,,
emberiza_schoeniclus,774029,Emberiza schoeniclus,/Users/justyna-przy/Projects/ISE/FYP/src/bird_data/raw/emberiza_schoeniclus/XC774029.mp3,43.0,46.0,-15.77218065960441,-15.78245735533623,non_bird,,,0.0,0.0,non_bird,0,,,
emberiza_schoeniclus,774029,Emberiza schoeniclus,/Users/justyna-przy/Projects/ISE/FYP/src/bird_data/raw/emberiza_schoeniclus/XC774029.mp3,49.0,52.0,-15.782295837235111,-15.78245735533623,non_bird,,,0.0,0.0,non_bird,0,,,
emberiza_schoeniclus,774029,Emberiza schoeniclus,/Users/justyna-przy/Projects/ISE/FYP/src/bird_data/raw/emberiza_schoeniclus/XC774029.mp3,52.0,55.0,-15.77551685683372,-15.78245735533623,non_bird,,,0.0,0.0,non_bird,0,,,
emberiza_schoeniclus,774028,Emberiza schoeniclus,/Users/justyna-przy/Projects/ISE/FYP/src/bird_data/raw/emberiza_schoeniclus/XC774028.mp3,1.0,4.0,-15.754755884951523,-15.76502302079317,non_bird,,,0.0,0.0,non_bird,1,nonbird_lowconf,/Users/justyna-przy/Projects/ISE/FYP/src/bird_data/clips/non_bird/emberiza_schoeniclus/XC774028__s1000__e4000.wav,
emberiza_schoeniclus,774028,Emberiza schoeniclus,/Users/justyna-przy/Projects/ISE/FYP/src/bird_data/raw/emberiza_schoeniclus/XC774028.mp3,4.0,7.0,-15.753332517865902,-15.76502302079317,non_bird,,,0.0,0.0,non_bird,1,nonbird_lowconf,/Users/justyna-przy/Projects/ISE/FYP/src/bird_data/clips/non_bird/emberiza_schoeniclus/XC774028__s4000__e7000.wav,
emberiza_schoeniclus,774028,Emberiza schoeniclus,/Users/justyna-przy/Projects/ISE/FYP/src/bird_data/raw/emberiza_schoeniclus/XC774028.mp3,7.0,10.0,-15.758113986685071,-15.76502302079317,non_bird,,,0.0,0.0,non_bird,0,,,
emberiza_schoeniclus,774028,Emberiza schoeniclus,/Users/justyna-przy/Projects/ISE/FYP/src/bird_data/raw/emberiza_schoeniclus/XC774028.mp3,10.0,13.0,-15.751853828557516,-15.76502302079317,non_bird,,,0.0,0.0,non_bird,0,,,
emberiza_schoeniclus,774028,Emberiza schoeniclus,/Users/justyna-przy/Projects/ISE/FYP/src/bird_data/raw/emberiza_schoeniclus/XC774028.mp3,13.0,16.0,-15.753108674329814,-15.76502302079317,non_bird,,,0.0,0.0,non_bird,0,,,
emberiza_schoeniclus,774028,Emberiza schoeniclus,/Users/justyna-przy/Projects/ISE/FYP/src/bird_data/raw/emberiza_schoeniclus/XC774028.mp3,16.0,19.0,-15.753744500303572,-15.76502302079317,non_bird,,,0.0,0.0,non_bird,0,,,
emberiza_schoeniclus,774028,Emberiza schoeniclus,/Users/justyna-przy/Projects/ISE/FYP/src/bird_data/raw/emberiza_schoeniclus/XC774028.mp3,19.0,22.0,-15.751441935784849,-15.76502302079317,drop,Emberiza citrinella,Yellowhammer,0.19324412941932678,0.19324412941932678,drop,0,,,
emberiza_schoeniclus,774028,Emberiza schoeniclus,/Users/justyna-przy/Projects/ISE/FYP/src/bird_data/raw/emberiza_schoeniclus/XC774028.mp3,22.0,25.0,-15.759091724956878,-15.76502302079317,non_bird,,,0.0,0.0,non_bird,0,,,
emberiza_schoeniclus,774028,Emberiza schoeniclus,/Users/justyna-przy/Projects/ISE/FYP/src/bird_data/raw/emberiza_schoeniclus/XC774028.mp3,31.0,34.0,-15.764067901917358,-15.76502302079317,non_bird,,,0.0,0.0,non_bird,0,,,
emberiza_schoeniclus,770304,Emberiza schoeniclus,/Users/justyna-przy/Projects/ISE/FYP/src/bird_data/raw/emberiza_schoeniclus/XC770304.mp3,1.0,4.0,-25.75770085956115,-25.84432612165411,species,Emberiza schoeniclus,Reed Bunting,0.8777794241905212,0.8777794241905212,species,1,rand_species,/Users/justyna-przy/Projects/ISE/FYP/src/bird_data/clips/species/emberiza_schoeniclus/XC770304__s1000__e4000.wav,
emberiza_schoeniclus,770304,Emberiza schoeniclus,/Users/justyna-przy/Projects/ISE/FYP/src/bird_data/raw/emberiza_schoeniclus/XC770304.mp3,4.0,7.0,-25.269328211301723,-25.84432612165411,species,Emberiza schoeniclus,Reed Bunting,0.9194481372833252,0.9194481372833252,species,0,,,
emberiza_schoeniclus,770304,Emberiza schoeniclus,/Users/justyna-przy/Projects/ISE/FYP/src/bird_data/raw/emberiza_schoeniclus/XC770304.mp3,10.0,13.0,-25.842356413426003,-25.84432612165411,drop,Corvus frugilegus,Rook,0.16605770587921143,0.16605770587921143,drop,0,,,
emberiza_schoeniclus,770304,Emberiza schoeniclus,/Users/justyna-przy/Projects/ISE/FYP/src/bird_data/raw/emberiza_schoeniclus/XC770304.mp3,13.0,16.0,-24.574657125215328,-25.84432612165411,species,Emberiza schoeniclus,Reed Bunting,0.8523727655410767,0.8523727655410767,species,0,,,
emberiza_schoeniclus,770304,Emberiza schoeniclus,/Users/justyna-przy/Projects/ISE/FYP/src/bird_data/raw/emberiza_schoeniclus/XC770304.mp3,16.0,19.0,-24.015854904913173,-25.84432612165411,species,Emberiza schoeniclus,Reed Bunting,0.9144861698150635,0.9144861698150635,species,1,rand_species,/Users/justyna-przy/Projects/ISE/FYP/src/bird_data/clips/species/emberiza_schoeniclus/XC770304__s16000__e19000.wav,
emberiza_schoeniclus,770304,Emberiza schoeniclus,/Users/justyna-przy/Projects/ISE/FYP/src/bird_data/raw/emberiza_schoeniclus/XC770304.mp3,19.0,22.0,-25.72108628496389,-25.84432612165411,species,Emberiza schoeniclus,Reed Bunting,0.9889240860939026,0.9889240860939026,species,1,rand_species,/Users/justyna-przy/Projects/ISE/FYP/src/bird_data/clips/species/emberiza_schoeniclus/XC770304__s19000__e22000.wav,
emberiza_schoeniclus,770304,Emberiza schoeniclus,/Users/justyna-przy/Projects/ISE/FYP/src/bird_data/raw/emberiza_schoeniclus/XC770304.mp3,22.0,25.0,-25.656232343747043,-25.84432612165411,drop,Corvus frugilegus,Rook,0.9422343969345093,0.9422343969345093,drop,0,,,
emberiza_schoeniclus,766657,Emberiza schoeniclus,/Users/justyna-przy/Projects/ISE/FYP/src/bird_data/raw/emberiza_schoeniclus/XC766657.mp3,1.0,4.0,-16.312126508137197,-16.312576384344567,species,Emberiza schoeniclus,Reed Bunting,0.6089512705802917,0.6089512705802917,species,1,rand_species,/Users/justyna-przy/Projects/ISE/FYP/src/bird_data/clips/species/emberiza_schoeniclus/XC766657__s1000__e4000.wav,
emberiza_schoeniclus,766657,Emberiza schoeniclus,/Users/justyna-przy/Projects/ISE/FYP/src/bird_data/raw/emberiza_schoeniclus/XC766657.mp3,7.0,10.0,-16.298417671181674,-16.312576384344567,non_bird,,,0.0,0.0,non_bird,1,nonbird_lowconf,/Users/justyna-przy/Projects/ISE/FYP/src/bird_data/clips/non_bird/emberiza_schoeniclus/XC766657__s7000__e10000.wav,
emberiza_schoeniclus,766657,Emberiza schoeniclus,/Users/justyna-przy/Projects/ISE/FYP/src/bird_data/raw/emberiza_schoeniclus/XC766657.mp3,10.0,13.0,-16.293198489458558,-16.312576384344567,non_bird,,,0.0,0.0,non_bird,1,nonbird_lowconf,/Users/justyna-przy/Projects/ISE/FYP/src/bird_data/clips/non_bird/emberiza_schoeniclus/XC766657__s10000__e13000.wav,
emberiza_schoeniclus,760458,Emberiza schoeniclus,/Users/justyna-przy/Projects/ISE/FYP/src/bird_data/raw/emberiza_schoeniclus/XC760458.mp3,34.0,37.0,-42.352109263305195,-40.0,drop,Actitis hypoleucos,Common Sandpiper,0.19299004971981049,0.19299004971981049,drop,0,,,
emberiza_schoeniclus,754898,Emberiza schoeniclus,/Users/justyna-przy/Projects/ISE/FYP/src/bird_data/raw/emberiza_schoeniclus/XC754898.mp3,4.0,7.0,-12.917657265824992,-13.3830833713474,species,Emberiza schoeniclus,Reed Bunting,0.4998173713684082,0.4998173713684082,species,1,rand_species,/Users/justyna-przy/Projects/ISE/FYP/src/bird_data/clips/species/emberiza_schoeniclus/XC754898__s4000__e7000.wav,
emberiza_schoeniclus,754898,Emberiza schoeniclus,/Users/justyna-przy/Projects/ISE/FYP/src/bird_data/raw/emberiza_schoeniclus/XC754898.mp3,7.0,10.0,-6.568148120499635,-13.3830833713474,drop,Poecile montanus,Willow Tit,0.1718033105134964,0.1718033105134964,drop,0,,,
emberiza_schoeniclus,754898,Emberiza schoeniclus,/Users/justyna-przy/Projects/ISE/FYP/src/bird_data/raw/emberiza_schoeniclus/XC754898.mp3,10.0,13.0,-9.70237752413189,-13.3830833713474,species,Emberiza schoeniclus,Reed Bunting,0.6767632365226746,0.6767632365226746,species,1,rand_species,/Users/justyna-przy/Projects/ISE/FYP/src/bird_data/clips/species/emberiza_schoeniclus/XC754898__s10000__e13000.wav,
emberiza_schoeniclus,754898,Emberiza schoeniclus,/Users/justyna-przy/Projects/ISE/FYP/src/bird_data/raw/emberiza_schoeniclus/XC754898.mp3,16.0,19.0,-10.005208643828503,-13.3830833713474,non_bird,,,0.0,0.0,non_bird,1,nonbird_lowconf,/Users/justyna-przy/Projects/ISE/FYP/src/bird_data/clips/non_bird/emberiza_schoeniclus/XC754898__s16000__e19000.wav,
emberiza_schoeniclus,754898,Emberiza schoeniclus,/Users/justyna-przy/Projects/ISE/FYP/src/bird_data/raw/emberiza_schoeniclus/XC754898.mp3,19.0,22.0,-9.032765774847856,-13.3830833713474,species,Emberiza schoeniclus,Reed Bunting,0.9797545075416565,0.9797545075416565,species,1,rand_species,/Users/justyna-przy/Projects/ISE/FYP/src/bird_data/clips/species/emberiza_schoeniclus/XC754898__s19000__e22000.wav,
emberiza_schoeniclus,749246,Emberiza schoeniclus,/Users/justyna-przy/Projects/ISE/FYP/src/bird_data/raw/emberiza_schoeniclus/XC749246.mp3,4.0,7.0,-16.660722875660593,-16.714634187283295,drop,Ploceus melanocephalus,Black-headed Weaver,0.6825776100158691,0.6825776100158691,drop,0,,,
emberiza_schoeniclus,749246,Emberiza schoeniclus,/Users/justyna-przy/Projects/ISE/FYP/src/bird_data/raw/emberiza_schoeniclus/XC749246.mp3,7.0,10.0,-16.61608029058779,-16.714634187283295,species,Emberiza schoeniclus,Reed Bunting,0.8709473609924316,0.8709473609924316,species,1,rand_species,/Users/justyna-przy/Projects/ISE/FYP/src/bird_data/clips/species/emberiza_schoeniclus/XC749246__s7000__e10000.wav,
emberiza_schoeniclus,749246,Emberiza schoeniclus,/Users/justyna-przy/Projects/ISE/FYP/src/bird_data/raw/emberiza_schoeniclus/XC749246.mp3,10.0,13.0,-16.70072668624169,-16.714634187283295,non_bird,,,0.0,0.0,non_bird,1,nonbird_lowconf,/Users/justyna-przy/Projects/ISE/FYP/src/bird_data/clips/non_bird/emberiza_schoeniclus/XC749246__s10000__e13000.wav,
emberiza_schoeniclus,749246,Emberiza schoeniclus,/Users/justyna-przy/Projects/ISE/FYP/src/bird_data/raw/emberiza_schoeniclus/XC749246.mp3,13.0,16.0,-16.661984834325764,-16.714634187283295,species,Emberiza schoeniclus,Reed Bunting,0.9664960503578186,0.9664960503578186,species,1,rand_species,/Users/justyna-przy/Projects/ISE/FYP/src/bird_data/clips/species/emberiza_schoeniclus/XC749246__s13000__e16000.wav,
emberiza_schoeniclus,749246,Emberiza schoeniclus,/Users/justyna-przy/Projects/ISE/FYP/src/bird_data/raw/emberiza_schoeniclus/XC749246.mp3,16.0,19.0,-16.62812274731863,-16.714634187283295,drop,Columba palumbus,Common Wood-Pigeon,0.7674658894538879,0.7674658894538879,drop,0,,,
emberiza_schoeniclus,749246,Emberiza schoeniclus,/Users/justyna-przy/Projects/ISE/FYP/src/bird_data/raw/emberiza_schoeniclus/XC749246.mp3,19.0,22.0,-16.685474664634423,-16.714634187283295,drop,Columba palumbus,Common Wood-Pigeon,0.7718079686164856,0.7718079686164856,drop,0,,,
emberiza_schoeniclus,749246,Emberiza schoeniclus,/Users/justyna-przy/Projects/ISE/FYP/src/bird_data/raw/emberiza_schoeniclus/XC749246.mp3,22.0,25.0,-16.658553651762546,-16.714634187283295,drop,Auriparus flaviceps,Verdin,0.6533915400505066,0.6533915400505066,drop,0,,,
emberiza_schoeniclus,749246,Emberiza schoeniclus,/Users/justyna-przy/Projects/ISE/FYP/src/bird_data/raw/emberiza_schoeniclus/XC749246.mp3,25.0,28.0,-16.61987361319178,-16.714634187283295,species,Emberiza schoeniclus,Reed Bunting,0.3736145794391632,0.3736145794391632,species,1,rand_species,/Users/justyna-przy/Projects/ISE/FYP/src/bird_data/clips/species/emberiza_schoeniclus/XC749246__s25000__e28000.wav,
emberiza_schoeniclus,749246,Emberiza schoeniclus,/Users/justyna-przy/Projects/ISE/FYP/src/bird_data/raw/emberiza_schoeniclus/XC749246.mp3,34.0,37.0,-16.626987708523785,-16.714634187283295,species,Emberiza schoeniclus,Reed Bunting,0.7702325582504272,0.7702325582504272,species,0,,,
emberiza_schoeniclus,749246,Emberiza schoeniclus,/Users/justyna-przy/Projects/ISE/FYP/src/bird_data/raw/emberiza_schoeniclus/XC749246.mp3,37.0,40.0,-16.70823516341253,-16.714634187283295,drop,Auriparus flaviceps,Verdin,0.12223926931619644,0.12223926931619644,drop,0,,,
emberiza_schoeniclus,749246,Emberiza schoeniclus,/Users/justyna-przy/Projects/ISE/FYP/src/bird_data/raw/emberiza_schoeniclus/XC749246.mp3,43.0,46.0,-16.711837603657127,-16.714634187283295,drop,Sterna hirundo,Common Tern,0.3175325393676758,0.3175325393676758,drop,0,,,
emberiza_schoeniclus,749245,Emberiza schoeniclus,/Users/justyna-przy/Projects/ISE/FYP/src/bird_data/raw/emberiza_schoeniclus/XC749245.mp3,1.0,4.0,-16.760616904714905,-16.770377434465818,species,Emberiza schoeniclus,Reed Bunting,0.5569753050804138,0.5569753050804138,species,1,rand_species,/Users/justyna-przy/Projects/ISE/FYP/src/bird_data/clips/species/emberiza_schoeniclus/XC749245__s1000__e4000.wav,
emberiza_schoeniclus,749245,Emberiza schoeniclus,/Users/justyna-przy/Projects/ISE/FYP/src/bird_data/raw/emberiza_schoeniclus/XC749245.mp3,4.0,7.0,-16.76975840859392,-16.770377434465818,drop,Chlidonias leucopterus,White-winged Tern,0.10262882709503174,0.10262882709503174,drop,0,,,
emberiza_schoeniclus,749245,Emberiza schoeniclus,/Users/justyna-przy/Projects/ISE/FYP/src/bird_data/raw/emberiza_schoeniclus/XC749245.mp3,7.0,10.0,-16.76533361117641,-16.770377434465818,non_bird,,,0.0,0.0,non_bird,1,nonbird_lowconf,/Users/justyna-przy/Projects/ISE/FYP/src/bird_data/clips/non_bird/emberiza_schoeniclus/XC749245__s7000__e10000.wav,
emberiza_schoeniclus,749245,Emberiza schoeniclus,/Users/justyna-przy/Projects/ISE/FYP/src/bird_data/raw/emberiza_schoeniclus/XC749245.mp3,13.0,16.0,-16.751817155275504,-16.770377434465818,drop,Auriparus flaviceps,Verdin,0.7952861189842224,0.7952861189842224,drop,0,,,
emberiza_schoeniclus,749245,Emberiza schoeniclus,/Users/justyna-przy/Projects/ISE/FYP/src/bird_data/raw/emberiza_schoeniclus/XC749245.mp3,19.0,22.0,-16.761568955945425,-16.770377434465818,drop,Emberiza citrinella,Yellowhammer,0.42975085973739624,0.42975085973739624,drop,0,,,
emberiza_schoeniclus,749243,Emberiza schoeniclus,/Users/justyna-przy/Projects/ISE/FYP/src/bird_data/raw/emberiza_schoeniclus/XC749243.mp3,1.0,4.0,-16.44829483908747,-16.52126533760084,non_bird,,,0.0,0.0,non_bird,1,nonbird_lowconf,/Users/justyna-przy/Projects/ISE/FYP/src/bird_data/clips/non_bird/emberiza_schoeniclus/XC749243__s1000__e4000.wav,
emberiza_schoeniclus,749243,Emberiza schoeniclus,/Users/justyna-przy/Projects/ISE/FYP/src/bird_data/raw/emberiza_schoeniclus/XC749243.mp3,4.0,7.0,-16.518828455833415,-16.52126533760084,non_bird,,,0.0,0.0,non_bird,1,nonbird_lowconf,/Users/justyna-przy/Projects/ISE/FYP/src/bird_data/clips/non_bird/emberiza_schoeniclus/XC749243__s4000__e7000.wav,
emberiza_schoeniclus,749241,Emberiza schoeniclus,/Users/justyna-przy/Projects/ISE/FYP/src/bird_data/raw/emberiza_schoeniclus/XC749241.mp3,1.0,4.0,-16.588433691358016,-16.616228321015747,species,Emberiza schoeniclus,Reed Bunting,0.9806228876113892,0.9806228876113892,species,1,rand_species,/Users/justyna-przy/Projects/ISE/FYP/src/bird_data/clips/species/emberiza_schoeniclus/XC749241__s1000__e4000.wav,
emberiza_schoeniclus,749240,Emberiza schoeniclus,/Users/justyna-przy/Projects/ISE/FYP/src/bird_data/raw/emberiza_schoeniclus/XC749240.mp3,4.0,7.0,-16.643068523061235,-16.64888601329958,drop,Ploceus melanocephalus,Black-headed Weaver,0.6270026564598083,0.6270026564598083,drop,0,,,
emberiza_schoeniclus,749240,Emberiza schoeniclus,/Users/justyna-przy/Projects/ISE/FYP/src/bird_data/raw/emberiza_schoeniclus/XC749240.mp3,10.0,13.0,-16.64698890595774,-16.64888601329958,species,Emberiza schoeniclus,Reed Bunting,0.9305539727210999,0.9305539727210999,species,0,,,
emberiza_schoeniclus,749240,Emberiza schoeniclus,/Users/justyna-przy/Projects/ISE/FYP/src/bird_data/raw/emberiza_schoeniclus/XC749240.mp3,22.0,25.0,-16.628133282016055,-16.64888601329958,species,Emberiza schoeniclus,Reed Bunting,0.9569669961929321,0.9569669961929321,species,1,rand_species,/Users/justyna-przy/Projects/ISE/FYP/src/bird_data/clips/species/emberiza_schoeniclus/XC749240__s22000__e25000.wav,
emberiza_schoeniclus,749240,Emberiza schoeniclus,/Users/justyna-przy/Projects/ISE/FYP/src/bird_data/raw/emberiza_schoeniclus/XC749240.mp3,25.0,28.0,-16.501498812757003,-16.64888601329958,drop,Emberiza schoeniclus,Reed Bunting,0.26589298248291016,0.26589298248291016,drop,0,,,
emberiza_schoeniclus,749240,Emberiza schoeniclus,/Users/justyna-przy/Projects/ISE/FYP/src/bird_data/raw/emberiza_schoeniclus/XC749240.mp3,28.0,31.0,-16.53962371358707,-16.64888601329958,species,Emberiza schoeniclus,Reed Bunting,0.6766311526298523,0.6766311526298523,species,1,rand_species,/Users/justyna-przy/Projects/ISE/FYP/src/bird_data/clips/species/emberiza_schoeniclus/XC749240__s28000__e31000.wav,
emberiza_schoeniclus,749240,Emberiza schoeniclus,/Users/justyna-przy/Projects/ISE/FYP/src/bird_data/raw/emberiza_schoeniclus/XC749240.mp3,31.0,34.0,-16.600738890909426,-16.64888601329958,species,Emberiza schoeniclus,Reed Bunting,0.33705875277519226,0.33705875277519226,species,0,,,
emberiza_schoeniclus,749240,Emberiza schoeniclus,/Users/justyna-przy/Projects/ISE/FYP/src/bird_data/raw/emberiza_schoeniclus/XC749240.mp3,34.0,37.0,-16.64203001043658,-16.64888601329958,drop,Linaria cannabina,Eurasian Linnet,0.8148787021636963,0.8148787021636963,drop,0,,,
emberiza_schoeniclus,749240,Emberiza schoeniclus,/Users/justyna-przy/Projects/ISE/FYP/src/bird_data/raw/emberiza_schoeniclus/XC749240.mp3,37.0,40.0,-16.563713384139504,-16.64888601329958,species,Emberiza schoeniclus,Reed Bunting,0.9234862327575684,0.9234862327575684,species,0,,,
emberiza_schoeniclus,749240,Emberiza schoeniclus,/Users/justyna-przy/Projects/ISE/FYP/src/bird_data/raw/emberiza_schoeniclus/XC749240.mp3,40.0,43.0,-16.581968448140184,-16.64888601329958,species,Emberiza schoeniclus,Reed Bunting,0.5169988870620728,0.5169988870620728,species,1,rand_species,/Users/justyna-przy/Projects/ISE/FYP/src/bird_data/clips/species/emberiza_schoeniclus/XC749240__s40000__e43000.wav,
emberiza_schoeniclus,749240,Emberiza schoeniclus,/Users/justyna-przy/Projects/ISE/FYP/src/bird_data/raw/emberiza_schoeniclus/XC749240.mp3,43.0,46.0,-16.64465159236217,-16.64888601329958,non_bird,,,0.0,0.0,non_bird,1,nonbird_lowconf,/Users/justyna-przy/Projects/ISE/FYP/src/bird_data/clips/non_bird/emberiza_schoeniclus/XC749240__s43000__e46000.wav,
emberiza_schoeniclus,741000,Emberiza schoeniclus,/Users/justyna-przy/Projects/ISE/FYP/src/bird_data/raw/emberiza_schoeniclus/XC741000.mp3,7.0,10.0,-17.037104703514835,-17.049424327951478,species,Emberiza schoeniclus,Reed Bunting,0.9535947442054749,0.9535947442054749,species,1,rand_species,/Users/justyna-przy/Projects/ISE/FYP/src/bird_data/clips/species/emberiza_schoeniclus/XC741000__s7000__e10000.wav,
emberiza_schoeniclus,741000,Emberiza schoeniclus,/Users/justyna-przy/Projects/ISE/FYP/src/bird_data/raw/emberiza_schoeniclus/XC741000.mp3,10.0,13.0,-17.045920241220283,-17.049424327951478,non_bird,,,0.0,0.0,non_bird,1,nonbird_lowconf,/Users/justyna-przy/Projects/ISE/FYP/src/bird_data/clips/non_bird/emberiza_schoeniclus/XC741000__s10000__e13000.wav,
emberiza_schoeniclus,741000,Emberiza schoeniclus,/Users/justyna-przy/Projects/ISE/FYP/src/bird_data/raw/emberiza_schoeniclus/XC741000.mp3,13.0,16.0,-17.027755743703025,-17.049424327951478,drop,Delichon urbicum,Common House-Martin,0.17852485179901123,0.17852485179901123,drop,0,,,
emberiza_schoeniclus,741000,Emberiza schoeniclus,/Users/justyna-przy/Projects/ISE/FYP/src/bird_data/raw/emberiza_schoeniclus/XC741000.mp3,16.0,19.0,-17.041635186684715,-17.049424327951478,non_bird,,,0.0,0.0,non_bird,1,nonbird_lowconf,/Users/justyna-przy/Projects/ISE/FYP/src/bird_data/clips/non_bird/emberiza_schoeniclus/XC741000__s16000__e19000.wav,
emberiza_schoeniclus,740596,Emberiza schoeniclus,/Users/justyna-przy/Projects/ISE/FYP/src/bird_data/raw/emberiza_schoeniclus/XC740596.mp3,1.0,4.0,-47.006707650714155,-40.0,species,Emberiza schoeniclus,Reed Bunting,0.7810492515563965,0.7810492515563965,species,1,rand_species,/Users/justyna-przy/Projects/ISE/FYP/src/bird_data/clips/species/emberiza_schoeniclus/XC740596__s1000__e4000.wav,
emberiza_schoeniclus,737083,Emberiza schoeniclus,/Users/justyna-przy/Projects/ISE/FYP/src/bird_data/raw/emberiza_schoeniclus/XC737083.mp3,1.0,4.0,-46.62887957838488,-40.0,species,Emberiza schoeniclus,Reed Bunting,0.40750494599342346,0.40750494599342346,species,1,rand_species,/Users/justyna-przy/Projects/ISE/FYP/src/bird_data/clips/species/emberiza_schoeniclus/XC737083__s1000__e4000.wav,
emberiza_schoeniclus,735602,Emberiza schoeniclus,/Users/justyna-przy/Projects/ISE/FYP/src/bird_data/raw/emberiza_schoeniclus/XC735602.mp3,1.0,4.0,-20.27245651458592,-20.27346931450092,non_bird,,,0.0,0.0,non_bird,1,nonbird_lowconf,/Users/justyna-przy/Projects/ISE/FYP/src/bird_data/clips/non_bird/emberiza_schoeniclus/XC735602__s1000__e4000.wav,
emberiza_schoeniclus,735602,Emberiza schoeniclus,/Users/justyna-przy/Projects/ISE/FYP/src/bird_data/raw/emberiza_schoeniclus/XC735602.mp3,4.0,7.0,-20.227949642484596,-20.27346931450092,non_bird,,,0.0,0.0,non_bird,1,nonbird_lowconf,/Users/justyna-przy/Projects/ISE/FYP/src/bird_data/clips/non_bird/emberiza_schoeniclus/XC735602__s4000__e7000.wav,
emberiza_schoeniclus,735602,Emberiza schoeniclus,/Users/justyna-przy/Projects/ISE/FYP/src/bird_data/raw/emberiza_schoeniclus/XC735602.mp3,7.0,10.0,-20.264146747704174,-20.27346931450092,drop,Progne chalybea,Gray-breasted Martin,0.589034378528595,0.589034378528595,drop,0,,,
emberiza_schoeniclus,735602,Emberiza schoeniclus,/Users/justyna-przy/Projects/ISE/FYP/src/bird_data/raw/emberiza_schoeniclus/XC735602.mp3,13.0,16.0,-20.259580095700308,-20.27346931450092,species,Emberiza schoeniclus,Reed Bunting,0.9590405821800232,0.9590405821800232,species,1,rand_species,/Users/justyna-przy/Projects/ISE/FYP/src/bird_data/clips/species/emberiza_schoeniclus/XC735602__s13000__e16000.wav,
emberiza_schoeniclus,735602,Emberiza schoeniclus,/Users/justyna-przy/Projects/ISE/FYP/src/bird_data/raw/emberiza_schoeniclus/XC735602.mp3,16.0,19.0,-20.24683991796044,-20.27346931450092,species,Emberiza schoeniclus,Reed Bunting,0.6811980605125427,0.6811980605125427,species,1,rand_species,/Users/justyna-przy/Projects/ISE/FYP/src/bird_data/clips/species/emberiza_schoeniclus/XC735602__s16000__e19000.wav,
emberiza_schoeniclus,735602,Emberiza schoeniclus,/Users/justyna-przy/Projects/ISE/FYP/src/bird_data/raw/emberiza_schoeniclus/XC735602.mp3,19.0,22.0,-20.244590457447362,-20.27346931450092,species,Emberiza schoeniclus,Reed Bunting,0.8911580443382263,0.8911580443382263,species,1,rand_species,/Users/justyna-przy/Projects/ISE/FYP/src/bird_data/clips/species/emberiza_schoeniclus/XC735602__s19000__e22000.wav,
emberiza_schoeniclus,735602,Emberiza schoeniclus,/Users/justyna-przy/Projects/ISE/FYP/src/bird_data/raw/emberiza_schoeniclus/XC735602.mp3,22.0,25.0,-20.258996681633313,-20.27346931450092,drop,Emberiza schoeniclus,Reed Bunting,0.10495542734861374,0.10495542734861374,drop,0,,,
emberiza_schoeniclus,735602,Emberiza schoeniclus,/Users/justyna-przy/Projects/ISE/FYP/src/bird_data/raw/emberiza_schoeniclus/XC735602.mp3,28.0,31.0,-20.251979447921045,-20.27346931450092,drop,Ploceus melanocephalus,Black-headed Weaver,0.24549809098243713,0.24549809098243713,drop,0,,,
emberiza_schoeniclus,735602,Emberiza schoeniclus,/Users/justyna-przy/Projects/ISE/FYP/src/bird_data/raw/emberiza_schoeniclus/XC735602.mp3,31.0,34.0,-20.272961363778986,-20.27346931450092,drop,Emberiza schoeniclus,Reed Bunting,0.20761997997760773,0.20761997997760773,drop,0,,,
emberiza_schoeniclus,735602,Emberiza schoeniclus,/Users/justyna-przy/Projects/ISE/FYP/src/bird_data/raw/emberiza_schoeniclus/XC735602.mp3,37.0,40.0,-19.925705440221126,-20.27346931450092,non_bird,,,0.0,0.0,non_bird,0,,,
emberiza_schoeniclus,735601,Emberiza schoeniclus,/Users/justyna-przy/Projects/ISE/FYP/src/bird_data/raw/emberiza_schoeniclus/XC735601.mp3,4.0,7.0,-16.780026195570187,-16.797649675887477,species,Emberiza schoeniclus,Reed Bunting,0.8238800168037415,0.8238800168037415,species,0,,,
emberiza_schoeniclus,735601,Emberiza schoeniclus,/Users/justyna-przy/Projects/ISE/FYP/src/bird_data/raw/emberiza_schoeniclus/XC735601.mp3,7.0,10.0,-16.78015037613598,-16.797649675887477,drop,Acrocephalus schoenobaenus,Sedge Warbler,0.30972805619239807,0.30972805619239807,drop,0,,,
emberiza_schoeniclus,735601,Emberiza schoeniclus,/Users/justyna-przy/Projects/ISE/FYP/src/bird_data/raw/emberiza_schoeniclus/XC735601.mp3,10.0,13.0,-16.782377887373116,-16.797649675887477,drop,Columba palumbus,Common Wood-Pigeon,0.6828305721282959,0.6828305721282959,drop,0,,,
emberiza_schoeniclus,735601,Emberiza schoeniclus,/Users/justyna-przy/Projects/ISE/FYP/src/bird_data/raw/emberiza_schoeniclus/XC735601.mp3,13.0,16.0,-16.778757690051908,-16.797649675887477,species,Emberiza schoeniclus,Reed Bunting,0.6122055649757385,0.6122055649757385,species,0,,,
emberiza_schoeniclus,735601,Emberiza schoeniclus,/Users/justyna-przy/Projects/ISE/FYP/src/bird_data/raw/emberiza_schoeniclus/XC735601.mp3,16.0,19.0,-16.786396536406656,-16.797649675887477,drop,Alauda arvensis,Eurasian Skylark,0.4798133671283722,0.4798133671283722,drop,0,,,
emberiza_schoeniclus,735601,Emberiza schoeniclus,/Users/justyna-przy/Projects/ISE/FYP/src/bird_data/raw/emberiza_schoeniclus/XC735601.mp3,22.0,25.0,-16.79683797972732,-16.797649675887477,species,Emberiza schoeniclus,Reed Bunting,0.7694522142410278,0.7694522142410278,species,1,rand_species,/Users/justyna-przy/Projects/ISE/FYP/src/bird_data/clips/species/emberiza_schoeniclus/XC735601__s22000__e25000.wav,
emberiza_schoeniclus,735601,Emberiza schoeniclus,/Users/justyna-przy/Projects/ISE/FYP/src/bird_data/raw/emberiza_schoeniclus/XC735601.mp3,25.0,28.0,-16.793643920149016,-16.797649675887477,drop,Prunella modularis,Dunnock,0.401047021150589,0.401047021150589,drop,0,,,
emberiza_schoeniclus,735601,Emberiza schoeniclus,/Users/justyna-przy/Projects/ISE/FYP/src/bird_data/raw/emberiza_schoeniclus/XC735601.mp3,28.0,31.0,-16.77738219625165,-16.797649675887477,species,Emberiza schoeniclus,Reed Bunting,0.9104572534561157,0.9104572534561157,species,1,rand_species,/Users/justyna-przy/Projects/ISE/FYP/src/bird_data/clips/species/emberiza_schoeniclus/XC735601__s28000__e31000.wav,
emberiza_schoeniclus,735601,Emberiza schoeniclus,/Users/justyna-przy/Projects/ISE/FYP/src/bird_data/raw/emberiza_schoeniclus/XC735601.mp3,31.0,34.0,-16.78755438816872,-16.797649675887477,non_bird,,,0.0,0.0,non_bird,1,nonbird_lowconf,/Users/justyna-przy/Projects/ISE/FYP/src/bird_data/clips/non_bird/emberiza_schoeniclus/XC735601__s31000__e34000.wav,
emberiza_schoeniclus,735601,Emberiza schoeniclus,/Users/justyna-przy/Projects/ISE/FYP/src/bird_data/raw/emberiza_schoeniclus/XC735601.mp3,34.0,37.0,-16.78237431289028,-16.797649675887477,species,Emberiza schoeniclus,Reed Bunting,0.9497418403625488,0.9497418403625488,species,1,rand_species,/Users/justyna-przy/Projects/ISE/FYP/src/bird_data/clips/species/emberiza_schoeniclus/XC735601__s34000__e37000.wav,
emberiza_schoeniclus,735601,Emberiza schoeniclus,/Users/justyna-przy/Projects/ISE/FYP/src/bird_data/raw/emberiza_schoeniclus/XC735601.mp3,40.0,43.0,-16.794352615386984,-16.797649675887477,non_bird,,,0.0,0.0,non_bird,1,nonbird_lowconf,/Users/justyna-przy/Projects/ISE/FYP/src/bird_data/clips/non_bird/emberiza_schoeniclus/XC735601__s40000__e43000.wav,
emberiza_schoeniclus,735601,Emberiza schoeniclus,/Users/justyna-przy/Projects/ISE/FYP/src/bird_data/raw/emberiza_schoeniclus/XC735601.mp3,43.0,46.0,-16.788095367955243,-16.797649675887477,drop,Acrocephalus schoenobaenus,Sedge Warbler,0.737602710723877,0.737602710723877,drop,0,,,
emberiza_schoeniclus,735600,Emberiza schoeniclus,/Users/justyna-przy/Projects/ISE/FYP/src/bird_data/raw/emberiza_schoeniclus/XC735600.mp3,7.0,10.0,-16.712146073885908,-16.71683923832613,non_bird,,,0.0,0.0,non_bird,1,nonbird_lowconf,/Users/justyna-przy/Projects/ISE/FYP/src/bird_data/clips/non_bird/emberiza_schoeniclus/XC735600__s7000__e10000.wav,
emberiza_schoeniclus,735600,Emberiza schoeniclus,/Users/justyna-przy/Projects/ISE/FYP/src/bird_data/raw/emberiza_schoeniclus/XC735600.mp3,10.0,13.0,-16.709478346027204,-16.71683923832613,drop,Catherpes mexicanus,Canyon Wren,0.18308940529823303,0.18308940529823303,drop,0,,,
emberiza_schoeniclus,735600,Emberiza schoeniclus,/Users/justyna-przy/Projects/ISE/FYP/src/bird_data/raw/emberiza_schoeniclus/XC735600.mp3,13.0,16.0,-16.70617539857512,-16.71683923832613,drop,Tringa totanus,Common Redshank,0.8940166234970093,0.8940166234970093,drop,0,,,
emberiza_schoeniclus,735600,Emberiza schoeniclus,/Users/justyna-przy/Projects/ISE/FYP/src/bird_data/raw/emberiza_schoeniclus/XC735600.mp3,16.0,19.0,-16.702170665031396,-16.71683923832613,non_bird,,,0.0,0.0,non_bird,1,nonbird_lowconf,/Users/justyna-przy/Projects/ISE/FYP/src/bird_data/clips/non_bird/emberiza_schoeniclus/XC735600__s16000__e19000.wav,
emberiza_schoeniclus,735600,Emberiza schoeniclus,/Users/justyna-przy/Projects/ISE/FYP/src/bird_data/raw/emberiza_schoeniclus/XC735600.mp3,19.0,22.0,-16.711655895000266,-16.71683923832613,non_bird,,,0.0,0.0,non_bird,0,,,
emberiza_schoeniclus,730639,Emberiza schoeniclus,/Users/justyna-przy/Projects/ISE/FYP/src/bird_data/raw/emberiza_schoeniclus/XC730639.mp3,4.0,7.0,-39.53448166428983,-40.0,species,Emberiza schoeniclus,Reed Bunting,0.9941925406455994,0.9941925406455994,species,1,rand_species,/Users/justyna-przy/Projects/ISE/FYP/src/bird_data/clips/species/emberiza_schoeniclus/XC730639__s4000__e7000.wav,
emberiza_schoeniclus,727547,Emberiza schoeniclus,/Users/justyna-przy/Projects/ISE/FYP/src/bird_data/raw/emberiza_schoeniclus/XC727547.mp3,16.0,19.0,-43.703524770786444,-40.0,species,Emberiza schoeniclus,Reed Bunting,0.9962144494056702,0.9962144494056702,species,1,rand_species,/Users/justyna-przy/Projects/ISE/FYP/src/bird_data/clips/species/emberiza_schoeniclus/XC727547__s16000__e19000.wav,
emberiza_schoeniclus,725256,Emberiza schoeniclus,/Users/justyna-przy/Projects/ISE/FYP/src/bird_data/raw/emberiza_schoeniclus/XC725256.mp3,16.0,19.0,-32.992228582535525,-33.604227197224574,species,Emberiza schoeniclus,Reed Bunting,0.9710820913314819,0.9710820913314819,species,0,,,
emberiza_schoeniclus,725256,Emberiza schoeniclus,/Users/justyna-przy/Projects/ISE/FYP/src/bird_data/raw/emberiza_schoeniclus/XC725256.mp3,19.0,22.0,-32.72249936547403,-33.604227197224574,species,Emberiza schoeniclus,Reed Bunting,0.9916959404945374,0.9916959404945374,species,0,,,
emberiza_schoeniclus,725256,Emberiza schoeniclus,/Users/justyna-przy/Projects/ISE/FYP/src/bird_data/raw/emberiza_schoeniclus/XC725256.mp3,22.0,25.0,-31.316932811193034,-33.604227197224574,species,Emberiza schoeniclus,Reed Bunting,0.8947356939315796,0.8947356939315796,species,0,,,
emberiza_schoeniclus,725256,Emberiza schoeniclus,/Users/justyna-przy/Projects/ISE/FYP/src/bird_data/raw/emberiza_schoeniclus/XC725256.mp3,25.0,28.0,-29.936437068863405,-33.604227197224574,species,Emberiza schoeniclus,Reed Bunting,0.7386088371276855,0.7386088371276855,species,1,rand_species,/Users/justyna-przy/Projects/ISE/FYP/src/bird_data/clips/species/emberiza_schoeniclus/XC725256__s25000__e28000.wav,
emberiza_schoeniclus,725256,Emberiza schoeniclus,/Users/justyna-przy/Projects/ISE/FYP/src/bird_data/raw/emberiza_schoeniclus/XC725256.mp3,28.0,31.0,-28.821138453444807,-33.604227197224574,species,Emberiza schoeniclus,Reed Bunting,0.9822157621383667,0.9822157621383667,species,0,,,
emberiza_schoeniclus,725256,Emberiza schoeniclus,/Users/justyna-przy/Projects/ISE/FYP/src/bird_data/raw/emberiza_schoeniclus/XC725256.mp3,31.0,34.0,-28.70644613966162,-33.604227197224574,drop,Emberiza schoeniclus,Reed Bunting,0.27675187587738037,0.27675187587738037,drop,0,,,
emberiza_schoeniclus,725256,Emberiza schoeniclus,/Users/justyna-przy/Projects/ISE/FYP/src/bird_data/raw/emberiza_schoeniclus/XC725256.mp3,34.0,37.0,-31.426168093036612,-33.604227197224574,species,Emberiza schoeniclus,Reed Bunting,0.9937055706977844,0.9937055706977844,species,1,rand_species,/Users/justyna-przy/Projects/ISE/FYP/src/bird_data/clips/species/emberiza_schoeniclus/XC725256__s34000__e37000.wav,
emberiza_schoeniclus,725256,Emberiza schoeniclus,/Users/justyna-przy/Projects/ISE/FYP/src/bird_data/raw/emberiza_schoeniclus/XC725256.mp3,37.0,40.0,-32.43572240172575,-33.604227197224574,drop,Alauda arvensis,Eurasian Skylark,0.22906562685966492,0.22906562685966492,drop,0,,,
emberiza_schoeniclus,725256,Emberiza schoeniclus,/Users/justyna-przy/Projects/ISE/FYP/src/bird_data/raw/emberiza_schoeniclus/XC725256.mp3,40.0,43.0,-33.176727545419,-33.604227197224574,species,Emberiza schoeniclus,Reed Bunting,0.9810108542442322,0.9810108542442322,species,0,,,
emberiza_schoeniclus,725256,Emberiza schoeniclus,/Users/justyna-przy/Projects/ISE/FYP/src/bird_data/raw/emberiza_schoeniclus/XC725256.mp3,46.0,49.0,-31.31663631917661,-33.604227197224574,species,Emberiza schoeniclus,Reed Bunting,0.9870815873146057,0.9870815873146057,species,1,rand_species,/Users/justyna-przy/Projects/ISE/FYP/src/bird_data/clips/species/emberiza_schoeniclus/XC725256__s46000__e49000.wav,
emberiza_schoeniclus,725256,Emberiza schoeniclus,/Users/justyna-przy/Projects/ISE/FYP/src/bird_data/raw/emberiza_schoeniclus/XC725256.mp3,49.0,52.0,-31.897034236623387,-33.604227197224574,species,Emberiza schoeniclus,Reed Bunting,0.9904168844223022,0.9904168844223022,species,0,,,
emberiza_schoeniclus,725256,Emberiza schoeniclus,/Users/justyna-przy/Projects/ISE/FYP/src/bird_data/raw/emberiza_schoeniclus/XC725256.mp3,52.0,55.0,-32.94394722911359,-33.604227197224574,species,Emberiza schoeniclus,Reed Bunting,0.9738590121269226,0.9738590121269226,species,0,,,
emberiza_schoeniclus,723277,Emberiza schoeniclus,/Users/justyna-przy/Projects/ISE/FYP/src/bird_data/raw/emberiza_schoeniclus/XC723277.mp3,1.0,4.0,-15.225708676352735,-15.697614900060895,drop,Saxicola rubicola,European Stonechat,0.7620353698730469,0.7620353698730469,drop,0,,,
emberiza_schoeniclus,723277,Emberiza schoeniclus,/Users/justyna-przy/Projects/ISE/FYP/src/bird_data/raw/emberiza_schoeniclus/XC723277.mp3,4.0,7.0,-10.792156062482348,-15.697614900060895,drop,Saxicola rubicola,European Stonechat,0.9638867378234863,0.9638867378234863,drop,0,,,
emberiza_schoeniclus,723035,Emberiza schoeniclus,/Users/justyna-przy/Projects/ISE/FYP/src/bird_data/raw/emberiza_schoeniclus/XC723035.mp3,1.0,4.0,-28.152705499412086,-39.57991451895175,species,Emberiza schoeniclus,Reed Bunting,0.9641686081886292,0.9641686081886292,species,1,rand_species,/Users/justyna-przy/Projects/ISE/FYP/src/bird_data/clips/species/emberiza_schoeniclus/XC723035__s1000__e4000.wav,
emberiza_schoeniclus,723035,Emberiza schoeniclus,/Users/justyna-przy/Projects/ISE/FYP/src/bird_data/raw/emberiza_schoeniclus/XC723035.mp3,7.0,10.0,-37.42587574389173,-39.57991451895175,species,Emberiza schoeniclus,Reed Bunting,0.49719956517219543,0.49719956517219543,species,1,rand_species,/Users/justyna-przy/Projects/ISE/FYP/src/bird_data/clips/species/emberiza_schoeniclus/XC723035__s7000__e10000.wav,
emberiza_schoeniclus,717966,Emberiza schoeniclus,/Users/justyna-przy/Projects/ISE/FYP/src/bird_data/raw/emberiza_schoeniclus/XC717966.mp3,1.0,4.0,-16.395085727680875,-16.401783411342137,non_bird,,,0.0,0.0,non_bird,1,nonbird_lowconf,/Users/justyna-przy/Projects/ISE/FYP/src/bird_data/clips/non_bird/emberiza_schoeniclus/XC717966__s1000__e4000.wav,
emberiza_schoeniclus,717966,Emberiza schoeniclus,/Users/justyna-przy/Projects/ISE/FYP/src/bird_data/raw/emberiza_schoeniclus/XC717966.mp3,4.0,7.0,-16.38038962688179,-16.401783411342137,species,Emberiza schoeniclus,Reed Bunting,0.962073802947998,0.962073802947998,species,1,rand_species,/Users/justyna-przy/Projects/ISE/FYP/src/bird_data/clips/species/emberiza_schoeniclus/XC717966__s4000__e7000.wav,
emberiza_schoeniclus,712859,Emberiza schoeniclus,/Users/justyna-przy/Projects/ISE/FYP/src/bird_data/raw/emberiza_schoeniclus/XC712859.mp3,4.0,7.0,-39.836026589055244,-40.0,non_bird,,,0.0,0.0,non_bird,1,nonbird_lowconf,/Users/justyna-przy/Projects/ISE/FYP/src/bird_data/clips/non_bird/emberiza_schoeniclus/XC712859__s4000__e7000.wav,
emberiza_schoeniclus,712859,Emberiza schoeniclus,/Users/justyna-przy/Projects/ISE/FYP/src/bird_data/raw/emberiza_schoeniclus/XC712859.mp3,10.0,13.0,-37.901447185005786,-40.0,species,Emberiza schoeniclus,Reed Bunting,0.9866414070129395,0.9866414070129395,species,1,rand_species,/Users/justyna-przy/Projects/ISE/FYP/src/bird_data/clips/species/emberiza_schoeniclus/XC712859__s10000__e13000.wav,
emberiza_schoeniclus,712859,Emberiza schoeniclus,/Users/justyna-przy/Projects/ISE/FYP/src/bird_data/raw/emberiza_schoeniclus/XC712859.mp3,16.0,19.0,-38.775065386298245,-40.0,species,Emberiza schoeniclus,Reed Bunting,0.9918896555900574,0.9918896555900574,species,1,rand_species,/Users/justyna-przy/Projects/ISE/FYP/src/bird_data/clips/species/emberiza_schoeniclus/XC712859__s16000__e19000.wav,
emberiza_schoeniclus,709727,Emberiza schoeniclus,/Users/justyna-przy/Projects/ISE/FYP/src/bird_data/raw/emberiza_schoeniclus/XC709727.mp3,4.0,7.0,-22.535558456065434,-31.530970309862955,species,Emberiza schoeniclus,Reed Bunting,0.98541659116745,0.98541659116745,species,1,rand_species,/Users/justyna-przy/Projects/ISE/FYP/src/bird_data/clips/species/emberiza_schoeniclus/XC709727__s4000__e7000.wav,
emberiza_schoeniclus,709727,Emberiza schoeniclus,/Users/justyna-przy/Projects/ISE/FYP/src/bird_data/raw/emberiza_schoeniclus/XC709727.mp3,10.0,13.0,-20.926984526589862,-31.530970309862955,species,Emberiza schoeniclus,Reed Bunting,0.9957014918327332,0.9957014918327332,species,0,,,
emberiza_schoeniclus,709727,Emberiza schoeniclus,/Users/justyna-przy/Projects/ISE/FYP/src/bird_data/raw/emberiza_schoeniclus/XC709727.mp3,13.0,16.0,-31.42922116533903,-31.530970309862955,drop,Prunella modularis,Dunnock,0.6608684659004211,0.6608684659004211,drop,0,,,
emberiza_schoeniclus,709727,Emberiza schoeniclus,/Users/justyna-przy/Projects/ISE/FYP/src/bird_data/raw/emberiza_schoeniclus/XC709727.mp3,16.0,19.0,-22.171105262199173,-31.530970309862955,species,Emberiza schoeniclus,Reed Bunting,0.9839245080947876,0.9839245080947876,species,1,rand_species,/Users/justyna-przy/Projects/ISE/FYP/src/bird_data/clips/species/emberiza_schoeniclus/XC709727__s16000__e19000.wav,
emberiza_schoeniclus,709727,Emberiza schoeniclus,/Users/justyna-przy/Projects/ISE/FYP/src/bird_data/raw/emberiza_schoeniclus/XC709727.mp3,19.0,22.0,-22.84494425866562,-31.530970309862955,species,Emberiza schoeniclus,Reed Bunting,0.9909458160400391,0.9909458160400391,species,1,rand_species,/Users/justyna-przy/Projects/ISE/FYP/src/bird_data/clips/species/emberiza_schoeniclus/XC709727__s19000__e22000.wav,
emberiza_schoeniclus,707863,Emberiza schoeniclus,/Users/justyna-przy/Projects/ISE/FYP/src/bird_data/raw/emberiza_schoeniclus/XC707863.mp3,1.0,4.0,-37.747227711451444,-40.0,species,Emberiza schoeniclus,Reed Bunting,0.8293803334236145,0.8293803334236145,species,1,rand_species,/Users/justyna-przy/Projects/ISE/FYP/src/bird_data/clips/species/emberiza_schoeniclus/XC707863__s1000__e4000.wav,
emberiza_schoeniclus,706455,Emberiza schoeniclus,/Users/justyna-przy/Projects/ISE/FYP/src/bird_data/raw/emberiza_schoeniclus/XC706455.mp3,1.0,4.0,-16.131165613033204,-16.134159417174477,drop,Turdus merula,Eurasian Blackbird,0.16912516951560974,0.16912516951560974,drop,0,,,
emberiza_schoeniclus,706455,Emberiza schoeniclus,/Users/justyna-przy/Projects/ISE/FYP/src/bird_data/raw/emberiza_schoeniclus/XC706455.mp3,7.0,10.0,-16.132712800785683,-16.134159417174477,species,Emberiza schoeniclus,Reed Bunting,0.520626425743103,0.520626425743103,species,1,rand_species,/Users/justyna-przy/Projects/ISE/FYP/src/bird_data/clips/species/emberiza_schoeniclus/XC706455__s7000__e10000.wav,
emberiza_schoeniclus,706455,Emberiza schoeniclus,/Users/justyna-przy/Projects/ISE/FYP/src/bird_data/raw/emberiza_schoeniclus/XC706455.mp3,13.0,16.0,-16.133659822286063,-16.134159417174477,non_bird,,,0.0,0.0,non_bird,1,nonbird_lowconf,/Users/justyna-przy/Projects/ISE/FYP/src/bird_data/clips/non_bird/emberiza_schoeniclus/XC706455__s13000__e16000.wav,
emberiza_schoeniclus,706454,Emberiza schoeniclus,/Users/justyna-przy/Projects/ISE/FYP/src/bird_data/raw/emberiza_schoeniclus/XC706454.mp3,4.0,7.0,-16.390117354487526,-16.420247200754176,species,Emberiza schoeniclus,Reed Bunting,0.9615342020988464,0.9615342020988464,species,1,rand_species,/Users/justyna-przy/Projects/ISE/FYP/src/bird_data/clips/species/emberiza_schoeniclus/XC706454__s4000__e7000.wav,
emberiza_schoeniclus,706453,Emberiza schoeniclus,/Users/justyna-przy/Projects/ISE/FYP/src/bird_data/raw/emberiza_schoeniclus/XC706453.mp3,1.0,4.0,-43.21527985095031,-40.0,drop,Emberiza schoeniclus,Reed Bunting,0.2312631756067276,0.2312631756067276,drop,0,,,
emberiza_schoeniclus,706452,Emberiza schoeniclus,/Users/justyna-przy/Projects/ISE/FYP/src/bird_data/raw/emberiza_schoeniclus/XC706452.mp3,1.0,4.0,-16.35424582597516,-16.35424582597516,non_bird,,,0.0,0.0,non_bird,1,nonbird_lowconf,/Users/justyna-przy/Projects/ISE/FYP/src/bird_data/clips/non_bird/emberiza_schoeniclus/XC706452__s1000__e4000.wav,
emberiza_schoeniclus,695618,Emberiza schoeniclus,/Users/justyna-przy/Projects/ISE/FYP/src/bird_data/raw/emberiza_schoeniclus/XC695618.mp3,4.0,7.0,-32.8129434885038,-35.32378334347453,species,Emberiza schoeniclus,Reed Bunting,0.7359641790390015,0.7359641790390015,species,1,rand_species,/Users/justyna-przy/Projects/ISE/FYP/src/bird_data/clips/species/emberiza_schoeniclus/XC695618__s4000__e7000.wav,
emberiza_schoeniclus,695618,Emberiza schoeniclus,/Users/justyna-przy/Projects/ISE/FYP/src/bird_data/raw/emberiza_schoeniclus/XC695618.mp3,7.0,10.0,-31.47576860377096,-35.32378334347453,species,Emberiza schoeniclus,Reed Bunting,0.8470731973648071,0.8470731973648071,species,1,rand_species,/Users/justyna-przy/Projects/ISE/FYP/src/bird_data/clips/species/emberiza_schoeniclus/XC695618__s7000__e10000.wav,
emberiza_schoeniclus,695578,Emberiza schoeniclus,/Users/justyna-przy/Projects/ISE/FYP/src/bird_data/raw/emberiza_schoeniclus/XC695578.mp3,4.0,7.0,-29.44433753273515,-35.177083322840225,drop,Coccothraustes vespertinus,Evening Grosbeak,0.14105592668056488,0.14105592668056488,drop,0,,,
emberiza_schoeniclus,695578,Emberiza schoeniclus,/Users/justyna-przy/Projects/ISE/FYP/src/bird_data/raw/emberiza_schoeniclus/XC695578.mp3,7.0,10.0,-31.330218057051585,-35.177083322840225,non_bird,,,0.0,0.0,non_bird,1,nonbird_lowconf,/Users/justyna-przy/Projects/ISE/FYP/src/bird_data/clips/non_bird/emberiza_schoeniclus/XC695578__s7000__e10000.wav,
emberiza_schoeniclus,695384,Emberiza schoeniclus,/Users/justyna-przy/Projects/ISE/FYP/src/bird_data/raw/emberiza_schoeniclus/XC695384.mp3,4.0,7.0,-35.249563708344574,-40.0,species,Emberiza schoeniclus,Reed Bunting,0.9961507320404053,0.9961507320404053,species,0,,,
emberiza_schoeniclus,695384,Emberiza schoeniclus,/Users/justyna-przy/Projects/ISE/FYP/src/bird_data/raw/emberiza_schoeniclus/XC695384.mp3,7.0,10.0,-39.53670161118646,-40.0,species,Emberiza schoeniclus,Reed Bunting,0.9968036413192749,0.9968036413192749,species,1,rand_species,/Users/justyna-przy/Projects/ISE/FYP/src/bird_data/clips/species/emberiza_schoeniclus/XC695384__s7000__e10000.wav,
emberiza_schoeniclus,695384,Emberiza schoeniclus,/Users/justyna-przy/Projects/ISE/FYP/src/bird_data/raw/emberiza_schoeniclus/XC695384.mp3,16.0,19.0,-32.9926444823654,-40.0,species,Emberiza schoeniclus,Reed Bunting,0.995230495929718,0.995230495929718,species,0,,,
emberiza_schoeniclus,695384,Emberiza schoeniclus,/Users/justyna-przy/Projects/ISE/FYP/src/bird_data/raw/emberiza_schoeniclus/XC695384.mp3,19.0,22.0,-37.74408141236554,-40.0,species,Emberiza schoeniclus,Reed Bunting,0.9975761771202087,0.9975761771202087,species,0,,,
emberiza_schoeniclus,695384,Emberiza schoeniclus,/Users/justyna-przy/Projects/ISE/FYP/src/bird_data/raw/emberiza_schoeniclus/XC695384.mp3,22.0,25.0,-37.84873302410008,-40.0,species,Emberiza schoeniclus,Reed Bunting,0.9874152541160583,0.9874152541160583,species,0,,,
emberiza_schoeniclus,695384,Emberiza schoeniclus,/Users/justyna-przy/Projects/ISE/FYP/src/bird_data/raw/emberiza_schoeniclus/XC695384.mp3,25.0,28.0,-34.7296199500517,-40.0,species,Emberiza schoeniclus,Reed Bunting,0.9827938079833984,0.9827938079833984,species,1,rand_species,/Users/justyna-przy/Projects/ISE/FYP/src/bird_data/clips/species/emberiza_schoeniclus/XC695384__s25000__e28000.wav,
emberiza_schoeniclus,695384,Emberiza schoeniclus,/Users/justyna-przy/Projects/ISE/FYP/src/bird_data/raw/emberiza_schoeniclus/XC695384.mp3,28.0,31.0,-37.52752831774586,-40.0,species,Emberiza schoeniclus,Reed Bunting,0.9914745092391968,0.9914745092391968,species,0,,,
emberiza_schoeniclus,695384,Emberiza schoeniclus,/Users/justyna-przy/Projects/ISE/FYP/src/bird_data/raw/emberiza_schoeniclus/XC695384.mp3,31.0,34.0,-35.849982860898514,-40.0,species,Emberiza schoeniclus,Reed Bunting,0.99751877784729,0.99751877784729,species,0,,,
emberiza_schoeniclus,695384,Emberiza schoeniclus,/Users/justyna-przy/Projects/ISE/FYP/src/bird_data/raw/emberiza_schoeniclus/XC695384.mp3,37.0,40.0,-38.12838300404819,-40.0,species,Emberiza schoeniclus,Reed Bunting,0.9942605495452881,0.9942605495452881,species,0,,,
emberiza_schoeniclus,695384,Emberiza schoeniclus,/Users/justyna-przy/Projects/ISE/FYP/src/bird_data/raw/emberiza_schoeniclus/XC695384.mp3,43.0,46.0,-37.7863588699205,-40.0,species,Emberiza schoeniclus,Reed Bunting,0.9954029321670532,0.9954029321670532,species,0,,,
emberiza_schoeniclus,695384,Emberiza schoeniclus,/Users/justyna-przy/Projects/ISE/FYP/src/bird_data/raw/emberiza_schoeniclus/XC695384.mp3,46.0,49.0,-39.928738752063325,-40.0,species,Emberiza schoeniclus,Reed Bunting,0.994342565536499,0.994342565536499,species,1,rand_species,/Users/justyna-przy/Projects/ISE/FYP/src/bird_data/clips/species/emberiza_schoeniclus/XC695384__s46000__e49000.wav,
emberiza_schoeniclus,693068,Emberiza schoeniclus,/Users/justyna-przy/Projects/ISE/FYP/src/bird_data/raw/emberiza_schoeniclus/XC693068.mp3,1.0,4.0,-16.987770594312664,-17.001609733103034,species,Emberiza schoeniclus,Reed Bunting,0.9462270140647888,0.9462270140647888,species,1,rand_species,/Users/justyna-przy/Projects/ISE/FYP/src/bird_data/clips/species/emberiza_schoeniclus/XC693068__s1000__e4000.wav,
emberiza_schoeniclus,693068,Emberiza schoeniclus,/Users/justyna-przy/Projects/ISE/FYP/src/bird_data/raw/emberiza_schoeniclus/XC693068.mp3,4.0,7.0,-17.000145683567574,-17.001609733103034,species,Emberiza schoeniclus,Reed Bunting,0.5275247693061829,0.5275247693061829,species,0,,,
emberiza_schoeniclus,693068,Emberiza schoeniclus,/Users/justyna-przy/Projects/ISE/FYP/src/bird_data/raw/emberiza_schoeniclus/XC693068.mp3,10.0,13.0,-16.985483385705816,-17.001609733103034,species,Emberiza schoeniclus,Reed Bunting,0.9647799134254456,0.9647799134254456,species,1,rand_species,/Users/justyna-przy/Projects/ISE/FYP/src/bird_data/clips/species/emberiza_schoeniclus/XC693068__s10000__e13000.wav,
emberiza_schoeniclus,693068,Emberiza schoeniclus,/Users/justyna-przy/Projects/ISE/FYP/src/bird_data/raw/emberiza_schoeniclus/XC693068.mp3,13.0,16.0,-16.99575584284822,-17.001609733103034,species,Emberiza schoeniclus,Reed Bunting,0.998258650302887,0.998258650302887,species,1,rand_species,/Users/justyna-przy/Projects/ISE/FYP/src/bird_data/clips/species/emberiza_schoeniclus/XC693068__s13000__e16000.wav,
emberiza_schoeniclus,693066,Emberiza schoeniclus,/Users/justyna-przy/Projects/ISE/FYP/src/bird_data/raw/emberiza_schoeniclus/XC693066.mp3,4.0,7.0,-22.079984179133746,-22.08538927342041,species,Emberiza schoeniclus,Reed Bunting,0.9417569637298584,0.9417569637298584,species,1,rand_species,/Users/justyna-przy/Projects/ISE/FYP/src/bird_data/clips/species/emberiza_schoeniclus/XC693066__s4000__e7000.wav,
emberiza_schoeniclus,693066,Emberiza schoeniclus,/Users/justyna-przy/Projects/ISE/FYP/src/bird_data/raw/emberiza_schoeniclus/XC693066.mp3,7.0,10.0,-22.085259689365344,-22.08538927342041,species,Emberiza schoeniclus,Reed Bunting,0.9477440714836121,0.9477440714836121,species,1,rand_species,/Users/justyna-przy/Projects/ISE/FYP/src/bird_data/clips/species/emberiza_schoeniclus/XC693066__s7000__e10000.wav,
emberiza_schoeniclus,693066,Emberiza schoeniclus,/Users/justyna-przy/Projects/ISE/FYP/src/bird_data/raw/emberiza_schoeniclus/XC693066.mp3,10.0,13.0,-22.084354712516834,-22.08538927342041,drop,Anthus pratensis,Meadow Pipit,0.450343519449234,0.450343519449234,drop,0,,,
emberiza_schoeniclus,693066,Emberiza schoeniclus,/Users/justyna-przy/Projects/ISE/FYP/src/bird_data/raw/emberiza_schoeniclus/XC693066.mp3,19.0,22.0,-22.079231031219283,-22.08538927342041,species,Emberiza schoeniclus,Reed Bunting,0.38485467433929443,0.38485467433929443,species,1,rand_species,/Users/justyna-przy/Projects/ISE/FYP/src/bird_data/clips/species/emberiza_schoeniclus/XC693066__s19000__e22000.wav,
emberiza_schoeniclus,693066,Emberiza schoeniclus,/Users/justyna-przy/Projects/ISE/FYP/src/bird_data/raw/emberiza_schoeniclus/XC693066.mp3,22.0,25.0,-22.078206657546264,-22.08538927342041,drop,Phoenicurus ochruros,Black Redstart,0.2878720760345459,0.2878720760345459,drop,0,,,
emberiza_schoeniclus,693065,Emberiza schoeniclus,/Users/justyna-przy/Projects/ISE/FYP/src/bird_data/raw/emberiza_schoeniclus/XC693065.mp3,1.0,4.0,-17.0872574211391,-17.0872574211391,species,Emberiza schoeniclus,Reed Bunting,0.9278239011764526,0.9278239011764526,species,1,rand_species,/Users/justyna-przy/Projects/ISE/FYP/src/bird_data/clips/species/emberiza_schoeniclus/XC693065__s1000__e4000.wav,
emberiza_schoeniclus,692894,Emberiza schoeniclus,/Users/justyna-przy/Projects/ISE/FYP/src/bird_data/raw/emberiza_schoeniclus/XC692894.mp3,1.0,4.0,-17.086666943837763,-17.086666943837763,species,Emberiza schoeniclus,Reed Bunting,0.9088079333305359,0.9088079333305359,species,1,rand_species,/Users/justyna-przy/Projects/ISE/FYP/src/bird_data/clips/species/emberiza_schoeniclus/XC692894__s1000__e4000.wav,
emberiza_schoeniclus,691049,Emberiza schoeniclus,/Users/justyna-przy/Projects/ISE/FYP/src/bird_data/raw/emberiza_schoeniclus/XC691049.mp3,13.0,16.0,-40.57594058602274,-40.0,species,Emberiza schoeniclus,Reed Bunting,0.9867385625839233,0.9867385625839233,species,1,rand_species,/Users/justyna-przy/Projects/ISE/FYP/src/bird_data/clips/species/emberiza_schoeniclus/XC691049__s13000__e16000.wav,
emberiza_schoeniclus,691044,Emberiza schoeniclus,/Users/justyna-przy/Projects/ISE/FYP/src/bird_data/raw/emberiza_schoeniclus/XC691044.mp3,1.0,4.0,-35.875801747498635,-35.875801747498635,drop,Branta canadensis,Canada Goose,0.4109342098236084,0.4109342098236084,drop,0,,,
emberiza_schoeniclus,681887,Emberiza schoeniclus,/Users/justyna-przy/Projects/ISE/FYP/src/bird_data/raw/emberiza_schoeniclus/XC681887.mp3,7.0,10.0,-41.36197823950337,-40.0,non_bird,,,0.0,0.0,non_bird,1,nonbird_lowconf,/Users/justyna-przy/Projects/ISE/FYP/src/bird_data/clips/non_bird/emberiza_schoeniclus/XC681887__s7000__e10000.wav,
emberiza_schoeniclus,670557,Emberiza schoeniclus,/Users/justyna-przy/Projects/ISE/FYP/src/bird_data/raw/emberiza_schoeniclus/XC670557.mp3,1.0,4.0,-23.979044462950725,-33.905900678083896,species,Emberiza schoeniclus,Reed Bunting,0.9479193091392517,0.9479193091392517,species,1,rand_species,/Users/justyna-przy/Projects/ISE/FYP/src/bird_data/clips/species/emberiza_schoeniclus/XC670557__s1000__e4000.wav,
emberiza_schoeniclus,670557,Emberiza schoeniclus,/Users/justyna-przy/Projects/ISE/FYP/src/bird_data/raw/emberiza_schoeniclus/XC670557.mp3,4.0,7.0,-21.34716978252799,-33.905900678083896,drop,Acanthiza uropygialis,Chestnut-rumped Thornbill,0.5587978363037109,0.5587978363037109,drop,0,,,
emberiza_schoeniclus,670557,Emberiza schoeniclus,/Users/justyna-przy/Projects/ISE/FYP/src/bird_data/raw/emberiza_schoeniclus/XC670557.mp3,7.0,10.0,-33.905900678083896,-33.905900678083896,non_bird,,,0.0,0.0,non_bird,1,nonbird_lowconf,/Users/justyna-przy/Projects/ISE/FYP/src/bird_data/clips/non_bird/emberiza_schoeniclus/XC670557__s7000__e10000.wav,
emberiza_schoeniclus,670557,Emberiza schoeniclus,/Users/justyna-przy/Projects/ISE/FYP/src/bird_data/raw/emberiza_schoeniclus/XC670557.mp3,10.0,13.0,-32.38419880104378,-33.905900678083896,non_bird,,,0.0,0.0,non_bird,1,nonbird_lowconf,/Users/justyna-przy/Projects/ISE/FYP/src/bird_data/clips/non_bird/emberiza_schoeniclus/XC670557__s10000__e13000.wav,
emberiza_schoeniclus,670557,Emberiza schoeniclus,/Users/justyna-przy/Projects/ISE/FYP/src/bird_data/raw/emberiza_schoeniclus/XC670557.mp3,19.0,22.0,-32.74231875462313,-33.905900678083896,drop,Geothlypis poliocephala,Gray-crowned Yellowthroat,0.1558423936367035,0.1558423936367035,drop,0,,,
emberiza_schoeniclus,670557,Emberiza schoeniclus,/Users/justyna-przy/Projects/ISE/FYP/src/bird_data/raw/emberiza_schoeniclus/XC670557.mp3,22.0,25.0,-30.339965479456836,-33.905900678083896,species,Emberiza schoeniclus,Reed Bunting,0.8477904200553894,0.8477904200553894,species,1,rand_species,/Users/justyna-przy/Projects/ISE/FYP/src/bird_data/clips/species/emberiza_schoeniclus/XC670557__s22000__e25000.wav,
emberiza_schoeniclus,670557,Emberiza schoeniclus,/Users/justyna-przy/Projects/ISE/FYP/src/bird_data/raw/emberiza_schoeniclus/XC670557.mp3,25.0,28.0,-31.19665749547766,-33.905900678083896,drop,Periparus ater,Coal Tit,0.10642758756875992,0.10642758756875992,drop,0,,,
emberiza_schoeniclus,670557,Emberiza schoeniclus,/Users/justyna-przy/Projects/ISE/FYP/src/bird_data/raw/emberiza_schoeniclus/XC670557.mp3,28.0,31.0,-26.133454829732436,-33.905900678083896,species,Emberiza schoeniclus,Reed Bunting,0.44001781940460205,0.44001781940460205,species,1,rand_species,/Users/justyna-przy/Projects/ISE/FYP/src/bird_data/clips/species/emberiza_schoeniclus/XC670557__s28000__e31000.wav,
emberiza_schoeniclus,670555,Emberiza schoeniclus,/Users/justyna-przy/Projects/ISE/FYP/src/bird_data/raw/emberiza_schoeniclus/XC670555.mp3,1.0,4.0,-29.64397116906547,-29.928091264202983,species,Emberiza schoeniclus,Reed Bunting,0.8632487654685974,0.8632487654685974,species,1,rand_species,/Users/justyna-przy/Projects/ISE/FYP/src/bird_data/clips/species/emberiza_schoeniclus/XC670555__s1000__e4000.wav,
emberiza_schoeniclus,667910,Emberiza schoeniclus,/Users/justyna-przy/Projects/ISE/FYP/src/bird_data/raw/emberiza_schoeniclus/XC667910.mp3,1.0,4.0,-20.385466105687236,-27.962263275620007,species,Emberiza schoeniclus,Reed Bunting,0.9992209672927856,0.9992209672927856,species,0,,,
emberiza_schoeniclus,667910,Emberiza schoeniclus,/Users/justyna-przy/Projects/ISE/FYP/src/bird_data/raw/emberiza_schoeniclus/XC667910.mp3,4.0,7.0,-25.061485759554447,-27.962263275620007,species,Emberiza schoeniclus,Reed Bunting,0.8026207685470581,0.8026207685470581,species,1,rand_species,/Users/justyna-przy/Projects/ISE/FYP/src/bird_data/clips/species/emberiza_schoeniclus/XC667910__s4000__e7000.wav,
emberiza_schoeniclus,667910,Emberiza schoeniclus,/Users/justyna-przy/Projects/ISE/FYP/src/bird_data/raw/emberiza_schoeniclus/XC667910.mp3,7.0,10.0,-27.468325681074816,-27.962263275620007,drop,Chroicocephalus ridibundus,Black-headed Gull,0.1290777176618576,0.1290777176618576,drop,0,,,
emberiza_schoeniclus,667910,Emberiza schoeniclus,/Users/justyna-przy/Projects/ISE/FYP/src/bird_data/raw/emberiza_schoeniclus/XC667910.mp3,10.0,13.0,-27.853184785259906,-27.962263275620007,drop,Chroicocephalus ridibundus,Black-headed Gull,0.301509827375412,0.301509827375412,drop,0,,,
emberiza_schoeniclus,667910,Emberiza schoeniclus,/Users/justyna-przy/Projects/ISE/FYP/src/bird_data/raw/emberiza_schoeniclus/XC667910.mp3,13.0,16.0,-23.104446441093224,-27.962263275620007,drop,Chroicocephalus ridibundus,Black-headed Gull,0.30881819128990173,0.30881819128990173,drop,0,,,
emberiza_schoeniclus,667910,Emberiza schoeniclus,/Users/justyna-przy/Projects/ISE/FYP/src/bird_data/raw/emberiza_schoeniclus/XC667910.mp3,19.0,22.0,-18.91681420445886,-27.962263275620007,species,Emberiza schoeniclus,Reed Bunting,0.9975624084472656,0.9975624084472656,species,1,rand_species,/Users/justyna-przy/Projects/ISE/FYP/src/bird_data/clips/species/emberiza_schoeniclus/XC667910__s19000__e22000.wav,
emberiza_schoeniclus,667910,Emberiza schoeniclus,/Users/justyna-przy/Projects/ISE/FYP/src/bird_data/raw/emberiza_schoeniclus/XC667910.mp3,22.0,25.0,-27.776370554895063,-27.962263275620007,drop,Sterna hirundo,Common Tern,0.5679501295089722,0.5679501295089722,drop,0,,,
emberiza_schoeniclus,667910,Emberiza schoeniclus,/Users/justyna-przy/Projects/ISE/FYP/src/bird_data/raw/emberiza_schoeniclus/XC667910.mp3,25.0,28.0,-27.595224784842465,-27.962263275620007,drop,Sterna hirundo,Common Tern,0.2357976734638214,0.2357976734638214,drop,0,,,
emberiza_schoeniclus,667910,Emberiza schoeniclus,/Users/justyna-przy/Projects/ISE/FYP/src/bird_data/raw/emberiza_schoeniclus/XC667910.mp3,28.0,31.0,-26.88764431639037,-27.962263275620007,drop,Sterna hirundo,Common Tern,0.16752667725086212,0.16752667725086212,drop,0,,,
emberiza_schoeniclus,667910,Emberiza schoeniclus,/Users/justyna-przy/Projects/ISE/FYP/src/bird_data/raw/emberiza_schoeniclus/XC667910.mp3,37.0,40.0,-20.505450421488092,-27.962263275620007,species,Emberiza schoeniclus,Reed Bunting,0.9995859265327454,0.9995859265327454,species,1,rand_species,/Users/justyna-przy/Projects/ISE/FYP/src/bird_data/clips/species/emberiza_schoeniclus/XC667910__s37000__e40000.wav,
emberiza_schoeniclus,667910,Emberiza schoeniclus,/Users/justyna-przy/Projects/ISE/FYP/src/bird_data/raw/emberiza_schoeniclus/XC667910.mp3,49.0,52.0,-23.086635549958025,-27.962263275620007,species,Emberiza schoeniclus,Reed Bunting,0.9269729256629944,0.9269729256629944,species,0,,,
emberiza_schoeniclus,667910,Emberiza schoeniclus,/Users/justyna-przy/Projects/ISE/FYP/src/bird_data/raw/emberiza_schoeniclus/XC667910.mp3,52.0,55.0,-20.590724171541783,-27.962263275620007,species,Emberiza schoeniclus,Reed Bunting,0.9997046589851379,0.9997046589851379,species,0,,,
emberiza_schoeniclus,665288,Emberiza schoeniclus,/Users/justyna-przy/Projects/ISE/FYP/src/bird_data/raw/emberiza_schoeniclus/XC665288.mp3,1.0,4.0,-27.943881814541708,-40.0,species,Emberiza schoeniclus,Reed Bunting,0.999548614025116,0.999548614025116,species,1,rand_species,/Users/justyna-przy/Projects/ISE/FYP/src/bird_data/clips/species/emberiza_schoeniclus/XC665288__s1000__e4000.wav,
emberiza_schoeniclus,665288,Emberiza schoeniclus,/Users/justyna-przy/Projects/ISE/FYP/src/bird_data/raw/emberiza_schoeniclus/XC665288.mp3,13.0,16.0,-27.349374464475776,-40.0,species,Emberiza schoeniclus,Reed Bunting,0.9996104836463928,0.9996104836463928,species,0,,,
emberiza_schoeniclus,665288,Emberiza schoeniclus,/Users/justyna-przy/Projects/ISE/FYP/src/bird_data/raw/emberiza_schoeniclus/XC665288.mp3,16.0,19.0,-36.494101328839434,-40.0,species,Emberiza schoeniclus,Reed Bunting,0.8807874321937561,0.8807874321937561,species,0,,,
emberiza_schoeniclus,665288,Emberiza schoeniclus,/Users/justyna-przy/Projects/ISE/FYP/src/bird_data/raw/emberiza_schoeniclus/XC665288.mp3,22.0,25.0,-31.408207282053024,-40.0,species,Emberiza schoeniclus,Reed Bunting,0.9993160963058472,0.9993160963058472,species,1,rand_species,/Users/justyna-przy/Projects/ISE/FYP/src/bird_data/clips/species/emberiza_schoeniclus/XC665288__s22000__e25000.wav,
emberiza_schoeniclus,665288,Emberiza schoeniclus,/Users/justyna-przy/Projects/ISE/FYP/src/bird_data/raw/emberiza_schoeniclus/XC665288.mp3,25.0,28.0,-32.622080844316905,-40.0,species,Emberiza schoeniclus,Reed Bunting,0.9919725656509399,0.9919725656509399,species,0,,,
emberiza_schoeniclus,665288,Emberiza schoeniclus,/Users/justyna-przy/Projects/ISE/FYP/src/bird_data/raw/emberiza_schoeniclus/XC665288.mp3,34.0,37.0,-29.727939068288407,-40.0,species,Emberiza schoeniclus,Reed Bunting,0.9997484087944031,0.9997484087944031,species,0,,,
emberiza_schoeniclus,665288,Emberiza schoeniclus,/Users/justyna-przy/Projects/ISE/FYP/src/bird_data/raw/emberiza_schoeniclus/XC665288.mp3,37.0,40.0,-32.81296824335216,-40.0,species,Emberiza schoeniclus,Reed Bunting,0.9924678206443787,0.9924678206443787,species,0,,,
emberiza_schoeniclus,665288,Emberiza schoeniclus,/Users/justyna-przy/Projects/ISE/FYP/src/bird_data/raw/emberiza_schoeniclus/XC665288.mp3,46.0,49.0,-28.15811375174338,-40.0,species,Emberiza schoeniclus,Reed Bunting,0.9994437098503113,0.9994437098503113,species,1,rand_species,/Users/justyna-przy/Projects/ISE/FYP/src/bird_data/clips/species/emberiza_schoeniclus/XC665288__s46000__e49000.wav,
emberiza_schoeniclus,664666,Emberiza schoeniclus,/Users/justyna-przy/Projects/ISE/FYP/src/bird_data/raw/emberiza_schoeniclus/XC664666.mp3,4.0,7.0,-43.03252287053976,-40.0,drop,Remiz consobrinus,Chinese Penduline-Tit,0.769800066947937,0.769800066947937,drop,0,,,
emberiza_schoeniclus,660223,Emberiza schoeniclus,/Users/justyna-przy/Projects/ISE/FYP/src/bird_data/raw/emberiza_schoeniclus/XC660223.mp3,4.0,7.0,-43.375756859013315,-40.0,drop,Emberiza schoeniclus,Reed Bunting,0.2785324156284332,0.2785324156284332,drop,0,,,
emberiza_schoeniclus,648411,Emberiza schoeniclus,/Users/justyna-przy/Projects/ISE/FYP/src/bird_data/raw/emberiza_schoeniclus/XC648411.mp3,1.0,4.0,-19.21816147677056,-20.86386319107043,species,Emberiza schoeniclus,Reed Bunting,0.9817104935646057,0.9817104935646057,species,1,rand_species,/Users/justyna-przy/Projects/ISE/FYP/src/bird_data/clips/species/emberiza_schoeniclus/XC648411__s1000__e4000.wav,
emberiza_schoeniclus,648411,Emberiza schoeniclus,/Users/justyna-przy/Projects/ISE/FYP/src/bird_data/raw/emberiza_schoeniclus/XC648411.mp3,7.0,10.0,-19.879774850160246,-20.86386319107043,species,Emberiza schoeniclus,Reed Bunting,0.994629979133606,0.994629979133606,species,1,rand_species,/Users/justyna-przy/Projects/ISE/FYP/src/bird_data/clips/species/emberiza_schoeniclus/XC648411__s7000__e10000.wav,
emberiza_schoeniclus,648411,Emberiza schoeniclus,/Users/justyna-przy/Projects/ISE/FYP/src/bird_data/raw/emberiza_schoeniclus/XC648411.mp3,10.0,13.0,-20.641350019767508,-20.86386319107043,drop,Emberiza schoeniclus,Reed Bunting,0.19903549551963806,0.19903549551963806,drop,0,,,
emberiza_schoeniclus,648411,Emberiza schoeniclus,/Users/justyna-przy/Projects/ISE/FYP/src/bird_data/raw/emberiza_schoeniclus/XC648411.mp3,13.0,16.0,-20.07143652169221,-20.86386319107043,drop,Saxicola rubicola,European Stonechat,0.2652667462825775,0.2652667462825775,drop,0,,,
emberiza_schoeniclus,648411,Emberiza schoeniclus,/Users/justyna-przy/Projects/ISE/FYP/src/bird_data/raw/emberiza_schoeniclus/XC648411.mp3,19.0,22.0,-19.789275772847187,-20.86386319107043,drop,Larus argentatus,Herring Gull,0.4000721871852875,0.4000721871852875,drop,0,,,
emberiza_schoeniclus,648411,Emberiza schoeniclus,/Users/justyna-przy/Projects/ISE/FYP/src/bird_data/raw/emberiza_schoeniclus/XC648411.mp3,25.0,28.0,-14.723724822052143,-20.86386319107043,non_bird,,,0.0,0.0,non_bird,1,nonbird_lowconf,/Users/justyna-przy/Projects/ISE/FYP/src/bird_data/clips/non_bird/emberiza_schoeniclus/XC648411__s25000__e28000.wav,
emberiza_schoeniclus,648411,Emberiza schoeniclus,/Users/justyna-przy/Projects/ISE/FYP/src/bird_data/raw/emberiza_schoeniclus/XC648411.mp3,28.0,31.0,-14.876179883002322,-20.86386319107043,species,Emberiza schoeniclus,Reed Bunting,0.9400351047515869,0.9400351047515869,species,1,rand_species,/Users/justyna-przy/Projects/ISE/FYP/src/bird_data/clips/species/emberiza_schoeniclus/XC648411__s28000__e31000.wav,
emberiza_schoeniclus,633342,Emberiza schoeniclus,/Users/justyna-przy/Projects/ISE/FYP/src/bird_data/raw/emberiza_schoeniclus/XC633342.mp3,1.0,4.0,-28.410816714902374,-28.66354043474851,non_bird,,,0.0,0.0,non_bird,1,nonbird_lowconf,/Users/justyna-przy/Projects/ISE/FYP/src/bird_data/clips/non_bird/emberiza_schoeniclus/XC633342__s1000__e4000.wav,
emberiza_schoeniclus,633342,Emberiza schoeniclus,/Users/justyna-przy/Projects/ISE/FYP/src/bird_data/raw/emberiza_schoeniclus/XC633342.mp3,4.0,7.0,-27.634699660884905,-28.66354043474851,species,Emberiza schoeniclus,Reed Bunting,0.998528242111206,0.998528242111206,species,1,rand_species,/Users/justyna-przy/Projects/ISE/FYP/src/bird_data/clips/species/emberiza_schoeniclus/XC633342__s4000__e7000.wav,
emberiza_schoeniclus,633342,Emberiza schoeniclus,/Users/justyna-przy/Projects/ISE/FYP/src/bird_data/raw/emberiza_schoeniclus/XC633342.mp3,7.0,10.0,-28.65922916583916,-28.66354043474851,non_bird,,,0.0,0.0,non_bird,1,nonbird_lowconf,/Users/justyna-przy/Projects/ISE/FYP/src/bird_data/clips/non_bird/emberiza_schoeniclus/XC633342__s7000__e10000.wav,
emberiza_schoeniclus,633342,Emberiza schoeniclus,/Users/justyna-przy/Projects/ISE/FYP/src/bird_data/raw/emberiza_schoeniclus/XC633342.mp3,13.0,16.0,-24.97722423104568,-28.66354043474851,species,Emberiza schoeniclus,Reed Bunting,0.98331218957901,0.98331218957901,species,1,rand_species,/Users/justyna-przy/Projects/ISE/FYP/src/bird_data/clips/species/emberiza_schoeniclus/XC633342__s13000__e16000.wav,
emberiza_schoeniclus,633342,Emberiza schoeniclus,/Users/justyna-przy/Projects/ISE/FYP/src/bird_data/raw/emberiza_schoeniclus/XC633342.mp3,19.0,22.0,-28.235300632501023,-28.66354043474851,drop,Anthus pratensis,Meadow Pipit,0.38483741879463196,0.38483741879463196,drop,0,,,
emberiza_schoeniclus,633342,Emberiza schoeniclus,/Users/justyna-przy/Projects/ISE/FYP/src/bird_data/raw/emberiza_schoeniclus/XC633342.mp3,22.0,25.0,-26.6199197953448,-28.66354043474851,drop,Emberiza schoeniclus,Reed Bunting,0.1760801076889038,0.1760801076889038,drop,0,,,
emberiza_schoeniclus,633342,Emberiza schoeniclus,/Users/justyna-przy/Projects/ISE/FYP/src/bird_data/raw/emberiza_schoeniclus/XC633342.mp3,25.0,28.0,-25.756623526912755,-28.66354043474851,species,Emberiza schoeniclus,Reed Bunting,0.942588210105896,0.942588210105896,species,1,rand_species,/Users/justyna-przy/Projects/ISE/FYP/src/bird_data/clips/species/emberiza_schoeniclus/XC633342__s25000__e28000.wav,
emberiza_schoeniclus,633342,Emberiza schoeniclus,/Users/justyna-przy/Projects/ISE/FYP/src/bird_data/raw/emberiza_schoeniclus/XC633342.mp3,28.0,31.0,-28.019930300952552,-28.66354043474851,drop,Anthus pratensis,Meadow Pipit,0.12477382272481918,0.12477382272481918,drop,0,,,
emberiza_schoeniclus,633342,Emberiza schoeniclus,/Users/justyna-przy/Projects/ISE/FYP/src/bird_data/raw/emberiza_schoeniclus/XC633342.mp3,34.0,37.0,-27.548579570210713,-28.66354043474851,drop,Emberiza schoeniclus,Reed Bunting,0.1818961203098297,0.1818961203098297,drop,0,,,
emberiza_schoeniclus,632415,Emberiza schoeniclus,/Users/justyna-przy/Projects/ISE/FYP/src/bird_data/raw/emberiza_schoeniclus/XC632415.mp3,1.0,4.0,-41.74824349593126,-40.0,species,Emberiza schoeniclus,Reed Bunting,0.9468860030174255,0.9468860030174255,species,1,rand_species,/Users/justyna-przy/Projects/ISE/FYP/src/bird_data/clips/species/emberiza_schoeniclus/XC632415__s1000__e4000.wav,
emberiza_schoeniclus,631707,Emberiza schoeniclus,/Users/justyna-przy/Projects/ISE/FYP/src/bird_data/raw/emberiza_schoeniclus/XC631707.mp3,1.0,4.0,-18.88128170367781,-19.74927340739265,species,Emberiza schoeniclus,Reed Bunting,0.9730679988861084,0.9730679988861084,species,1,rand_species,/Users/justyna-przy/Projects/ISE/FYP/src/bird_data/clips/species/emberiza_schoeniclus/XC631707__s1000__e4000.wav,
emberiza_schoeniclus,629945,Emberiza schoeniclus,/Users/justyna-przy/Projects/ISE/FYP/src/bird_data/raw/emberiza_schoeniclus/XC629945.mp3,1.0,4.0,-20.649280471556995,-20.649280471556995,species,Emberiza schoeniclus,Reed Bunting,0.9757869243621826,0.9757869243621826,species,1,rand_species,/Users/justyna-przy/Projects/ISE/FYP/src/bird_data/clips/species/emberiza_schoeniclus/XC629945__s1000__e4000.wav,
emberiza_schoeniclus,621908,Emberiza schoeniclus,/Users/justyna-przy/Projects/ISE/FYP/src/bird_data/raw/emberiza_schoeniclus/XC621908.mp3,1.0,4.0,-25.27225004498987,-33.25233332244638,species,Emberiza schoeniclus,Reed Bunting,0.37355658411979675,0.37355658411979675,species,1,rand_species,/Users/justyna-przy/Projects/ISE/FYP/src/bird_data/clips/species/emberiza_schoeniclus/XC621908__s1000__e4000.wav,
emberiza_schoeniclus,621908,Emberiza schoeniclus,/Users/justyna-przy/Projects/ISE/FYP/src/bird_data/raw/emberiza_schoeniclus/XC621908.mp3,4.0,7.0,-33.06661357469717,-33.25233332244638,species,Emberiza schoeniclus,Reed Bunting,0.8902965188026428,0.8902965188026428,species,1,rand_species,/Users/justyna-przy/Projects/ISE/FYP/src/bird_data/clips/species/emberiza_schoeniclus/XC621908__s4000__e7000.wav,
emberiza_schoeniclus,621908,Emberiza schoeniclus,/Users/justyna-przy/Projects/ISE/FYP/src/bird_data/raw/emberiza_schoeniclus/XC621908.mp3,7.0,10.0,-33.001761010791085,-33.25233332244638,non_bird,,,0.0,0.0,non_bird,1,nonbird_lowconf,/Users/justyna-przy/Projects/ISE/FYP/src/bird_data/clips/non_bird/emberiza_schoeniclus/XC621908__s7000__e10000.wav,
emberiza_schoeniclus,595912,Emberiza schoeniclus,/Users/justyna-przy/Projects/ISE/FYP/src/bird_data/raw/emberiza_schoeniclus/XC595912.mp3,1.0,4.0,-49.8303382051858,-40.0,species,Emberiza schoeniclus,Reed Bunting,0.9316236972808838,0.9316236972808838,species,1,rand_species,/Users/justyna-przy/Projects/ISE/FYP/src/bird_data/clips/species/emberiza_schoeniclus/XC595912__s1000__e4000.wav,
emberiza_schoeniclus,595782,Emberiza schoeniclus,/Users/justyna-przy/Projects/ISE/FYP/src/bird_data/raw/emberiza_schoeniclus/XC595782.mp3,4.0,7.0,-43.36469188998848,-40.0,drop,Poecile palustris,Marsh Tit,0.39603906869888306,0.39603906869888306,drop,0,,,
emberiza_schoeniclus,591865,Emberiza schoeniclus,/Users/justyna-przy/Projects/ISE/FYP/src/bird_data/raw/emberiza_schoeniclus/XC591865.mp3,1.0,4.0,-37.954591884663806,-37.954591884663806,species,Emberiza schoeniclus,Reed Bunting,0.9872315526008606,0.9872315526008606,species,1,rand_species,/Users/justyna-przy/Projects/ISE/FYP/src/bird_data/clips/species/emberiza_schoeniclus/XC591865__s1000__e4000.wav,
emberiza_schoeniclus,590293,Emberiza schoeniclus,/Users/justyna-przy/Projects/ISE/FYP/src/bird_data/raw/emberiza_schoeniclus/XC590293.mp3,1.0,4.0,-21.25928692046394,-21.25928692046394,species,Emberiza schoeniclus,Reed Bunting,0.9569838047027588,0.9569838047027588,species,1,rand_species,/Users/justyna-przy/Projects/ISE/FYP/src/bird_data/clips/species/emberiza_schoeniclus/XC590293__s1000__e4000.wav,
emberiza_schoeniclus,590215,Emberiza schoeniclus,/Users/justyna-przy/Projects/ISE/FYP/src/bird_data/raw/emberiza_schoeniclus/XC590215.mp3,13.0,16.0,-47.23408806999739,-40.0,species,Emberiza schoeniclus,Reed Bunting,0.9212003350257874,0.9212003350257874,species,1,rand_species,/Users/justyna-przy/Projects/ISE/FYP/src/bird_data/clips/species/emberiza_schoeniclus/XC590215__s13000__e16000.wav,
emberiza_schoeniclus,580247,Emberiza schoeniclus,/Users/justyna-przy/Projects/ISE/FYP/src/bird_data/raw/emberiza_schoeniclus/XC580247.mp3,4.0,7.0,-27.214036559854936,-35.39807787790087,drop,Otus scops,Eurasian Scops-Owl,0.17729699611663818,0.17729699611663818,drop,0,,,
emberiza_schoeniclus,580247,Emberiza schoeniclus,/Users/justyna-przy/Projects/ISE/FYP/src/bird_data/raw/emberiza_schoeniclus/XC580247.mp3,7.0,10.0,-33.55864475476555,-35.39807787790087,drop,Spinus spinus,Eurasian Siskin,0.2573862075805664,0.2573862075805664,drop,0,,,
emberiza_schoeniclus,576024,Emberiza schoeniclus,/Users/justyna-przy/Projects/ISE/FYP/src/bird_data/raw/emberiza_schoeniclus/XC576024.mp3,28.0,31.0,-43.88384854021842,-40.0,species,Emberiza schoeniclus,Reed Bunting,0.8200592994689941,0.8200592994689941,species,1,rand_species,/Users/justyna-przy/Projects/ISE/FYP/src/bird_data/clips/species/emberiza_schoeniclus/XC576024__s28000__e31000.wav,
emberiza_schoeniclus,570208,Emberiza schoeniclus,/Users/justyna-przy/Projects/ISE/FYP/src/bird_data/raw/emberiza_schoeniclus/XC570208.mp3,7.0,10.0,-57.159127969616385,-40.0,species,Emberiza schoeniclus,Reed Bunting,0.9956336617469788,0.9956336617469788,species,1,rand_species,/Users/justyna-przy/Projects/ISE/FYP/src/bird_data/clips/species/emberiza_schoeniclus/XC570208__s7000__e10000.wav,
emberiza_schoeniclus,569637,Emberiza schoeniclus,/Users/justyna-przy/Projects/ISE/FYP/src/bird_data/raw/emberiza_schoeniclus/XC569637.mp3,1.0,4.0,-28.570189232403486,-30.70326497211506,species,Emberiza schoeniclus,Reed Bunting,0.9290376305580139,0.9290376305580139,species,1,rand_species,/Users/justyna-przy/Projects/ISE/FYP/src/bird_data/clips/species/emberiza_schoeniclus/XC569637__s1000__e4000.wav,
emberiza_schoeniclus,569637,Emberiza schoeniclus,/Users/justyna-przy/Projects/ISE/FYP/src/bird_data/raw/emberiza_schoeniclus/XC569637.mp3,10.0,13.0,-30.42474045814291,-30.70326497211506,non_bird,,,0.0,0.0,non_bird,1,nonbird_lowconf,/Users/justyna-przy/Projects/ISE/FYP/src/bird_data/clips/non_bird/emberiza_schoeniclus/XC569637__s10000__e13000.wav,
emberiza_schoeniclus,569637,Emberiza schoeniclus,/Users/justyna-przy/Projects/ISE/FYP/src/bird_data/raw/emberiza_schoeniclus/XC569637.mp3,13.0,16.0,-28.16716371949898,-30.70326497211506,species,Emberiza schoeniclus,Reed Bunting,0.9146629571914673,0.9146629571914673,species,1,rand_species,/Users/justyna-przy/Projects/ISE/FYP/src/bird_data/clips/species/emberiza_schoeniclus/XC569637__s13000__e16000.wav,
emberiza_schoeniclus,569637,Emberiza schoeniclus,/Users/justyna-przy/Projects/ISE/FYP/src/bird_data/raw/emberiza_schoeniclus/XC569637.mp3,19.0,22.0,-30.338670595327287,-30.70326497211506,species,Emberiza schoeniclus,Reed Bunting,0.6345506310462952,0.6345506310462952,species,1,rand_species,/Users/justyna-przy/Projects/ISE/FYP/src/bird_data/clips/species/emberiza_schoeniclus/XC569637__s19000__e22000.wav,
emberiza_schoeniclus,569637,Emberiza schoeniclus,/Users/justyna-przy/Projects/ISE/FYP/src/bird_data/raw/emberiza_schoeniclus/XC569637.mp3,22.0,25.0,-29.931240917559983,-30.70326497211506,drop,Remiz pendulinus,Eurasian Penduline-Tit,0.33415791392326355,0.33415791392326355,drop,0,,,
emberiza_schoeniclus,569637,Emberiza schoeniclus,/Users/justyna-przy/Projects/ISE/FYP/src/bird_data/raw/emberiza_schoeniclus/XC569637.mp3,25.0,28.0,-27.484885741021703,-30.70326497211506,species,Emberiza schoeniclus,Reed Bunting,0.7888844013214111,0.7888844013214111,species,0,,,
emberiza_schoeniclus,564479,Emberiza schoeniclus,/Users/justyna-przy/Projects/ISE/FYP/src/bird_data/raw/emberiza_schoeniclus/XC564479.mp3,25.0,28.0,-35.96354236341391,-40.0,drop,Poecile montanus,Willow Tit,0.17470122873783112,0.17470122873783112,drop,0,,,
emberiza_schoeniclus,564479,Emberiza schoeniclus,/Users/justyna-przy/Projects/ISE/FYP/src/bird_data/raw/emberiza_schoeniclus/XC564479.mp3,31.0,34.0,-28.463150254843796,-40.0,non_bird,,,0.0,0.0,non_bird,1,nonbird_lowconf,/Users/justyna-przy/Projects/ISE/FYP/src/bird_data/clips/non_bird/emberiza_schoeniclus/XC564479__s31000__e34000.wav,
emberiza_schoeniclus,563431,Emberiza schoeniclus,/Users/justyna-przy/Projects/ISE/FYP/src/bird_data/raw/emberiza_schoeniclus/XC563431.mp3,4.0,7.0,-45.95408082336087,-40.0,species,Emberiza schoeniclus,Reed Bunting,0.8112342357635498,0.8112342357635498,species,1,rand_species,/Users/justyna-przy/Projects/ISE/FYP/src/bird_data/clips/species/emberiza_schoeniclus/XC563431__s4000__e7000.wav,
emberiza_schoeniclus,563185,Emberiza schoeniclus,/Users/justyna-przy/Projects/ISE/FYP/src/bird_data/raw/emberiza_schoeniclus/XC563185.mp3,1.0,4.0,-22.290043759143593,-23.229168980278367,species,Emberiza schoeniclus,Reed Bunting,0.9487597346305847,0.9487597346305847,species,1,rand_species,/Users/justyna-przy/Projects/ISE/FYP/src/bird_data/clips/species/emberiza_schoeniclus/XC563185__s1000__e4000.wav,
emberiza_schoeniclus,563185,Emberiza schoeniclus,/Users/justyna-przy/Projects/ISE/FYP/src/bird_data/raw/emberiza_schoeniclus/XC563185.mp3,10.0,13.0,-22.43994112911276,-23.229168980278367,species,Emberiza schoeniclus,Reed Bunting,0.9839943647384644,0.9839943647384644,species,0,,,
emberiza_schoeniclus,563185,Emberiza schoeniclus,/Users/justyna-przy/Projects/ISE/FYP/src/bird_data/raw/emberiza_schoeniclus/XC563185.mp3,13.0,16.0,-20.60311419418194,-23.229168980278367,species,Emberiza schoeniclus,Reed Bunting,0.9199923276901245,0.9199923276901245,species,1,rand_species,/Users/justyna-przy/Projects/ISE/FYP/src/bird_data/clips/species/emberiza_schoeniclus/XC563185__s13000__e16000.wav,
emberiza_schoeniclus,563185,Emberiza schoeniclus,/Users/justyna-przy/Projects/ISE/FYP/src/bird_data/raw/emberiza_schoeniclus/XC563185.mp3,16.0,19.0,-18.331311753766528,-23.229168980278367,species,Emberiza schoeniclus,Reed Bunting,0.9335804581642151,0.9335804581642151,species,0,,,
emberiza_schoeniclus,563185,Emberiza schoeniclus,/Users/justyna-przy/Projects/ISE/FYP/src/bird_data/raw/emberiza_schoeniclus/XC563185.mp3,19.0,22.0,-17.541343167938713,-23.229168980278367,species,Emberiza schoeniclus,Reed Bunting,0.945770800113678,0.945770800113678,species,0,,,
emberiza_schoeniclus,563185,Emberiza schoeniclus,/Users/justyna-przy/Projects/ISE/FYP/src/bird_data/raw/emberiza_schoeniclus/XC563185.mp3,22.0,25.0,-18.673668306234774,-23.229168980278367,species,Emberiza schoeniclus,Reed Bunting,0.9816383123397827,0.9816383123397827,species,0,,,
emberiza_schoeniclus,563185,Emberiza schoeniclus,/Users/justyna-przy/Projects/ISE/FYP/src/bird_data/raw/emberiza_schoeniclus/XC563185.mp3,25.0,28.0,-22.993406614636406,-23.229168980278367,species,Emberiza schoeniclus,Reed Bunting,0.9685659408569336,0.9685659408569336,species,1,rand_species,/Users/justyna-przy/Projects/ISE/FYP/src/bird_data/clips/species/emberiza_schoeniclus/XC563185__s25000__e28000.wav,
emberiza_schoeniclus,554680,Emberiza schoeniclus,/Users/justyna-przy/Projects/ISE/FYP/src/bird_data/raw/emberiza_schoeniclus/XC554680.mp3,1.0,4.0,-23.61327289477702,-40.0,species,Emberiza schoeniclus,Reed Bunting,0.9817655086517334,0.9817655086517334,species,1,rand_species,/Users/justyna-przy/Projects/ISE/FYP/src/bird_data/clips/species/emberiza_schoeniclus/XC554680__s1000__e4000.wav,
emberiza_schoeniclus,554680,Emberiza schoeniclus,/Users/justyna-przy/Projects/ISE/FYP/src/bird_data/raw/emberiza_schoeniclus/XC554680.mp3,10.0,13.0,-23.36663294460959,-40.0,species,Emberiza schoeniclus,Reed Bunting,0.9984331727027893,0.9984331727027893,species,0,,,
emberiza_schoeniclus,554680,Emberiza schoeniclus,/Users/justyna-przy/Projects/ISE/FYP/src/bird_data/raw/emberiza_schoeniclus/XC554680.mp3,19.0,22.0,-24.366607921858826,-40.0,species,Emberiza schoeniclus,Reed Bunting,0.9842830896377563,0.9842830896377563,species,0,,,
emberiza_schoeniclus,554680,Emberiza schoeniclus,/Users/justyna-przy/Projects/ISE/FYP/src/bird_data/raw/emberiza_schoeniclus/XC554680.mp3,28.0,31.0,-23.295860902696358,-40.0,species,Emberiza schoeniclus,Reed Bunting,0.9965783953666687,0.9965783953666687,species,1,rand_species,/Users/justyna-przy/Projects/ISE/FYP/src/bird_data/clips/species/emberiza_schoeniclus/XC554680__s28000__e31000.wav,
emberiza_schoeniclus,554680,Emberiza schoeniclus,/Users/justyna-przy/Projects/ISE/FYP/src/bird_data/raw/emberiza_schoeniclus/XC554680.mp3,31.0,34.0,-39.84371564564163,-40.0,drop,Acrocephalus scirpaceus,Eurasian Reed Warbler,0.6011185646057129,0.6011185646057129,drop,0,,,
emberiza_schoeniclus,554680,Emberiza schoeniclus,/Users/justyna-przy/Projects/ISE/FYP/src/bird_data/raw/emberiza_schoeniclus/XC554680.mp3,37.0,40.0,-24.290829824990347,-40.0,species,Emberiza schoeniclus,Reed Bunting,0.9881816506385803,0.9881816506385803,species,1,rand_species,/Users/justyna-przy/Projects/ISE/FYP/src/bird_data/clips/species/emberiza_schoeniclus/XC554680__s37000__e40000.wav,
emberiza_schoeniclus,554680,Emberiza schoeniclus,/Users/justyna-przy/Projects/ISE/FYP/src/bird_data/raw/emberiza_schoeniclus/XC554680.mp3,46.0,49.0,-25.663893471763068,-40.0,species,Emberiza schoeniclus,Reed Bunting,0.9768585562705994,0.9768585562705994,species,0,,,
emberiza_schoeniclus,554680,Emberiza schoeniclus,/Users/justyna-przy/Projects/ISE/FYP/src/bird_data/raw/emberiza_schoeniclus/XC554680.mp3,55.0,58.0,-23.381577178211717,-40.0,species,Emberiza schoeniclus,Reed Bunting,0.9992846846580505,0.9992846846580505,species,0,,,
emberiza_schoeniclus,551656,Emberiza schoeniclus,/Users/justyna-przy/Projects/ISE/FYP/src/bird_data/raw/emberiza_schoeniclus/XC551656.mp3,37.0,40.0,-39.90071540103991,-40.0,drop,Alauda arvensis,Eurasian Skylark,0.3789869546890259,0.3789869546890259,drop,0,,,
emberiza_schoeniclus,551656,Emberiza schoeniclus,/Users/justyna-przy/Projects/ISE/FYP/src/bird_data/raw/emberiza_schoeniclus/XC551656.mp3,40.0,43.0,-38.131046055404305,-40.0,drop,Alauda arvensis,Eurasian Skylark,0.3166317641735077,0.3166317641735077,drop,0,,,
emberiza_schoeniclus,532017,Emberiza schoeniclus,/Users/justyna-przy/Projects/ISE/FYP/src/bird_data/raw/emberiza_schoeniclus/XC532017.mp3,10.0,13.0,-37.61194220109332,-40.0,species,Emberiza schoeniclus,Reed Bunting,0.999286949634552,0.999286949634552,species,1,rand_species,/Users/justyna-przy/Projects/ISE/FYP/src/bird_data/clips/species/emberiza_schoeniclus/XC532017__s10000__e13000.wav,
emberiza_schoeniclus,520607,Emberiza schoeniclus,/Users/justyna-przy/Projects/ISE/FYP/src/bird_data/raw/emberiza_schoeniclus/XC520607.mp3,1.0,4.0,-35.20498417869645,-35.20498417869645,species,Emberiza schoeniclus,Reed Bunting,0.7318115234375,0.7318115234375,species,1,rand_species,/Users/justyna-przy/Projects/ISE/FYP/src/bird_data/clips/species/emberiza_schoeniclus/XC520607__s1000__e4000.wav,
emberiza_schoeniclus,488228,Emberiza schoeniclus,/Users/justyna-przy/Projects/ISE/FYP/src/bird_data/raw/emberiza_schoeniclus/XC488228.mp3,1.0,4.0,-23.40385654599876,-40.0,drop,Chroicocephalus ridibundus,Black-headed Gull,0.5015735626220703,0.5015735626220703,drop,0,,,
emberiza_schoeniclus,488228,Emberiza schoeniclus,/Users/justyna-przy/Projects/ISE/FYP/src/bird_data/raw/emberiza_schoeniclus/XC488228.mp3,7.0,10.0,-22.143014092456408,-40.0,species,Emberiza schoeniclus,Reed Bunting,0.8363099694252014,0.8363099694252014,species,1,rand_species,/Users/justyna-przy/Projects/ISE/FYP/src/bird_data/clips/species/emberiza_schoeniclus/XC488228__s7000__e10000.wav,
emberiza_schoeniclus,488228,Emberiza schoeniclus,/Users/justyna-przy/Projects/ISE/FYP/src/bird_data/raw/emberiza_schoeniclus/XC488228.mp3,10.0,13.0,-17.514488221328897,-40.0,species,Emberiza schoeniclus,Reed Bunting,0.8259317278862,0.8259317278862,species,1,rand_species,/Users/justyna-przy/Projects/ISE/FYP/src/bird_data/clips/species/emberiza_schoeniclus/XC488228__s10000__e13000.wav,
emberiza_schoeniclus,488228,Emberiza schoeniclus,/Users/justyna-przy/Projects/ISE/FYP/src/bird_data/raw/emberiza_schoeniclus/XC488228.mp3,13.0,16.0,-23.125326023576903,-40.0,species,Emberiza schoeniclus,Reed Bunting,0.9916158318519592,0.9916158318519592,species,1,rand_species,/Users/justyna-przy/Projects/ISE/FYP/src/bird_data/clips/species/emberiza_schoeniclus/XC488228__s13000__e16000.wav,
emberiza_schoeniclus,488228,Emberiza schoeniclus,/Users/justyna-przy/Projects/ISE/FYP/src/bird_data/raw/emberiza_schoeniclus/XC488228.mp3,22.0,25.0,-33.901052412554876,-40.0,drop,Chroicocephalus ridibundus,Black-headed Gull,0.8088313341140747,0.8088313341140747,drop,0,,,
emberiza_schoeniclus,452686,Emberiza schoeniclus,/Users/justyna-przy/Projects/ISE/FYP/src/bird_data/raw/emberiza_schoeniclus/XC452686.mp3,28.0,31.0,-50.53493212125623,-40.0,species,Emberiza schoeniclus,Reed Bunting,0.9855548143386841,0.9855548143386841,species,1,rand_species,/Users/justyna-przy/Projects/ISE/FYP/src/bird_data/clips/species/emberiza_schoeniclus/XC452686__s28000__e31000.wav,
emberiza_schoeniclus,407839,Emberiza schoeniclus,/Users/justyna-przy/Projects/ISE/FYP/src/bird_data/raw/emberiza_schoeniclus/XC407839.mp3,1.0,4.0,-37.23169011608542,-37.92485064805494,species,Emberiza schoeniclus,Reed Bunting,0.9779976010322571,0.9779976010322571,species,1,rand_species,/Users/justyna-przy/Projects/ISE/FYP/src/bird_data/clips/species/emberiza_schoeniclus/XC407839__s1000__e4000.wav,
emberiza_schoeniclus,407839,Emberiza schoeniclus,/Users/justyna-przy/Projects/ISE/FYP/src/bird_data/raw/emberiza_schoeniclus/XC407839.mp3,4.0,7.0,-31.68789710142354,-37.92485064805494,species,Emberiza schoeniclus,Reed Bunting,0.9665197730064392,0.9665197730064392,species,0,,,
emberiza_schoeniclus,407839,Emberiza schoeniclus,/Users/justyna-przy/Projects/ISE/FYP/src/bird_data/raw/emberiza_schoeniclus/XC407839.mp3,7.0,10.0,-35.89338175882544,-37.92485064805494,species,Emberiza schoeniclus,Reed Bunting,0.9816665649414062,0.9816665649414062,species,1,rand_species,/Users/justyna-przy/Projects/ISE/FYP/src/bird_data/clips/species/emberiza_schoeniclus/XC407839__s7000__e10000.wav,
emberiza_schoeniclus,407839,Emberiza schoeniclus,/Users/justyna-przy/Projects/ISE/FYP/src/bird_data/raw/emberiza_schoeniclus/XC407839.mp3,13.0,16.0,-36.98982496575296,-37.92485064805494,drop,Pygochelidon cyanoleuca,Blue-and-white Swallow,0.7088786363601685,0.7088786363601685,drop,0,,,
emberiza_schoeniclus,407839,Emberiza schoeniclus,/Users/justyna-przy/Projects/ISE/FYP/src/bird_data/raw/emberiza_schoeniclus/XC407839.mp3,16.0,19.0,-35.754320387339476,-37.92485064805494,species,Emberiza schoeniclus,Reed Bunting,0.9687449932098389,0.9687449932098389,species,1,rand_species,/Users/justyna-przy/Projects/ISE/FYP/src/bird_data/clips/species/emberiza_schoeniclus/XC407839__s16000__e19000.wav,
emberiza_schoeniclus,372359,Emberiza schoeniclus,/Users/justyna-przy/Projects/ISE/FYP/src/bird_data/raw/emberiza_schoeniclus/XC372359.mp3,1.0,4.0,-28.622381504923805,-30.381593348032663,drop,Acanthis flammea,Common Redpoll,0.45742425322532654,0.45742425322532654,drop,0,,,
emberiza_schoeniclus,372359,Emberiza schoeniclus,/Users/justyna-przy/Projects/ISE/FYP/src/bird_data/raw/emberiza_schoeniclus/XC372359.mp3,4.0,7.0,-28.605640846876376,-30.381593348032663,non_bird,,,0.0,0.0,non_bird,1,nonbird_lowconf,/Users/justyna-przy/Projects/ISE/FYP/src/bird_data/clips/non_bird/emberiza_schoeniclus/XC372359__s4000__e7000.wav,
emberiza_schoeniclus,372359,Emberiza schoeniclus,/Users/justyna-przy/Projects/ISE/FYP/src/bird_data/raw/emberiza_schoeniclus/XC372359.mp3,7.0,10.0,-28.956042336024964,-30.381593348032663,drop,Cyanistes caeruleus,Eurasian Blue Tit,0.15787819027900696,0.15787819027900696,drop,0,,,
emberiza_schoeniclus,372359,Emberiza schoeniclus,/Users/justyna-przy/Projects/ISE/FYP/src/bird_data/raw/emberiza_schoeniclus/XC372359.mp3,10.0,13.0,-30.127173365223946,-30.381593348032663,drop,Aegithalos caudatus,Long-tailed Tit,0.17500747740268707,0.17500747740268707,drop,0,,,
emberiza_schoeniclus,372359,Emberiza schoeniclus,/Users/justyna-przy/Projects/ISE/FYP/src/bird_data/raw/emberiza_schoeniclus/XC372359.mp3,13.0,16.0,-30.337619508422673,-30.381593348032663,non_bird,,,0.0,0.0,non_bird,1,nonbird_lowconf,/Users/justyna-przy/Projects/ISE/FYP/src/bird_data/clips/non_bird/emberiza_schoeniclus/XC372359__s13000__e16000.wav,
emberiza_schoeniclus,370785,Emberiza schoeniclus,/Users/justyna-przy/Projects/ISE/FYP/src/bird_data/raw/emberiza_schoeniclus/XC370785.mp3,7.0,10.0,-22.03420459816904,-22.089785362852055,species,Emberiza schoeniclus,Reed Bunting,0.999554455280304,0.999554455280304,species,0,,,
emberiza_schoeniclus,370785,Emberiza schoeniclus,/Users/justyna-przy/Projects/ISE/FYP/src/bird_data/raw/emberiza_schoeniclus/XC370785.mp3,10.0,13.0,-20.73460258214276,-22.089785362852055,species,Emberiza schoeniclus,Reed Bunting,0.9970118999481201,0.9970118999481201,species,1,rand_species,/Users/justyna-przy/Projects/ISE/FYP/src/bird_data/clips/species/emberiza_schoeniclus/XC370785__s10000__e13000.wav,
emberiza_schoeniclus,370785,Emberiza schoeniclus,/Users/justyna-przy/Projects/ISE/FYP/src/bird_data/raw/emberiza_schoeniclus/XC370785.mp3,13.0,16.0,-21.03678250181897,-22.089785362852055,species,Emberiza schoeniclus,Reed Bunting,0.9969252943992615,0.9969252943992615,species,1,rand_species,/Users/justyna-przy/Projects/ISE/FYP/src/bird_data/clips/species/emberiza_schoeniclus/XC370785__s13000__e16000.wav,
emberiza_schoeniclus,370785,Emberiza schoeniclus,/Users/justyna-przy/Projects/ISE/FYP/src/bird_data/raw/emberiza_schoeniclus/XC370785.mp3,16.0,19.0,-19.359191757907578,-22.089785362852055,species,Emberiza schoeniclus,Reed Bunting,0.9993126392364502,0.9993126392364502,species,1,rand_species,/Users/justyna-przy/Projects/ISE/FYP/src/bird_data/clips/species/emberiza_schoeniclus/XC370785__s16000__e19000.wav,
emberiza_schoeniclus,370785,Emberiza schoeniclus,/Users/justyna-przy/Projects/ISE/FYP/src/bird_data/raw/emberiza_schoeniclus/XC370785.mp3,19.0,22.0,-20.244620410922085,-22.089785362852055,species,Emberiza schoeniclus,Reed Bunting,0.9990074038505554,0.9990074038505554,species,0,,,
emberiza_schoeniclus,370785,Emberiza schoeniclus,/Users/justyna-przy/Projects/ISE/FYP/src/bird_data/raw/emberiza_schoeniclus/XC370785.mp3,22.0,25.0,-21.83077976814137,-22.089785362852055,species,Emberiza schoeniclus,Reed Bunting,0.9946152567863464,0.9946152567863464,species,0,,,
emberiza_schoeniclus,370785,Emberiza schoeniclus,/Users/justyna-przy/Projects/ISE/FYP/src/bird_data/raw/emberiza_schoeniclus/XC370785.mp3,28.0,31.0,-19.01006575349941,-22.089785362852055,species,Emberiza schoeniclus,Reed Bunting,0.9994189739227295,0.9994189739227295,species,0,,,
emberiza_schoeniclus,364862,Emberiza schoeniclus,/Users/justyna-przy/Projects/ISE/FYP/src/bird_data/raw/emberiza_schoeniclus/XC364862.mp3,1.0,4.0,-25.091350835666578,-39.19501866888188,species,Emberiza schoeniclus,Reed Bunting,0.9710236191749573,0.9710236191749573,species,1,rand_species,/Users/justyna-przy/Projects/ISE/FYP/src/bird_data/clips/species/emberiza_schoeniclus/XC364862__s1000__e4000.wav,
emberiza_schoeniclus,364862,Emberiza schoeniclus,/Users/justyna-przy/Projects/ISE/FYP/src/bird_data/raw/emberiza_schoeniclus/XC364862.mp3,13.0,16.0,-24.939556655129795,-39.19501866888188,species,Emberiza schoeniclus,Reed Bunting,0.9481435418128967,0.9481435418128967,species,1,rand_species,/Users/justyna-przy/Projects/ISE/FYP/src/bird_data/clips/species/emberiza_schoeniclus/XC364862__s13000__e16000.wav,
emberiza_schoeniclus,364862,Emberiza schoeniclus,/Users/justyna-przy/Projects/ISE/FYP/src/bird_data/raw/emberiza_schoeniclus/XC364862.mp3,16.0,19.0,-32.537826842379765,-39.19501866888188,species,Emberiza schoeniclus,Reed Bunting,0.8994309306144714,0.8994309306144714,species,0,,,
emberiza_schoeniclus,364862,Emberiza schoeniclus,/Users/justyna-przy/Projects/ISE/FYP/src/bird_data/raw/emberiza_schoeniclus/XC364862.mp3,19.0,22.0,-36.98406099046623,-39.19501866888188,non_bird,,,0.0,0.0,non_bird,1,nonbird_lowconf,/Users/justyna-przy/Projects/ISE/FYP/src/bird_data/clips/non_bird/emberiza_schoeniclus/XC364862__s19000__e22000.wav,
emberiza_schoeniclus,364862,Emberiza schoeniclus,/Users/justyna-przy/Projects/ISE/FYP/src/bird_data/raw/emberiza_schoeniclus/XC364862.mp3,25.0,28.0,-39.13384166545244,-39.19501866888188,drop,Caprimulgus affinis,Savanna Nightjar,0.9276071190834045,0.9276071190834045,drop,0,,,
emberiza_schoeniclus,364862,Emberiza schoeniclus,/Users/justyna-przy/Projects/ISE/FYP/src/bird_data/raw/emberiza_schoeniclus/XC364862.mp3,28.0,31.0,-24.712863072404083,-39.19501866888188,species,Emberiza schoeniclus,Reed Bunting,0.9709543585777283,0.9709543585777283,species,1,rand_species,/Users/justyna-przy/Projects/ISE/FYP/src/bird_data/clips/species/emberiza_schoeniclus/XC364862__s28000__e31000.wav,
emberiza_schoeniclus,364862,Emberiza schoeniclus,/Users/justyna-przy/Projects/ISE/FYP/src/bird_data/raw/emberiza_schoeniclus/XC364862.mp3,31.0,34.0,-31.9601539897331,-39.19501866888188,species,Emberiza schoeniclus,Reed Bunting,0.9189723134040833,0.9189723134040833,species,0,,,
emberiza_schoeniclus,364862,Emberiza schoeniclus,/Users/justyna-przy/Projects/ISE/FYP/src/bird_data/raw/emberiza_schoeniclus/XC364862.mp3,34.0,37.0,-33.83631628171657,-39.19501866888188,non_bird,,,0.0,0.0,non_bird,1,nonbird_lowconf,/Users/justyna-przy/Projects/ISE/FYP/src/bird_data/clips/non_bird/emberiza_schoeniclus/XC364862__s34000__e37000.wav,
emberiza_schoeniclus,364862,Emberiza schoeniclus,/Users/justyna-przy/Projects/ISE/FYP/src/bird_data/raw/emberiza_schoeniclus/XC364862.mp3,37.0,40.0,-33.76803252623395,-39.19501866888188,non_bird,,,0.0,0.0,non_bird,0,,,
emberiza_schoeniclus,364862,Emberiza schoeniclus,/Users/justyna-przy/Projects/ISE/FYP/src/bird_data/raw/emberiza_schoeniclus/XC364862.mp3,40.0,43.0,-38.33188058904766,-39.19501866888188,non_bird,,,0.0,0.0,non_bird,0,,,
emberiza_schoeniclus,364860,Emberiza schoeniclus,/Users/justyna-przy/Projects/ISE/FYP/src/bird_data/raw/emberiza_schoeniclus/XC364860.mp3,1.0,4.0,-31.53191396949193,-32.9398692379852,species,Emberiza schoeniclus,Reed Bunting,0.9807114005088806,0.9807114005088806,species,1,rand_species,/Users/justyna-przy/Projects/ISE/FYP/src/bird_data/clips/species/emberiza_schoeniclus/XC364860__s1000__e4000.wav,
emberiza_schoeniclus,364860,Emberiza schoeniclus,/Users/justyna-przy/Projects/ISE/FYP/src/bird_data/raw/emberiza_schoeniclus/XC364860.mp3,7.0,10.0,-30.80543260981719,-32.9398692379852,species,Emberiza schoeniclus,Reed Bunting,0.4766031801700592,0.4766031801700592,species,1,rand_species,/Users/justyna-przy/Projects/ISE/FYP/src/bird_data/clips/species/emberiza_schoeniclus/XC364860__s7000__e10000.wav,
emberiza_schoeniclus,364860,Emberiza schoeniclus,/Users/justyna-przy/Projects/ISE/FYP/src/bird_data/raw/emberiza_schoeniclus/XC364860.mp3,10.0,13.0,-31.974167120077446,-32.9398692379852,species,Emberiza schoeniclus,Reed Bunting,0.9250767230987549,0.9250767230987549,species,1,rand_species,/Users/justyna-przy/Projects/ISE/FYP/src/bird_data/clips/species/emberiza_schoeniclus/XC364860__s10000__e13000.wav,
emberiza_schoeniclus,364860,Emberiza schoeniclus,/Users/justyna-przy/Projects/ISE/FYP/src/bird_data/raw/emberiza_schoeniclus/XC364860.mp3,13.0,16.0,-31.513105512965684,-32.9398692379852,species,Emberiza schoeniclus,Reed Bunting,0.950283408164978,0.950283408164978,species,0,,,
emberiza_schoeniclus,364860,Emberiza schoeniclus,/Users/justyna-przy/Projects/ISE/FYP/src/bird_data/raw/emberiza_schoeniclus/XC364860.mp3,19.0,22.0,-28.910373913969668,-32.9398692379852,species,Emberiza schoeniclus,Reed Bunting,0.9712980389595032,0.9712980389595032,species,0,,,
emberiza_schoeniclus,328527,Emberiza schoeniclus,/Users/justyna-przy/Projects/ISE/FYP/src/bird_data/raw/emberiza_schoeniclus/XC328527.mp3,1.0,4.0,-34.24196217114614,-40.0,species,Emberiza schoeniclus,Reed Bunting,0.5826246738433838,0.5826246738433838,species,1,rand_species,/Users/justyna-przy/Projects/ISE/FYP/src/bird_data/clips/species/emberiza_schoeniclus/XC328527__s1000__e4000.wav,
emberiza_schoeniclus,328527,Emberiza schoeniclus,/Users/justyna-przy/Projects/ISE/FYP/src/bird_data/raw/emberiza_schoeniclus/XC328527.mp3,4.0,7.0,-33.25333179225853,-40.0,species,Emberiza schoeniclus,Reed Bunting,0.6607677936553955,0.6607677936553955,species,1,rand_species,/Users/justyna-przy/Projects/ISE/FYP/src/bird_data/clips/species/emberiza_schoeniclus/XC328527__s4000__e7000.wav,
emberiza_schoeniclus,328527,Emberiza schoeniclus,/Users/justyna-przy/Projects/ISE/FYP/src/bird_data/raw/emberiza_schoeniclus/XC328527.mp3,13.0,16.0,-31.404925819046774,-40.0,species,Emberiza schoeniclus,Reed Bunting,0.9768084287643433,0.9768084287643433,species,1,rand_species,/Users/justyna-przy/Projects/ISE/FYP/src/bird_data/clips/species/emberiza_schoeniclus/XC328527__s13000__e16000.wav,
emberiza_schoeniclus,328527,Emberiza schoeniclus,/Users/justyna-przy/Projects/ISE/FYP/src/bird_data/raw/emberiza_schoeniclus/XC328527.mp3,19.0,22.0,-39.66806701026905,-40.0,drop,Engine,Engine,0.3311598300933838,0.3311598300933838,drop,0,,,
emberiza_schoeniclus,328527,Emberiza schoeniclus,/Users/justyna-przy/Projects/ISE/FYP/src/bird_data/raw/emberiza_schoeniclus/XC328527.mp3,22.0,25.0,-29.921275689332667,-40.0,drop,Emberiza schoeniclus,Reed Bunting,0.28991374373435974,0.28991374373435974,drop,0,,,
emberiza_schoeniclus,328526,Emberiza schoeniclus,/Users/justyna-przy/Projects/ISE/FYP/src/bird_data/raw/emberiza_schoeniclus/XC328526.mp3,1.0,4.0,-27.15397801246588,-40.0,species,Emberiza schoeniclus,Reed Bunting,0.9632937908172607,0.9632937908172607,species,1,rand_species,/Users/justyna-przy/Projects/ISE/FYP/src/bird_data/clips/species/emberiza_schoeniclus/XC328526__s1000__e4000.wav,
emberiza_schoeniclus,328526,Emberiza schoeniclus,/Users/justyna-przy/Projects/ISE/FYP/src/bird_data/raw/emberiza_schoeniclus/XC328526.mp3,16.0,19.0,-28.78865291631901,-40.0,species,Emberiza schoeniclus,Reed Bunting,0.9529143571853638,0.9529143571853638,species,1,rand_species,/Users/justyna-przy/Projects/ISE/FYP/src/bird_data/clips/species/emberiza_schoeniclus/XC328526__s16000__e19000.wav,
emberiza_schoeniclus,328526,Emberiza schoeniclus,/Users/justyna-przy/Projects/ISE/FYP/src/bird_data/raw/emberiza_schoeniclus/XC328526.mp3,25.0,28.0,-27.395673448843812,-40.0,species,Emberiza schoeniclus,Reed Bunting,0.9929800629615784,0.9929800629615784,species,0,,,
emberiza_schoeniclus,328526,Emberiza schoeniclus,/Users/justyna-przy/Projects/ISE/FYP/src/bird_data/raw/emberiza_schoeniclus/XC328526.mp3,34.0,37.0,-28.043140514349084,-40.0,species,Emberiza schoeniclus,Reed Bunting,0.9844115376472473,0.9844115376472473,species,0,,,
emberiza_schoeniclus,328526,Emberiza schoeniclus,/Users/justyna-przy/Projects/ISE/FYP/src/bird_data/raw/emberiza_schoeniclus/XC328526.mp3,43.0,46.0,-25.47667633702559,-40.0,species,Emberiza schoeniclus,Reed Bunting,0.9986302852630615,0.9986302852630615,species,0,,,
emberiza_schoeniclus,328526,Emberiza schoeniclus,/Users/justyna-przy/Projects/ISE/FYP/src/bird_data/raw/emberiza_schoeniclus/XC328526.mp3,49.0,52.0,-37.29851025378392,-40.0,drop,Erithacus rubecula,European Robin,0.7077406048774719,0.7077406048774719,drop,0,,,
emberiza_schoeniclus,328526,Emberiza schoeniclus,/Users/justyna-przy/Projects/ISE/FYP/src/bird_data/raw/emberiza_schoeniclus/XC328526.mp3,52.0,55.0,-26.882225675415246,-40.0,species,Emberiza schoeniclus,Reed Bunting,0.7191030383110046,0.7191030383110046,species,1,rand_species,/Users/justyna-przy/Projects/ISE/FYP/src/bird_data/clips/species/emberiza_schoeniclus/XC328526__s52000__e55000.wav,
emberiza_schoeniclus,319559,Emberiza schoeniclus,/Users/justyna-przy/Projects/ISE/FYP/src/bird_data/raw/emberiza_schoeniclus/XC319559.mp3,4.0,7.0,-48.939112551323696,-40.0,species,Emberiza schoeniclus,Reed Bunting,0.7511610388755798,0.7511610388755798,species,1,rand_species,/Users/justyna-przy/Projects/ISE/FYP/src/bird_data/clips/species/emberiza_schoeniclus/XC319559__s4000__e7000.wav,
emberiza_schoeniclus,305926,Emberiza schoeniclus,/Users/justyna-przy/Projects/ISE/FYP/src/bird_data/raw/emberiza_schoeniclus/XC305926.mp3,1.0,4.0,-18.219798847849113,-40.0,species,Emberiza schoeniclus,Reed Bunting,0.9998395442962646,0.9998395442962646,species,0,,,
emberiza_schoeniclus,305926,Emberiza schoeniclus,/Users/justyna-przy/Projects/ISE/FYP/src/bird_data/raw/emberiza_schoeniclus/XC305926.mp3,10.0,13.0,-20.079044012517468,-40.0,species,Emberiza schoeniclus,Reed Bunting,0.9989126920700073,0.9989126920700073,species,1,rand_species,/Users/justyna-przy/Projects/ISE/FYP/src/bird_data/clips/species/emberiza_schoeniclus/XC305926__s10000__e13000.wav,
emberiza_schoeniclus,305926,Emberiza schoeniclus,/Users/justyna-przy/Projects/ISE/FYP/src/bird_data/raw/emberiza_schoeniclus/XC305926.mp3,13.0,16.0,-37.18992922333328,-40.0,drop,Corvus cornix,Hooded Crow,0.2940221130847931,0.2940221130847931,drop,0,,,
emberiza_schoeniclus,305926,Emberiza schoeniclus,/Users/justyna-przy/Projects/ISE/FYP/src/bird_data/raw/emberiza_schoeniclus/XC305926.mp3,16.0,19.0,-21.3477562437431,-40.0,species,Emberiza schoeniclus,Reed Bunting,0.7045538425445557,0.7045538425445557,species,1,rand_species,/Users/justyna-przy/Projects/ISE/FYP/src/bird_data/clips/species/emberiza_schoeniclus/XC305926__s16000__e19000.wav,
emberiza_schoeniclus,305926,Emberiza schoeniclus,/Users/justyna-przy/Projects/ISE/FYP/src/bird_data/raw/emberiza_schoeniclus/XC305926.mp3,19.0,22.0,-20.004569937280735,-40.0,species,Emberiza schoeniclus,Reed Bunting,0.8744152188301086,0.8744152188301086,species,1,rand_species,/Users/justyna-przy/Projects/ISE/FYP/src/bird_data/clips/species/emberiza_schoeniclus/XC305926__s19000__e22000.wav,
emberiza_schoeniclus,305926,Emberiza schoeniclus,/Users/justyna-przy/Projects/ISE/FYP/src/bird_data/raw/emberiza_schoeniclus/XC305926.mp3,25.0,28.0,-18.631244296472648,-40.0,species,Emberiza schoeniclus,Reed Bunting,0.9782900214195251,0.9782900214195251,species,0,,,
emberiza_schoeniclus,305926,Emberiza schoeniclus,/Users/justyna-przy/Projects/ISE/FYP/src/bird_data/raw/emberiza_schoeniclus/XC305926.mp3,34.0,37.0,-17.89455265933465,-40.0,species,Emberiza schoeniclus,Reed Bunting,0.9224587082862854,0.9224587082862854,species,0,,,
emberiza_schoeniclus,256395,Emberiza schoeniclus,/Users/justyna-przy/Projects/ISE/FYP/src/bird_data/raw/emberiza_schoeniclus/XC256395.mp3,10.0,13.0,-32.48916482214538,-40.0,species,Emberiza schoeniclus,Reed Bunting,0.7677080631256104,0.7677080631256104,species,1,rand_species,/Users/justyna-przy/Projects/ISE/FYP/src/bird_data/clips/species/emberiza_schoeniclus/XC256395__s10000__e13000.wav,
emberiza_schoeniclus,256395,Emberiza schoeniclus,/Users/justyna-przy/Projects/ISE/FYP/src/bird_data/raw/emberiza_schoeniclus/XC256395.mp3,31.0,34.0,-33.52465786605768,-40.0,species,Emberiza schoeniclus,Reed Bunting,0.7930641174316406,0.7930641174316406,species,1,rand_species,/Users/justyna-przy/Projects/ISE/FYP/src/bird_data/clips/species/emberiza_schoeniclus/XC256395__s31000__e34000.wav,
emberiza_schoeniclus,256392,Emberiza schoeniclus,/Users/justyna-przy/Projects/ISE/FYP/src/bird_data/raw/emberiza_schoeniclus/XC256392.mp3,1.0,4.0,-35.61666209317814,-40.0,species,Emberiza schoeniclus,Reed Bunting,0.9768204689025879,0.9768204689025879,species,1,rand_species,/Users/justyna-przy/Projects/ISE/FYP/src/bird_data/clips/species/emberiza_schoeniclus/XC256392__s1000__e4000.wav,
emberiza_schoeniclus,256392,Emberiza schoeniclus,/Users/justyna-przy/Projects/ISE/FYP/src/bird_data/raw/emberiza_schoeniclus/XC256392.mp3,16.0,19.0,-39.32395683600786,-40.0,species,Emberiza schoeniclus,Reed Bunting,0.7664852142333984,0.7664852142333984,species,0,,,
emberiza_schoeniclus,256392,Emberiza schoeniclus,/Users/justyna-przy/Projects/ISE/FYP/src/bird_data/raw/emberiza_schoeniclus/XC256392.mp3,25.0,28.0,-38.48154132503047,-40.0,species,Emberiza schoeniclus,Reed Bunting,0.9490455389022827,0.9490455389022827,species,1,rand_species,/Users/justyna-przy/Projects/ISE/FYP/src/bird_data/clips/species/emberiza_schoeniclus/XC256392__s25000__e28000.wav,
emberiza_schoeniclus,256392,Emberiza schoeniclus,/Users/justyna-przy/Projects/ISE/FYP/src/bird_data/raw/emberiza_schoeniclus/XC256392.mp3,37.0,40.0,-37.92320970630072,-40.0,species,Emberiza schoeniclus,Reed Bunting,0.47666260600090027,0.47666260600090027,species,1,rand_species,/Users/justyna-przy/Projects/ISE/FYP/src/bird_data/clips/species/emberiza_schoeniclus/XC256392__s37000__e40000.wav,
emberiza_schoeniclus,187865,Emberiza schoeniclus,/Users/justyna-przy/Projects/ISE/FYP/src/bird_data/raw/emberiza_schoeniclus/XC187865.mp3,1.0,4.0,-46.20272797578363,-40.0,species,Emberiza schoeniclus,Reed Bunting,0.990760326385498,0.990760326385498,species,1,rand_species,/Users/justyna-przy/Projects/ISE/FYP/src/bird_data/clips/species/emberiza_schoeniclus/XC187865__s1000__e4000.wav,
emberiza_schoeniclus,183436,Emberiza schoeniclus,/Users/justyna-przy/Projects/ISE/FYP/src/bird_data/raw/emberiza_schoeniclus/XC183436.mp3,1.0,4.0,-28.764458113150475,-40.0,species,Emberiza schoeniclus,Reed Bunting,0.9983673691749573,0.9983673691749573,species,1,rand_species,/Users/justyna-przy/Projects/ISE/FYP/src/bird_data/clips/species/emberiza_schoeniclus/XC183436__s1000__e4000.wav,
emberiza_schoeniclus,183436,Emberiza schoeniclus,/Users/justyna-przy/Projects/ISE/FYP/src/bird_data/raw/emberiza_schoeniclus/XC183436.mp3,7.0,10.0,-32.94702093567055,-40.0,species,Emberiza schoeniclus,Reed Bunting,0.979256272315979,0.979256272315979,species,1,rand_species,/Users/justyna-przy/Projects/ISE/FYP/src/bird_data/clips/species/emberiza_schoeniclus/XC183436__s7000__e10000.wav,
emberiza_schoeniclus,183436,Emberiza schoeniclus,/Users/justyna-przy/Projects/ISE/FYP/src/bird_data/raw/emberiza_schoeniclus/XC183436.mp3,13.0,16.0,-33.01551132489536,-40.0,species,Emberiza schoeniclus,Reed Bunting,0.9642685651779175,0.9642685651779175,species,1,rand_species,/Users/justyna-przy/Projects/ISE/FYP/src/bird_data/clips/species/emberiza_schoeniclus/XC183436__s13000__e16000.wav,
emberiza_schoeniclus,183435,Emberiza schoeniclus,/Users/justyna-przy/Projects/ISE/FYP/src/bird_data/raw/emberiza_schoeniclus/XC183435.mp3,1.0,4.0,-27.416325107903056,-30.740660643981382,species,Emberiza schoeniclus,Reed Bunting,0.9942615032196045,0.9942615032196045,species,0,,,
emberiza_schoeniclus,183435,Emberiza schoeniclus,/Users/justyna-przy/Projects/ISE/FYP/src/bird_data/raw/emberiza_schoeniclus/XC183435.mp3,4.0,7.0,-26.659517938245667,-30.740660643981382,species,Emberiza schoeniclus,Reed Bunting,0.991603434085846,0.991603434085846,species,0,,,
emberiza_schoeniclus,183435,Emberiza schoeniclus,/Users/justyna-przy/Projects/ISE/FYP/src/bird_data/raw/emberiza_schoeniclus/XC183435.mp3,10.0,13.0,-25.58235473918259,-30.740660643981382,species,Emberiza schoeniclus,Reed Bunting,0.981722891330719,0.981722891330719,species,0,,,
emberiza_schoeniclus,183435,Emberiza schoeniclus,/Users/justyna-przy/Projects/ISE/FYP/src/bird_data/raw/emberiza_schoeniclus/XC183435.mp3,13.0,16.0,-25.6434290154735,-30.740660643981382,species,Emberiza schoeniclus,Reed Bunting,0.9522568583488464,0.9522568583488464,species,0,,,
emberiza_schoeniclus,183435,Emberiza schoeniclus,/Users/justyna-przy/Projects/ISE/FYP/src/bird_data/raw/emberiza_schoeniclus/XC183435.mp3,19.0,22.0,-23.953276825631796,-30.740660643981382,drop,Linaria cannabina,Eurasian Linnet,0.4511067569255829,0.4511067569255829,drop,0,,,
emberiza_schoeniclus,183435,Emberiza schoeniclus,/Users/justyna-przy/Projects/ISE/FYP/src/bird_data/raw/emberiza_schoeniclus/XC183435.mp3,22.0,25.0,-23.302147991898103,-30.740660643981382,species,Emberiza schoeniclus,Reed Bunting,0.9962854385375977,0.9962854385375977,species,1,rand_species,/Users/justyna-przy/Projects/ISE/FYP/src/bird_data/clips/species/emberiza_schoeniclus/XC183435__s22000__e25000.wav,
emberiza_schoeniclus,183435,Emberiza schoeniclus,/Users/justyna-przy/Projects/ISE/FYP/src/bird_data/raw/emberiza_schoeniclus/XC183435.mp3,28.0,31.0,-23.778328288204197,-30.740660643981382,species,Emberiza schoeniclus,Reed Bunting,0.9392685294151306,0.9392685294151306,species,1,rand_species,/Users/justyna-przy/Projects/ISE/FYP/src/bird_data/clips/species/emberiza_schoeniclus/XC183435__s28000__e31000.wav,
emberiza_schoeniclus,183435,Emberiza schoeniclus,/Users/justyna-przy/Projects/ISE/FYP/src/bird_data/raw/emberiza_schoeniclus/XC183435.mp3,34.0,37.0,-29.59594304504868,-30.740660643981382,species,Emberiza schoeniclus,Reed Bunting,0.9221280217170715,0.9221280217170715,species,0,,,
emberiza_schoeniclus,183435,Emberiza schoeniclus,/Users/justyna-przy/Projects/ISE/FYP/src/bird_data/raw/emberiza_schoeniclus/XC183435.mp3,37.0,40.0,-30.338236527827853,-30.740660643981382,drop,Emberiza schoeniclus,Reed Bunting,0.17713302373886108,0.17713302373886108,drop,0,,,
emberiza_schoeniclus,183435,Emberiza schoeniclus,/Users/justyna-przy/Projects/ISE/FYP/src/bird_data/raw/emberiza_schoeniclus/XC183435.mp3,40.0,43.0,-27.81043600612253,-30.740660643981382,species,Emberiza schoeniclus,Reed Bunting,0.9899555444717407,0.9899555444717407,species,0,,,
emberiza_schoeniclus,183435,Emberiza schoeniclus,/Users/justyna-przy/Projects/ISE/FYP/src/bird_data/raw/emberiza_schoeniclus/XC183435.mp3,46.0,49.0,-24.812457967614492,-30.740660643981382,species,Emberiza schoeniclus,Reed Bunting,0.8683664798736572,0.8683664798736572,species,1,rand_species,/Users/justyna-przy/Projects/ISE/FYP/src/bird_data/clips/species/emberiza_schoeniclus/XC183435__s46000__e49000.wav,
emberiza_schoeniclus,169889,Emberiza schoeniclus,/Users/justyna-przy/Projects/ISE/FYP/src/bird_data/raw/emberiza_schoeniclus/XC169889.mp3,1.0,4.0,-39.33975866587137,-40.0,drop,Anthus trivialis,Tree Pipit,0.6909632086753845,0.6909632086753845,drop,0,,,
emberiza_schoeniclus,169744,Emberiza schoeniclus,/Users/justyna-przy/Projects/ISE/FYP/src/bird_data/raw/emberiza_schoeniclus/XC169744.mp3,1.0,4.0,-49.378029217110644,-40.0,non_bird,,,0.0,0.0,non_bird,1,nonbird_lowconf,/Users/justyna-przy/Projects/ISE/FYP/src/bird_data/clips/non_bird/emberiza_schoeniclus/XC169744__s1000__e4000.wav,
emberiza_schoeniclus,133924,Emberiza schoeniclus,/Users/justyna-przy/Projects/ISE/FYP/src/bird_data/raw/emberiza_schoeniclus/XC133924.mp3,1.0,4.0,-23.896638977469202,-24.30033171183665,species,Emberiza schoeniclus,Reed Bunting,0.9524932503700256,0.9524932503700256,species,1,rand_species,/Users/justyna-przy/Projects/ISE/FYP/src/bird_data/clips/species/emberiza_schoeniclus/XC133924__s1000__e4000.wav,
emberiza_schoeniclus,133924,Emberiza schoeniclus,/Users/justyna-przy/Projects/ISE/FYP/src/bird_data/raw/emberiza_schoeniclus/XC133924.mp3,4.0,7.0,-22.236767074853418,-24.30033171183665,species,Emberiza schoeniclus,Reed Bunting,0.9955315589904785,0.9955315589904785,species,0,,,
emberiza_schoeniclus,133924,Emberiza schoeniclus,/Users/justyna-przy/Projects/ISE/FYP/src/bird_data/raw/emberiza_schoeniclus/XC133924.mp3,7.0,10.0,-21.712642212737418,-24.30033171183665,species,Emberiza schoeniclus,Reed Bunting,0.9924176931381226,0.9924176931381226,species,0,,,
emberiza_schoeniclus,133924,Emberiza schoeniclus,/Users/justyna-przy/Projects/ISE/FYP/src/bird_data/raw/emberiza_schoeniclus/XC133924.mp3,10.0,13.0,-19.538628553028552,-24.30033171183665,species,Emberiza schoeniclus,Reed Bunting,0.9884610176086426,0.9884610176086426,species,0,,,
emberiza_schoeniclus,133924,Emberiza schoeniclus,/Users/justyna-przy/Projects/ISE/FYP/src/bird_data/raw/emberiza_schoeniclus/XC133924.mp3,13.0,16.0,-19.14537975865393,-24.30033171183665,species,Emberiza schoeniclus,Reed Bunting,0.9862620830535889,0.9862620830535889,species,0,,,
emberiza_schoeniclus,133924,Emberiza schoeniclus,/Users/justyna-przy/Projects/ISE/FYP/src/bird_data/raw/emberiza_schoeniclus/XC133924.mp3,16.0,19.0,-18.788564461918483,-24.30033171183665,species,Emberiza schoeniclus,Reed Bunting,0.9866809844970703,0.9866809844970703,species,0,,,
emberiza_schoeniclus,133924,Emberiza schoeniclus,/Users/justyna-przy/Projects/ISE/FYP/src/bird_data/raw/emberiza_schoeniclus/XC133924.mp3,19.0,22.0,-20.085689534571806,-24.30033171183665,species,Emberiza schoeniclus,Reed Bunting,0.9890583157539368,0.9890583157539368,species,0,,,
emberiza_schoeniclus,133924,Emberiza schoeniclus,/Users/justyna-przy/Projects/ISE/FYP/src/bird_data/raw/emberiza_schoeniclus/XC133924.mp3,25.0,28.0,-19.890435115679594,-24.30033171183665,species,Emberiza schoeniclus,Reed Bunting,0.9961923360824585,0.9961923360824585,species,1,rand_species,/Users/justyna-przy/Projects/ISE/FYP/src/bird_data/clips/species/emberiza_schoeniclus/XC133924__s25000__e28000.wav,
emberiza_schoeniclus,133924,Emberiza schoeniclus,/Users/justyna-przy/Projects/ISE/FYP/src/bird_data/raw/emberiza_schoeniclus/XC133924.mp3,31.0,34.0,-21.481107000482574,-24.30033171183665,species,Emberiza schoeniclus,Reed Bunting,0.873664379119873,0.873664379119873,species,1,rand_species,/Users/justyna-przy/Projects/ISE/FYP/src/bird_data/clips/species/emberiza_schoeniclus/XC133924__s31000__e34000.wav,
emberiza_schoeniclus,102803,Emberiza schoeniclus,/Users/justyna-przy/Projects/ISE/FYP/src/bird_data/raw/emberiza_schoeniclus/XC102803.mp3,1.0,4.0,-39.269069816080915,-39.84486211081617,species,Emberiza schoeniclus,Reed Bunting,0.9936821460723877,0.9936821460723877,species,0,,,
emberiza_schoeniclus,102803,Emberiza schoeniclus,/Users/justyna-przy/Projects/ISE/FYP/src/bird_data/raw/emberiza_schoeniclus/XC102803.mp3,4.0,7.0,-39.82844109263802,-39.84486211081617,species,Emberiza schoeniclus,Reed Bunting,0.9868099689483643,0.9868099689483643,species,0,,,
emberiza_schoeniclus,102803,Emberiza schoeniclus,/Users/justyna-przy/Projects/ISE/FYP/src/bird_data/raw/emberiza_schoeniclus/XC102803.mp3,10.0,13.0,-38.750239604575846,-39.84486211081617,species,Emberiza schoeniclus,Reed Bunting,0.9896447658538818,0.9896447658538818,species,0,,,
emberiza_schoeniclus,102803,Emberiza schoeniclus,/Users/justyna-przy/Projects/ISE/FYP/src/bird_data/raw/emberiza_schoeniclus/XC102803.mp3,16.0,19.0,-37.965181109088974,-39.84486211081617,species,Emberiza schoeniclus,Reed Bunting,0.9983006119728088,0.9983006119728088,species,1,rand_species,/Users/justyna-przy/Projects/ISE/FYP/src/bird_data/clips/species/emberiza_schoeniclus/XC102803__s16000__e19000.wav,
emberiza_schoeniclus,102803,Emberiza schoeniclus,/Users/justyna-przy/Projects/ISE/FYP/src/bird_data/raw/emberiza_schoeniclus/XC102803.mp3,22.0,25.0,-37.98040637825686,-39.84486211081617,species,Emberiza schoeniclus,Reed Bunting,0.9669917225837708,0.9669917225837708,species,0,,,
emberiza_schoeniclus,102803,Emberiza schoeniclus,/Users/justyna-przy/Projects/ISE/FYP/src/bird_data/raw/emberiza_schoeniclus/XC102803.mp3,28.0,31.0,-37.47498414401531,-39.84486211081617,species,Emberiza schoeniclus,Reed Bunting,0.9971998929977417,0.9971998929977417,species,0,,,
emberiza_schoeniclus,102803,Emberiza schoeniclus,/Users/justyna-przy/Projects/ISE/FYP/src/bird_data/raw/emberiza_schoeniclus/XC102803.mp3,34.0,37.0,-37.619690629737015,-39.84486211081617,species,Emberiza schoeniclus,Reed Bunting,0.9707569479942322,0.9707569479942322,species,0,,,
emberiza_schoeniclus,102803,Emberiza schoeniclus,/Users/justyna-przy/Projects/ISE/FYP/src/bird_data/raw/emberiza_schoeniclus/XC102803.mp3,37.0,40.0,-39.26109189760652,-39.84486211081617,species,Emberiza schoeniclus,Reed Bunting,0.9947302341461182,0.9947302341461182,species,1,rand_species,/Users/justyna-przy/Projects/ISE/FYP/src/bird_data/clips/species/emberiza_schoeniclus/XC102803__s37000__e40000.wav,
emberiza_schoeniclus,102803,Emberiza schoeniclus,/Users/justyna-przy/Projects/ISE/FYP/src/bird_data/raw/emberiza_schoeniclus/XC102803.mp3,40.0,43.0,-38.45645907840889,-39.84486211081617,species,Emberiza schoeniclus,Reed Bunting,0.8117030262947083,0.8117030262947083,species,1,rand_species,/Users/justyna-przy/Projects/ISE/FYP/src/bird_data/clips/species/emberiza_schoeniclus/XC102803__s40000__e43000.wav,
emberiza_schoeniclus,102803,Emberiza schoeniclus,/Users/justyna-przy/Projects/ISE/FYP/src/bird_data/raw/emberiza_schoeniclus/XC102803.mp3,43.0,46.0,-37.69296521383189,-39.84486211081617,species,Emberiza schoeniclus,Reed Bunting,0.9992392063140869,0.9992392063140869,species,0,,,
emberiza_schoeniclus,70257,Emberiza schoeniclus,/Users/justyna-przy/Projects/ISE/FYP/src/bird_data/raw/emberiza_schoeniclus/XC70257.mp3,4.0,7.0,-44.00953400826424,-40.0,species,Emberiza schoeniclus,Reed Bunting,0.9719416499137878,0.9719416499137878,species,1,rand_species,/Users/justyna-przy/Projects/ISE/FYP/src/bird_data/clips/species/emberiza_schoeniclus/XC70257__s4000__e7000.wav,
emberiza_schoeniclus,25818,Emberiza schoeniclus,/Users/justyna-przy/Projects/ISE/FYP/src/bird_data/raw/emberiza_schoeniclus/XC25818.mp3,1.0,4.0,-37.565964796298225,-39.563731458669466,species,Emberiza schoeniclus,Reed Bunting,0.9843754172325134,0.9843754172325134,species,0,,,
emberiza_schoeniclus,25818,Emberiza schoeniclus,/Users/justyna-przy/Projects/ISE/FYP/src/bird_data/raw/emberiza_schoeniclus/XC25818.mp3,4.0,7.0,-37.57180288959928,-39.563731458669466,drop,Emberiza schoeniclus,Reed Bunting,0.2003171592950821,0.2003171592950821,drop,0,,,
emberiza_schoeniclus,25818,Emberiza schoeniclus,/Users/justyna-przy/Projects/ISE/FYP/src/bird_data/raw/emberiza_schoeniclus/XC25818.mp3,7.0,10.0,-34.72415733915285,-39.563731458669466,species,Emberiza schoeniclus,Reed Bunting,0.9945559501647949,0.9945559501647949,species,0,,,
emberiza_schoeniclus,25818,Emberiza schoeniclus,/Users/justyna-przy/Projects/ISE/FYP/src/bird_data/raw/emberiza_schoeniclus/XC25818.mp3,10.0,13.0,-34.551188301330356,-39.563731458669466,species,Emberiza schoeniclus,Reed Bunting,0.9894150495529175,0.9894150495529175,species,0,,,
emberiza_schoeniclus,25818,Emberiza schoeniclus,/Users/justyna-przy/Projects/ISE/FYP/src/bird_data/raw/emberiza_schoeniclus/XC25818.mp3,13.0,16.0,-39.51267202920508,-39.563731458669466,species,Emberiza schoeniclus,Reed Bunting,0.596983015537262,0.596983015537262,species,1,rand_species,/Users/justyna-przy/Projects/ISE/FYP/src/bird_data/clips/species/emberiza_schoeniclus/XC25818__s13000__e16000.wav,
emberiza_schoeniclus,25818,Emberiza schoeniclus,/Users/justyna-przy/Projects/ISE/FYP/src/bird_data/raw/emberiza_schoeniclus/XC25818.mp3,16.0,19.0,-32.0523235112795,-39.563731458669466,species,Emberiza schoeniclus,Reed Bunting,0.9647148847579956,0.9647148847579956,species,1,rand_species,/Users/justyna-przy/Projects/ISE/FYP/src/bird_data/clips/species/emberiza_schoeniclus/XC25818__s16000__e19000.wav,
emberiza_schoeniclus,25818,Emberiza schoeniclus,/Users/justyna-przy/Projects/ISE/FYP/src/bird_data/raw/emberiza_schoeniclus/XC25818.mp3,19.0,22.0,-37.07863106377446,-39.563731458669466,species,Emberiza schoeniclus,Reed Bunting,0.8006502389907837,0.8006502389907837,species,0,,,
emberiza_schoeniclus,25818,Emberiza schoeniclus,/Users/justyna-przy/Projects/ISE/FYP/src/bird_data/raw/emberiza_schoeniclus/XC25818.mp3,25.0,28.0,-37.620095331391305,-39.563731458669466,species,Emberiza schoeniclus,Reed Bunting,0.8296107053756714,0.8296107053756714,species,0,,,
emberiza_schoeniclus,25818,Emberiza schoeniclus,/Users/justyna-przy/Projects/ISE/FYP/src/bird_data/raw/emberiza_schoeniclus/XC25818.mp3,34.0,37.0,-36.19458274385705,-39.563731458669466,species,Emberiza schoeniclus,Reed Bunting,0.6715996265411377,0.6715996265411377,species,1,rand_species,/Users/justyna-przy/Projects/ISE/FYP/src/bird_data/clips/species/emberiza_schoeniclus/XC25818__s34000__e37000.wav,
emberiza_schoeniclus,25818,Emberiza schoeniclus,/Users/justyna-przy/Projects/ISE/FYP/src/bird_data/raw/emberiza_schoeniclus/XC25818.mp3,37.0,40.0,-35.50336243123687,-39.563731458669466,species,Emberiza schoeniclus,Reed Bunting,0.9915657043457031,0.9915657043457031,species,0,,,
emberiza_schoeniclus,25589,Emberiza schoeniclus,/Users/justyna-przy/Projects/ISE/FYP/src/bird_data/raw/emberiza_schoeniclus/XC25589.mp3,7.0,10.0,-36.61447409908157,-40.0,species,Emberiza schoeniclus,Reed Bunting,0.7160786390304565,0.7160786390304565,species,1,rand_species,/Users/justyna-przy/Projects/ISE/FYP/src/bird_data/clips/species/emberiza_schoeniclus/XC25589__s7000__e10000.wav,
emberiza_schoeniclus,1088595,Emberiza schoeniclus,/Users/justyna-przy/Projects/ISE/FYP/src/bird_data/raw/emberiza_schoeniclus/XC1088595.mp3,1.0,4.0,-26.246724748225105,-40.0,species,Emberiza schoeniclus,Reed Bunting,0.999616265296936,0.999616265296936,species,0,,,
emberiza_schoeniclus,1088595,Emberiza schoeniclus,/Users/justyna-przy/Projects/ISE/FYP/src/bird_data/raw/emberiza_schoeniclus/XC1088595.mp3,7.0,10.0,-29.568245379375277,-40.0,species,Emberiza schoeniclus,Reed Bunting,0.9960936903953552,0.9960936903953552,species,1,rand_species,/Users/justyna-przy/Projects/ISE/FYP/src/bird_data/clips/species/emberiza_schoeniclus/XC1088595__s7000__e10000.wav,
emberiza_schoeniclus,1088595,Emberiza schoeniclus,/Users/justyna-przy/Projects/ISE/FYP/src/bird_data/raw/emberiza_schoeniclus/XC1088595.mp3,10.0,13.0,-28.033363667833846,-40.0,species,Emberiza schoeniclus,Reed Bunting,0.9978552460670471,0.9978552460670471,species,0,,,
emberiza_schoeniclus,1088595,Emberiza schoeniclus,/Users/justyna-przy/Projects/ISE/FYP/src/bird_data/raw/emberiza_schoeniclus/XC1088595.mp3,16.0,19.0,-24.956328463407516,-40.0,species,Emberiza schoeniclus,Reed Bunting,0.9979008436203003,0.9979008436203003,species,1,rand_species,/Users/justyna-przy/Projects/ISE/FYP/src/bird_data/clips/species/emberiza_schoeniclus/XC1088595__s16000__e19000.wav,
emberiza_schoeniclus,1088595,Emberiza schoeniclus,/Users/justyna-przy/Projects/ISE/FYP/src/bird_data/raw/emberiza_schoeniclus/XC1088595.mp3,22.0,25.0,-25.295536933114665,-40.0,species,Emberiza schoeniclus,Reed Bunting,0.9994955062866211,0.9994955062866211,species,0,,,
emberiza_schoeniclus,1088595,Emberiza schoeniclus,/Users/justyna-przy/Projects/ISE/FYP/src/bird_data/raw/emberiza_schoeniclus/XC1088595.mp3,31.0,34.0,-24.368616317645788,-40.0,species,Emberiza schoeniclus,Reed Bunting,0.9935041069984436,0.9935041069984436,species,1,rand_species,/Users/justyna-przy/Projects/ISE/FYP/src/bird_data/clips/species/emberiza_schoeniclus/XC1088595__s31000__e34000.wav,
emberiza_schoeniclus,1087998,Emberiza schoeniclus,/Users/justyna-przy/Projects/ISE/FYP/src/bird_data/raw/emberiza_schoeniclus/XC1087998.mp3,7.0,10.0,-34.5963534572902,-40.0,non_bird,,,0.0,0.0,non_bird,1,nonbird_lowconf,/Users/justyna-przy/Projects/ISE/FYP/src/bird_data/clips/non_bird/emberiza_schoeniclus/XC1087998__s7000__e10000.wav,
emberiza_schoeniclus,1087998,Emberiza schoeniclus,/Users/justyna-przy/Projects/ISE/FYP/src/bird_data/raw/emberiza_schoeniclus/XC1087998.mp3,10.0,13.0,-38.63641567603947,-40.0,drop,Phylloscopus collybita,Common Chiffchaff,0.278622567653656,0.278622567653656,drop,0,,,
emberiza_schoeniclus,1087998,Emberiza schoeniclus,/Users/justyna-przy/Projects/ISE/FYP/src/bird_data/raw/emberiza_schoeniclus/XC1087998.mp3,19.0,22.0,-32.46809151033172,-40.0,drop,Emberiza schoeniclus,Reed Bunting,0.122763991355896,0.122763991355896,drop,0,,,
emberiza_schoeniclus,1086471,Emberiza schoeniclus,/Users/justyna-przy/Projects/ISE/FYP/src/bird_data/raw/emberiza_schoeniclus/XC1086471.mp3,1.0,4.0,-43.281099532487126,-40.0,species,Emberiza schoeniclus,Reed Bunting,0.7438931465148926,0.7438931465148926,species,1,rand_species,/Users/justyna-przy/Projects/ISE/FYP/src/bird_data/clips/species/emberiza_schoeniclus/XC1086471__s1000__e4000.wav,
emberiza_schoeniclus,1085463,Emberiza schoeniclus,/Users/justyna-przy/Projects/ISE/FYP/src/bird_data/raw/emberiza_schoeniclus/XC1085463.mp3,1.0,4.0,-29.17356393955123,-30.847231142629624,species,Emberiza schoeniclus,Reed Bunting,0.9806787371635437,0.9806787371635437,species,0,,,
emberiza_schoeniclus,1085463,Emberiza schoeniclus,/Users/justyna-przy/Projects/ISE/FYP/src/bird_data/raw/emberiza_schoeniclus/XC1085463.mp3,4.0,7.0,-23.125911237587115,-30.847231142629624,species,Emberiza schoeniclus,Reed Bunting,0.9468181133270264,0.9468181133270264,species,0,,,
emberiza_schoeniclus,1085463,Emberiza schoeniclus,/Users/justyna-przy/Projects/ISE/FYP/src/bird_data/raw/emberiza_schoeniclus/XC1085463.mp3,7.0,10.0,-24.179053119338427,-30.847231142629624,species,Emberiza schoeniclus,Reed Bunting,0.9682883024215698,0.9682883024215698,species,1,rand_species,/Users/justyna-przy/Projects/ISE/FYP/src/bird_data/clips/species/emberiza_schoeniclus/XC1085463__s7000__e10000.wav,
emberiza_schoeniclus,1085463,Emberiza schoeniclus,/Users/justyna-przy/Projects/ISE/FYP/src/bird_data/raw/emberiza_schoeniclus/XC1085463.mp3,10.0,13.0,-25.339519097958313,-30.847231142629624,species,Emberiza schoeniclus,Reed Bunting,0.9747134447097778,0.9747134447097778,species,1,rand_species,/Users/justyna-przy/Projects/ISE/FYP/src/bird_data/clips/species/emberiza_schoeniclus/XC1085463__s10000__e13000.wav,
emberiza_schoeniclus,1085463,Emberiza schoeniclus,/Users/justyna-przy/Projects/ISE/FYP/src/bird_data/raw/emberiza_schoeniclus/XC1085463.mp3,13.0,16.0,-25.590613628973852,-30.847231142629624,species,Emberiza schoeniclus,Reed Bunting,0.947729766368866,0.947729766368866,species,0,,,
emberiza_schoeniclus,1085463,Emberiza schoeniclus,/Users/justyna-przy/Projects/ISE/FYP/src/bird_data/raw/emberiza_schoeniclus/XC1085463.mp3,25.0,28.0,-29.617592705672983,-30.847231142629624,species,Emberiza schoeniclus,Reed Bunting,0.9841824173927307,0.9841824173927307,species,1,rand_species,/Users/justyna-przy/Projects/ISE/FYP/src/bird_data/clips/species/emberiza_schoeniclus/XC1085463__s25000__e28000.wav,
emberiza_schoeniclus,1085462,Emberiza schoeniclus,/Users/justyna-przy/Projects/ISE/FYP/src/bird_data/raw/emberiza_schoeniclus/XC1085462.mp3,1.0,4.0,-25.81349887684528,-32.82252509045838,drop,Melozone fusca,Canyon Towhee,0.12352359294891357,0.12352359294891357,drop,0,,,
emberiza_schoeniclus,1085462,Emberiza schoeniclus,/Users/justyna-przy/Projects/ISE/FYP/src/bird_data/raw/emberiza_schoeniclus/XC1085462.mp3,4.0,7.0,-25.56172523195777,-32.82252509045838,species,Emberiza schoeniclus,Reed Bunting,0.33738085627555847,0.33738085627555847,species,1,rand_species,/Users/justyna-przy/Projects/ISE/FYP/src/bird_data/clips/species/emberiza_schoeniclus/XC1085462__s4000__e7000.wav,
emberiza_schoeniclus,1085462,Emberiza schoeniclus,/Users/justyna-przy/Projects/ISE/FYP/src/bird_data/raw/emberiza_schoeniclus/XC1085462.mp3,10.0,13.0,-22.692777016697214,-32.82252509045838,non_bird,,,0.0,0.0,non_bird,1,nonbird_lowconf,/Users/justyna-przy/Projects/ISE/FYP/src/bird_data/clips/non_bird/emberiza_schoeniclus/XC1085462__s10000__e13000.wav,
emberiza_schoeniclus,1085462,Emberiza schoeniclus,/Users/justyna-przy/Projects/ISE/FYP/src/bird_data/raw/emberiza_schoeniclus/XC1085462.mp3,19.0,22.0,-22.743337230152175,-32.82252509045838,species,Emberiza schoeniclus,Reed Bunting,0.4394718110561371,0.4394718110561371,species,1,rand_species,/Users/justyna-przy/Projects/ISE/FYP/src/bird_data/clips/species/emberiza_schoeniclus/XC1085462__s19000__e22000.wav,
emberiza_schoeniclus,1085462,Emberiza schoeniclus,/Users/justyna-przy/Projects/ISE/FYP/src/bird_data/raw/emberiza_schoeniclus/XC1085462.mp3,22.0,25.0,-22.681817145826756,-32.82252509045838,species,Emberiza schoeniclus,Reed Bunting,0.5528663396835327,0.5528663396835327,species,1,rand_species,/Users/justyna-przy/Projects/ISE/FYP/src/bird_data/clips/species/emberiza_schoeniclus/XC1085462__s22000__e25000.wav,
emberiza_schoeniclus,1082448,Emberiza schoeniclus,/Users/justyna-przy/Projects/ISE/FYP/src/bird_data/raw/emberiza_schoeniclus/XC1082448.mp3,1.0,4.0,-25.717944527318718,-29.139775161888757,species,Emberiza schoeniclus,Reed Bunting,0.5345407724380493,0.5345407724380493,species,1,rand_species,/Users/justyna-przy/Projects/ISE/FYP/src/bird_data/clips/species/emberiza_schoeniclus/XC1082448__s1000__e4000.wav,
emberiza_schoeniclus,1082448,Emberiza schoeniclus,/Users/justyna-przy/Projects/ISE/FYP/src/bird_data/raw/emberiza_schoeniclus/XC1082448.mp3,4.0,7.0,-27.33233364553587,-29.139775161888757,non_bird,,,0.0,0.0,non_bird,1,nonbird_lowconf,/Users/justyna-przy/Projects/ISE/FYP/src/bird_data/clips/non_bird/emberiza_schoeniclus/XC1082448__s4000__e7000.wav,
emberiza_schoeniclus,1082448,Emberiza schoeniclus,/Users/justyna-przy/Projects/ISE/FYP/src/bird_data/raw/emberiza_schoeniclus/XC1082448.mp3,7.0,10.0,-29.123767835793476,-29.139775161888757,non_bird,,,0.0,0.0,non_bird,1,nonbird_lowconf,/Users/justyna-przy/Projects/ISE/FYP/src/bird_data/clips/non_bird/emberiza_schoeniclus/XC1082448__s7000__e10000.wav,
emberiza_schoeniclus,1079544,Emberiza schoeniclus,/Users/justyna-przy/Projects/ISE/FYP/src/bird_data/raw/emberiza_schoeniclus/XC1079544.mp3,1.0,4.0,-33.898779166492695,-35.68086867155433,species,Emberiza schoeniclus,Reed Bunting,0.9993506073951721,0.9993506073951721,species,1,rand_species,/Users/justyna-przy/Projects/ISE/FYP/src/bird_data/clips/species/emberiza_schoeniclus/XC1079544__s1000__e4000.wav,
emberiza_schoeniclus,1079544,Emberiza schoeniclus,/Users/justyna-przy/Projects/ISE/FYP/src/bird_data/raw/emberiza_schoeniclus/XC1079544.mp3,4.0,7.0,-33.374190183256374,-35.68086867155433,species,Emberiza schoeniclus,Reed Bunting,0.9916849136352539,0.9916849136352539,species,1,rand_species,/Users/justyna-przy/Projects/ISE/FYP/src/bird_data/clips/species/emberiza_schoeniclus/XC1079544__s4000__e7000.wav,
emberiza_schoeniclus,1079544,Emberiza schoeniclus,/Users/justyna-przy/Projects/ISE/FYP/src/bird_data/raw/emberiza_schoeniclus/XC1079544.mp3,7.0,10.0,-33.685421340859,-35.68086867155433,species,Emberiza schoeniclus,Reed Bunting,0.9994937181472778,0.9994937181472778,species,1,rand_species,/Users/justyna-przy/Projects/ISE/FYP/src/bird_data/clips/species/emberiza_schoeniclus/XC1079544__s7000__e10000.wav,
emberiza_schoeniclus,1074958,Emberiza schoeniclus,/Users/justyna-przy/Projects/ISE/FYP/src/bird_data/raw/emberiza_schoeniclus/XC1074958.mp3,7.0,10.0,-47.12744929289937,-40.0,species,Emberiza schoeniclus,Reed Bunting,0.640469491481781,0.640469491481781,species,1,rand_species,/Users/justyna-przy/Projects/ISE/FYP/src/bird_data/clips/species/emberiza_schoeniclus/XC1074958__s7000__e10000.wav,
emberiza_schoeniclus,1065601,Emberiza schoeniclus,/Users/justyna-przy/Projects/ISE/FYP/src/bird_data/raw/emberiza_schoeniclus/XC1065601.mp3,1.0,4.0,-36.267099360096694,-40.0,drop,Estrilda astrild,Common Waxbill,0.7528308033943176,0.7528308033943176,drop,0,,,
emberiza_schoeniclus,1065601,Emberiza schoeniclus,/Users/justyna-przy/Projects/ISE/FYP/src/bird_data/raw/emberiza_schoeniclus/XC1065601.mp3,7.0,10.0,-38.44358834599336,-40.0,drop,Estrilda astrild,Common Waxbill,0.9137327075004578,0.9137327075004578,drop,0,,,
emberiza_schoeniclus,1063378,Emberiza schoeniclus,/Users/justyna-przy/Projects/ISE/FYP/src/bird_data/raw/emberiza_schoeniclus/XC1063378.mp3,1.0,4.0,-43.73759240864071,-40.0,species,Emberiza schoeniclus,Reed Bunting,0.9367091655731201,0.9367091655731201,species,1,rand_species,/Users/justyna-przy/Projects/ISE/FYP/src/bird_data/clips/species/emberiza_schoeniclus/XC1063378__s1000__e4000.wav,
emberiza_schoeniclus,1063377,Emberiza schoeniclus,/Users/justyna-przy/Projects/ISE/FYP/src/bird_data/raw/emberiza_schoeniclus/XC1063377.mp3,4.0,7.0,-39.47156507458349,-40.0,species,Emberiza schoeniclus,Reed Bunting,0.8957915902137756,0.8957915902137756,species,1,rand_species,/Users/justyna-przy/Projects/ISE/FYP/src/bird_data/clips/species/emberiza_schoeniclus/XC1063377__s4000__e7000.wav,
emberiza_schoeniclus,1059958,Emberiza schoeniclus,/Users/justyna-przy/Projects/ISE/FYP/src/bird_data/raw/emberiza_schoeniclus/XC1059958.mp3,1.0,4.0,-22.312874361764617,-22.312874361764617,species,Emberiza schoeniclus,Reed Bunting,0.9418427348136902,0.9418427348136902,species,1,rand_species,/Users/justyna-przy/Projects/ISE/FYP/src/bird_data/clips/species/emberiza_schoeniclus/XC1059958__s1000__e4000.wav,
emberiza_schoeniclus,1059024,Emberiza schoeniclus,/Users/justyna-przy/Projects/ISE/FYP/src/bird_data/raw/emberiza_schoeniclus/XC1059024.mp3,1.0,4.0,-42.08639094363817,-40.0,species,Emberiza schoeniclus,Reed Bunting,0.4659576714038849,0.4659576714038849,species,1,rand_species,/Users/justyna-przy/Projects/ISE/FYP/src/bird_data/clips/species/emberiza_schoeniclus/XC1059024__s1000__e4000.wav,
emberiza_schoeniclus,1056163,Emberiza schoeniclus,/Users/justyna-przy/Projects/ISE/FYP/src/bird_data/raw/emberiza_schoeniclus/XC1056163.mp3,1.0,4.0,-30.52047109452799,-40.0,species,Emberiza schoeniclus,Reed Bunting,0.5416528582572937,0.5416528582572937,species,0,,,
emberiza_schoeniclus,1056163,Emberiza schoeniclus,/Users/justyna-przy/Projects/ISE/FYP/src/bird_data/raw/emberiza_schoeniclus/XC1056163.mp3,16.0,19.0,-26.103531178490265,-40.0,species,Emberiza schoeniclus,Reed Bunting,0.8466475605964661,0.8466475605964661,species,1,rand_species,/Users/justyna-przy/Projects/ISE/FYP/src/bird_data/clips/species/emberiza_schoeniclus/XC1056163__s16000__e19000.wav,
emberiza_schoeniclus,1056163,Emberiza schoeniclus,/Users/justyna-przy/Projects/ISE/FYP/src/bird_data/raw/emberiza_schoeniclus/XC1056163.mp3,22.0,25.0,-29.822522910575206,-40.0,drop,Emberiza schoeniclus,Reed Bunting,0.12930317223072052,0.12930317223072052,drop,0,,,
emberiza_schoeniclus,1056163,Emberiza schoeniclus,/Users/justyna-przy/Projects/ISE/FYP/src/bird_data/raw/emberiza_schoeniclus/XC1056163.mp3,25.0,28.0,-26.476256577617754,-40.0,species,Emberiza schoeniclus,Reed Bunting,0.8667265772819519,0.8667265772819519,species,1,rand_species,/Users/justyna-przy/Projects/ISE/FYP/src/bird_data/clips/species/emberiza_schoeniclus/XC1056163__s25000__e28000.wav,
emberiza_schoeniclus,1056163,Emberiza schoeniclus,/Users/justyna-przy/Projects/ISE/FYP/src/bird_data/raw/emberiza_schoeniclus/XC1056163.mp3,34.0,37.0,-24.754888745795853,-40.0,species,Emberiza schoeniclus,Reed Bunting,0.9066594243049622,0.9066594243049622,species,0,,,
emberiza_schoeniclus,1056163,Emberiza schoeniclus,/Users/justyna-przy/Projects/ISE/FYP/src/bird_data/raw/emberiza_schoeniclus/XC1056163.mp3,43.0,46.0,-25.888295913655178,-40.0,species,Emberiza schoeniclus,Reed Bunting,0.9882232546806335,0.9882232546806335,species,1,rand_species,/Users/justyna-przy/Projects/ISE/FYP/src/bird_data/clips/species/emberiza_schoeniclus/XC1056163__s43000__e46000.wav,
emberiza_schoeniclus,1055667,Emberiza schoeniclus,/Users/justyna-przy/Projects/ISE/FYP/src/bird_data/raw/emberiza_schoeniclus/XC1055667.mp3,13.0,16.0,-36.935113589969994,-40.0,drop,Emberiza citrinella,Yellowhammer,0.8874683380126953,0.8874683380126953,drop,0,,,
emberiza_schoeniclus,1055667,Emberiza schoeniclus,/Users/justyna-przy/Projects/ISE/FYP/src/bird_data/raw/emberiza_schoeniclus/XC1055667.mp3,19.0,22.0,-33.32053539822672,-40.0,species,Emberiza schoeniclus,Reed Bunting,0.9583960771560669,0.9583960771560669,species,1,rand_species,/Users/justyna-przy/Projects/ISE/FYP/src/bird_data/clips/species/emberiza_schoeniclus/XC1055667__s19000__e22000.wav,
emberiza_schoeniclus,1055667,Emberiza schoeniclus,/Users/justyna-przy/Projects/ISE/FYP/src/bird_data/raw/emberiza_schoeniclus/XC1055667.mp3,22.0,25.0,-39.17257574730176,-40.0,species,Emberiza schoeniclus,Reed Bunting,0.9864213466644287,0.9864213466644287,species,1,rand_species,/Users/justyna-przy/Projects/ISE/FYP/src/bird_data/clips/species/emberiza_schoeniclus/XC1055667__s22000__e25000.wav,
emberiza_schoeniclus,1055409,Emberiza schoeniclus,/Users/justyna-przy/Projects/ISE/FYP/src/bird_data/raw/emberiza_schoeniclus/XC1055409.mp3,7.0,10.0,-37.208425274199136,-40.0,species,Emberiza schoeniclus,Reed Bunting,0.8036896586418152,0.8036896586418152,species,1,rand_species,/Users/justyna-przy/Projects/ISE/FYP/src/bird_data/clips/species/emberiza_schoeniclus/XC1055409__s7000__e10000.wav,
emberiza_schoeniclus,1055409,Emberiza schoeniclus,/Users/justyna-przy/Projects/ISE/FYP/src/bird_data/raw/emberiza_schoeniclus/XC1055409.mp3,10.0,13.0,-33.100919482594065,-40.0,species,Emberiza schoeniclus,Reed Bunting,0.7777013778686523,0.7777013778686523,species,1,rand_species,/Users/justyna-przy/Projects/ISE/FYP/src/bird_data/clips/species/emberiza_schoeniclus/XC1055409__s10000__e13000.wav,
emberiza_schoeniclus,1054827,Emberiza schoeniclus,/Users/justyna-przy/Projects/ISE/FYP/src/bird_data/raw/emberiza_schoeniclus/XC1054827.mp3,1.0,4.0,-37.44316331732678,-38.12028385515791,drop,Alauda arvensis,Eurasian Skylark,0.3069724440574646,0.3069724440574646,drop,0,,,
emberiza_schoeniclus,1054827,Emberiza schoeniclus,/Users/justyna-przy/Projects/ISE/FYP/src/bird_data/raw/emberiza_schoeniclus/XC1054827.mp3,4.0,7.0,-32.34265050203689,-38.12028385515791,species,Emberiza schoeniclus,Reed Bunting,0.8175585865974426,0.8175585865974426,species,1,rand_species,/Users/justyna-przy/Projects/ISE/FYP/src/bird_data/clips/species/emberiza_schoeniclus/XC1054827__s4000__e7000.wav,
emberiza_schoeniclus,1054827,Emberiza schoeniclus,/Users/justyna-przy/Projects/ISE/FYP/src/bird_data/raw/emberiza_schoeniclus/XC1054827.mp3,7.0,10.0,-22.98145166710729,-38.12028385515791,drop,Emberiza schoeniclus,Reed Bunting,0.12591829895973206,0.12591829895973206,drop,0,,,
emberiza_schoeniclus,1054827,Emberiza schoeniclus,/Users/justyna-przy/Projects/ISE/FYP/src/bird_data/raw/emberiza_schoeniclus/XC1054827.mp3,10.0,13.0,-29.174325940613905,-38.12028385515791,species,Emberiza schoeniclus,Reed Bunting,0.7104068994522095,0.7104068994522095,species,1,rand_species,/Users/justyna-przy/Projects/ISE/FYP/src/bird_data/clips/species/emberiza_schoeniclus/XC1054827__s10000__e13000.wav,
emberiza_schoeniclus,1054827,Emberiza schoeniclus,/Users/justyna-przy/Projects/ISE/FYP/src/bird_data/raw/emberiza_schoeniclus/XC1054827.mp3,13.0,16.0,-32.40814238182765,-38.12028385515791,species,Emberiza schoeniclus,Reed Bunting,0.8091603517532349,0.8091603517532349,species,1,rand_species,/Users/justyna-przy/Projects/ISE/FYP/src/bird_data/clips/species/emberiza_schoeniclus/XC1054827__s13000__e16000.wav,
emberiza_schoeniclus,1054820,Emberiza schoeniclus,/Users/justyna-przy/Projects/ISE/FYP/src/bird_data/raw/emberiza_schoeniclus/XC1054820.mp3,1.0,4.0,-34.256915231410005,-34.75248930247102,species,Emberiza schoeniclus,Reed Bunting,0.8552778363227844,0.8552778363227844,species,1,rand_species,/Users/justyna-przy/Projects/ISE/FYP/src/bird_data/clips/species/emberiza_schoeniclus/XC1054820__s1000__e4000.wav,
emberiza_schoeniclus,1054660,Emberiza schoeniclus,/Users/justyna-przy/Projects/ISE/FYP/src/bird_data/raw/emberiza_schoeniclus/XC1054660.mp3,1.0,4.0,-47.238604564899376,-40.0,species,Emberiza schoeniclus,Reed Bunting,0.33672285079956055,0.33672285079956055,species,1,rand_species,/Users/justyna-przy/Projects/ISE/FYP/src/bird_data/clips/species/emberiza_schoeniclus/XC1054660__s1000__e4000.wav,
emberiza_schoeniclus,1052623,Emberiza schoeniclus,/Users/justyna-przy/Projects/ISE/FYP/src/bird_data/raw/emberiza_schoeniclus/XC1052623.mp3,4.0,7.0,-49.99657265589158,-40.0,species,Emberiza schoeniclus,Reed Bunting,0.8270391821861267,0.8270391821861267,species,1,rand_species,/Users/justyna-przy/Projects/ISE/FYP/src/bird_data/clips/species/emberiza_schoeniclus/XC1052623__s4000__e7000.wav,
emberiza_schoeniclus,1051941,Emberiza schoeniclus,/Users/justyna-przy/Projects/ISE/FYP/src/bird_data/raw/emberiza_schoeniclus/XC1051941.mp3,1.0,4.0,-55.769280399393956,-40.0,non_bird,,,0.0,0.0,non_bird,1,nonbird_lowconf,/Users/justyna-przy/Projects/ISE/FYP/src/bird_data/clips/non_bird/emberiza_schoeniclus/XC1051941__s1000__e4000.wav,
emberiza_schoeniclus,1051759,Emberiza schoeniclus,/Users/justyna-przy/Projects/ISE/FYP/src/bird_data/raw/emberiza_schoeniclus/XC1051759.mp3,1.0,4.0,-42.20436633963896,-40.0,species,Emberiza schoeniclus,Reed Bunting,0.7406445145606995,0.7406445145606995,species,1,rand_species,/Users/justyna-przy/Projects/ISE/FYP/src/bird_data/clips/species/emberiza_schoeniclus/XC1051759__s1000__e4000.wav,
emberiza_schoeniclus,1049403,Emberiza schoeniclus,/Users/justyna-przy/Projects/ISE/FYP/src/bird_data/raw/emberiza_schoeniclus/XC1049403.mp3,1.0,4.0,-39.815735161161115,-39.815735161161115,species,Emberiza schoeniclus,Reed Bunting,0.7124353647232056,0.7124353647232056,species,1,rand_species,/Users/justyna-przy/Projects/ISE/FYP/src/bird_data/clips/species/emberiza_schoeniclus/XC1049403__s1000__e4000.wav,
emberiza_schoeniclus,1048364,Emberiza schoeniclus,/Users/justyna-przy/Projects/ISE/FYP/src/bird_data/raw/emberiza_schoeniclus/XC1048364.mp3,1.0,4.0,-48.55688714519533,-40.0,drop,Aegithalos caudatus,Long-tailed Tit,0.1700935661792755,0.1700935661792755,drop,0,,,
emberiza_schoeniclus,1047052,Emberiza schoeniclus,/Users/justyna-przy/Projects/ISE/FYP/src/bird_data/raw/emberiza_schoeniclus/XC1047052.mp3,1.0,4.0,-34.37598520555931,-34.37598520555931,drop,Pygochelidon cyanoleuca,Blue-and-white Swallow,0.9032687544822693,0.9032687544822693,drop,0,,,
emberiza_schoeniclus,1046942,Emberiza schoeniclus,/Users/justyna-przy/Projects/ISE/FYP/src/bird_data/raw/emberiza_schoeniclus/XC1046942.mp3,1.0,4.0,-48.83993731461366,-40.0,species,Emberiza schoeniclus,Reed Bunting,0.9001017212867737,0.9001017212867737,species,1,rand_species,/Users/justyna-przy/Projects/ISE/FYP/src/bird_data/clips/species/emberiza_schoeniclus/XC1046942__s1000__e4000.wav,
emberiza_schoeniclus,1045209,Emberiza schoeniclus,/Users/justyna-przy/Projects/ISE/FYP/src/bird_data/raw/emberiza_schoeniclus/XC1045209.mp3,1.0,4.0,-53.58602347663715,-40.0,species,Emberiza schoeniclus,Reed Bunting,0.9839301705360413,0.9839301705360413,species,1,rand_species,/Users/justyna-przy/Projects/ISE/FYP/src/bird_data/clips/species/emberiza_schoeniclus/XC1045209__s1000__e4000.wav,
emberiza_schoeniclus,1044958,Emberiza schoeniclus,/Users/justyna-przy/Projects/ISE/FYP/src/bird_data/raw/emberiza_schoeniclus/XC1044958.mp3,1.0,4.0,-22.984191353356422,-26.689452551426598,species,Emberiza schoeniclus,Reed Bunting,0.9584922194480896,0.9584922194480896,species,1,rand_species,/Users/justyna-przy/Projects/ISE/FYP/src/bird_data/clips/species/emberiza_schoeniclus/XC1044958__s1000__e4000.wav,
emberiza_schoeniclus,1044958,Emberiza schoeniclus,/Users/justyna-przy/Projects/ISE/FYP/src/bird_data/raw/emberiza_schoeniclus/XC1044958.mp3,4.0,7.0,-23.523333350811832,-26.689452551426598,species,Emberiza schoeniclus,Reed Bunting,0.9384538531303406,0.9384538531303406,species,1,rand_species,/Users/justyna-przy/Projects/ISE/FYP/src/bird_data/clips/species/emberiza_schoeniclus/XC1044958__s4000__e7000.wav,
emberiza_schoeniclus,1041133,Emberiza schoeniclus,/Users/justyna-przy/Projects/ISE/FYP/src/bird_data/raw/emberiza_schoeniclus/XC1041133.mp3,1.0,4.0,-30.152465839818312,-32.53423667341419,drop,Tachycineta leucopyga,Chilean Swallow,0.2039121389389038,0.2039121389389038,drop,0,,,
emberiza_schoeniclus,1041133,Emberiza schoeniclus,/Users/justyna-przy/Projects/ISE/FYP/src/bird_data/raw/emberiza_schoeniclus/XC1041133.mp3,4.0,7.0,-23.394517982604228,-32.53423667341419,non_bird,,,0.0,0.0,non_bird,1,nonbird_lowconf,/Users/justyna-przy/Projects/ISE/FYP/src/bird_data/clips/non_bird/emberiza_schoeniclus/XC1041133__s4000__e7000.wav,
emberiza_schoeniclus,1041133,Emberiza schoeniclus,/Users/justyna-przy/Projects/ISE/FYP/src/bird_data/raw/emberiza_schoeniclus/XC1041133.mp3,10.0,13.0,-23.126891628964124,-32.53423667341419,non_bird,,,0.0,0.0,non_bird,1,nonbird_lowconf,/Users/justyna-przy/Projects/ISE/FYP/src/bird_data/clips/non_bird/emberiza_schoeniclus/XC1041133__s10000__e13000.wav,
emberiza_schoeniclus,1037443,Emberiza schoeniclus,/Users/justyna-przy/Projects/ISE/FYP/src/bird_data/raw/emberiza_schoeniclus/XC1037443.mp3,1.0,4.0,-27.00122238948584,-40.0,species,Emberiza schoeniclus,Reed Bunting,0.9738268852233887,0.9738268852233887,species,1,rand_species,/Users/justyna-przy/Projects/ISE/FYP/src/bird_data/clips/species/emberiza_schoeniclus/XC1037443__s1000__e4000.wav,
emberiza_schoeniclus,1037443,Emberiza schoeniclus,/Users/justyna-przy/Projects/ISE/FYP/src/bird_data/raw/emberiza_schoeniclus/XC1037443.mp3,10.0,13.0,-38.082930700826864,-40.0,drop,Motacilla citreola,Citrine Wagtail,0.39704710245132446,0.39704710245132446,drop,0,,,
emberiza_schoeniclus,1037443,Emberiza schoeniclus,/Users/justyna-przy/Projects/ISE/FYP/src/bird_data/raw/emberiza_schoeniclus/XC1037443.mp3,13.0,16.0,-29.899987505531428,-40.0,species,Emberiza schoeniclus,Reed Bunting,0.981196403503418,0.981196403503418,species,1,rand_species,/Users/justyna-przy/Projects/ISE/FYP/src/bird_data/clips/species/emberiza_schoeniclus/XC1037443__s13000__e16000.wav,
emberiza_schoeniclus,1035434,Emberiza schoeniclus,/Users/justyna-przy/Projects/ISE/FYP/src/bird_data/raw/emberiza_schoeniclus/XC1035434.mp3,10.0,13.0,-38.77496422190774,-40.0,non_bird,,,0.0,0.0,non_bird,1,nonbird_lowconf,/Users/justyna-przy/Projects/ISE/FYP/src/bird_data/clips/non_bird/emberiza_schoeniclus/XC1035434__s10000__e13000.wav,
emberiza_schoeniclus,1035434,Emberiza schoeniclus,/Users/justyna-przy/Projects/ISE/FYP/src/bird_data/raw/emberiza_schoeniclus/XC1035434.mp3,19.0,22.0,-37.909938462049524,-40.0,non_bird,,,0.0,0.0,non_bird,1,nonbird_lowconf,/Users/justyna-przy/Projects/ISE/FYP/src/bird_data/clips/non_bird/emberiza_schoeniclus/XC1035434__s19000__e22000.wav,
emberiza_schoeniclus,1035432,Emberiza schoeniclus,/Users/justyna-przy/Projects/ISE/FYP/src/bird_data/raw/emberiza_schoeniclus/XC1035432.mp3,31.0,34.0,-42.55730071999232,-40.0,species,Emberiza schoeniclus,Reed Bunting,0.44805416464805603,0.44805416464805603,species,1,rand_species,/Users/justyna-przy/Projects/ISE/FYP/src/bird_data/clips/species/emberiza_schoeniclus/XC1035432__s31000__e34000.wav,
emberiza_schoeniclus,1035431,Emberiza schoeniclus,/Users/justyna-przy/Projects/ISE/FYP/src/bird_data/raw/emberiza_schoeniclus/XC1035431.mp3,1.0,4.0,-38.35176607786589,-40.0,species,Emberiza schoeniclus,Reed Bunting,0.5777124762535095,0.5777124762535095,species,1,rand_species,/Users/justyna-przy/Projects/ISE/FYP/src/bird_data/clips/species/emberiza_schoeniclus/XC1035431__s1000__e4000.wav,
emberiza_schoeniclus,1035431,Emberiza schoeniclus,/Users/justyna-przy/Projects/ISE/FYP/src/bird_data/raw/emberiza_schoeniclus/XC1035431.mp3,13.0,16.0,-35.812090616057674,-40.0,species,Emberiza schoeniclus,Reed Bunting,0.9530816078186035,0.9530816078186035,species,1,rand_species,/Users/justyna-przy/Projects/ISE/FYP/src/bird_data/clips/species/emberiza_schoeniclus/XC1035431__s13000__e16000.wav,
emberiza_schoeniclus,1035431,Emberiza schoeniclus,/Users/justyna-przy/Projects/ISE/FYP/src/bird_data/raw/emberiza_schoeniclus/XC1035431.mp3,22.0,25.0,-34.33815885128269,-40.0,species,Emberiza schoeniclus,Reed Bunting,0.7960731387138367,0.7960731387138367,species,1,rand_species,/Users/justyna-przy/Projects/ISE/FYP/src/bird_data/clips/species/emberiza_schoeniclus/XC1035431__s22000__e25000.wav,
emberiza_schoeniclus,1023674,Emberiza schoeniclus,/Users/justyna-przy/Projects/ISE/FYP/src/bird_data/raw/emberiza_schoeniclus/XC1023674.mp3,4.0,7.0,-31.830528000080918,-40.0,non_bird,,,0.0,0.0,non_bird,1,nonbird_lowconf,/Users/justyna-przy/Projects/ISE/FYP/src/bird_data/clips/non_bird/emberiza_schoeniclus/XC1023674__s4000__e7000.wav,
emberiza_schoeniclus,1023674,Emberiza schoeniclus,/Users/justyna-przy/Projects/ISE/FYP/src/bird_data/raw/emberiza_schoeniclus/XC1023674.mp3,7.0,10.0,-34.56611168634368,-40.0,species,Emberiza schoeniclus,Reed Bunting,0.43336185812950134,0.43336185812950134,species,1,rand_species,/Users/justyna-przy/Projects/ISE/FYP/src/bird_data/clips/species/emberiza_schoeniclus/XC1023674__s7000__e10000.wav,
emberiza_schoeniclus,1023674,Emberiza schoeniclus,/Users/justyna-przy/Projects/ISE/FYP/src/bird_data/raw/emberiza_schoeniclus/XC1023674.mp3,10.0,13.0,-37.572763848448226,-40.0,drop,Emberiza schoeniclus,Reed Bunting,0.20834191143512726,0.20834191143512726,drop,0,,,
emberiza_schoeniclus,1023673,Emberiza schoeniclus,/Users/justyna-przy/Projects/ISE/FYP/src/bird_data/raw/emberiza_schoeniclus/XC1023673.mp3,1.0,4.0,-33.30858959578591,-33.30858959578591,drop,Chroicocephalus ridibundus,Black-headed Gull,0.45805788040161133,0.45805788040161133,drop,0,,,
emberiza_schoeniclus,1023670,Emberiza schoeniclus,/Users/justyna-przy/Projects/ISE/FYP/src/bird_data/raw/emberiza_schoeniclus/XC1023670.mp3,4.0,7.0,-33.97311060692618,-40.0,drop,Passer montanus,Eurasian Tree Sparrow,0.32233282923698425,0.32233282923698425,drop,0,,,
emberiza_schoeniclus,1023670,Emberiza schoeniclus,/Users/justyna-przy/Projects/ISE/FYP/src/bird_data/raw/emberiza_schoeniclus/XC1023670.mp3,7.0,10.0,-32.56107417066386,-40.0,species,Emberiza schoeniclus,Reed Bunting,0.5845860838890076,0.5845860838890076,species,1,rand_species,/Users/justyna-przy/Projects/ISE/FYP/src/bird_data/clips/species/emberiza_schoeniclus/XC1023670__s7000__e10000.wav,
emberiza_schoeniclus,1023670,Emberiza schoeniclus,/Users/justyna-przy/Projects/ISE/FYP/src/bird_data/raw/emberiza_schoeniclus/XC1023670.mp3,19.0,22.0,-38.85991895399929,-40.0,drop,Chroicocephalus ridibundus,Black-headed Gull,0.40196511149406433,0.40196511149406433,drop,0,,,
emberiza_schoeniclus,1023669,Emberiza schoeniclus,/Users/justyna-przy/Projects/ISE/FYP/src/bird_data/raw/emberiza_schoeniclus/XC1023669.mp3,4.0,7.0,-38.368709941866136,-39.375176674920894,drop,Chroicocephalus ridibundus,Black-headed Gull,0.514591634273529,0.514591634273529,drop,0,,,
emberiza_schoeniclus,1023669,Emberiza schoeniclus,/Users/justyna-przy/Projects/ISE/FYP/src/bird_data/raw/emberiza_schoeniclus/XC1023669.mp3,7.0,10.0,-36.215165851883775,-39.375176674920894,non_bird,,,0.0,0.0,non_bird,1,nonbird_lowconf,/Users/justyna-przy/Projects/ISE/FYP/src/bird_data/clips/non_bird/emberiza_schoeniclus/XC1023669__s7000__e10000.wav,
emberiza_schoeniclus,1023664,Emberiza schoeniclus,/Users/justyna-przy/Projects/ISE/FYP/src/bird_data/raw/emberiza_schoeniclus/XC1023664.mp3,1.0,4.0,-35.374944762140565,-39.21473766278077,non_bird,,,0.0,0.0,non_bird,1,nonbird_lowconf,/Users/justyna-przy/Projects/ISE/FYP/src/bird_data/clips/non_bird/emberiza_schoeniclus/XC1023664__s1000__e4000.wav,
emberiza_schoeniclus,1023529,Emberiza schoeniclus,/Users/justyna-przy/Projects/ISE/FYP/src/bird_data/raw/emberiza_schoeniclus/XC1023529.mp3,4.0,7.0,-36.332470293530264,-38.25945915742266,drop,Chroicocephalus ridibundus,Black-headed Gull,0.7993422746658325,0.7993422746658325,drop,0,,,
emberiza_schoeniclus,1023529,Emberiza schoeniclus,/Users/justyna-przy/Projects/ISE/FYP/src/bird_data/raw/emberiza_schoeniclus/XC1023529.mp3,7.0,10.0,-35.23905055885947,-38.25945915742266,drop,Chroicocephalus ridibundus,Black-headed Gull,0.6320005655288696,0.6320005655288696,drop,0,,,
emberiza_schoeniclus,1023529,Emberiza schoeniclus,/Users/justyna-przy/Projects/ISE/FYP/src/bird_data/raw/emberiza_schoeniclus/XC1023529.mp3,10.0,13.0,-37.045853172169494,-38.25945915742266,drop,Chroicocephalus ridibundus,Black-headed Gull,0.7852810621261597,0.7852810621261597,drop,0,,,
emberiza_schoeniclus,1023529,Emberiza schoeniclus,/Users/justyna-przy/Projects/ISE/FYP/src/bird_data/raw/emberiza_schoeniclus/XC1023529.mp3,16.0,19.0,-35.125169298881794,-38.25945915742266,drop,Chroicocephalus ridibundus,Black-headed Gull,0.9100401401519775,0.9100401401519775,drop,0,,,
emberiza_schoeniclus,1023529,Emberiza schoeniclus,/Users/justyna-przy/Projects/ISE/FYP/src/bird_data/raw/emberiza_schoeniclus/XC1023529.mp3,19.0,22.0,-30.973877364304364,-38.25945915742266,drop,Chroicocephalus ridibundus,Black-headed Gull,0.5384010672569275,0.5384010672569275,drop,0,,,
emberiza_schoeniclus,1023529,Emberiza schoeniclus,/Users/justyna-przy/Projects/ISE/FYP/src/bird_data/raw/emberiza_schoeniclus/XC1023529.mp3,22.0,25.0,-32.714755029859084,-38.25945915742266,drop,Chroicocephalus ridibundus,Black-headed Gull,0.5567900538444519,0.5567900538444519,drop,0,,,
emberiza_schoeniclus,1023529,Emberiza schoeniclus,/Users/justyna-przy/Projects/ISE/FYP/src/bird_data/raw/emberiza_schoeniclus/XC1023529.mp3,28.0,31.0,-37.99649975743098,-38.25945915742266,drop,Chroicocephalus ridibundus,Black-headed Gull,0.7658300399780273,0.7658300399780273,drop,0,,,
emberiza_schoeniclus,1023529,Emberiza schoeniclus,/Users/justyna-przy/Projects/ISE/FYP/src/bird_data/raw/emberiza_schoeniclus/XC1023529.mp3,31.0,34.0,-30.995361876369657,-38.25945915742266,drop,Chroicocephalus ridibundus,Black-headed Gull,0.9702650308609009,0.9702650308609009,drop,0,,,
emberiza_schoeniclus,1023529,Emberiza schoeniclus,/Users/justyna-przy/Projects/ISE/FYP/src/bird_data/raw/emberiza_schoeniclus/XC1023529.mp3,34.0,37.0,-37.16448476392731,-38.25945915742266,drop,Chroicocephalus ridibundus,Black-headed Gull,0.9023800492286682,0.9023800492286682,drop,0,,,
emberiza_schoeniclus,1023527,Emberiza schoeniclus,/Users/justyna-przy/Projects/ISE/FYP/src/bird_data/raw/emberiza_schoeniclus/XC1023527.mp3,1.0,4.0,-36.24346397718368,-36.26939104326263,drop,Chroicocephalus ridibundus,Black-headed Gull,0.25105828046798706,0.25105828046798706,drop,0,,,
emberiza_schoeniclus,1023527,Emberiza schoeniclus,/Users/justyna-przy/Projects/ISE/FYP/src/bird_data/raw/emberiza_schoeniclus/XC1023527.mp3,7.0,10.0,-32.87012109444282,-36.26939104326263,drop,Anas platyrhynchos,Mallard,0.456387460231781,0.456387460231781,drop,0,,,
emberiza_schoeniclus,1023526,Emberiza schoeniclus,/Users/justyna-przy/Projects/ISE/FYP/src/bird_data/raw/emberiza_schoeniclus/XC1023526.mp3,1.0,4.0,-26.500673207727658,-26.919767263953158,drop,Chroicocephalus ridibundus,Black-headed Gull,0.6518434286117554,0.6518434286117554,drop,0,,,
emberiza_schoeniclus,1023526,Emberiza schoeniclus,/Users/justyna-przy/Projects/ISE/FYP/src/bird_data/raw/emberiza_schoeniclus/XC1023526.mp3,4.0,7.0,-26.212093798710946,-26.919767263953158,drop,Chroicocephalus ridibundus,Black-headed Gull,0.47866183519363403,0.47866183519363403,drop,0,,,
emberiza_schoeniclus,1023526,Emberiza schoeniclus,/Users/justyna-przy/Projects/ISE/FYP/src/bird_data/raw/emberiza_schoeniclus/XC1023526.mp3,7.0,10.0,-25.916694260445,-26.919767263953158,drop,Chroicocephalus ridibundus,Black-headed Gull,0.424047589302063,0.424047589302063,drop,0,,,
emberiza_schoeniclus,1023526,Emberiza schoeniclus,/Users/justyna-przy/Projects/ISE/FYP/src/bird_data/raw/emberiza_schoeniclus/XC1023526.mp3,10.0,13.0,-26.919767263953158,-26.919767263953158,drop,Emberiza schoeniclus,Reed Bunting,0.12141028791666031,0.12141028791666031,drop,0,,,
emberiza_schoeniclus,1023526,Emberiza schoeniclus,/Users/justyna-przy/Projects/ISE/FYP/src/bird_data/raw/emberiza_schoeniclus/XC1023526.mp3,16.0,19.0,-25.757342989489512,-26.919767263953158,species,Emberiza schoeniclus,Reed Bunting,0.37759315967559814,0.37759315967559814,species,1,rand_species,/Users/justyna-przy/Projects/ISE/FYP/src/bird_data/clips/species/emberiza_schoeniclus/XC1023526__s16000__e19000.wav,
emberiza_schoeniclus,1023526,Emberiza schoeniclus,/Users/justyna-przy/Projects/ISE/FYP/src/bird_data/raw/emberiza_schoeniclus/XC1023526.mp3,19.0,22.0,-26.14398969566194,-26.919767263953158,drop,Chroicocephalus ridibundus,Black-headed Gull,0.9059182405471802,0.9059182405471802,drop,0,,,
emberiza_schoeniclus,1023526,Emberiza schoeniclus,/Users/justyna-przy/Projects/ISE/FYP/src/bird_data/raw/emberiza_schoeniclus/XC1023526.mp3,28.0,31.0,-25.37185684604912,-26.919767263953158,drop,Chroicocephalus ridibundus,Black-headed Gull,0.5523611307144165,0.5523611307144165,drop,0,,,
emberiza_schoeniclus,1023526,Emberiza schoeniclus,/Users/justyna-przy/Projects/ISE/FYP/src/bird_data/raw/emberiza_schoeniclus/XC1023526.mp3,31.0,34.0,-23.67724035186397,-26.919767263953158,drop,Vanellus vanellus,Northern Lapwing,0.27211278676986694,0.27211278676986694,drop,0,,,
emberiza_schoeniclus,1023525,Emberiza schoeniclus,/Users/justyna-przy/Projects/ISE/FYP/src/bird_data/raw/emberiza_schoeniclus/XC1023525.mp3,4.0,7.0,-34.370563607963106,-37.46466486829351,species,Emberiza schoeniclus,Reed Bunting,0.9812321066856384,0.9812321066856384,species,0,,,
emberiza_schoeniclus,1023525,Emberiza schoeniclus,/Users/justyna-przy/Projects/ISE/FYP/src/bird_data/raw/emberiza_schoeniclus/XC1023525.mp3,7.0,10.0,-29.927601299881303,-37.46466486829351,species,Emberiza schoeniclus,Reed Bunting,0.8949505686759949,0.8949505686759949,species,1,rand_species,/Users/justyna-przy/Projects/ISE/FYP/src/bird_data/clips/species/emberiza_schoeniclus/XC1023525__s7000__e10000.wav,
emberiza_schoeniclus,1023525,Emberiza schoeniclus,/Users/justyna-przy/Projects/ISE/FYP/src/bird_data/raw/emberiza_schoeniclus/XC1023525.mp3,10.0,13.0,-29.736133214055755,-37.46466486829351,species,Emberiza schoeniclus,Reed Bunting,0.9433181881904602,0.9433181881904602,species,0,,,
emberiza_schoeniclus,1023525,Emberiza schoeniclus,/Users/justyna-przy/Projects/ISE/FYP/src/bird_data/raw/emberiza_schoeniclus/XC1023525.mp3,13.0,16.0,-31.75582627232991,-37.46466486829351,species,Emberiza schoeniclus,Reed Bunting,0.9392217993736267,0.9392217993736267,species,1,rand_species,/Users/justyna-przy/Projects/ISE/FYP/src/bird_data/clips/species/emberiza_schoeniclus/XC1023525__s13000__e16000.wav,
emberiza_schoeniclus,1023525,Emberiza schoeniclus,/Users/justyna-przy/Projects/ISE/FYP/src/bird_data/raw/emberiza_schoeniclus/XC1023525.mp3,16.0,19.0,-37.06037734173993,-37.46466486829351,species,Emberiza schoeniclus,Reed Bunting,0.9724465608596802,0.9724465608596802,species,1,rand_species,/Users/justyna-przy/Projects/ISE/FYP/src/bird_data/clips/species/emberiza_schoeniclus/XC1023525__s16000__e19000.wav,
emberiza_schoeniclus,1023525,Emberiza schoeniclus,/Users/justyna-przy/Projects/ISE/FYP/src/bird_data/raw/emberiza_schoeniclus/XC1023525.mp3,19.0,22.0,-36.82504012322105,-37.46466486829351,drop,Grus grus,Common Crane,0.5001150965690613,0.5001150965690613,drop,0,,,
emberiza_schoeniclus,1023525,Emberiza schoeniclus,/Users/justyna-przy/Projects/ISE/FYP/src/bird_data/raw/emberiza_schoeniclus/XC1023525.mp3,22.0,25.0,-36.326406611171365,-37.46466486829351,drop,Grus grus,Common Crane,0.5700660943984985,0.5700660943984985,drop,0,,,
emberiza_schoeniclus,1017980,Emberiza schoeniclus,/Users/justyna-przy/Projects/ISE/FYP/src/bird_data/raw/emberiza_schoeniclus/XC1017980.mp3,1.0,4.0,-39.716853407747145,-40.0,species,Emberiza schoeniclus,Reed Bunting,0.8868152499198914,0.8868152499198914,species,1,rand_species,/Users/justyna-przy/Projects/ISE/FYP/src/bird_data/clips/species/emberiza_schoeniclus/XC1017980__s1000__e4000.wav,
emberiza_schoeniclus,1017980,Emberiza schoeniclus,/Users/justyna-przy/Projects/ISE/FYP/src/bird_data/raw/emberiza_schoeniclus/XC1017980.mp3,10.0,13.0,-39.20293373290419,-40.0,species,Emberiza schoeniclus,Reed Bunting,0.7578335404396057,0.7578335404396057,species,1,rand_species,/Users/justyna-przy/Projects/ISE/FYP/src/bird_data/clips/species/emberiza_schoeniclus/XC1017980__s10000__e13000.wav,
emberiza_schoeniclus,1017980,Emberiza schoeniclus,/Users/justyna-przy/Projects/ISE/FYP/src/bird_data/raw/emberiza_schoeniclus/XC1017980.mp3,16.0,19.0,-36.74685274607758,-40.0,species,Emberiza schoeniclus,Reed Bunting,0.9952930808067322,0.9952930808067322,species,1,rand_species,/Users/justyna-przy/Projects/ISE/FYP/src/bird_data/clips/species/emberiza_schoeniclus/XC1017980__s16000__e19000.wav,
emberiza_schoeniclus,1009424,Emberiza schoeniclus,/Users/justyna-przy/Projects/ISE/FYP/src/bird_data/raw/emberiza_schoeniclus/XC1009424.mp3,4.0,7.0,-29.541864525780905,-30.65051994309575,drop,Leptocoma minima,Crimson-backed Sunbird,0.24007073044776917,0.24007073044776917,drop,0,,,
emberiza_schoeniclus,1009424,Emberiza schoeniclus,/Users/justyna-przy/Projects/ISE/FYP/src/bird_data/raw/emberiza_schoeniclus/XC1009424.mp3,7.0,10.0,-29.741898252909273,-30.65051994309575,non_bird,,,0.0,0.0,non_bird,1,nonbird_lowconf,/Users/justyna-przy/Projects/ISE/FYP/src/bird_data/clips/non_bird/emberiza_schoeniclus/XC1009424__s7000__e10000.wav,
emberiza_schoeniclus,1009424,Emberiza schoeniclus,/Users/justyna-przy/Projects/ISE/FYP/src/bird_data/raw/emberiza_schoeniclus/XC1009424.mp3,10.0,13.0,-30.22760535363615,-30.65051994309575,species,Emberiza schoeniclus,Reed Bunting,0.3999367356300354,0.3999367356300354,species,1,rand_species,/Users/justyna-przy/Projects/ISE/FYP/src/bird_data/clips/species/emberiza_schoeniclus/XC1009424__s10000__e13000.wav,
emberiza_schoeniclus,1009423,Emberiza schoeniclus,/Users/justyna-przy/Projects/ISE/FYP/src/bird_data/raw/emberiza_schoeniclus/XC1009423.mp3,1.0,4.0,-29.73798563225078,-32.516759465044906,species,Emberiza schoeniclus,Reed Bunting,0.9725135564804077,0.9725135564804077,species,1,rand_species,/Users/justyna-przy/Projects/ISE/FYP/src/bird_data/clips/species/emberiza_schoeniclus/XC1009423__s1000__e4000.wav,
emberiza_schoeniclus,1009423,Emberiza schoeniclus,/Users/justyna-przy/Projects/ISE/FYP/src/bird_data/raw/emberiza_schoeniclus/XC1009423.mp3,4.0,7.0,-28.150538509853117,-32.516759465044906,species,Emberiza schoeniclus,Reed Bunting,0.8749734163284302,0.8749734163284302,species,0,,,
emberiza_schoeniclus,1009423,Emberiza schoeniclus,/Users/justyna-przy/Projects/ISE/FYP/src/bird_data/raw/emberiza_schoeniclus/XC1009423.mp3,10.0,13.0,-28.61540427226348,-32.516759465044906,species,Emberiza schoeniclus,Reed Bunting,0.8773354887962341,0.8773354887962341,species,1,rand_species,/Users/justyna-przy/Projects/ISE/FYP/src/bird_data/clips/species/emberiza_schoeniclus/XC1009423__s10000__e13000.wav,
emberiza_schoeniclus,1009423,Emberiza schoeniclus,/Users/justyna-przy/Projects/ISE/FYP/src/bird_data/raw/emberiza_schoeniclus/XC1009423.mp3,16.0,19.0,-28.55710032417445,-32.516759465044906,species,Emberiza schoeniclus,Reed Bunting,0.8934352397918701,0.8934352397918701,species,0,,,
emberiza_schoeniclus,1009423,Emberiza schoeniclus,/Users/justyna-przy/Projects/ISE/FYP/src/bird_data/raw/emberiza_schoeniclus/XC1009423.mp3,22.0,25.0,-29.404488911586547,-32.516759465044906,species,Emberiza schoeniclus,Reed Bunting,0.9513658285140991,0.9513658285140991,species,1,rand_species,/Users/justyna-przy/Projects/ISE/FYP/src/bird_data/clips/species/emberiza_schoeniclus/XC1009423__s22000__e25000.wav,
emberiza_schoeniclus,1009423,Emberiza schoeniclus,/Users/justyna-przy/Projects/ISE/FYP/src/bird_data/raw/emberiza_schoeniclus/XC1009423.mp3,25.0,28.0,-31.59071495389631,-32.516759465044906,drop,Emberiza schoeniclus,Reed Bunting,0.21106164157390594,0.21106164157390594,drop,0,,,
emberiza_schoeniclus,1007138,Emberiza schoeniclus,/Users/justyna-przy/Projects/ISE/FYP/src/bird_data/raw/emberiza_schoeniclus/XC1007138.mp3,1.0,4.0,-38.130558126956736,-40.0,drop,Certhia brachydactyla,Short-toed Treecreeper,0.9871362447738647,0.9871362447738647,drop,0,,,
emberiza_schoeniclus,1003770,Emberiza schoeniclus,/Users/justyna-przy/Projects/ISE/FYP/src/bird_data/raw/emberiza_schoeniclus/XC1003770.mp3,4.0,7.0,-38.128495170979456,-39.390132305876485,species,Emberiza schoeniclus,Reed Bunting,0.9167911410331726,0.9167911410331726,species,1,rand_species,/Users/justyna-przy/Projects/ISE/FYP/src/bird_data/clips/species/emberiza_schoeniclus/XC1003770__s4000__e7000.wav,
emberiza_schoeniclus,1003770,Emberiza schoeniclus,/Users/justyna-przy/Projects/ISE/FYP/src/bird_data/raw/emberiza_schoeniclus/XC1003770.mp3,7.0,10.0,-36.71250935116317,-39.390132305876485,species,Emberiza schoeniclus,Reed Bunting,0.9620104432106018,0.9620104432106018,species,1,rand_species,/Users/justyna-przy/Projects/ISE/FYP/src/bird_data/clips/species/emberiza_schoeniclus/XC1003770__s7000__e10000.wav,
emberiza_schoeniclus,1003610,Emberiza schoeniclus,/Users/justyna-przy/Projects/ISE/FYP/src/bird_data/raw/emberiza_schoeniclus/XC1003610.mp3,4.0,7.0,-27.95074868896467,-38.73606846660446,drop,Parus major,Great Tit,0.6176935434341431,0.6176935434341431,drop,0,,,
emberiza_schoeniclus,1003610,Emberiza schoeniclus,/Users/justyna-przy/Projects/ISE/FYP/src/bird_data/raw/emberiza_schoeniclus/XC1003610.mp3,7.0,10.0,-35.46117476804912,-38.73606846660446,drop,Parus major,Great Tit,0.583428680896759,0.583428680896759,drop,0,,,
emberiza_schoeniclus,1003610,Emberiza schoeniclus,/Users/justyna-przy/Projects/ISE/FYP/src/bird_data/raw/emberiza_schoeniclus/XC1003610.mp3,10.0,13.0,-37.43648178215147,-38.73606846660446,drop,Catharus bicknelli,Bicknell's Thrush,0.30901217460632324,0.30901217460632324,drop,0,,,
emberiza_schoeniclus,1003610,Emberiza schoeniclus,/Users/justyna-przy/Projects/ISE/FYP/src/bird_data/raw/emberiza_schoeniclus/XC1003610.mp3,16.0,19.0,-36.06629818554815,-38.73606846660446,drop,Parus major,Great Tit,0.4210749566555023,0.4210749566555023,drop,0,,,
emberiza_schoeniclus,1003610,Emberiza schoeniclus,/Users/justyna-przy/Projects/ISE/FYP/src/bird_data/raw/emberiza_schoeniclus/XC1003610.mp3,19.0,22.0,-37.54777558819573,-38.73606846660446,non_bird,,,0.0,0.0,non_bird,1,nonbird_lowconf,/Users/justyna-przy/Projects/ISE/FYP/src/bird_data/clips/non_bird/emberiza_schoeniclus/XC1003610__s19000__e22000.wav,
emberiza_schoeniclus,1003610,Emberiza schoeniclus,/Users/justyna-przy/Projects/ISE/FYP/src/bird_data/raw/emberiza_schoeniclus/XC1003610.mp3,22.0,25.0,-27.803154693852484,-38.73606846660446,drop,Parus major,Great Tit,0.7405509948730469,0.7405509948730469,drop,0,,,
emberiza_schoeniclus,1003610,Emberiza schoeniclus,/Users/justyna-przy/Projects/ISE/FYP/src/bird_data/raw/emberiza_schoeniclus/XC1003610.mp3,25.0,28.0,-34.533721505797885,-38.73606846660446,drop,Turdus pilaris,Fieldfare,0.699612557888031,0.699612557888031,drop,0,,,
emberiza_schoeniclus,1003365,Emberiza schoeniclus,/Users/justyna-przy/Projects/ISE/FYP/src/bird_data/raw/emberiza_schoeniclus/XC1003365.mp3,1.0,4.0,-31.888185077047403,-33.110319209435175,species,Emberiza schoeniclus,Reed Bunting,0.9905509948730469,0.9905509948730469,species,0,,,
emberiza_schoeniclus,1003365,Emberiza schoeniclus,/Users/justyna-przy/Projects/ISE/FYP/src/bird_data/raw/emberiza_schoeniclus/XC1003365.mp3,7.0,10.0,-28.230006030421166,-33.110319209435175,species,Emberiza schoeniclus,Reed Bunting,0.994929313659668,0.994929313659668,species,0,,,
emberiza_schoeniclus,1003365,Emberiza schoeniclus,/Users/justyna-przy/Projects/ISE/FYP/src/bird_data/raw/emberiza_schoeniclus/XC1003365.mp3,13.0,16.0,-18.25948010980269,-33.110319209435175,species,Emberiza schoeniclus,Reed Bunting,0.8157194256782532,0.8157194256782532,species,1,rand_species,/Users/justyna-przy/Projects/ISE/FYP/src/bird_data/clips/species/emberiza_schoeniclus/XC1003365__s13000__e16000.wav,
emberiza_schoeniclus,1003365,Emberiza schoeniclus,/Users/justyna-przy/Projects/ISE/FYP/src/bird_data/raw/emberiza_schoeniclus/XC1003365.mp3,16.0,19.0,-21.295252879442366,-33.110319209435175,species,Emberiza schoeniclus,Reed Bunting,0.5460067391395569,0.5460067391395569,species,1,rand_species,/Users/justyna-przy/Projects/ISE/FYP/src/bird_data/clips/species/emberiza_schoeniclus/XC1003365__s16000__e19000.wav,
emberiza_schoeniclus,1003365,Emberiza schoeniclus,/Users/justyna-przy/Projects/ISE/FYP/src/bird_data/raw/emberiza_schoeniclus/XC1003365.mp3,19.0,22.0,-25.94155403614503,-33.110319209435175,species,Emberiza schoeniclus,Reed Bunting,0.9893831610679626,0.9893831610679626,species,0,,,
emberiza_schoeniclus,1003365,Emberiza schoeniclus,/Users/justyna-przy/Projects/ISE/FYP/src/bird_data/raw/emberiza_schoeniclus/XC1003365.mp3,22.0,25.0,-33.01714330443452,-33.110319209435175,drop,Emberiza cirlus,Cirl Bunting,0.3652339279651642,0.3652339279651642,drop,0,,,
emberiza_schoeniclus,1003365,Emberiza schoeniclus,/Users/justyna-przy/Projects/ISE/FYP/src/bird_data/raw/emberiza_schoeniclus/XC1003365.mp3,25.0,28.0,-25.19093441258085,-33.110319209435175,species,Emberiza schoeniclus,Reed Bunting,0.9826520681381226,0.9826520681381226,species,0,,,
emberiza_schoeniclus,1003365,Emberiza schoeniclus,/Users/justyna-przy/Projects/ISE/FYP/src/bird_data/raw/emberiza_schoeniclus/XC1003365.mp3,28.0,31.0,-28.494658176924027,-33.110319209435175,drop,Emberiza cirlus,Cirl Bunting,0.45072296261787415,0.45072296261787415,drop,0,,,
emberiza_schoeniclus,1003365,Emberiza schoeniclus,/Users/justyna-przy/Projects/ISE/FYP/src/bird_data/raw/emberiza_schoeniclus/XC1003365.mp3,37.0,40.0,-28.760718743682318,-33.110319209435175,species,Emberiza schoeniclus,Reed Bunting,0.9935593605041504,0.9935593605041504,species,1,rand_species,/Users/justyna-przy/Projects/ISE/FYP/src/bird_data/clips/species/emberiza_schoeniclus/XC1003365__s37000__e40000.wav,
emberiza_schoeniclus,1000811,Emberiza schoeniclus,/Users/justyna-przy/Projects/ISE/FYP/src/bird_data/raw/emberiza_schoeniclus/XC1000811.mp3,1.0,4.0,-27.609871342576852,-40.0,species,Emberiza schoeniclus,Reed Bunting,0.9968587160110474,0.9968587160110474,species,1,rand_species,/Users/justyna-przy/Projects/ISE/FYP/src/bird_data/clips/species/emberiza_schoeniclus/XC1000811__s1000__e4000.wav,
emberiza_schoeniclus,1000811,Emberiza schoeniclus,/Users/justyna-przy/Projects/ISE/FYP/src/bird_data/raw/emberiza_schoeniclus/XC1000811.mp3,10.0,13.0,-27.862897608764648,-40.0,species,Emberiza schoeniclus,Reed Bunting,0.9995216131210327,0.9995216131210327,species,0,,,
emberiza_schoeniclus,1000811,Emberiza schoeniclus,/Users/justyna-przy/Projects/ISE/FYP/src/bird_data/raw/emberiza_schoeniclus/XC1000811.mp3,19.0,22.0,-30.244632208448643,-40.0,species,Emberiza schoeniclus,Reed Bunting,0.9939818978309631,0.9939818978309631,species,1,rand_species,/Users/justyna-przy/Projects/ISE/FYP/src/bird_data/clips/species/emberiza_schoeniclus/XC1000811__s19000__e22000.wav,
emberiza_schoeniclus,1000811,Emberiza schoeniclus,/Users/justyna-przy/Projects/ISE/FYP/src/bird_data/raw/emberiza_schoeniclus/XC1000811.mp3,22.0,25.0,-30.212870243916036,-40.0,species,Emberiza schoeniclus,Reed Bunting,0.948971152305603,0.948971152305603,species,0,,,
emberiza_schoeniclus,1000811,Emberiza schoeniclus,/Users/justyna-przy/Projects/ISE/FYP/src/bird_data/raw/emberiza_schoeniclus/XC1000811.mp3,31.0,34.0,-27.053501039664706,-40.0,species,Emberiza schoeniclus,Reed Bunting,0.9979180693626404,0.9979180693626404,species,1,rand_species,/Users/justyna-przy/Projects/ISE/FYP/src/bird_data/clips/species/emberiza_schoeniclus/XC1000811__s31000__e34000.wav,
emberiza_schoeniclus,998126,Emberiza schoeniclus,/Users/justyna-przy/Projects/ISE/FYP/src/bird_data/raw/emberiza_schoeniclus/XC998126.mp3,4.0,7.0,-36.682980596713996,-38.56479401646277,species,Emberiza schoeniclus,Reed Bunting,0.9190019965171814,0.9190019965171814,species,1,rand_species,/Users/justyna-przy/Projects/ISE/FYP/src/bird_data/clips/species/emberiza_schoeniclus/XC998126__s4000__e7000.wav,
emberiza_schoeniclus,998126,Emberiza schoeniclus,/Users/justyna-przy/Projects/ISE/FYP/src/bird_data/raw/emberiza_schoeniclus/XC998126.mp3,10.0,13.0,-37.798827176815564,-38.56479401646277,species,Emberiza schoeniclus,Reed Bunting,0.3998904824256897,0.3998904824256897,species,1,rand_species,/Users/justyna-przy/Projects/ISE/FYP/src/bird_data/clips/species/emberiza_schoeniclus/XC998126__s10000__e13000.wav,
emberiza_schoeniclus,998126,Emberiza schoeniclus,/Users/justyna-przy/Projects/ISE/FYP/src/bird_data/raw/emberiza_schoeniclus/XC998126.mp3,13.0,16.0,-37.930267573993945,-38.56479401646277,drop,Acrocephalus melanopogon,Moustached Warbler,0.22817489504814148,0.22817489504814148,drop,0,,,
emberiza_schoeniclus,998126,Emberiza schoeniclus,/Users/justyna-przy/Projects/ISE/FYP/src/bird_data/raw/emberiza_schoeniclus/XC998126.mp3,16.0,19.0,-29.507103939297625,-38.56479401646277,drop,Corvus corone,Carrion Crow,0.6301932334899902,0.6301932334899902,drop,0,,,
emberiza_schoeniclus,997997,Emberiza schoeniclus,/Users/justyna-przy/Projects/ISE/FYP/src/bird_data/raw/emberiza_schoeniclus/XC997997.mp3,34.0,37.0,-43.36711723807467,-40.0,drop,Merops apiaster,European Bee-eater,0.19760894775390625,0.19760894775390625,drop,0,,,
emberiza_schoeniclus,997996,Emberiza schoeniclus,/Users/justyna-przy/Projects/ISE/FYP/src/bird_data/raw/emberiza_schoeniclus/XC997996.mp3,4.0,7.0,-38.16296372687764,-38.607572433652315,species,Emberiza schoeniclus,Reed Bunting,0.9888628721237183,0.9888628721237183,species,1,rand_species,/Users/justyna-przy/Projects/ISE/FYP/src/bird_data/clips/species/emberiza_schoeniclus/XC997996__s4000__e7000.wav,
emberiza_schoeniclus,997996,Emberiza schoeniclus,/Users/justyna-przy/Projects/ISE/FYP/src/bird_data/raw/emberiza_schoeniclus/XC997996.mp3,7.0,10.0,-37.072144925086086,-38.607572433652315,species,Emberiza schoeniclus,Reed Bunting,0.9902265071868896,0.9902265071868896,species,0,,,
emberiza_schoeniclus,997996,Emberiza schoeniclus,/Users/justyna-przy/Projects/ISE/FYP/src/bird_data/raw/emberiza_schoeniclus/XC997996.mp3,10.0,13.0,-37.9159017445371,-38.607572433652315,species,Emberiza schoeniclus,Reed Bunting,0.9621453881263733,0.9621453881263733,species,0,,,
emberiza_schoeniclus,997996,Emberiza schoeniclus,/Users/justyna-przy/Projects/ISE/FYP/src/bird_data/raw/emberiza_schoeniclus/XC997996.mp3,13.0,16.0,-38.2995341730376,-38.607572433652315,species,Emberiza schoeniclus,Reed Bunting,0.8323338031768799,0.8323338031768799,species,0,,,
emberiza_schoeniclus,997996,Emberiza schoeniclus,/Users/justyna-przy/Projects/ISE/FYP/src/bird_data/raw/emberiza_schoeniclus/XC997996.mp3,19.0,22.0,-37.42339747240338,-38.607572433652315,species,Emberiza schoeniclus,Reed Bunting,0.9996305704116821,0.9996305704116821,species,1,rand_species,/Users/justyna-przy/Projects/ISE/FYP/src/bird_data/clips/species/emberiza_schoeniclus/XC997996__s19000__e22000.wav,
emberiza_schoeniclus,997996,Emberiza schoeniclus,/Users/justyna-przy/Projects/ISE/FYP/src/bird_data/raw/emberiza_schoeniclus/XC997996.mp3,28.0,31.0,-38.262944695988836,-38.607572433652315,species,Emberiza schoeniclus,Reed Bunting,0.9610692262649536,0.9610692262649536,species,0,,,
emberiza_schoeniclus,997996,Emberiza schoeniclus,/Users/justyna-przy/Projects/ISE/FYP/src/bird_data/raw/emberiza_schoeniclus/XC997996.mp3,34.0,37.0,-38.31725071096959,-38.607572433652315,species,Emberiza schoeniclus,Reed Bunting,0.9934856295585632,0.9934856295585632,species,0,,,
emberiza_schoeniclus,997996,Emberiza schoeniclus,/Users/justyna-przy/Projects/ISE/FYP/src/bird_data/raw/emberiza_schoeniclus/XC997996.mp3,37.0,40.0,-37.73271070174718,-38.607572433652315,species,Emberiza schoeniclus,Reed Bunting,0.9985322952270508,0.9985322952270508,species,0,,,
emberiza_schoeniclus,997996,Emberiza schoeniclus,/Users/justyna-przy/Projects/ISE/FYP/src/bird_data/raw/emberiza_schoeniclus/XC997996.mp3,40.0,43.0,-38.410601044082625,-38.607572433652315,species,Emberiza schoeniclus,Reed Bunting,0.9882578253746033,0.9882578253746033,species,1,rand_species,/Users/justyna-przy/Projects/ISE/FYP/src/bird_data/clips/species/emberiza_schoeniclus/XC997996__s40000__e43000.wav,
emberiza_schoeniclus,997996,Emberiza schoeniclus,/Users/justyna-przy/Projects/ISE/FYP/src/bird_data/raw/emberiza_schoeniclus/XC997996.mp3,43.0,46.0,-36.55971221645234,-38.607572433652315,species,Emberiza schoeniclus,Reed Bunting,0.9877651929855347,0.9877651929855347,species,0,,,
emberiza_schoeniclus,997996,Emberiza schoeniclus,/Users/justyna-przy/Projects/ISE/FYP/src/bird_data/raw/emberiza_schoeniclus/XC997996.mp3,46.0,49.0,-37.8015644055715,-38.607572433652315,species,Emberiza schoeniclus,Reed Bunting,0.8818796873092651,0.8818796873092651,species,0,,,
emberiza_schoeniclus,997995,Emberiza schoeniclus,/Users/justyna-przy/Projects/ISE/FYP/src/bird_data/raw/emberiza_schoeniclus/XC997995.mp3,22.0,25.0,-39.580483205090204,-40.0,drop,Emberiza schoeniclus,Reed Bunting,0.2459108680486679,0.2459108680486679,drop,0,,,
emberiza_schoeniclus,997993,Emberiza schoeniclus,/Users/justyna-przy/Projects/ISE/FYP/src/bird_data/raw/emberiza_schoeniclus/XC997993.mp3,16.0,19.0,-43.33638155285864,-40.0,species,Emberiza schoeniclus,Reed Bunting,0.9903925657272339,0.9903925657272339,species,1,rand_species,/Users/justyna-przy/Projects/ISE/FYP/src/bird_data/clips/species/emberiza_schoeniclus/XC997993__s16000__e19000.wav,
emberiza_schoeniclus,997992,Emberiza schoeniclus,/Users/justyna-przy/Projects/ISE/FYP/src/bird_data/raw/emberiza_schoeniclus/XC997992.mp3,1.0,4.0,-29.589075488496594,-33.77232962764643,drop,Emberiza schoeniclus,Reed Bunting,0.24939772486686707,0.24939772486686707,drop,0,,,
emberiza_schoeniclus,997992,Emberiza schoeniclus,/Users/justyna-przy/Projects/ISE/FYP/src/bird_data/raw/emberiza_schoeniclus/XC997992.mp3,4.0,7.0,-30.950925095132106,-33.77232962764643,species,Emberiza schoeniclus,Reed Bunting,0.521462082862854,0.521462082862854,species,1,rand_species,/Users/justyna-przy/Projects/ISE/FYP/src/bird_data/clips/species/emberiza_schoeniclus/XC997992__s4000__e7000.wav,
emberiza_schoeniclus,997992,Emberiza schoeniclus,/Users/justyna-przy/Projects/ISE/FYP/src/bird_data/raw/emberiza_schoeniclus/XC997992.mp3,7.0,10.0,-30.463626945252326,-33.77232962764643,species,Emberiza schoeniclus,Reed Bunting,0.5236729979515076,0.5236729979515076,species,1,rand_species,/Users/justyna-przy/Projects/ISE/FYP/src/bird_data/clips/species/emberiza_schoeniclus/XC997992__s7000__e10000.wav,
emberiza_schoeniclus,997992,Emberiza schoeniclus,/Users/justyna-przy/Projects/ISE/FYP/src/bird_data/raw/emberiza_schoeniclus/XC997992.mp3,10.0,13.0,-27.583297682205945,-33.77232962764643,species,Emberiza schoeniclus,Reed Bunting,0.3482533395290375,0.3482533395290375,species,0,,,
emberiza_schoeniclus,997992,Emberiza schoeniclus,/Users/justyna-przy/Projects/ISE/FYP/src/bird_data/raw/emberiza_schoeniclus/XC997992.mp3,13.0,16.0,-29.556443466154132,-33.77232962764643,species,Emberiza schoeniclus,Reed Bunting,0.7364698648452759,0.7364698648452759,species,1,rand_species,/Users/justyna-przy/Projects/ISE/FYP/src/bird_data/clips/species/emberiza_schoeniclus/XC997992__s13000__e16000.wav,
emberiza_schoeniclus,997992,Emberiza schoeniclus,/Users/justyna-przy/Projects/ISE/FYP/src/bird_data/raw/emberiza_schoeniclus/XC997992.mp3,22.0,25.0,-31.557914203171062,-33.77232962764643,drop,Alaudala cheleensis,Asian Short-toed Lark,0.21287590265274048,0.21287590265274048,drop,0,,,
emberiza_schoeniclus,997992,Emberiza schoeniclus,/Users/justyna-przy/Projects/ISE/FYP/src/bird_data/raw/emberiza_schoeniclus/XC997992.mp3,25.0,28.0,-30.93822874503191,-33.77232962764643,drop,Emberiza schoeniclus,Reed Bunting,0.2415216714143753,0.2415216714143753,drop,0,,,
emberiza_schoeniclus,997992,Emberiza schoeniclus,/Users/justyna-przy/Projects/ISE/FYP/src/bird_data/raw/emberiza_schoeniclus/XC997992.mp3,34.0,37.0,-31.584699816555958,-33.77232962764643,species,Emberiza schoeniclus,Reed Bunting,0.7439226508140564,0.7439226508140564,species,0,,,
emberiza_schoeniclus,997992,Emberiza schoeniclus,/Users/justyna-przy/Projects/ISE/FYP/src/bird_data/raw/emberiza_schoeniclus/XC997992.mp3,37.0,40.0,-30.46055408588588,-33.77232962764643,drop,Emberiza schoeniclus,Reed Bunting,0.2956559658050537,0.2956559658050537,drop,0,,,
emberiza_schoeniclus,997992,Emberiza schoeniclus,/Users/justyna-przy/Projects/ISE/FYP/src/bird_data/raw/emberiza_schoeniclus/XC997992.mp3,40.0,43.0,-29.29841674679274,-33.77232962764643,species,Emberiza schoeniclus,Reed Bunting,0.6235880851745605,0.6235880851745605,species,0,,,
emberiza_schoeniclus,997992,Emberiza schoeniclus,/Users/justyna-przy/Projects/ISE/FYP/src/bird_data/raw/emberiza_schoeniclus/XC997992.mp3,46.0,49.0,-26.847250371443565,-33.77232962764643,species,Emberiza schoeniclus,Reed Bunting,0.5555369257926941,0.5555369257926941,species,0,,,
emberiza_schoeniclus,997992,Emberiza schoeniclus,/Users/justyna-przy/Projects/ISE/FYP/src/bird_data/raw/emberiza_schoeniclus/XC997992.mp3,52.0,55.0,-27.8357534314947,-33.77232962764643,drop,Tachycineta bicolor,Tree Swallow,0.15209729969501495,0.15209729969501495,drop,0,,,
emberiza_schoeniclus,997991,Emberiza schoeniclus,/Users/justyna-przy/Projects/ISE/FYP/src/bird_data/raw/emberiza_schoeniclus/XC997991.mp3,1.0,4.0,-38.963175059405934,-40.0,species,Emberiza schoeniclus,Reed Bunting,0.975159764289856,0.975159764289856,species,1,rand_species,/Users/justyna-przy/Projects/ISE/FYP/src/bird_data/clips/species/emberiza_schoeniclus/XC997991__s1000__e4000.wav,
emberiza_schoeniclus,997991,Emberiza schoeniclus,/Users/justyna-przy/Projects/ISE/FYP/src/bird_data/raw/emberiza_schoeniclus/XC997991.mp3,4.0,7.0,-39.282153756543366,-40.0,drop,Tachycineta bicolor,Tree Swallow,0.7563372254371643,0.7563372254371643,drop,0,,,
emberiza_schoeniclus,997990,Emberiza schoeniclus,/Users/justyna-przy/Projects/ISE/FYP/src/bird_data/raw/emberiza_schoeniclus/XC997990.mp3,4.0,7.0,-36.845224687463876,-37.855082517903604,drop,Emberiza schoeniclus,Reed Bunting,0.1620585024356842,0.1620585024356842,drop,0,,,
emberiza_schoeniclus,997990,Emberiza schoeniclus,/Users/justyna-przy/Projects/ISE/FYP/src/bird_data/raw/emberiza_schoeniclus/XC997990.mp3,13.0,16.0,-37.712012072251625,-37.855082517903604,drop,Emberiza calandra,Corn Bunting,0.2459356188774109,0.2459356188774109,drop,0,,,
emberiza_schoeniclus,997990,Emberiza schoeniclus,/Users/justyna-przy/Projects/ISE/FYP/src/bird_data/raw/emberiza_schoeniclus/XC997990.mp3,16.0,19.0,-37.56107807468201,-37.855082517903604,species,Emberiza schoeniclus,Reed Bunting,0.6622406840324402,0.6622406840324402,species,0,,,
emberiza_schoeniclus,997990,Emberiza schoeniclus,/Users/justyna-przy/Projects/ISE/FYP/src/bird_data/raw/emberiza_schoeniclus/XC997990.mp3,22.0,25.0,-37.31557919037924,-37.855082517903604,species,Emberiza schoeniclus,Reed Bunting,0.8703300356864929,0.8703300356864929,species,1,rand_species,/Users/justyna-przy/Projects/ISE/FYP/src/bird_data/clips/species/emberiza_schoeniclus/XC997990__s22000__e25000.wav,
emberiza_schoeniclus,997990,Emberiza schoeniclus,/Users/justyna-przy/Projects/ISE/FYP/src/bird_data/raw/emberiza_schoeniclus/XC997990.mp3,25.0,28.0,-36.21710349987299,-37.855082517903604,drop,Anthus rubescens,American Pipit,0.22713686525821686,0.22713686525821686,drop,0,,,
emberiza_schoeniclus,997990,Emberiza schoeniclus,/Users/justyna-przy/Projects/ISE/FYP/src/bird_data/raw/emberiza_schoeniclus/XC997990.mp3,31.0,34.0,-37.83722836032275,-37.855082517903604,species,Emberiza schoeniclus,Reed Bunting,0.9585331082344055,0.9585331082344055,species,0,,,
emberiza_schoeniclus,997990,Emberiza schoeniclus,/Users/justyna-przy/Projects/ISE/FYP/src/bird_data/raw/emberiza_schoeniclus/XC997990.mp3,34.0,37.0,-35.12971812332011,-37.855082517903604,drop,Emberiza calandra,Corn Bunting,0.46330973505973816,0.46330973505973816,drop,0,,,
emberiza_schoeniclus,997990,Emberiza schoeniclus,/Users/justyna-przy/Projects/ISE/FYP/src/bird_data/raw/emberiza_schoeniclus/XC997990.mp3,37.0,40.0,-34.93383640474092,-37.855082517903604,species,Emberiza schoeniclus,Reed Bunting,0.7666225433349609,0.7666225433349609,species,1,rand_species,/Users/justyna-przy/Projects/ISE/FYP/src/bird_data/clips/species/emberiza_schoeniclus/XC997990__s37000__e40000.wav,
emberiza_schoeniclus,997990,Emberiza schoeniclus,/Users/justyna-przy/Projects/ISE/FYP/src/bird_data/raw/emberiza_schoeniclus/XC997990.mp3,40.0,43.0,-35.691268279044436,-37.855082517903604,species,Emberiza schoeniclus,Reed Bunting,0.8408946990966797,0.8408946990966797,species,1,rand_species,/Users/justyna-przy/Projects/ISE/FYP/src/bird_data/clips/species/emberiza_schoeniclus/XC997990__s40000__e43000.wav,
emberiza_schoeniclus,997990,Emberiza schoeniclus,/Users/justyna-przy/Projects/ISE/FYP/src/bird_data/raw/emberiza_schoeniclus/XC997990.mp3,43.0,46.0,-35.51304235432643,-37.855082517903604,species,Emberiza schoeniclus,Reed Bunting,0.8390625715255737,0.8390625715255737,species,0,,,
emberiza_schoeniclus,996395,Emberiza schoeniclus,/Users/justyna-przy/Projects/ISE/FYP/src/bird_data/raw/emberiza_schoeniclus/XC996395.mp3,4.0,7.0,-27.95074868896467,-38.73606846660446,drop,Parus major,Great Tit,0.6176935434341431,0.6176935434341431,drop,0,,,
emberiza_schoeniclus,996395,Emberiza schoeniclus,/Users/justyna-przy/Projects/ISE/FYP/src/bird_data/raw/emberiza_schoeniclus/XC996395.mp3,7.0,10.0,-35.46117476804912,-38.73606846660446,drop,Parus major,Great Tit,0.583428680896759,0.583428680896759,drop,0,,,
emberiza_schoeniclus,996395,Emberiza schoeniclus,/Users/justyna-przy/Projects/ISE/FYP/src/bird_data/raw/emberiza_schoeniclus/XC996395.mp3,10.0,13.0,-37.43648178215147,-38.73606846660446,drop,Catharus bicknelli,Bicknell's Thrush,0.30901217460632324,0.30901217460632324,drop,0,,,
emberiza_schoeniclus,996395,Emberiza schoeniclus,/Users/justyna-przy/Projects/ISE/FYP/src/bird_data/raw/emberiza_schoeniclus/XC996395.mp3,16.0,19.0,-36.06629818554815,-38.73606846660446,drop,Parus major,Great Tit,0.4210749566555023,0.4210749566555023,drop,0,,,
emberiza_schoeniclus,996395,Emberiza schoeniclus,/Users/justyna-przy/Projects/ISE/FYP/src/bird_data/raw/emberiza_schoeniclus/XC996395.mp3,19.0,22.0,-37.54777558819573,-38.73606846660446,non_bird,,,0.0,0.0,non_bird,1,nonbird_lowconf,/Users/justyna-przy/Projects/ISE/FYP/src/bird_data/clips/non_bird/emberiza_schoeniclus/XC996395__s19000__e22000.wav,
emberiza_schoeniclus,996395,Emberiza schoeniclus,/Users/justyna-przy/Projects/ISE/FYP/src/bird_data/raw/emberiza_schoeniclus/XC996395.mp3,22.0,25.0,-27.803154693852484,-38.73606846660446,drop,Parus major,Great Tit,0.7405509948730469,0.7405509948730469,drop,0,,,
emberiza_schoeniclus,996395,Emberiza schoeniclus,/Users/justyna-przy/Projects/ISE/FYP/src/bird_data/raw/emberiza_schoeniclus/XC996395.mp3,25.0,28.0,-34.533721505797885,-38.73606846660446,drop,Turdus pilaris,Fieldfare,0.699612557888031,0.699612557888031,drop,0,,,
emberiza_schoeniclus,991104,Emberiza schoeniclus,/Users/justyna-przy/Projects/ISE/FYP/src/bird_data/raw/emberiza_schoeniclus/XC991104.mp3,1.0,4.0,-30.540143444304654,-40.0,species,Emberiza schoeniclus,Reed Bunting,0.9980328679084778,0.9980328679084778,species,1,rand_species,/Users/justyna-przy/Projects/ISE/FYP/src/bird_data/clips/species/emberiza_schoeniclus/XC991104__s1000__e4000.wav,
emberiza_schoeniclus,991104,Emberiza schoeniclus,/Users/justyna-przy/Projects/ISE/FYP/src/bird_data/raw/emberiza_schoeniclus/XC991104.mp3,13.0,16.0,-31.181595093630435,-40.0,species,Emberiza schoeniclus,Reed Bunting,0.9992069602012634,0.9992069602012634,species,0,,,
emberiza_schoeniclus,991104,Emberiza schoeniclus,/Users/justyna-przy/Projects/ISE/FYP/src/bird_data/raw/emberiza_schoeniclus/XC991104.mp3,22.0,25.0,-26.232222369322876,-40.0,species,Emberiza schoeniclus,Reed Bunting,0.9993384480476379,0.9993384480476379,species,1,rand_species,/Users/justyna-przy/Projects/ISE/FYP/src/bird_data/clips/species/emberiza_schoeniclus/XC991104__s22000__e25000.wav,
emberiza_schoeniclus,991104,Emberiza schoeniclus,/Users/justyna-przy/Projects/ISE/FYP/src/bird_data/raw/emberiza_schoeniclus/XC991104.mp3,31.0,34.0,-26.915961960610236,-40.0,species,Emberiza schoeniclus,Reed Bunting,0.9988941550254822,0.9988941550254822,species,1,rand_species,/Users/justyna-przy/Projects/ISE/FYP/src/bird_data/clips/species/emberiza_schoeniclus/XC991104__s31000__e34000.wav,
emberiza_schoeniclus,990314,Emberiza schoeniclus,/Users/justyna-przy/Projects/ISE/FYP/src/bird_data/raw/emberiza_schoeniclus/XC990314.mp3,4.0,7.0,-39.85260362520513,-40.0,species,Emberiza schoeniclus,Reed Bunting,0.9167132377624512,0.9167132377624512,species,1,rand_species,/Users/justyna-przy/Projects/ISE/FYP/src/bird_data/clips/species/emberiza_schoeniclus/XC990314__s4000__e7000.wav,
emberiza_schoeniclus,990314,Emberiza schoeniclus,/Users/justyna-przy/Projects/ISE/FYP/src/bird_data/raw/emberiza_schoeniclus/XC990314.mp3,10.0,13.0,-38.554994399526606,-40.0,species,Emberiza schoeniclus,Reed Bunting,0.9451484084129333,0.9451484084129333,species,1,rand_species,/Users/justyna-przy/Projects/ISE/FYP/src/bird_data/clips/species/emberiza_schoeniclus/XC990314__s10000__e13000.wav,
emberiza_schoeniclus,986818,Emberiza schoeniclus,/Users/justyna-przy/Projects/ISE/FYP/src/bird_data/raw/emberiza_schoeniclus/XC986818.mp3,22.0,25.0,-50.81370392314645,-40.0,species,Emberiza schoeniclus,Reed Bunting,0.9888145327568054,0.9888145327568054,species,1,rand_species,/Users/justyna-przy/Projects/ISE/FYP/src/bird_data/clips/species/emberiza_schoeniclus/XC986818__s22000__e25000.wav,
emberiza_schoeniclus,985817,Emberiza schoeniclus,/Users/justyna-przy/Projects/ISE/FYP/src/bird_data/raw/emberiza_schoeniclus/XC985817.mp3,7.0,10.0,-50.24127801381375,-40.0,drop,Anser anser,Graylag Goose,0.26171621680259705,0.26171621680259705,drop,0,,,
emberiza_schoeniclus,983238,Emberiza schoeniclus,/Users/justyna-przy/Projects/ISE/FYP/src/bird_data/raw/emberiza_schoeniclus/XC983238.mp3,1.0,4.0,-34.11276575141782,-36.45352285028901,non_bird,,,0.0,0.0,non_bird,1,nonbird_lowconf,/Users/justyna-przy/Projects/ISE/FYP/src/bird_data/clips/non_bird/emberiza_schoeniclus/XC983238__s1000__e4000.wav,
emberiza_schoeniclus,983238,Emberiza schoeniclus,/Users/justyna-przy/Projects/ISE/FYP/src/bird_data/raw/emberiza_schoeniclus/XC983238.mp3,4.0,7.0,-36.227052851504574,-36.45352285028901,species,Emberiza schoeniclus,Reed Bunting,0.9592141509056091,0.9592141509056091,species,1,rand_species,/Users/justyna-przy/Projects/ISE/FYP/src/bird_data/clips/species/emberiza_schoeniclus/XC983238__s4000__e7000.wav,
emberiza_schoeniclus,983238,Emberiza schoeniclus,/Users/justyna-przy/Projects/ISE/FYP/src/bird_data/raw/emberiza_schoeniclus/XC983238.mp3,7.0,10.0,-34.81201057180721,-36.45352285028901,non_bird,,,0.0,0.0,non_bird,1,nonbird_lowconf,/Users/justyna-przy/Projects/ISE/FYP/src/bird_data/clips/non_bird/emberiza_schoeniclus/XC983238__s7000__e10000.wav,
emberiza_schoeniclus,982358,Emberiza schoeniclus,/Users/justyna-przy/Projects/ISE/FYP/src/bird_data/raw/emberiza_schoeniclus/XC982358.mp3,1.0,4.0,-17.25888768473893,-19.767082573979796,non_bird,,,0.0,0.0,non_bird,1,nonbird_lowconf,/Users/justyna-przy/Projects/ISE/FYP/src/bird_data/clips/non_bird/emberiza_schoeniclus/XC982358__s1000__e4000.wav,
emberiza_schoeniclus,982358,Emberiza schoeniclus,/Users/justyna-przy/Projects/ISE/FYP/src/bird_data/raw/emberiza_schoeniclus/XC982358.mp3,4.0,7.0,-17.98151435458049,-19.767082573979796,drop,Erithacus rubecula,European Robin,0.276856929063797,0.276856929063797,drop,0,,,
emberiza_schoeniclus,982358,Emberiza schoeniclus,/Users/justyna-przy/Projects/ISE/FYP/src/bird_data/raw/emberiza_schoeniclus/XC982358.mp3,7.0,10.0,-19.009517779156308,-19.767082573979796,non_bird,,,0.0,0.0,non_bird,1,nonbird_lowconf,/Users/justyna-przy/Projects/ISE/FYP/src/bird_data/clips/non_bird/emberiza_schoeniclus/XC982358__s7000__e10000.wav,
emberiza_schoeniclus,982213,Emberiza schoeniclus,/Users/justyna-przy/Projects/ISE/FYP/src/bird_data/raw/emberiza_schoeniclus/XC982213.mp3,4.0,7.0,-36.57065673853023,-40.0,species,Emberiza schoeniclus,Reed Bunting,0.9935803413391113,0.9935803413391113,species,1,rand_species,/Users/justyna-przy/Projects/ISE/FYP/src/bird_data/clips/species/emberiza_schoeniclus/XC982213__s4000__e7000.wav,
emberiza_schoeniclus,982213,Emberiza schoeniclus,/Users/justyna-przy/Projects/ISE/FYP/src/bird_data/raw/emberiza_schoeniclus/XC982213.mp3,13.0,16.0,-27.263485667276136,-40.0,species,Emberiza schoeniclus,Reed Bunting,0.9964054822921753,0.9964054822921753,species,1,rand_species,/Users/justyna-przy/Projects/ISE/FYP/src/bird_data/clips/species/emberiza_schoeniclus/XC982213__s13000__e16000.wav,
emberiza_schoeniclus,982213,Emberiza schoeniclus,/Users/justyna-przy/Projects/ISE/FYP/src/bird_data/raw/emberiza_schoeniclus/XC982213.mp3,25.0,28.0,-34.195240587830895,-40.0,species,Emberiza schoeniclus,Reed Bunting,0.9984397292137146,0.9984397292137146,species,1,rand_species,/Users/justyna-przy/Projects/ISE/FYP/src/bird_data/clips/species/emberiza_schoeniclus/XC982213__s25000__e28000.wav,
emberiza_schoeniclus,982213,Emberiza schoeniclus,/Users/justyna-przy/Projects/ISE/FYP/src/bird_data/raw/emberiza_schoeniclus/XC982213.mp3,34.0,37.0,-33.03387102291629,-40.0,species,Emberiza schoeniclus,Reed Bunting,0.9835457801818848,0.9835457801818848,species,0,,,
emberiza_schoeniclus,980881,Emberiza schoeniclus,/Users/justyna-przy/Projects/ISE/FYP/src/bird_data/raw/emberiza_schoeniclus/XC980881.mp3,7.0,10.0,-41.910077136201416,-40.0,species,Emberiza schoeniclus,Reed Bunting,0.7153980731964111,0.7153980731964111,species,1,rand_species,/Users/justyna-przy/Projects/ISE/FYP/src/bird_data/clips/species/emberiza_schoeniclus/XC980881__s7000__e10000.wav,
emberiza_schoeniclus,980880,Emberiza schoeniclus,/Users/justyna-przy/Projects/ISE/FYP/src/bird_data/raw/emberiza_schoeniclus/XC980880.mp3,4.0,7.0,-39.26160233035447,-40.0,species,Emberiza schoeniclus,Reed Bunting,0.5486607551574707,0.5486607551574707,species,1,rand_species,/Users/justyna-przy/Projects/ISE/FYP/src/bird_data/clips/species/emberiza_schoeniclus/XC980880__s4000__e7000.wav,
emberiza_schoeniclus,980879,Emberiza schoeniclus,/Users/justyna-przy/Projects/ISE/FYP/src/bird_data/raw/emberiza_schoeniclus/XC980879.mp3,10.0,13.0,-21.650882181052488,-38.079049846428994,species,Emberiza schoeniclus,Reed Bunting,0.8620526194572449,0.8620526194572449,species,1,rand_species,/Users/justyna-przy/Projects/ISE/FYP/src/bird_data/clips/species/emberiza_schoeniclus/XC980879__s10000__e13000.wav,
emberiza_schoeniclus,980879,Emberiza schoeniclus,/Users/justyna-przy/Projects/ISE/FYP/src/bird_data/raw/emberiza_schoeniclus/XC980879.mp3,13.0,16.0,-21.428196595259124,-38.079049846428994,species,Emberiza schoeniclus,Reed Bunting,0.8631079792976379,0.8631079792976379,species,0,,,
emberiza_schoeniclus,980879,Emberiza schoeniclus,/Users/justyna-przy/Projects/ISE/FYP/src/bird_data/raw/emberiza_schoeniclus/XC980879.mp3,16.0,19.0,-35.00380090095279,-38.079049846428994,species,Emberiza schoeniclus,Reed Bunting,0.9911780953407288,0.9911780953407288,species,0,,,
emberiza_schoeniclus,980879,Emberiza schoeniclus,/Users/justyna-przy/Projects/ISE/FYP/src/bird_data/raw/emberiza_schoeniclus/XC980879.mp3,19.0,22.0,-16.239453146166078,-38.079049846428994,species,Emberiza schoeniclus,Reed Bunting,0.9947082996368408,0.9947082996368408,species,1,rand_species,/Users/justyna-przy/Projects/ISE/FYP/src/bird_data/clips/species/emberiza_schoeniclus/XC980879__s19000__e22000.wav,
emberiza_schoeniclus,980879,Emberiza schoeniclus,/Users/justyna-przy/Projects/ISE/FYP/src/bird_data/raw/emberiza_schoeniclus/XC980879.mp3,22.0,25.0,-17.518320535189893,-38.079049846428994,species,Emberiza schoeniclus,Reed Bunting,0.983646035194397,0.983646035194397,species,1,rand_species,/Users/justyna-przy/Projects/ISE/FYP/src/bird_data/clips/species/emberiza_schoeniclus/XC980879__s22000__e25000.wav,
emberiza_schoeniclus,980879,Emberiza schoeniclus,/Users/justyna-przy/Projects/ISE/FYP/src/bird_data/raw/emberiza_schoeniclus/XC980879.mp3,25.0,28.0,-21.717733112984146,-38.079049846428994,drop,Progne chalybea,Gray-breasted Martin,0.7623185515403748,0.7623185515403748,drop,0,,,
emberiza_schoeniclus,980878,Emberiza schoeniclus,/Users/justyna-przy/Projects/ISE/FYP/src/bird_data/raw/emberiza_schoeniclus/XC980878.mp3,1.0,4.0,-30.19007069760569,-32.48919041191094,drop,Emberiza schoeniclus,Reed Bunting,0.26736465096473694,0.26736465096473694,drop,0,,,
emberiza_schoeniclus,980878,Emberiza schoeniclus,/Users/justyna-przy/Projects/ISE/FYP/src/bird_data/raw/emberiza_schoeniclus/XC980878.mp3,4.0,7.0,-32.21852373604606,-32.48919041191094,species,Emberiza schoeniclus,Reed Bunting,0.5299886465072632,0.5299886465072632,species,1,rand_species,/Users/justyna-przy/Projects/ISE/FYP/src/bird_data/clips/species/emberiza_schoeniclus/XC980878__s4000__e7000.wav,
emberiza_schoeniclus,980878,Emberiza schoeniclus,/Users/justyna-przy/Projects/ISE/FYP/src/bird_data/raw/emberiza_schoeniclus/XC980878.mp3,7.0,10.0,-27.88150758604708,-32.48919041191094,species,Emberiza schoeniclus,Reed Bunting,0.8039177060127258,0.8039177060127258,species,1,rand_species,/Users/justyna-przy/Projects/ISE/FYP/src/bird_data/clips/species/emberiza_schoeniclus/XC980878__s7000__e10000.wav,
emberiza_schoeniclus,980878,Emberiza schoeniclus,/Users/justyna-przy/Projects/ISE/FYP/src/bird_data/raw/emberiza_schoeniclus/XC980878.mp3,10.0,13.0,-28.191853900442215,-32.48919041191094,drop,Emberiza schoeniclus,Reed Bunting,0.2152336686849594,0.2152336686849594,drop,0,,,
emberiza_schoeniclus,980878,Emberiza schoeniclus,/Users/justyna-przy/Projects/ISE/FYP/src/bird_data/raw/emberiza_schoeniclus/XC980878.mp3,13.0,16.0,-30.91704923493039,-32.48919041191094,drop,Emberiza schoeniclus,Reed Bunting,0.17643693089485168,0.17643693089485168,drop,0,,,
emberiza_schoeniclus,980878,Emberiza schoeniclus,/Users/justyna-przy/Projects/ISE/FYP/src/bird_data/raw/emberiza_schoeniclus/XC980878.mp3,22.0,25.0,-27.57819461559674,-32.48919041191094,drop,Corvus cornix,Hooded Crow,0.42315492033958435,0.42315492033958435,drop,0,,,
emberiza_schoeniclus,980874,Emberiza schoeniclus,/Users/justyna-przy/Projects/ISE/FYP/src/bird_data/raw/emberiza_schoeniclus/XC980874.mp3,1.0,4.0,-20.622445703417903,-23.816532084969523,species,Emberiza schoeniclus,Reed Bunting,0.9890732169151306,0.9890732169151306,species,1,rand_species,/Users/justyna-przy/Projects/ISE/FYP/src/bird_data/clips/species/emberiza_schoeniclus/XC980874__s1000__e4000.wav,
emberiza_schoeniclus,980874,Emberiza schoeniclus,/Users/justyna-przy/Projects/ISE/FYP/src/bird_data/raw/emberiza_schoeniclus/XC980874.mp3,7.0,10.0,-17.87839990189332,-23.816532084969523,species,Emberiza schoeniclus,Reed Bunting,0.9674788117408752,0.9674788117408752,species,0,,,
emberiza_schoeniclus,980874,Emberiza schoeniclus,/Users/justyna-przy/Projects/ISE/FYP/src/bird_data/raw/emberiza_schoeniclus/XC980874.mp3,10.0,13.0,-18.47917351253934,-23.816532084969523,species,Emberiza schoeniclus,Reed Bunting,0.996623158454895,0.996623158454895,species,1,rand_species,/Users/justyna-przy/Projects/ISE/FYP/src/bird_data/clips/species/emberiza_schoeniclus/XC980874__s10000__e13000.wav,
emberiza_schoeniclus,980874,Emberiza schoeniclus,/Users/justyna-przy/Projects/ISE/FYP/src/bird_data/raw/emberiza_schoeniclus/XC980874.mp3,13.0,16.0,-17.808760728531926,-23.816532084969523,species,Emberiza schoeniclus,Reed Bunting,0.9171029925346375,0.9171029925346375,species,1,rand_species,/Users/justyna-przy/Projects/ISE/FYP/src/bird_data/clips/species/emberiza_schoeniclus/XC980874__s13000__e16000.wav,
emberiza_schoeniclus,980874,Emberiza schoeniclus,/Users/justyna-przy/Projects/ISE/FYP/src/bird_data/raw/emberiza_schoeniclus/XC980874.mp3,16.0,19.0,-17.019531648191645,-23.816532084969523,species,Emberiza schoeniclus,Reed Bunting,0.6264274716377258,0.6264274716377258,species,0,,,
emberiza_schoeniclus,980874,Emberiza schoeniclus,/Users/justyna-przy/Projects/ISE/FYP/src/bird_data/raw/emberiza_schoeniclus/XC980874.mp3,19.0,22.0,-17.07343523719371,-23.816532084969523,species,Emberiza schoeniclus,Reed Bunting,0.9287060499191284,0.9287060499191284,species,0,,,
emberiza_schoeniclus,980874,Emberiza schoeniclus,/Users/justyna-przy/Projects/ISE/FYP/src/bird_data/raw/emberiza_schoeniclus/XC980874.mp3,25.0,28.0,-19.23213193073071,-23.816532084969523,species,Emberiza schoeniclus,Reed Bunting,0.9008914232254028,0.9008914232254028,species,0,,,
emberiza_schoeniclus,980872,Emberiza schoeniclus,/Users/justyna-przy/Projects/ISE/FYP/src/bird_data/raw/emberiza_schoeniclus/XC980872.mp3,1.0,4.0,-14.09274411700604,-17.66356181371204,species,Emberiza schoeniclus,Reed Bunting,0.9794043302536011,0.9794043302536011,species,1,rand_species,/Users/justyna-przy/Projects/ISE/FYP/src/bird_data/clips/species/emberiza_schoeniclus/XC980872__s1000__e4000.wav,
emberiza_schoeniclus,980872,Emberiza schoeniclus,/Users/justyna-przy/Projects/ISE/FYP/src/bird_data/raw/emberiza_schoeniclus/XC980872.mp3,4.0,7.0,-16.398132237357878,-17.66356181371204,species,Emberiza schoeniclus,Reed Bunting,0.9932613968849182,0.9932613968849182,species,1,rand_species,/Users/justyna-przy/Projects/ISE/FYP/src/bird_data/clips/species/emberiza_schoeniclus/XC980872__s4000__e7000.wav,
emberiza_schoeniclus,980872,Emberiza schoeniclus,/Users/justyna-przy/Projects/ISE/FYP/src/bird_data/raw/emberiza_schoeniclus/XC980872.mp3,7.0,10.0,-15.15605839508634,-17.66356181371204,species,Emberiza schoeniclus,Reed Bunting,0.9806663393974304,0.9806663393974304,species,1,rand_species,/Users/justyna-przy/Projects/ISE/FYP/src/bird_data/clips/species/emberiza_schoeniclus/XC980872__s7000__e10000.wav,
emberiza_schoeniclus,976405,Emberiza schoeniclus,/Users/justyna-przy/Projects/ISE/FYP/src/bird_data/raw/emberiza_schoeniclus/XC976405.mp3,1.0,4.0,-21.222449377166967,-30.149991647655128,drop,Alauda arvensis,Eurasian Skylark,0.3147675096988678,0.3147675096988678,drop,0,,,
emberiza_schoeniclus,976405,Emberiza schoeniclus,/Users/justyna-przy/Projects/ISE/FYP/src/bird_data/raw/emberiza_schoeniclus/XC976405.mp3,4.0,7.0,-29.664533982062956,-30.149991647655128,drop,Alauda arvensis,Eurasian Skylark,0.23322056233882904,0.23322056233882904,drop,0,,,
emberiza_schoeniclus,976405,Emberiza schoeniclus,/Users/justyna-przy/Projects/ISE/FYP/src/bird_data/raw/emberiza_schoeniclus/XC976405.mp3,7.0,10.0,-22.676119140713258,-30.149991647655128,species,Emberiza schoeniclus,Reed Bunting,0.5338306427001953,0.5338306427001953,species,1,rand_species,/Users/justyna-przy/Projects/ISE/FYP/src/bird_data/clips/species/emberiza_schoeniclus/XC976405__s7000__e10000.wav,
emberiza_schoeniclus,976405,Emberiza schoeniclus,/Users/justyna-przy/Projects/ISE/FYP/src/bird_data/raw/emberiza_schoeniclus/XC976405.mp3,10.0,13.0,-25.10747072127154,-30.149991647655128,species,Emberiza schoeniclus,Reed Bunting,0.9964708089828491,0.9964708089828491,species,0,,,
emberiza_schoeniclus,976405,Emberiza schoeniclus,/Users/justyna-przy/Projects/ISE/FYP/src/bird_data/raw/emberiza_schoeniclus/XC976405.mp3,19.0,22.0,-25.864553983908955,-30.149991647655128,species,Emberiza schoeniclus,Reed Bunting,0.7333563566207886,0.7333563566207886,species,0,,,
emberiza_schoeniclus,976405,Emberiza schoeniclus,/Users/justyna-przy/Projects/ISE/FYP/src/bird_data/raw/emberiza_schoeniclus/XC976405.mp3,28.0,31.0,-27.32911818181156,-30.149991647655128,species,Emberiza schoeniclus,Reed Bunting,0.9662867784500122,0.9662867784500122,species,0,,,
emberiza_schoeniclus,976405,Emberiza schoeniclus,/Users/justyna-przy/Projects/ISE/FYP/src/bird_data/raw/emberiza_schoeniclus/XC976405.mp3,31.0,34.0,-28.895814622521534,-30.149991647655128,non_bird,,,0.0,0.0,non_bird,1,nonbird_lowconf,/Users/justyna-przy/Projects/ISE/FYP/src/bird_data/clips/non_bird/emberiza_schoeniclus/XC976405__s31000__e34000.wav,
emberiza_schoeniclus,976405,Emberiza schoeniclus,/Users/justyna-przy/Projects/ISE/FYP/src/bird_data/raw/emberiza_schoeniclus/XC976405.mp3,34.0,37.0,-30.11341141804521,-30.149991647655128,drop,Alauda arvensis,Eurasian Skylark,0.27833235263824463,0.27833235263824463,drop,0,,,
emberiza_schoeniclus,976405,Emberiza schoeniclus,/Users/justyna-przy/Projects/ISE/FYP/src/bird_data/raw/emberiza_schoeniclus/XC976405.mp3,40.0,43.0,-24.367989781002745,-30.149991647655128,species,Emberiza schoeniclus,Reed Bunting,0.9981803894042969,0.9981803894042969,species,1,rand_species,/Users/justyna-przy/Projects/ISE/FYP/src/bird_data/clips/species/emberiza_schoeniclus/XC976405__s40000__e43000.wav,
emberiza_schoeniclus,976405,Emberiza schoeniclus,/Users/justyna-przy/Projects/ISE/FYP/src/bird_data/raw/emberiza_schoeniclus/XC976405.mp3,43.0,46.0,-29.84834451038093,-30.149991647655128,species,Emberiza schoeniclus,Reed Bunting,0.9601786136627197,0.9601786136627197,species,0,,,
emberiza_schoeniclus,976405,Emberiza schoeniclus,/Users/justyna-przy/Projects/ISE/FYP/src/bird_data/raw/emberiza_schoeniclus/XC976405.mp3,46.0,49.0,-24.778610383900173,-30.149991647655128,species,Emberiza schoeniclus,Reed Bunting,0.9835469722747803,0.9835469722747803,species,0,,,
emberiza_schoeniclus,976405,Emberiza schoeniclus,/Users/justyna-przy/Projects/ISE/FYP/src/bird_data/raw/emberiza_schoeniclus/XC976405.mp3,49.0,52.0,-25.68218891263131,-30.149991647655128,species,Emberiza schoeniclus,Reed Bunting,0.9653282761573792,0.9653282761573792,species,1,rand_species,/Users/justyna-przy/Projects/ISE/FYP/src/bird_data/clips/species/emberiza_schoeniclus/XC976405__s49000__e52000.wav,
emberiza_schoeniclus,973575,Emberiza schoeniclus,/Users/justyna-przy/Projects/ISE/FYP/src/bird_data/raw/emberiza_schoeniclus/XC973575.mp3,4.0,7.0,-38.59606005114355,-38.78098496441335,species,Emberiza schoeniclus,Reed Bunting,0.44876712560653687,0.44876712560653687,species,0,,,
emberiza_schoeniclus,973575,Emberiza schoeniclus,/Users/justyna-przy/Projects/ISE/FYP/src/bird_data/raw/emberiza_schoeniclus/XC973575.mp3,16.0,19.0,-34.50236659492194,-38.78098496441335,species,Emberiza schoeniclus,Reed Bunting,0.9953522682189941,0.9953522682189941,species,1,rand_species,/Users/justyna-przy/Projects/ISE/FYP/src/bird_data/clips/species/emberiza_schoeniclus/XC973575__s16000__e19000.wav,
emberiza_schoeniclus,973575,Emberiza schoeniclus,/Users/justyna-przy/Projects/ISE/FYP/src/bird_data/raw/emberiza_schoeniclus/XC973575.mp3,19.0,22.0,-38.64047450543603,-38.78098496441335,drop,Emberiza schoeniclus,Reed Bunting,0.2774534821510315,0.2774534821510315,drop,0,,,
emberiza_schoeniclus,973575,Emberiza schoeniclus,/Users/justyna-przy/Projects/ISE/FYP/src/bird_data/raw/emberiza_schoeniclus/XC973575.mp3,22.0,25.0,-33.60421521170678,-38.78098496441335,species,Emberiza schoeniclus,Reed Bunting,0.9980974793434143,0.9980974793434143,species,0,,,
emberiza_schoeniclus,973575,Emberiza schoeniclus,/Users/justyna-przy/Projects/ISE/FYP/src/bird_data/raw/emberiza_schoeniclus/XC973575.mp3,25.0,28.0,-31.257360068798896,-38.78098496441335,species,Emberiza schoeniclus,Reed Bunting,0.9969547986984253,0.9969547986984253,species,1,rand_species,/Users/justyna-przy/Projects/ISE/FYP/src/bird_data/clips/species/emberiza_schoeniclus/XC973575__s25000__e28000.wav,
emberiza_schoeniclus,973575,Emberiza schoeniclus,/Users/justyna-przy/Projects/ISE/FYP/src/bird_data/raw/emberiza_schoeniclus/XC973575.mp3,28.0,31.0,-24.996762205985426,-38.78098496441335,species,Emberiza schoeniclus,Reed Bunting,0.9932577610015869,0.9932577610015869,species,1,rand_species,/Users/justyna-przy/Projects/ISE/FYP/src/bird_data/clips/species/emberiza_schoeniclus/XC973575__s28000__e31000.wav,
emberiza_schoeniclus,973575,Emberiza schoeniclus,/Users/justyna-przy/Projects/ISE/FYP/src/bird_data/raw/emberiza_schoeniclus/XC973575.mp3,34.0,37.0,-31.52958173342785,-38.78098496441335,species,Emberiza schoeniclus,Reed Bunting,0.9918827414512634,0.9918827414512634,species,0,,,
emberiza_schoeniclus,973575,Emberiza schoeniclus,/Users/justyna-przy/Projects/ISE/FYP/src/bird_data/raw/emberiza_schoeniclus/XC973575.mp3,37.0,40.0,-38.22705152326908,-38.78098496441335,drop,Fringilla coelebs,Common Chaffinch,0.16462956368923187,0.16462956368923187,drop,0,,,
emberiza_schoeniclus,973575,Emberiza schoeniclus,/Users/justyna-przy/Projects/ISE/FYP/src/bird_data/raw/emberiza_schoeniclus/XC973575.mp3,40.0,43.0,-18.19800760819661,-38.78098496441335,species,Emberiza schoeniclus,Reed Bunting,0.9964894652366638,0.9964894652366638,species,0,,,
emberiza_schoeniclus,973575,Emberiza schoeniclus,/Users/justyna-przy/Projects/ISE/FYP/src/bird_data/raw/emberiza_schoeniclus/XC973575.mp3,43.0,46.0,-19.14705087866029,-38.78098496441335,non_bird,,,0.0,0.0,non_bird,1,nonbird_lowconf,/Users/justyna-przy/Projects/ISE/FYP/src/bird_data/clips/non_bird/emberiza_schoeniclus/XC973575__s43000__e46000.wav,
emberiza_schoeniclus,973575,Emberiza schoeniclus,/Users/justyna-przy/Projects/ISE/FYP/src/bird_data/raw/emberiza_schoeniclus/XC973575.mp3,46.0,49.0,-20.146211547589473,-38.78098496441335,non_bird,,,0.0,0.0,non_bird,1,nonbird_lowconf,/Users/justyna-przy/Projects/ISE/FYP/src/bird_data/clips/non_bird/emberiza_schoeniclus/XC973575__s46000__e49000.wav,
emberiza_schoeniclus,947586,Emberiza schoeniclus,/Users/justyna-przy/Projects/ISE/FYP/src/bird_data/raw/emberiza_schoeniclus/XC947586.mp3,1.0,4.0,-49.92519328527748,-40.0,species,Emberiza schoeniclus,Reed Bunting,0.4863690733909607,0.4863690733909607,species,1,rand_species,/Users/justyna-przy/Projects/ISE/FYP/src/bird_data/clips/species/emberiza_schoeniclus/XC947586__s1000__e4000.wav,
emberiza_schoeniclus,946352,Emberiza schoeniclus,/Users/justyna-przy/Projects/ISE/FYP/src/bird_data/raw/emberiza_schoeniclus/XC946352.mp3,7.0,10.0,-29.56010977972616,-29.882685019225,species,Emberiza schoeniclus,Reed Bunting,0.9577451348304749,0.9577451348304749,species,1,rand_species,/Users/justyna-przy/Projects/ISE/FYP/src/bird_data/clips/species/emberiza_schoeniclus/XC946352__s7000__e10000.wav,
emberiza_schoeniclus,946352,Emberiza schoeniclus,/Users/justyna-przy/Projects/ISE/FYP/src/bird_data/raw/emberiza_schoeniclus/XC946352.mp3,10.0,13.0,-29.666746360964737,-29.882685019225,species,Emberiza schoeniclus,Reed Bunting,0.9821463227272034,0.9821463227272034,species,1,rand_species,/Users/justyna-przy/Projects/ISE/FYP/src/bird_data/clips/species/emberiza_schoeniclus/XC946352__s10000__e13000.wav,
emberiza_schoeniclus,946352,Emberiza schoeniclus,/Users/justyna-przy/Projects/ISE/FYP/src/bird_data/raw/emberiza_schoeniclus/XC946352.mp3,13.0,16.0,-28.717586770785253,-29.882685019225,species,Emberiza schoeniclus,Reed Bunting,0.956391453742981,0.956391453742981,species,1,rand_species,/Users/justyna-przy/Projects/ISE/FYP/src/bird_data/clips/species/emberiza_schoeniclus/XC946352__s13000__e16000.wav,
emberiza_schoeniclus,941586,Emberiza schoeniclus,/Users/justyna-przy/Projects/ISE/FYP/src/bird_data/raw/emberiza_schoeniclus/XC941586.mp3,1.0,4.0,-49.22338353683567,-40.0,non_bird,,,0.0,0.0,non_bird,1,nonbird_lowconf,/Users/justyna-przy/Projects/ISE/FYP/src/bird_data/clips/non_bird/emberiza_schoeniclus/XC941586__s1000__e4000.wav,
emberiza_schoeniclus,940440,Emberiza schoeniclus,/Users/justyna-przy/Projects/ISE/FYP/src/bird_data/raw/emberiza_schoeniclus/XC940440.mp3,1.0,4.0,-21.29761278161784,-29.27007931442969,drop,Emberiza schoeniclus,Reed Bunting,0.2999403774738312,0.2999403774738312,drop,0,,,
emberiza_schoeniclus,940440,Emberiza schoeniclus,/Users/justyna-przy/Projects/ISE/FYP/src/bird_data/raw/emberiza_schoeniclus/XC940440.mp3,7.0,10.0,-22.535808019568833,-29.27007931442969,species,Emberiza schoeniclus,Reed Bunting,0.5298236608505249,0.5298236608505249,species,1,rand_species,/Users/justyna-przy/Projects/ISE/FYP/src/bird_data/clips/species/emberiza_schoeniclus/XC940440__s7000__e10000.wav,
emberiza_schoeniclus,940440,Emberiza schoeniclus,/Users/justyna-przy/Projects/ISE/FYP/src/bird_data/raw/emberiza_schoeniclus/XC940440.mp3,10.0,13.0,-21.484206585664385,-29.27007931442969,species,Emberiza schoeniclus,Reed Bunting,0.4739046096801758,0.4739046096801758,species,1,rand_species,/Users/justyna-przy/Projects/ISE/FYP/src/bird_data/clips/species/emberiza_schoeniclus/XC940440__s10000__e13000.wav,
emberiza_schoeniclus,940156,Emberiza schoeniclus,/Users/justyna-przy/Projects/ISE/FYP/src/bird_data/raw/emberiza_schoeniclus/XC940156.mp3,1.0,4.0,-23.616344942339587,-23.616344942339587,species,Emberiza schoeniclus,Reed Bunting,0.9766308069229126,0.9766308069229126,species,1,rand_species,/Users/justyna-przy/Projects/ISE/FYP/src/bird_data/clips/species/emberiza_schoeniclus/XC940156__s1000__e4000.wav,
emberiza_schoeniclus,940152,Emberiza schoeniclus,/Users/justyna-przy/Projects/ISE/FYP/src/bird_data/raw/emberiza_schoeniclus/XC940152.mp3,4.0,7.0,-24.501487940109755,-40.0,species,Emberiza schoeniclus,Reed Bunting,0.9418965578079224,0.9418965578079224,species,1,rand_species,/Users/justyna-przy/Projects/ISE/FYP/src/bird_data/clips/species/emberiza_schoeniclus/XC940152__s4000__e7000.wav,
emberiza_schoeniclus,938928,Emberiza schoeniclus,/Users/justyna-przy/Projects/ISE/FYP/src/bird_data/raw/emberiza_schoeniclus/XC938928.mp3,4.0,7.0,-32.537602775366196,-36.12696881054271,species,Emberiza schoeniclus,Reed Bunting,0.9800352454185486,0.9800352454185486,species,1,rand_species,/Users/justyna-przy/Projects/ISE/FYP/src/bird_data/clips/species/emberiza_schoeniclus/XC938928__s4000__e7000.wav,
emberiza_schoeniclus,938928,Emberiza schoeniclus,/Users/justyna-przy/Projects/ISE/FYP/src/bird_data/raw/emberiza_schoeniclus/XC938928.mp3,10.0,13.0,-30.89606247829075,-36.12696881054271,species,Emberiza schoeniclus,Reed Bunting,0.8120331764221191,0.8120331764221191,species,1,rand_species,/Users/justyna-przy/Projects/ISE/FYP/src/bird_data/clips/species/emberiza_schoeniclus/XC938928__s10000__e13000.wav,
emberiza_schoeniclus,938928,Emberiza schoeniclus,/Users/justyna-przy/Projects/ISE/FYP/src/bird_data/raw/emberiza_schoeniclus/XC938928.mp3,13.0,16.0,-33.97277918935188,-36.12696881054271,species,Emberiza schoeniclus,Reed Bunting,0.9448699355125427,0.9448699355125427,species,0,,,
emberiza_schoeniclus,938928,Emberiza schoeniclus,/Users/justyna-przy/Projects/ISE/FYP/src/bird_data/raw/emberiza_schoeniclus/XC938928.mp3,16.0,19.0,-34.891815549801336,-36.12696881054271,species,Emberiza schoeniclus,Reed Bunting,0.9197125434875488,0.9197125434875488,species,0,,,
emberiza_schoeniclus,938928,Emberiza schoeniclus,/Users/justyna-przy/Projects/ISE/FYP/src/bird_data/raw/emberiza_schoeniclus/XC938928.mp3,22.0,25.0,-35.525672850112514,-36.12696881054271,species,Emberiza schoeniclus,Reed Bunting,0.9021362066268921,0.9021362066268921,species,1,rand_species,/Users/justyna-przy/Projects/ISE/FYP/src/bird_data/clips/species/emberiza_schoeniclus/XC938928__s22000__e25000.wav,
emberiza_schoeniclus,936655,Emberiza schoeniclus,/Users/justyna-przy/Projects/ISE/FYP/src/bird_data/raw/emberiza_schoeniclus/XC936655.mp3,1.0,4.0,-31.371003093242777,-40.0,species,Emberiza schoeniclus,Reed Bunting,0.5617348551750183,0.5617348551750183,species,0,,,
emberiza_schoeniclus,936655,Emberiza schoeniclus,/Users/justyna-przy/Projects/ISE/FYP/src/bird_data/raw/emberiza_schoeniclus/XC936655.mp3,7.0,10.0,-28.209780701325688,-40.0,species,Emberiza schoeniclus,Reed Bunting,0.998272180557251,0.998272180557251,species,0,,,
emberiza_schoeniclus,936655,Emberiza schoeniclus,/Users/justyna-przy/Projects/ISE/FYP/src/bird_data/raw/emberiza_schoeniclus/XC936655.mp3,13.0,16.0,-30.295017821386526,-40.0,species,Emberiza schoeniclus,Reed Bunting,0.47327113151550293,0.47327113151550293,species,1,rand_species,/Users/justyna-przy/Projects/ISE/FYP/src/bird_data/clips/species/emberiza_schoeniclus/XC936655__s13000__e16000.wav,
emberiza_schoeniclus,936655,Emberiza schoeniclus,/Users/justyna-przy/Projects/ISE/FYP/src/bird_data/raw/emberiza_schoeniclus/XC936655.mp3,19.0,22.0,-28.351066384954265,-40.0,species,Emberiza schoeniclus,Reed Bunting,0.92789626121521,0.92789626121521,species,1,rand_species,/Users/justyna-przy/Projects/ISE/FYP/src/bird_data/clips/species/emberiza_schoeniclus/XC936655__s19000__e22000.wav,
emberiza_schoeniclus,936655,Emberiza schoeniclus,/Users/justyna-przy/Projects/ISE/FYP/src/bird_data/raw/emberiza_schoeniclus/XC936655.mp3,25.0,28.0,-27.981630198398744,-40.0,species,Emberiza schoeniclus,Reed Bunting,0.9963149428367615,0.9963149428367615,species,1,rand_species,/Users/justyna-przy/Projects/ISE/FYP/src/bird_data/clips/species/emberiza_schoeniclus/XC936655__s25000__e28000.wav,
emberiza_schoeniclus,930536,Emberiza schoeniclus,/Users/justyna-przy/Projects/ISE/FYP/src/bird_data/raw/emberiza_schoeniclus/XC930536.mp3,1.0,4.0,-47.55706362835725,-40.0,species,Emberiza schoeniclus,Reed Bunting,0.971355676651001,0.971355676651001,species,1,rand_species,/Users/justyna-przy/Projects/ISE/FYP/src/bird_data/clips/species/emberiza_schoeniclus/XC930536__s1000__e4000.wav,
emberiza_schoeniclus,930535,Emberiza schoeniclus,/Users/justyna-przy/Projects/ISE/FYP/src/bird_data/raw/emberiza_schoeniclus/XC930535.mp3,7.0,10.0,-42.52969610535623,-40.0,species,Emberiza schoeniclus,Reed Bunting,0.7566931843757629,0.7566931843757629,species,1,rand_species,/Users/justyna-przy/Projects/ISE/FYP/src/bird_data/clips/species/emberiza_schoeniclus/XC930535__s7000__e10000.wav,
emberiza_schoeniclus,930062,Emberiza schoeniclus,/Users/justyna-przy/Projects/ISE/FYP/src/bird_data/raw/emberiza_schoeniclus/XC930062.mp3,1.0,4.0,-43.324347654528125,-40.0,species,Emberiza schoeniclus,Reed Bunting,0.9968001842498779,0.9968001842498779,species,1,rand_species,/Users/justyna-przy/Projects/ISE/FYP/src/bird_data/clips/species/emberiza_schoeniclus/XC930062__s1000__e4000.wav,
emberiza_schoeniclus,929633,Emberiza schoeniclus,/Users/justyna-przy/Projects/ISE/FYP/src/bird_data/raw/emberiza_schoeniclus/XC929633.mp3,1.0,4.0,-31.205626726793092,-31.205626726793092,species,Emberiza schoeniclus,Reed Bunting,0.9007574319839478,0.9007574319839478,species,1,rand_species,/Users/justyna-przy/Projects/ISE/FYP/src/bird_data/clips/species/emberiza_schoeniclus/XC929633__s1000__e4000.wav,
emberiza_schoeniclus,906029,Emberiza schoeniclus,/Users/justyna-przy/Projects/ISE/FYP/src/bird_data/raw/emberiza_schoeniclus/XC906029.mp3,1.0,4.0,-33.13089747923891,-33.13089747923891,species,Emberiza schoeniclus,Reed Bunting,0.4296850860118866,0.4296850860118866,species,1,rand_species,/Users/justyna-przy/Projects/ISE/FYP/src/bird_data/clips/species/emberiza_schoeniclus/XC906029__s1000__e4000.wav,
emberiza_schoeniclus,906029,Emberiza schoeniclus,/Users/justyna-przy/Projects/ISE/FYP/src/bird_data/raw/emberiza_schoeniclus/XC906029.mp3,4.0,7.0,-32.786084357467956,-33.13089747923891,drop,Motacilla citreola,Citrine Wagtail,0.34286829829216003,0.34286829829216003,drop,0,,,
emberiza_schoeniclus,906029,Emberiza schoeniclus,/Users/justyna-przy/Projects/ISE/FYP/src/bird_data/raw/emberiza_schoeniclus/XC906029.mp3,13.0,16.0,-32.88897622510373,-33.13089747923891,drop,Locustella luscinioides,Savi's Warbler,0.3820534348487854,0.3820534348487854,drop,0,,,
emberiza_schoeniclus,906029,Emberiza schoeniclus,/Users/justyna-przy/Projects/ISE/FYP/src/bird_data/raw/emberiza_schoeniclus/XC906029.mp3,16.0,19.0,-30.980010784690016,-33.13089747923891,drop,Emberiza schoeniclus,Reed Bunting,0.25303807854652405,0.25303807854652405,drop,0,,,
emberiza_schoeniclus,906029,Emberiza schoeniclus,/Users/justyna-przy/Projects/ISE/FYP/src/bird_data/raw/emberiza_schoeniclus/XC906029.mp3,19.0,22.0,-28.01312249740795,-33.13089747923891,species,Emberiza schoeniclus,Reed Bunting,0.36180710792541504,0.36180710792541504,species,1,rand_species,/Users/justyna-przy/Projects/ISE/FYP/src/bird_data/clips/species/emberiza_schoeniclus/XC906029__s19000__e22000.wav,
emberiza_schoeniclus,906029,Emberiza schoeniclus,/Users/justyna-przy/Projects/ISE/FYP/src/bird_data/raw/emberiza_schoeniclus/XC906029.mp3,22.0,25.0,-32.2276308130613,-33.13089747923891,drop,Locustella luscinioides,Savi's Warbler,0.6363329291343689,0.6363329291343689,drop,0,,,
emberiza_schoeniclus,906029,Emberiza schoeniclus,/Users/justyna-przy/Projects/ISE/FYP/src/bird_data/raw/emberiza_schoeniclus/XC906029.mp3,25.0,28.0,-24.042747042788896,-33.13089747923891,drop,Acrocephalus scirpaceus,Eurasian Reed Warbler,0.2569415271282196,0.2569415271282196,drop,0,,,
emberiza_schoeniclus,906029,Emberiza schoeniclus,/Users/justyna-przy/Projects/ISE/FYP/src/bird_data/raw/emberiza_schoeniclus/XC906029.mp3,28.0,31.0,-31.714303125107147,-33.13089747923891,drop,Emberiza schoeniclus,Reed Bunting,0.2638341784477234,0.2638341784477234,drop,0,,,
emberiza_schoeniclus,903257,Emberiza schoeniclus,/Users/justyna-przy/Projects/ISE/FYP/src/bird_data/raw/emberiza_schoeniclus/XC903257.mp3,1.0,4.0,-29.828063696469,-40.0,species,Emberiza schoeniclus,Reed Bunting,0.9484967589378357,0.9484967589378357,species,0,,,
emberiza_schoeniclus,903257,Emberiza schoeniclus,/Users/justyna-przy/Projects/ISE/FYP/src/bird_data/raw/emberiza_schoeniclus/XC903257.mp3,10.0,13.0,-34.54492929163257,-40.0,species,Emberiza schoeniclus,Reed Bunting,0.7656983137130737,0.7656983137130737,species,1,rand_species,/Users/justyna-przy/Projects/ISE/FYP/src/bird_data/clips/species/emberiza_schoeniclus/XC903257__s10000__e13000.wav,
emberiza_schoeniclus,903257,Emberiza schoeniclus,/Users/justyna-przy/Projects/ISE/FYP/src/bird_data/raw/emberiza_schoeniclus/XC903257.mp3,13.0,16.0,-35.57970200582652,-40.0,drop,Phoenicurus phoenicurus,Common Redstart,0.7051532864570618,0.7051532864570618,drop,0,,,
emberiza_schoeniclus,903257,Emberiza schoeniclus,/Users/justyna-przy/Projects/ISE/FYP/src/bird_data/raw/emberiza_schoeniclus/XC903257.mp3,22.0,25.0,-33.14410001405905,-40.0,species,Emberiza schoeniclus,Reed Bunting,0.9918293356895447,0.9918293356895447,species,1,rand_species,/Users/justyna-przy/Projects/ISE/FYP/src/bird_data/clips/species/emberiza_schoeniclus/XC903257__s22000__e25000.wav,
emberiza_schoeniclus,903257,Emberiza schoeniclus,/Users/justyna-przy/Projects/ISE/FYP/src/bird_data/raw/emberiza_schoeniclus/XC903257.mp3,31.0,34.0,-38.61585884028035,-40.0,species,Emberiza schoeniclus,Reed Bunting,0.8636094927787781,0.8636094927787781,species,1,rand_species,/Users/justyna-przy/Projects/ISE/FYP/src/bird_data/clips/species/emberiza_schoeniclus/XC903257__s31000__e34000.wav,
emberiza_schoeniclus,898818,Emberiza schoeniclus,/Users/justyna-przy/Projects/ISE/FYP/src/bird_data/raw/emberiza_schoeniclus/XC898818.mp3,7.0,10.0,-29.010639355993778,-30.426923738682184,species,Emberiza schoeniclus,Reed Bunting,0.9930411577224731,0.9930411577224731,species,1,rand_species,/Users/justyna-przy/Projects/ISE/FYP/src/bird_data/clips/species/emberiza_schoeniclus/XC898818__s7000__e10000.wav,
emberiza_schoeniclus,898818,Emberiza schoeniclus,/Users/justyna-przy/Projects/ISE/FYP/src/bird_data/raw/emberiza_schoeniclus/XC898818.mp3,10.0,13.0,-27.807355806680874,-30.426923738682184,species,Emberiza schoeniclus,Reed Bunting,0.8415905833244324,0.8415905833244324,species,0,,,
emberiza_schoeniclus,898818,Emberiza schoeniclus,/Users/justyna-przy/Projects/ISE/FYP/src/bird_data/raw/emberiza_schoeniclus/XC898818.mp3,13.0,16.0,-23.693895460304454,-30.426923738682184,species,Emberiza schoeniclus,Reed Bunting,0.9853461980819702,0.9853461980819702,species,0,,,
emberiza_schoeniclus,898818,Emberiza schoeniclus,/Users/justyna-przy/Projects/ISE/FYP/src/bird_data/raw/emberiza_schoeniclus/XC898818.mp3,19.0,22.0,-26.16226164021021,-30.426923738682184,species,Emberiza schoeniclus,Reed Bunting,0.9995519518852234,0.9995519518852234,species,1,rand_species,/Users/justyna-przy/Projects/ISE/FYP/src/bird_data/clips/species/emberiza_schoeniclus/XC898818__s19000__e22000.wav,
emberiza_schoeniclus,898818,Emberiza schoeniclus,/Users/justyna-przy/Projects/ISE/FYP/src/bird_data/raw/emberiza_schoeniclus/XC898818.mp3,22.0,25.0,-28.262411054227876,-30.426923738682184,species,Emberiza schoeniclus,Reed Bunting,0.9998934268951416,0.9998934268951416,species,0,,,
emberiza_schoeniclus,898818,Emberiza schoeniclus,/Users/justyna-przy/Projects/ISE/FYP/src/bird_data/raw/emberiza_schoeniclus/XC898818.mp3,25.0,28.0,-26.061236633791395,-30.426923738682184,species,Emberiza schoeniclus,Reed Bunting,0.9676892757415771,0.9676892757415771,species,1,rand_species,/Users/justyna-przy/Projects/ISE/FYP/src/bird_data/clips/species/emberiza_schoeniclus/XC898818__s25000__e28000.wav,
emberiza_schoeniclus,894636,Emberiza schoeniclus,/Users/justyna-przy/Projects/ISE/FYP/src/bird_data/raw/emberiza_schoeniclus/XC894636.mp3,22.0,25.0,-34.036045888463775,-40.0,drop,Emberiza schoeniclus,Reed Bunting,0.125383198261261,0.125383198261261,drop,0,,,
emberiza_schoeniclus,894636,Emberiza schoeniclus,/Users/justyna-przy/Projects/ISE/FYP/src/bird_data/raw/emberiza_schoeniclus/XC894636.mp3,25.0,28.0,-31.695595985077233,-40.0,drop,Locustella luscinioides,Savi's Warbler,0.1197160929441452,0.1197160929441452,drop,0,,,
emberiza_schoeniclus,894636,Emberiza schoeniclus,/Users/justyna-przy/Projects/ISE/FYP/src/bird_data/raw/emberiza_schoeniclus/XC894636.mp3,28.0,31.0,-38.7560061754738,-40.0,non_bird,,,0.0,0.0,non_bird,1,nonbird_lowconf,/Users/justyna-przy/Projects/ISE/FYP/src/bird_data/clips/non_bird/emberiza_schoeniclus/XC894636__s28000__e31000.wav,
emberiza_schoeniclus,894636,Emberiza schoeniclus,/Users/justyna-przy/Projects/ISE/FYP/src/bird_data/raw/emberiza_schoeniclus/XC894636.mp3,31.0,34.0,-32.437973099390355,-40.0,non_bird,,,0.0,0.0,non_bird,1,nonbird_lowconf,/Users/justyna-przy/Projects/ISE/FYP/src/bird_data/clips/non_bird/emberiza_schoeniclus/XC894636__s31000__e34000.wav,
emberiza_schoeniclus,894636,Emberiza schoeniclus,/Users/justyna-przy/Projects/ISE/FYP/src/bird_data/raw/emberiza_schoeniclus/XC894636.mp3,34.0,37.0,-32.478384258180604,-40.0,drop,Gallinago gallinago,Common Snipe,0.7633196115493774,0.7633196115493774,drop,0,,,
emberiza_schoeniclus,894636,Emberiza schoeniclus,/Users/justyna-przy/Projects/ISE/FYP/src/bird_data/raw/emberiza_schoeniclus/XC894636.mp3,37.0,40.0,-33.09477291404577,-40.0,drop,Gallinago gallinago,Common Snipe,0.4540349543094635,0.4540349543094635,drop,0,,,
emberiza_schoeniclus,894334,Emberiza schoeniclus,/Users/justyna-przy/Projects/ISE/FYP/src/bird_data/raw/emberiza_schoeniclus/XC894334.mp3,1.0,4.0,-50.71165289746886,-40.0,drop,Catherpes mexicanus,Canyon Wren,0.7595447301864624,0.7595447301864624,drop,0,,,
emberiza_schoeniclus,881352,Emberiza schoeniclus,/Users/justyna-przy/Projects/ISE/FYP/src/bird_data/raw/emberiza_schoeniclus/XC881352.mp3,1.0,4.0,-36.04405889031677,-36.83117148592269,species,Emberiza schoeniclus,Reed Bunting,0.9735509753227234,0.9735509753227234,species,1,rand_species,/Users/justyna-przy/Projects/ISE/FYP/src/bird_data/clips/species/emberiza_schoeniclus/XC881352__s1000__e4000.wav,
emberiza_schoeniclus,881352,Emberiza schoeniclus,/Users/justyna-przy/Projects/ISE/FYP/src/bird_data/raw/emberiza_schoeniclus/XC881352.mp3,7.0,10.0,-36.82085467079537,-36.83117148592269,species,Emberiza schoeniclus,Reed Bunting,0.9713801741600037,0.9713801741600037,species,1,rand_species,/Users/justyna-przy/Projects/ISE/FYP/src/bird_data/clips/species/emberiza_schoeniclus/XC881352__s7000__e10000.wav,
emberiza_schoeniclus,881352,Emberiza schoeniclus,/Users/justyna-przy/Projects/ISE/FYP/src/bird_data/raw/emberiza_schoeniclus/XC881352.mp3,10.0,13.0,-34.80615425666886,-36.83117148592269,species,Emberiza schoeniclus,Reed Bunting,0.989589273929596,0.989589273929596,species,1,rand_species,/Users/justyna-przy/Projects/ISE/FYP/src/bird_data/clips/species/emberiza_schoeniclus/XC881352__s10000__e13000.wav,
emberiza_schoeniclus,878141,Emberiza schoeniclus,/Users/justyna-przy/Projects/ISE/FYP/src/bird_data/raw/emberiza_schoeniclus/XC878141.mp3,1.0,4.0,-42.472696673240364,-40.0,species,Emberiza schoeniclus,Reed Bunting,0.9737266302108765,0.9737266302108765,species,1,rand_species,/Users/justyna-przy/Projects/ISE/FYP/src/bird_data/clips/species/emberiza_schoeniclus/XC878141__s1000__e4000.wav,
emberiza_schoeniclus,872776,Emberiza schoeniclus,/Users/justyna-przy/Projects/ISE/FYP/src/bird_data/raw/emberiza_schoeniclus/XC872776.mp3,1.0,4.0,-23.51317793028793,-27.452344221555197,species,Emberiza schoeniclus,Reed Bunting,0.9919678568840027,0.9919678568840027,species,1,rand_species,/Users/justyna-przy/Projects/ISE/FYP/src/bird_data/clips/species/emberiza_schoeniclus/XC872776__s1000__e4000.wav,
emberiza_schoeniclus,872776,Emberiza schoeniclus,/Users/justyna-przy/Projects/ISE/FYP/src/bird_data/raw/emberiza_schoeniclus/XC872776.mp3,4.0,7.0,-22.26855016374693,-27.452344221555197,species,Emberiza schoeniclus,Reed Bunting,0.9271985292434692,0.9271985292434692,species,0,,,
emberiza_schoeniclus,872776,Emberiza schoeniclus,/Users/justyna-przy/Projects/ISE/FYP/src/bird_data/raw/emberiza_schoeniclus/XC872776.mp3,7.0,10.0,-24.69887567991407,-27.452344221555197,species,Emberiza schoeniclus,Reed Bunting,0.9776558876037598,0.9776558876037598,species,0,,,
emberiza_schoeniclus,872776,Emberiza schoeniclus,/Users/justyna-przy/Projects/ISE/FYP/src/bird_data/raw/emberiza_schoeniclus/XC872776.mp3,10.0,13.0,-26.843255438645528,-27.452344221555197,species,Emberiza schoeniclus,Reed Bunting,0.9856228232383728,0.9856228232383728,species,0,,,
emberiza_schoeniclus,872776,Emberiza schoeniclus,/Users/justyna-przy/Projects/ISE/FYP/src/bird_data/raw/emberiza_schoeniclus/XC872776.mp3,19.0,22.0,-24.817832876477738,-27.452344221555197,species,Emberiza schoeniclus,Reed Bunting,0.9925646781921387,0.9925646781921387,species,0,,,
emberiza_schoeniclus,872776,Emberiza schoeniclus,/Users/justyna-przy/Projects/ISE/FYP/src/bird_data/raw/emberiza_schoeniclus/XC872776.mp3,28.0,31.0,-26.872828991060295,-27.452344221555197,species,Emberiza schoeniclus,Reed Bunting,0.9797905683517456,0.9797905683517456,species,1,rand_species,/Users/justyna-przy/Projects/ISE/FYP/src/bird_data/clips/species/emberiza_schoeniclus/XC872776__s28000__e31000.wav,
emberiza_schoeniclus,872776,Emberiza schoeniclus,/Users/justyna-przy/Projects/ISE/FYP/src/bird_data/raw/emberiza_schoeniclus/XC872776.mp3,31.0,34.0,-24.1539545326999,-27.452344221555197,species,Emberiza schoeniclus,Reed Bunting,0.9755308032035828,0.9755308032035828,species,1,rand_species,/Users/justyna-przy/Projects/ISE/FYP/src/bird_data/clips/species/emberiza_schoeniclus/XC872776__s31000__e34000.wav,
emberiza_schoeniclus,872776,Emberiza schoeniclus,/Users/justyna-przy/Projects/ISE/FYP/src/bird_data/raw/emberiza_schoeniclus/XC872776.mp3,34.0,37.0,-23.487360652195235,-27.452344221555197,species,Emberiza schoeniclus,Reed Bunting,0.9929091930389404,0.9929091930389404,species,0,,,
emberiza_schoeniclus,872474,Emberiza schoeniclus,/Users/justyna-przy/Projects/ISE/FYP/src/bird_data/raw/emberiza_schoeniclus/XC872474.mp3,1.0,4.0,-25.707992297841127,-28.229716738747154,species,Emberiza schoeniclus,Reed Bunting,0.9996523857116699,0.9996523857116699,species,0,,,
emberiza_schoeniclus,872474,Emberiza schoeniclus,/Users/justyna-przy/Projects/ISE/FYP/src/bird_data/raw/emberiza_schoeniclus/XC872474.mp3,10.0,13.0,-26.557563279204036,-28.229716738747154,species,Emberiza schoeniclus,Reed Bunting,0.9996379613876343,0.9996379613876343,species,1,rand_species,/Users/justyna-przy/Projects/ISE/FYP/src/bird_data/clips/species/emberiza_schoeniclus/XC872474__s10000__e13000.wav,
emberiza_schoeniclus,872474,Emberiza schoeniclus,/Users/justyna-przy/Projects/ISE/FYP/src/bird_data/raw/emberiza_schoeniclus/XC872474.mp3,13.0,16.0,-26.969467196697956,-28.229716738747154,species,Emberiza schoeniclus,Reed Bunting,0.9909340143203735,0.9909340143203735,species,0,,,
emberiza_schoeniclus,872474,Emberiza schoeniclus,/Users/justyna-przy/Projects/ISE/FYP/src/bird_data/raw/emberiza_schoeniclus/XC872474.mp3,16.0,19.0,-25.159027643539225,-28.229716738747154,species,Emberiza schoeniclus,Reed Bunting,0.9834842085838318,0.9834842085838318,species,1,rand_species,/Users/justyna-przy/Projects/ISE/FYP/src/bird_data/clips/species/emberiza_schoeniclus/XC872474__s16000__e19000.wav,
emberiza_schoeniclus,872474,Emberiza schoeniclus,/Users/justyna-przy/Projects/ISE/FYP/src/bird_data/raw/emberiza_schoeniclus/XC872474.mp3,19.0,22.0,-22.839271971916737,-28.229716738747154,species,Emberiza schoeniclus,Reed Bunting,0.9988358616828918,0.9988358616828918,species,0,,,
emberiza_schoeniclus,872474,Emberiza schoeniclus,/Users/justyna-przy/Projects/ISE/FYP/src/bird_data/raw/emberiza_schoeniclus/XC872474.mp3,22.0,25.0,-23.22172793926695,-28.229716738747154,species,Emberiza schoeniclus,Reed Bunting,0.9851216077804565,0.9851216077804565,species,1,rand_species,/Users/justyna-przy/Projects/ISE/FYP/src/bird_data/clips/species/emberiza_schoeniclus/XC872474__s22000__e25000.wav,
emberiza_schoeniclus,872453,Emberiza schoeniclus,/Users/justyna-przy/Projects/ISE/FYP/src/bird_data/raw/emberiza_schoeniclus/XC872453.mp3,1.0,4.0,-23.51317793028793,-27.452344221555197,species,Emberiza schoeniclus,Reed Bunting,0.9919678568840027,0.9919678568840027,species,1,rand_species,/Users/justyna-przy/Projects/ISE/FYP/src/bird_data/clips/species/emberiza_schoeniclus/XC872453__s1000__e4000.wav,
emberiza_schoeniclus,872453,Emberiza schoeniclus,/Users/justyna-przy/Projects/ISE/FYP/src/bird_data/raw/emberiza_schoeniclus/XC872453.mp3,4.0,7.0,-22.26855016374693,-27.452344221555197,species,Emberiza schoeniclus,Reed Bunting,0.9271985292434692,0.9271985292434692,species,0,,,
emberiza_schoeniclus,872453,Emberiza schoeniclus,/Users/justyna-przy/Projects/ISE/FYP/src/bird_data/raw/emberiza_schoeniclus/XC872453.mp3,7.0,10.0,-24.69887567991407,-27.452344221555197,species,Emberiza schoeniclus,Reed Bunting,0.9776558876037598,0.9776558876037598,species,0,,,
emberiza_schoeniclus,872453,Emberiza schoeniclus,/Users/justyna-przy/Projects/ISE/FYP/src/bird_data/raw/emberiza_schoeniclus/XC872453.mp3,10.0,13.0,-26.843255438645528,-27.452344221555197,species,Emberiza schoeniclus,Reed Bunting,0.9856228232383728,0.9856228232383728,species,1,rand_species,/Users/justyna-przy/Projects/ISE/FYP/src/bird_data/clips/species/emberiza_schoeniclus/XC872453__s10000__e13000.wav,
emberiza_schoeniclus,872453,Emberiza schoeniclus,/Users/justyna-przy/Projects/ISE/FYP/src/bird_data/raw/emberiza_schoeniclus/XC872453.mp3,19.0,22.0,-24.817832876477738,-27.452344221555197,species,Emberiza schoeniclus,Reed Bunting,0.9925646781921387,0.9925646781921387,species,0,,,
emberiza_schoeniclus,872453,Emberiza schoeniclus,/Users/justyna-przy/Projects/ISE/FYP/src/bird_data/raw/emberiza_schoeniclus/XC872453.mp3,28.0,31.0,-26.872828991060295,-27.452344221555197,species,Emberiza schoeniclus,Reed Bunting,0.9797905683517456,0.9797905683517456,species,1,rand_species,/Users/justyna-przy/Projects/ISE/FYP/src/bird_data/clips/species/emberiza_schoeniclus/XC872453__s28000__e31000.wav,
emberiza_schoeniclus,872453,Emberiza schoeniclus,/Users/justyna-przy/Projects/ISE/FYP/src/bird_data/raw/emberiza_schoeniclus/XC872453.mp3,31.0,34.0,-24.1539545326999,-27.452344221555197,species,Emberiza schoeniclus,Reed Bunting,0.9755308032035828,0.9755308032035828,species,0,,,
emberiza_schoeniclus,872453,Emberiza schoeniclus,/Users/justyna-przy/Projects/ISE/FYP/src/bird_data/raw/emberiza_schoeniclus/XC872453.mp3,34.0,37.0,-23.487360652195235,-27.452344221555197,species,Emberiza schoeniclus,Reed Bunting,0.9929091930389404,0.9929091930389404,species,0,,,
emberiza_schoeniclus,871955,Emberiza schoeniclus,/Users/justyna-przy/Projects/ISE/FYP/src/bird_data/raw/emberiza_schoeniclus/XC871955.mp3,1.0,4.0,-27.456752396166067,-35.98027248989416,species,Emberiza schoeniclus,Reed Bunting,0.8569693565368652,0.8569693565368652,species,0,,,
emberiza_schoeniclus,871955,Emberiza schoeniclus,/Users/justyna-przy/Projects/ISE/FYP/src/bird_data/raw/emberiza_schoeniclus/XC871955.mp3,7.0,10.0,-29.45112805705672,-35.98027248989416,species,Emberiza schoeniclus,Reed Bunting,0.9930364489555359,0.9930364489555359,species,0,,,
emberiza_schoeniclus,871955,Emberiza schoeniclus,/Users/justyna-przy/Projects/ISE/FYP/src/bird_data/raw/emberiza_schoeniclus/XC871955.mp3,13.0,16.0,-30.08538699208138,-35.98027248989416,species,Emberiza schoeniclus,Reed Bunting,0.9107481837272644,0.9107481837272644,species,1,rand_species,/Users/justyna-przy/Projects/ISE/FYP/src/bird_data/clips/species/emberiza_schoeniclus/XC871955__s13000__e16000.wav,
emberiza_schoeniclus,871955,Emberiza schoeniclus,/Users/justyna-przy/Projects/ISE/FYP/src/bird_data/raw/emberiza_schoeniclus/XC871955.mp3,16.0,19.0,-27.898708140687674,-35.98027248989416,species,Emberiza schoeniclus,Reed Bunting,0.6001905202865601,0.6001905202865601,species,1,rand_species,/Users/justyna-przy/Projects/ISE/FYP/src/bird_data/clips/species/emberiza_schoeniclus/XC871955__s16000__e19000.wav,
emberiza_schoeniclus,871955,Emberiza schoeniclus,/Users/justyna-przy/Projects/ISE/FYP/src/bird_data/raw/emberiza_schoeniclus/XC871955.mp3,19.0,22.0,-33.55181763177255,-35.98027248989416,species,Emberiza schoeniclus,Reed Bunting,0.8886175155639648,0.8886175155639648,species,1,rand_species,/Users/justyna-przy/Projects/ISE/FYP/src/bird_data/clips/species/emberiza_schoeniclus/XC871955__s19000__e22000.wav,
emberiza_schoeniclus,871955,Emberiza schoeniclus,/Users/justyna-przy/Projects/ISE/FYP/src/bird_data/raw/emberiza_schoeniclus/XC871955.mp3,22.0,25.0,-31.05580543027363,-35.98027248989416,drop,Fulica atra,Eurasian Coot,0.933078408241272,0.933078408241272,drop,0,,,
emberiza_schoeniclus,871955,Emberiza schoeniclus,/Users/justyna-przy/Projects/ISE/FYP/src/bird_data/raw/emberiza_schoeniclus/XC871955.mp3,28.0,31.0,-24.9751182762043,-35.98027248989416,species,Emberiza schoeniclus,Reed Bunting,0.9588395357131958,0.9588395357131958,species,0,,,
emberiza_schoeniclus,858227,Emberiza schoeniclus,/Users/justyna-przy/Projects/ISE/FYP/src/bird_data/raw/emberiza_schoeniclus/XC858227.mp3,7.0,10.0,-22.628846260714983,-29.50977026317549,drop,Corvus frugilegus,Rook,0.286546915769577,0.286546915769577,drop,0,,,
emberiza_schoeniclus,858227,Emberiza schoeniclus,/Users/justyna-przy/Projects/ISE/FYP/src/bird_data/raw/emberiza_schoeniclus/XC858227.mp3,10.0,13.0,-24.113002034504987,-29.50977026317549,species,Emberiza schoeniclus,Reed Bunting,0.8862630128860474,0.8862630128860474,species,1,rand_species,/Users/justyna-przy/Projects/ISE/FYP/src/bird_data/clips/species/emberiza_schoeniclus/XC858227__s10000__e13000.wav,
emberiza_schoeniclus,858227,Emberiza schoeniclus,/Users/justyna-przy/Projects/ISE/FYP/src/bird_data/raw/emberiza_schoeniclus/XC858227.mp3,13.0,16.0,-21.404107806513693,-29.50977026317549,species,Emberiza schoeniclus,Reed Bunting,0.3101489543914795,0.3101489543914795,species,1,rand_species,/Users/justyna-przy/Projects/ISE/FYP/src/bird_data/clips/species/emberiza_schoeniclus/XC858227__s13000__e16000.wav,
emberiza_schoeniclus,858227,Emberiza schoeniclus,/Users/justyna-przy/Projects/ISE/FYP/src/bird_data/raw/emberiza_schoeniclus/XC858227.mp3,16.0,19.0,-24.415238764022128,-29.50977026317549,drop,Fringilla coelebs,Common Chaffinch,0.5527527928352356,0.5527527928352356,drop,0,,,
emberiza_schoeniclus,858227,Emberiza schoeniclus,/Users/justyna-przy/Projects/ISE/FYP/src/bird_data/raw/emberiza_schoeniclus/XC858227.mp3,19.0,22.0,-28.0585718721509,-29.50977026317549,drop,Fringilla coelebs,Common Chaffinch,0.2739338278770447,0.2739338278770447,drop,0,,,
emberiza_schoeniclus,858225,Emberiza schoeniclus,/Users/justyna-przy/Projects/ISE/FYP/src/bird_data/raw/emberiza_schoeniclus/XC858225.mp3,4.0,7.0,-27.991173569729504,-33.90954226504904,species,Emberiza schoeniclus,Reed Bunting,0.9926761984825134,0.9926761984825134,species,0,,,
emberiza_schoeniclus,858225,Emberiza schoeniclus,/Users/justyna-przy/Projects/ISE/FYP/src/bird_data/raw/emberiza_schoeniclus/XC858225.mp3,7.0,10.0,-25.84912197221422,-33.90954226504904,species,Emberiza schoeniclus,Reed Bunting,0.9962916374206543,0.9962916374206543,species,1,rand_species,/Users/justyna-przy/Projects/ISE/FYP/src/bird_data/clips/species/emberiza_schoeniclus/XC858225__s7000__e10000.wav,
emberiza_schoeniclus,858225,Emberiza schoeniclus,/Users/justyna-przy/Projects/ISE/FYP/src/bird_data/raw/emberiza_schoeniclus/XC858225.mp3,10.0,13.0,-28.598309582129996,-33.90954226504904,species,Emberiza schoeniclus,Reed Bunting,0.9829287528991699,0.9829287528991699,species,0,,,
emberiza_schoeniclus,858225,Emberiza schoeniclus,/Users/justyna-przy/Projects/ISE/FYP/src/bird_data/raw/emberiza_schoeniclus/XC858225.mp3,13.0,16.0,-24.596868084247113,-33.90954226504904,species,Emberiza schoeniclus,Reed Bunting,0.9960685968399048,0.9960685968399048,species,1,rand_species,/Users/justyna-przy/Projects/ISE/FYP/src/bird_data/clips/species/emberiza_schoeniclus/XC858225__s13000__e16000.wav,
emberiza_schoeniclus,858225,Emberiza schoeniclus,/Users/justyna-przy/Projects/ISE/FYP/src/bird_data/raw/emberiza_schoeniclus/XC858225.mp3,16.0,19.0,-25.699352921988172,-33.90954226504904,species,Emberiza schoeniclus,Reed Bunting,0.9987169504165649,0.9987169504165649,species,0,,,
emberiza_schoeniclus,858225,Emberiza schoeniclus,/Users/justyna-przy/Projects/ISE/FYP/src/bird_data/raw/emberiza_schoeniclus/XC858225.mp3,19.0,22.0,-25.63084067411319,-33.90954226504904,species,Emberiza schoeniclus,Reed Bunting,0.9996968507766724,0.9996968507766724,species,0,,,
emberiza_schoeniclus,858225,Emberiza schoeniclus,/Users/justyna-przy/Projects/ISE/FYP/src/bird_data/raw/emberiza_schoeniclus/XC858225.mp3,25.0,28.0,-26.574107956614654,-33.90954226504904,species,Emberiza schoeniclus,Reed Bunting,0.997865617275238,0.997865617275238,species,0,,,
emberiza_schoeniclus,858225,Emberiza schoeniclus,/Users/justyna-przy/Projects/ISE/FYP/src/bird_data/raw/emberiza_schoeniclus/XC858225.mp3,28.0,31.0,-33.90954226504904,-33.90954226504904,species,Emberiza schoeniclus,Reed Bunting,0.9965115189552307,0.9965115189552307,species,1,rand_species,/Users/justyna-przy/Projects/ISE/FYP/src/bird_data/clips/species/emberiza_schoeniclus/XC858225__s28000__e31000.wav,
emberiza_schoeniclus,856036,Emberiza schoeniclus,/Users/justyna-przy/Projects/ISE/FYP/src/bird_data/raw/emberiza_schoeniclus/XC856036.mp3,4.0,7.0,-39.7643981353717,-40.0,species,Emberiza schoeniclus,Reed Bunting,0.9827897548675537,0.9827897548675537,species,1,rand_species,/Users/justyna-przy/Projects/ISE/FYP/src/bird_data/clips/species/emberiza_schoeniclus/XC856036__s4000__e7000.wav,
emberiza_schoeniclus,856036,Emberiza schoeniclus,/Users/justyna-przy/Projects/ISE/FYP/src/bird_data/raw/emberiza_schoeniclus/XC856036.mp3,7.0,10.0,-39.938829057998255,-40.0,non_bird,,,0.0,0.0,non_bird,1,nonbird_lowconf,/Users/justyna-przy/Projects/ISE/FYP/src/bird_data/clips/non_bird/emberiza_schoeniclus/XC856036__s7000__e10000.wav,
emberiza_schoeniclus,854869,Emberiza schoeniclus,/Users/justyna-przy/Projects/ISE/FYP/src/bird_data/raw/emberiza_schoeniclus/XC854869.mp3,1.0,4.0,-35.27075403088038,-40.0,species,Emberiza schoeniclus,Reed Bunting,0.8164304494857788,0.8164304494857788,species,1,rand_species,/Users/justyna-przy/Projects/ISE/FYP/src/bird_data/clips/species/emberiza_schoeniclus/XC854869__s1000__e4000.wav,
emberiza_schoeniclus,845031,Emberiza schoeniclus,/Users/justyna-przy/Projects/ISE/FYP/src/bird_data/raw/emberiza_schoeniclus/XC845031.mp3,1.0,4.0,-37.891653027315996,-40.0,species,Emberiza schoeniclus,Reed Bunting,0.8357489705085754,0.8357489705085754,species,1,rand_species,/Users/justyna-przy/Projects/ISE/FYP/src/bird_data/clips/species/emberiza_schoeniclus/XC845031__s1000__e4000.wav,
emberiza_schoeniclus,845031,Emberiza schoeniclus,/Users/justyna-przy/Projects/ISE/FYP/src/bird_data/raw/emberiza_schoeniclus/XC845031.mp3,13.0,16.0,-39.54487083860579,-40.0,species,Emberiza schoeniclus,Reed Bunting,0.3865607976913452,0.3865607976913452,species,1,rand_species,/Users/justyna-przy/Projects/ISE/FYP/src/bird_data/clips/species/emberiza_schoeniclus/XC845031__s13000__e16000.wav,
emberiza_schoeniclus,845031,Emberiza schoeniclus,/Users/justyna-przy/Projects/ISE/FYP/src/bird_data/raw/emberiza_schoeniclus/XC845031.mp3,19.0,22.0,-39.97586507334289,-40.0,species,Emberiza schoeniclus,Reed Bunting,0.8280656933784485,0.8280656933784485,species,1,rand_species,/Users/justyna-przy/Projects/ISE/FYP/src/bird_data/clips/species/emberiza_schoeniclus/XC845031__s19000__e22000.wav,
emberiza_schoeniclus,845031,Emberiza schoeniclus,/Users/justyna-przy/Projects/ISE/FYP/src/bird_data/raw/emberiza_schoeniclus/XC845031.mp3,43.0,46.0,-39.52291108956737,-40.0,species,Emberiza schoeniclus,Reed Bunting,0.9834784269332886,0.9834784269332886,species,0,,,
emberiza_schoeniclus,843523,Emberiza schoeniclus,/Users/justyna-przy/Projects/ISE/FYP/src/bird_data/raw/emberiza_schoeniclus/XC843523.mp3,10.0,13.0,-44.81862134381836,-40.0,drop,Amandava amandava,Red Avadavat,0.19540663063526154,0.19540663063526154,drop,0,,,
emberiza_schoeniclus,843156,Emberiza schoeniclus,/Users/justyna-przy/Projects/ISE/FYP/src/bird_data/raw/emberiza_schoeniclus/XC843156.mp3,10.0,13.0,-41.24912289441697,-40.0,drop,Emberiza hortulana,Ortolan Bunting,0.41421985626220703,0.41421985626220703,drop,0,,,
emberiza_schoeniclus,842806,Emberiza schoeniclus,/Users/justyna-przy/Projects/ISE/FYP/src/bird_data/raw/emberiza_schoeniclus/XC842806.mp3,1.0,4.0,-39.89951906856505,-40.0,species,Emberiza schoeniclus,Reed Bunting,0.6586117148399353,0.6586117148399353,species,1,rand_species,/Users/justyna-przy/Projects/ISE/FYP/src/bird_data/clips/species/emberiza_schoeniclus/XC842806__s1000__e4000.wav,
emberiza_schoeniclus,842806,Emberiza schoeniclus,/Users/justyna-przy/Projects/ISE/FYP/src/bird_data/raw/emberiza_schoeniclus/XC842806.mp3,4.0,7.0,-37.50389610684262,-40.0,species,Emberiza schoeniclus,Reed Bunting,0.975795328617096,0.975795328617096,species,1,rand_species,/Users/justyna-przy/Projects/ISE/FYP/src/bird_data/clips/species/emberiza_schoeniclus/XC842806__s4000__e7000.wav,
emberiza_schoeniclus,842282,Emberiza schoeniclus,/Users/justyna-przy/Projects/ISE/FYP/src/bird_data/raw/emberiza_schoeniclus/XC842282.mp3,1.0,4.0,-37.20515153795237,-38.94902139552177,species,Emberiza schoeniclus,Reed Bunting,0.5353272557258606,0.5353272557258606,species,1,rand_species,/Users/justyna-przy/Projects/ISE/FYP/src/bird_data/clips/species/emberiza_schoeniclus/XC842282__s1000__e4000.wav,
emberiza_schoeniclus,842282,Emberiza schoeniclus,/Users/justyna-przy/Projects/ISE/FYP/src/bird_data/raw/emberiza_schoeniclus/XC842282.mp3,4.0,7.0,-38.68530566401048,-38.94902139552177,non_bird,,,0.0,0.0,non_bird,1,nonbird_lowconf,/Users/justyna-przy/Projects/ISE/FYP/src/bird_data/clips/non_bird/emberiza_schoeniclus/XC842282__s4000__e7000.wav,
emberiza_schoeniclus,841249,Emberiza schoeniclus,/Users/justyna-przy/Projects/ISE/FYP/src/bird_data/raw/emberiza_schoeniclus/XC841249.mp3,1.0,4.0,-36.56076510606121,-36.56076510606121,species,Emberiza schoeniclus,Reed Bunting,0.8602077960968018,0.8602077960968018,species,1,rand_species,/Users/justyna-przy/Projects/ISE/FYP/src/bird_data/clips/species/emberiza_schoeniclus/XC841249__s1000__e4000.wav,
emberiza_schoeniclus,840750,Emberiza schoeniclus,/Users/justyna-przy/Projects/ISE/FYP/src/bird_data/raw/emberiza_schoeniclus/XC840750.mp3,4.0,7.0,-39.751173088380526,-40.0,species,Emberiza schoeniclus,Reed Bunting,0.9555702209472656,0.9555702209472656,species,1,rand_species,/Users/justyna-przy/Projects/ISE/FYP/src/bird_data/clips/species/emberiza_schoeniclus/XC840750__s4000__e7000.wav,
emberiza_schoeniclus,838259,Emberiza schoeniclus,/Users/justyna-przy/Projects/ISE/FYP/src/bird_data/raw/emberiza_schoeniclus/XC838259.mp3,1.0,4.0,-39.268853416952695,-39.268853416952695,species,Emberiza schoeniclus,Reed Bunting,0.9230620861053467,0.9230620861053467,species,1,rand_species,/Users/justyna-przy/Projects/ISE/FYP/src/bird_data/clips/species/emberiza_schoeniclus/XC838259__s1000__e4000.wav,
emberiza_schoeniclus,838247,Emberiza schoeniclus,/Users/justyna-przy/Projects/ISE/FYP/src/bird_data/raw/emberiza_schoeniclus/XC838247.mp3,1.0,4.0,-47.222697473113215,-40.0,drop,Emberiza schoeniclus,Reed Bunting,0.1350410431623459,0.1350410431623459,drop,0,,,
emberiza_schoeniclus,837734,Emberiza schoeniclus,/Users/justyna-przy/Projects/ISE/FYP/src/bird_data/raw/emberiza_schoeniclus/XC837734.mp3,1.0,4.0,-49.94112028728714,-40.0,species,Emberiza schoeniclus,Reed Bunting,0.3348028361797333,0.3348028361797333,species,1,rand_species,/Users/justyna-przy/Projects/ISE/FYP/src/bird_data/clips/species/emberiza_schoeniclus/XC837734__s1000__e4000.wav,
emberiza_schoeniclus,837093,Emberiza schoeniclus,/Users/justyna-przy/Projects/ISE/FYP/src/bird_data/raw/emberiza_schoeniclus/XC837093.mp3,1.0,4.0,-27.98501462302069,-29.009186463077526,non_bird,,,0.0,0.0,non_bird,1,nonbird_lowconf,/Users/justyna-przy/Projects/ISE/FYP/src/bird_data/clips/non_bird/emberiza_schoeniclus/XC837093__s1000__e4000.wav,
emberiza_schoeniclus,837093,Emberiza schoeniclus,/Users/justyna-przy/Projects/ISE/FYP/src/bird_data/raw/emberiza_schoeniclus/XC837093.mp3,4.0,7.0,-28.521042356454487,-29.009186463077526,species,Emberiza schoeniclus,Reed Bunting,0.977141261100769,0.977141261100769,species,1,rand_species,/Users/justyna-przy/Projects/ISE/FYP/src/bird_data/clips/species/emberiza_schoeniclus/XC837093__s4000__e7000.wav,
emberiza_schoeniclus,836588,Emberiza schoeniclus,/Users/justyna-przy/Projects/ISE/FYP/src/bird_data/raw/emberiza_schoeniclus/XC836588.mp3,10.0,13.0,-40.9015005774132,-40.0,non_bird,,,0.0,0.0,non_bird,1,nonbird_lowconf,/Users/justyna-przy/Projects/ISE/FYP/src/bird_data/clips/non_bird/emberiza_schoeniclus/XC836588__s10000__e13000.wav,
