xc_id,sci_name,common_name,recordist,country,date,time,length_s,quality,type,method,animal_seen,also,sampling_rate,xc_url,file_url,local_path
992385,Emberiza citrinella,Yellowhammer,Tero Linjama,Finland,2025-04-27,18:00,13,A,song,field recording,yes,[],44100,https://xeno-canto.org/992385,https://xeno-canto.org/992385/download,
985932,Emberiza citrinella,Yellowhammer,Lars Edenius,Sweden,2025-04-06,07:30,29,A,song,field recording,yes,"[""Fringilla coelebs"", ""Cygnus cygnus""]",48000,https://xeno-canto.org/985932,https://xeno-canto.org/985932/download,
983981,Emberiza citrinella,Yellowhammer,Cyrille Frey,France,2025-03-29,09:00,29,A,song,field recording,yes,[],44100,https://xeno-canto.org/983981,https://xeno-canto.org/983981/download,
981979,Emberiza citrinella,Yellowhammer,Lars Edenius,Sweden,2025-03-21,07:00,48,A,song,field recording,yes,"[""Pyrrhula pyrrhula""]",48000,https://xeno-canto.org/981979,https://xeno-canto.org/981979/download,
981978,Emberiza citrinella,Yellowhammer,Lars Edenius,Sweden,2025-03-21,07:00,30,A,song,field recording,yes,"[""Parus major""]",48000,https://xeno-canto.org/981978,https://xeno-canto.org/981978/download,
980764,Emberiza citrinella,Yellowhammer,Thomas Bergman,Sweden,2025-03-14,17:42,33,A,call,field recording,yes,[],48000,https://xeno-canto.org/980764,https://xeno-canto.org/980764/download,
957093,Emberiza citrinella,Yellowhammer,Jarek Matusiak,Poland,2024-03-28,16:00,31,A,song,field recording,yes,[],48000,https://xeno-canto.org/957093,https://xeno-canto.org/957093/download,
919934,Emberiza citrinella,Yellowhammer,Jacobo Ramil Millarengo,Spain,2024-07-07,08:30,22,A,call,field recording,yes,"[""Sylvia atricapilla""]",44100,https://xeno-canto.org/919934,https://xeno-canto.org/919934/download,
919282,Emberiza citrinella,Yellowhammer,Martin Billard,France,2024-06-26,20:14,36,A,song,field recording,yes,[],44100,https://xeno-canto.org/919282,https://xeno-canto.org/919282/download,
918129,Emberiza citrinella,Yellowhammer,Jacobo Ramil Millarengo,Spain,2024-07-02,12:30,55,A,song,field recording,yes,[],44100,https://xeno-canto.org/918129,https://xeno-canto.org/918129/download,
914643,Emberiza citrinella,Yellowhammer,Arjun Dutta,United Kingdom,2022-05-14,08:30,45,A,song,field recording,yes,[],44100,https://xeno-canto.org/914643,https://xeno-canto.org/914643/download,
901911,Emberiza citrinella,Yellowhammer,Jacobo Ramil Millarengo,Spain,2024-05-10,11:00,55,A,song,field recording,no,"[""Alauda arvensis""]",44100,https://xeno-canto.org/901911,https://xeno-canto.org/901911/download,
895088,Emberiza citrinella,Yellowhammer,Martin Billard,France,2024-04-10,08:32,28,A,song,field recording,yes,[],44100,https://xeno-canto.org/895088,https://xeno-canto.org/895088/download,
841213,Emberiza citrinella,Yellowhammer,Beatrix Saadi-Varchmin,Germany,2023-06-18,06:30,28,A,"alarm call, call, air enemy call",field recording,yes,"[""Phylloscopus collybita""]",44100,https://xeno-canto.org/841213,https://xeno-canto.org/841213/download,
817773,Emberiza citrinella,Yellowhammer,Dominique Guillerme,France,2023-07-13,07:30,13,A,call,in the hand,yes,[],48000,https://xeno-canto.org/817773,https://xeno-canto.org/817773/download,
817772,Emberiza citrinella,Yellowhammer,Dominique Guillerme,France,2023-07-13,07:30,31,A,"call, contact calls",in the hand,yes,[],48000,https://xeno-canto.org/817772,https://xeno-canto.org/817772/download,
817771,Emberiza citrinella,Yellowhammer,Dominique Guillerme,France,2023-07-13,07:30,37,A,"call, contact calls",in the hand,yes,[],48000,https://xeno-canto.org/817771,https://xeno-canto.org/817771/download,
814257,Emberiza citrinella,Yellowhammer,Anders Westman,Sweden,2023-05-14,10:00,23,A,call,field recording,no,[],44100,https://xeno-canto.org/814257,https://xeno-canto.org/814257/download,
798299,Emberiza citrinella,Yellowhammer,Johannes Dag Mayer,Germany,2023-04-30,8:30,35,A,song,field recording,yes,"[""Sylvia atricapilla"", ""Phoenicurus phoenicurus"", ""Sturnus vulgaris""]",44100,https://xeno-canto.org/798299,https://xeno-canto.org/798299/download,
793279,Emberiza citrinella,Yellowhammer,Lars Edenius,Sweden,2023-04-14,07:00,19,A,call,field recording,yes,[],48000,https://xeno-canto.org/793279,https://xeno-canto.org/793279/download,
770013,Emberiza citrinella,Yellowhammer,Michel Veldt,Netherlands,2021-05-17,21:25,59,A,song,field recording,yes,[],48000,https://xeno-canto.org/770013,https://xeno-canto.org/770013/download,
759872,Emberiza citrinella,Yellowhammer,Niels Van Doninck,Sweden,2022-05-22,20:00,19,A,"call, flight call",field recording,yes,"[""Alauda arvensis"", ""Phylloscopus trochilus"", ""Luscinia luscinia""]",48000,https://xeno-canto.org/759872,https://xeno-canto.org/759872/download,
759870,Emberiza citrinella,Yellowhammer,Niels Van Doninck,Sweden,2022-05-22,20:00,23,A,"call, flight call",field recording,yes,"[""Phylloscopus trochilus"", ""Turdus merula"", ""Luscinia luscinia""]",48000,https://xeno-canto.org/759870,https://xeno-canto.org/759870/download,
755103,Emberiza citrinella,Yellowhammer,Mats Olsson,Sweden,2022-05-01,09:00,27,A,call,field recording,yes,"[""Jynx torquilla"", ""Fringilla coelebs"", ""Linaria cannabina""]",44100,https://xeno-canto.org/755103,https://xeno-canto.org/755103/download,
751209,Emberiza citrinella,Yellowhammer,Lars Edenius,Sweden,2022-09-28,08:00,22,A,call,field recording,yes,[],48000,https://xeno-canto.org/751209,https://xeno-canto.org/751209/download,
722883,Emberiza citrinella,Yellowhammer,Jarek Matusiak,Poland,2022-05-08,12:00,26,A,song,field recording,unknown,[],32000,https://xeno-canto.org/722883,https://xeno-canto.org/722883/download,
715853,Emberiza citrinella,Yellowhammer,Lars Edenius,Sweden,2022-04-16,06:30,34,A,song,field recording,yes,[],48000,https://xeno-canto.org/715853,https://xeno-canto.org/715853/download,
715852,Emberiza citrinella,Yellowhammer,Lars Edenius,Sweden,2022-04-16,06:30,33,A,song,field recording,yes,[],48000,https://xeno-canto.org/715852,https://xeno-canto.org/715852/download,
713035,Emberiza citrinella,Yellowhammer,Teet Sirotkin,Sweden,2022-04-02,07:02,28,A,flight call,field recording,no,[],48000,https://xeno-canto.org/713035,https://xeno-canto.org/713035/download,
711833,Emberiza citrinella,Yellowhammer,Jacobo Ramil MIllarengo,Spain,2022-03-18,19:00,34,A,song,field recording,yes,"[""Alauda arvensis""]",44100,https://xeno-canto.org/711833,https://xeno-canto.org/711833/download,
711828,Emberiza citrinella,Yellowhammer,Jacobo Ramil MIllarengo,Spain,2022-03-18,18:30,40,A,call,field recording,yes,[],44100,https://xeno-canto.org/711828,https://xeno-canto.org/711828/download,
711214,Emberiza citrinella,Yellowhammer,Lars Edenius,Sweden,2022-03-27,08:00,28,A,song,field recording,yes,"[""Spinus spinus""]",48000,https://xeno-canto.org/711214,https://xeno-canto.org/711214/download,
703597,Emberiza citrinella,Yellowhammer,Beatrix Saadi-Varchmin,Germany,2022-02-18,11:49,12,A,"aberrant, call, song, early spring song",field recording,yes,[],44100,https://xeno-canto.org/703597,https://xeno-canto.org/703597/download,
703596,Emberiza citrinella,Yellowhammer,Beatrix Saadi-Varchmin,Germany,2022-02-18,11:31,32,A,"aberrant, call, song, early spring song",field recording,yes,[],44100,https://xeno-canto.org/703596,https://xeno-canto.org/703596/download,
700131,Emberiza citrinella,Yellowhammer,Dominique Guillerme,France,2020-02-21,10:00,41,A,song,field recording,yes,"[""Lullula arborea""]",48000,https://xeno-canto.org/700131,https://xeno-canto.org/700131/download,
697920,Emberiza citrinella,Yellowhammer,Dominique Guillerme,France,2020-02-21,10:50,41,A,song,field recording,no,"[""Lullula arborea""]",48000,https://xeno-canto.org/697920,https://xeno-canto.org/697920/download,
697519,Emberiza citrinella,Yellowhammer,Romuald Mikusek,Poland,2021-03-13,09:00,28,A,call,field recording,yes,[],48000,https://xeno-canto.org/697519,https://xeno-canto.org/697519/download,
687650,Emberiza citrinella,Yellowhammer,Niels Van Doninck,Norway,2021-06-05,18:35,32,A,song,field recording,yes,"[""Phylloscopus trochilus"", ""Corvus corax""]",48000,https://xeno-canto.org/687650,https://xeno-canto.org/687650/download,
662899,Emberiza citrinella,Yellowhammer,Lars Edenius,Sweden,2021-07-13,09:00,31,A,alarm call,field recording,yes,[],48000,https://xeno-canto.org/662899,https://xeno-canto.org/662899/download,
655122,Emberiza citrinella,Yellowhammer,david m,United Kingdom,2021-05-16,05:21,18,A,call,field recording,yes,"[""Columba palumbus"", ""Corvus corone"", ""Troglodytes troglodytes""]",48000,https://xeno-canto.org/655122,https://xeno-canto.org/655122/download,
641766,Emberiza citrinella,Yellowhammer,Marcel Gil Velasco,Spain,2021-04-22,09:30,30,A,song,field recording,yes,[],44100,https://xeno-canto.org/641766,https://xeno-canto.org/641766/download,
637703,Emberiza citrinella,Yellowhammer,Peter Boesman,Belgium,2021-04-09,08:00,25,A,call,field recording,unknown,[],44100,https://xeno-canto.org/637703,https://xeno-canto.org/637703/download,
635612,Emberiza citrinella,Yellowhammer,Lars Edenius,Sweden,2021-04-04,08:00,18,A,"call, song",field recording,yes,[],48000,https://xeno-canto.org/635612,https://xeno-canto.org/635612/download,
635611,Emberiza citrinella,Yellowhammer,Lars Edenius,Sweden,2021-04-04,08:00,22,A,song,field recording,yes,[],48000,https://xeno-canto.org/635611,https://xeno-canto.org/635611/download,
635610,Emberiza citrinella,Yellowhammer,Lars Edenius,Sweden,2021-04-04,08:00,37,A,"call, song",field recording,yes,[],48000,https://xeno-canto.org/635610,https://xeno-canto.org/635610/download,
633248,Emberiza citrinella,Yellowhammer,Stanislas Wroza,France,2021-03-26,07:30,46,A,"call, long buzzed call",field recording,yes,[],48000,https://xeno-canto.org/633248,https://xeno-canto.org/633248/download,
631988,Emberiza citrinella,Yellowhammer,Lars Edenius,Sweden,2021-03-26,07:00,49,A,"call, song",field recording,yes,[],48000,https://xeno-canto.org/631988,https://xeno-canto.org/631988/download,
631534,Emberiza citrinella,Yellowhammer,Marcin Urbański,Poland,2021-03-24,18:00,15,A,call,field recording,yes,[],44100,https://xeno-canto.org/631534,https://xeno-canto.org/631534/download,
629901,Emberiza citrinella,Yellowhammer,Anders Westman,Sweden,2021-03-13,16:30,54,A,song,field recording,yes,[],44100,https://xeno-canto.org/629901,https://xeno-canto.org/629901/download,
596542,Emberiza citrinella,Yellowhammer,Lars Edenius,Sweden,2020-10-20,11:00,17,A,call,field recording,yes,[],48000,https://xeno-canto.org/596542,https://xeno-canto.org/596542/download,
592685,Emberiza citrinella,Yellowhammer,Jarek Matusiak,Poland,2019-04-25,14:00,12,A,"alarm call, call",field recording,unknown,[],32000,https://xeno-canto.org/592685,https://xeno-canto.org/592685/download,
567833,Emberiza citrinella,Yellowhammer,Tanguy Loïs,France,2020-06-13,10:00,20,A,"alarm call, call",field recording,yes,[],48000,https://xeno-canto.org/567833,https://xeno-canto.org/567833/download,
567506,Emberiza citrinella,Yellowhammer,Peter Boesman,Belgium,2020-06-11,07:15,56,A,call,field recording,unknown,[],44100,https://xeno-canto.org/567506,https://xeno-canto.org/567506/download,
563645,Emberiza citrinella,Yellowhammer,Bodo Sonnenburg,Germany,2020-05-31,05:27,53,A,song,field recording,yes,"[""Lullula arborea"", ""Erithacus rubecula""]",48000,https://xeno-canto.org/563645,https://xeno-canto.org/563645/download,
559768,Emberiza citrinella,Yellowhammer,Jarek Matusiak,Poland,2020-05-19,08:00,54,A,song,field recording,unknown,[],48000,https://xeno-canto.org/559768,https://xeno-canto.org/559768/download,
559614,Emberiza citrinella,Yellowhammer,Jarek Matusiak,Poland,2020-05-17,10:00,58,A,"song, wings",field recording,unknown,[],48000,https://xeno-canto.org/559614,https://xeno-canto.org/559614/download,
559612,Emberiza citrinella,Yellowhammer,Jarek Matusiak,Poland,2020-05-17,10:00,41,A,"song, wings",field recording,unknown,[],48000,https://xeno-canto.org/559612,https://xeno-canto.org/559612/download,
544996,Emberiza citrinella,Yellowhammer,Markus Jacobs,Germany,2020-04-12,08:16,38,A,call,field recording,yes,"[""Alauda arvensis""]",44100,https://xeno-canto.org/544996,https://xeno-canto.org/544996/download,
493314,Emberiza citrinella,Yellowhammer,Jarek Matusiak,Poland,2017-07-26,15:00,5,A,song,field recording,yes,[],32000,https://xeno-canto.org/493314,https://xeno-canto.org/493314/download,
475303,Emberiza citrinella,Yellowhammer,Jarek Matusiak,Poland,2019-05-12,16:00,22,A,song,field recording,yes,[],44100,https://xeno-canto.org/475303,https://xeno-canto.org/475303/download,
475297,Emberiza citrinella,Yellowhammer,Jarek Matusiak,Poland,2019-05-12,16:00,39,A,song,field recording,yes,[],32000,https://xeno-canto.org/475297,https://xeno-canto.org/475297/download,
471512,Emberiza citrinella,Yellowhammer,Stanislas Wroza,France,2019-05-05,09:00,47,A,song,field recording,yes,[],48000,https://xeno-canto.org/471512,https://xeno-canto.org/471512/download,
471509,Emberiza citrinella,Yellowhammer,Stanislas Wroza,France,2019-05-05,09:00,14,A,song,field recording,yes,[],48000,https://xeno-canto.org/471509,https://xeno-canto.org/471509/download,
466795,Emberiza citrinella,Yellowhammer,Lars Edenius,Sweden,2019-04-15,07:30,41,A,song,field recording,yes,"[""Cyanistes caeruleus"", ""Fringilla coelebs"", ""Turdus merula""]",48000,https://xeno-canto.org/466795,https://xeno-canto.org/466795/download,
463357,Emberiza citrinella,Yellowhammer,Lars Edenius,Sweden,2019-03-25,07:00,52,A,song,field recording,yes,[],48000,https://xeno-canto.org/463357,https://xeno-canto.org/463357/download,
462588,Emberiza citrinella,Yellowhammer,Stanislas Wroza,Poland,2019-03-20,09:00,39,A,"song, type ""be""",field recording,yes,[],44100,https://xeno-canto.org/462588,https://xeno-canto.org/462588/download,
462159,Emberiza citrinella,Yellowhammer,Jarek Matusiak,Poland,2019-03-17,16:00,35,A,song,field recording,yes,[],32000,https://xeno-canto.org/462159,https://xeno-canto.org/462159/download,
444019,Emberiza citrinella,Yellowhammer,Karl-Birger Strann,Norway,2006-04-30,07:30,54,A,song,field recording,yes,"[""Fringilla coelebs""]",48000,https://xeno-canto.org/444019,https://xeno-canto.org/444019/download,
442792,Emberiza citrinella,Yellowhammer,W. Agster,Germany,2018-11-15,10:00,26,A,call,field recording,yes,[],48000,https://xeno-canto.org/442792,https://xeno-canto.org/442792/download,
439517,Emberiza citrinella,Yellowhammer,Alain Verneau,France,2018-06-04,14:30,28,A,song,field recording,yes,[],44100,https://xeno-canto.org/439517,https://xeno-canto.org/439517/download,
417763,Emberiza citrinella,Yellowhammer,Jarek Matusiak,Poland,2018-05-20,09:00,19,A,song,field recording,yes,"[""Emberiza hortulana""]",48000,https://xeno-canto.org/417763,https://xeno-canto.org/417763/download,
416975,Emberiza citrinella,Yellowhammer,Hans Matheve,Belgium,2018-05-21,?,20,A,song,field recording,yes,[],48000,https://xeno-canto.org/416975,https://xeno-canto.org/416975/download,
415137,Emberiza citrinella,Yellowhammer,Lars Edenius,Sweden,2018-05-13,08:00,33,A,song,field recording,yes,"[""Phylloscopus trochilus""]",48000,https://xeno-canto.org/415137,https://xeno-canto.org/415137/download,
405476,Emberiza citrinella,Yellowhammer,Ad Postma,Netherlands,2018-03-11,08:00,41,A,song,field recording,unknown,[],44100,https://xeno-canto.org/405476,https://xeno-canto.org/405476/download,
402005,Emberiza citrinella,Yellowhammer,Jarek Matusiak,Poland,2017-07-28,12:00,27,A,"aberrant, song",field recording,yes,[],48000,https://xeno-canto.org/402005,https://xeno-canto.org/402005/download,
380183,Emberiza citrinella,Yellowhammer,Jerome Fischer,Switzerland,2017-07-05,09:00,12,A,call,field recording,yes,[],48000,https://xeno-canto.org/380183,https://xeno-canto.org/380183/download,
372908,Emberiza citrinella,Yellowhammer,Sonnenburg,Germany,2017-05-30,05:15,56,A,song,field recording,yes,"[""Saxicola rubetra""]",44100,https://xeno-canto.org/372908,https://xeno-canto.org/372908/download,
366718,Emberiza citrinella,Yellowhammer,Timo Schnabel,France,2017-04-16,19:38,23,A,call,field recording,yes,"[""Turdus merula"", ""Phylloscopus collybita""]",44100,https://xeno-canto.org/366718,https://xeno-canto.org/366718/download,
365796,Emberiza citrinella,Yellowhammer,Lars Edenius,Sweden,2017-04-23,09:00,30,A,song,field recording,yes,"[""Fringilla coelebs"", ""Cygnus cygnus"", ""Parus major""]",44100,https://xeno-canto.org/365796,https://xeno-canto.org/365796/download,
361919,Emberiza citrinella,Yellowhammer,Elias A. Ryberg,Norway,2017-03-28,09:10,45,A,call,field recording,yes,"[""Fringilla coelebs""]",48000,https://xeno-canto.org/361919,https://xeno-canto.org/361919/download,
361314,Emberiza citrinella,Yellowhammer,Annette Hamann,Germany,2017-03-22,08:30,57,A,song,field recording,yes,"[""Spinus spinus"", ""Chloris chloris""]",44100,https://xeno-canto.org/361314,https://xeno-canto.org/361314/download,
326702,Emberiza citrinella,Yellowhammer,Timo Schnabel,Germany,2016-04-24,19:45,20,A,song,field recording,yes,"[""Fringilla coelebs"", ""Parus major""]",44100,https://xeno-canto.org/326702,https://xeno-canto.org/326702/download,
326701,Emberiza citrinella,Yellowhammer,Timo Schnabel,Germany,2016-04-24,19:43,33,A,call,field recording,yes,"[""Parus major"", ""Phylloscopus collybita""]",44100,https://xeno-canto.org/326701,https://xeno-canto.org/326701/download,
324121,Emberiza citrinella,Yellowhammer,Jarek Matusiak,Poland,2016-06-24,13:00,51,A,song,field recording,unknown,[],32000,https://xeno-canto.org/324121,https://xeno-canto.org/324121/download,
315861,Emberiza citrinella,Yellowhammer,Timo Schnabel,Germany,2016-03-09,18:41,27,A,call,field recording,yes,"[""Erithacus rubecula"", ""Emberiza citrinella""]",44100,https://xeno-canto.org/315861,https://xeno-canto.org/315861/download,
315115,Emberiza citrinella,Yellowhammer,Ad Postma,Netherlands,2016-05-05,07:00,47,A,song,field recording,yes,[],44100,https://xeno-canto.org/315115,https://xeno-canto.org/315115/download,
291968,Emberiza citrinella,Yellowhammer,Mikael Litsgård,Sweden,2015-05-03,06:48,6,A,call,field recording,yes,[],44100,https://xeno-canto.org/291968,https://xeno-canto.org/291968/download,
281814,Emberiza citrinella,Yellowhammer,Peter Boesman,Belgium,2007-06-02,11:10,57,A,call,field recording,unknown,[],44100,https://xeno-canto.org/281814,https://xeno-canto.org/281814/download,
281813,Emberiza citrinella,Yellowhammer,Peter Boesman,Belgium,2007-05-16,10:50,55,A,call,field recording,unknown,[],44100,https://xeno-canto.org/281813,https://xeno-canto.org/281813/download,
281811,Emberiza citrinella,Yellowhammer,Peter Boesman,Belgium,2007-05-16,10:40,46,A,call,field recording,unknown,[],44100,https://xeno-canto.org/281811,https://xeno-canto.org/281811/download,
281810,Emberiza citrinella,Yellowhammer,Peter Boesman,Netherlands,2008-05-12,?,58,A,call,field recording,unknown,[],44100,https://xeno-canto.org/281810,https://xeno-canto.org/281810/download,
281807,Emberiza citrinella,Yellowhammer,Peter Boesman,Belgium,2007-05-12,19:40,50,A,song,field recording,unknown,[],44100,https://xeno-canto.org/281807,https://xeno-canto.org/281807/download,
281806,Emberiza citrinella,Yellowhammer,Peter Boesman,Belgium,2007-05-12,19:40,45,A,song,field recording,unknown,[],44100,https://xeno-canto.org/281806,https://xeno-canto.org/281806/download,
260119,Emberiza citrinella,Yellowhammer,david m,United Kingdom,2015-05-19,05:56,52,A,song,field recording,yes,"[""Alauda arvensis""]",48000,https://xeno-canto.org/260119,https://xeno-canto.org/260119/download,
240886,Emberiza citrinella,Yellowhammer,Antony Schubert,France,2015-05-10,09:00,38,A,song,field recording,yes,[],48000,https://xeno-canto.org/240886,https://xeno-canto.org/240886/download,
236477,Emberiza citrinella,Yellowhammer,Terje Kolaas,Norway,2015-04-17,07:00,16,A,call,field recording,yes,[],48000,https://xeno-canto.org/236477,https://xeno-canto.org/236477/download,
235710,Emberiza citrinella,Yellowhammer,Mikael Litsgård,Sweden,2015-04-09,06:12,23,A,call,field recording,yes,"[""Chloris chloris""]",44100,https://xeno-canto.org/235710,https://xeno-canto.org/235710/download,
212563,Emberiza citrinella,Yellowhammer,PE Svahn,Sweden,2014-03-21,10:00,22,A,song,field recording,yes,[],44100,https://xeno-canto.org/212563,https://xeno-canto.org/212563/download,
208695,Emberiza citrinella,Yellowhammer,Mikael Litsgård,Sweden,2014-07-06,02:38,58,A,song,field recording,yes,[],44100,https://xeno-canto.org/208695,https://xeno-canto.org/208695/download,
180948,Emberiza citrinella,Yellowhammer,Dawid Jablonski,United Kingdom,2014-06-01,17:00,4,A,song,field recording,yes,[],44100,https://xeno-canto.org/180948,https://xeno-canto.org/180948/download,
168017,Emberiza citrinella,Yellowhammer,david m,United Kingdom,2012-02-25,07:08,43,A,"call, song",field recording,yes,"[""Cyanistes caeruleus"", ""Fringilla coelebs"", ""Corvus corone""]",48000,https://xeno-canto.org/168017,https://xeno-canto.org/168017/download,
144327,Emberiza citrinella,Yellowhammer,Buhl Johannes,Germany,2013-08-04,08:00,43,A,call,field recording,unknown,[],48000,https://xeno-canto.org/144327,https://xeno-canto.org/144327/download,
140578,Emberiza citrinella,Yellowhammer,Fernand DEROUSSEN,Poland,2007-06-08,05:00,59,A,song,field recording,yes,[],44100,https://xeno-canto.org/140578,https://xeno-canto.org/140578/download,
110320,Emberiza citrinella,Yellowhammer,Patrik Åberg,Sweden,2012-04-14,09:55,55,A,"call, anxiety call",field recording,yes,"[""Turdus philomelos"", ""Troglodytes troglodytes""]",44100,https://xeno-canto.org/110320,https://xeno-canto.org/110320/download,
105527,Emberiza citrinella,Yellowhammer,Volker Arnold,Germany,2012-07-03,21.11,55,A,song,field recording,unknown,"[""Sylvia atricapilla"", ""Chloris chloris""]",44100,https://xeno-canto.org/105527,https://xeno-canto.org/105527/download,
101137,Emberiza citrinella,Yellowhammer,Mathias Ritschard,Poland,2012-05-16,?,6,A,call,field recording,unknown,[],48000,https://xeno-canto.org/101137,https://xeno-canto.org/101137/download,
100975,Emberiza citrinella,Yellowhammer,Mathias Ritschard,Poland,2012-04-27,?,55,A,song,field recording,unknown,[],48000,https://xeno-canto.org/100975,https://xeno-canto.org/100975/download,
79058,Emberiza citrinella,Yellowhammer,Volker Arnold,Germany,2011-05-29,6.46,33,A,song,field recording,unknown,"[""Turdus philomelos"", ""Turdus merula"", ""Corvus corone""]",44100,https://xeno-canto.org/79058,https://xeno-canto.org/79058/download,
46380,Emberiza citrinella,Yellowhammer,Matthias Feuersenger,Germany,2010-04-05,08:27,31,A,call,field recording,unknown,[],44100,https://xeno-canto.org/46380,https://xeno-canto.org/46380/download,
27579,Emberiza citrinella,Yellowhammer,Patrik Åberg,Sweden,2007-05-17,?,21,A,alarm call,field recording,unknown,[],44100,https://xeno-canto.org/27579,https://xeno-canto.org/27579/download,
1086019,Emberiza citrinella,Yellowhammer,Andrew Harrop,United Kingdom,2026-03-08,11:00,2,B,song,field recording,yes,[],44100,https://xeno-canto.org/1086019,https://xeno-canto.org/1086019/download,
1085585,Emberiza citrinella,Yellowhammer,Petter Westberg,Sweden,2025-05-07,10:00,22,B,song,field recording,yes,"[""Columba palumbus"", ""Phylloscopus trochilus"", ""Phylloscopus collybita""]",96000,https://xeno-canto.org/1085585,https://xeno-canto.org/1085585/download,
1085584,Emberiza citrinella,Yellowhammer,Petter Westberg,Sweden,2025-05-07,10:00,28,B,call,field recording,yes,"[""Fringilla coelebs"", ""Phylloscopus trochilus"", ""Turdus philomelos"", ""Sylvia atricapilla""]",96000,https://xeno-canto.org/1085584,https://xeno-canto.org/1085584/download,
1083081,Emberiza citrinella,Yellowhammer,chambris,France,2026-02-24,02:30,3,B,"call, flight call, nocturnal flight call",field recording,no,[],44100,https://xeno-canto.org/1083081,https://xeno-canto.org/1083081/download,
1076833,Emberiza citrinella,Yellowhammer,Lars Lachmann,Germany,2025-02-22,10:00,57,B,"aberrant, song",field recording,yes,[],48000,https://xeno-canto.org/1076833,https://xeno-canto.org/1076833/download,
1072413,Emberiza citrinella,Yellowhammer,Alex Lin-Moore,Austria,2025-04-15,09:30,23,B,song,field recording,yes,[],44100,https://xeno-canto.org/1072413,https://xeno-canto.org/1072413/download,
1063619,Emberiza citrinella,Yellowhammer,Andrzej Gusztyn,Poland,2019-05-01,?,4,B,song,field recording,unknown,[],44100,https://xeno-canto.org/1063619,https://xeno-canto.org/1063619/download,
1062335,Emberiza citrinella,Yellowhammer,Dean Cornish,United Kingdom,2025-12-02,23:30,3,B,"call, flight call, nocturnal flight call",field recording,no,[],24000,https://xeno-canto.org/1062335,https://xeno-canto.org/1062335/download,
1055750,Emberiza citrinella,Yellowhammer,Stanislas Wroza,France,2025-11-02,9:00,21,B,"aberrant, flight call, little-bunting-like",field recording,unknown,[],48000,https://xeno-canto.org/1055750,https://xeno-canto.org/1055750/download,
1055749,Emberiza citrinella,Yellowhammer,Stanislas Wroza,France,2025-11-02,9:00,8,B,flight call,field recording,unknown,[],48000,https://xeno-canto.org/1055749,https://xeno-canto.org/1055749/download,
1055731,Emberiza citrinella,Yellowhammer,Stanislas Wroza,France,2025-10-13,9:00,10,B,flight call,field recording,unknown,[],48000,https://xeno-canto.org/1055731,https://xeno-canto.org/1055731/download,
1055722,Emberiza citrinella,Yellowhammer,Stanislas Wroza,France,2025-11-03,9:00,12,B,flight call,field recording,unknown,[],48000,https://xeno-canto.org/1055722,https://xeno-canto.org/1055722/download,
1055712,Emberiza citrinella,Yellowhammer,Stanislas Wroza,France,2025-09-17,8:52,3,B,flight call,field recording,unknown,[],44100,https://xeno-canto.org/1055712,https://xeno-canto.org/1055712/download,
1055675,Emberiza citrinella,Yellowhammer,Stanislas Wroza,France,2025-10-15,11:12,10,B,flight call,field recording,unknown,[],44100,https://xeno-canto.org/1055675,https://xeno-canto.org/1055675/download,
1055666,Emberiza citrinella,Yellowhammer,Stanislas Wroza,France,2025-10-15,10:02,26,B,flight call,field recording,unknown,[],44100,https://xeno-canto.org/1055666,https://xeno-canto.org/1055666/download,
1055665,Emberiza citrinella,Yellowhammer,Stanislas Wroza,France,2025-10-15,9:50,17,B,flight call,field recording,unknown,[],44100,https://xeno-canto.org/1055665,https://xeno-canto.org/1055665/download,
1055593,Emberiza citrinella,Yellowhammer,Stanislas Wroza,France,2025-10-01,9:15,23,B,flight call,field recording,unknown,[],44100,https://xeno-canto.org/1055593,https://xeno-canto.org/1055593/download,
1055592,Emberiza citrinella,Yellowhammer,Stanislas Wroza,France,2025-10-01,9:14,29,B,flight call,field recording,unknown,[],44100,https://xeno-canto.org/1055592,https://xeno-canto.org/1055592/download,
1055545,Emberiza citrinella,Yellowhammer,Stanislas Wroza,France,2025-09-30,9:32,12,B,flight call,field recording,unknown,[],44100,https://xeno-canto.org/1055545,https://xeno-canto.org/1055545/download,
1055544,Emberiza citrinella,Yellowhammer,Stanislas Wroza,France,2025-09-30,9:17,15,B,flight call,field recording,unknown,[],44100,https://xeno-canto.org/1055544,https://xeno-canto.org/1055544/download,
1055525,Emberiza citrinella,Yellowhammer,Stanislas Wroza,France,2025-09-23,11:54,7,B,flight call,field recording,unknown,[],44100,https://xeno-canto.org/1055525,https://xeno-canto.org/1055525/download,
1055502,Emberiza citrinella,Yellowhammer,Stanislas Wroza,France,2025-09-16,9:20,18,B,flight call,field recording,unknown,[],44100,https://xeno-canto.org/1055502,https://xeno-canto.org/1055502/download,
1055484,Emberiza citrinella,Yellowhammer,Stanislas Wroza,France,2025-10-28,10:18,11,B,flight call,field recording,unknown,[],44100,https://xeno-canto.org/1055484,https://xeno-canto.org/1055484/download,
1055477,Emberiza citrinella,Yellowhammer,Stanislas Wroza,France,2025-10-28,8:55,40,B,flight call,field recording,unknown,[],44100,https://xeno-canto.org/1055477,https://xeno-canto.org/1055477/download,
1055465,Emberiza citrinella,Yellowhammer,Stanislas Wroza,France,2025-10-21,13:45,19,B,flight call,field recording,unknown,[],44100,https://xeno-canto.org/1055465,https://xeno-canto.org/1055465/download,
1055403,Emberiza citrinella,Yellowhammer,Stanislas Wroza,France,2025-10-07,10:38,12,B,flight call,field recording,unknown,[],44100,https://xeno-canto.org/1055403,https://xeno-canto.org/1055403/download,
1055396,Emberiza citrinella,Yellowhammer,Stanislas Wroza,France,2025-10-07,9:30,9,B,flight call,field recording,unknown,[],44100,https://xeno-canto.org/1055396,https://xeno-canto.org/1055396/download,
1055314,Emberiza citrinella,Yellowhammer,Stanislas Wroza,France,2025-10-09,12:12,12,B,flight call,field recording,unknown,[],44100,https://xeno-canto.org/1055314,https://xeno-canto.org/1055314/download,
1055313,Emberiza citrinella,Yellowhammer,Stanislas Wroza,France,2025-10-09,11:31,9,B,flight call,field recording,unknown,[],44100,https://xeno-canto.org/1055313,https://xeno-canto.org/1055313/download,
1055284,Emberiza citrinella,Yellowhammer,Stanislas Wroza,France,2025-11-06,10:25,7,B,flight call,field recording,unknown,[],44100,https://xeno-canto.org/1055284,https://xeno-canto.org/1055284/download,
1055225,Emberiza citrinella,Yellowhammer,Stanislas Wroza,France,2025-09-28,9:12,25,B,flight call,field recording,unknown,[],44100,https://xeno-canto.org/1055225,https://xeno-canto.org/1055225/download,
1055087,Emberiza citrinella,Yellowhammer,Stanislas Wroza,France,2025-10-11,11:45,24,B,flight call,field recording,unknown,[],44100,https://xeno-canto.org/1055087,https://xeno-canto.org/1055087/download,
1055080,Emberiza citrinella,Yellowhammer,Stanislas Wroza,France,2025-10-11,8:35,18,B,flight call,field recording,unknown,[],44100,https://xeno-canto.org/1055080,https://xeno-canto.org/1055080/download,
1055072,Emberiza citrinella,Yellowhammer,Stanislas Wroza,France,2025-11-08,10:51,13,B,"flight call, lazy-call",field recording,unknown,[],44100,https://xeno-canto.org/1055072,https://xeno-canto.org/1055072/download,
1055067,Emberiza citrinella,Yellowhammer,Stanislas Wroza,France,2025-11-08,10:00,12,B,"flight call, tik-call",field recording,unknown,[],44100,https://xeno-canto.org/1055067,https://xeno-canto.org/1055067/download,
1055066,Emberiza citrinella,Yellowhammer,Stanislas Wroza,France,2025-11-08,10:00,17,B,"flight call, tik-call",field recording,unknown,[],44100,https://xeno-canto.org/1055066,https://xeno-canto.org/1055066/download,
1055065,Emberiza citrinella,Yellowhammer,Stanislas Wroza,France,2025-11-08,10:00,19,B,flight call,field recording,unknown,[],44100,https://xeno-canto.org/1055065,https://xeno-canto.org/1055065/download,
1055064,Emberiza citrinella,Yellowhammer,Stanislas Wroza,France,2025-11-08,9:57,30,B,flight call,field recording,unknown,[],44100,https://xeno-canto.org/1055064,https://xeno-canto.org/1055064/download,
1055063,Emberiza citrinella,Yellowhammer,Stanislas Wroza,France,2025-11-08,9:50,16,B,flight call,field recording,unknown,[],44100,https://xeno-canto.org/1055063,https://xeno-canto.org/1055063/download,
1055059,Emberiza citrinella,Yellowhammer,Stanislas Wroza,France,2025-11-08,9:27,18,B,flight call,field recording,unknown,[],44100,https://xeno-canto.org/1055059,https://xeno-canto.org/1055059/download,
1055048,Emberiza citrinella,Yellowhammer,Stanislas Wroza,France,2025-11-08,8:37,36,B,flight call,field recording,unknown,[],44100,https://xeno-canto.org/1055048,https://xeno-canto.org/1055048/download,
1055046,Emberiza citrinella,Yellowhammer,Stanislas Wroza,France,2025-11-08,8:02,37,B,"flight call, lazy-call",field recording,unknown,[],44100,https://xeno-canto.org/1055046,https://xeno-canto.org/1055046/download,
1055015,Emberiza citrinella,Yellowhammer,Stanislas Wroza,France,2025-09-29,11:34,7,B,"flight call, rustic-like",field recording,unknown,[],44100,https://xeno-canto.org/1055015,https://xeno-canto.org/1055015/download,
1055013,Emberiza citrinella,Yellowhammer,Stanislas Wroza,France,2025-09-29,11:14,14,B,flight call,field recording,unknown,[],44100,https://xeno-canto.org/1055013,https://xeno-canto.org/1055013/download,
1055010,Emberiza citrinella,Yellowhammer,Stanislas Wroza,France,2025-09-29,9:49,9,B,flight call,field recording,unknown,[],44100,https://xeno-canto.org/1055010,https://xeno-canto.org/1055010/download,
1055007,Emberiza citrinella,Yellowhammer,Stanislas Wroza,France,2025-09-29,9:18,24,B,flight call,field recording,unknown,[],44100,https://xeno-canto.org/1055007,https://xeno-canto.org/1055007/download,
1054991,Emberiza citrinella,Yellowhammer,Stanislas Wroza,France,2025-09-22,11:25,15,B,flight call,field recording,unknown,[],44100,https://xeno-canto.org/1054991,https://xeno-canto.org/1054991/download,
1054972,Emberiza citrinella,Yellowhammer,Stanislas Wroza,France,2025-10-13,11:20,33,B,flight call,field recording,unknown,[],44100,https://xeno-canto.org/1054972,https://xeno-canto.org/1054972/download,
1054928,Emberiza citrinella,Yellowhammer,Stanislas Wroza,France,2025-10-06,10:35,19,B,flight call,field recording,unknown,[],44100,https://xeno-canto.org/1054928,https://xeno-canto.org/1054928/download,
1054923,Emberiza citrinella,Yellowhammer,Stanislas Wroza,France,2025-10-06,9:23,10,B,flight call,field recording,unknown,[],44100,https://xeno-canto.org/1054923,https://xeno-canto.org/1054923/download,
1054921,Emberiza citrinella,Yellowhammer,Stanislas Wroza,France,2025-10-06,8:34,16,B,flight call,field recording,unknown,[],44100,https://xeno-canto.org/1054921,https://xeno-canto.org/1054921/download,
1054888,Emberiza citrinella,Yellowhammer,Stanislas Wroza,France,2025-09-26,8:59,21,B,flight call,field recording,unknown,[],44100,https://xeno-canto.org/1054888,https://xeno-canto.org/1054888/download,
1054868,Emberiza citrinella,Yellowhammer,Stanislas Wroza,France,2025-09-19,9:50,16,B,flight call,field recording,unknown,[],44100,https://xeno-canto.org/1054868,https://xeno-canto.org/1054868/download,
1054865,Emberiza citrinella,Yellowhammer,Stanislas Wroza,France,2025-09-19,9:00,17,B,flight call,field recording,unknown,[],44100,https://xeno-canto.org/1054865,https://xeno-canto.org/1054865/download,
1054785,Emberiza citrinella,Yellowhammer,Stanislas Wroza,France,2025-10-10,7:50,45,B,nocturnal flight call,field recording,unknown,[],44100,https://xeno-canto.org/1054785,https://xeno-canto.org/1054785/download,
1052609,Emberiza citrinella,Yellowhammer,Théo Treels,France,2025-11-05,01:30,11,B,nocturnal flight call,field recording,no,[],44100,https://xeno-canto.org/1052609,https://xeno-canto.org/1052609/download,
1052169,Emberiza citrinella,Yellowhammer,Maarten Sluijter,Netherlands,2025-11-03,07:55,10,B,flight call,field recording,yes,[],48000,https://xeno-canto.org/1052169,https://xeno-canto.org/1052169/download,
1051937,Emberiza citrinella,Yellowhammer,Karol Łanocha,Poland,2025-11-02,14:04,56,B,call,field recording,no,"[""Phasianus colchicus""]",44100,https://xeno-canto.org/1051937,https://xeno-canto.org/1051937/download,
1051932,Emberiza citrinella,Yellowhammer,Karol Łanocha,Poland,2025-11-02,14:05,13,B,call,field recording,no,"[""Phasianus colchicus""]",44100,https://xeno-canto.org/1051932,https://xeno-canto.org/1051932/download,
1051874,Emberiza citrinella,Yellowhammer,Karol Łanocha,Poland,2025-11-02,14:06,32,B,"call, flight call",field recording,no,"[""Anas platyrhynchos""]",44100,https://xeno-canto.org/1051874,https://xeno-canto.org/1051874/download,
1046886,Emberiza citrinella,Yellowhammer,Vandousselaere Patrick,Belgium,2025-10-10,01:34,5,B,nocturnal flight call,field recording,no,[],44100,https://xeno-canto.org/1046886,https://xeno-canto.org/1046886/download,
1043442,Emberiza citrinella,Yellowhammer,etienne.roland@gmail.com,Belgium,2025-09-28,04:53,5,B,nocturnal flight call,field recording,no,[],48000,https://xeno-canto.org/1043442,https://xeno-canto.org/1043442/download,
1042414,Emberiza citrinella,Yellowhammer,Stanislas Wroza,France,2025-08-24,8:18,13,B,flight call,field recording,unknown,[],44100,https://xeno-canto.org/1042414,https://xeno-canto.org/1042414/download,
1041161,Emberiza citrinella,Yellowhammer,etienne.roland@gmail.com,Belgium,2025-09-22,05:05,5,B,nocturnal flight call,field recording,no,[],48000,https://xeno-canto.org/1041161,https://xeno-canto.org/1041161/download,
1031055,Emberiza citrinella,Yellowhammer,Manuel Grosselet,France,2025-06-09,10:56,50,B,song,field recording,yes,"[""Fringilla coelebs"", ""Sylvia atricapilla"", ""Prunella modularis""]",44100,https://xeno-canto.org/1031055,https://xeno-canto.org/1031055/download,
1025096,Emberiza citrinella,Yellowhammer,Filippo Ceccolini,United Kingdom,2025-07-24,12:45,5,B,song,field recording,yes,[],48000,https://xeno-canto.org/1025096,https://xeno-canto.org/1025096/download,
1012895,Emberiza citrinella,Yellowhammer,Romuald Mikusek,Poland,2025-04-30,07:10,19,B,song,field recording,yes,[],48000,https://xeno-canto.org/1012895,https://xeno-canto.org/1012895/download,
1009935,Emberiza citrinella,Yellowhammer,Esperanza Poveda,Sweden,2025-03-30,?,22,B,call,field recording,no,[],44100,https://xeno-canto.org/1009935,https://xeno-canto.org/1009935/download,
1009478,Emberiza citrinella,Yellowhammer,David Darrell-Lambert,United Kingdom,2025-06-26,07:00,3,B,song,field recording,yes,[],32000,https://xeno-canto.org/1009478,https://xeno-canto.org/1009478/download,
1008323,Emberiza citrinella,Yellowhammer,Paul Kelly,Ireland,2025-06-20,21:30,6,B,"call, Ocean.",field recording,no,[],44100,https://xeno-canto.org/1008323,https://xeno-canto.org/1008323/download,
1005583,Emberiza citrinella,Yellowhammer,Christian Kerihuel,France,2025-06-10,20:00,29,B,song,field recording,no,[],44100,https://xeno-canto.org/1005583,https://xeno-canto.org/1005583/download,
997739,Emberiza citrinella,Yellowhammer,Stanislas Wroza,France,2025-04-27,08:30,48,B,flight call,field recording,unknown,[],32000,https://xeno-canto.org/997739,https://xeno-canto.org/997739/download,
995270,Emberiza citrinella,Yellowhammer,Jonathan Potts,United Kingdom,2025-05-05,17:30,51,B,song,field recording,yes,"[""Phylloscopus trochilus""]",44100,https://xeno-canto.org/995270,https://xeno-canto.org/995270/download,
993920,Emberiza citrinella,Yellowhammer,Kévin Westeel,France,2025-04-30,09:00,52,B,song,field recording,yes,"[""Sylvia atricapilla"", ""Turdus merula"", ""Larus fuscus"", ""Phylloscopus collybita""]",48000,https://xeno-canto.org/993920,https://xeno-canto.org/993920/download,
992745,Emberiza citrinella,Yellowhammer,Joost van Bruggen,Netherlands,2025-04-14,06:47,18,B,call,field recording,yes,[],44100,https://xeno-canto.org/992745,https://xeno-canto.org/992745/download,
991218,Emberiza citrinella,Yellowhammer,"Olivier SWIFT, Hélène CARTAUD",France,2025-04-17,18:26,22,B,call,field recording,no,"[""Parus major"", ""Homo sapiens"", ""Passer domesticus""]",48000,https://xeno-canto.org/991218,https://xeno-canto.org/991218/download,
989690,Emberiza citrinella,Yellowhammer,András Schmidt,Sweden,2008-05-10,06:30,26,B,song,field recording,unknown,"[""Columba palumbus"", ""Phylloscopus trochilus""]",44100,https://xeno-canto.org/989690,https://xeno-canto.org/989690/download,
989325,Emberiza citrinella,Yellowhammer,Stanislas Wroza,France,2025-03-26,07:00,20,B,"flight call, simple call, ""tik-bunting"" call, misleading call",field recording,yes,[],32000,https://xeno-canto.org/989325,https://xeno-canto.org/989325/download,
986783,Emberiza citrinella,Yellowhammer,Thijs Calu,Belgium,2025-04-09,08:27,5,B,flight call,field recording,no,[],44100,https://xeno-canto.org/986783,https://xeno-canto.org/986783/download,
980513,Emberiza citrinella,Yellowhammer,Norman Schiwora,Germany,2022-06-17,18:11,2,B,song,field recording,no,[],250000,https://xeno-canto.org/980513,https://xeno-canto.org/980513/download,
978800,Emberiza citrinella,Yellowhammer,Bram Piot,Belgium,2025-03-02,08:30,40,B,song,field recording,yes,[],44100,https://xeno-canto.org/978800,https://xeno-canto.org/978800/download,
974413,Emberiza citrinella,Yellowhammer,Hannu Varkki,Finland,2023-05-22,12:17,26,B,begging call,field recording,yes,"[""Bucephala clangula""]",48000,https://xeno-canto.org/974413,https://xeno-canto.org/974413/download,
973151,Emberiza citrinella,Yellowhammer,Working group for animal ecology and planning Ltd.,Germany,2024-06-15,08:12,43,B,song,field recording,no,"[""Fringilla coelebs"", ""Chloris chloris""]",48000,https://xeno-canto.org/973151,https://xeno-canto.org/973151/download,
972334,Emberiza citrinella,Yellowhammer,Vandousselaere Patrick,Belgium,2025-02-08,19:41,2,B,nocturnal flight call,field recording,no,[],44100,https://xeno-canto.org/972334,https://xeno-canto.org/972334/download,
957751,Emberiza citrinella,Yellowhammer,Xavier Riera,Spain,2024-12-31,09:54,43,B,call,field recording,no,[],44100,https://xeno-canto.org/957751,https://xeno-canto.org/957751/download,
953858,Emberiza citrinella,Yellowhammer,Sonothèque ADVL,France,2024-11-26,08:49,4,B,flight call,field recording,no,[],48000,https://xeno-canto.org/953858,https://xeno-canto.org/953858/download,
953774,Emberiza citrinella,Yellowhammer,Alan Dalton,Sweden,2024-11-30,11:00,18,B,call,field recording,yes,[],96000,https://xeno-canto.org/953774,https://xeno-canto.org/953774/download,
953442,Emberiza citrinella,Yellowhammer,Stanislas Wroza,France,2024-11-26,09:00,15,B,"aberrant, flight call, doubled call (reminding Black-faced Bunting)",field recording,unknown,[],48000,https://xeno-canto.org/953442,https://xeno-canto.org/953442/download,
952934,Emberiza citrinella,Yellowhammer,Paul Kelly,Ireland,2024-11-17,08:00,8,B,"call, Traffic.",field recording,no,"[""Erithacus rubecula""]",44100,https://xeno-canto.org/952934,https://xeno-canto.org/952934/download,
949725,Emberiza citrinella,Yellowhammer,FREDERIC Lionel,France,2024-11-16,05:00,3,B,"flight call, nocturnal flight call",field recording,no,[],44100,https://xeno-canto.org/949725,https://xeno-canto.org/949725/download,
947362,Emberiza citrinella,Yellowhammer,Daan van der Hoeven,Netherlands,2024-11-02,10:00,5,B,"call, flight call",field recording,yes,[],44100,https://xeno-canto.org/947362,https://xeno-canto.org/947362/download,
947259,Emberiza citrinella,Yellowhammer,Tim Vochten,Belgium,2024-10-20,7:53,12,B,flight call,field recording,yes,"[""Fringilla coelebs""]",44100,https://xeno-canto.org/947259,https://xeno-canto.org/947259/download,
945963,Emberiza citrinella,Yellowhammer,Jens Kirkeby,Denmark,2024-11-05,10:00,54,B,Tick call,field recording,yes,[],48000,https://xeno-canto.org/945963,https://xeno-canto.org/945963/download,
943679,Emberiza citrinella,Yellowhammer,Martin Fousert,Netherlands,2024-10-24,1:46,2,B,nocturnal flight call,field recording,no,[],44100,https://xeno-canto.org/943679,https://xeno-canto.org/943679/download,
942916,Emberiza citrinella,Yellowhammer,Laurent Rouschmeyer,France,2024-10-26,08:00,7,B,call,field recording,no,[],24000,https://xeno-canto.org/942916,https://xeno-canto.org/942916/download,
940928,Emberiza citrinella,Yellowhammer,Stanislas Wroza,France,2024-10-14,08:30,3,B,flight call,field recording,unknown,[],96000,https://xeno-canto.org/940928,https://xeno-canto.org/940928/download,
940919,Emberiza citrinella,Yellowhammer,Stanislas Wroza,France,2024-10-10,08:30,13,B,"flight call, Various calls",field recording,unknown,[],96000,https://xeno-canto.org/940919,https://xeno-canto.org/940919/download,
939931,Emberiza citrinella,Yellowhammer,Teet Sirotkin,Sweden,2024-10-12,07:52,8,B,flight call,field recording,no,[],48000,https://xeno-canto.org/939931,https://xeno-canto.org/939931/download,
938310,Emberiza citrinella,Yellowhammer,Stanislas Wroza,France,2024-10-01,11:00,16,B,flight call,field recording,unknown,[],48000,https://xeno-canto.org/938310,https://xeno-canto.org/938310/download,
938274,Emberiza citrinella,Yellowhammer,Stanislas Wroza,France,2024-09-15,11:00,11,B,"flight call, short call",field recording,unknown,[],48000,https://xeno-canto.org/938274,https://xeno-canto.org/938274/download,
938273,Emberiza citrinella,Yellowhammer,Stanislas Wroza,France,2024-09-15,11:00,21,B,"flight call, short call",field recording,unknown,[],48000,https://xeno-canto.org/938273,https://xeno-canto.org/938273/download,
932065,Emberiza citrinella,Yellowhammer,Stanislas Wroza,France,2024-09-03,08:30,9,B,"flight call, plik call",field recording,unknown,[],48000,https://xeno-canto.org/932065,https://xeno-canto.org/932065/download,
932064,Emberiza citrinella,Yellowhammer,Stanislas Wroza,France,2024-09-03,08:30,8,B,"flight call, plik call",field recording,unknown,[],48000,https://xeno-canto.org/932064,https://xeno-canto.org/932064/download,
924646,Emberiza citrinella,Yellowhammer,Johannes Dag Mayer,Germany,2024-05-27,06:17,26,B,song,field recording,no,"[""Acrocephalus palustris""]",48000,https://xeno-canto.org/924646,https://xeno-canto.org/924646/download,
923347,Emberiza citrinella,Yellowhammer,Beatrix Saadi-Varchmin,Germany,2024-07-21,05:30,53,B,dawn song,field recording,yes,"[""Fringilla coelebs"", ""Buteo buteo""]",44100,https://xeno-canto.org/923347,https://xeno-canto.org/923347/download,
922305,Emberiza citrinella,Yellowhammer,Pere Josa,Spain,2024-07-18,09:00,23,B,call,field recording,yes,[],44100,https://xeno-canto.org/922305,https://xeno-canto.org/922305/download,
921771,Emberiza citrinella,Yellowhammer,Martin Billard,France,2024-07-13,09:29,38,B,song,field recording,no,[],44100,https://xeno-canto.org/921771,https://xeno-canto.org/921771/download,
921626,Emberiza citrinella,Yellowhammer,Paul Driver,United Kingdom,2024-07-14,09:23,39,B,alarm call,field recording,yes,[],44100,https://xeno-canto.org/921626,https://xeno-canto.org/921626/download,
921625,Emberiza citrinella,Yellowhammer,Paul Driver,United Kingdom,2024-07-14,09:25,48,B,alarm call,field recording,yes,[],44100,https://xeno-canto.org/921625,https://xeno-canto.org/921625/download,
921624,Emberiza citrinella,Yellowhammer,Paul Driver,United Kingdom,2024-06-12,08:28,25,B,song,field recording,yes,[],48000,https://xeno-canto.org/921624,https://xeno-canto.org/921624/download,
919930,Emberiza citrinella,Yellowhammer,Jacobo Ramil Millarengo,Spain,2024-07-07,08:30,58,B,song,field recording,yes,"[""Sylvia atricapilla"", ""Anthus trivialis""]",44100,https://xeno-canto.org/919930,https://xeno-canto.org/919930/download,
916016,Emberiza citrinella,Yellowhammer,Sonothèque ADVL,France,2023-11-15,10:00,10,B,flight call,field recording,unknown,[],44100,https://xeno-canto.org/916016,https://xeno-canto.org/916016/download,
915715,Emberiza citrinella,Yellowhammer,Pere Josa,Spain,2024-06-21,09:00,54,B,song,field recording,yes,[],44100,https://xeno-canto.org/915715,https://xeno-canto.org/915715/download,
914641,Emberiza citrinella,Yellowhammer,Arjun Dutta,United Kingdom,2021-11-07,08:30,25,B,"call, flight call",field recording,yes,[],44100,https://xeno-canto.org/914641,https://xeno-canto.org/914641/download,
914640,Emberiza citrinella,Yellowhammer,Arjun Dutta,United Kingdom,2021-10-12,07:30,11,B,"call, flight call",field recording,yes,[],44100,https://xeno-canto.org/914640,https://xeno-canto.org/914640/download,
914639,Emberiza citrinella,Yellowhammer,Arjun Dutta,United Kingdom,2021-10-09,07:30,38,B,"call, flight call",field recording,yes,[],44100,https://xeno-canto.org/914639,https://xeno-canto.org/914639/download,
914050,Emberiza citrinella,Yellowhammer,Paul Driver,United Kingdom,2024-06-12,08:36,33,B,call,field recording,yes,[],48000,https://xeno-canto.org/914050,https://xeno-canto.org/914050/download,
910265,Emberiza citrinella,Yellowhammer,brickegickel,Germany,2024-05-29,14:00,10,B,call,field recording,no,"[""Curruca nisoria""]",48000,https://xeno-canto.org/910265,https://xeno-canto.org/910265/download,
909213,Emberiza citrinella,Yellowhammer,Pere Josa,Spain,2024-05-28,10:30,20,B,song,field recording,yes,[],44100,https://xeno-canto.org/909213,https://xeno-canto.org/909213/download,
909086,Emberiza citrinella,Yellowhammer,Jacek Mucha,Poland,2024-05-30,14:25,22,B,song,in the hand,yes,"[""Turdus merula""]",48000,https://xeno-canto.org/909086,https://xeno-canto.org/909086/download,
905852,Emberiza citrinella,Yellowhammer,Jacek Mucha,Poland,2024-05-23,09:19,39,B,song,in the hand,no,"[""Fringilla coelebs""]",48000,https://xeno-canto.org/905852,https://xeno-canto.org/905852/download,
905370,Emberiza citrinella,Yellowhammer,Franek J,Poland,2024-05-14,18:00,22,B,call,in the hand,no,"[""Acrocephalus arundinaceus""]",44100,https://xeno-canto.org/905370,https://xeno-canto.org/905370/download,
904056,Emberiza citrinella,Yellowhammer,Daan van der Hoeven,Netherlands,2024-05-16,20:00,25,B,song,field recording,yes,"[""Phylloscopus trochilus"", ""Anthus trivialis""]",44100,https://xeno-canto.org/904056,https://xeno-canto.org/904056/download,
903710,Emberiza citrinella,Yellowhammer,Corentin Rivière,France,2024-04-26,09:00,21,B,call,field recording,yes,[],48000,https://xeno-canto.org/903710,https://xeno-canto.org/903710/download,
902074,Emberiza citrinella,Yellowhammer,Jochem verweij,Sweden,2024-05-11,16:59,33,B,call,field recording,yes,"[""Alauda arvensis"", ""Phylloscopus trochilus"", ""Chroicocephalus ridibundus"", ""Linaria cannabina""]",44100,https://xeno-canto.org/902074,https://xeno-canto.org/902074/download,
900996,Emberiza citrinella,Yellowhammer,Niclas Backstrom,Sweden,2024-05-03,20:30,14,B,call,field recording,yes,"[""Anser anser"", ""Turdus merula"", ""Chloris chloris""]",48000,https://xeno-canto.org/900996,https://xeno-canto.org/900996/download,
897706,Emberiza citrinella,Yellowhammer,Robbin van Dijk,Netherlands,2024-04-22,08:27,7,B,flight call,field recording,yes,[],44100,https://xeno-canto.org/897706,https://xeno-canto.org/897706/download,
896535,Emberiza citrinella,Yellowhammer,Guillaume WETZEL,France,2024-04-13,19:00,13,B,call,field recording,yes,"[""Parus major"", ""Erithacus rubecula"", ""Phylloscopus collybita""]",48000,https://xeno-canto.org/896535,https://xeno-canto.org/896535/download,
895999,Emberiza citrinella,Yellowhammer,Grzegorz Kaczorowski,Poland,2024-04-14,06:00,30,B,song,in the hand,yes,"[""Turdus philomelos"", ""Gallinago gallinago""]",44100,https://xeno-canto.org/895999,https://xeno-canto.org/895999/download,
895468,Emberiza citrinella,Yellowhammer,Bram Vogels,Belgium,2022-12-17,08:30,33,B,"call, flight call",field recording,yes,[],44100,https://xeno-canto.org/895468,https://xeno-canto.org/895468/download,
895094,Emberiza citrinella,Yellowhammer,Martin Billard,France,2024-04-10,09:12,4,B,call,field recording,yes,[],44100,https://xeno-canto.org/895094,https://xeno-canto.org/895094/download,
895089,Emberiza citrinella,Yellowhammer,Martin Billard,France,2024-04-10,08:33,21,B,song,field recording,yes,[],44100,https://xeno-canto.org/895089,https://xeno-canto.org/895089/download,
892380,Emberiza citrinella,Yellowhammer,Cedric Mroczko,Poland,2024-03-31,19:25,53,B,song,field recording,yes,[],48000,https://xeno-canto.org/892380,https://xeno-canto.org/892380/download,
892228,Emberiza citrinella,Yellowhammer,Andrew Harrop,United Kingdom,2024-04-01,11:30,10,B,song,field recording,yes,[],44100,https://xeno-canto.org/892228,https://xeno-canto.org/892228/download,
884893,Emberiza citrinella,Yellowhammer,per-anders svensson,Sweden,2024-03-26,07:00,50,B,song,field recording,yes,[],44100,https://xeno-canto.org/884893,https://xeno-canto.org/884893/download,
884057,Emberiza citrinella,Yellowhammer,Martin Billard,France,2024-03-20,09:47,6,B,call,field recording,yes,[],44100,https://xeno-canto.org/884057,https://xeno-canto.org/884057/download,
882454,Emberiza citrinella,Yellowhammer,Alan Dalton,Sweden,2023-09-22,08:00,19,B,"call, flight call",field recording,no,[],24000,https://xeno-canto.org/882454,https://xeno-canto.org/882454/download,
881920,Emberiza citrinella,Yellowhammer,Ingemar Gard,Sweden,2024-03-14,16:30,57,B,song,field recording,yes,[],44100,https://xeno-canto.org/881920,https://xeno-canto.org/881920/download,
861365,Emberiza citrinella,Yellowhammer,Thierry THOMAS,France,2023-12-03,07:58,13,B,"call, flight call",field recording,no,[],44100,https://xeno-canto.org/861365,https://xeno-canto.org/861365/download,
861321,Emberiza citrinella,Yellowhammer,Chris Button,United Kingdom,2024-01-11,09:00,7,B,flight call,field recording,yes,[],48000,https://xeno-canto.org/861321,https://xeno-canto.org/861321/download,
860746,Emberiza citrinella,Yellowhammer,José Manuel Reyes Páez,Spain,2024-01-04,02:30,8,B,"flight call, nocturnal flight call",field recording,no,[],48000,https://xeno-canto.org/860746,https://xeno-canto.org/860746/download,
858146,Emberiza citrinella,Yellowhammer,Maarten Sluijter,Netherlands,2022-01-30,16:40,27,B,call,field recording,yes,"[""Cyanistes caeruleus"", ""Fringilla coelebs"", ""Prunella modularis""]",48000,https://xeno-canto.org/858146,https://xeno-canto.org/858146/download,
856998,Emberiza citrinella,Yellowhammer,João Tomás,Portugal,2023-12-17,10:50,6,B,"call, ""Pleak"" call",field recording,yes,[],44100,https://xeno-canto.org/856998,https://xeno-canto.org/856998/download,
856995,Emberiza citrinella,Yellowhammer,João Tomás,Portugal,2023-12-17,10:50,47,B,"call, ""Plik"" and ""drew"" calls",field recording,no,"[""Parus major""]",44100,https://xeno-canto.org/856995,https://xeno-canto.org/856995/download,
854660,Emberiza citrinella,Yellowhammer,João Tomás,Spain,2023-12-09,12:10,14,B,"alarm call, call, Plik calls",field recording,yes,"[""Turdus merula"", ""Spinus spinus""]",44100,https://xeno-canto.org/854660,https://xeno-canto.org/854660/download,
854658,Emberiza citrinella,Yellowhammer,João Tomás,Spain,2023-12-09,12:05,3,B,flight call,field recording,yes,[],44100,https://xeno-canto.org/854658,https://xeno-canto.org/854658/download,
844806,Emberiza citrinella,Yellowhammer,Stanislas Wroza,France,2023-11-07,08:30,38,B,flight call,field recording,yes,[],96000,https://xeno-canto.org/844806,https://xeno-canto.org/844806/download,
844611,Emberiza citrinella,Yellowhammer,per-anders svensson,Sweden,2023-11-29,09:15,31,B,call,field recording,yes,[],44100,https://xeno-canto.org/844611,https://xeno-canto.org/844611/download,
842153,Emberiza citrinella,Yellowhammer,Feliu López i Gelats,Spain,2023-10-31,04:30,11,B,nocturnal flight call,field recording,no,[],44100,https://xeno-canto.org/842153,https://xeno-canto.org/842153/download,
841796,Emberiza citrinella,Yellowhammer,Maarten Sluijter,Netherlands,2022-10-20,08:48,8,B,flight call,field recording,yes,[],44100,https://xeno-canto.org/841796,https://xeno-canto.org/841796/download,
838610,Emberiza citrinella,Yellowhammer,Stanislas Wroza,France,2023-10-15,08:30,22,B,flight call,field recording,yes,[],96000,https://xeno-canto.org/838610,https://xeno-canto.org/838610/download,
838562,Emberiza citrinella,Yellowhammer,Christian Kerihuel,France,2023-10-27,09:30,12,B,flight call,field recording,no,[],44100,https://xeno-canto.org/838562,https://xeno-canto.org/838562/download,
837693,Emberiza citrinella,Yellowhammer,Daan van der Hoeven,Netherlands,2023-10-21,08:27,9,B,"call, flight call",field recording,yes,"[""Fringilla coelebs"", ""Prunella modularis""]",44100,https://xeno-canto.org/837693,https://xeno-canto.org/837693/download,
836849,Emberiza citrinella,Yellowhammer,Maarten Sluijter,Netherlands,2023-10-19,09:13,17,B,flight call,field recording,yes,[],44100,https://xeno-canto.org/836849,https://xeno-canto.org/836849/download,
836690,Emberiza citrinella,Yellowhammer,David Darrell-Lambert,United Kingdom,2023-09-15,09:30,23,B,flight call,field recording,yes,[],48000,https://xeno-canto.org/836690,https://xeno-canto.org/836690/download,
836689,Emberiza citrinella,Yellowhammer,David Darrell-Lambert,United Kingdom,2023-09-15,09:30,5,B,flight call,field recording,yes,[],48000,https://xeno-canto.org/836689,https://xeno-canto.org/836689/download,
832778,Emberiza citrinella,Yellowhammer,Johannes Dag Mayer,Germany,2023-07-22,04:45,51,B,"song, subsong",field recording,no,[],22050,https://xeno-canto.org/832778,https://xeno-canto.org/832778/download,
826120,Emberiza citrinella,Yellowhammer,Esperanza Poveda,Sweden,2022-06-10,?,50,B,"alarm call, call",in the hand,yes,[],44100,https://xeno-canto.org/826120,https://xeno-canto.org/826120/download,
819013,Emberiza citrinella,Yellowhammer,Grzegorz Lorek,Poland,2022-04-16,06:40,4,B,song,field recording,yes,[],48000,https://xeno-canto.org/819013,https://xeno-canto.org/819013/download,
818272,Emberiza citrinella,Yellowhammer,Joachim de Rancourt,France,2023-07-21,11:40,13,B,"begging call, call",field recording,yes,"[""Pyrrhula pyrrhula""]",48000,https://xeno-canto.org/818272,https://xeno-canto.org/818272/download,
817299,Emberiza citrinella,Yellowhammer,Jordi Calvet,Spain,2023-07-13,15:00,55,B,song,field recording,yes,[],44100,https://xeno-canto.org/817299,https://xeno-canto.org/817299/download,
817084,Emberiza citrinella,Yellowhammer,Radek Grochowski,Poland,2023-07-16,07:00,34,B,song,field recording,yes,[],48000,https://xeno-canto.org/817084,https://xeno-canto.org/817084/download,
815832,Emberiza citrinella,Yellowhammer,Sonothèque ADVL,France,2023-05-26,09:02,25,B,song,field recording,no,[],44100,https://xeno-canto.org/815832,https://xeno-canto.org/815832/download,
815746,Emberiza citrinella,Yellowhammer,Jordi Calvet,Spain,2023-07-06,10:30,38,B,song,field recording,yes,[],44100,https://xeno-canto.org/815746,https://xeno-canto.org/815746/download,
815745,Emberiza citrinella,Yellowhammer,Jordi Calvet,Spain,2023-07-06,10:30,30,B,song,field recording,yes,[],44100,https://xeno-canto.org/815745,https://xeno-canto.org/815745/download,
813164,Emberiza citrinella,Yellowhammer,Bodo Sonnenburg,Germany,2023-07-01,05:03,41,B,song,field recording,yes,"[""Emberiza calandra"", ""Turdus merula""]",48000,https://xeno-canto.org/813164,https://xeno-canto.org/813164/download,
812812,Emberiza citrinella,Yellowhammer,Andrew Harrop,United Kingdom,2023-06-28,07:30,15,B,song,field recording,yes,[],44100,https://xeno-canto.org/812812,https://xeno-canto.org/812812/download,
812811,Emberiza citrinella,Yellowhammer,Andrew Harrop,United Kingdom,2023-06-28,07:30,16,B,song,field recording,yes,[],44100,https://xeno-canto.org/812811,https://xeno-canto.org/812811/download,
812810,Emberiza citrinella,Yellowhammer,Andrew Harrop,United Kingdom,2023-06-28,07:30,13,B,song,field recording,yes,[],44100,https://xeno-canto.org/812810,https://xeno-canto.org/812810/download,
812261,Emberiza citrinella,Yellowhammer,João Tomás,Spain,2023-06-27,12:35,34,B,"alarm call, call",field recording,yes,"[""Curruca undata"", ""Dendrocopos major""]",44100,https://xeno-canto.org/812261,https://xeno-canto.org/812261/download,
811489,Emberiza citrinella,Yellowhammer,Paul Driver,United Kingdom,2023-06-04,06:15,43,B,song,field recording,yes,[],48000,https://xeno-canto.org/811489,https://xeno-canto.org/811489/download,
811478,Emberiza citrinella,Yellowhammer,Paul Driver,United Kingdom,2023-06-11,05:42,37,B,song,field recording,yes,[],48000,https://xeno-canto.org/811478,https://xeno-canto.org/811478/download,
811466,Emberiza citrinella,Yellowhammer,Paul Driver,United Kingdom,2023-06-11,06:42,46,B,song,field recording,yes,[],48000,https://xeno-canto.org/811466,https://xeno-canto.org/811466/download,
811465,Emberiza citrinella,Yellowhammer,Paul Driver,United Kingdom,2023-06-11,07:02,56,B,song,field recording,yes,[],48000,https://xeno-canto.org/811465,https://xeno-canto.org/811465/download,
807711,Emberiza citrinella,Yellowhammer,Stephan Risch,Germany,2021-06-17,11:16,36,B,song,field recording,no,[],32000,https://xeno-canto.org/807711,https://xeno-canto.org/807711/download,
807283,Emberiza citrinella,Yellowhammer,Stephan Risch,Germany,2023-05-26,11:31,35,B,song,field recording,no,[],32000,https://xeno-canto.org/807283,https://xeno-canto.org/807283/download,
805031,Emberiza citrinella,Yellowhammer,Magnus Hellström,Sweden,2022-10-28,08:00,10,B,call,field recording,no,[],44100,https://xeno-canto.org/805031,https://xeno-canto.org/805031/download,
804969,Emberiza citrinella,Yellowhammer,Sonothèque ADVL,France,2023-05-18,09:17,45,B,song,field recording,no,[],44100,https://xeno-canto.org/804969,https://xeno-canto.org/804969/download,
802665,Emberiza citrinella,Yellowhammer,Lars Edenius,Sweden,2023-05-21,08:30,40,B,song,field recording,yes,"[""Alauda arvensis"", ""Numenius arquata""]",48000,https://xeno-canto.org/802665,https://xeno-canto.org/802665/download,
801375,Emberiza citrinella,Yellowhammer,Grzegorz Lorek,Poland,2023-04-06,08:15,41,B,call,field recording,no,[],44100,https://xeno-canto.org/801375,https://xeno-canto.org/801375/download,
801318,Emberiza citrinella,Yellowhammer,Chèvremont Fabian,Belgium,2023-05-10,08:00,26,B,song,field recording,yes,[],44100,https://xeno-canto.org/801318,https://xeno-canto.org/801318/download,
801317,Emberiza citrinella,Yellowhammer,Chèvremont Fabian,Belgium,2023-05-08,08:00,25,B,call,field recording,yes,[],44100,https://xeno-canto.org/801317,https://xeno-canto.org/801317/download,
798850,Emberiza citrinella,Yellowhammer,Sven Normant,France,2023-05-04,10:30,16,B,song,in the hand,no,"[""Turdus philomelos"", ""Corvus corone"", ""Erithacus rubecula""]",48000,https://xeno-canto.org/798850,https://xeno-canto.org/798850/download,
798503,Emberiza citrinella,Yellowhammer,Xurde Acebrás,Spain,2023-05-05,11:30,16,B,song,field recording,yes,[],44100,https://xeno-canto.org/798503,https://xeno-canto.org/798503/download,
798300,Emberiza citrinella,Yellowhammer,Johannes Dag Mayer,Germany,2023-04-30,8:30,22,B,song,field recording,yes,"[""Sylvia atricapilla"", ""Phoenicurus phoenicurus"", ""Sturnus vulgaris""]",44100,https://xeno-canto.org/798300,https://xeno-canto.org/798300/download,
797222,Emberiza citrinella,Yellowhammer,Jorge Leitão,Germany,2023-04-30,14:42,34,B,call,field recording,yes,[],44100,https://xeno-canto.org/797222,https://xeno-canto.org/797222/download,
797048,Emberiza citrinella,Yellowhammer,Sven Normant,France,2023-04-29,11:00,18,B,call,in the hand,yes,[],48000,https://xeno-canto.org/797048,https://xeno-canto.org/797048/download,
796085,Emberiza citrinella,Yellowhammer,Romuald Mikusek,Poland,2023-03-29,06:30,29,B,song,field recording,yes,"[""Turdus philomelos"", ""Spinus spinus"", ""Periparus ater""]",48000,https://xeno-canto.org/796085,https://xeno-canto.org/796085/download,
793718,Emberiza citrinella,Yellowhammer,Marcus Östman,Sweden,2023-04-16,07:35,37,B,song,field recording,yes,[],44100,https://xeno-canto.org/793718,https://xeno-canto.org/793718/download,
793398,Emberiza citrinella,Yellowhammer,Mats Olsson,Sweden,2023-03-19,07:40,13,B,call,field recording,yes,[],44100,https://xeno-canto.org/793398,https://xeno-canto.org/793398/download,
793309,Emberiza citrinella,Yellowhammer,Dominique Guillerme,France,2023-04-04,10:30,54,B,"call, song",in the hand,yes,[],48000,https://xeno-canto.org/793309,https://xeno-canto.org/793309/download,
791955,Emberiza citrinella,Yellowhammer,Jochem verweij,Netherlands,2023-04-09,11:06,4,B,song,field recording,yes,"[""Passer domesticus""]",48000,https://xeno-canto.org/791955,https://xeno-canto.org/791955/download,
790945,Emberiza citrinella,Yellowhammer,Christian Bøggild,Denmark,2023-03-26,17:34,9,B,"call, flight call",field recording,yes,[],48000,https://xeno-canto.org/790945,https://xeno-canto.org/790945/download,
790242,Emberiza citrinella,Yellowhammer,Christian Bøggild,Denmark,2023-03-26,17:34,9,B,flight call,field recording,yes,[],48000,https://xeno-canto.org/790242,https://xeno-canto.org/790242/download,
790218,Emberiza citrinella,Yellowhammer,Christian Bøggild,Denmark,2023-03-26,17:36,20,B,call,field recording,yes,"[""Chloris chloris""]",48000,https://xeno-canto.org/790218,https://xeno-canto.org/790218/download,
787380,Emberiza citrinella,Yellowhammer,stefan,Netherlands,2023-03-20,23:12,6,B,nocturnal flight call,field recording,no,[],44100,https://xeno-canto.org/787380,https://xeno-canto.org/787380/download,
787261,Emberiza citrinella,Yellowhammer,Ansgar Klene,Germany,2023-03-18,16:44,7,B,call,field recording,no,"[""Cyanistes caeruleus"", ""Fringilla coelebs""]",44100,https://xeno-canto.org/787261,https://xeno-canto.org/787261/download,
787039,Emberiza citrinella,Yellowhammer,Alan Dalton,Sweden,2023-03-19,12:30,28,B,call,field recording,yes,[],48000,https://xeno-canto.org/787039,https://xeno-canto.org/787039/download,
784674,Emberiza citrinella,Yellowhammer,Bodo Sonnenburg,Germany,2023-03-08,06:56,21,B,call,field recording,yes,"[""Cyanistes caeruleus"", ""Grus grus"", ""Sitta europaea"", ""Spinus spinus"", ""Corvus cornix""]",48000,https://xeno-canto.org/784674,https://xeno-canto.org/784674/download,
781944,Emberiza citrinella,Yellowhammer,Paul Kelly,Ireland,2023-02-12,08:30,4,B,call,field recording,no,[],44100,https://xeno-canto.org/781944,https://xeno-canto.org/781944/download,
779151,Emberiza citrinella,Yellowhammer,Stanislas Wroza,France,2023-02-04,14:00,15,B,flight call,field recording,unknown,[],48000,https://xeno-canto.org/779151,https://xeno-canto.org/779151/download,
776802,Emberiza citrinella,Yellowhammer,Sonothèque ADVL,France,2022-11-12,09:13,6,B,flight call,field recording,unknown,[],44100,https://xeno-canto.org/776802,https://xeno-canto.org/776802/download,
775414,Emberiza citrinella,Yellowhammer,Bernard BOUSQUET,Poland,2019-06-03,20:00,21,B,song,field recording,no,[],44100,https://xeno-canto.org/775414,https://xeno-canto.org/775414/download,
775155,Emberiza citrinella,Yellowhammer,Hannu Varkki,Finland,2022-09-24,09:00,18,B,flight call,field recording,yes,"[""Fringilla coelebs"", ""Turdus merula"", ""Parus major""]",48000,https://xeno-canto.org/775155,https://xeno-canto.org/775155/download,
773174,Emberiza citrinella,Yellowhammer,Beatrix Saadi-Varchmin,Germany,2022-07-31,07:37,19,B,song,field recording,yes,"[""Chloris chloris""]",44100,https://xeno-canto.org/773174,https://xeno-canto.org/773174/download,
772767,Emberiza citrinella,Yellowhammer,Jocce Ekstrom,Sweden,2023-01-01,09:45,16,B,call,field recording,yes,"[""Parus major"", ""Corvus cornix""]",44100,https://xeno-canto.org/772767,https://xeno-canto.org/772767/download,
770624,Emberiza citrinella,Yellowhammer,Chèvremont Fabian,Belgium,2022-08-22,10:00,39,B,flight call,field recording,yes,[],44100,https://xeno-canto.org/770624,https://xeno-canto.org/770624/download,
768859,Emberiza citrinella,Yellowhammer,Feliu López i Gelats,Spain,2022-11-26,07:00,12,B,nocturnal flight call,field recording,no,"[""Erithacus rubecula""]",44100,https://xeno-canto.org/768859,https://xeno-canto.org/768859/download,
767839,Emberiza citrinella,Yellowhammer,Stanislas Wroza,France,2022-10-30,09:00,20,B,"flight call, two types of calls",field recording,unknown,[],48000,https://xeno-canto.org/767839,https://xeno-canto.org/767839/download,
767838,Emberiza citrinella,Yellowhammer,Stanislas Wroza,France,2022-10-30,09:00,32,B,"flight call, two types of calls",field recording,unknown,[],48000,https://xeno-canto.org/767838,https://xeno-canto.org/767838/download,
767837,Emberiza citrinella,Yellowhammer,Stanislas Wroza,France,2022-10-30,09:00,8,B,"flight call, short calls",field recording,unknown,[],48000,https://xeno-canto.org/767837,https://xeno-canto.org/767837/download,
767827,Emberiza citrinella,Yellowhammer,Stanislas Wroza,France,2022-10-29,09:00,12,B,flight call,field recording,unknown,[],48000,https://xeno-canto.org/767827,https://xeno-canto.org/767827/download,
767826,Emberiza citrinella,Yellowhammer,Stanislas Wroza,France,2022-10-29,09:00,18,B,flight call,field recording,unknown,[],48000,https://xeno-canto.org/767826,https://xeno-canto.org/767826/download,
767807,Emberiza citrinella,Yellowhammer,Stanislas Wroza,France,2022-10-22,09:00,30,B,"flight call, bird in migration",field recording,unknown,[],48000,https://xeno-canto.org/767807,https://xeno-canto.org/767807/download,
767806,Emberiza citrinella,Yellowhammer,Stanislas Wroza,France,2022-10-22,09:00,20,B,"flight call, bird in migration",field recording,unknown,[],48000,https://xeno-canto.org/767806,https://xeno-canto.org/767806/download,
767805,Emberiza citrinella,Yellowhammer,Stanislas Wroza,France,2022-10-22,09:00,32,B,"call, flight call, various calls",field recording,unknown,[],48000,https://xeno-canto.org/767805,https://xeno-canto.org/767805/download,
767804,Emberiza citrinella,Yellowhammer,Stanislas Wroza,France,2022-10-22,09:00,31,B,"call, semi-descending",field recording,unknown,[],44100,https://xeno-canto.org/767804,https://xeno-canto.org/767804/download,
767803,Emberiza citrinella,Yellowhammer,Stanislas Wroza,France,2022-10-22,09:00,6,B,"call, semi-descending",field recording,unknown,[],44100,https://xeno-canto.org/767803,https://xeno-canto.org/767803/download,
767802,Emberiza citrinella,Yellowhammer,Stanislas Wroza,France,2022-10-22,09:00,14,B,"call, semi-descending",field recording,unknown,[],44100,https://xeno-canto.org/767802,https://xeno-canto.org/767802/download,
766993,Emberiza citrinella,Yellowhammer,Stanislas Wroza,France,2022-08-20,07:00,8,B,"call, rolled call",field recording,unknown,[],48000,https://xeno-canto.org/766993,https://xeno-canto.org/766993/download,
766992,Emberiza citrinella,Yellowhammer,Stanislas Wroza,France,2022-08-20,07:00,22,B,flight call,field recording,unknown,[],48000,https://xeno-canto.org/766992,https://xeno-canto.org/766992/download,
763746,Emberiza citrinella,Yellowhammer,Bram Vogels,Belgium,2021-10-29,10:00,21,B,flight call,field recording,yes,[],44100,https://xeno-canto.org/763746,https://xeno-canto.org/763746/download,
763745,Emberiza citrinella,Yellowhammer,Bram Vogels,Belgium,2021-10-29,10:00,8,B,flight call,field recording,yes,[],44100,https://xeno-canto.org/763745,https://xeno-canto.org/763745/download,
762499,Emberiza citrinella,Yellowhammer,Alan Dalton,Sweden,2022-10-04,08:30,19,B,"call, flight call",field recording,no,[],24000,https://xeno-canto.org/762499,https://xeno-canto.org/762499/download,
760517,Emberiza citrinella,Yellowhammer,Lars Mogensen,Denmark,2022-11-10,02:30,9,B,"flight call, nocturnal flight call",field recording,no,[],44100,https://xeno-canto.org/760517,https://xeno-canto.org/760517/download,
759994,Emberiza citrinella,Yellowhammer,Antonio Xeira,Germany,2017-03-28,?,43,B,song,field recording,no,[],44100,https://xeno-canto.org/759994,https://xeno-canto.org/759994/download,
759876,Emberiza citrinella,Yellowhammer,Niels Van Doninck,Sweden,2022-05-22,20:00,53,B,"call, flight call",field recording,yes,"[""Alauda arvensis"", ""Turdus merula"", ""Luscinia luscinia""]",48000,https://xeno-canto.org/759876,https://xeno-canto.org/759876/download,
758560,Emberiza citrinella,Yellowhammer,W. Agster,Germany,2022-06-02,08:30,33,B,call,field recording,yes,[],48000,https://xeno-canto.org/758560,https://xeno-canto.org/758560/download,
758381,Emberiza citrinella,Yellowhammer,W. Agster,Germany,2022-06-01,09:30,18,B,song,field recording,yes,[],48000,https://xeno-canto.org/758381,https://xeno-canto.org/758381/download,
758380,Emberiza citrinella,Yellowhammer,W. Agster,Germany,2022-06-01,09:30,34,B,song,field recording,yes,[],48000,https://xeno-canto.org/758380,https://xeno-canto.org/758380/download,
758168,Emberiza citrinella,Yellowhammer,W. Agster,Germany,2022-06-01,08:00,11,B,call,field recording,no,[],48000,https://xeno-canto.org/758168,https://xeno-canto.org/758168/download,
756879,Emberiza citrinella,Yellowhammer,Antonio Xeira,Germany,2017-03-28,09:00,23,B,call,field recording,no,[],44100,https://xeno-canto.org/756879,https://xeno-canto.org/756879/download,
754522,Emberiza citrinella,Yellowhammer,Will Scott,United Kingdom,2022-10-08,06:00,2,B,"flight call, nocturnal flight call",field recording,no,[],44100,https://xeno-canto.org/754522,https://xeno-canto.org/754522/download,
753526,Emberiza citrinella,Yellowhammer,Hans Schekkerman,Netherlands,2022-09-03,07:30,23,B,begging call,field recording,yes,[],44100,https://xeno-canto.org/753526,https://xeno-canto.org/753526/download,
753271,Emberiza citrinella,Yellowhammer,Jocce Ekstrom,Sweden,2022-10-01,09:00,11,B,flight call,field recording,no,[],44100,https://xeno-canto.org/753271,https://xeno-canto.org/753271/download,
750368,Emberiza citrinella,Yellowhammer,W. Agster,Germany,2022-05-31,18:30,30,B,song,field recording,yes,[],48000,https://xeno-canto.org/750368,https://xeno-canto.org/750368/download,
750367,Emberiza citrinella,Yellowhammer,W. Agster,Germany,2022-05-31,18:30,44,B,song,field recording,yes,[],48000,https://xeno-canto.org/750367,https://xeno-canto.org/750367/download,
750343,Emberiza citrinella,Yellowhammer,W. Agster,Germany,2022-05-31,16:00,52,B,song,field recording,unknown,[],48000,https://xeno-canto.org/750343,https://xeno-canto.org/750343/download,
749678,Emberiza citrinella,Yellowhammer,Tristan Guillebot de Nerville,France,2022-05-28,14:36,30,B,call,field recording,yes,[],44100,https://xeno-canto.org/749678,https://xeno-canto.org/749678/download,
741893,Emberiza citrinella,Yellowhammer,Grzegorz Lorek,Poland,2022-06-12,19:07,28,B,song,field recording,yes,"[""Alauda arvensis"", ""Fringilla coelebs"", ""Emberiza calandra"", ""Turdus merula""]",48000,https://xeno-canto.org/741893,https://xeno-canto.org/741893/download,
741892,Emberiza citrinella,Yellowhammer,Grzegorz Lorek,Poland,2022-06-12,18:52,40,B,song,field recording,yes,"[""Alauda arvensis"", ""Emberiza calandra""]",48000,https://xeno-canto.org/741892,https://xeno-canto.org/741892/download,
741436,Emberiza citrinella,Yellowhammer,Frank Lambert,United Kingdom,2022-06-07,20:29,58,B,"call, song, some calls, song snippet",field recording,yes,[],44100,https://xeno-canto.org/741436,https://xeno-canto.org/741436/download,
739304,Emberiza citrinella,Yellowhammer,Grzegorz Lorek,Poland,2021-09-07,19:07,15,B,call,field recording,no,[],48000,https://xeno-canto.org/739304,https://xeno-canto.org/739304/download,
738963,Emberiza citrinella,Yellowhammer,Beatrix Saadi-Varchmin,Germany,2022-07-09,08:15,40,B,song,field recording,no,"[""Alauda arvensis"", ""Coturnix coturnix""]",44100,https://xeno-canto.org/738963,https://xeno-canto.org/738963/download,
738924,Emberiza citrinella,Yellowhammer,Stephan Risch,Germany,2022-07-22,12:43,11,B,"song, subsong",field recording,no,[],44100,https://xeno-canto.org/738924,https://xeno-canto.org/738924/download,
738425,Emberiza citrinella,Yellowhammer,Romuald Mikusek,Poland,2022-04-24,21:50,6,B,nocturnal flight call,field recording,no,[],24000,https://xeno-canto.org/738425,https://xeno-canto.org/738425/download,
738307,Emberiza citrinella,Yellowhammer,Gosse Hoekstra,Denmark,2022-07-20,07:30,53,B,song,field recording,no,[],44100,https://xeno-canto.org/738307,https://xeno-canto.org/738307/download,
738056,Emberiza citrinella,Yellowhammer,Gil Lissens,Belgium,2022-07-18,18:00,28,B,song,field recording,yes,[],48000,https://xeno-canto.org/738056,https://xeno-canto.org/738056/download,
735699,Emberiza citrinella,Yellowhammer,Aitor Urrutia,Spain,2022-07-03,11:00,19,B,song,field recording,yes,[],48000,https://xeno-canto.org/735699,https://xeno-canto.org/735699/download,
733988,Emberiza citrinella,Yellowhammer,Hannu Varkki,Finland,2022-05-24,06:30,46,B,song,field recording,yes,"[""Turdus pilaris"", ""Numenius arquata"", ""Chloris chloris""]",48000,https://xeno-canto.org/733988,https://xeno-canto.org/733988/download,
732562,Emberiza citrinella,Yellowhammer,Jacobo Ramil Millarengo,Spain,2022-06-17,17:00,35,B,song,field recording,yes,"[""Emberiza calandra"", ""Serinus serinus""]",44100,https://xeno-canto.org/732562,https://xeno-canto.org/732562/download,
732560,Emberiza citrinella,Yellowhammer,Jacobo Ramil Millarengo,Spain,2022-06-17,17:00,47,B,song,field recording,yes,"[""Emberiza calandra"", ""Linaria cannabina""]",44100,https://xeno-canto.org/732560,https://xeno-canto.org/732560/download,
732002,Emberiza citrinella,Yellowhammer,Marc Anderson,Sweden,2022-06-04,07:30,37,B,song,field recording,no,[],44100,https://xeno-canto.org/732002,https://xeno-canto.org/732002/download,
732001,Emberiza citrinella,Yellowhammer,Marc Anderson,Sweden,2022-06-04,07:30,37,B,song,field recording,no,[],44100,https://xeno-canto.org/732001,https://xeno-canto.org/732001/download,
731919,Emberiza citrinella,Yellowhammer,João Tomás,Portugal,2022-06-11,18:30,58,B,song,field recording,yes,[],44100,https://xeno-canto.org/731919,https://xeno-canto.org/731919/download,
729908,Emberiza citrinella,Yellowhammer,Cureau Hervé,France,2022-05-26,14:00,47,B,song,field recording,yes,[],48000,https://xeno-canto.org/729908,https://xeno-canto.org/729908/download,
726650,Emberiza citrinella,Yellowhammer,Helmut Schaffer,Austria,2022-05-17,08:30,13,B,song,field recording,no,"[""Alauda arvensis"", ""Curruca nisoria""]",44100,https://xeno-canto.org/726650,https://xeno-canto.org/726650/download,
726386,Emberiza citrinella,Yellowhammer,David Tattersley,Sweden,2022-05-18,04:19,30,B,dawn song,field recording,no,[],44100,https://xeno-canto.org/726386,https://xeno-canto.org/726386/download,
724844,Emberiza citrinella,Yellowhammer,Romuald Mikusek,Poland,2022-02-22,07:15,50,B,song,field recording,yes,[],48000,https://xeno-canto.org/724844,https://xeno-canto.org/724844/download,
724836,Emberiza citrinella,Yellowhammer,Romuald Mikusek,Poland,2022-02-22,07:15,30,B,song,field recording,yes,[],48000,https://xeno-canto.org/724836,https://xeno-canto.org/724836/download,
724809,Emberiza citrinella,Yellowhammer,Romuald Mikusek,Poland,2022-02-22,07:15,26,B,song,field recording,yes,[],48000,https://xeno-canto.org/724809,https://xeno-canto.org/724809/download,
724808,Emberiza citrinella,Yellowhammer,Romuald Mikusek,Poland,2022-02-22,07:15,7,B,song,field recording,no,[],48000,https://xeno-canto.org/724808,https://xeno-canto.org/724808/download,
724641,Emberiza citrinella,Yellowhammer,Krzysztof Deoniziak,Poland,2022-05-14,19:00,26,B,call,field recording,no,"[""Fringilla coelebs"", ""Turdus merula"", ""Emberiza citrinella""]",48000,https://xeno-canto.org/724641,https://xeno-canto.org/724641/download,
724377,Emberiza citrinella,Yellowhammer,David Tattersley,Sweden,2022-05-15,20:11,14,B,song,field recording,yes,"[""Phylloscopus trochilus""]",44100,https://xeno-canto.org/724377,https://xeno-canto.org/724377/download,
724018,Emberiza citrinella,Yellowhammer,Juha Saari,Finland,2022-05-14,02:52,10,B,nocturnal flight call,field recording,no,[],44100,https://xeno-canto.org/724018,https://xeno-canto.org/724018/download,
723461,Emberiza citrinella,Yellowhammer,João Tomás,Spain,2022-05-07,20:00,25,B,call,field recording,yes,[],44100,https://xeno-canto.org/723461,https://xeno-canto.org/723461/download,
720885,Emberiza citrinella,Yellowhammer,Hannu Varkki,Finland,2022-04-20,11:20,16,B,song,field recording,yes,"[""Cyanistes caeruleus"", ""Turdus merula"", ""Parus major"", ""Larus canus""]",48000,https://xeno-canto.org/720885,https://xeno-canto.org/720885/download,
720850,Emberiza citrinella,Yellowhammer,Tristan Guillebot de Nerville,France,2022-04-30,15:30,10,B,call,field recording,no,"[""Anthus trivialis""]",44100,https://xeno-canto.org/720850,https://xeno-canto.org/720850/download,
720032,Emberiza citrinella,Yellowhammer,Valentin Monnoy,France,2022-04-27,14:00,23,B,call,field recording,yes,[],48000,https://xeno-canto.org/720032,https://xeno-canto.org/720032/download,
718603,Emberiza citrinella,Yellowhammer,Chèvremont Fabian,Belgium,2021-12-31,10:30,21,B,call,field recording,unknown,[],44100,https://xeno-canto.org/718603,https://xeno-canto.org/718603/download,
716576,Emberiza citrinella,Yellowhammer,Xavier Riera,Spain,2022-04-15,11:00,51,B,song,field recording,yes,[],48000,https://xeno-canto.org/716576,https://xeno-canto.org/716576/download,
716575,Emberiza citrinella,Yellowhammer,Xavier Riera,Spain,2022-04-15,09:30,4,B,song,field recording,yes,[],48000,https://xeno-canto.org/716575,https://xeno-canto.org/716575/download,
714799,Emberiza citrinella,Yellowhammer,Jocce Ekstrom,Sweden,2022-04-11,07:05,35,B,song,field recording,yes,"[""Fringilla coelebs"", ""Turdus merula"", ""Clytorhynchus vitiensis""]",48000,https://xeno-canto.org/714799,https://xeno-canto.org/714799/download,
714261,Emberiza citrinella,Yellowhammer,Paweł Malczyk,Poland,2022-04-09,17:30,25,B,call,field recording,yes,[],44100,https://xeno-canto.org/714261,https://xeno-canto.org/714261/download,
713666,Emberiza citrinella,Yellowhammer,Alexis Bukowski,Spain,2022-03-03,03:30,4,B,"flight call, nocturnal flight call",field recording,no,[],48000,https://xeno-canto.org/713666,https://xeno-canto.org/713666/download,
713359,Emberiza citrinella,Yellowhammer,Hannu Varkki,Finland,2022-03-22,08:45,42,B,call,field recording,yes,"[""Turdus merula"", ""Parus major"", ""Pyrrhula pyrrhula""]",48000,https://xeno-canto.org/713359,https://xeno-canto.org/713359/download,
713357,Emberiza citrinella,Yellowhammer,Hannu Varkki,Finland,2022-03-22,08:45,43,B,call,field recording,yes,"[""Fringilla coelebs"", ""Pyrrhula pyrrhula""]",48000,https://xeno-canto.org/713357,https://xeno-canto.org/713357/download,
710471,Emberiza citrinella,Yellowhammer,Nicolas Martinez,Switzerland,2022-03-23,08:40,32,B,song,field recording,yes,"[""Regulus ignicapilla"", ""Fringilla coelebs"", ""Turdus merula""]",48000,https://xeno-canto.org/710471,https://xeno-canto.org/710471/download,
709536,Emberiza citrinella,Yellowhammer,Alan Dalton,Sweden,2022-03-13,14:00,17,B,call,field recording,yes,[],44100,https://xeno-canto.org/709536,https://xeno-canto.org/709536/download,
708715,Emberiza citrinella,Yellowhammer,Stanislas Wroza,France,2022-03-09,06:00,5,B,nocturnal flight call,field recording,no,[],48000,https://xeno-canto.org/708715,https://xeno-canto.org/708715/download,
708632,Emberiza citrinella,Yellowhammer,per-anders svensson,Sweden,2022-03-15,08:15,3,B,song,field recording,yes,[],48000,https://xeno-canto.org/708632,https://xeno-canto.org/708632/download,
707693,Emberiza citrinella,Yellowhammer,Sonothèque ADVL,France,2021-11-07,08:30,11,B,flight call,field recording,unknown,[],44100,https://xeno-canto.org/707693,https://xeno-canto.org/707693/download,
707692,Emberiza citrinella,Yellowhammer,Sonothèque ADVL,France,2022-03-01,16:30,23,B,call,field recording,unknown,[],44100,https://xeno-canto.org/707692,https://xeno-canto.org/707692/download,
707040,Emberiza citrinella,Yellowhammer,Lars Edenius,Sweden,2022-03-07,09:00,18,B,call,field recording,yes,"[""Dendrocopos major""]",48000,https://xeno-canto.org/707040,https://xeno-canto.org/707040/download,
706151,Emberiza citrinella,Yellowhammer,brickegickel,Germany,2022-03-04,07:30,58,B,song,field recording,yes,"[""Turdus philomelos"", ""Parus major""]",48000,https://xeno-canto.org/706151,https://xeno-canto.org/706151/download,
705053,Emberiza citrinella,Yellowhammer,Jacobo Ramil MIllarengo,Spain,2022-02-28,12:00,33,B,song,field recording,yes,[],44100,https://xeno-canto.org/705053,https://xeno-canto.org/705053/download,
705051,Emberiza citrinella,Yellowhammer,Jacobo Ramil MIllarengo,Spain,2022-02-28,11:30,20,B,song,field recording,yes,[],44100,https://xeno-canto.org/705051,https://xeno-canto.org/705051/download,
704446,Emberiza citrinella,Yellowhammer,David Kuster,Germany,2022-02-26,07:52,2,B,song,field recording,yes,[],48000,https://xeno-canto.org/704446,https://xeno-canto.org/704446/download,
704430,Emberiza citrinella,Yellowhammer,Matthias Grießmann,Germany,2022-02-26,08:30,23,B,call,field recording,yes,[],44100,https://xeno-canto.org/704430,https://xeno-canto.org/704430/download,
704156,Emberiza citrinella,Yellowhammer,per-anders svensson,Sweden,2022-02-24,10:30,16,B,"call, song",field recording,yes,[],44100,https://xeno-canto.org/704156,https://xeno-canto.org/704156/download,
703837,Emberiza citrinella,Yellowhammer,Ireneusz Oleksik,Poland,2021-11-01,04:48,8,B,nocturnal flight call,field recording,no,[],48000,https://xeno-canto.org/703837,https://xeno-canto.org/703837/download,
703599,Emberiza citrinella,Yellowhammer,Beatrix Saadi-Varchmin,Germany,2022-02-18,11:52,41,B,"aberrant, song, early spring song",field recording,yes,[],44100,https://xeno-canto.org/703599,https://xeno-canto.org/703599/download,
703084,Emberiza citrinella,Yellowhammer,Lisette,Netherlands,2021-11-17,23:26,10,B,"call, flight call, nocturnal flight call, buzz call",field recording,no,[],44100,https://xeno-canto.org/703084,https://xeno-canto.org/703084/download,
701248,Emberiza citrinella,Yellowhammer,Tristan Guillebot de Nerville,France,2022-02-08,12:27,12,B,call,field recording,yes,[],44100,https://xeno-canto.org/701248,https://xeno-canto.org/701248/download,
700132,Emberiza citrinella,Yellowhammer,Dominique Guillerme,France,2020-05-09,08:48,24,B,song,field recording,yes,"[""Sylvia atricapilla"", ""Streptopelia turtur"", ""Anthus trivialis"", ""Curruca communis""]",48000,https://xeno-canto.org/700132,https://xeno-canto.org/700132/download,
700130,Emberiza citrinella,Yellowhammer,Dominique Guillerme,France,2020-04-13,10:58,27,B,call,field recording,yes,[],44100,https://xeno-canto.org/700130,https://xeno-canto.org/700130/download,
699033,Emberiza citrinella,Yellowhammer,Lars Edenius,Sweden,2022-01-23,14:00,26,B,call,field recording,no,[],44100,https://xeno-canto.org/699033,https://xeno-canto.org/699033/download,
697515,Emberiza citrinella,Yellowhammer,Romuald Mikusek,Poland,2021-03-09,08:00,53,B,song,field recording,unknown,"[""Lullula arborea""]",48000,https://xeno-canto.org/697515,https://xeno-canto.org/697515/download,
694058,Emberiza citrinella,Yellowhammer,Frédéric Cazaban,France,2021-11-21,05:20,24,B,nocturnal flight call,field recording,no,[],44100,https://xeno-canto.org/694058,https://xeno-canto.org/694058/download,
692396,Emberiza citrinella,Yellowhammer,Tanguy Loïs,France,2021-08-23,19:30,11,B,call,field recording,no,[],48000,https://xeno-canto.org/692396,https://xeno-canto.org/692396/download,
692295,Emberiza citrinella,Yellowhammer,Romuald Mikusek,Poland,2020-07-14,06:20,59,B,song,field recording,yes,[],48000,https://xeno-canto.org/692295,https://xeno-canto.org/692295/download,
692132,Emberiza citrinella,Yellowhammer,brickegickel,Germany,2021-12-18,09:00,2,B,call,field recording,yes,[],48000,https://xeno-canto.org/692132,https://xeno-canto.org/692132/download,
692131,Emberiza citrinella,Yellowhammer,brickegickel,Germany,2021-12-18,09:00,13,B,"call, flight call",field recording,yes,[],48000,https://xeno-canto.org/692131,https://xeno-canto.org/692131/download,
691357,Emberiza citrinella,Yellowhammer,Lars Edenius,Sweden,2021-12-14,09:00,15,B,call,field recording,yes,"[""Pyrrhula pyrrhula""]",48000,https://xeno-canto.org/691357,https://xeno-canto.org/691357/download,
690636,Emberiza citrinella,Yellowhammer,Romuald Mikusek,Poland,2020-06-14,03:50,50,B,song,field recording,yes,[],48000,https://xeno-canto.org/690636,https://xeno-canto.org/690636/download,
690110,Emberiza citrinella,Yellowhammer,Lars Edenius,Sweden,2021-12-04,09:00,17,B,call,field recording,yes,"[""Passer montanus""]",48000,https://xeno-canto.org/690110,https://xeno-canto.org/690110/download,
689972,Emberiza citrinella,Yellowhammer,Hannu Varkki,Finland,2021-10-30,08:40,49,B,"call, flight call",field recording,yes,"[""Dendrocopos major""]",48000,https://xeno-canto.org/689972,https://xeno-canto.org/689972/download,
688006,Emberiza citrinella,Yellowhammer,Feliu López i Gelats,Spain,2021-11-19,07:00,13,B,nocturnal flight call,field recording,no,"[""Erithacus rubecula""]",44100,https://xeno-canto.org/688006,https://xeno-canto.org/688006/download,
687557,Emberiza citrinella,Yellowhammer,Irish Wildlife Sounds,Ireland,2021-10-12,14:30,26,B,flight call,field recording,yes,[],44100,https://xeno-canto.org/687557,https://xeno-canto.org/687557/download,
687551,Emberiza citrinella,Yellowhammer,Irish Wildlife Sounds,Ireland,2021-07-18,13:00,22,B,song,field recording,yes,[],44100,https://xeno-canto.org/687551,https://xeno-canto.org/687551/download,
687550,Emberiza citrinella,Yellowhammer,Irish Wildlife Sounds,Ireland,2021-07-18,13:00,21,B,call,field recording,yes,[],44100,https://xeno-canto.org/687550,https://xeno-canto.org/687550/download,
682916,Emberiza citrinella,Yellowhammer,Stanislas Wroza,France,2021-10-24,09:00,7,B,"flight call, bird in migration",field recording,yes,[],48000,https://xeno-canto.org/682916,https://xeno-canto.org/682916/download,
682822,Emberiza citrinella,Yellowhammer,Jean Christophe Pratt ,France,2020-11-29,?,3,B,call,field recording,yes,[],48000,https://xeno-canto.org/682822,https://xeno-canto.org/682822/download,
682388,Emberiza citrinella,Yellowhammer,Philippe Gayet,France,2021-10-22,07:02,9,B,nocturnal flight call,field recording,no,[],44100,https://xeno-canto.org/682388,https://xeno-canto.org/682388/download,
682361,Emberiza citrinella,Yellowhammer,Scott Wotherspoon,United Kingdom,2021-10-17,14:30,26,B,call,field recording,yes,"[""Coloeus monedula""]",44100,https://xeno-canto.org/682361,https://xeno-canto.org/682361/download,
681590,Emberiza citrinella,Yellowhammer,David Pennington,United Kingdom,2021-10-20,08:54,27,B,flight call,field recording,yes,[],44100,https://xeno-canto.org/681590,https://xeno-canto.org/681590/download,
681315,Emberiza citrinella,Yellowhammer,Stanislas Wroza,France,2021-10-17,09:00,13,B,"call, flight call, buzz call",field recording,yes,[],48000,https://xeno-canto.org/681315,https://xeno-canto.org/681315/download,
680186,Emberiza citrinella,Yellowhammer,Julien Bottinelli,France,2021-10-12,07:00,34,B,nocturnal flight call,field recording,no,[],44100,https://xeno-canto.org/680186,https://xeno-canto.org/680186/download,
679086,Emberiza citrinella,Yellowhammer,Stein Ø. Nilsen,Norway,2021-04-25,12:00,56,B,song,field recording,yes,"[""Fringilla coelebs"", ""Passer domesticus""]",48000,https://xeno-canto.org/679086,https://xeno-canto.org/679086/download,
679084,Emberiza citrinella,Yellowhammer,Stein Ø. Nilsen,Norway,2021-04-25,12:00,56,B,call,field recording,yes,"[""Linaria flavirostris""]",48000,https://xeno-canto.org/679084,https://xeno-canto.org/679084/download,
679022,Emberiza citrinella,Yellowhammer,Alan Dalton,Sweden,2021-09-15,09:30,7,B,call,field recording,no,"[""Regulus regulus""]",24000,https://xeno-canto.org/679022,https://xeno-canto.org/679022/download,
678240,Emberiza citrinella,Yellowhammer,Tristan Guillebot de Nerville,France,2021-03-09,18:40,18,B,call,field recording,yes,"[""Perdix perdix"", ""Corvus frugilegus"", ""Aegithalos caudatus""]",44100,https://xeno-canto.org/678240,https://xeno-canto.org/678240/download,
676712,Emberiza citrinella,Yellowhammer,Frank Lambert,United Kingdom,2021-07-22,08:44,50,B,song,field recording,yes,[],44100,https://xeno-canto.org/676712,https://xeno-canto.org/676712/download,
673504,Emberiza citrinella,Yellowhammer,Ireneusz Oleksik,Poland,2021-09-08,17:00,31,B,call,field recording,yes,[],48000,https://xeno-canto.org/673504,https://xeno-canto.org/673504/download,
672668,Emberiza citrinella,Yellowhammer,Steffen Hartmann,Germany,2021-07-10,8:28,15,B,song,field recording,yes,[],48000,https://xeno-canto.org/672668,https://xeno-canto.org/672668/download,
670084,Emberiza citrinella,Yellowhammer,Hannu Varkki,Finland,2021-05-17,06:40,34,B,"aberrant, call",field recording,yes,"[""Cyanistes caeruleus"", ""Phylloscopus trochilus"", ""Chroicocephalus ridibundus"", ""Corvus cornix"", ""Phylloscopus sibilatrix""]",48000,https://xeno-canto.org/670084,https://xeno-canto.org/670084/download,
667036,Emberiza citrinella,Yellowhammer,Xavier Riera,France,2021-08-01,12:30,41,B,"call, flight call",field recording,yes,[],48000,https://xeno-canto.org/667036,https://xeno-canto.org/667036/download,
666391,Emberiza citrinella,Yellowhammer,Bastian Forkel,Germany,2021-08-04,17:30,3,B,song,field recording,yes,[],44100,https://xeno-canto.org/666391,https://xeno-canto.org/666391/download,
664014,Emberiza citrinella,Yellowhammer,David Bissett,United Kingdom,2021-07-19,15:30,54,B,uncertain,field recording,no,[],48000,https://xeno-canto.org/664014,https://xeno-canto.org/664014/download,
663419,Emberiza citrinella,Yellowhammer,Domagoj Tomičić,Germany,2021-07-10,07:00,48,B,song,field recording,yes,[],44100,https://xeno-canto.org/663419,https://xeno-canto.org/663419/download,
663033,Emberiza citrinella,Yellowhammer,per-anders svensson,Sweden,2021-07-14,06:45,14,B,song,field recording,yes,[],44100,https://xeno-canto.org/663033,https://xeno-canto.org/663033/download,
662850,Emberiza citrinella,Yellowhammer,Domagoj Tomičić,Germany,2021-07-09,12:00,15,B,song,field recording,yes,[],44100,https://xeno-canto.org/662850,https://xeno-canto.org/662850/download,
662530,Emberiza citrinella,Yellowhammer,Domagoj Tomičić,Germany,2021-07-10,06:30,8,B,alarm call,field recording,yes,[],44100,https://xeno-canto.org/662530,https://xeno-canto.org/662530/download,
661184,Emberiza citrinella,Yellowhammer,Micha Luhn,Germany,2021-07-04,07:00,55,B,song,field recording,yes,"[""Fringilla coelebs"", ""Turdus merula"", ""Parus major"", ""Acrocephalus arundinaceus""]",48000,https://xeno-canto.org/661184,https://xeno-canto.org/661184/download,
660833,Emberiza citrinella,Yellowhammer,Marcin Urbański,Poland,2021-06-17,13:30,43,B,song,field recording,yes,[],48000,https://xeno-canto.org/660833,https://xeno-canto.org/660833/download,
660817,Emberiza citrinella,Yellowhammer,Marcin Urbański,Poland,2021-06-19,10:00,50,B,call,field recording,yes,[],48000,https://xeno-canto.org/660817,https://xeno-canto.org/660817/download,
660565,Emberiza citrinella,Yellowhammer,Hannu Varkki,Finland,2021-04-30,06:52,25,B,call,field recording,yes,"[""Turdus philomelos"", ""Parus major"", ""Erithacus rubecula"", ""Anthus trivialis""]",48000,https://xeno-canto.org/660565,https://xeno-canto.org/660565/download,
658089,Emberiza citrinella,Yellowhammer,Micha Luhn,Germany,2021-06-19,20:15,41,B,call,field recording,yes,"[""Motacilla flava""]",48000,https://xeno-canto.org/658089,https://xeno-canto.org/658089/download,
657084,Emberiza citrinella,Yellowhammer,Christian Kerihuel,France,2021-06-16,10:30,31,B,song,field recording,unknown,[],44100,https://xeno-canto.org/657084,https://xeno-canto.org/657084/download,
656277,Emberiza citrinella,Yellowhammer,Mathias Götz,Germany,2021-06-07,12:00,31,B,song,field recording,yes,"[""Phylloscopus trochilus""]",44100,https://xeno-canto.org/656277,https://xeno-canto.org/656277/download,
652998,Emberiza citrinella,Yellowhammer,Matthias Grießmann,Germany,2021-05-30,18:30,33,B,song,field recording,yes,"[""Curruca communis""]",44100,https://xeno-canto.org/652998,https://xeno-canto.org/652998/download,
650752,Emberiza citrinella,Yellowhammer,Stephan Risch,Germany,2021-05-16,13:59,23,B,call,field recording,no,[],32000,https://xeno-canto.org/650752,https://xeno-canto.org/650752/download,
650695,Emberiza citrinella,Yellowhammer,Hans Groot,Netherlands,2020-10-23,10:00,15,B,flight call,field recording,yes,"[""Fringilla coelebs""]",44100,https://xeno-canto.org/650695,https://xeno-canto.org/650695/download,
650692,Emberiza citrinella,Yellowhammer,Hans Groot,Netherlands,2020-12-28,11:00,58,B,call,field recording,yes,"[""Turdus iliacus"", ""Turdus merula"", ""Larus argentatus"", ""Corvus corone"", ""Coloeus monedula"", ""Pica pica"", ""Larus canus""]",44100,https://xeno-canto.org/650692,https://xeno-canto.org/650692/download,
650623,Emberiza citrinella,Yellowhammer,Susanne Kuijpers,Netherlands,2021-05-19,09:10,41,B,song,field recording,yes,[],44100,https://xeno-canto.org/650623,https://xeno-canto.org/650623/download,
648799,Emberiza citrinella,Yellowhammer,Ireneusz Oleksik,Poland,2021-05-15,19:23,57,B,call,field recording,yes,"[""Phylloscopus trochilus""]",48000,https://xeno-canto.org/648799,https://xeno-canto.org/648799/download,
648028,Emberiza citrinella,Yellowhammer,Grzegorz Kaczorowski,Poland,2021-05-13,16:30,15,B,song,field recording,no,"[""Hippolais icterina""]",44100,https://xeno-canto.org/648028,https://xeno-canto.org/648028/download,
647893,Emberiza citrinella,Yellowhammer,Sven Kransel,Germany,2021-05-09,07:25,16,B,song,field recording,yes,"[""Turdus philomelos"", ""Sylvia atricapilla"", ""Sylvia borin""]",44100,https://xeno-canto.org/647893,https://xeno-canto.org/647893/download,
646866,Emberiza citrinella,Yellowhammer,Bernard BOUSQUET,France,2021-05-09,09:30,47,B,song,field recording,no,[],44100,https://xeno-canto.org/646866,https://xeno-canto.org/646866/download,
646717,Emberiza citrinella,Yellowhammer,Grzegorz Kaczorowski,Poland,2021-05-09,09:00,14,B,song,field recording,yes,[],44100,https://xeno-canto.org/646717,https://xeno-canto.org/646717/download,
646609,Emberiza citrinella,Yellowhammer,Ireneusz Oleksik,Poland,2021-05-09,07:14,18,B,song,field recording,yes,"[""Turdus philomelos"", ""Sylvia atricapilla""]",48000,https://xeno-canto.org/646609,https://xeno-canto.org/646609/download,
644975,Emberiza citrinella,Yellowhammer,Micha Luhn,Germany,2021-05-02,10:15,29,B,song,field recording,yes,"[""Phylloscopus trochilus"", ""Turdus merula"", ""Corvus corax""]",48000,https://xeno-canto.org/644975,https://xeno-canto.org/644975/download,
644685,Emberiza citrinella,Yellowhammer,bert de bruin,Norway,2021-05-02,07:30,39,B,song,field recording,yes,[],44100,https://xeno-canto.org/644685,https://xeno-canto.org/644685/download,
644462,Emberiza citrinella,Yellowhammer,Karol Łanocha,Poland,2021-05-01,19:30,23,B,song,field recording,yes,[],24000,https://xeno-canto.org/644462,https://xeno-canto.org/644462/download,
644054,Emberiza citrinella,Yellowhammer,"Olivier SWIFT, Arzhvaël JEUSSET",France,2021-04-30,10:16,21,B,song,field recording,yes,"[""Erithacus rubecula"", ""Phylloscopus collybita""]",48000,https://xeno-canto.org/644054,https://xeno-canto.org/644054/download,
643513,Emberiza citrinella,Yellowhammer,Stein Ø. Nilsen,Norway,2021-04-25,06:00,57,B,song,field recording,no,[],48000,https://xeno-canto.org/643513,https://xeno-canto.org/643513/download,
643477,Emberiza citrinella,Yellowhammer,Stanislas Wroza,France,2021-04-28,07:30,30,B,"alarm call, call, interaction calls, rapidfire",field recording,yes,[],48000,https://xeno-canto.org/643477,https://xeno-canto.org/643477/download,
643330,Emberiza citrinella,Yellowhammer,Karol Łanocha,Poland,2021-04-27,17:26,24,B,song,field recording,no,[],24000,https://xeno-canto.org/643330,https://xeno-canto.org/643330/download,
642912,Emberiza citrinella,Yellowhammer,Ireneusz Oleksik,Poland,2021-04-26,19:43,49,B,call,field recording,yes,[],48000,https://xeno-canto.org/642912,https://xeno-canto.org/642912/download,
642911,Emberiza citrinella,Yellowhammer,Ireneusz Oleksik,Poland,2021-04-26,19:42,31,B,alarm call,field recording,yes,[],48000,https://xeno-canto.org/642911,https://xeno-canto.org/642911/download,
642904,Emberiza citrinella,Yellowhammer,Ireneusz Oleksik,Poland,2021-04-26,18:50,39,B,song,field recording,yes,"[""Phylloscopus trochilus"", ""Emberiza citrinella""]",48000,https://xeno-canto.org/642904,https://xeno-canto.org/642904/download,
642196,Emberiza citrinella,Yellowhammer,Cureau Hervé,France,2021-04-24,10:00,28,B,song,field recording,yes,[],48000,https://xeno-canto.org/642196,https://xeno-canto.org/642196/download,
641992,Emberiza citrinella,Yellowhammer,Stanislas Wroza,France,2021-04-23,07:00,56,B,"song, subsong",field recording,yes,[],48000,https://xeno-canto.org/641992,https://xeno-canto.org/641992/download,
641991,Emberiza citrinella,Yellowhammer,Stanislas Wroza,France,2021-04-23,07:00,30,B,"alarm call, buzz",field recording,yes,[],48000,https://xeno-canto.org/641991,https://xeno-canto.org/641991/download,
641651,Emberiza citrinella,Yellowhammer,Ireneusz Oleksik,Poland,2021-04-22,19:50,46,B,call,field recording,yes,"[""Phylloscopus trochilus"", ""Phylloscopus collybita""]",48000,https://xeno-canto.org/641651,https://xeno-canto.org/641651/download,
640957,Emberiza citrinella,Yellowhammer,Ireneusz Oleksik,Poland,2021-04-20,19:30,42,B,call,field recording,yes,"[""Turdus merula"", ""Dendrocopos major""]",48000,https://xeno-canto.org/640957,https://xeno-canto.org/640957/download,
640721,Emberiza citrinella,Yellowhammer,Micha Luhn,Germany,2021-04-19,16:50,28,B,alarm call,field recording,yes,"[""Fringilla coelebs"", ""Phylloscopus trochilus"", ""Sitta europaea"", ""Parus major""]",48000,https://xeno-canto.org/640721,https://xeno-canto.org/640721/download,
640074,Emberiza citrinella,Yellowhammer,Stanislas Wroza,France,2021-04-17,07:30,12,B,"call, flight call, two birds, two types of calls",field recording,yes,[],48000,https://xeno-canto.org/640074,https://xeno-canto.org/640074/download,
639794,Emberiza citrinella,Yellowhammer,Sven Kransel,Germany,2021-04-17,08:30,39,B,song,field recording,yes,"[""Turdus viscivorus"", ""Phylloscopus collybita""]",44100,https://xeno-canto.org/639794,https://xeno-canto.org/639794/download,
639414,Emberiza citrinella,Yellowhammer,Frode Falkenberg,Norway,2021-04-15,10:00,50,B,song,field recording,yes,"[""Cyanistes caeruleus"", ""Corvus cornix"", ""Passer domesticus""]",44100,https://xeno-canto.org/639414,https://xeno-canto.org/639414/download,
639077,Emberiza citrinella,Yellowhammer,Dan Lombard,United Kingdom,2020-05-04,08:00,8,B,call,field recording,yes,[],44100,https://xeno-canto.org/639077,https://xeno-canto.org/639077/download,
638477,Emberiza citrinella,Yellowhammer,Stanislas Wroza,France,2021-04-10,07:00,39,B,"song, beginning of song",field recording,yes,[],48000,https://xeno-canto.org/638477,https://xeno-canto.org/638477/download,
638476,Emberiza citrinella,Yellowhammer,Stanislas Wroza,France,2021-04-10,07:00,20,B,"alarm call, call, various calls",field recording,yes,[],48000,https://xeno-canto.org/638476,https://xeno-canto.org/638476/download,
638021,Emberiza citrinella,Yellowhammer,Florian Kubala,France,2021-04-07,07:30,16,B,call,field recording,yes,[],48000,https://xeno-canto.org/638021,https://xeno-canto.org/638021/download,
638020,Emberiza citrinella,Yellowhammer,Florian Kubala,France,2021-04-07,07:30,2,B,song,field recording,yes,[],48000,https://xeno-canto.org/638020,https://xeno-canto.org/638020/download,
637706,Emberiza citrinella,Yellowhammer,Peter Boesman,Belgium,2021-04-09,08:30,45,B,song,field recording,unknown,[],44100,https://xeno-canto.org/637706,https://xeno-canto.org/637706/download,
637702,Emberiza citrinella,Yellowhammer,Peter Boesman,Belgium,2021-04-09,08:00,23,B,call,field recording,unknown,[],44100,https://xeno-canto.org/637702,https://xeno-canto.org/637702/download,
637430,Emberiza citrinella,Yellowhammer,Susanne Kuijpers,Netherlands,2021-04-08,20:22,4,B,song,field recording,yes,[],44100,https://xeno-canto.org/637430,https://xeno-canto.org/637430/download,
637333,Emberiza citrinella,Yellowhammer,Alan Dalton,Sweden,2021-04-08,11:30,55,B,call,field recording,yes,"[""Cyanistes caeruleus"", ""Fringilla coelebs""]",44100,https://xeno-canto.org/637333,https://xeno-canto.org/637333/download,
636405,Emberiza citrinella,Yellowhammer,Lars Edenius,Sweden,2021-04-06,07:30,41,B,song,field recording,yes,"[""Turdus merula"", ""Dendrocopos major"", ""Corvus cornix""]",48000,https://xeno-canto.org/636405,https://xeno-canto.org/636405/download,
636061,Emberiza citrinella,Yellowhammer,Florian Kubala,France,2021-03-01,09:00,9,B,call,field recording,yes,[],48000,https://xeno-canto.org/636061,https://xeno-canto.org/636061/download,
635916,Emberiza citrinella,Yellowhammer,Tanguy Loïs,France,2021-04-04,08:00,9,B,call,field recording,yes,[],48000,https://xeno-canto.org/635916,https://xeno-canto.org/635916/download,
635394,Emberiza citrinella,Yellowhammer,Niels Van Doninck,Germany,2017-04-07,19:20,29,B,call,field recording,yes,[],48000,https://xeno-canto.org/635394,https://xeno-canto.org/635394/download,
635257,Emberiza citrinella,Yellowhammer,Eduardo Realinho,Spain,2021-04-02,09:00,44,B,song,field recording,yes,"[""Turdus merula"", ""Erithacus rubecula""]",48000,https://xeno-canto.org/635257,https://xeno-canto.org/635257/download,
634885,Emberiza citrinella,Yellowhammer,Stephan Risch,Germany,2021-03-30,12:14,14,B,call,field recording,no,[],44100,https://xeno-canto.org/634885,https://xeno-canto.org/634885/download,
634374,Emberiza citrinella,Yellowhammer,Lars Edenius,Sweden,2021-03-31,09:00,14,B,song,field recording,yes,[],48000,https://xeno-canto.org/634374,https://xeno-canto.org/634374/download,
634340,Emberiza citrinella,Yellowhammer,Karol Łanocha,Poland,2021-03-30,18:01,48,B,song,field recording,yes,[],24000,https://xeno-canto.org/634340,https://xeno-canto.org/634340/download,
634338,Emberiza citrinella,Yellowhammer,Karol Łanocha,Poland,2021-03-30,17:58,22,B,call,field recording,yes,[],24000,https://xeno-canto.org/634338,https://xeno-canto.org/634338/download,
633257,Emberiza citrinella,Yellowhammer,Stanislas Wroza,France,2021-03-26,07:30,7,B,flight call,field recording,yes,[],48000,https://xeno-canto.org/633257,https://xeno-canto.org/633257/download,
633252,Emberiza citrinella,Yellowhammer,Stanislas Wroza,France,2021-03-26,07:30,8,B,"call, flight call, long buzzed call, various calls in flight",field recording,yes,[],48000,https://xeno-canto.org/633252,https://xeno-canto.org/633252/download,
633250,Emberiza citrinella,Yellowhammer,Stanislas Wroza,France,2021-03-26,07:30,25,B,"call, long buzzed call",field recording,yes,[],48000,https://xeno-canto.org/633250,https://xeno-canto.org/633250/download,
633245,Emberiza citrinella,Yellowhammer,Stanislas Wroza,France,2021-03-26,07:30,15,B,song,field recording,yes,[],48000,https://xeno-canto.org/633245,https://xeno-canto.org/633245/download,
633244,Emberiza citrinella,Yellowhammer,Stanislas Wroza,France,2021-03-26,07:30,36,B,song,field recording,yes,[],48000,https://xeno-canto.org/633244,https://xeno-canto.org/633244/download,
632313,Emberiza citrinella,Yellowhammer,Jacek Betleja,Poland,2021-03-25,15:30,32,B,call,field recording,yes,[],44100,https://xeno-canto.org/632313,https://xeno-canto.org/632313/download,
631704,Emberiza citrinella,Yellowhammer,Will Scott,United Kingdom,2021-03-25,07:00,10,B,flight call,field recording,yes,[],44100,https://xeno-canto.org/631704,https://xeno-canto.org/631704/download,
631591,Emberiza citrinella,Yellowhammer,Jacek Betleja,Poland,2021-03-24,17:30,35,B,"call, subsong",field recording,yes,"[""Turdus philomelos"", ""Emberiza citrinella"", ""Anser serrirostris""]",44100,https://xeno-canto.org/631591,https://xeno-canto.org/631591/download,
631543,Emberiza citrinella,Yellowhammer,Steffen Hartmann,Germany,2021-03-24,06:17,50,B,song,field recording,yes,"[""Turdus viscivorus""]",48000,https://xeno-canto.org/631543,https://xeno-canto.org/631543/download,
630623,Emberiza citrinella,Yellowhammer,Marcin Urbański,Poland,2021-03-12,12:00,22,B,call,field recording,yes,[],44100,https://xeno-canto.org/630623,https://xeno-canto.org/630623/download,
629247,Emberiza citrinella,Yellowhammer,Alan Dalton,Sweden,2021-03-12,11:00,21,B,"call, flight call",field recording,yes,[],44100,https://xeno-canto.org/629247,https://xeno-canto.org/629247/download,
628930,Emberiza citrinella,Yellowhammer,80237,Norway,2021-03-14,07:00,41,B,,field recording,no,"[""Sitta europaea"", ""Corvus cornix""]",44100,https://xeno-canto.org/628930,https://xeno-canto.org/628930/download,
627541,Emberiza citrinella,Yellowhammer,edouard dansette,France,2021-03-06,09:00,26,B,song,field recording,unknown,[],48000,https://xeno-canto.org/627541,https://xeno-canto.org/627541/download,
625783,Emberiza citrinella,Yellowhammer,Ireneusz Oleksik,Poland,2021-03-02,17:20,8,B,call,field recording,yes,"[""Turdus merula"", ""Dendrocopos major""]",48000,https://xeno-canto.org/625783,https://xeno-canto.org/625783/download,
625444,Emberiza citrinella,Yellowhammer,david m,United Kingdom,2020-08-16,06:24,21,B,call,field recording,yes,[],48000,https://xeno-canto.org/625444,https://xeno-canto.org/625444/download,
620849,Emberiza citrinella,Yellowhammer,Frank Pierik,Netherlands,2021-02-10,09:55,15,B,flight call,field recording,no,[],44100,https://xeno-canto.org/620849,https://xeno-canto.org/620849/download,
614677,Emberiza citrinella,Yellowhammer,Niko Björkell ,Finland,2020-04-16,08:00,11,B,song,field recording,yes,"[""Regulus regulus"", ""Fringilla coelebs"", ""Turdus merula"", ""Parus major""]",44100,https://xeno-canto.org/614677,https://xeno-canto.org/614677/download,
614085,Emberiza citrinella,Yellowhammer,Calum Mckellar,United Kingdom,2020-01-08,09:00,33,B,call,field recording,yes,[],44100,https://xeno-canto.org/614085,https://xeno-canto.org/614085/download,
614084,Emberiza citrinella,Yellowhammer,Calum Mckellar,United Kingdom,2020-01-08,13:30,11,B,call,field recording,yes,[],44100,https://xeno-canto.org/614084,https://xeno-canto.org/614084/download,
613567,Emberiza citrinella,Yellowhammer,Joost van Bruggen,Netherlands,2020-03-08,01:17,7,B,"flight call, nocturnal flight call",field recording,no,[],48000,https://xeno-canto.org/613567,https://xeno-canto.org/613567/download,
611663,Emberiza citrinella,Yellowhammer,Craig Brookes,United Kingdom,2020-12-30,13:00,12,B,flight call,field recording,yes,"[""Fringilla coelebs"", ""Coloeus monedula""]",44100,https://xeno-canto.org/611663,https://xeno-canto.org/611663/download,
610246,Emberiza citrinella,Yellowhammer,Philippe Gayet,France,2020-12-18,06:25,10,B,nocturnal flight call,field recording,no,[],44100,https://xeno-canto.org/610246,https://xeno-canto.org/610246/download,
607914,Emberiza citrinella,Yellowhammer,Micha Luhn,Poland,2017-05-26,19:00,18,B,song,field recording,yes,"[""Fringilla coelebs""]",48000,https://xeno-canto.org/607914,https://xeno-canto.org/607914/download,
604248,Emberiza citrinella,Yellowhammer,Hannu Varkki,Finland,2020-10-12,09:00,44,B,"call, flight call",field recording,yes,"[""Cyanistes caeruleus"", ""Cygnus olor"", ""Fringilla coelebs"", ""Acanthis flammea"", ""Branta canadensis"", ""Dendrocopos major"", ""Phylloscopus collybita"", ""Pyrrhula pyrrhula"", ""Corvus cornix""]",48000,https://xeno-canto.org/604248,https://xeno-canto.org/604248/download,
603003,Emberiza citrinella,Yellowhammer,Bram Vogels,Belgium,2020-11-08,08:00,15,B,flight call,field recording,yes,[],44100,https://xeno-canto.org/603003,https://xeno-canto.org/603003/download,
603002,Emberiza citrinella,Yellowhammer,Bram Vogels,Belgium,2020-11-04,08:00,22,B,flight call,field recording,yes,[],44100,https://xeno-canto.org/603002,https://xeno-canto.org/603002/download,
600955,Emberiza citrinella,Yellowhammer,Maarten Sluijter,Netherlands,2020-11-07,09:26,16,B,flight call,field recording,yes,"[""Turdus iliacus"", ""Fringilla coelebs"", ""Emberiza schoeniclus""]",44100,https://xeno-canto.org/600955,https://xeno-canto.org/600955/download,
600916,Emberiza citrinella,Yellowhammer,Alain Verneau,France,2020-11-07,09:30,7,B,flight call,field recording,yes,[],44100,https://xeno-canto.org/600916,https://xeno-canto.org/600916/download,
599997,Emberiza citrinella,Yellowhammer,Lluís Brotons,Spain,2020-11-03,06:30,23,B,nocturnal flight call,field recording,no,"[""Turdus philomelos"", ""Erithacus rubecula""]",48000,https://xeno-canto.org/599997,https://xeno-canto.org/599997/download,
598889,Emberiza citrinella,Yellowhammer,Johan Lorentzon,Sweden,2020-10-30,05:02,7,B,nocturnal flight call,field recording,no,[],44100,https://xeno-canto.org/598889,https://xeno-canto.org/598889/download,
598784,Emberiza citrinella,Yellowhammer,Hans Groot,Sweden,1992-10-08,10:00,19,B,call,field recording,yes,[],44100,https://xeno-canto.org/598784,https://xeno-canto.org/598784/download,
598112,Emberiza citrinella,Yellowhammer,Hans Groot,Sweden,1992-10-01,09:00,8,B,flight call,field recording,yes,[],44100,https://xeno-canto.org/598112,https://xeno-canto.org/598112/download,
597660,Emberiza citrinella,Yellowhammer,Bram Vogels,Belgium,2020-10-22,10:00,14,B,flight call,field recording,no,[],44100,https://xeno-canto.org/597660,https://xeno-canto.org/597660/download,
597614,Emberiza citrinella,Yellowhammer,Juha Saari,Finland,2020-10-24,04:44,11,B,nocturnal flight call,field recording,no,[],44100,https://xeno-canto.org/597614,https://xeno-canto.org/597614/download,
597396,Emberiza citrinella,Yellowhammer,Alan Dalton,Sweden,2020-10-24,06:00,14,B,nocturnal flight call,field recording,no,[],44100,https://xeno-canto.org/597396,https://xeno-canto.org/597396/download,
596773,Emberiza citrinella,Yellowhammer,Krzysztof Deoniziak,Poland,2020-10-17,06:30,26,B,call,field recording,no,"[""Anser anser"", ""Grus grus"", ""Troglodytes troglodytes"", ""Anas platyrhynchos""]",44100,https://xeno-canto.org/596773,https://xeno-canto.org/596773/download,
596470,Emberiza citrinella,Yellowhammer,Juha Saari,Finland,2020-10-19,02:31,10,B,nocturnal flight call,field recording,no,[],44100,https://xeno-canto.org/596470,https://xeno-canto.org/596470/download,
596317,Emberiza citrinella,Yellowhammer,Piotr Szczypinski,Poland,2020-09-25,09:30,42,B,begging call,field recording,no,"[""Cyanistes caeruleus"", ""Fringilla coelebs"", ""Lullula arborea""]",44100,https://xeno-canto.org/596317,https://xeno-canto.org/596317/download,
596189,Emberiza citrinella,Yellowhammer,Lluís Brotons,Spain,2020-10-18,05:00,17,B,nocturnal flight call,field recording,no,[],48000,https://xeno-canto.org/596189,https://xeno-canto.org/596189/download,
595781,Emberiza citrinella,Yellowhammer,Johan Lorentzon,Sweden,2020-10-17,04:37,3,B,nocturnal flight call,field recording,no,[],44100,https://xeno-canto.org/595781,https://xeno-canto.org/595781/download,
594739,Emberiza citrinella,Yellowhammer,Piotr Szczypinski,Poland,2020-09-21,09:00,32,B,call,field recording,yes,"[""Fringilla coelebs"", ""Prunella modularis"", ""Lullula arborea"", ""Phylloscopus collybita""]",44100,https://xeno-canto.org/594739,https://xeno-canto.org/594739/download,
592933,Emberiza citrinella,Yellowhammer,Juha Saari,Finland,2020-10-03,03:51,11,B,nocturnal flight call,field recording,no,[],44100,https://xeno-canto.org/592933,https://xeno-canto.org/592933/download,
592738,Emberiza citrinella,Yellowhammer,Ireneusz Oleksik,Poland,2020-10-04,17:16,24,B,call,field recording,no,"[""Spinus spinus""]",48000,https://xeno-canto.org/592738,https://xeno-canto.org/592738/download,
591452,Emberiza citrinella,Yellowhammer,Alan Dalton,Sweden,2020-09-28,01:30,14,B,nocturnal flight call,field recording,no,[],44100,https://xeno-canto.org/591452,https://xeno-canto.org/591452/download,
589279,Emberiza citrinella,Yellowhammer,Stanislas Wroza,France,2020-09-18,08:00,31,B,"call, flight call, buzz call in flight",field recording,yes,[],48000,https://xeno-canto.org/589279,https://xeno-canto.org/589279/download,
586261,Emberiza citrinella,Yellowhammer,W. Agster,Germany,2020-06-21,15:00,27,B,call,field recording,yes,"[""Sylvia atricapilla""]",48000,https://xeno-canto.org/586261,https://xeno-canto.org/586261/download,
582353,Emberiza citrinella,Yellowhammer,Oscar Campbell,United Kingdom,2020-07-17,08:00,35,B,song,field recording,no,[],44100,https://xeno-canto.org/582353,https://xeno-canto.org/582353/download,
579934,Emberiza citrinella,Yellowhammer,Andrew Harrop,United Kingdom,2020-07-29,14:30,25,B,song,field recording,yes,[],44100,https://xeno-canto.org/579934,https://xeno-canto.org/579934/download,
579604,Emberiza citrinella,Yellowhammer,brickegickel,Germany,2020-07-17,04:00,3,B,song,field recording,no,[],44100,https://xeno-canto.org/579604,https://xeno-canto.org/579604/download,
579603,Emberiza citrinella,Yellowhammer,brickegickel,Germany,2020-07-17,04:00,3,B,song,field recording,no,[],44100,https://xeno-canto.org/579603,https://xeno-canto.org/579603/download,
579602,Emberiza citrinella,Yellowhammer,brickegickel,Germany,2020-07-17,04:00,3,B,song,field recording,no,[],44100,https://xeno-canto.org/579602,https://xeno-canto.org/579602/download,
579601,Emberiza citrinella,Yellowhammer,brickegickel,Germany,2020-07-17,04:00,3,B,song,field recording,no,[],44100,https://xeno-canto.org/579601,https://xeno-canto.org/579601/download,
579600,Emberiza citrinella,Yellowhammer,brickegickel,Germany,2020-07-17,04:00,2,B,song,field recording,no,[],44100,https://xeno-canto.org/579600,https://xeno-canto.org/579600/download,
579599,Emberiza citrinella,Yellowhammer,brickegickel,Germany,2020-07-17,04:00,2,B,song,field recording,no,[],44100,https://xeno-canto.org/579599,https://xeno-canto.org/579599/download,
579469,Emberiza citrinella,Yellowhammer,Cedric Mroczko,France,2020-07-19,11:45,30,B,alarm call,field recording,yes,"[""Emberiza citrinella""]",48000,https://xeno-canto.org/579469,https://xeno-canto.org/579469/download,
579466,Emberiza citrinella,Yellowhammer,Cedric Mroczko,France,2020-07-19,07:22,16,B,alarm call,field recording,yes,"[""Buteo buteo"", ""Turdus merula"", ""Emberiza citrinella""]",48000,https://xeno-canto.org/579466,https://xeno-canto.org/579466/download,
579465,Emberiza citrinella,Yellowhammer,Cedric Mroczko,France,2020-07-19,07:20,14,B,alarm call,field recording,yes,"[""Buteo buteo"", ""Parus major"", ""Emberiza citrinella""]",48000,https://xeno-canto.org/579465,https://xeno-canto.org/579465/download,
579443,Emberiza citrinella,Yellowhammer,david m,United Kingdom,2020-03-09,06:03,15,B,"alarm call, call, flight call",field recording,yes,[],48000,https://xeno-canto.org/579443,https://xeno-canto.org/579443/download,
577432,Emberiza citrinella,Yellowhammer,Olivier SWIFT,France,2020-07-19,07:32,37,B,song,field recording,no,"[""Sylvia atricapilla""]",48000,https://xeno-canto.org/577432,https://xeno-canto.org/577432/download,
577425,Emberiza citrinella,Yellowhammer,Olivier SWIFT,France,2020-07-19,07:33,59,B,song,field recording,no,"[""Oriolus oriolus"", ""Parus major"", ""Picus viridis"", ""Leiothrix lutea""]",48000,https://xeno-canto.org/577425,https://xeno-canto.org/577425/download,
577299,Emberiza citrinella,Yellowhammer,Eduardo Realinho,Spain,2020-07-18,21:30,22,B,song,field recording,yes,[],44100,https://xeno-canto.org/577299,https://xeno-canto.org/577299/download,
575911,Emberiza citrinella,Yellowhammer,Sidney M,Spain,2020-07-12,16:00,2,B,call,field recording,yes,[],44100,https://xeno-canto.org/575911,https://xeno-canto.org/575911/download,
574821,Emberiza citrinella,Yellowhammer,Dimitri,Italy,2020-07-10,14:00,48,B,song,field recording,yes,[],44100,https://xeno-canto.org/574821,https://xeno-canto.org/574821/download,
574431,Emberiza citrinella,Yellowhammer,Grzegorz Lorek,Poland,2020-06-16,19:00,15,B,"alarm call, call",field recording,yes,"[""Alauda arvensis"", ""Charadrius dubius""]",44100,https://xeno-canto.org/574431,https://xeno-canto.org/574431/download,
572105,Emberiza citrinella,Yellowhammer,Samuel Levy,United Kingdom,2020-06-19,20:30,53,B,song,field recording,yes,"[""Turdus philomelos""]",44100,https://xeno-canto.org/572105,https://xeno-canto.org/572105/download,
571198,Emberiza citrinella,Yellowhammer,Stuart Fisher,United Kingdom,2014-06-21,11:30,34,B,song,field recording,yes,"[""Phylloscopus trochilus"", ""Acanthis cabaret"", ""Troglodytes troglodytes""]",44100,https://xeno-canto.org/571198,https://xeno-canto.org/571198/download,
571195,Emberiza citrinella,Yellowhammer,Stuart Fisher,United Kingdom,2014-06-21,11:00,34,B,song,field recording,yes,"[""Phylloscopus trochilus"", ""Acanthis cabaret"", ""Troglodytes troglodytes"", ""Phylloscopus collybita""]",44100,https://xeno-canto.org/571195,https://xeno-canto.org/571195/download,
570497,Emberiza citrinella,Yellowhammer,Stuart Fisher,United Kingdom,2020-06-14,09:30,52,B,song,field recording,yes,"[""Alauda arvensis"", ""Emberiza citrinella"", ""Curruca communis"", ""Linaria cannabina""]",44100,https://xeno-canto.org/570497,https://xeno-canto.org/570497/download,
570189,Emberiza citrinella,Yellowhammer,Mr Mark Shorten,Ireland,2020-06-18,10:30,13,B,song,field recording,yes,[],48000,https://xeno-canto.org/570189,https://xeno-canto.org/570189/download,
569399,Emberiza citrinella,Yellowhammer,Stanislas Wroza,France,2020-06-15,07:30,13,B,"begging call, hatchling or nestling",field recording,no,[],48000,https://xeno-canto.org/569399,https://xeno-canto.org/569399/download,
569350,Emberiza citrinella,Yellowhammer,Stanislas Wroza,France,2020-06-13,07:30,6,B,"call, long buzz call",field recording,yes,[],48000,https://xeno-canto.org/569350,https://xeno-canto.org/569350/download,
569002,Emberiza citrinella,Yellowhammer,Stanislas Wroza,France,2020-06-06,17:00,13,B,"aberrant, call, odd buzzy call",field recording,yes,[],48000,https://xeno-canto.org/569002,https://xeno-canto.org/569002/download,
567513,Emberiza citrinella,Yellowhammer,Peter Boesman,Belgium,2020-06-11,07:45,46,B,call,field recording,unknown,[],44100,https://xeno-canto.org/567513,https://xeno-canto.org/567513/download,
567504,Emberiza citrinella,Yellowhammer,Peter Boesman,Belgium,2020-06-11,07:00,51,B,song,field recording,unknown,[],44100,https://xeno-canto.org/567504,https://xeno-canto.org/567504/download,
567503,Emberiza citrinella,Yellowhammer,Peter Boesman,Belgium,2020-06-11,07:00,34,B,song,field recording,unknown,[],44100,https://xeno-canto.org/567503,https://xeno-canto.org/567503/download,
567381,Emberiza citrinella,Yellowhammer,Mats Rellmar,Sweden,2020-06-10,10:00,35,B,alarm call,field recording,yes,[],44100,https://xeno-canto.org/567381,https://xeno-canto.org/567381/download,
565760,Emberiza citrinella,Yellowhammer,Rob van Bemmelen,Netherlands,2018-10-20,09:00,13,B,flight call,field recording,yes,"[""Fringilla coelebs"", ""Anthus pratensis""]",44100,https://xeno-canto.org/565760,https://xeno-canto.org/565760/download,
565192,Emberiza citrinella,Yellowhammer,Mr Mark Shorten,Ireland,2020-06-04,11:00,36,B,"call, song",field recording,unknown,[],48000,https://xeno-canto.org/565192,https://xeno-canto.org/565192/download,
563653,Emberiza citrinella,Yellowhammer,Ed Stubbs,United Kingdom,2020-05-30,06:30,25,B,song,field recording,yes,[],44100,https://xeno-canto.org/563653,https://xeno-canto.org/563653/download,
562072,Emberiza citrinella,Yellowhammer,Joost van Bruggen,Netherlands,2020-05-25,06:51,32,B,song,field recording,yes,[],44100,https://xeno-canto.org/562072,https://xeno-canto.org/562072/download,
561996,Emberiza citrinella,Yellowhammer,Simon Gillings,United Kingdom,2020-05-26,03:06,11,B,"flight call, nocturnal flight call",field recording,no,[],48000,https://xeno-canto.org/561996,https://xeno-canto.org/561996/download,
561710,Emberiza citrinella,Yellowhammer,Stanislas Wroza,France,2020-05-24,06:00,35,B,song,field recording,yes,[],48000,https://xeno-canto.org/561710,https://xeno-canto.org/561710/download,
561553,Emberiza citrinella,Yellowhammer,Simon Gillings,United Kingdom,2020-03-16,09:44,28,B,song,field recording,yes,"[""Corvus corone""]",48000,https://xeno-canto.org/561553,https://xeno-canto.org/561553/download,
560766,Emberiza citrinella,Yellowhammer,Ireneusz Oleksik,Poland,2020-05-22,19:20,18,B,call,field recording,yes,"[""Columba palumbus"", ""Fringilla coelebs"", ""Cuculus canorus""]",48000,https://xeno-canto.org/560766,https://xeno-canto.org/560766/download,
559679,Emberiza citrinella,Yellowhammer,B Whyte,United Kingdom,2020-05-19,16:00,27,B,song,field recording,yes,[],44100,https://xeno-canto.org/559679,https://xeno-canto.org/559679/download,
559253,Emberiza citrinella,Yellowhammer,Michael Widmer,Switzerland,2020-05-08,07:00,20,B,song,field recording,unknown,"[""Columba palumbus""]",44100,https://xeno-canto.org/559253,https://xeno-canto.org/559253/download,
559040,Emberiza citrinella,Yellowhammer,riou,France,2020-05-16,12:00,3,B,song,field recording,no,"[""Phylloscopus trochilus"", ""Sylvia borin""]",44100,https://xeno-canto.org/559040,https://xeno-canto.org/559040/download,
556869,Emberiza citrinella,Yellowhammer,padraig cullinan,Ireland,2020-05-10,08:00,23,B,call,field recording,yes,"[""Phylloscopus trochilus""]",44100,https://xeno-canto.org/556869,https://xeno-canto.org/556869/download,
553885,Emberiza citrinella,Yellowhammer,B Whyte,United Kingdom,2020-05-03,18:00,20,B,call,field recording,yes,"[""Fringilla coelebs""]",44100,https://xeno-canto.org/553885,https://xeno-canto.org/553885/download,
552527,Emberiza citrinella,Yellowhammer,Ireneusz Oleksik,Poland,2020-04-30,17:17,35,B,call,field recording,yes,"[""Sylvia atricapilla"", ""Emberiza citrinella"", ""Phasianus colchicus""]",48000,https://xeno-canto.org/552527,https://xeno-canto.org/552527/download,
552514,Emberiza citrinella,Yellowhammer,Ireneusz Oleksik,Poland,2020-04-30,18:13,14,B,"call, aggressive call, wingbeats",field recording,yes,"[""Turdus merula"", ""Locustella naevia""]",48000,https://xeno-canto.org/552514,https://xeno-canto.org/552514/download,
551999,Emberiza citrinella,Yellowhammer,Rolf A. de By,Netherlands,2020-04-27,08:59,22,B,song,field recording,yes,[],44100,https://xeno-canto.org/551999,https://xeno-canto.org/551999/download,
550833,Emberiza citrinella,Yellowhammer,Alain Verneau,France,2020-04-24,19:00,23,B,call,field recording,yes,"[""Erithacus rubecula"", ""Phylloscopus collybita""]",44100,https://xeno-canto.org/550833,https://xeno-canto.org/550833/download,
548984,Emberiza citrinella,Yellowhammer,Ireneusz Oleksik,Poland,2020-04-21,19:23,50,B,alarm call,field recording,no,"[""Fringilla coelebs"", ""Turdus merula"", ""Phylloscopus collybita""]",48000,https://xeno-canto.org/548984,https://xeno-canto.org/548984/download,
548507,Emberiza citrinella,Yellowhammer,Frederik Fluyt,Belgium,2020-03-27,10:30,27,B,song,field recording,unknown,[],44100,https://xeno-canto.org/548507,https://xeno-canto.org/548507/download,
548506,Emberiza citrinella,Yellowhammer,Frederik Fluyt,Belgium,2020-03-27,09:30,35,B,song,field recording,unknown,"[""Coccothraustes coccothraustes""]",44100,https://xeno-canto.org/548506,https://xeno-canto.org/548506/download,
548502,Emberiza citrinella,Yellowhammer,Frederik Fluyt,Belgium,2020-03-27,09:30,30,B,song,field recording,unknown,[],44100,https://xeno-canto.org/548502,https://xeno-canto.org/548502/download,
548499,Emberiza citrinella,Yellowhammer,Frederik Fluyt,Belgium,2020-03-27,09:30,9,B,song,field recording,unknown,[],44100,https://xeno-canto.org/548499,https://xeno-canto.org/548499/download,
548495,Emberiza citrinella,Yellowhammer,Frederik Fluyt,Belgium,2020-04-04,09:30,29,B,song,field recording,unknown,[],44100,https://xeno-canto.org/548495,https://xeno-canto.org/548495/download,
546650,Emberiza citrinella,Yellowhammer,Eetu Paljakka,Finland,2020-04-16,20:00,41,B,"call, song",field recording,yes,"[""Cyanistes caeruleus"", ""Fringilla coelebs"", ""Turdus philomelos"", ""Turdus merula"", ""Erithacus rubecula""]",48000,https://xeno-canto.org/546650,https://xeno-canto.org/546650/download,
544862,Emberiza citrinella,Yellowhammer,Peter Stronach,United Kingdom,2020-04-09,06:15,17,B,call,field recording,yes,"[""Columba palumbus""]",48000,https://xeno-canto.org/544862,https://xeno-canto.org/544862/download,
544004,Emberiza citrinella,Yellowhammer,Alain Verneau,France,2020-04-08,19:00,4,B,call,field recording,yes,[],44100,https://xeno-canto.org/544004,https://xeno-canto.org/544004/download,
539568,Emberiza citrinella,Yellowhammer,Bram Vogels,Belgium,2019-10-20,00:00,24,B,flight call,field recording,yes,[],44100,https://xeno-canto.org/539568,https://xeno-canto.org/539568/download,
539566,Emberiza citrinella,Yellowhammer,Bram Vogels,Belgium,2019-10-20,00:00,10,B,flight call,field recording,yes,[],44100,https://xeno-canto.org/539566,https://xeno-canto.org/539566/download,
538401,Emberiza citrinella,Yellowhammer,Stanislas Wroza,France,2018-11-24,09:00,13,B,"call, flight call",field recording,yes,[],44100,https://xeno-canto.org/538401,https://xeno-canto.org/538401/download,
538398,Emberiza citrinella,Yellowhammer,Stanislas Wroza,France,2018-11-24,09:00,12,B,"call, flight call",field recording,yes,[],44100,https://xeno-canto.org/538398,https://xeno-canto.org/538398/download,
538397,Emberiza citrinella,Yellowhammer,Stanislas Wroza,France,2018-11-24,09:00,45,B,"call, buzz",field recording,yes,[],44100,https://xeno-canto.org/538397,https://xeno-canto.org/538397/download,
537374,Emberiza citrinella,Yellowhammer,Frantz Barrault,France,2019-07-10,15:30,8,B,call,field recording,yes,"[""Fringilla coelebs""]",44100,https://xeno-canto.org/537374,https://xeno-canto.org/537374/download,
537074,Emberiza citrinella,Yellowhammer,Michał Jezierski,United Kingdom,2020-03-19,14:30,24,B,call,field recording,yes,"[""Turdus philomelos"", ""Erithacus rubecula"", ""Phasianus colchicus""]",44100,https://xeno-canto.org/537074,https://xeno-canto.org/537074/download,
536219,Emberiza citrinella,Yellowhammer,Long Benjamin,France,2020-03-08,09:25,13,B,"call, song",field recording,yes,"[""Chloris chloris""]",44100,https://xeno-canto.org/536219,https://xeno-canto.org/536219/download,
535435,Emberiza citrinella,Yellowhammer,Joost van Bruggen,Netherlands,2020-03-16,10:06,35,B,song,field recording,yes,"[""Pica pica""]",48000,https://xeno-canto.org/535435,https://xeno-canto.org/535435/download,
535405,Emberiza citrinella,Yellowhammer,Stanislas Wroza,France,2020-03-17,07:00,22,B,flight call,field recording,yes,[],48000,https://xeno-canto.org/535405,https://xeno-canto.org/535405/download,
535404,Emberiza citrinella,Yellowhammer,Stanislas Wroza,France,2020-03-17,07:00,40,B,"call, buzz, tik",field recording,yes,[],48000,https://xeno-canto.org/535404,https://xeno-canto.org/535404/download,
534464,Emberiza citrinella,Yellowhammer,Ireneusz Oleksik,Poland,2020-03-14,10:37,7,B,call,field recording,yes,[],48000,https://xeno-canto.org/534464,https://xeno-canto.org/534464/download,
534053,Emberiza citrinella,Yellowhammer,Lars Edenius,Sweden,2020-03-12,08:00,25,B,call,field recording,yes,"[""Coloeus monedula"", ""Pica pica""]",48000,https://xeno-canto.org/534053,https://xeno-canto.org/534053/download,
531170,Emberiza citrinella,Yellowhammer,Benoît Van Hecke,France,2020-03-01,17:37,50,B,song,field recording,unknown,[],48000,https://xeno-canto.org/531170,https://xeno-canto.org/531170/download,
531169,Emberiza citrinella,Yellowhammer,Benoît Van Hecke,France,2020-03-01,17:35,52,B,song,field recording,unknown,[],48000,https://xeno-canto.org/531169,https://xeno-canto.org/531169/download,
528089,Emberiza citrinella,Yellowhammer,Niels Van Doninck,Norway,2019-04-23,11:00,27,B,call,field recording,yes,[],44100,https://xeno-canto.org/528089,https://xeno-canto.org/528089/download,
526968,Emberiza citrinella,Yellowhammer,Stanislas Wroza,France,2019-09-11,08:30,19,B,flight call,field recording,yes,[],48000,https://xeno-canto.org/526968,https://xeno-canto.org/526968/download,
526967,Emberiza citrinella,Yellowhammer,Stanislas Wroza,France,2019-09-11,08:30,44,B,flight call,field recording,yes,[],48000,https://xeno-canto.org/526967,https://xeno-canto.org/526967/download,
526966,Emberiza citrinella,Yellowhammer,Stanislas Wroza,France,2019-09-11,08:30,11,B,"flight call, wing beats",field recording,yes,[],48000,https://xeno-canto.org/526966,https://xeno-canto.org/526966/download,
526959,Emberiza citrinella,Yellowhammer,Stanislas Wroza,France,2019-09-14,08:30,15,B,flight call,field recording,yes,"[""Emberiza citrinella""]",48000,https://xeno-canto.org/526959,https://xeno-canto.org/526959/download,
524875,Emberiza citrinella,Yellowhammer,W. Agster,Germany,2019-06-05,19:30,20,B,song,field recording,yes,[],48000,https://xeno-canto.org/524875,https://xeno-canto.org/524875/download,
524335,Emberiza citrinella,Yellowhammer,johannes buhl,Germany,2018-09-28,?,12,B,flight call,field recording,yes,[],44100,https://xeno-canto.org/524335,https://xeno-canto.org/524335/download,
522574,Emberiza citrinella,Yellowhammer,Stanislas Wroza,France,2020-01-25,17:00,27,B,flight call,field recording,yes,[],48000,https://xeno-canto.org/522574,https://xeno-canto.org/522574/download,
522153,Emberiza citrinella,Yellowhammer,Ireneusz Oleksik,Poland,2020-01-24,09:50,5,B,"call, flight call",field recording,yes,[],48000,https://xeno-canto.org/522153,https://xeno-canto.org/522153/download,
514086,Emberiza citrinella,Yellowhammer,Michał Jezierski,Poland,2019-12-27,12:30,4,B,"alarm call, call",field recording,no,[],44100,https://xeno-canto.org/514086,https://xeno-canto.org/514086/download,
512907,Emberiza citrinella,Yellowhammer,Hans Groot,Netherlands,2012-10-02,10:00,22,B,call,field recording,unknown,"[""Regulus regulus"", ""Motacilla alba"", ""Carduelis carduelis""]",44100,https://xeno-canto.org/512907,https://xeno-canto.org/512907/download,
512042,Emberiza citrinella,Yellowhammer,Peter Mattsson,Sweden,2019-12-15,10:46,29,B,"call, flight call",field recording,yes,[],48000,https://xeno-canto.org/512042,https://xeno-canto.org/512042/download,
511816,Emberiza citrinella,Yellowhammer,Romuald Mikusek,Poland,2019-04-30,18:15,11,B,song,field recording,yes,"[""Cuculus canorus""]",48000,https://xeno-canto.org/511816,https://xeno-canto.org/511816/download,
507334,Emberiza citrinella,Yellowhammer,Ireneusz Oleksik,Poland,2019-11-19,05:40,5,B,nocturnal flight call,field recording,no,[],44100,https://xeno-canto.org/507334,https://xeno-canto.org/507334/download,
506696,Emberiza citrinella,Yellowhammer,Ireneusz Oleksik,Poland,2019-11-12,03:29,7,B,"flight call, nocturnal flight call",field recording,no,[],44100,https://xeno-canto.org/506696,https://xeno-canto.org/506696/download,
506693,Emberiza citrinella,Yellowhammer,Ireneusz Oleksik,Poland,2019-11-11,20:31,4,B,"flight call, nocturnal flight call",field recording,no,[],44100,https://xeno-canto.org/506693,https://xeno-canto.org/506693/download,
505923,Emberiza citrinella,Yellowhammer,Ireneusz Oleksik,Poland,2019-11-07,04:53,6,B,"flight call, nocturnal flight call",field recording,no,[],44100,https://xeno-canto.org/505923,https://xeno-canto.org/505923/download,
505468,Emberiza citrinella,Yellowhammer,Cedric Mroczko,France,2019-10-24,11:15,10,B,flight call,field recording,yes,"[""Fringilla coelebs"", ""Corvus corone"", ""Erithacus rubecula""]",44100,https://xeno-canto.org/505468,https://xeno-canto.org/505468/download,
505374,Emberiza citrinella,Yellowhammer,Ireneusz Oleksik,Poland,2019-11-03,04:21,7,B,"flight call, nocturnal flight call",field recording,no,[],44100,https://xeno-canto.org/505374,https://xeno-canto.org/505374/download,
505273,Emberiza citrinella,Yellowhammer,Ireneusz Oleksik,Poland,2019-11-02,05:58,12,B,"flight call, nocturnal flight call",field recording,no,[],44100,https://xeno-canto.org/505273,https://xeno-canto.org/505273/download,
505142,Emberiza citrinella,Yellowhammer,Andrew Harrop,United Kingdom,2019-10-31,08:30,14,B,call,field recording,yes,[],44100,https://xeno-canto.org/505142,https://xeno-canto.org/505142/download,
505005,Emberiza citrinella,Yellowhammer,Ireneusz Oleksik,Poland,2019-10-31,03:00,11,B,"flight call, nocturnal flight call",field recording,no,[],44100,https://xeno-canto.org/505005,https://xeno-canto.org/505005/download,
504938,Emberiza citrinella,Yellowhammer,Stephan Risch,Germany,2019-06-02,10:37,28,B,song,field recording,yes,[],32000,https://xeno-canto.org/504938,https://xeno-canto.org/504938/download,
504890,Emberiza citrinella,Yellowhammer,Marc Dijksterhuis,Netherlands,2019-10-30,07:30,22,B,flight call,field recording,yes,[],48000,https://xeno-canto.org/504890,https://xeno-canto.org/504890/download,
503249,Emberiza citrinella,Yellowhammer,Ireneusz Oleksik,Poland,2019-10-20,04:33,13,B,flight call,field recording,no,[],44100,https://xeno-canto.org/503249,https://xeno-canto.org/503249/download,
501919,Emberiza citrinella,Yellowhammer,Lars Edenius,Sweden,2019-10-11,08:00,12,B,flight call,field recording,yes,[],48000,https://xeno-canto.org/501919,https://xeno-canto.org/501919/download,
501918,Emberiza citrinella,Yellowhammer,Lars Edenius,Sweden,2019-10-11,08:00,16,B,flight call,field recording,yes,"[""Parus major""]",48000,https://xeno-canto.org/501918,https://xeno-canto.org/501918/download,
496642,Emberiza citrinella,Yellowhammer,Stanislas Wroza,France,2019-09-07,07:00,2,B,"call, flight call, ""chip"" call",field recording,yes,[],48000,https://xeno-canto.org/496642,https://xeno-canto.org/496642/download,
496641,Emberiza citrinella,Yellowhammer,Stanislas Wroza,France,2019-09-07,07:00,6,B,"call, flight call, ""chip"" call",field recording,yes,[],48000,https://xeno-canto.org/496641,https://xeno-canto.org/496641/download,
496619,Emberiza citrinella,Yellowhammer,Stanislas Wroza,France,2019-09-01,07:00,10,B,"call, flight call, various calls",field recording,yes,[],48000,https://xeno-canto.org/496619,https://xeno-canto.org/496619/download,
496618,Emberiza citrinella,Yellowhammer,Stanislas Wroza,France,2019-09-01,07:00,22,B,flight call,field recording,yes,[],48000,https://xeno-canto.org/496618,https://xeno-canto.org/496618/download,
496617,Emberiza citrinella,Yellowhammer,Stanislas Wroza,France,2019-09-01,07:00,34,B,flight call,field recording,yes,[],48000,https://xeno-canto.org/496617,https://xeno-canto.org/496617/download,
496613,Emberiza citrinella,Yellowhammer,Stanislas Wroza,France,2019-08-31,07:00,28,B,"call, flight call, various calls",field recording,yes,[],48000,https://xeno-canto.org/496613,https://xeno-canto.org/496613/download,
496612,Emberiza citrinella,Yellowhammer,Stanislas Wroza,France,2019-08-31,07:00,10,B,"call, flight call, various calls",field recording,yes,[],48000,https://xeno-canto.org/496612,https://xeno-canto.org/496612/download,
496611,Emberiza citrinella,Yellowhammer,Stanislas Wroza,France,2019-08-31,07:00,35,B,"call, flight call, various calls",field recording,yes,[],48000,https://xeno-canto.org/496611,https://xeno-canto.org/496611/download,
496586,Emberiza citrinella,Yellowhammer,Stanislas Wroza,France,2019-08-16,07:00,28,B,"call, flight call, , ""juvenile buzz"", various calls",field recording,yes,[],44100,https://xeno-canto.org/496586,https://xeno-canto.org/496586/download,
496585,Emberiza citrinella,Yellowhammer,Stanislas Wroza,France,2019-08-16,07:00,23,B,"call, flight call, various calls",field recording,yes,[],44100,https://xeno-canto.org/496585,https://xeno-canto.org/496585/download,
494024,Emberiza citrinella,Yellowhammer,Ireneusz Oleksik,Poland,2019-08-22,08:38,6,B,call,field recording,no,"[""Phylloscopus trochilus""]",44100,https://xeno-canto.org/494024,https://xeno-canto.org/494024/download,
491788,Emberiza citrinella,Yellowhammer,Ireneusz Oleksik,Poland,2019-08-09,05:25,56,B,call,field recording,no,[],44100,https://xeno-canto.org/491788,https://xeno-canto.org/491788/download,
490916,Emberiza citrinella,Yellowhammer,Ireneusz Oleksik,Poland,2019-08-06,05:20,5,B,flight call,field recording,no,[],44100,https://xeno-canto.org/490916,https://xeno-canto.org/490916/download,
487997,Emberiza citrinella,Yellowhammer,Andrew Harrop,United Kingdom,2019-07-18,10:00,29,B,song,field recording,yes,[],44100,https://xeno-canto.org/487997,https://xeno-canto.org/487997/download,
487274,Emberiza citrinella,Yellowhammer,W. Agster,Germany,2019-07-07,12:30,30,B,call,field recording,yes,"[""Acrocephalus scirpaceus""]",48000,https://xeno-canto.org/487274,https://xeno-canto.org/487274/download,
487042,Emberiza citrinella,Yellowhammer,Frank Holzapfel,Germany,2019-06-08,17:29,47,B,song,field recording,no,[],48000,https://xeno-canto.org/487042,https://xeno-canto.org/487042/download,
487039,Emberiza citrinella,Yellowhammer,Frank Holzapfel,Germany,2019-06-08,16:35,29,B,song,field recording,no,[],48000,https://xeno-canto.org/487039,https://xeno-canto.org/487039/download,
487036,Emberiza citrinella,Yellowhammer,Frank Holzapfel,Germany,2019-06-07,15:57,52,B,song,field recording,yes,[],48000,https://xeno-canto.org/487036,https://xeno-canto.org/487036/download,
485342,Emberiza citrinella,Yellowhammer,Giuseppe Speranza,Italy,2019-07-05,14:40,4,B,song,field recording,no,[],44100,https://xeno-canto.org/485342,https://xeno-canto.org/485342/download,
484907,Emberiza citrinella,Yellowhammer,Ireneusz Oleksik,Poland,2019-07-06,11:10,18,B,begging call,field recording,yes,"[""Emberiza citrinella"", ""Hirundo rustica""]",48000,https://xeno-canto.org/484907,https://xeno-canto.org/484907/download,
484054,Emberiza citrinella,Yellowhammer,Bernard BOUSQUET,Poland,2019-06-01,11:00,47,B,song,field recording,yes,[],44100,https://xeno-canto.org/484054,https://xeno-canto.org/484054/download,
483909,Emberiza citrinella,Yellowhammer,Stuart Fisher,United Kingdom,2019-06-01,12:00,34,B,song,field recording,yes,"[""Turdus merula"", ""Phasianus colchicus"", ""Linaria cannabina""]",48000,https://xeno-canto.org/483909,https://xeno-canto.org/483909/download,
483908,Emberiza citrinella,Yellowhammer,Stuart Fisher,United Kingdom,2019-06-01,11:30,42,B,song,field recording,yes,"[""Fringilla coelebs"", ""Turdus merula"", ""Curruca communis""]",48000,https://xeno-canto.org/483908,https://xeno-canto.org/483908/download,
477570,Emberiza citrinella,Yellowhammer,Étienne Leroy,Poland,2019-05-04,19:30,35,B,song,field recording,yes,[],44100,https://xeno-canto.org/477570,https://xeno-canto.org/477570/download,
476976,Emberiza citrinella,Yellowhammer,Hans Groot,Netherlands,2014-11-11,09:00,4,B,flight call,field recording,unknown,[],44100,https://xeno-canto.org/476976,https://xeno-canto.org/476976/download,
476974,Emberiza citrinella,Yellowhammer,Hans Groot,Netherlands,2015-09-30,09:00,11,B,flight call,field recording,unknown,[],44100,https://xeno-canto.org/476974,https://xeno-canto.org/476974/download,
473893,Emberiza citrinella,Yellowhammer,Christoph,Germany,2019-05-07,00:00,7,B,"flight call, nocturnal",field recording,no,[],44100,https://xeno-canto.org/473893,https://xeno-canto.org/473893/download,
471511,Emberiza citrinella,Yellowhammer,Stanislas Wroza,France,2019-05-05,09:00,29,B,song,field recording,yes,[],48000,https://xeno-canto.org/471511,https://xeno-canto.org/471511/download,
470644,Emberiza citrinella,Yellowhammer,Philippe Legay,France,2019-03-28,08:00,36,B,call,field recording,unknown,[],44100,https://xeno-canto.org/470644,https://xeno-canto.org/470644/download,
468258,Emberiza citrinella,Yellowhammer,Marcel Gil Velasco,Spain,2019-04-19,08:30,42,B,song,field recording,yes,[],44100,https://xeno-canto.org/468258,https://xeno-canto.org/468258/download,
467240,Emberiza citrinella,Yellowhammer,Lars Edenius,Sweden,2019-04-16,08:00,42,B,song,field recording,yes,"[""Cyanistes caeruleus"", ""Erithacus rubecula""]",48000,https://xeno-canto.org/467240,https://xeno-canto.org/467240/download,
464703,Emberiza citrinella,Yellowhammer,Michał Jezierski,Poland,2019-04-01,16:30,32,B,song,field recording,yes,"[""Fringilla coelebs"", ""Turdus philomelos"", ""Phylloscopus collybita""]",44100,https://xeno-canto.org/464703,https://xeno-canto.org/464703/download,
463670,Emberiza citrinella,Yellowhammer,Mark B.,Netherlands,2019-03-03,08:30,49,B,song,field recording,yes,[],48000,https://xeno-canto.org/463670,https://xeno-canto.org/463670/download,
462947,Emberiza citrinella,Yellowhammer,Stanislas Wroza,Poland,2019-03-21,09:00,35,B,"alarm call, call, flight call, alarm trill, various calls",field recording,yes,[],44100,https://xeno-canto.org/462947,https://xeno-canto.org/462947/download,
462945,Emberiza citrinella,Yellowhammer,Stanislas Wroza,Poland,2019-03-21,09:00,20,B,"alarm call, call, flight call, various calls",field recording,yes,[],44100,https://xeno-canto.org/462945,https://xeno-canto.org/462945/download,
462943,Emberiza citrinella,Yellowhammer,Stanislas Wroza,Poland,2019-03-21,09:00,16,B,"call, short buzz call",field recording,yes,[],44100,https://xeno-canto.org/462943,https://xeno-canto.org/462943/download,
462674,Emberiza citrinella,Yellowhammer,Andrew Harrop,United Kingdom,2019-03-22,10:41,40,B,song,field recording,yes,[],16000,https://xeno-canto.org/462674,https://xeno-canto.org/462674/download,
462591,Emberiza citrinella,Yellowhammer,Stanislas Wroza,Poland,2019-03-20,09:00,52,B,call,field recording,yes,[],44100,https://xeno-canto.org/462591,https://xeno-canto.org/462591/download,
462590,Emberiza citrinella,Yellowhammer,Stanislas Wroza,Poland,2019-03-20,09:00,12,B,"call, flight call, tik call",field recording,yes,[],44100,https://xeno-canto.org/462590,https://xeno-canto.org/462590/download,
462586,Emberiza citrinella,Yellowhammer,Stanislas Wroza,Poland,2019-03-20,09:00,6,B,"call, flight call, buzz call",field recording,yes,[],44100,https://xeno-canto.org/462586,https://xeno-canto.org/462586/download,
462434,Emberiza citrinella,Yellowhammer,Ireneusz Oleksik,Poland,2019-03-21,06:30,37,B,song,field recording,yes,[],44100,https://xeno-canto.org/462434,https://xeno-canto.org/462434/download,
462363,Emberiza citrinella,Yellowhammer,Stanislas Wroza,Poland,2019-03-20,09:00,33,B,song,field recording,yes,[],44100,https://xeno-canto.org/462363,https://xeno-canto.org/462363/download,
462361,Emberiza citrinella,Yellowhammer,Stanislas Wroza,Poland,2019-03-20,09:00,34,B,call,field recording,yes,[],44100,https://xeno-canto.org/462361,https://xeno-canto.org/462361/download,
461973,Emberiza citrinella,Yellowhammer,Ireneusz Oleksik,Poland,2019-03-16,09:30,44,B,call,field recording,yes,[],44100,https://xeno-canto.org/461973,https://xeno-canto.org/461973/download,
460028,Emberiza citrinella,Yellowhammer,Joost van Bruggen,Netherlands,2019-02-27,12:46,22,B,"flight call, song",field recording,yes,[],48000,https://xeno-canto.org/460028,https://xeno-canto.org/460028/download,
459789,Emberiza citrinella,Yellowhammer,Louis A. Hansen,Denmark,2019-03-02,08:20,14,B,call,field recording,yes,"[""Chloris chloris""]",48000,https://xeno-canto.org/459789,https://xeno-canto.org/459789/download,
459787,Emberiza citrinella,Yellowhammer,Louis A. Hansen,Denmark,2019-03-02,08:06,32,B,call,field recording,yes,[],48000,https://xeno-canto.org/459787,https://xeno-canto.org/459787/download,
459786,Emberiza citrinella,Yellowhammer,Louis A. Hansen,Denmark,2019-03-02,08:06,3,B,call,field recording,yes,[],48000,https://xeno-canto.org/459786,https://xeno-canto.org/459786/download,
459537,Emberiza citrinella,Yellowhammer,Ireneusz Oleksik,Poland,2019-02-28,10:00,8,B,call,field recording,yes,[],44100,https://xeno-canto.org/459537,https://xeno-canto.org/459537/download,
459044,Emberiza citrinella,Yellowhammer,Bodo Sonnenburg,Germany,2019-02-24,06:59,54,B,song,field recording,yes,"[""Columba palumbus"", ""Grus grus""]",44100,https://xeno-canto.org/459044,https://xeno-canto.org/459044/download,
457380,Emberiza citrinella,Yellowhammer,Hannu Varkki,Finland,2018-06-11,06:00,31,B,call,field recording,yes,"[""Fringilla coelebs"", ""Luscinia luscinia"", ""Curruca communis""]",44100,https://xeno-canto.org/457380,https://xeno-canto.org/457380/download,
457077,Emberiza citrinella,Yellowhammer,brickegickel,Germany,2019-02-17,11:00,22,B,"call, song",field recording,yes,[],44100,https://xeno-canto.org/457077,https://xeno-canto.org/457077/download,
454516,Emberiza citrinella,Yellowhammer,Frank Holzapfel,Germany,2017-07-23,22:16,48,B,call,field recording,no,[],44100,https://xeno-canto.org/454516,https://xeno-canto.org/454516/download,
453501,Emberiza citrinella,Yellowhammer,Andrew Harrop,United Kingdom,2019-01-24,11:29,25,B,"call, flight call",field recording,yes,[],16000,https://xeno-canto.org/453501,https://xeno-canto.org/453501/download,
447685,Emberiza citrinella,Yellowhammer,David Darrell-Lambert,United Kingdom,2017-06-26,09:00,49,B,song,field recording,yes,[],48000,https://xeno-canto.org/447685,https://xeno-canto.org/447685/download,
445233,Emberiza citrinella,Yellowhammer,Bram Vogels,Belgium,2018-11-02,00:00,17,B,"aberrant, flight call, song, aberrant song",field recording,yes,[],44100,https://xeno-canto.org/445233,https://xeno-canto.org/445233/download,
444018,Emberiza citrinella,Yellowhammer,Karl-Birger Strann,Norway,2018-05-24,05:00,25,B,call,field recording,yes,"[""Phylloscopus trochilus""]",48000,https://xeno-canto.org/444018,https://xeno-canto.org/444018/download,
443430,Emberiza citrinella,Yellowhammer,Stanislas Wroza,France,2018-11-24,16:00,12,B,flight call,field recording,yes,[],44100,https://xeno-canto.org/443430,https://xeno-canto.org/443430/download,
442292,Emberiza citrinella,Yellowhammer,Thomas ARMAND,France,2018-11-14,00:00,2,B,"flight call, nocturnal flight call",field recording,no,[],44100,https://xeno-canto.org/442292,https://xeno-canto.org/442292/download,
441917,Emberiza citrinella,Yellowhammer,Frank Holzapfel,Germany,2017-07-09,09:46,53,B,song,field recording,no,[],44100,https://xeno-canto.org/441917,https://xeno-canto.org/441917/download,
441595,Emberiza citrinella,Yellowhammer,Piotr Szczypinski,Poland,2018-11-06,08:30,28,B,call,field recording,yes,[],48000,https://xeno-canto.org/441595,https://xeno-canto.org/441595/download,
441392,Emberiza citrinella,Yellowhammer,Piotr Szczypinski,Poland,2018-11-03,07:30,19,B,call,field recording,yes,[],48000,https://xeno-canto.org/441392,https://xeno-canto.org/441392/download,
441236,Emberiza citrinella,Yellowhammer,Morvan Corentin,France,2018-11-03,04:30,8,B,flight call,field recording,no,[],44100,https://xeno-canto.org/441236,https://xeno-canto.org/441236/download,
441100,Emberiza citrinella,Yellowhammer,Piotr Szczypinski,Poland,2018-10-30,09:00,48,B,call,field recording,yes,[],48000,https://xeno-canto.org/441100,https://xeno-canto.org/441100/download,
439945,Emberiza citrinella,Yellowhammer,Piotr Szczypinski,Poland,2018-10-21,10:30,40,B,"call, flight call",field recording,no,[],48000,https://xeno-canto.org/439945,https://xeno-canto.org/439945/download,
439667,Emberiza citrinella,Yellowhammer,Adri Clements,Netherlands,2018-10-20,10:00,11,B,flight call,field recording,no,[],44100,https://xeno-canto.org/439667,https://xeno-canto.org/439667/download,
439522,Emberiza citrinella,Yellowhammer,Alain Verneau,France,2018-06-04,15:00,41,B,song,field recording,yes,[],44100,https://xeno-canto.org/439522,https://xeno-canto.org/439522/download,
439343,Emberiza citrinella,Yellowhammer,Jorge Leitão,Portugal,2018-07-08,14:40,16,B,"call, song",field recording,yes,"[""Erithacus rubecula""]",44100,https://xeno-canto.org/439343,https://xeno-canto.org/439343/download,
439117,Emberiza citrinella,Yellowhammer,Jorge Leitão,Portugal,2018-07-08,16:44,2,B,song,field recording,yes,[],44100,https://xeno-canto.org/439117,https://xeno-canto.org/439117/download,
437762,Emberiza citrinella,Yellowhammer,Lars Edenius,Sweden,2018-10-09,08:00,25,B,call,field recording,yes,[],48000,https://xeno-canto.org/437762,https://xeno-canto.org/437762/download,
435152,Emberiza citrinella,Yellowhammer,Patrick Franke,Germany,2017-01-20,?,5,B,flight call,field recording,unknown,[],44100,https://xeno-canto.org/435152,https://xeno-canto.org/435152/download,
434989,Emberiza citrinella,Yellowhammer,Patrick Franke,Germany,2012-11-02,?,6,B,"call, flight call, social call",field recording,unknown,[],44100,https://xeno-canto.org/434989,https://xeno-canto.org/434989/download,
434988,Emberiza citrinella,Yellowhammer,Patrick Franke,Germany,2012-09-30,?,3,B,flight call,field recording,unknown,[],44100,https://xeno-canto.org/434988,https://xeno-canto.org/434988/download,
431826,Emberiza citrinella,Yellowhammer,Lars Edenius,Sweden,2018-08-23,12:30,6,B,call,field recording,yes,[],48000,https://xeno-canto.org/431826,https://xeno-canto.org/431826/download,
431215,Emberiza citrinella,Yellowhammer,AUDEVARD Aurélien,France,2018-07-13,20:00,31,B,"alarm call, call",field recording,yes,[],48000,https://xeno-canto.org/431215,https://xeno-canto.org/431215/download,
428705,Emberiza citrinella,Yellowhammer,Piotr Szczypinski,Poland,2018-07-22,07:00,55,B,song,field recording,yes,"[""Acrocephalus palustris""]",48000,https://xeno-canto.org/428705,https://xeno-canto.org/428705/download,
426154,Emberiza citrinella,Yellowhammer,Jorge Leitão,Portugal,2018-07-07,11:52,23,B,song,field recording,yes,"[""Lullula arborea""]",44100,https://xeno-canto.org/426154,https://xeno-canto.org/426154/download,
426119,Emberiza citrinella,Yellowhammer,Jorge Leitão,Portugal,2018-07-07,12:02,31,B,song,field recording,yes,"[""Curruca communis""]",44100,https://xeno-canto.org/426119,https://xeno-canto.org/426119/download,
424917,Emberiza citrinella,Yellowhammer,Jorge Leitão,Portugal,2016-05-29,16:44,2,B,song,field recording,yes,[],44100,https://xeno-canto.org/424917,https://xeno-canto.org/424917/download,
422332,Emberiza citrinella,Yellowhammer,maudoc,Italy,2018-06-24,07:30,34,B,song,field recording,yes,[],48000,https://xeno-canto.org/422332,https://xeno-canto.org/422332/download,
420798,Emberiza citrinella,Yellowhammer,Thijs Fijen,Finland,2018-06-11,06:30,29,B,song,field recording,yes,[],44100,https://xeno-canto.org/420798,https://xeno-canto.org/420798/download,
418629,Emberiza citrinella,Yellowhammer,Giuseppe Speranza,Italy,2018-06-03,12:15,46,B,song,field recording,no,[],44100,https://xeno-canto.org/418629,https://xeno-canto.org/418629/download,
417203,Emberiza citrinella,Yellowhammer,Sonnenburg,Germany,2018-05-28,05:10,21,B,call,field recording,yes,"[""Alauda arvensis"", ""Cuculus canorus"", ""Acrocephalus palustris""]",44100,https://xeno-canto.org/417203,https://xeno-canto.org/417203/download,
416532,Emberiza citrinella,Yellowhammer,Guy Kirwan,Germany,2018-05-19,10:30,41,B,song,field recording,yes,"[""Sturnus vulgaris""]",44100,https://xeno-canto.org/416532,https://xeno-canto.org/416532/download,
416440,Emberiza citrinella,Yellowhammer,Guy Kirwan,Germany,2018-05-16,08:30,58,B,song,field recording,yes,[],44100,https://xeno-canto.org/416440,https://xeno-canto.org/416440/download,
415758,Emberiza citrinella,Yellowhammer,Piotr Szczypinski,Poland,2018-05-16,10:00,57,B,song,field recording,yes,"[""Curruca curruca"", ""Parus major""]",48000,https://xeno-canto.org/415758,https://xeno-canto.org/415758/download,
411287,Emberiza citrinella,Yellowhammer,Lars Edenius,Sweden,2018-04-18,08:00,23,B,song,field recording,yes,[],48000,https://xeno-canto.org/411287,https://xeno-canto.org/411287/download,
406849,Emberiza citrinella,Yellowhammer,Marcin Sołowiej,Poland,2018-01-18,14:00,10,B,call,field recording,yes,[],44100,https://xeno-canto.org/406849,https://xeno-canto.org/406849/download,
405387,Emberiza citrinella,Yellowhammer,Niels Van Doninck,Belgium,2018-03-10,13:00,11,B,"call, song",field recording,yes,[],48000,https://xeno-canto.org/405387,https://xeno-canto.org/405387/download,
399396,Emberiza citrinella,Yellowhammer,johannes buhl,Germany,2018-01-11,10:00,26,B,"call, flight call",field recording,no,"[""Sitta europaea"", ""Spinus spinus"", ""Chloris chloris""]",44100,https://xeno-canto.org/399396,https://xeno-canto.org/399396/download,
396956,Emberiza citrinella,Yellowhammer,Cedric Mroczko,France,2017-06-08,08:55,25,B,call,field recording,no,"[""Sylvia atricapilla""]",48000,https://xeno-canto.org/396956,https://xeno-canto.org/396956/download,
393750,Emberiza citrinella,Yellowhammer,Toon Jansen,Belgium,2017-11-01,10:00,14,B,flight call,field recording,yes,[],48000,https://xeno-canto.org/393750,https://xeno-canto.org/393750/download,
393029,Emberiza citrinella,Yellowhammer,Antonio Xeira,Germany,2017-11-01,09:30,16,B,call,field recording,yes,[],44100,https://xeno-canto.org/393029,https://xeno-canto.org/393029/download,
391573,Emberiza citrinella,Yellowhammer,Niels Van Doninck,Netherlands,2017-03-04,16:20,14,B,call,field recording,yes,[],48000,https://xeno-canto.org/391573,https://xeno-canto.org/391573/download,
390891,Emberiza citrinella,Yellowhammer,Antonio Xeira,Germany,2017-10-25,09:30,39,B,song,field recording,no,[],44100,https://xeno-canto.org/390891,https://xeno-canto.org/390891/download,
390394,Emberiza citrinella,Yellowhammer,Harry Hussey,Ireland,2017-10-16,15:30,14,B,"call, flight call",field recording,yes,[],44100,https://xeno-canto.org/390394,https://xeno-canto.org/390394/download,
390258,Emberiza citrinella,Yellowhammer,Antonio Xeira,Germany,2017-10-19,09:30,17,B,call,field recording,no,"[""Anser anser"", ""Parus major"", ""Aegithalos caudatus"", ""Passer montanus""]",44100,https://xeno-canto.org/390258,https://xeno-canto.org/390258/download,
389738,Emberiza citrinella,Yellowhammer,Lars Edenius,Sweden,2017-10-15,13:00,24,B,call,field recording,yes,[],44100,https://xeno-canto.org/389738,https://xeno-canto.org/389738/download,
389139,Emberiza citrinella,Yellowhammer,Antonio Xeira,Germany,2017-04-29,18:00,28,B,call,field recording,no,"[""Phylloscopus collybita""]",44100,https://xeno-canto.org/389139,https://xeno-canto.org/389139/download,
386853,Emberiza citrinella,Yellowhammer,Stanislas Wroza,France,2017-09-16,07:30,7,B,"call, flight call, migration call",field recording,yes,[],48000,https://xeno-canto.org/386853,https://xeno-canto.org/386853/download,
386055,Emberiza citrinella,Yellowhammer,Antonio Xeira,Germany,2017-05-13,12:00,10,B,song,field recording,no,[],44100,https://xeno-canto.org/386055,https://xeno-canto.org/386055/download,
384236,Emberiza citrinella,Yellowhammer,Louis A. Hansen,Denmark,2017-05-21,07:31,9,B,call,field recording,yes,"[""Turdus merula"", ""Sturnus vulgaris""]",44100,https://xeno-canto.org/384236,https://xeno-canto.org/384236/download,
380669,Emberiza citrinella,Yellowhammer,Frank Roos,Netherlands,2013-05-05,16:41,19,B,song,field recording,yes,[],44100,https://xeno-canto.org/380669,https://xeno-canto.org/380669/download,
380184,Emberiza citrinella,Yellowhammer,Jerome Fischer,Switzerland,2017-07-05,09:00,17,B,call,field recording,yes,[],48000,https://xeno-canto.org/380184,https://xeno-canto.org/380184/download,
378778,Emberiza citrinella,Yellowhammer,Sonnenburg,Germany,2017-07-07,05:40,21,B,call,field recording,yes,"[""Alauda arvensis""]",44100,https://xeno-canto.org/378778,https://xeno-canto.org/378778/download,
378347,Emberiza citrinella,Yellowhammer,Marcin Sołowiej,Poland,2017-03-11,09:30,4,B,song,field recording,yes,[],44100,https://xeno-canto.org/378347,https://xeno-canto.org/378347/download,
378099,Emberiza citrinella,Yellowhammer,Thomas Lüthi,Switzerland,2017-06-15,06:09,29,B,song,field recording,yes,[],48000,https://xeno-canto.org/378099,https://xeno-canto.org/378099/download,
375984,Emberiza citrinella,Yellowhammer,Roby,Switzerland,2017-06-17,15:00,16,B,song,field recording,yes,[],44100,https://xeno-canto.org/375984,https://xeno-canto.org/375984/download,
375585,Emberiza citrinella,Yellowhammer,Dimitri,Italy,2017-06-14,16:30,39,B,song,field recording,yes,[],44100,https://xeno-canto.org/375585,https://xeno-canto.org/375585/download,
374201,Emberiza citrinella,Yellowhammer,GABRIEL LEITE,Sweden,2017-06-04,20:30,32,B,call,field recording,yes,[],48000,https://xeno-canto.org/374201,https://xeno-canto.org/374201/download,
372450,Emberiza citrinella,Yellowhammer,Sam Hardman,Germany,2017-05-28,12:00,2,B,song,field recording,no,[],44100,https://xeno-canto.org/372450,https://xeno-canto.org/372450/download,
372289,Emberiza citrinella,Yellowhammer,Annette Hamann,Germany,2017-05-26,10:00,59,B,begging call,field recording,yes,"[""Alauda arvensis"", ""Oriolus oriolus"", ""Lanius collurio"", ""Sylvia atricapilla"", ""Parus major"", ""Emberiza citrinella""]",44100,https://xeno-canto.org/372289,https://xeno-canto.org/372289/download,
368333,Emberiza citrinella,Yellowhammer,Frank Holzapfel,Germany,2017-04-30,10:36,20,B,song,field recording,no,[],44100,https://xeno-canto.org/368333,https://xeno-canto.org/368333/download,
367327,Emberiza citrinella,Yellowhammer,Louis A. Hansen,Denmark,2010-06-06,08:37,39,B,song,field recording,unknown,"[""Sylvia borin""]",48000,https://xeno-canto.org/367327,https://xeno-canto.org/367327/download,
367011,Emberiza citrinella,Yellowhammer,Stein Ø. Nilsen,Norway,2017-04-29,08:00,19,B,call,field recording,yes,"[""Parus major"", ""Pica pica""]",48000,https://xeno-canto.org/367011,https://xeno-canto.org/367011/download,
365938,Emberiza citrinella,Yellowhammer,Lars Lachmann,Germany,2017-03-12,09:30,41,B,"call, song",field recording,yes,"[""Turdus merula"", ""Parus major"", ""Carduelis carduelis""]",44100,https://xeno-canto.org/365938,https://xeno-canto.org/365938/download,
364344,Emberiza citrinella,Yellowhammer,Lars Edenius,Sweden,2017-04-14,08:30,44,B,song,field recording,yes,[],44100,https://xeno-canto.org/364344,https://xeno-canto.org/364344/download,
363964,Emberiza citrinella,Yellowhammer,Piotr Szczypinski,Poland,2017-04-09,09:00,27,B,song,field recording,yes,"[""Alauda arvensis""]",48000,https://xeno-canto.org/363964,https://xeno-canto.org/363964/download,
363433,Emberiza citrinella,Yellowhammer,Olivier SWIFT,France,2017-04-06,09:30,22,B,song,field recording,yes,"[""Sylvia atricapilla"", ""Corvus corone"", ""Certhia brachydactyla"", ""Dendrocopos major"", ""Chloris chloris""]",48000,https://xeno-canto.org/363433,https://xeno-canto.org/363433/download,
361915,Emberiza citrinella,Yellowhammer,Elias A. Ryberg,Norway,2017-03-28,09:00,39,B,call,field recording,yes,"[""Troglodytes troglodytes"", ""Pyrrhula pyrrhula""]",48000,https://xeno-canto.org/361915,https://xeno-canto.org/361915/download,
359025,Emberiza citrinella,Yellowhammer,Lars Lachmann,Germany,2017-03-12,09:49,40,B,call,field recording,yes,[],44100,https://xeno-canto.org/359025,https://xeno-canto.org/359025/download,
358727,Emberiza citrinella,Yellowhammer,Annette Hamann,Germany,2017-03-11,15:30,31,B,call,field recording,no,"[""Corvus cornix"", ""Sturnus vulgaris""]",44100,https://xeno-canto.org/358727,https://xeno-canto.org/358727/download,
358717,Emberiza citrinella,Yellowhammer,Sonnenburg,Germany,2017-03-12,08:25,45,B,song,field recording,yes,"[""Spinus spinus""]",44100,https://xeno-canto.org/358717,https://xeno-canto.org/358717/download,
358130,Emberiza citrinella,Yellowhammer,Sonnenburg,Germany,2017-03-07,10:45,42,B,call,field recording,yes,[],44100,https://xeno-canto.org/358130,https://xeno-canto.org/358130/download,
357946,Emberiza citrinella,Yellowhammer,Annette Hamann,Germany,2017-03-04,09:30,55,B,song,field recording,yes,"[""Cyanistes caeruleus"", ""Alauda arvensis"", ""Parus major"", ""Chloris chloris"", ""Corvus cornix""]",44100,https://xeno-canto.org/357946,https://xeno-canto.org/357946/download,
357764,Emberiza citrinella,Yellowhammer,Jerome Fischer,Switzerland,2017-03-04,10:00,3,B,flight call,field recording,yes,"[""Vanellus vanellus""]",48000,https://xeno-canto.org/357764,https://xeno-canto.org/357764/download,
357754,Emberiza citrinella,Yellowhammer,Jerome Fischer,Switzerland,2017-03-04,10:00,25,B,song,field recording,yes,"[""Vanellus vanellus"", ""Sturnus vulgaris""]",48000,https://xeno-canto.org/357754,https://xeno-canto.org/357754/download,
356120,Emberiza citrinella,Yellowhammer,Stanislas Wroza,France,2017-02-18,09:30,27,B,"call, flight call",field recording,yes,[],44100,https://xeno-canto.org/356120,https://xeno-canto.org/356120/download,
356103,Emberiza citrinella,Yellowhammer,brickegickel,Germany,2017-02-18,15:00,53,B,call,field recording,yes,"[""Parus major""]",44100,https://xeno-canto.org/356103,https://xeno-canto.org/356103/download,
350493,Emberiza citrinella,Yellowhammer,Tero Linjama,Finland,2008-06-30,07:00,9,B,,field recording,yes,[],44100,https://xeno-canto.org/350493,https://xeno-canto.org/350493/download,
350492,Emberiza citrinella,Yellowhammer,Tero Linjama,Finland,2011-04-06,07:00,7,B,call,field recording,yes,[],44100,https://xeno-canto.org/350492,https://xeno-canto.org/350492/download,
350491,Emberiza citrinella,Yellowhammer,Tero Linjama,Finland,2015-04-06,07:00,8,B,call,field recording,yes,[],44100,https://xeno-canto.org/350491,https://xeno-canto.org/350491/download,
350490,Emberiza citrinella,Yellowhammer,Tero Linjama,Finland,2007-04-15,07:00,25,B,song,field recording,yes,[],44100,https://xeno-canto.org/350490,https://xeno-canto.org/350490/download,
346458,Emberiza citrinella,Yellowhammer,David Darrell-Lambert,United Kingdom,2016-12-18,09:00,16,B,call,field recording,yes,[],48000,https://xeno-canto.org/346458,https://xeno-canto.org/346458/download,
341095,Emberiza citrinella,Yellowhammer,Jan Severeyns,Belgium,2016-11-01,08:00,7,B,flight call,field recording,yes,[],44100,https://xeno-canto.org/341095,https://xeno-canto.org/341095/download,
335375,Emberiza citrinella,Yellowhammer,Joost van Bruggen,Netherlands,2016-09-13,07:09,5,B,flight call,field recording,no,[],44100,https://xeno-canto.org/335375,https://xeno-canto.org/335375/download,
334339,Emberiza citrinella,Yellowhammer,Frank Holzapfel,Germany,2016-04-10,?,48,B,song,field recording,no,[],44100,https://xeno-canto.org/334339,https://xeno-canto.org/334339/download,
333887,Emberiza citrinella,Yellowhammer,Frank Holzapfel,Germany,2016-05-07,?,29,B,song,field recording,no,[],44100,https://xeno-canto.org/333887,https://xeno-canto.org/333887/download,
333151,Emberiza citrinella,Yellowhammer,Frank Holzapfel,Germany,2016-07-03,17:15,23,B,song,field recording,no,[],48000,https://xeno-canto.org/333151,https://xeno-canto.org/333151/download,
333113,Emberiza citrinella,Yellowhammer,Cedric Mroczko,France,2016-06-05,20:30,46,B,song,field recording,yes,"[""Fringilla coelebs"", ""Turdus merula""]",44100,https://xeno-canto.org/333113,https://xeno-canto.org/333113/download,
328643,Emberiza citrinella,Yellowhammer,Piotr Szczypinski,Poland,2016-07-25,08:00,46,B,song,field recording,yes,[],48000,https://xeno-canto.org/328643,https://xeno-canto.org/328643/download,
328641,Emberiza citrinella,Yellowhammer,Piotr Szczypinski,Poland,2016-07-25,08:00,26,B,song,field recording,yes,[],48000,https://xeno-canto.org/328641,https://xeno-canto.org/328641/download,
328108,Emberiza citrinella,Yellowhammer,johannes buhl,Germany,2016-07-06,18:00,34,B,flight call,field recording,no,[],48000,https://xeno-canto.org/328108,https://xeno-canto.org/328108/download,
326333,Emberiza citrinella,Yellowhammer,johannes buhl,Germany,2016-04-18,17:00,54,B,call,field recording,no,"[""Passer montanus""]",48000,https://xeno-canto.org/326333,https://xeno-canto.org/326333/download,
325078,Emberiza citrinella,Yellowhammer,Olli Haukkovaara,Finland,2016-06-25,20:13,30,B,song,field recording,yes,"[""Columba palumbus"", ""Turdus iliacus"", ""Fringilla coelebs"", ""Phylloscopus trochilus"", ""Turdus philomelos"", ""Turdus merula"", ""Vanellus vanellus""]",44100,https://xeno-canto.org/325078,https://xeno-canto.org/325078/download,
324844,Emberiza citrinella,Yellowhammer,Louis A. Hansen,Denmark,2016-05-26,11:02,33,B,"song, atypical",field recording,unknown,[],44100,https://xeno-canto.org/324844,https://xeno-canto.org/324844/download,
324250,Emberiza citrinella,Yellowhammer,Frank Lambert,United Kingdom,2016-06-18,13:56,42,B,song,field recording,yes,[],48000,https://xeno-canto.org/324250,https://xeno-canto.org/324250/download,
324007,Emberiza citrinella,Yellowhammer,brickegickel,Germany,2016-06-23,14:30,55,B,song,field recording,no,[],44100,https://xeno-canto.org/324007,https://xeno-canto.org/324007/download,
321553,Emberiza citrinella,Yellowhammer,Olivier SWIFT,France,2016-06-07,17:00,58,B,song,field recording,yes,[],48000,https://xeno-canto.org/321553,https://xeno-canto.org/321553/download,
320685,Emberiza citrinella,Yellowhammer,Mikael Litsgård,Sweden,2016-05-27,16:03,9,B,call,field recording,yes,[],44100,https://xeno-canto.org/320685,https://xeno-canto.org/320685/download,
318885,Emberiza citrinella,Yellowhammer,Erwin Hooge,Netherlands,2016-05-25,20:30,55,B,song,field recording,no,"[""Fringilla coelebs"", ""Phylloscopus trochilus""]",44100,https://xeno-canto.org/318885,https://xeno-canto.org/318885/download,
318046,Emberiza citrinella,Yellowhammer,Piotr Szczypinski,Poland,2016-05-22,09:30,58,B,song,field recording,yes,"[""Fringilla coelebs""]",48000,https://xeno-canto.org/318046,https://xeno-canto.org/318046/download,
317064,Emberiza citrinella,Yellowhammer,Olivier SWIFT,France,2016-05-17,07:30,39,B,call,field recording,yes,"[""Fringilla coelebs"", ""Corvus corone"", ""Picus viridis""]",48000,https://xeno-canto.org/317064,https://xeno-canto.org/317064/download,
315850,Emberiza citrinella,Yellowhammer,Paul Ehlers,Germany,2016-05-06,06:00,15,B,song,field recording,yes,[],48000,https://xeno-canto.org/315850,https://xeno-canto.org/315850/download,
315263,Emberiza citrinella,Yellowhammer,Piotr Szczypinski,Poland,2016-05-05,10:30,38,B,call,field recording,no,"[""Alauda arvensis"", ""Cuculus canorus"", ""Corvus corax"", ""Emberiza citrinella""]",48000,https://xeno-canto.org/315263,https://xeno-canto.org/315263/download,
315175,Emberiza citrinella,Yellowhammer,Piotr Szczypinski,Poland,2016-05-04,15:00,56,B,song,field recording,yes,"[""Turdus philomelos"", ""Sylvia atricapilla"", ""Emberiza citrinella"", ""Phylloscopus collybita"", ""Poecile palustris""]",48000,https://xeno-canto.org/315175,https://xeno-canto.org/315175/download,
315174,Emberiza citrinella,Yellowhammer,Piotr Szczypinski,Poland,2016-05-04,15:00,60,B,song,field recording,yes,"[""Turdus philomelos"", ""Sylvia atricapilla"", ""Emberiza citrinella"", ""Phylloscopus collybita"", ""Phasianus colchicus"", ""Poecile palustris""]",48000,https://xeno-canto.org/315174,https://xeno-canto.org/315174/download,
312787,Emberiza citrinella,Yellowhammer,brickegickel,Germany,2016-04-18,15:00,50,B,call,field recording,yes,[],44100,https://xeno-canto.org/312787,https://xeno-canto.org/312787/download,
311760,Emberiza citrinella,Yellowhammer,Szymon Pławecki,Poland,2016-04-04,17:00,9,B,call,field recording,unknown,[],44100,https://xeno-canto.org/311760,https://xeno-canto.org/311760/download,
309546,Emberiza citrinella,Yellowhammer,david m,United Kingdom,2016-02-16,08:21,15,B,"call, flight call",field recording,yes,"[""Erithacus rubecula""]",48000,https://xeno-canto.org/309546,https://xeno-canto.org/309546/download,
307842,Emberiza citrinella,Yellowhammer,Jerome Fischer,Switzerland,2016-03-19,11:00,55,B,song,field recording,yes,"[""Fringilla coelebs"", ""Fulica atra"", ""Chroicocephalus ridibundus"", ""Phylloscopus collybita""]",48000,https://xeno-canto.org/307842,https://xeno-canto.org/307842/download,
307568,Emberiza citrinella,Yellowhammer,Eddy Scheinpflug,Belgium,2016-03-18,10:00,17,B,"call, flight call",field recording,yes,[],48000,https://xeno-canto.org/307568,https://xeno-canto.org/307568/download,
307550,Emberiza citrinella,Yellowhammer,Piotr Szczypinski,Poland,2016-03-17,09:00,20,B,song,field recording,yes,[],48000,https://xeno-canto.org/307550,https://xeno-canto.org/307550/download,
305232,Emberiza citrinella,Yellowhammer,Dennis Riederer,Switzerland,2016-03-01,17:30,12,B,call,field recording,yes,[],44100,https://xeno-canto.org/305232,https://xeno-canto.org/305232/download,
305103,Emberiza citrinella,Yellowhammer,Szymon Pławecki,Poland,2016-02-27,08:30,16,B,call,field recording,unknown,[],44100,https://xeno-canto.org/305103,https://xeno-canto.org/305103/download,
305098,Emberiza citrinella,Yellowhammer,Szymon Pławecki,Poland,2016-02-27,08:30,15,B,call,field recording,yes,[],44100,https://xeno-canto.org/305098,https://xeno-canto.org/305098/download,
305097,Emberiza citrinella,Yellowhammer,Szymon Pławecki,Poland,2016-02-27,08:30,3,B,song,field recording,yes,[],44100,https://xeno-canto.org/305097,https://xeno-canto.org/305097/download,
303516,Emberiza citrinella,Yellowhammer,johannes buhl,Germany,2016-02-14,10:00,48,B,song,field recording,no,"[""Turdus pilaris"", ""Sturnus vulgaris""]",48000,https://xeno-canto.org/303516,https://xeno-canto.org/303516/download,
301829,Emberiza citrinella,Yellowhammer,Espen Quinto-Ashman,United Kingdom,2016-01-24,10:30,34,B,call,field recording,yes,[],44100,https://xeno-canto.org/301829,https://xeno-canto.org/301829/download,
299202,Emberiza citrinella,Yellowhammer,Szymon Pławecki,Poland,2016-01-07,09:30,14,B,"alarm call, call",field recording,unknown,[],44100,https://xeno-canto.org/299202,https://xeno-canto.org/299202/download,
293024,Emberiza citrinella,Yellowhammer,Joost van Bruggen,Netherlands,2015-08-29,07:30,17,B,flight call,field recording,yes,[],48000,https://xeno-canto.org/293024,https://xeno-canto.org/293024/download,
293023,Emberiza citrinella,Yellowhammer,Joost van Bruggen,Netherlands,2015-06-19,06:30,44,B,alarm call,field recording,yes,[],48000,https://xeno-canto.org/293023,https://xeno-canto.org/293023/download,
292385,Emberiza citrinella,Yellowhammer,Matthias Hemprich,Germany,2015-06-14,08:30,34,B,call,field recording,yes,[],44100,https://xeno-canto.org/292385,https://xeno-canto.org/292385/download,
291453,Emberiza citrinella,Yellowhammer,Eetu Paljakka,Finland,2015-03-09,08:30,11,B,song,field recording,yes,"[""Parus major"", ""Picus canus"", ""Passer domesticus""]",48000,https://xeno-canto.org/291453,https://xeno-canto.org/291453/download,
288705,Emberiza citrinella,Yellowhammer,Johnny Rommens,Netherlands,2014-07-18,07:00,13,B,song,field recording,yes,[],48000,https://xeno-canto.org/288705,https://xeno-canto.org/288705/download,
270188,Emberiza citrinella,Yellowhammer,Peter Boesman,France,2011-05-17,?,51,B,"call, song",field recording,unknown,[],44100,https://xeno-canto.org/270188,https://xeno-canto.org/270188/download,
268094,Emberiza citrinella,Yellowhammer,Eetu Paljakka,Finland,2014-03-23,07:46,40,B,song,field recording,no,"[""Cyanistes caeruleus"", ""Alauda arvensis"", ""Parus major"", ""Erithacus rubecula""]",44100,https://xeno-canto.org/268094,https://xeno-canto.org/268094/download,
260148,Emberiza citrinella,Yellowhammer,Frank Holzapfel,Germany,2015-07-10,?,56,B,song,field recording,no,[],44100,https://xeno-canto.org/260148,https://xeno-canto.org/260148/download,
256906,Emberiza citrinella,Yellowhammer,Bram Piot,United Kingdom,2015-07-12,19:30,56,B,song,field recording,yes,"[""Turdus philomelos"", ""Phylloscopus collybita""]",44100,https://xeno-canto.org/256906,https://xeno-canto.org/256906/download,
256902,Emberiza citrinella,Yellowhammer,Bram Piot,France,2015-07-05,08:00,56,B,"call, song",field recording,yes,"[""Sylvia atricapilla"", ""Corvus corone"", ""Troglodytes troglodytes"", ""Picus viridis""]",44100,https://xeno-canto.org/256902,https://xeno-canto.org/256902/download,
255072,Emberiza citrinella,Yellowhammer,Bram Piot,France,2015-07-03,09:00,23,B,song,field recording,yes,"[""Sylvia atricapilla"", ""Corvus corone"", ""Passer domesticus""]",44100,https://xeno-canto.org/255072,https://xeno-canto.org/255072/download,
255071,Emberiza citrinella,Yellowhammer,Bram Piot,France,2015-07-03,09:30,31,B,song,field recording,no,"[""Fringilla coelebs"", ""Milvus migrans""]",44100,https://xeno-canto.org/255071,https://xeno-canto.org/255071/download,
255069,Emberiza citrinella,Yellowhammer,Bram Piot,France,2015-07-03,09:30,56,B,song,field recording,no,"[""Sylvia atricapilla"", ""Sitta europaea"", ""Merops apiaster""]",44100,https://xeno-canto.org/255069,https://xeno-canto.org/255069/download,
253803,Emberiza citrinella,Yellowhammer,maudoc,Italy,2015-06-21,20:30,9,B,song,field recording,yes,[],48000,https://xeno-canto.org/253803,https://xeno-canto.org/253803/download,
252503,Emberiza citrinella,Yellowhammer,Piotr Szczypinski,Poland,2015-06-12,07:30,26,B,song,field recording,yes,[],48000,https://xeno-canto.org/252503,https://xeno-canto.org/252503/download,
246726,Emberiza citrinella,Yellowhammer,Josep,Spain,2015-05-16,10:00,12,B,song,field recording,unknown,[],44100,https://xeno-canto.org/246726,https://xeno-canto.org/246726/download,
246654,Emberiza citrinella,Yellowhammer,Pascal Christe,Switzerland,2015-05-28,09:30,37,B,"call, song",field recording,yes,"[""Luscinia megarhynchos"", ""Curruca communis""]",48000,https://xeno-canto.org/246654,https://xeno-canto.org/246654/download,
245740,Emberiza citrinella,Yellowhammer,Piotr Szczypinski,Poland,2015-05-24,10:00,50,B,alarm call,field recording,yes,"[""Alauda arvensis""]",48000,https://xeno-canto.org/245740,https://xeno-canto.org/245740/download,
245737,Emberiza citrinella,Yellowhammer,Piotr Szczypinski,Poland,2015-05-24,10:00,42,B,alarm call,field recording,yes,"[""Turdus pilaris"", ""Alauda arvensis"", ""Saxicola rubetra""]",48000,https://xeno-canto.org/245737,https://xeno-canto.org/245737/download,
244197,Emberiza citrinella,Yellowhammer,brickegickel,Germany,2015-05-17,07:00,19,B,song,field recording,no,"[""Curruca communis""]",44100,https://xeno-canto.org/244197,https://xeno-canto.org/244197/download,
243611,Emberiza citrinella,Yellowhammer,Joe Klaiber,Germany,2009-04-25,00:00,11,B,song,field recording,unknown,[],44100,https://xeno-canto.org/243611,https://xeno-canto.org/243611/download,
241892,Emberiza citrinella,Yellowhammer,Eddy Scheinpflug,Belgium,2015-04-25,16:30,33,B,song,field recording,yes,[],48000,https://xeno-canto.org/241892,https://xeno-canto.org/241892/download,
241362,Emberiza citrinella,Yellowhammer,Piotr Szczypinski,Poland,2015-04-21,09:00,11,B,song,field recording,yes,[],48000,https://xeno-canto.org/241362,https://xeno-canto.org/241362/download,
241361,Emberiza citrinella,Yellowhammer,Piotr Szczypinski,Poland,2015-04-23,09:30,36,B,song,field recording,yes,[],48000,https://xeno-canto.org/241361,https://xeno-canto.org/241361/download,
240750,Emberiza citrinella,Yellowhammer,Tomasz Kułakowski,Poland,2015-05-09,14:30,13,B,song,field recording,yes,[],44100,https://xeno-canto.org/240750,https://xeno-canto.org/240750/download,
240221,Emberiza citrinella,Yellowhammer,Terje Kolaas,Norway,2015-04-26,18:30,27,B,song,field recording,yes,[],48000,https://xeno-canto.org/240221,https://xeno-canto.org/240221/download,
239915,Emberiza citrinella,Yellowhammer,Chris Batty,United Kingdom,2012-05-21,16:00,23,B,song,field recording,yes,"[""Fringilla coelebs""]",44100,https://xeno-canto.org/239915,https://xeno-canto.org/239915/download,
239265,Emberiza citrinella,Yellowhammer,Frank Holzapfel,Germany,2015-04-29,?,17,B,"call, song",field recording,no,[],44100,https://xeno-canto.org/239265,https://xeno-canto.org/239265/download,
237470,Emberiza citrinella,Yellowhammer,Terje Kolaas,Norway,2015-04-26,20:00,58,B,song,field recording,yes,[],48000,https://xeno-canto.org/237470,https://xeno-canto.org/237470/download,
237170,Emberiza citrinella,Yellowhammer,Terje Kolaas,Norway,2015-04-21,06:00,47,B,call,field recording,yes,"[""Chroicocephalus ridibundus""]",48000,https://xeno-canto.org/237170,https://xeno-canto.org/237170/download,
236831,Emberiza citrinella,Yellowhammer,Eddy Scheinpflug,Belgium,2014-04-21,07:00,19,B,flight call,field recording,yes,[],48000,https://xeno-canto.org/236831,https://xeno-canto.org/236831/download,
234508,Emberiza citrinella,Yellowhammer,Magnus Svensson,Sweden,2015-04-06,15:30,14,B,song,field recording,no,[],48000,https://xeno-canto.org/234508,https://xeno-canto.org/234508/download,
234150,Emberiza citrinella,Yellowhammer,Paweł Malczyk,Poland,2015-04-03,19:30,27,B,alarm call,field recording,yes,[],48000,https://xeno-canto.org/234150,https://xeno-canto.org/234150/download,
225797,Emberiza citrinella,Yellowhammer,Alexander Hellquist,Sweden,2012-10-14,09:00,5,B,call,field recording,yes,[],44100,https://xeno-canto.org/225797,https://xeno-canto.org/225797/download,
217580,Emberiza citrinella,Yellowhammer,johannes buhl,Germany,2012-03-12,?,19,B,call,field recording,unknown,"[""Sturnus vulgaris""]",48000,https://xeno-canto.org/217580,https://xeno-canto.org/217580/download,
217377,Emberiza citrinella,Yellowhammer,brickegickel,Germany,2015-03-16,10:30,54,B,song,field recording,no,"[""Alauda arvensis""]",44100,https://xeno-canto.org/217377,https://xeno-canto.org/217377/download,
215780,Emberiza citrinella,Yellowhammer,Frank Holzapfel,Germany,2015-03-04,?,48,B,"call, song",field recording,no,[],48000,https://xeno-canto.org/215780,https://xeno-canto.org/215780/download,
214841,Emberiza citrinella,Yellowhammer,Frank Holzapfel,Germany,2015-02-22,?,29,B,song,field recording,no,[],44100,https://xeno-canto.org/214841,https://xeno-canto.org/214841/download,
213880,Emberiza citrinella,Yellowhammer,Sonnenburg,Germany,2015-02-18,07:45,19,B,call,field recording,yes,[],44100,https://xeno-canto.org/213880,https://xeno-canto.org/213880/download,
213838,Emberiza citrinella,Yellowhammer,Frank Holzapfel,Germany,2015-02-15,?,28,B,call,field recording,yes,[],44100,https://xeno-canto.org/213838,https://xeno-canto.org/213838/download,
211017,Emberiza citrinella,Yellowhammer,Eetu Paljakka,Finland,2014-03-23,07:32,33,B,song,field recording,yes,"[""Parus major"", ""Passer montanus""]",44100,https://xeno-canto.org/211017,https://xeno-canto.org/211017/download,
210437,Emberiza citrinella,Yellowhammer,david m,United Kingdom,2014-02-25,08:54,48,B,song,field recording,yes,[],48000,https://xeno-canto.org/210437,https://xeno-canto.org/210437/download,
209132,Emberiza citrinella,Yellowhammer,Louis A. Hansen,Denmark,2014-06-09,03:59,41,B,song,field recording,yes,"[""Curruca curruca"", ""Turdus merula""]",44100,https://xeno-canto.org/209132,https://xeno-canto.org/209132/download,
209130,Emberiza citrinella,Yellowhammer,Louis A. Hansen,Denmark,2014-06-09,03:57,50,B,song,field recording,yes,"[""Curruca curruca"", ""Curruca communis""]",44100,https://xeno-canto.org/209130,https://xeno-canto.org/209130/download,
208699,Emberiza citrinella,Yellowhammer,Mikael Litsgård,Sweden,1979-05-07,06:00,33,B,song,field recording,unknown,[],44100,https://xeno-canto.org/208699,https://xeno-canto.org/208699/download,
207955,Emberiza citrinella,Yellowhammer,david m,United Kingdom,2013-05-19,06:24,47,B,song,field recording,yes,[],48000,https://xeno-canto.org/207955,https://xeno-canto.org/207955/download,
207164,Emberiza citrinella,Yellowhammer,Eetu Paljakka,Finland,2013-12-04,13:17,12,B,call,field recording,yes,"[""Chloris chloris""]",44100,https://xeno-canto.org/207164,https://xeno-canto.org/207164/download,
205624,Emberiza citrinella,Yellowhammer,david m,United Kingdom,2011-07-03,06:17,49,B,song,field recording,yes,"[""Emberiza citrinella""]",48000,https://xeno-canto.org/205624,https://xeno-canto.org/205624/download,
205210,Emberiza citrinella,Yellowhammer,david m,United Kingdom,2013-03-05,07:39,34,B,song,field recording,yes,[],48000,https://xeno-canto.org/205210,https://xeno-canto.org/205210/download,
205209,Emberiza citrinella,Yellowhammer,david m,United Kingdom,2013-03-05,07:35,40,B,song,field recording,yes,[],48000,https://xeno-canto.org/205209,https://xeno-canto.org/205209/download,
201672,Emberiza citrinella,Yellowhammer,Krzysztof Deoniziak,Denmark,2014-11-07,11:00,38,B,call,field recording,no,[],44100,https://xeno-canto.org/201672,https://xeno-canto.org/201672/download,
201546,Emberiza citrinella,Yellowhammer,david m,United Kingdom,2012-07-29,07:35,48,B,song,field recording,yes,"[""Coturnix coturnix""]",48000,https://xeno-canto.org/201546,https://xeno-canto.org/201546/download,
198959,Emberiza citrinella,Yellowhammer,Marcin Sołowiej,Poland,2014-06-11,10:00,22,B,"song, untypical song",field recording,yes,"[""Luscinia luscinia"", ""Chloris chloris""]",44100,https://xeno-canto.org/198959,https://xeno-canto.org/198959/download,
197955,Emberiza citrinella,Yellowhammer,Pavel Pipek,United Kingdom,2014-07-26,?,29,B,song,field recording,yes,[],44100,https://xeno-canto.org/197955,https://xeno-canto.org/197955/download,
196323,Emberiza citrinella,Yellowhammer,david m,United Kingdom,2012-05-19,07:38,33,B,song,field recording,yes,[],48000,https://xeno-canto.org/196323,https://xeno-canto.org/196323/download,
196054,Emberiza citrinella,Yellowhammer,david m,United Kingdom,2010-08-01,09:06,40,B,song,field recording,yes,[],48000,https://xeno-canto.org/196054,https://xeno-canto.org/196054/download,
195095,Emberiza citrinella,Yellowhammer,Bart Gras,Netherlands,2014-05-31,07:50,20,B,call,field recording,yes,"[""Alauda arvensis""]",48000,https://xeno-canto.org/195095,https://xeno-canto.org/195095/download,
193090,Emberiza citrinella,Yellowhammer,Stein Ø. Nilsen,Norway,2014-06-18,22:30,29,B,song,field recording,yes,"[""Saxicola rubetra"", ""Fringilla montifringilla""]",48000,https://xeno-canto.org/193090,https://xeno-canto.org/193090/download,
185631,Emberiza citrinella,Yellowhammer,Eddy Scheinpflug,Norway,2014-06-29,05:30,23,B,song,field recording,yes,[],44100,https://xeno-canto.org/185631,https://xeno-canto.org/185631/download,
184776,Emberiza citrinella,Yellowhammer,Bernard BOUSQUET,France,2014-07-02,11:00,44,B,call,field recording,yes,[],44100,https://xeno-canto.org/184776,https://xeno-canto.org/184776/download,
184208,Emberiza citrinella,Yellowhammer,Jerome Fischer,Switzerland,2014-06-28,19:00,29,B,call,field recording,yes,"[""Acrocephalus scirpaceus""]",44100,https://xeno-canto.org/184208,https://xeno-canto.org/184208/download,
181393,Emberiza citrinella,Yellowhammer,Dawid Jablonski,United Kingdom,2014-06-06,17:30,35,B,song,field recording,unknown,[],44100,https://xeno-canto.org/181393,https://xeno-canto.org/181393/download,
181113,Emberiza citrinella,Yellowhammer,Tomasz Wałachowski,Poland,2014-06-04,20:00,45,B,song,field recording,no,[],44100,https://xeno-canto.org/181113,https://xeno-canto.org/181113/download,
180802,Emberiza citrinella,Yellowhammer,Jerome Fischer,Switzerland,2014-06-03,10:00,29,B,song,field recording,yes,"[""Phylloscopus trochilus""]",48000,https://xeno-canto.org/180802,https://xeno-canto.org/180802/download,
180801,Emberiza citrinella,Yellowhammer,Jerome Fischer,Switzerland,2014-06-03,09:30,20,B,call,field recording,yes,"[""Phylloscopus trochilus""]",44100,https://xeno-canto.org/180801,https://xeno-canto.org/180801/download,
180371,Emberiza citrinella,Yellowhammer,Pascal Christe,Switzerland,2014-06-01,08:30,26,B,song,field recording,yes,"[""Fringilla coelebs"", ""Turdus merula""]",48000,https://xeno-canto.org/180371,https://xeno-canto.org/180371/download,
177086,Emberiza citrinella,Yellowhammer,Lüthi Thomas,Switzerland,2014-05-04,08:00,17,B,song,field recording,yes,[],44100,https://xeno-canto.org/177086,https://xeno-canto.org/177086/download,
176810,Emberiza citrinella,Yellowhammer,david m,United Kingdom,2014-03-05,07:16,39,B,"call, song",field recording,yes,"[""Fringilla coelebs"", ""Prunella modularis"", ""Emberiza citrinella"", ""Phasianus colchicus""]",48000,https://xeno-canto.org/176810,https://xeno-canto.org/176810/download,
176746,Emberiza citrinella,Yellowhammer,david m,United Kingdom,2014-03-01,07:46,34,B,"call, song",field recording,yes,"[""Alectoris rufa""]",48000,https://xeno-canto.org/176746,https://xeno-canto.org/176746/download,
176745,Emberiza citrinella,Yellowhammer,david m,United Kingdom,2014-03-01,07:43,58,B,"call, song",field recording,yes,[],48000,https://xeno-canto.org/176745,https://xeno-canto.org/176745/download,
174229,Emberiza citrinella,Yellowhammer,Piotr Szczypinski,Poland,2014-04-11,11:00,54,B,song,field recording,yes,"[""Alauda arvensis"", ""Emberiza citrinella""]",48000,https://xeno-canto.org/174229,https://xeno-canto.org/174229/download,
174226,Emberiza citrinella,Yellowhammer,Piotr Szczypinski,Poland,2014-04-11,09:30,56,B,song,field recording,yes,"[""Alauda arvensis"", ""Numenius arquata""]",48000,https://xeno-canto.org/174226,https://xeno-canto.org/174226/download,
174224,Emberiza citrinella,Yellowhammer,Piotr Szczypinski,Poland,2014-04-10,12:30,30,B,song,field recording,yes,"[""Alauda arvensis""]",48000,https://xeno-canto.org/174224,https://xeno-canto.org/174224/download,
174223,Emberiza citrinella,Yellowhammer,Piotr Szczypinski,Poland,2014-04-08,13:00,23,B,song,field recording,yes,"[""Alauda arvensis""]",48000,https://xeno-canto.org/174223,https://xeno-canto.org/174223/download,
173919,Emberiza citrinella,Yellowhammer,Krzysztof Deoniziak,Poland,2014-04-12,10:00,16,B,song,field recording,yes,[],48000,https://xeno-canto.org/173919,https://xeno-canto.org/173919/download,
173550,Emberiza citrinella,Yellowhammer,Edmunds Racinskis,Poland,2014-04-10,12:30,25,B,song,field recording,yes,"[""Lullula arborea""]",44100,https://xeno-canto.org/173550,https://xeno-canto.org/173550/download,
172953,Emberiza citrinella,Yellowhammer,Krzysztof Deoniziak,Poland,2014-04-06,17:30,25,B,song,field recording,yes,"[""Emberiza calandra""]",48000,https://xeno-canto.org/172953,https://xeno-canto.org/172953/download,
172618,Emberiza citrinella,Yellowhammer,Dawid Jablonski,Poland,2014-04-06,14:30,41,B,song,field recording,yes,[],44100,https://xeno-canto.org/172618,https://xeno-canto.org/172618/download,
170206,Emberiza citrinella,Yellowhammer,Krzysztof Deoniziak,Poland,2014-03-14,11:00,17,B,song,field recording,yes,"[""Parus major""]",48000,https://xeno-canto.org/170206,https://xeno-canto.org/170206/download,
169270,Emberiza citrinella,Yellowhammer,Piotr Szczypinski,Poland,2014-03-07,06:00,33,B,song,field recording,yes,"[""Grus grus"", ""Anser albifrons""]",48000,https://xeno-canto.org/169270,https://xeno-canto.org/169270/download,
168579,Emberiza citrinella,Yellowhammer,Jerome Fischer,Switzerland,2014-02-27,12:30,48,B,song,field recording,no,"[""Cyanistes caeruleus"", ""Fringilla coelebs"", ""Larus michahellis"", ""Dendrocopos major""]",44100,https://xeno-canto.org/168579,https://xeno-canto.org/168579/download,
167828,Emberiza citrinella,Yellowhammer,Sonnenburg,Germany,2014-02-21,15:40,13,B,call,field recording,yes,[],44100,https://xeno-canto.org/167828,https://xeno-canto.org/167828/download,
167478,Emberiza citrinella,Yellowhammer,david m,United Kingdom,2012-03-09,08:40,50,B,"call, song",field recording,yes,[],48000,https://xeno-canto.org/167478,https://xeno-canto.org/167478/download,
161547,Emberiza citrinella,Yellowhammer,Fernand Deroussen,France,1993-04-11,10:30,28,B,song,field recording,yes,"[""Phylloscopus collybita""]",44100,https://xeno-canto.org/161547,https://xeno-canto.org/161547/download,
161545,Emberiza citrinella,Yellowhammer,Fernand Deroussen,France,1993-04-11,10:00,39,B,song,field recording,yes,[],44100,https://xeno-canto.org/161545,https://xeno-canto.org/161545/download,
161513,Emberiza citrinella,Yellowhammer,Fernand Deroussen,France,1991-07-07,16:30,55,B,song,field recording,yes,"[""Phylloscopus collybita""]",44100,https://xeno-canto.org/161513,https://xeno-canto.org/161513/download,
152297,Emberiza citrinella,Yellowhammer,Elias A. Ryberg,Norway,2013-10-19,11:00,20,B,"call, common call at autumn",field recording,yes,[],48000,https://xeno-canto.org/152297,https://xeno-canto.org/152297/download,
145069,Emberiza citrinella,Yellowhammer,Thijs Fijen,Netherlands,2013-04-28,17:00,9,B,song,field recording,yes,"[""Fringilla coelebs""]",44100,https://xeno-canto.org/145069,https://xeno-canto.org/145069/download,
144095,Emberiza citrinella,Yellowhammer,Bernard BOUSQUET,France,2013-07-30,13:30,19,B,song,field recording,no,[],44100,https://xeno-canto.org/144095,https://xeno-canto.org/144095/download,
144079,Emberiza citrinella,Yellowhammer,Bernard BOUSQUET,France,2013-07-30,14:00,31,B,call,field recording,no,[],44100,https://xeno-canto.org/144079,https://xeno-canto.org/144079/download,
143872,Emberiza citrinella,Yellowhammer,Piotr Szczypinski,Poland,2013-07-28,08:00,29,B,call,field recording,yes,"[""Oriolus oriolus""]",48000,https://xeno-canto.org/143872,https://xeno-canto.org/143872/download,
142465,Emberiza citrinella,Yellowhammer,Mary D,Germany,2013-06-17,20:00,48,B,song,field recording,yes,[],44100,https://xeno-canto.org/142465,https://xeno-canto.org/142465/download,
135299,Emberiza citrinella,Yellowhammer,Krzysiek Deoniziak,Poland,2013-05-26,09:30,26,B,song,field recording,yes,"[""Phylloscopus trochilus""]",44100,https://xeno-canto.org/135299,https://xeno-canto.org/135299/download,
133954,Emberiza citrinella,Yellowhammer,Mike Nelson,United Kingdom,2013-05-11,06:30,18,B,call,field recording,yes,"[""Turdus merula"", ""Larus argentatus"", ""Chloris chloris""]",44100,https://xeno-canto.org/133954,https://xeno-canto.org/133954/download,
131944,Emberiza citrinella,Yellowhammer,Krzysztof Deoniziak,Poland,2013-04-30,06:30,48,B,song,field recording,no,"[""Alauda arvensis"", ""Cuculus canorus"", ""Luscinia megarhynchos""]",48000,https://xeno-canto.org/131944,https://xeno-canto.org/131944/download,
130421,Emberiza citrinella,Yellowhammer,Jelmer Poelstra,Sweden,2013-04-11,07:00,9,B,call,field recording,no,"[""Columba palumbus"", ""Turdus merula"", ""Periparus ater""]",44100,https://xeno-canto.org/130421,https://xeno-canto.org/130421/download,
129517,Emberiza citrinella,Yellowhammer,Mathias Ritschard,Poland,2012-05-18,00:00,12,B,call,field recording,unknown,[],48000,https://xeno-canto.org/129517,https://xeno-canto.org/129517/download,
127551,Emberiza citrinella,Yellowhammer,Louis A. Hansen,Denmark,2008-05-30,05:04,29,B,song,field recording,unknown,"[""Alauda arvensis"", ""Linaria cannabina""]",48000,https://xeno-canto.org/127551,https://xeno-canto.org/127551/download,
127457,Emberiza citrinella,Yellowhammer,Matt Slaymaker,Denmark,2013-03-27,08:30,20,B,call,field recording,yes,[],44100,https://xeno-canto.org/127457,https://xeno-canto.org/127457/download,
126651,Emberiza citrinella,Yellowhammer,Thijs Fijen,Netherlands,2012-04-15,09:30,12,B,call,field recording,yes,[],44100,https://xeno-canto.org/126651,https://xeno-canto.org/126651/download,
117048,Emberiza citrinella,Yellowhammer,Piotr Szczypiński,Poland,2012-06-12,05:00,26,B,song,field recording,yes,[],48000,https://xeno-canto.org/117048,https://xeno-canto.org/117048/download,
112896,Emberiza citrinella,Yellowhammer,Timo Roeke,Netherlands,2012-03-09,11:30,19,B,song,field recording,yes,[],44100,https://xeno-canto.org/112896,https://xeno-canto.org/112896/download,
110778,Emberiza citrinella,Yellowhammer,Stein Ø. Nilsen,Norway,2012-06-27,05:45,36,B,song,field recording,unknown,[],48000,https://xeno-canto.org/110778,https://xeno-canto.org/110778/download,
109674,Emberiza citrinella,Yellowhammer,Jelmer Poelstra,Sweden,2012-08-30,07:20,11,B,call,field recording,unknown,"[""Chloris chloris""]",44100,https://xeno-canto.org/109674,https://xeno-canto.org/109674/download,
102106,Emberiza citrinella,Yellowhammer,Richard Dunn,United Kingdom,2012-05-20,19:30,27,B,song,field recording,unknown,[],44100,https://xeno-canto.org/102106,https://xeno-canto.org/102106/download,
102105,Emberiza citrinella,Yellowhammer,Richard Dunn,United Kingdom,2011-05-01,19:30,6,B,call,field recording,unknown,[],44100,https://xeno-canto.org/102105,https://xeno-canto.org/102105/download,
102104,Emberiza citrinella,Yellowhammer,Richard Dunn,United Kingdom,2011-05-01,19:30,8,B,call,field recording,unknown,[],44100,https://xeno-canto.org/102104,https://xeno-canto.org/102104/download,
99902,Emberiza citrinella,Yellowhammer,Tony Whitehead,United Kingdom,2003-03-03,?,25,B,song,field recording,unknown,[],44100,https://xeno-canto.org/99902,https://xeno-canto.org/99902/download,
94916,Emberiza citrinella,Yellowhammer,Gérard GOUJON,France,2011-06-15,8:00,24,B,song,field recording,unknown,"[""Lanius collurio""]",44100,https://xeno-canto.org/94916,https://xeno-canto.org/94916/download,
94912,Emberiza citrinella,Yellowhammer,Gérard GOUJON,France,2011-06-15,8:00,27,B,song,field recording,unknown,"[""Coturnix coturnix""]",44100,https://xeno-canto.org/94912,https://xeno-canto.org/94912/download,
94906,Emberiza citrinella,Yellowhammer,Gérard GOUJON,France,2011-05-25,8:00,56,B,"call, song",field recording,unknown,"[""Sylvia atricapilla"", ""Coturnix coturnix""]",44100,https://xeno-canto.org/94906,https://xeno-canto.org/94906/download,
90854,Emberiza citrinella,Yellowhammer,Lars Lachmann,Poland,2009-06-16,7.00,44,B,song,field recording,unknown,[],44100,https://xeno-canto.org/90854,https://xeno-canto.org/90854/download,
89965,Emberiza citrinella,Yellowhammer,Jacques PREVOST,France,2011-06-13,14:45,25,B,call,field recording,unknown,[],44100,https://xeno-canto.org/89965,https://xeno-canto.org/89965/download,
89964,Emberiza citrinella,Yellowhammer,Jacques PREVOST,France,2011-06-13,14:50,47,B,song,field recording,unknown,[],44100,https://xeno-canto.org/89964,https://xeno-canto.org/89964/download,
87506,Emberiza citrinella,Yellowhammer,Jelmer Poelstra,Sweden,2011-09-18,07:50,32,B,call,field recording,unknown,"[""Fringilla coelebs"", ""Anthus pratensis"", ""Emberiza schoeniclus""]",44100,https://xeno-canto.org/87506,https://xeno-canto.org/87506/download,
85097,Emberiza citrinella,Yellowhammer,Nils Agster,Germany,2011-07-31,6:50,15,B,"alarm call, call, call/alarm call",field recording,unknown,[],48000,https://xeno-canto.org/85097,https://xeno-canto.org/85097/download,
83642,Emberiza citrinella,Yellowhammer,Jelmer Poelstra,Germany,2010-09-23,17:45,17,B,call,field recording,unknown,"[""Parus major"", ""Phylloscopus collybita""]",44100,https://xeno-canto.org/83642,https://xeno-canto.org/83642/download,
83506,Emberiza citrinella,Yellowhammer,Henk-Jan van der Kolk,Netherlands,2011-03-05,10:00,59,B,song,field recording,unknown,[],44100,https://xeno-canto.org/83506,https://xeno-canto.org/83506/download,
83303,Emberiza citrinella,Yellowhammer,Jelmer Poelstra,Sweden,2011-06-30,14:00,52,B,song,field recording,unknown,"[""Alauda arvensis""]",44100,https://xeno-canto.org/83303,https://xeno-canto.org/83303/download,
81913,Emberiza citrinella,Yellowhammer,Matthias Feuersenger,Germany,2011-05-14,09:00,46,B,song,field recording,unknown,"[""Emberiza calandra"", ""Turdus philomelos"", ""Corvus corone"", ""Luscinia megarhynchos"", ""Curruca communis""]",44100,https://xeno-canto.org/81913,https://xeno-canto.org/81913/download,
81056,Emberiza citrinella,Yellowhammer,Niels Krabbe,Denmark,2011-06-12,14:10,19,B,"begging call, 2 juv. begging call",field recording,unknown,[],44100,https://xeno-canto.org/81056,https://xeno-canto.org/81056/download,
78361,Emberiza citrinella,Yellowhammer,Mike Nelson,France,2011-05-15,8:30am,33,B,song,field recording,yes,"[""Lullula arborea""]",44100,https://xeno-canto.org/78361,https://xeno-canto.org/78361/download,
78135,Emberiza citrinella,Yellowhammer,Volker Arnold,Germany,2011-05-10,19.28,33,B,song,field recording,unknown,"[""Cuculus canorus"", ""Turdus philomelos"", ""Turdus merula"", ""Anthus trivialis"", ""Curruca communis""]",44100,https://xeno-canto.org/78135,https://xeno-canto.org/78135/download,
76442,Emberiza citrinella,Yellowhammer,Volker Arnold,Germany,2011-04-24,6.45,13,B,call,field recording,unknown,"[""Phylloscopus trochilus"", ""Curruca communis""]",44100,https://xeno-canto.org/76442,https://xeno-canto.org/76442/download,
76111,Emberiza citrinella,Yellowhammer,Matthias Feuersenger,Germany,2011-04-17,9,21,B,song,field recording,unknown,"[""Phylloscopus trochilus""]",44100,https://xeno-canto.org/76111,https://xeno-canto.org/76111/download,
72610,Emberiza citrinella,Yellowhammer,Volker Arnold,Germany,2007-00-00,?,43,B,song,field recording,unknown,[],44100,https://xeno-canto.org/72610,https://xeno-canto.org/72610/download,
69787,Emberiza citrinella,Yellowhammer,Louis A. Hansen,Sweden,2010-05-26,14:36,56,B,song,field recording,unknown,[],48000,https://xeno-canto.org/69787,https://xeno-canto.org/69787/download,
58612,Emberiza citrinella,Yellowhammer,Claus Fischer,Germany,2010-07-08,19:10,24,B,call,field recording,unknown,[],44100,https://xeno-canto.org/58612,https://xeno-canto.org/58612/download,
58611,Emberiza citrinella,Yellowhammer,Claus Fischer,Germany,2010-07-08,19:00,57,B,song,field recording,unknown,[],44100,https://xeno-canto.org/58611,https://xeno-canto.org/58611/download,
57917,Emberiza citrinella,Yellowhammer,Matthias Feuersenger,Germany,2010-07-16,21:00,24,B,call,field recording,unknown,[],44100,https://xeno-canto.org/57917,https://xeno-canto.org/57917/download,
55318,Emberiza citrinella,Yellowhammer,GROSSELET Olivier,France,2010-06-14,09:14 AM,9,B,song,field recording,unknown,[],44100,https://xeno-canto.org/55318,https://xeno-canto.org/55318/download,
52399,Emberiza citrinella,Yellowhammer,David Marques,Switzerland,2010-05-23,?,45,B,call,field recording,unknown,"[""Turdus viscivorus"", ""Fringilla coelebs""]",44100,https://xeno-canto.org/52399,https://xeno-canto.org/52399/download,
48255,Emberiza citrinella,Yellowhammer,Matthias Feuersenger,Germany,2010-04-25,11:56,33,B,song,field recording,unknown,"[""Fringilla coelebs"", ""Phylloscopus collybita"", ""Anthus trivialis""]",44100,https://xeno-canto.org/48255,https://xeno-canto.org/48255/download,
44770,Emberiza citrinella,Yellowhammer,Hans Petter Kristoffersen,Norway,2009-05-21,?,45,B,song,field recording,unknown,"[""Alauda arvensis""]",44100,https://xeno-canto.org/44770,https://xeno-canto.org/44770/download,
36405,Emberiza citrinella,Yellowhammer,Tomas Belka,Poland,2008-06-04,5:00,50,B,song,field recording,unknown,[],48000,https://xeno-canto.org/36405,https://xeno-canto.org/36405/download,
35087,Emberiza citrinella,Yellowhammer,Sander Bot,Netherlands,2009-03-30,?,18,B,song,field recording,unknown,[],44100,https://xeno-canto.org/35087,https://xeno-canto.org/35087/download,
35085,Emberiza citrinella,Yellowhammer,Sander Bot,Netherlands,2009-04-16,?,32,B,call,field recording,unknown,[],44100,https://xeno-canto.org/35085,https://xeno-canto.org/35085/download,
34540,Emberiza citrinella,Yellowhammer,Stuart Fisher,United Kingdom,2009-05-23,10:30,34,B,song,field recording,unknown,[],44100,https://xeno-canto.org/34540,https://xeno-canto.org/34540/download,
33719,Emberiza citrinella,Yellowhammer,Herman van Oosten,Netherlands,2009-04-30,11:03,35,B,"call, calls of a female",field recording,unknown,[],44100,https://xeno-canto.org/33719,https://xeno-canto.org/33719/download,
33597,Emberiza citrinella,Yellowhammer,Herman van Oosten,Netherlands,2009-04-29,17:16,16,B,"call, calls of a perched male, in slightly windy conditions.",field recording,unknown,"[""Lullula arborea""]",44100,https://xeno-canto.org/33597,https://xeno-canto.org/33597/download,
30110,Emberiza citrinella,Yellowhammer,Mathias Ritschard,Switzerland,2007-05-31,?,4,B,song,field recording,unknown,[],48000,https://xeno-canto.org/30110,https://xeno-canto.org/30110/download,
29767,Emberiza citrinella,Yellowhammer,Mathias Ritschard,Switzerland,2007-05-03,?,47,B,song,field recording,unknown,[],48000,https://xeno-canto.org/29767,https://xeno-canto.org/29767/download,
29721,Emberiza citrinella,Yellowhammer,Mathias Ritschard,Switzerland,2007-04-28,?,47,B,song,field recording,unknown,[],48000,https://xeno-canto.org/29721,https://xeno-canto.org/29721/download,
26674,Emberiza citrinella,Yellowhammer,Bram Piot,France,2008-03-15,?,47,B,song,field recording,yes,"[""Fringilla coelebs"", ""Erithacus rubecula""]",44100,https://xeno-canto.org/26674,https://xeno-canto.org/26674/download,
25840,Emberiza citrinella,Yellowhammer,Niels Krabbe,Denmark,1986-07-19,xx:xx,34,B,song,field recording,unknown,[],44100,https://xeno-canto.org/25840,https://xeno-canto.org/25840/download,
25837,Emberiza citrinella,Yellowhammer,Niels Krabbe,Denmark,1986-07-19,xx:xx,19,B,call,field recording,unknown,[],44100,https://xeno-canto.org/25837,https://xeno-canto.org/25837/download,
25836,Emberiza citrinella,Yellowhammer,Niels Krabbe,Denmark,1986-07-05,xx:xx,8,B,alarm call,field recording,unknown,[],44100,https://xeno-canto.org/25836,https://xeno-canto.org/25836/download,
25764,Emberiza citrinella,Yellowhammer,Niels Krabbe,Denmark,1983-04-22,xx:xx,5,B,alarm as sparrowhawk flies by,field recording,unknown,[],44100,https://xeno-canto.org/25764,https://xeno-canto.org/25764/download,
25752,Emberiza citrinella,Yellowhammer,Niels Krabbe,Denmark,1983-04-22,xx:xx,36,B,call,field recording,unknown,[],44100,https://xeno-canto.org/25752,https://xeno-canto.org/25752/download,
24952,Emberiza citrinella,Yellowhammer,Niels Krabbe,Finland,1982-06-30,xx:xx,27,B,song,field recording,unknown,"[""Curruca curruca""]",44100,https://xeno-canto.org/24952,https://xeno-canto.org/24952/download,
24783,Emberiza citrinella,Yellowhammer,Herman van Oosten,Netherlands,2008-11-02,14:20,21,B,call,field recording,unknown,"[""Alauda arvensis"", ""Fringilla coelebs""]",44100,https://xeno-canto.org/24783,https://xeno-canto.org/24783/download,
24729,Emberiza citrinella,Yellowhammer,Stuart Fisher,United Kingdom,0000-00-00,?,26,B,"call, contact call perched",field recording,unknown,"[""Troglodytes troglodytes""]",44100,https://xeno-canto.org/24729,https://xeno-canto.org/24729/download,
1088504,Emberiza citrinella,Yellowhammer,Sonothèque ADVL,France,2026-03-15,08:30,20,C,"aberrant, subsong",field recording,yes,[],48000,https://xeno-canto.org/1088504,https://xeno-canto.org/1088504/download,
1083942,Emberiza citrinella,Yellowhammer,Astrid Cervantes,Belgium,2026-02-08,10:00,34,C,song,field recording,no,[],44100,https://xeno-canto.org/1083942,https://xeno-canto.org/1083942/download,
1077257,Emberiza citrinella,Yellowhammer,Norman Schiwora,Germany,2025-07-29,18:58,33,C,song,field recording,no,[],48000,https://xeno-canto.org/1077257,https://xeno-canto.org/1077257/download,
1077256,Emberiza citrinella,Yellowhammer,Norman Schiwora,Germany,2025-07-29,18:44,42,C,call,field recording,no,[],48000,https://xeno-canto.org/1077256,https://xeno-canto.org/1077256/download,
1072349,Emberiza citrinella,Yellowhammer,Colm Philpott,Ireland,2025-06-24,18:30,35,C,uncertain,field recording,no,[],44100,https://xeno-canto.org/1072349,https://xeno-canto.org/1072349/download,
1058292,Emberiza citrinella,Yellowhammer,florent yvert,France,2025-11-19,12:52,19,C,"alarm call, call, flight call",field recording,yes,[],24000,https://xeno-canto.org/1058292,https://xeno-canto.org/1058292/download,
1055824,Emberiza citrinella,Yellowhammer,Thierry THOMAS,France,2025-11-11,09:43,14,C,"call, flight call",field recording,no,[],44100,https://xeno-canto.org/1055824,https://xeno-canto.org/1055824/download,
1055769,Emberiza citrinella,Yellowhammer,Stanislas Wroza,France,2025-10-07,9:00,18,C,flight call,field recording,unknown,[],48000,https://xeno-canto.org/1055769,https://xeno-canto.org/1055769/download,
1055698,Emberiza citrinella,Yellowhammer,Stanislas Wroza,France,2025-10-22,12:12,27,C,flight call,field recording,unknown,[],44100,https://xeno-canto.org/1055698,https://xeno-canto.org/1055698/download,
1055697,Emberiza citrinella,Yellowhammer,Stanislas Wroza,France,2025-10-22,11:32,14,C,flight call,field recording,unknown,[],44100,https://xeno-canto.org/1055697,https://xeno-canto.org/1055697/download,
1055595,Emberiza citrinella,Yellowhammer,Stanislas Wroza,France,2025-10-01,9:47,13,C,flight call,field recording,unknown,[],44100,https://xeno-canto.org/1055595,https://xeno-canto.org/1055595/download,
1055492,Emberiza citrinella,Yellowhammer,Stanislas Wroza,France,2025-10-28,13:32,42,C,flight call,field recording,unknown,[],44100,https://xeno-canto.org/1055492,https://xeno-canto.org/1055492/download,
1055035,Emberiza citrinella,Yellowhammer,Stanislas Wroza,France,2025-11-08,2:47,17,C,nocturnal flight call,field recording,unknown,[],44100,https://xeno-canto.org/1055035,https://xeno-canto.org/1055035/download,
1055011,Emberiza citrinella,Yellowhammer,Stanislas Wroza,France,2025-09-29,10:12,12,C,flight call,field recording,unknown,[],44100,https://xeno-canto.org/1055011,https://xeno-canto.org/1055011/download,
1054917,Emberiza citrinella,Yellowhammer,Stanislas Wroza,France,2025-10-06,8:17,18,C,flight call,field recording,unknown,[],44100,https://xeno-canto.org/1054917,https://xeno-canto.org/1054917/download,
1054782,Emberiza citrinella,Yellowhammer,Stanislas Wroza,France,2025-10-10,7:43,33,C,flight call,field recording,unknown,[],44100,https://xeno-canto.org/1054782,https://xeno-canto.org/1054782/download,
1053103,Emberiza citrinella,Yellowhammer,Théo Treels,France,2025-11-08,06:00,2,C,nocturnal flight call,field recording,no,[],44100,https://xeno-canto.org/1053103,https://xeno-canto.org/1053103/download,
1052752,Emberiza citrinella,Yellowhammer,Diego Fernandez Martinez,Belgium,2025-11-02,12:57,14,C,"call, flight call",field recording,no,[],44100,https://xeno-canto.org/1052752,https://xeno-canto.org/1052752/download,
1051939,Emberiza citrinella,Yellowhammer,Karol Łanocha,Poland,2025-11-02,14:03,36,C,call,field recording,no,"[""Turdus iliacus""]",44100,https://xeno-canto.org/1051939,https://xeno-canto.org/1051939/download,
1049950,Emberiza citrinella,Yellowhammer,david m,United Kingdom,2025-10-19,07:29,16,C,call,field recording,yes,[],48000,https://xeno-canto.org/1049950,https://xeno-canto.org/1049950/download,
1049947,Emberiza citrinella,Yellowhammer,david m,United Kingdom,2025-10-19,07:27,39,C,call,field recording,yes,"[""Phasianus colchicus""]",48000,https://xeno-canto.org/1049947,https://xeno-canto.org/1049947/download,
1048397,Emberiza citrinella,Yellowhammer,Aitor Zabala,Spain,2025-10-17,1:36,7,C,nocturnal flight call,field recording,no,[],32000,https://xeno-canto.org/1048397,https://xeno-canto.org/1048397/download,
1048253,Emberiza citrinella,Yellowhammer,Tobias Larsson,Sweden,2025-10-16,10:30,17,C,uncertain,field recording,no,[],44100,https://xeno-canto.org/1048253,https://xeno-canto.org/1048253/download,
1046859,Emberiza citrinella,Yellowhammer,David Pennington,United Kingdom,2025-10-10,08:02,53,C,flight call,field recording,yes,"[""Fringilla coelebs"", ""Anthus pratensis"", ""Carduelis carduelis""]",48000,https://xeno-canto.org/1046859,https://xeno-canto.org/1046859/download,
1045129,Emberiza citrinella,Yellowhammer,david m,United Kingdom,2025-07-18,07:22,37,C,call,field recording,yes,"[""Alauda arvensis"", ""Columba palumbus"", ""Turdus merula""]",48000,https://xeno-canto.org/1045129,https://xeno-canto.org/1045129/download,
1042654,Emberiza citrinella,Yellowhammer,Stanislas Wroza,France,2025-08-13,11:01,9,C,flight call,field recording,unknown,[],44100,https://xeno-canto.org/1042654,https://xeno-canto.org/1042654/download,
1041915,Emberiza citrinella,Yellowhammer,Stanislas Wroza,France,2025-08-01,9:48,18,C,flight call,field recording,unknown,[],44100,https://xeno-canto.org/1041915,https://xeno-canto.org/1041915/download,
1041794,Emberiza citrinella,Yellowhammer,David Darrell-Lambert,United Kingdom,2025-09-20,10:00,9,C,call,field recording,yes,[],48000,https://xeno-canto.org/1041794,https://xeno-canto.org/1041794/download,
1035266,Emberiza citrinella,Yellowhammer,Adrien Peillon,France,2025-05-29,12:50,22,C,song,field recording,yes,"[""Cuculus canorus"", ""Turdus merula"", ""Corvus corone"", ""Erithacus rubecula"", ""Emberiza schoeniclus"", ""Phylloscopus collybita""]",48000,https://xeno-canto.org/1035266,https://xeno-canto.org/1035266/download,
1035262,Emberiza citrinella,Yellowhammer,Adrien Peillon,France,2025-05-26,10:35,25,C,song,field recording,no,[],48000,https://xeno-canto.org/1035262,https://xeno-canto.org/1035262/download,
1032705,Emberiza citrinella,Yellowhammer,Esperanza Poveda,Sweden,2025-04-06,?,22,C,flight call,field recording,no,[],44100,https://xeno-canto.org/1032705,https://xeno-canto.org/1032705/download,
1026501,Emberiza citrinella,Yellowhammer,Beatrix Saadi-Varchmin,Germany,2012-06-14,05:12,59,C,"dawn song, song",field recording,yes,[],44100,https://xeno-canto.org/1026501,https://xeno-canto.org/1026501/download,
1013611,Emberiza citrinella,Yellowhammer,david m,United Kingdom,2025-04-17,06:05,13,C,call,field recording,yes,"[""Alauda arvensis"", ""Fringilla coelebs"", ""Corvus corone"", ""Phasianus colchicus""]",48000,https://xeno-canto.org/1013611,https://xeno-canto.org/1013611/download,
1012057,Emberiza citrinella,Yellowhammer,Christian Kahle,Germany,2025-07-06,?,52,C,,field recording,no,"[""Fringilla coelebs""]",48000,https://xeno-canto.org/1012057,https://xeno-canto.org/1012057/download,
1010946,Emberiza citrinella,Yellowhammer,david m,United Kingdom,2025-04-13,06:39,23,C,call,field recording,yes,"[""Alauda arvensis"", ""Turdus viscivorus"", ""Turdus philomelos"", ""Phasianus colchicus""]",48000,https://xeno-canto.org/1010946,https://xeno-canto.org/1010946/download,
1010916,Emberiza citrinella,Yellowhammer,david m,United Kingdom,2025-04-08,07:02,55,C,call,field recording,yes,"[""Turdus viscivorus"", ""Corvus corone"", ""Alectoris rufa"", ""Troglodytes troglodytes"", ""Larus canus"", ""Phasianus colchicus""]",48000,https://xeno-canto.org/1010916,https://xeno-canto.org/1010916/download,
1010596,Emberiza citrinella,Yellowhammer,Molly Bell,Ireland,2025-06-29,10:05,2,C,song,field recording,yes,[],44100,https://xeno-canto.org/1010596,https://xeno-canto.org/1010596/download,
1010579,Emberiza citrinella,Yellowhammer,david m,United Kingdom,2025-04-04,07:41,50,C,song,field recording,yes,"[""Columba palumbus"", ""Turdus philomelos"", ""Prunella modularis"", ""Corvus corone"", ""Erithacus rubecula"", ""Alectoris rufa""]",48000,https://xeno-canto.org/1010579,https://xeno-canto.org/1010579/download,
1010572,Emberiza citrinella,Yellowhammer,david m,United Kingdom,2025-04-04,07:06,52,C,song,field recording,yes,"[""Alauda arvensis"", ""Fringilla coelebs""]",48000,https://xeno-canto.org/1010572,https://xeno-canto.org/1010572/download,
1010569,Emberiza citrinella,Yellowhammer,david m,United Kingdom,2025-04-04,06:52,18,C,call,field recording,yes,"[""Alauda arvensis"", ""Fringilla coelebs"", ""Turdus philomelos""]",48000,https://xeno-canto.org/1010569,https://xeno-canto.org/1010569/download,
1010022,Emberiza citrinella,Yellowhammer,david m,United Kingdom,2025-04-03,07:21,9,C,call,field recording,yes,"[""Alauda arvensis"", ""Corvus corone"", ""Linaria cannabina""]",48000,https://xeno-canto.org/1010022,https://xeno-canto.org/1010022/download,
1010007,Emberiza citrinella,Yellowhammer,david m,United Kingdom,2025-04-03,06:49,36,C,song,field recording,no,"[""Columba palumbus"", ""Turdus philomelos"", ""Corvus corone"", ""Troglodytes troglodytes"", ""Phasianus colchicus""]",48000,https://xeno-canto.org/1010007,https://xeno-canto.org/1010007/download,
1009477,Emberiza citrinella,Yellowhammer,David Darrell-Lambert,United Kingdom,2025-06-26,07:00,13,C,call,field recording,yes,[],32000,https://xeno-canto.org/1009477,https://xeno-canto.org/1009477/download,
1008601,Emberiza citrinella,Yellowhammer,david m,United Kingdom,2025-06-19,05:39,38,C,call,field recording,yes,"[""Motacilla flava"", ""Columba palumbus"", ""Fringilla coelebs"", ""Turdus merula""]",48000,https://xeno-canto.org/1008601,https://xeno-canto.org/1008601/download,
1008293,Emberiza citrinella,Yellowhammer,david m,United Kingdom,2025-03-28,05:48,10,C,call,field recording,no,"[""Alauda arvensis"", ""Fringilla coelebs""]",48000,https://xeno-canto.org/1008293,https://xeno-canto.org/1008293/download,
1008008,Emberiza citrinella,Yellowhammer,david m,United Kingdom,2025-03-25,06:12,26,C,call,field recording,yes,"[""Alectoris rufa""]",48000,https://xeno-canto.org/1008008,https://xeno-canto.org/1008008/download,
1007600,Emberiza citrinella,Yellowhammer,david m,United Kingdom,2025-03-19,06:42,49,C,"call, song",field recording,yes,"[""Columba palumbus"", ""Fringilla coelebs"", ""Linaria cannabina""]",48000,https://xeno-canto.org/1007600,https://xeno-canto.org/1007600/download,
1007596,Emberiza citrinella,Yellowhammer,david m,United Kingdom,2025-03-19,06:34,26,C,song,field recording,yes,"[""Alauda arvensis"", ""Fringilla coelebs"", ""Phasianus colchicus""]",48000,https://xeno-canto.org/1007596,https://xeno-canto.org/1007596/download,
1007587,Emberiza citrinella,Yellowhammer,david m,United Kingdom,2025-03-19,06:33,18,C,song,field recording,yes,"[""Columba palumbus"", ""Alectoris rufa"", ""Troglodytes troglodytes""]",48000,https://xeno-canto.org/1007587,https://xeno-canto.org/1007587/download,
1007510,Emberiza citrinella,Yellowhammer,david m,United Kingdom,2025-03-18,07:19,49,C,"song, Wing beats …",field recording,yes,"[""Alauda arvensis"", ""Alectoris rufa"", ""Phasianus colchicus"", ""Linaria cannabina""]",48000,https://xeno-canto.org/1007510,https://xeno-canto.org/1007510/download,
1006506,Emberiza citrinella,Yellowhammer,david m,United Kingdom,2025-03-16,07:28,33,C,song,field recording,yes,"[""Turdus pilaris"", ""Alauda arvensis"", ""Turdus merula"", ""Prunella modularis""]",48000,https://xeno-canto.org/1006506,https://xeno-canto.org/1006506/download,
1006504,Emberiza citrinella,Yellowhammer,david m,United Kingdom,2025-03-16,07:22,39,C,song,field recording,yes,"[""Linaria cannabina""]",48000,https://xeno-canto.org/1006504,https://xeno-canto.org/1006504/download,
1006328,Emberiza citrinella,Yellowhammer,david m,United Kingdom,2025-03-09,07:02,33,C,song,field recording,yes,[],48000,https://xeno-canto.org/1006328,https://xeno-canto.org/1006328/download,
1002761,Emberiza citrinella,Yellowhammer,david m,United Kingdom,2025-03-04,07:17,34,C,song,field recording,yes,"[""Alauda arvensis"", ""Passer montanus"", ""Linaria cannabina""]",48000,https://xeno-canto.org/1002761,https://xeno-canto.org/1002761/download,
1002611,Emberiza citrinella,Yellowhammer,david m,United Kingdom,2025-03-04,07:12,22,C,song,field recording,yes,"[""Corvus corone"", ""Linaria cannabina""]",48000,https://xeno-canto.org/1002611,https://xeno-canto.org/1002611/download,
1002610,Emberiza citrinella,Yellowhammer,david m,United Kingdom,2024-03-04,07:10,24,C,song,field recording,yes,"[""Turdus pilaris"", ""Fringilla coelebs"", ""Prunella modularis"", ""Linaria cannabina""]",48000,https://xeno-canto.org/1002610,https://xeno-canto.org/1002610/download,
1002575,Emberiza citrinella,Yellowhammer,david m,United Kingdom,2025-03-03,07:46,9,C,call,field recording,yes,"[""Alectoris rufa"", ""Linaria cannabina""]",48000,https://xeno-canto.org/1002575,https://xeno-canto.org/1002575/download,
1001745,Emberiza citrinella,Yellowhammer,david m,United Kingdom,2025-03-03,07:21,40,C,song,field recording,yes,"[""Fringilla coelebs"", ""Aegithalos caudatus"", ""Phasianus colchicus""]",48000,https://xeno-canto.org/1001745,https://xeno-canto.org/1001745/download,
1001730,Emberiza citrinella,Yellowhammer,david m,United Kingdom,2025-03-03,06:59,45,C,call,field recording,yes,"[""Turdus pilaris"", ""Alauda arvensis"", ""Fringilla coelebs"", ""Corvus corone"", ""Alectoris rufa""]",48000,https://xeno-canto.org/1001730,https://xeno-canto.org/1001730/download,
1001482,Emberiza citrinella,Yellowhammer,david m,United Kingdom,2025-03-03,05:58,29,C,song,field recording,yes,[],48000,https://xeno-canto.org/1001482,https://xeno-canto.org/1001482/download,
996206,Emberiza citrinella,Yellowhammer,Chacron ,France,2025-05-08,03:45,30,C,nocturnal flight call,field recording,no,[],44100,https://xeno-canto.org/996206,https://xeno-canto.org/996206/download,
993935,Emberiza citrinella,Yellowhammer,Robert Ekman,Sweden,2025-05-01,21:00,43,C,song,field recording,no,[],44100,https://xeno-canto.org/993935,https://xeno-canto.org/993935/download,
993934,Emberiza citrinella,Yellowhammer,Robert Ekman,Sweden,2025-05-01,18:00,11,C,"call, flight call",field recording,no,[],44100,https://xeno-canto.org/993934,https://xeno-canto.org/993934/download,
993933,Emberiza citrinella,Yellowhammer,Robert Ekman,Sweden,2025-05-01,21:00,32,C,song,field recording,no,[],44100,https://xeno-canto.org/993933,https://xeno-canto.org/993933/download,
990956,Emberiza citrinella,Yellowhammer,david m,United Kingdom,2025-02-27,06:39,10,C,song,field recording,no,"[""Prunella modularis"", ""Linaria cannabina""]",48000,https://xeno-canto.org/990956,https://xeno-canto.org/990956/download,
990949,Emberiza citrinella,Yellowhammer,david m,United Kingdom,2025-02-27,06:19,17,C,song,field recording,no,"[""Turdus merula"", ""Corvus corone"", ""Linaria cannabina""]",48000,https://xeno-canto.org/990949,https://xeno-canto.org/990949/download,
988877,Emberiza citrinella,Yellowhammer,FRIEDRICH Richard,France,2025-04-08,08:30,45,C,song,in the hand,no,"[""Fringilla coelebs"", ""Sylvia atricapilla"", ""Parus major"", ""Phylloscopus collybita""]",44100,https://xeno-canto.org/988877,https://xeno-canto.org/988877/download,
980895,Emberiza citrinella,Yellowhammer,Martinez Nicolas,France,2019-11-16,07:30,3,C,flight call,field recording,no,[],44100,https://xeno-canto.org/980895,https://xeno-canto.org/980895/download,
979405,Emberiza citrinella,Yellowhammer,Abe Bakker,Netherlands,2025-03-06,08:30,30,C,song,field recording,yes,"[""Turdus philomelos""]",48000,https://xeno-canto.org/979405,https://xeno-canto.org/979405/download,
978203,Emberiza citrinella,Yellowhammer,david m,United Kingdom,2024-07-28,06:21,40,C,"call, wing beats ...",field recording,yes,"[""Passer montanus"", ""Curruca communis""]",48000,https://xeno-canto.org/978203,https://xeno-canto.org/978203/download,
978202,Emberiza citrinella,Yellowhammer,david m,United Kingdom,2024-07-28,06:20,22,C,call,field recording,yes,"[""Motacilla flava"", ""Coturnix coturnix"", ""Passer montanus""]",48000,https://xeno-canto.org/978202,https://xeno-canto.org/978202/download,
974416,Emberiza citrinella,Yellowhammer,Hannu Varkki,Finland,2023-05-22,12:24,29,C,alarm call,field recording,yes,"[""Curruca communis""]",48000,https://xeno-canto.org/974416,https://xeno-canto.org/974416/download,
974415,Emberiza citrinella,Yellowhammer,Hannu Varkki,Finland,2023-05-22,12:23,29,C,"alarm call, begging call",field recording,yes,"[""Curruca communis""]",48000,https://xeno-canto.org/974415,https://xeno-canto.org/974415/download,
973951,Emberiza citrinella,Yellowhammer,Robin et Julien SOURIOU,France,2022-04-30,11:30,6,C,song,field recording,yes,[],44100,https://xeno-canto.org/973951,https://xeno-canto.org/973951/download,
973153,Emberiza citrinella,Yellowhammer,Working group for animal ecology and planning Ltd.,Germany,2024-06-28,17:11,37,C,"call, song",field recording,no,"[""Sylvia atricapilla""]",48000,https://xeno-canto.org/973153,https://xeno-canto.org/973153/download,
973152,Emberiza citrinella,Yellowhammer,Working group for animal ecology and planning Ltd.,Germany,2024-06-25,08:00,33,C,"call, song",field recording,no,[],48000,https://xeno-canto.org/973152,https://xeno-canto.org/973152/download,
973150,Emberiza citrinella,Yellowhammer,Working group for animal ecology and planning Ltd.,Germany,2024-06-11,04:19,47,C,song,field recording,no,"[""Turdus philomelos""]",48000,https://xeno-canto.org/973150,https://xeno-canto.org/973150/download,
973148,Emberiza citrinella,Yellowhammer,Working group for animal ecology and planning Ltd.,Germany,2024-06-05,4:43,43,C,song,field recording,no,"[""Turdus philomelos"", ""Turdus merula""]",48000,https://xeno-canto.org/973148,https://xeno-canto.org/973148/download,
961927,Emberiza citrinella,Yellowhammer,david m,United Kingdom,2024-07-08,05:47,15,C,song,field recording,no,"[""Alauda arvensis"", ""Phylloscopus collybita"", ""Curruca communis""]",48000,https://xeno-canto.org/961927,https://xeno-canto.org/961927/download,
961485,Emberiza citrinella,Yellowhammer,david m,United Kingdom,2024-07-19,05:33,53,C,song,field recording,yes,"[""Alauda arvensis"", ""Emberiza calandra"", ""Curruca communis"", ""Linaria cannabina""]",48000,https://xeno-canto.org/961485,https://xeno-canto.org/961485/download,
953594,Emberiza citrinella,Yellowhammer,Johannes Dag Mayer,Germany,2024-11-07,05:57,3,C,"call, flight call",field recording,no,[],48000,https://xeno-canto.org/953594,https://xeno-canto.org/953594/download,
953593,Emberiza citrinella,Yellowhammer,Johannes Dag Mayer,Germany,2024-10-30,22:30,5,C,"call, flight call",field recording,no,[],48000,https://xeno-canto.org/953593,https://xeno-canto.org/953593/download,
953539,Emberiza citrinella,Yellowhammer,Mark Plummer,United Kingdom,2024-12-03,10:31,29,C,"call, flight call",field recording,no,[],48000,https://xeno-canto.org/953539,https://xeno-canto.org/953539/download,
953022,Emberiza citrinella,Yellowhammer,david m,United Kingdom,2024-07-04,05:40,50,C,song,field recording,yes,"[""Turdus philomelos"", ""Troglodytes troglodytes"", ""Linaria cannabina""]",48000,https://xeno-canto.org/953022,https://xeno-canto.org/953022/download,
952417,Emberiza citrinella,Yellowhammer,Thierry THOMAS,France,2024-11-27,07:46,20,C,"call, flight call, 2 types of calls",field recording,no,[],48000,https://xeno-canto.org/952417,https://xeno-canto.org/952417/download,
952248,Emberiza citrinella,Yellowhammer,Alan Dalton,Sweden,2024-08-17,08:00,25,C,flight call,field recording,no,[],24000,https://xeno-canto.org/952248,https://xeno-canto.org/952248/download,
952247,Emberiza citrinella,Yellowhammer,Alan Dalton,Sweden,2024-09-02,08:00,18,C,flight call,field recording,no,[],24000,https://xeno-canto.org/952247,https://xeno-canto.org/952247/download,
950353,Emberiza citrinella,Yellowhammer,david m,United Kingdom,2024-06-26,06:12,52,C,"call, song",field recording,yes,"[""Alauda arvensis"", ""Columba palumbus"", ""Fringilla coelebs"", ""Turdus merula"", ""Curruca communis"", ""Linaria cannabina""]",48000,https://xeno-canto.org/950353,https://xeno-canto.org/950353/download,
947693,Emberiza citrinella,Yellowhammer,Julien Bottinelli,France,2024-11-13,07:00,26,C,nocturnal flight call,field recording,no,[],44100,https://xeno-canto.org/947693,https://xeno-canto.org/947693/download,
947453,Emberiza citrinella,Yellowhammer,Julien Bottinelli,France,2024-11-11,07:00,15,C,nocturnal flight call,field recording,no,"[""Fringilla montifringilla""]",44100,https://xeno-canto.org/947453,https://xeno-canto.org/947453/download,
946692,Emberiza citrinella,Yellowhammer,david m,United Kingdom,2024-06-09,05:53,52,C,"call, song",field recording,yes,"[""Alauda arvensis"", ""Fringilla coelebs"", ""Turdus merula"", ""Emberiza citrinella""]",48000,https://xeno-canto.org/946692,https://xeno-canto.org/946692/download,
945982,Emberiza citrinella,Yellowhammer,Luca Forneris,United Kingdom,2024-10-31,07:44,15,C,"call, flight call",field recording,yes,"[""Turdus merula""]",48000,https://xeno-canto.org/945982,https://xeno-canto.org/945982/download,
945959,Emberiza citrinella,Yellowhammer,david m,United Kingdom,2024-06-09,05:37,49,C,song,field recording,yes,"[""Fringilla coelebs"", ""Linaria cannabina""]",48000,https://xeno-canto.org/945959,https://xeno-canto.org/945959/download,
944725,Emberiza citrinella,Yellowhammer,Tim Vochten,Belgium,2024-10-25,11:40,7,C,flight call,field recording,yes,[],44100,https://xeno-canto.org/944725,https://xeno-canto.org/944725/download,
944254,Emberiza citrinella,Yellowhammer,Arjun Dutta,United Kingdom,2024-10-28,05:30,11,C,nocturnal flight call,field recording,no,[],44100,https://xeno-canto.org/944254,https://xeno-canto.org/944254/download,
942656,Emberiza citrinella,Yellowhammer,Stanislas Wroza,France,2024-10-22,12:30,25,C,flight call,field recording,unknown,[],48000,https://xeno-canto.org/942656,https://xeno-canto.org/942656/download,
942566,Emberiza citrinella,Yellowhammer,Yohan Le Goff,France,2024-09-05,22:30,5,C,"flight call, nocturnal flight call",field recording,no,[],44100,https://xeno-canto.org/942566,https://xeno-canto.org/942566/download,
942380,Emberiza citrinella,Yellowhammer,Robert Ekman,Sweden,2024-10-17,01:45,3,C,"flight call, nocturnal flight call",field recording,no,[],44100,https://xeno-canto.org/942380,https://xeno-canto.org/942380/download,
942339,Emberiza citrinella,Yellowhammer,Albert Dees,Netherlands,2024-10-22,09:43,21,C,flight call,field recording,no,"[""Fringilla coelebs"", ""Anthus pratensis""]",96000,https://xeno-canto.org/942339,https://xeno-canto.org/942339/download,
942320,Emberiza citrinella,Yellowhammer,David Pennington,United Kingdom,2024-10-23,09:24,19,C,flight call,field recording,yes,[],48000,https://xeno-canto.org/942320,https://xeno-canto.org/942320/download,
940950,Emberiza citrinella,Yellowhammer,Teet Sirotkin,Sweden,2024-10-16,08:30,10,C,flight call,field recording,no,[],48000,https://xeno-canto.org/940950,https://xeno-canto.org/940950/download,
938571,Emberiza citrinella,Yellowhammer,david m,United Kingdom,2024-06-01,05:18,39,C,call,field recording,yes,"[""Fringilla coelebs"", ""Turdus merula"", ""Curruca communis""]",48000,https://xeno-canto.org/938571,https://xeno-canto.org/938571/download,
937569,Emberiza citrinella,Yellowhammer,Hurtrel,France,2024-10-04,09:00,7,C,flight call,field recording,no,[],32000,https://xeno-canto.org/937569,https://xeno-canto.org/937569/download,
936708,Emberiza citrinella,Yellowhammer,Robert Ekman,Sweden,2024-09-20,05:00,6,C,"call, flight call",field recording,no,[],48000,https://xeno-canto.org/936708,https://xeno-canto.org/936708/download,
936526,Emberiza citrinella,Yellowhammer,Robert Ekman,Sweden,2024-09-20,07:00,32,C,"call, flight call, nocturnal flight call",field recording,no,[],48000,https://xeno-canto.org/936526,https://xeno-canto.org/936526/download,
932660,Emberiza citrinella,Yellowhammer,Jocce Ekstrom,Sweden,2024-09-08,07:53,7,C,flight call,field recording,no,"[""Emberiza schoeniclus""]",44100,https://xeno-canto.org/932660,https://xeno-canto.org/932660/download,
924392,Emberiza citrinella,Yellowhammer,Joost van Bruggen,Netherlands,2022-08-29,07:26,20,C,flight call,field recording,no,[],48000,https://xeno-canto.org/924392,https://xeno-canto.org/924392/download,
922834,Emberiza citrinella,Yellowhammer,david m,United Kingdom,2024-05-07,06:52,14,C,call,field recording,no,"[""Turdus philomelos"", ""Turdus merula"", ""Carduelis carduelis""]",48000,https://xeno-canto.org/922834,https://xeno-canto.org/922834/download,
922306,Emberiza citrinella,Yellowhammer,Pere Josa,Spain,2024-07-18,09:00,14,C,call,field recording,yes,[],44100,https://xeno-canto.org/922306,https://xeno-canto.org/922306/download,
919626,Emberiza citrinella,Yellowhammer,david m,United Kingdom,2024-04-29,06:45,40,C,call,field recording,no,"[""Alauda arvensis"", ""Fringilla coelebs"", ""Corvus corone""]",48000,https://xeno-canto.org/919626,https://xeno-canto.org/919626/download,
918834,Emberiza citrinella,Yellowhammer,david m,United Kingdom,2024-04-21,05:31,34,C,song,field recording,yes,"[""Fringilla coelebs"", ""Turdus merula"", ""Corvus corone"", ""Parus major""]",48000,https://xeno-canto.org/918834,https://xeno-canto.org/918834/download,
914642,Emberiza citrinella,Yellowhammer,Arjun Dutta,United Kingdom,2021-05-17,20:30,45,C,call,field recording,yes,[],44100,https://xeno-canto.org/914642,https://xeno-canto.org/914642/download,
909214,Emberiza citrinella,Yellowhammer,Pere Josa,Spain,2024-05-28,10:30,4,C,song,field recording,yes,[],44100,https://xeno-canto.org/909214,https://xeno-canto.org/909214/download,
906925,Emberiza citrinella,Yellowhammer,Robert Ekman,Sweden,2024-05-19,03:40,40,C,call,field recording,no,[],48000,https://xeno-canto.org/906925,https://xeno-canto.org/906925/download,
906767,Emberiza citrinella,Yellowhammer,david m,United Kingdom,2024-03-21,06:46,49,C,song,field recording,yes,"[""Corvus corone"", ""Phasianus colchicus"", ""Linaria cannabina""]",48000,https://xeno-canto.org/906767,https://xeno-canto.org/906767/download,
905458,Emberiza citrinella,Yellowhammer,david m,United Kingdom,2024-03-08,07:16,28,C,song,field recording,yes,"[""Alauda arvensis"", ""Troglodytes troglodytes""]",48000,https://xeno-canto.org/905458,https://xeno-canto.org/905458/download,
905219,Emberiza citrinella,Yellowhammer,david m,United Kingdom,2024-03-03,07:31,26,C,call,field recording,yes,"[""Corvus corone"", ""Phasianus colchicus""]",48000,https://xeno-canto.org/905219,https://xeno-canto.org/905219/download,
904839,Emberiza citrinella,Yellowhammer,david m,United Kingdom,2024-03-01,07:18,21,C,song,field recording,yes,"[""Fringilla coelebs"", ""Linaria cannabina""]",48000,https://xeno-canto.org/904839,https://xeno-canto.org/904839/download,
904680,Emberiza citrinella,Yellowhammer,david m,United Kingdom,2024-03-01,06:50,38,C,song,field recording,yes,"[""Columba palumbus"", ""Turdus philomelos"", ""Corvus corone"", ""Phasianus colchicus""]",48000,https://xeno-canto.org/904680,https://xeno-canto.org/904680/download,
904204,Emberiza citrinella,Yellowhammer,david m,United Kingdom,2024-02-29,08:13,57,C,song,field recording,yes,"[""Alauda arvensis"", ""Fringilla coelebs""]",48000,https://xeno-canto.org/904204,https://xeno-canto.org/904204/download,
904201,Emberiza citrinella,Yellowhammer,david m,United Kingdom,2024-02-29,08:09,29,C,call,field recording,yes,"[""Corvus corone""]",48000,https://xeno-canto.org/904201,https://xeno-canto.org/904201/download,
904200,Emberiza citrinella,Yellowhammer,david m,United Kingdom,2024-02-29,07:54,39,C,call,field recording,yes,"[""Turdus merula"", ""Emberiza citrinella"", ""Phasianus colchicus""]",48000,https://xeno-canto.org/904200,https://xeno-canto.org/904200/download,
902457,Emberiza citrinella,Yellowhammer,Adam Gruszczyński,Poland,2024-02-27,08:00,31,C,call,field recording,yes,[],44100,https://xeno-canto.org/902457,https://xeno-canto.org/902457/download,
902157,Emberiza citrinella,Yellowhammer,Jochem verweij,Sweden,2024-05-11,17:31,7,C,"call, flight call",field recording,no,"[""Alauda arvensis"", ""Tringa totanus"", ""Phylloscopus trochilus""]",44100,https://xeno-canto.org/902157,https://xeno-canto.org/902157/download,
902156,Emberiza citrinella,Yellowhammer,Jochem verweij,Sweden,2024-05-11,17:31,5,C,"call, flight call",field recording,no,"[""Alauda arvensis"", ""Haematopus ostralegus""]",44100,https://xeno-canto.org/902156,https://xeno-canto.org/902156/download,
901481,Emberiza citrinella,Yellowhammer,Pia,Sweden,2024-05-08,15:20,51,C,song,unknown,no,"[""Fringilla coelebs"", ""Phylloscopus trochilus"", ""Turdus merula"", ""Dendrocopos major""]",44100,https://xeno-canto.org/901481,https://xeno-canto.org/901481/download,
900171,Emberiza citrinella,Yellowhammer,Sven Normant,France,2024-05-03,19:30,22,C,call,in the hand,yes,[],44100,https://xeno-canto.org/900171,https://xeno-canto.org/900171/download,
898200,Emberiza citrinella,Yellowhammer,Ulf Larsson,Sweden,2024-04-07,06:30,45,C,,field recording,yes,"[""Anser anser"", ""Erithacus rubecula"", ""Vanellus vanellus"", ""Phylloscopus collybita"", ""Phasianus colchicus""]",44100,https://xeno-canto.org/898200,https://xeno-canto.org/898200/download,
897102,Emberiza citrinella,Yellowhammer,Nicolas Martinez,Switzerland,2024-04-09,16:13,31,C,song,field recording,yes,"[""Fringilla coelebs"", ""Sylvia atricapilla"", ""Turdus merula""]",48000,https://xeno-canto.org/897102,https://xeno-canto.org/897102/download,
895168,Emberiza citrinella,Yellowhammer,Guillaume WETZEL,France,2024-04-10,08:00,23,C,call,field recording,yes,[],44100,https://xeno-canto.org/895168,https://xeno-canto.org/895168/download,
893903,Emberiza citrinella,Yellowhammer,Norbert Teufelbauer,Austria,2024-04-01,01:36,3,C,nocturnal flight call,field recording,no,[],32000,https://xeno-canto.org/893903,https://xeno-canto.org/893903/download,
882635,Emberiza citrinella,Yellowhammer,Thierry THOMAS,France,2024-03-17,06:01,19,C,"flight call, nocturnal flight call",field recording,no,"[""Phoenicurus ochruros""]",44100,https://xeno-canto.org/882635,https://xeno-canto.org/882635/download,
879878,Emberiza citrinella,Yellowhammer,Göran Andersson,Sweden,2024-03-08,06:20,19,C,call,field recording,yes,[],48000,https://xeno-canto.org/879878,https://xeno-canto.org/879878/download,
879205,Emberiza citrinella,Yellowhammer,Robert Ekman,Sweden,2024-03-02,11:00,11,C,flight call,field recording,no,[],48000,https://xeno-canto.org/879205,https://xeno-canto.org/879205/download,
871077,Emberiza citrinella,Yellowhammer,Stanislas Wroza,France,2023-12-18,08:30,25,C,"call, flight call, two types of calls, long descending call",field recording,unknown,[],96000,https://xeno-canto.org/871077,https://xeno-canto.org/871077/download,
864346,Emberiza citrinella,Yellowhammer,david m,United Kingdom,2023-06-28,07:08,29,C,song,field recording,yes,"[""Alauda arvensis"", ""Emberiza calandra""]",48000,https://xeno-canto.org/864346,https://xeno-canto.org/864346/download,
863501,Emberiza citrinella,Yellowhammer,Chèvremont Fabian,Belgium,2023-05-20,09:00,17,C,call,field recording,yes,[],44100,https://xeno-canto.org/863501,https://xeno-canto.org/863501/download,
862253,Emberiza citrinella,Yellowhammer,david m,United Kingdom,2023-06-27,05:41,25,C,song,field recording,no,"[""Alauda arvensis"", ""Turdus merula"", ""Curruca communis""]",48000,https://xeno-canto.org/862253,https://xeno-canto.org/862253/download,
862182,Emberiza citrinella,Yellowhammer,Chèvremont Fabian,Netherlands,2023-11-23,09:00,18,C,flight call,field recording,yes,[],44100,https://xeno-canto.org/862182,https://xeno-canto.org/862182/download,
861362,Emberiza citrinella,Yellowhammer,Thierry THOMAS,France,2023-11-15,09:59,12,C,flight call,field recording,no,[],44100,https://xeno-canto.org/861362,https://xeno-canto.org/861362/download,
856997,Emberiza citrinella,Yellowhammer,João Tomás,Portugal,2023-12-17,10:55,59,C,call,field recording,no,"[""Sturnus unicolor""]",44100,https://xeno-canto.org/856997,https://xeno-canto.org/856997/download,
856989,Emberiza citrinella,Yellowhammer,João Tomás,Portugal,2023-12-17,10:30,21,C,"call, ""Plik"" call",field recording,no,[],44100,https://xeno-canto.org/856989,https://xeno-canto.org/856989/download,
844069,Emberiza citrinella,Yellowhammer,david m,United Kingdom,2023-05-29,06:33,45,C,call,field recording,yes,"[""Alauda arvensis"", ""Motacilla flava"", ""Turdus merula"", ""Coturnix coturnix""]",48000,https://xeno-canto.org/844069,https://xeno-canto.org/844069/download,
840891,Emberiza citrinella,Yellowhammer,Robert Ekman,Sweden,2023-08-19,06:24,6,C,flight call,field recording,no,"[""Regulus regulus"", ""Erithacus rubecula""]",44100,https://xeno-canto.org/840891,https://xeno-canto.org/840891/download,
840160,Emberiza citrinella,Yellowhammer,Christian Kerihuel,France,2023-11-03,09:00,11,C,flight call,field recording,no,[],44100,https://xeno-canto.org/840160,https://xeno-canto.org/840160/download,
839375,Emberiza citrinella,Yellowhammer,Maarten Sluijter,Netherlands,2023-10-30,07:42,14,C,flight call,field recording,yes,[],44100,https://xeno-canto.org/839375,https://xeno-canto.org/839375/download,
837813,Emberiza citrinella,Yellowhammer,Jean-Philippe Paul,France,2023-10-24,17:30,9,C,flight call,field recording,yes,[],44100,https://xeno-canto.org/837813,https://xeno-canto.org/837813/download,
836694,Emberiza citrinella,Yellowhammer,David Darrell-Lambert,United Kingdom,2023-05-06,13:00,30,C,call,field recording,yes,[],48000,https://xeno-canto.org/836694,https://xeno-canto.org/836694/download,
836437,Emberiza citrinella,Yellowhammer,Robert Ekman,Sweden,2023-05-08,03:57,17,C,"song, short song",field recording,no,[],44100,https://xeno-canto.org/836437,https://xeno-canto.org/836437/download,
835696,Emberiza citrinella,Yellowhammer,david m,United Kingdom,2023-05-07,06:53,51,C,"call, wing beats",field recording,yes,"[""Fringilla coelebs"", ""Turdus philomelos"", ""Turdus merula"", ""Phylloscopus collybita""]",48000,https://xeno-canto.org/835696,https://xeno-canto.org/835696/download,
833754,Emberiza citrinella,Yellowhammer,Jon Sparshott,United Kingdom,2023-10-05,08:38,23,C,"call, flight call",field recording,yes,"[""Phylloscopus collybita"", ""Spinus spinus""]",48000,https://xeno-canto.org/833754,https://xeno-canto.org/833754/download,
831217,Emberiza citrinella,Yellowhammer,Daan van der Hoeven,Netherlands,2023-09-22,11:35,10,C,call,field recording,no,"[""Fringilla coelebs"", ""Parus major"", ""Erithacus rubecula""]",44100,https://xeno-canto.org/831217,https://xeno-canto.org/831217/download,
826682,Emberiza citrinella,Yellowhammer,david m,United Kingdom,2023-04-12,07:15,47,C,call,field recording,no,"[""Alauda arvensis"", ""Turdus merula""]",48000,https://xeno-canto.org/826682,https://xeno-canto.org/826682/download,
826121,Emberiza citrinella,Yellowhammer,Esperanza Poveda,Sweden,2022-06-10,?,36,C,"alarm call, call",in the hand,yes,[],44100,https://xeno-canto.org/826121,https://xeno-canto.org/826121/download,
822246,Emberiza citrinella,Yellowhammer,Grzegorz Lorek,Poland,2023-07-26,16:47,23,C,call,field recording,yes,[],48000,https://xeno-canto.org/822246,https://xeno-canto.org/822246/download,
821045,Emberiza citrinella,Yellowhammer,david m,United Kingdom,2023-03-21,05:50,27,C,song,field recording,yes,"[""Alauda arvensis"", ""Erithacus rubecula"", ""Linaria cannabina""]",48000,https://xeno-canto.org/821045,https://xeno-canto.org/821045/download,
819329,Emberiza citrinella,Yellowhammer,david m,United Kingdom,2023-02-24,06:40,30,C,song,field recording,yes,"[""Fringilla coelebs""]",48000,https://xeno-canto.org/819329,https://xeno-canto.org/819329/download,
819176,Emberiza citrinella,Yellowhammer,david m,United Kingdom,2023-02-23,07:41,10,C,song,field recording,yes,"[""Fringilla coelebs""]",48000,https://xeno-canto.org/819176,https://xeno-canto.org/819176/download,
818300,Emberiza citrinella,Yellowhammer,david m,United Kingdom,2022-07-11,06:49,27,C,call,field recording,yes,"[""Alauda arvensis"", ""Motacilla flava"", ""Prunella modularis"", ""Alectoris rufa""]",48000,https://xeno-canto.org/818300,https://xeno-canto.org/818300/download,
818299,Emberiza citrinella,Yellowhammer,david m,United Kingdom,2022-07-11,06:48,49,C,call,field recording,yes,"[""Prunella modularis"", ""Corvus corone""]",48000,https://xeno-canto.org/818299,https://xeno-canto.org/818299/download,
817351,Emberiza citrinella,Yellowhammer,david m,United Kingdom,2022-07-01,05:38,32,C,call,field recording,yes,"[""Turdus merula"", ""Phylloscopus collybita""]",48000,https://xeno-canto.org/817351,https://xeno-canto.org/817351/download,
814140,Emberiza citrinella,Yellowhammer,Richard Brahmstaedt,Sweden,2023-07-03,17:59,27,C,song,field recording,yes,[],48000,https://xeno-canto.org/814140,https://xeno-canto.org/814140/download,
811464,Emberiza citrinella,Yellowhammer,Paul Driver,United Kingdom,2023-06-11,07:05,36,C,song,field recording,yes,[],48000,https://xeno-canto.org/811464,https://xeno-canto.org/811464/download,
807532,Emberiza citrinella,Yellowhammer,Jacobo Ramil Millarengo,Spain,2023-05-17,11:00,37,C,song,field recording,yes,"[""Phylloscopus ibericus""]",44100,https://xeno-canto.org/807532,https://xeno-canto.org/807532/download,
807525,Emberiza citrinella,Yellowhammer,Stephan Risch,Germany,2023-05-26,08:49,12,C,,field recording,no,[],32000,https://xeno-canto.org/807525,https://xeno-canto.org/807525/download,
806166,Emberiza citrinella,Yellowhammer,Ansgar Klene,Germany,2023-05-27,11:19,24,C,call,field recording,no,[],44100,https://xeno-canto.org/806166,https://xeno-canto.org/806166/download,
805382,Emberiza citrinella,Yellowhammer,Stephan Risch,Germany,2023-05-24,11:44,26,C,song,field recording,no,[],32000,https://xeno-canto.org/805382,https://xeno-canto.org/805382/download,
804027,Emberiza citrinella,Yellowhammer,LE ROY Renaud,France,2023-05-20,09:00,7,C,song,field recording,no,[],44100,https://xeno-canto.org/804027,https://xeno-canto.org/804027/download,
801372,Emberiza citrinella,Yellowhammer,Grzegorz Lorek,Poland,2023-04-06,08:10,2,C,call,field recording,no,[],44100,https://xeno-canto.org/801372,https://xeno-canto.org/801372/download,
799720,Emberiza citrinella,Yellowhammer,david m,United Kingdom,2022-06-11,07:18,54,C,song,field recording,yes,"[""Curruca communis""]",48000,https://xeno-canto.org/799720,https://xeno-canto.org/799720/download,
798848,Emberiza citrinella,Yellowhammer,Sven Normant,France,2023-05-04,10:30,3,C,song,in the hand,no,[],48000,https://xeno-canto.org/798848,https://xeno-canto.org/798848/download,
792458,Emberiza citrinella,Yellowhammer,Xavier Riera,France,2023-04-04,11:30,27,C,call,field recording,yes,[],48000,https://xeno-canto.org/792458,https://xeno-canto.org/792458/download,
790150,Emberiza citrinella,Yellowhammer,Johannes Dag Mayer,Germany,2012-11-25,08:40,10,C,call,field recording,no,[],22050,https://xeno-canto.org/790150,https://xeno-canto.org/790150/download,
789743,Emberiza citrinella,Yellowhammer,Adam Kuńka,Poland,2023-03-31,09:30,52,C,song,field recording,no,"[""Alauda arvensis"", ""Turdus philomelos""]",48000,https://xeno-canto.org/789743,https://xeno-canto.org/789743/download,
786356,Emberiza citrinella,Yellowhammer,david m,United Kingdom,2023-03-11,07:45,44,C,song,field recording,yes,"[""Fringilla coelebs"", ""Turdus philomelos"", ""Prunella modularis"", ""Corvus corone"", ""Phasianus colchicus""]",48000,https://xeno-canto.org/786356,https://xeno-canto.org/786356/download,
785783,Emberiza citrinella,Yellowhammer,Julien Bottinelli,France,2023-03-11,05:30,5,C,nocturnal flight call,field recording,no,[],44100,https://xeno-canto.org/785783,https://xeno-canto.org/785783/download,
785742,Emberiza citrinella,Yellowhammer,Joachim de Rancourt,France,2021-01-31,11:00,11,C,"call, flight call, song, subsong",field recording,yes,"[""Columba palumbus"", ""Fringilla coelebs"", ""Fulica atra"", ""Certhia brachydactyla"", ""Sturnus vulgaris""]",48000,https://xeno-canto.org/785742,https://xeno-canto.org/785742/download,
785740,Emberiza citrinella,Yellowhammer,Joachim de Rancourt,France,2021-01-31,11:00,11,C,"call, flight call, song, subsong",field recording,yes,"[""Fringilla coelebs""]",48000,https://xeno-canto.org/785740,https://xeno-canto.org/785740/download,
784872,Emberiza citrinella,Yellowhammer,Hannu Varkki,Finland,2022-10-09,09:20,4,C,flight call,field recording,yes,"[""Parus major""]",48000,https://xeno-canto.org/784872,https://xeno-canto.org/784872/download,
783952,Emberiza citrinella,Yellowhammer,Chèvremont Fabian,Belgium,2023-02-25,10:30,22,C,call,field recording,yes,[],44100,https://xeno-canto.org/783952,https://xeno-canto.org/783952/download,
783951,Emberiza citrinella,Yellowhammer,Chèvremont Fabian,Belgium,2023-02-27,10:00,10,C,call,field recording,yes,[],44100,https://xeno-canto.org/783951,https://xeno-canto.org/783951/download,
781835,Emberiza citrinella,Yellowhammer,Sybrand de Bruin,Netherlands,2023-02-21,09:00,58,C,song,field recording,yes,"[""Anser albifrons""]",44100,https://xeno-canto.org/781835,https://xeno-canto.org/781835/download,
780203,Emberiza citrinella,Yellowhammer,Marcin Sołowiej,Poland,2022-04-12,07:30,14,C,song,field recording,yes,"[""Fringilla coelebs"", ""Grus grus"", ""Fringilla montifringilla""]",44100,https://xeno-canto.org/780203,https://xeno-canto.org/780203/download,
775281,Emberiza citrinella,Yellowhammer,david m,United Kingdom,2022-05-18,07:30,31,C,call,field recording,no,"[""Columba palumbus"", ""Phylloscopus trochilus"", ""Turdus philomelos""]",48000,https://xeno-canto.org/775281,https://xeno-canto.org/775281/download,
773699,Emberiza citrinella,Yellowhammer,david m,United Kingdom,2022-05-12,06:35,38,C,call,field recording,yes,"[""Turdus merula"", ""Corvus corone"", ""Linaria cannabina""]",48000,https://xeno-canto.org/773699,https://xeno-canto.org/773699/download,
773688,Emberiza citrinella,Yellowhammer,david m,United Kingdom,2022-05-12,06:01,24,C,call,field recording,yes,"[""Alauda arvensis"", ""Corvus corone"", ""Curruca communis""]",48000,https://xeno-canto.org/773688,https://xeno-canto.org/773688/download,
772268,Emberiza citrinella,Yellowhammer,david m,United Kingdom,2022-04-30,07:04,16,C,song,field recording,yes,"[""Alauda arvensis"", ""Fringilla coelebs"", ""Phasianus colchicus""]",48000,https://xeno-canto.org/772268,https://xeno-canto.org/772268/download,
772054,Emberiza citrinella,Yellowhammer,david m,United Kingdom,2022-12-28,07:54,33,C,call,field recording,no,"[""Corvus corone"", ""Erithacus rubecula""]",48000,https://xeno-canto.org/772054,https://xeno-canto.org/772054/download,
771713,Emberiza citrinella,Yellowhammer,Paul Archer,Ireland,2022-12-26,16:00,33,C,call,field recording,yes,[],44100,https://xeno-canto.org/771713,https://xeno-canto.org/771713/download,
771706,Emberiza citrinella,Yellowhammer,david m,United Kingdom,2022-04-24,07:02,51,C,call,field recording,yes,"[""Columba palumbus"", ""Phasianus colchicus""]",48000,https://xeno-canto.org/771706,https://xeno-canto.org/771706/download,
771635,Emberiza citrinella,Yellowhammer,david m,United Kingdom,2022-04-23,07:46,54,C,call,field recording,yes,"[""Fringilla coelebs"", ""Phylloscopus trochilus"", ""Troglodytes troglodytes""]",48000,https://xeno-canto.org/771635,https://xeno-canto.org/771635/download,
771102,Emberiza citrinella,Yellowhammer,david m,United Kingdom,2022-04-22,06:21,59,C,song,field recording,yes,"[""Fringilla coelebs"", ""Sylvia atricapilla"", ""Carduelis carduelis"", ""Linaria cannabina""]",48000,https://xeno-canto.org/771102,https://xeno-canto.org/771102/download,
770011,Emberiza citrinella,Yellowhammer,Michel Veldt,Netherlands,2021-05-17,21:17,30,C,call,field recording,yes,[],48000,https://xeno-canto.org/770011,https://xeno-canto.org/770011/download,
769938,Emberiza citrinella,Yellowhammer,david m,United Kingdom,2022-04-21,08:35,14,C,call,field recording,yes,"[""Alauda arvensis"", ""Phylloscopus collybita""]",48000,https://xeno-canto.org/769938,https://xeno-canto.org/769938/download,
767326,Emberiza citrinella,Yellowhammer,david m,United Kingdom,2022-04-17,07:17,18,C,call,field recording,yes,"[""Alauda arvensis"", ""Phylloscopus trochilus"", ""Troglodytes troglodytes""]",48000,https://xeno-canto.org/767326,https://xeno-canto.org/767326/download,
764774,Emberiza citrinella,Yellowhammer,Georg Amann,Austria,2022-05-01,07:30,8,C,song,field recording,unknown,[],44100,https://xeno-canto.org/764774,https://xeno-canto.org/764774/download,
764773,Emberiza citrinella,Yellowhammer,Georg Amann,Austria,2022-05-01,07:30,8,C,song,field recording,unknown,[],44100,https://xeno-canto.org/764773,https://xeno-canto.org/764773/download,
764173,Emberiza citrinella,Yellowhammer,david m,United Kingdom,2022-04-13,07:11,40,C,call,field recording,yes,"[""Alauda arvensis"", ""Fringilla coelebs"", ""Troglodytes troglodytes""]",48000,https://xeno-canto.org/764173,https://xeno-canto.org/764173/download,
762193,Emberiza citrinella,Yellowhammer,david m,United Kingdom,2022-03-26,06:23,29,C,call,field recording,yes,"[""Emberiza calandra"", ""Turdus merula"", ""Linaria cannabina""]",48000,https://xeno-canto.org/762193,https://xeno-canto.org/762193/download,
761057,Emberiza citrinella,Yellowhammer,david m,United Kingdom,2022-03-19,08:00,14,C,call,field recording,yes,"[""Columba palumbus"", ""Fringilla coelebs"", ""Corvus corone"", ""Linaria cannabina""]",48000,https://xeno-canto.org/761057,https://xeno-canto.org/761057/download,
760439,Emberiza citrinella,Yellowhammer,david m,United Kingdom,2022-03-11,07:26,58,C,call,field recording,yes,"[""Alauda arvensis"", ""Turdus merula"", ""Corvus corone"", ""Phasianus colchicus""]",48000,https://xeno-canto.org/760439,https://xeno-canto.org/760439/download,
760339,Emberiza citrinella,Yellowhammer,david m,United Kingdom,2022-03-09,07:57,28,C,call,field recording,yes,"[""Alauda arvensis"", ""Fringilla coelebs"", ""Troglodytes troglodytes""]",48000,https://xeno-canto.org/760339,https://xeno-canto.org/760339/download,
759878,Emberiza citrinella,Yellowhammer,Niels Van Doninck,Belgium,2022-10-23,08:25,9,C,flight call,field recording,yes,"[""Emberiza schoeniclus""]",48000,https://xeno-canto.org/759878,https://xeno-canto.org/759878/download,
759856,Emberiza citrinella,Yellowhammer,david m,United Kingdom,2022-03-08,08:31,19,C,song,field recording,yes,"[""Fringilla coelebs"", ""Prunella modularis"", ""Larus argentatus"", ""Corvus corone""]",48000,https://xeno-canto.org/759856,https://xeno-canto.org/759856/download,
759641,Emberiza citrinella,Yellowhammer,david m,United Kingdom,2022-01-06,08:31,23,C,song,field recording,yes,"[""Fringilla coelebs"", ""Phasianus colchicus""]",48000,https://xeno-canto.org/759641,https://xeno-canto.org/759641/download,
759576,Emberiza citrinella,Yellowhammer,david m,United Kingdom,2022-03-06,07:40,32,C,song,field recording,yes,"[""Alauda arvensis"", ""Turdus merula"", ""Larus argentatus""]",48000,https://xeno-canto.org/759576,https://xeno-canto.org/759576/download,
759569,Emberiza citrinella,Yellowhammer,david m,United Kingdom,2022-03-06,07:10,55,C,song,field recording,yes,"[""Columba palumbus"", ""Fringilla coelebs"", ""Corvus corone"", ""Parus major"", ""Troglodytes troglodytes""]",48000,https://xeno-canto.org/759569,https://xeno-canto.org/759569/download,
759305,Emberiza citrinella,Yellowhammer,david m,United Kingdom,2022-01-22,07:48,44,C,"call, wing beats",field recording,yes,"[""Fringilla coelebs"", ""Corvus corone"", ""Corvus frugilegus""]",48000,https://xeno-canto.org/759305,https://xeno-canto.org/759305/download,
759110,Emberiza citrinella,Yellowhammer,Julien Bottinelli,France,2022-10-30,02:30,7,C,nocturnal flight call,field recording,no,[],44100,https://xeno-canto.org/759110,https://xeno-canto.org/759110/download,
758707,Emberiza citrinella,Yellowhammer,david m,United Kingdom,2012-11-23,07:11,22,C,call,field recording,yes,"[""Corvus corone"", ""Phasianus colchicus""]",48000,https://xeno-canto.org/758707,https://xeno-canto.org/758707/download,
758705,Emberiza citrinella,Yellowhammer,david m,United Kingdom,2012-11-23,07:07,32,C,call,field recording,yes,"[""Turdus pilaris"", ""Turdus merula"", ""Corvus frugilegus"", ""Anthus pratensis""]",48000,https://xeno-canto.org/758705,https://xeno-canto.org/758705/download,
757695,Emberiza citrinella,Yellowhammer,Jon Sparshott,United Kingdom,2022-10-25,07:45,21,C,flight call,field recording,yes,"[""Anthus pratensis"", ""Carduelis carduelis"", ""Troglodytes troglodytes"", ""Spinus spinus""]",44100,https://xeno-canto.org/757695,https://xeno-canto.org/757695/download,
753845,Emberiza citrinella,Yellowhammer,david m,United Kingdom,2021-08-03,06:07,30,C,song,field recording,yes,"[""Columba palumbus"", ""Troglodytes troglodytes"", ""Linaria cannabina""]",48000,https://xeno-canto.org/753845,https://xeno-canto.org/753845/download,
753380,Emberiza citrinella,Yellowhammer,david m,United Kingdom,2021-07-27,07:12,13,C,song,field recording,yes,"[""Troglodytes troglodytes"", ""Phylloscopus collybita""]",48000,https://xeno-canto.org/753380,https://xeno-canto.org/753380/download,
753125,Emberiza citrinella,Yellowhammer,david m,United Kingdom,2021-07-26,07:34,58,C,song,field recording,yes,[],48000,https://xeno-canto.org/753125,https://xeno-canto.org/753125/download,
753116,Emberiza citrinella,Yellowhammer,david m,United Kingdom,2021-07-26,06:04,38,C,song,field recording,yes,"[""Corvus corone"", ""Troglodytes troglodytes"", ""Linaria cannabina""]",48000,https://xeno-canto.org/753116,https://xeno-canto.org/753116/download,
749431,Emberiza citrinella,Yellowhammer,david m,United Kingdom,2021-07-03,07:34,53,C,song,field recording,yes,"[""Alauda arvensis"", ""Columba palumbus"", ""Fringilla coelebs"", ""Turdus merula"", ""Troglodytes troglodytes"", ""Phasianus colchicus""]",48000,https://xeno-canto.org/749431,https://xeno-canto.org/749431/download,
747056,Emberiza citrinella,Yellowhammer,Marta Celej,France,2022-09-06,05:30,30,C,nocturnal flight call,field recording,unknown,[],44100,https://xeno-canto.org/747056,https://xeno-canto.org/747056/download,
746960,Emberiza citrinella,Yellowhammer,Ad Hilders,Denmark,2022-08-06,05:06,7,C,call,field recording,no,[],44100,https://xeno-canto.org/746960,https://xeno-canto.org/746960/download,
746959,Emberiza citrinella,Yellowhammer,Ad Hilders,Denmark,2022-08-06,05:06,7,C,call,field recording,no,[],44100,https://xeno-canto.org/746959,https://xeno-canto.org/746959/download,
746958,Emberiza citrinella,Yellowhammer,Ad Hilders,Denmark,2022-08-06,05:03,4,C,call,field recording,no,[],44100,https://xeno-canto.org/746958,https://xeno-canto.org/746958/download,
745406,Emberiza citrinella,Yellowhammer,Jean Christophe Pratt ,France,2022-07-10,07:00,15,C,dawn song,field recording,no,[],48000,https://xeno-canto.org/745406,https://xeno-canto.org/745406/download,
745262,Emberiza citrinella,Yellowhammer,Julien Bottinelli,France,2022-08-25,04:00,17,C,nocturnal flight call,field recording,no,[],44100,https://xeno-canto.org/745262,https://xeno-canto.org/745262/download,
744368,Emberiza citrinella,Yellowhammer,Georg Amann,Austria,2022-08-22,08:00,21,C,begging call,field recording,unknown,[],44100,https://xeno-canto.org/744368,https://xeno-canto.org/744368/download,
744367,Emberiza citrinella,Yellowhammer,Georg Amann,Austria,2022-08-21,19:30,23,C,begging call,field recording,unknown,[],44100,https://xeno-canto.org/744367,https://xeno-canto.org/744367/download,
744366,Emberiza citrinella,Yellowhammer,Georg Amann,Austria,2022-08-21,19:30,7,C,begging call,field recording,unknown,[],44100,https://xeno-canto.org/744366,https://xeno-canto.org/744366/download,
743944,Emberiza citrinella,Yellowhammer,david m,United Kingdom,2021-06-19,06:07,45,C,song,field recording,yes,"[""Alauda arvensis"", ""Turdus merula"", ""Corvus corone"", ""Curruca communis""]",48000,https://xeno-canto.org/743944,https://xeno-canto.org/743944/download,
737521,Emberiza citrinella,Yellowhammer,Andrew Harrop,United Kingdom,2022-07-14,15:00,15,C,song,field recording,yes,[],44100,https://xeno-canto.org/737521,https://xeno-canto.org/737521/download,
735468,Emberiza citrinella,Yellowhammer,Ireneusz Oleksik,Poland,2022-06-26,08:00,48,C,begging call,field recording,yes,"[""Cyanistes caeruleus"", ""Fringilla coelebs"", ""Buteo buteo"", ""Erithacus rubecula"", ""Dendrocopos major""]",48000,https://xeno-canto.org/735468,https://xeno-canto.org/735468/download,
735031,Emberiza citrinella,Yellowhammer,david m,United Kingdom,2021-06-03,06:14,46,C,call,field recording,yes,"[""Turdus philomelos"", ""Sylvia atricapilla"", ""Linaria cannabina""]",48000,https://xeno-canto.org/735031,https://xeno-canto.org/735031/download,
726887,Emberiza citrinella,Yellowhammer,david m,United Kingdom,2022-04-29,07:56,39,C,call,field recording,yes,[],48000,https://xeno-canto.org/726887,https://xeno-canto.org/726887/download,
726776,Emberiza citrinella,Yellowhammer,david m,United Kingdom,2021-05-21,06:38,33,C,song,field recording,yes,"[""Fringilla coelebs"", ""Troglodytes troglodytes"", ""Phasianus colchicus""]",48000,https://xeno-canto.org/726776,https://xeno-canto.org/726776/download,
724887,Emberiza citrinella,Yellowhammer,Franck Hollander,Germany,2022-05-13,03:00,10,C,nocturnal flight call,field recording,unknown,[],44100,https://xeno-canto.org/724887,https://xeno-canto.org/724887/download,
720098,Emberiza citrinella,Yellowhammer,david m,United Kingdom,2022-04-25,06:10,11,C,call,field recording,yes,"[""Curruca curruca"", ""Linaria cannabina""]",48000,https://xeno-canto.org/720098,https://xeno-canto.org/720098/download,
719700,Emberiza citrinella,Yellowhammer,david m,United Kingdom,2022-04-24,06:02,51,C,call,field recording,yes,"[""Alauda arvensis"", ""Phasianus colchicus""]",48000,https://xeno-canto.org/719700,https://xeno-canto.org/719700/download,
714127,Emberiza citrinella,Yellowhammer,LE ROY Renaud,France,2021-06-27,09:00,33,C,song,field recording,yes,[],44100,https://xeno-canto.org/714127,https://xeno-canto.org/714127/download,
713512,Emberiza citrinella,Yellowhammer,Georg Amann,Austria,2022-04-06,06:30,19,C,call,field recording,unknown,[],44100,https://xeno-canto.org/713512,https://xeno-canto.org/713512/download,
709838,Emberiza citrinella,Yellowhammer,Frédéric Cazaban,France,2022-03-20,04:45,5,C,nocturnal flight call,field recording,no,[],44100,https://xeno-canto.org/709838,https://xeno-canto.org/709838/download,
708605,Emberiza citrinella,Yellowhammer,August Thomasson,Sweden,2022-03-15,02:00,13,C,"call, flight call, nocturnal flight call",field recording,unknown,[],44100,https://xeno-canto.org/708605,https://xeno-canto.org/708605/download,
704357,Emberiza citrinella,Yellowhammer,david m,United Kingdom,2021-04-25,08:29,39,C,call,field recording,yes,"[""Fringilla coelebs"", ""Prunella modularis"", ""Curruca communis""]",48000,https://xeno-canto.org/704357,https://xeno-canto.org/704357/download,
704354,Emberiza citrinella,Yellowhammer,david m,United Kingdom,2021-04-25,08:14,14,C,song,field recording,yes,"[""Cyanistes caeruleus"", ""Fringilla coelebs""]",48000,https://xeno-canto.org/704354,https://xeno-canto.org/704354/download,
704272,Emberiza citrinella,Yellowhammer,david m,United Kingdom,2021-04-25,08:06,53,C,song,field recording,yes,"[""Alauda arvensis"", ""Columba palumbus"", ""Fringilla coelebs"", ""Corvus corone"", ""Phasianus colchicus""]",48000,https://xeno-canto.org/704272,https://xeno-canto.org/704272/download,
704271,Emberiza citrinella,Yellowhammer,david m,United Kingdom,2021-04-25,08:04,14,C,song,field recording,yes,"[""Fringilla coelebs""]",48000,https://xeno-canto.org/704271,https://xeno-canto.org/704271/download,
704050,Emberiza citrinella,Yellowhammer,Cedric Mroczko,France,2022-02-23,05:20,2,C,nocturnal flight call,field recording,no,[],48000,https://xeno-canto.org/704050,https://xeno-canto.org/704050/download,
698730,Emberiza citrinella,Yellowhammer,Lars Mogensen,Denmark,2022-01-25,02:00,2,C,"flight call, nocturnal flight call",field recording,unknown,[],44100,https://xeno-canto.org/698730,https://xeno-canto.org/698730/download,
697875,Emberiza citrinella,Yellowhammer,david m,United Kingdom,2021-04-17,07:08,38,C,call,field recording,yes,"[""Columba palumbus"", ""Fringilla coelebs"", ""Prunella modularis"", ""Erithacus rubecula"", ""Alectoris rufa"", ""Troglodytes troglodytes"", ""Phasianus colchicus""]",48000,https://xeno-canto.org/697875,https://xeno-canto.org/697875/download,
697414,Emberiza citrinella,Yellowhammer,david m,United Kingdom,2021-04-13,06:47,15,C,call,field recording,yes,"[""Alauda arvensis"", ""Phasianus colchicus""]",48000,https://xeno-canto.org/697414,https://xeno-canto.org/697414/download,
696532,Emberiza citrinella,Yellowhammer,david m,United Kingdom,2021-04-09,07:18,9,C,call,field recording,yes,"[""Alauda arvensis"", ""Emberiza calandra"", ""Linaria cannabina""]",48000,https://xeno-canto.org/696532,https://xeno-canto.org/696532/download,
696522,Emberiza citrinella,Yellowhammer,david m,United Kingdom,2021-04-09,07:03,18,C,"call, song",field recording,yes,"[""Columba palumbus"", ""Turdus merula"", ""Alectoris rufa"", ""Phasianus colchicus""]",48000,https://xeno-canto.org/696522,https://xeno-canto.org/696522/download,
696069,Emberiza citrinella,Yellowhammer,david m,United Kingdom,2021-04-06,07:07,9,C,call,field recording,yes,[],48000,https://xeno-canto.org/696069,https://xeno-canto.org/696069/download,
695349,Emberiza citrinella,Yellowhammer,david m,United Kingdom,2021-04-03,08:33,19,C,call,field recording,yes,"[""Alauda arvensis""]",48000,https://xeno-canto.org/695349,https://xeno-canto.org/695349/download,
695337,Emberiza citrinella,Yellowhammer,david m,United Kingdom,2021-04-03,08:01,51,C,call,field recording,yes,"[""Emberiza calandra"", ""Turdus philomelos"", ""Corvus corone"", ""Alectoris rufa""]",48000,https://xeno-canto.org/695337,https://xeno-canto.org/695337/download,
694772,Emberiza citrinella,Yellowhammer,david m,United Kingdom,2021-03-31,08:18,30,C,call,field recording,yes,"[""Cyanistes caeruleus"", ""Fringilla coelebs"", ""Emberiza citrinella""]",48000,https://xeno-canto.org/694772,https://xeno-canto.org/694772/download,
694267,Emberiza citrinella,Yellowhammer,david m,United Kingdom,2021-03-26,07:08,34,C,call,field recording,yes,[],48000,https://xeno-canto.org/694267,https://xeno-canto.org/694267/download,
694266,Emberiza citrinella,Yellowhammer,david m,United Kingdom,2021-03-26,06:57,27,C,call,field recording,yes,"[""Columba palumbus"", ""Fringilla coelebs"", ""Corvus corone"", ""Troglodytes troglodytes""]",48000,https://xeno-canto.org/694266,https://xeno-canto.org/694266/download,
693257,Emberiza citrinella,Yellowhammer,david m,United Kingdom,2021-03-24,08:00,21,C,song,field recording,yes,"[""Fringilla coelebs""]",48000,https://xeno-canto.org/693257,https://xeno-canto.org/693257/download,
692133,Emberiza citrinella,Yellowhammer,brickegickel,Germany,2021-12-18,09:00,2,C,call,field recording,yes,[],48000,https://xeno-canto.org/692133,https://xeno-canto.org/692133/download,
691550,Emberiza citrinella,Yellowhammer,Lars Mogensen,Denmark,2021-12-14,22:00,3,C,"flight call, nocturnal flight call",field recording,unknown,[],44100,https://xeno-canto.org/691550,https://xeno-canto.org/691550/download,
691430,Emberiza citrinella,Yellowhammer,david m,United Kingdom,2021-03-21,07:06,24,C,call,field recording,yes,"[""Alauda arvensis"", ""Columba palumbus"", ""Turdus merula"", ""Troglodytes troglodytes"", ""Phasianus colchicus""]",48000,https://xeno-canto.org/691430,https://xeno-canto.org/691430/download,
690584,Emberiza citrinella,Yellowhammer,david m,United Kingdom,2021-03-15,08:14,27,C,"call, song",field recording,yes,"[""Alauda arvensis"", ""Fringilla coelebs"", ""Larus argentatus""]",48000,https://xeno-canto.org/690584,https://xeno-canto.org/690584/download,
690267,Emberiza citrinella,Yellowhammer,david m,United Kingdom,2021-03-14,07:16,36,C,song,field recording,yes,"[""Columba palumbus"", ""Fringilla coelebs"", ""Corvus corone""]",48000,https://xeno-canto.org/690267,https://xeno-canto.org/690267/download,
687283,Emberiza citrinella,Yellowhammer,Lars Mogensen,Denmark,2021-11-16,21:30,12,C,nocturnal flight call,field recording,unknown,[],44100,https://xeno-canto.org/687283,https://xeno-canto.org/687283/download,
686142,Emberiza citrinella,Yellowhammer,Cedric Mroczko,France,2021-11-13,07:10,14,C,call,field recording,no,"[""Turdus merula"", ""Erithacus rubecula""]",44100,https://xeno-canto.org/686142,https://xeno-canto.org/686142/download,
685899,Emberiza citrinella,Yellowhammer,Frank Roos,Netherlands,2021-07-00,13:05,6,C,song,field recording,no,[],44100,https://xeno-canto.org/685899,https://xeno-canto.org/685899/download,
684313,Emberiza citrinella,Yellowhammer,david m,United Kingdom,2021-02-25,08:34,25,C,song,field recording,yes,"[""Fringilla coelebs"", ""Emberiza calandra"", ""Corvus corone""]",48000,https://xeno-canto.org/684313,https://xeno-canto.org/684313/download,
684312,Emberiza citrinella,Yellowhammer,david m,United Kingdom,2021-02-25,08:32,26,C,call,field recording,yes,[],48000,https://xeno-canto.org/684312,https://xeno-canto.org/684312/download,
683691,Emberiza citrinella,Yellowhammer,david m,United Kingdom,2021-02-24,07:58,30,C,song,field recording,yes,"[""Alauda arvensis"", ""Fringilla coelebs"", ""Troglodytes troglodytes""]",48000,https://xeno-canto.org/683691,https://xeno-canto.org/683691/download,
683688,Emberiza citrinella,Yellowhammer,david m,United Kingdom,2021-02-24,07:49,45,C,song,field recording,yes,"[""Alauda arvensis"", ""Fringilla coelebs""]",48000,https://xeno-canto.org/683688,https://xeno-canto.org/683688/download,
683674,Emberiza citrinella,Yellowhammer,david m,United Kingdom,2021-02-24,07:02,38,C,song,field recording,yes,"[""Turdus philomelos"", ""Prunella modularis"", ""Corvus corone""]",48000,https://xeno-canto.org/683674,https://xeno-canto.org/683674/download,
683673,Emberiza citrinella,Yellowhammer,david m,United Kingdom,2021-02-24,07:02,6,C,song,field recording,yes,"[""Turdus philomelos"", ""Corvus corone""]",48000,https://xeno-canto.org/683673,https://xeno-canto.org/683673/download,
683337,Emberiza citrinella,Yellowhammer,david m,United Kingdom,2021-02-22,08:27,15,C,song,field recording,yes,"[""Alauda arvensis""]",48000,https://xeno-canto.org/683337,https://xeno-canto.org/683337/download,
683264,Emberiza citrinella,Yellowhammer,Peter Boesman,Belgium,2021-10-24,10:00,23,C,"call, flight call",field recording,unknown,[],48000,https://xeno-canto.org/683264,https://xeno-canto.org/683264/download,
683257,Emberiza citrinella,Yellowhammer,Peter Boesman,Belgium,2021-10-24,09:30,19,C,call,field recording,unknown,[],48000,https://xeno-canto.org/683257,https://xeno-canto.org/683257/download,
683190,Emberiza citrinella,Yellowhammer,david m,United Kingdom,2021-02-22,07:09,11,C,song,field recording,yes,"[""Columba palumbus"", ""Turdus philomelos"", ""Prunella modularis"", ""Troglodytes troglodytes""]",48000,https://xeno-canto.org/683190,https://xeno-canto.org/683190/download,
682917,Emberiza citrinella,Yellowhammer,Stanislas Wroza,France,2021-10-24,09:00,11,C,"flight call, bird in migration",field recording,yes,[],48000,https://xeno-canto.org/682917,https://xeno-canto.org/682917/download,
682712,Emberiza citrinella,Yellowhammer,MILLON Xavier,France,2021-10-23,07:11,2,C,nocturnal flight call,field recording,unknown,[],44100,https://xeno-canto.org/682712,https://xeno-canto.org/682712/download,
682711,Emberiza citrinella,Yellowhammer,MILLON Xavier,France,2021-10-23,03:17,13,C,nocturnal flight call,field recording,unknown,[],44100,https://xeno-canto.org/682711,https://xeno-canto.org/682711/download,
682225,Emberiza citrinella,Yellowhammer,david m,United Kingdom,2021-02-21,07:34,23,C,call,field recording,yes,"[""Fringilla coelebs""]",48000,https://xeno-canto.org/682225,https://xeno-canto.org/682225/download,
680325,Emberiza citrinella,Yellowhammer,Robert Ekman,Sweden,2021-10-14,11:11,4,C,"call, flight call",field recording,unknown,[],44100,https://xeno-canto.org/680325,https://xeno-canto.org/680325/download,
680323,Emberiza citrinella,Yellowhammer,Robert Ekman,Sweden,2021-10-14,11:01,3,C,"call, flight call",field recording,unknown,[],44100,https://xeno-canto.org/680323,https://xeno-canto.org/680323/download,
680321,Emberiza citrinella,Yellowhammer,Robert Ekman,Sweden,2021-10-14,10:59,7,C,"call, flight call",field recording,unknown,[],44100,https://xeno-canto.org/680321,https://xeno-canto.org/680321/download,
680047,Emberiza citrinella,Yellowhammer,Lluís Brotons,Spain,2021-10-12,07:00,6,C,nocturnal flight call,field recording,no,[],48000,https://xeno-canto.org/680047,https://xeno-canto.org/680047/download,
678239,Emberiza citrinella,Yellowhammer,Tristan Guillebot de Nerville,France,2021-03-09,18:40,18,C,song,field recording,yes,"[""Corvus frugilegus""]",44100,https://xeno-canto.org/678239,https://xeno-canto.org/678239/download,
672906,Emberiza citrinella,Yellowhammer,Georg Amann,Austria,2021-09-06,20:15,7,C,call,field recording,yes,[],44100,https://xeno-canto.org/672906,https://xeno-canto.org/672906/download,
672230,Emberiza citrinella,Yellowhammer,Grzegorz Lorek,Poland,2021-06-21,07:22,2,C,song,field recording,no,[],44100,https://xeno-canto.org/672230,https://xeno-canto.org/672230/download,
671144,Emberiza citrinella,Yellowhammer,Marta Celej,France,2021-08-29,03:30,2,C,nocturnal flight call,field recording,unknown,[],44100,https://xeno-canto.org/671144,https://xeno-canto.org/671144/download,
668657,Emberiza citrinella,Yellowhammer,Xavier Riera,Spain,2021-08-10,10:30,25,C,call,field recording,yes,[],48000,https://xeno-canto.org/668657,https://xeno-canto.org/668657/download,
661106,Emberiza citrinella,Yellowhammer,david m,United Kingdom,2021-06-29,06:46,42,C,call,field recording,yes,"[""Alauda arvensis"", ""Columba palumbus"", ""Prunella modularis"", ""Troglodytes troglodytes""]",48000,https://xeno-canto.org/661106,https://xeno-canto.org/661106/download,
661103,Emberiza citrinella,Yellowhammer,david m,United Kingdom,2021-06-29,06:44,52,C,call,field recording,yes,"[""Alauda arvensis"", ""Fringilla coelebs"", ""Emberiza citrinella"", ""Troglodytes troglodytes"", ""Linaria cannabina""]",48000,https://xeno-canto.org/661103,https://xeno-canto.org/661103/download,
660387,Emberiza citrinella,Yellowhammer,Simon Elliott,United Kingdom,2021-06-29,12:30,8,C,flight call,field recording,yes,"[""Buteo buteo""]",48000,https://xeno-canto.org/660387,https://xeno-canto.org/660387/download,
658849,Emberiza citrinella,Yellowhammer,david m,United Kingdom,2021-05-05,07:04,50,C,song,field recording,yes,"[""Alauda arvensis"", ""Fringilla coelebs"", ""Phasianus colchicus""]",48000,https://xeno-canto.org/658849,https://xeno-canto.org/658849/download,
658597,Emberiza citrinella,Yellowhammer,per-anders svensson,Sweden,2021-06-23,06:00,20,C,song,field recording,no,"[""Cyanistes caeruleus"", ""Acanthis flammea"", ""Corvus corax""]",44100,https://xeno-canto.org/658597,https://xeno-canto.org/658597/download,
657507,Emberiza citrinella,Yellowhammer,Camille Monnet,France,2021-03-21,14:00,3,C,call,field recording,yes,[],44100,https://xeno-canto.org/657507,https://xeno-canto.org/657507/download,
653386,Emberiza citrinella,Yellowhammer,per-anders svensson,Sweden,2021-06-01,05:25,18,C,call,field recording,no,[],44100,https://xeno-canto.org/653386,https://xeno-canto.org/653386/download,
652984,Emberiza citrinella,Yellowhammer,Cedric Mroczko,France,2021-05-15,15:25,52,C,call,field recording,yes,"[""Regulus ignicapilla"", ""Phoenicurus ochruros"", ""Fringilla coelebs"", ""Turdus merula"", ""Gryllus campestris""]",44100,https://xeno-canto.org/652984,https://xeno-canto.org/652984/download,
652806,Emberiza citrinella,Yellowhammer,Karol Łanocha,Poland,2021-05-29,18:50,27,C,song,field recording,no,"[""Turdus pilaris"", ""Sylvia atricapilla"", ""Turdus merula""]",44100,https://xeno-canto.org/652806,https://xeno-canto.org/652806/download,
650691,Emberiza citrinella,Yellowhammer,Hans Groot,Netherlands,2020-10-23,10:00,11,C,flight call,field recording,yes,"[""Anthus pratensis""]",44100,https://xeno-canto.org/650691,https://xeno-canto.org/650691/download,
642910,Emberiza citrinella,Yellowhammer,Ireneusz Oleksik,Poland,2021-04-26,19:41,25,C,alarm call,field recording,yes,"[""Fringilla coelebs""]",48000,https://xeno-canto.org/642910,https://xeno-canto.org/642910/download,
642909,Emberiza citrinella,Yellowhammer,Ireneusz Oleksik,Poland,2021-04-26,19:40,24,C,alarm call,field recording,yes,[],48000,https://xeno-canto.org/642909,https://xeno-canto.org/642909/download,
641615,Emberiza citrinella,Yellowhammer,Martin Fousert,Netherlands,2021-04-14,0:41,2,C,nocturnal flight call,field recording,unknown,[],44100,https://xeno-canto.org/641615,https://xeno-canto.org/641615/download,
639079,Emberiza citrinella,Yellowhammer,Dan Lombard,United Kingdom,2020-05-04,08:00,4,C,song,field recording,yes,[],44100,https://xeno-canto.org/639079,https://xeno-canto.org/639079/download,
636060,Emberiza citrinella,Yellowhammer,Florian Kubala,France,2021-03-01,07:30,27,C,song,field recording,yes,[],48000,https://xeno-canto.org/636060,https://xeno-canto.org/636060/download,
635039,Emberiza citrinella,Yellowhammer,Sven Kransel,Germany,2021-04-02,07:59,22,C,song,field recording,no,"[""Columba palumbus"", ""Parus major"", ""Phylloscopus collybita"", ""Phasianus colchicus"", ""Anas platyrhynchos""]",44100,https://xeno-canto.org/635039,https://xeno-canto.org/635039/download,
633499,Emberiza citrinella,Yellowhammer,Juha Saari,Finland,2021-03-29,04:39,10,C,nocturnal flight call,field recording,no,"[""Turdus merula""]",44100,https://xeno-canto.org/633499,https://xeno-canto.org/633499/download,
633255,Emberiza citrinella,Yellowhammer,Stanislas Wroza,France,2021-03-26,07:30,17,C,"flight call, quick flight calls",field recording,yes,[],48000,https://xeno-canto.org/633255,https://xeno-canto.org/633255/download,
632605,Emberiza citrinella,Yellowhammer,Frédéric Cazaban,France,2021-03-09,05:08,13,C,nocturnal flight call,field recording,no,[],44100,https://xeno-canto.org/632605,https://xeno-canto.org/632605/download,
632604,Emberiza citrinella,Yellowhammer,Frédéric Cazaban,France,2021-03-07,06:31,19,C,nocturnal flight call,field recording,no,[],44100,https://xeno-canto.org/632604,https://xeno-canto.org/632604/download,
631523,Emberiza citrinella,Yellowhammer,Peter Boesman,Belgium,2021-03-24,09:00,33,C,call,field recording,unknown,[],44100,https://xeno-canto.org/631523,https://xeno-canto.org/631523/download,
630473,Emberiza citrinella,Yellowhammer,Marcel Tenhaeff,Germany,2018-03-26,05:30,19,C,"flight call, nocturnal flight call",field recording,no,[],44100,https://xeno-canto.org/630473,https://xeno-canto.org/630473/download,
627237,Emberiza citrinella,Yellowhammer,Georg Amann,Austria,2021-03-07,10:30,24,C,call,field recording,yes,[],48000,https://xeno-canto.org/627237,https://xeno-canto.org/627237/download,
627236,Emberiza citrinella,Yellowhammer,Georg Amann,Austria,2021-03-07,10:30,51,C,call,field recording,yes,[],48000,https://xeno-canto.org/627236,https://xeno-canto.org/627236/download,
624849,Emberiza citrinella,Yellowhammer,johannes buhl,Germany,2021-02-20,?,54,C,call,field recording,no,"[""Parus major"", ""Sturnus vulgaris""]",44100,https://xeno-canto.org/624849,https://xeno-canto.org/624849/download,
624705,Emberiza citrinella,Yellowhammer,Andrej Binz,Switzerland,2021-02-26,10:30,22,C,song,field recording,yes,"[""Fulica atra"", ""Corvus corone"", ""Troglodytes troglodytes""]",48000,https://xeno-canto.org/624705,https://xeno-canto.org/624705/download,
624199,Emberiza citrinella,Yellowhammer,Chris Batty,United Kingdom,2020-09-28,07:55,8,C,"call, flight call",field recording,no,"[""Cyanistes caeruleus"", ""Anser anser""]",44100,https://xeno-canto.org/624199,https://xeno-canto.org/624199/download,
624198,Emberiza citrinella,Yellowhammer,Chris Batty,United Kingdom,2020-08-07,08:00,5,C,"call, flight call",field recording,no,"[""Larus argentatus"", ""Haematopus ostralegus""]",44100,https://xeno-canto.org/624198,https://xeno-canto.org/624198/download,
624196,Emberiza citrinella,Yellowhammer,Chris Batty,United Kingdom,2020-03-25,13:15,6,C,"call, flight call",field recording,no,[],44100,https://xeno-canto.org/624196,https://xeno-canto.org/624196/download,
624195,Emberiza citrinella,Yellowhammer,Chris Batty,United Kingdom,2020-03-14,08:23,16,C,"call, flight call",field recording,no,"[""Prunella modularis"", ""Sturnus vulgaris""]",44100,https://xeno-canto.org/624195,https://xeno-canto.org/624195/download,
624194,Emberiza citrinella,Yellowhammer,Chris Batty,United Kingdom,2020-03-06,07:44,15,C,"call, flight call",field recording,no,"[""Passer montanus"", ""Passer domesticus""]",44100,https://xeno-canto.org/624194,https://xeno-canto.org/624194/download,
621966,Emberiza citrinella,Yellowhammer,Marta Celej,Poland,2015-05-15,09:30,13,C,call,field recording,unknown,[],44100,https://xeno-canto.org/621966,https://xeno-canto.org/621966/download,
619698,Emberiza citrinella,Yellowhammer,Lluís Brotons,Spain,2021-02-05,07:30,23,C,nocturnal flight call,field recording,no,[],48000,https://xeno-canto.org/619698,https://xeno-canto.org/619698/download,
612760,Emberiza citrinella,Yellowhammer,Joost van Bruggen,Netherlands,2019-10-30,03:27,5,C,nocturnal flight call,field recording,no,[],48000,https://xeno-canto.org/612760,https://xeno-canto.org/612760/download,
612323,Emberiza citrinella,Yellowhammer,Franck Hollander,Germany,2020-11-25,04:00,2,C,nocturnal flight call,field recording,unknown,[],48000,https://xeno-canto.org/612323,https://xeno-canto.org/612323/download,
610276,Emberiza citrinella,Yellowhammer,david m,United Kingdom,2020-06-22,08:14,39,C,song,field recording,yes,"[""Alauda arvensis"", ""Columba palumbus"", ""Turdus merula"", ""Corvus frugilegus""]",48000,https://xeno-canto.org/610276,https://xeno-canto.org/610276/download,
610264,Emberiza citrinella,Yellowhammer,david m,United Kingdom,2020-06-22,06:59,19,C,song,field recording,yes,"[""Alauda arvensis"", ""Troglodytes troglodytes"", ""Phasianus colchicus""]",48000,https://xeno-canto.org/610264,https://xeno-canto.org/610264/download,
609988,Emberiza citrinella,Yellowhammer,LE ROY Renaud,France,2020-12-16,02:00,26,C,nocturnal flight call,field recording,no,[],44100,https://xeno-canto.org/609988,https://xeno-canto.org/609988/download,
608387,Emberiza citrinella,Yellowhammer,Testaert Dominique,France,2020-11-03,10:39,23,C,flight call,field recording,no,[],48000,https://xeno-canto.org/608387,https://xeno-canto.org/608387/download,
607660,Emberiza citrinella,Yellowhammer,david m,United Kingdom,2020-06-08,07:48,48,C,song,field recording,yes,"[""Fringilla coelebs"", ""Emberiza calandra"", ""Turdus merula"", ""Prunella modularis"", ""Alectoris rufa""]",48000,https://xeno-canto.org/607660,https://xeno-canto.org/607660/download,
607474,Emberiza citrinella,Yellowhammer,Robert Ekman,Sweden,2020-12-07,10:21,6,C,"call, flight call, nocturnal flight call",field recording,unknown,[],44100,https://xeno-canto.org/607474,https://xeno-canto.org/607474/download,
607468,Emberiza citrinella,Yellowhammer,Robert Ekman,Sweden,2020-12-07,10:21,54,C,"call, flight call",field recording,unknown,[],44100,https://xeno-canto.org/607468,https://xeno-canto.org/607468/download,
606238,Emberiza citrinella,Yellowhammer,Niels Van Doninck,Norway,2020-07-02,16:45,2,C,call,field recording,no,"[""Turdus iliacus""]",48000,https://xeno-canto.org/606238,https://xeno-canto.org/606238/download,
605268,Emberiza citrinella,Yellowhammer,david m,United Kingdom,2020-05-27,06:46,23,C,call,field recording,yes,"[""Fringilla coelebs"", ""Phylloscopus trochilus"", ""Turdus philomelos"", ""Alectoris rufa""]",48000,https://xeno-canto.org/605268,https://xeno-canto.org/605268/download,
603996,Emberiza citrinella,Yellowhammer,Kévin Giraudin,France,2020-11-05,04:43,16,C,nocturnal flight call,field recording,unknown,[],48000,https://xeno-canto.org/603996,https://xeno-canto.org/603996/download,
603825,Emberiza citrinella,Yellowhammer,Baltasar Pinheiro,Sweden,2020-11-18,08:45,41,C,call,field recording,yes,[],44100,https://xeno-canto.org/603825,https://xeno-canto.org/603825/download,
603001,Emberiza citrinella,Yellowhammer,Bram Vogels,Belgium,2020-11-04,08:00,16,C,flight call,field recording,yes,[],44100,https://xeno-canto.org/603001,https://xeno-canto.org/603001/download,
602327,Emberiza citrinella,Yellowhammer,Calum Mckellar,United Kingdom,2020-11-13,07:22,12,C,flight call,field recording,yes,[],44100,https://xeno-canto.org/602327,https://xeno-canto.org/602327/download,
602187,Emberiza citrinella,Yellowhammer,Kévin Giraudin,France,2020-10-31,04:30,21,C,nocturnal flight call,field recording,unknown,[],48000,https://xeno-canto.org/602187,https://xeno-canto.org/602187/download,
600834,Emberiza citrinella,Yellowhammer,Ireneusz Oleksik,Poland,2020-11-07,05:28,12,C,nocturnal flight call,field recording,no,[],48000,https://xeno-canto.org/600834,https://xeno-canto.org/600834/download,
600580,Emberiza citrinella,Yellowhammer,Stanislas Wroza,France,2020-10-31,09:00,17,C,flight call,field recording,yes,[],44100,https://xeno-canto.org/600580,https://xeno-canto.org/600580/download,
600579,Emberiza citrinella,Yellowhammer,Stanislas Wroza,France,2020-10-31,09:00,5,C,flight call,field recording,yes,[],44100,https://xeno-canto.org/600579,https://xeno-canto.org/600579/download,
600578,Emberiza citrinella,Yellowhammer,Stanislas Wroza,France,2020-10-31,09:00,40,C,flight call,field recording,yes,[],44100,https://xeno-canto.org/600578,https://xeno-canto.org/600578/download,
600497,Emberiza citrinella,Yellowhammer,david m,United Kingdom,2020-05-08,04:41,17,C,song,field recording,yes,"[""Columba palumbus"", ""Alectoris rufa"", ""Phasianus colchicus"", ""Curruca communis""]",48000,https://xeno-canto.org/600497,https://xeno-canto.org/600497/download,
600224,Emberiza citrinella,Yellowhammer,Lars Redetzke,Germany,2020-10-01,00:00,11,C,call,field recording,yes,[],44100,https://xeno-canto.org/600224,https://xeno-canto.org/600224/download,
599882,Emberiza citrinella,Yellowhammer,Cedric Mroczko,France,2020-10-25,05:05,10,C,nocturnal flight call,field recording,no,[],44100,https://xeno-canto.org/599882,https://xeno-canto.org/599882/download,
598380,Emberiza citrinella,Yellowhammer,Lluís Brotons,Spain,2020-10-24,07:00,4,C,nocturnal flight call,field recording,no,[],48000,https://xeno-canto.org/598380,https://xeno-canto.org/598380/download,
597047,Emberiza citrinella,Yellowhammer,nicolas van overmeeren,Belgium,2020-10-22,10:00,11,C,flight call,field recording,yes,[],44100,https://xeno-canto.org/597047,https://xeno-canto.org/597047/download,
596381,Emberiza citrinella,Yellowhammer,Amy Robjohns,United Kingdom,2020-10-19,09:00,23,C,call,field recording,yes,"[""Motacilla flava"", ""Motacilla alba"", ""Coloeus monedula"", ""Anthus pratensis"", ""Chloris chloris""]",44100,https://xeno-canto.org/596381,https://xeno-canto.org/596381/download,
596378,Emberiza citrinella,Yellowhammer,Amy Robjohns,United Kingdom,2020-10-19,09:00,20,C,call,field recording,yes,"[""Motacilla flava"", ""Motacilla alba"", ""Coloeus monedula"", ""Anthus pratensis"", ""Chloris chloris""]",44100,https://xeno-canto.org/596378,https://xeno-canto.org/596378/download,
596319,Emberiza citrinella,Yellowhammer,Piotr Szczypinski,Poland,2019-09-20,08:00,12,C,call,field recording,yes,"[""Pyrrhula pyrrhula""]",44100,https://xeno-canto.org/596319,https://xeno-canto.org/596319/download,
596173,Emberiza citrinella,Yellowhammer,Jorick van de Westeringh,Netherlands,2020-10-16,10:30,16,C,flight call,field recording,yes,"[""Fringilla coelebs""]",44100,https://xeno-canto.org/596173,https://xeno-canto.org/596173/download,
596135,Emberiza citrinella,Yellowhammer,Jon Sparshott,United Kingdom,2020-10-18,08:30,20,C,flight call,field recording,yes,"[""Fringilla coelebs"", ""Emberiza schoeniclus"", ""Troglodytes troglodytes""]",48000,https://xeno-canto.org/596135,https://xeno-canto.org/596135/download,
595578,Emberiza citrinella,Yellowhammer,Calum Mckellar,United Kingdom,2020-09-11,08:00,8,C,flight call,field recording,yes,[],44100,https://xeno-canto.org/595578,https://xeno-canto.org/595578/download,
595190,Emberiza citrinella,Yellowhammer,Lluís Brotons,Spain,2020-10-14,06:30,3,C,nocturnal flight call,field recording,no,[],48000,https://xeno-canto.org/595190,https://xeno-canto.org/595190/download,
594160,Emberiza citrinella,Yellowhammer,Stanislas Wroza,France,2020-10-03,07:30,13,C,"flight call, descending buzz",field recording,yes,[],48000,https://xeno-canto.org/594160,https://xeno-canto.org/594160/download,
593376,Emberiza citrinella,Yellowhammer,johannes buhl,Germany,2018-10-15,?,42,C,"call, song",field recording,no,[],44100,https://xeno-canto.org/593376,https://xeno-canto.org/593376/download,
593373,Emberiza citrinella,Yellowhammer,johannes buhl,Germany,2018-10-15,?,51,C,"flight call, song",field recording,no,"[""Dendrocopos major""]",44100,https://xeno-canto.org/593373,https://xeno-canto.org/593373/download,
590211,Emberiza citrinella,Yellowhammer,johannes buhl,Germany,2018-10-16,?,58,C,call,field recording,no,"[""Motacilla alba"", ""Parus major"", ""Motacilla cinerea""]",44100,https://xeno-canto.org/590211,https://xeno-canto.org/590211/download,
589563,Emberiza citrinella,Yellowhammer,Franck Hollander,Germany,2020-09-18,05:00,3,C,nocturnal flight call,field recording,unknown,[],44100,https://xeno-canto.org/589563,https://xeno-canto.org/589563/download,
586927,Emberiza citrinella,Yellowhammer,david m,United Kingdom,2020-04-03,06:48,21,C,call,field recording,yes,"[""Fringilla coelebs"", ""Emberiza calandra"", ""Turdus philomelos"", ""Corvus corone""]",48000,https://xeno-canto.org/586927,https://xeno-canto.org/586927/download,
586569,Emberiza citrinella,Yellowhammer,Nittert van de Water,Netherlands,2020-04-07,08:02,25,C,call,field recording,no,"[""Turdus merula"", ""Lullula arborea""]",44100,https://xeno-canto.org/586569,https://xeno-canto.org/586569/download,
586359,Emberiza citrinella,Yellowhammer,david m,United Kingdom,2020-03-31,06:31,25,C,call,field recording,yes,"[""Fringilla coelebs"", ""Corvus corone"", ""Alectoris rufa""]",48000,https://xeno-canto.org/586359,https://xeno-canto.org/586359/download,
586132,Emberiza citrinella,Yellowhammer,david m,United Kingdom,2020-03-30,06:50,27,C,"call, flight call",field recording,yes,"[""Prunella modularis"", ""Phasianus colchicus""]",48000,https://xeno-canto.org/586132,https://xeno-canto.org/586132/download,
586125,Emberiza citrinella,Yellowhammer,david m,United Kingdom,2020-03-30,06:30,50,C,call,field recording,yes,"[""Turdus philomelos"", ""Turdus merula"", ""Corvus corone"", ""Alectoris rufa"", ""Troglodytes troglodytes"", ""Phasianus colchicus""]",48000,https://xeno-canto.org/586125,https://xeno-canto.org/586125/download,
585954,Emberiza citrinella,Yellowhammer,david m,United Kingdom,2020-03-28,05:42,24,C,call,field recording,yes,[],48000,https://xeno-canto.org/585954,https://xeno-canto.org/585954/download,
583492,Emberiza citrinella,Yellowhammer,Robert Ekman,Sweden,2020-08-18,05:35,16,C,"flight call, nocturnal flight call, wing beats",field recording,no,"[""Erithacus rubecula""]",44100,https://xeno-canto.org/583492,https://xeno-canto.org/583492/download,
581259,Emberiza citrinella,Yellowhammer,david m,United Kingdom,2020-03-15,07:17,49,C,"call, song",field recording,yes,"[""Alauda arvensis"", ""Fringilla coelebs"", ""Prunella modularis"", ""Carduelis carduelis""]",48000,https://xeno-canto.org/581259,https://xeno-canto.org/581259/download,
581146,Emberiza citrinella,Yellowhammer,david m,United Kingdom,2020-03-11,06:37,23,C,song,field recording,yes,"[""Alauda arvensis""]",48000,https://xeno-canto.org/581146,https://xeno-canto.org/581146/download,
581142,Emberiza citrinella,Yellowhammer,david m,United Kingdom,2020-03-11,06:21,16,C,song,field recording,yes,"[""Cyanistes caeruleus"", ""Alauda arvensis"", ""Fringilla coelebs"", ""Corvus corone""]",48000,https://xeno-canto.org/581142,https://xeno-canto.org/581142/download,
580661,Emberiza citrinella,Yellowhammer,david m,United Kingdom,2020-03-10,06:38,22,C,call,field recording,yes,"[""Fringilla coelebs"", ""Corvus corone"", ""Troglodytes troglodytes""]",48000,https://xeno-canto.org/580661,https://xeno-canto.org/580661/download,
580031,Emberiza citrinella,Yellowhammer,Cedric Mroczko,France,2020-07-19,10:15,19,C,call,field recording,no,"[""Turdus merula"", ""Erithacus rubecula"", ""Emberiza citrinella"", ""Curruca communis""]",44100,https://xeno-canto.org/580031,https://xeno-canto.org/580031/download,
579890,Emberiza citrinella,Yellowhammer,david m,United Kingdom,2020-03-10,05:48,55,C,song,field recording,yes,"[""Cyanistes caeruleus"", ""Fringilla coelebs"", ""Corvus frugilegus""]",48000,https://xeno-canto.org/579890,https://xeno-canto.org/579890/download,
577515,Emberiza citrinella,Yellowhammer,david m,United Kingdom,2020-03-07,06:07,46,C,call,field recording,yes,"[""Alauda arvensis"", ""Fringilla coelebs"", ""Corvus corone"", ""Alectoris rufa""]",48000,https://xeno-canto.org/577515,https://xeno-canto.org/577515/download,
576354,Emberiza citrinella,Yellowhammer,Michał Jezierski,Poland,2020-06-29,11:09,26,C,call,field recording,yes,"[""Alauda arvensis"", ""Turdus merula"", ""Curruca communis""]",48000,https://xeno-canto.org/576354,https://xeno-canto.org/576354/download,
576193,Emberiza citrinella,Yellowhammer,Mathieu André,France,2020-07-13,21:30,58,C,song,field recording,yes,[],44100,https://xeno-canto.org/576193,https://xeno-canto.org/576193/download,
572122,Emberiza citrinella,Yellowhammer,Samuel Levy,United Kingdom,2020-06-22,14:30,42,C,song,field recording,yes,"[""Linaria cannabina""]",44100,https://xeno-canto.org/572122,https://xeno-canto.org/572122/download,
567505,Emberiza citrinella,Yellowhammer,Peter Boesman,Belgium,2020-06-11,07:15,37,C,call,field recording,unknown,[],44100,https://xeno-canto.org/567505,https://xeno-canto.org/567505/download,
566582,Emberiza citrinella,Yellowhammer,Claudia Haushalter,Germany,2020-06-08,16:30,45,C,song,field recording,no,[],48000,https://xeno-canto.org/566582,https://xeno-canto.org/566582/download,
564817,Emberiza citrinella,Yellowhammer,Stephan Risch,Germany,2020-06-03,09:12,41,C,song,field recording,no,"[""Lullula arborea"", ""Gryllus campestris"", ""Anthus trivialis""]",32000,https://xeno-canto.org/564817,https://xeno-canto.org/564817/download,
559041,Emberiza citrinella,Yellowhammer,riou,France,2020-05-16,12:00,14,C,song,field recording,no,"[""Phylloscopus trochilus"", ""Phylloscopus collybita""]",44100,https://xeno-canto.org/559041,https://xeno-canto.org/559041/download,
551866,Emberiza citrinella,Yellowhammer,Ireneusz Oleksik,Poland,2020-04-28,18:15,34,C,song,field recording,yes,[],48000,https://xeno-canto.org/551866,https://xeno-canto.org/551866/download,
551138,Emberiza citrinella,Yellowhammer,david m,United Kingdom,2020-02-26,07:13,45,C,song,field recording,yes,"[""Fringilla coelebs"", ""Turdus philomelos"", ""Corvus corone"", ""Parus major"", ""Alectoris rufa"", ""Phasianus colchicus""]",48000,https://xeno-canto.org/551138,https://xeno-canto.org/551138/download,
549283,Emberiza citrinella,Yellowhammer,Ed Stubbs,United Kingdom,2020-04-23,06:35,39,C,"call, song",field recording,yes,[],44100,https://xeno-canto.org/549283,https://xeno-canto.org/549283/download,
546555,Emberiza citrinella,Yellowhammer,david m,United Kingdom,2020-02-25,07:58,23,C,call,field recording,yes,"[""Alauda arvensis"", ""Larus argentatus""]",48000,https://xeno-canto.org/546555,https://xeno-canto.org/546555/download,
546060,Emberiza citrinella,Yellowhammer,david m,United Kingdom,2020-02-23,07:35,24,C,call,field recording,yes,"[""Alauda arvensis"", ""Fringilla coelebs"", ""Turdus philomelos""]",48000,https://xeno-canto.org/546060,https://xeno-canto.org/546060/download,
544005,Emberiza citrinella,Yellowhammer,Alain Verneau,France,2020-04-08,18:00,5,C,call,field recording,yes,[],44100,https://xeno-canto.org/544005,https://xeno-canto.org/544005/download,
542307,Emberiza citrinella,Yellowhammer,david m,United Kingdom,2020-02-20,07:03,30,C,song,field recording,yes,"[""Cyanistes caeruleus"", ""Turdus philomelos"", ""Corvus corone""]",48000,https://xeno-canto.org/542307,https://xeno-canto.org/542307/download,
541121,Emberiza citrinella,Yellowhammer,david m,United Kingdom,2020-02-14,08:27,6,C,song,field recording,yes,[],48000,https://xeno-canto.org/541121,https://xeno-canto.org/541121/download,
541097,Emberiza citrinella,Yellowhammer,david m,United Kingdom,0202-02-14,07:43,29,C,song,field recording,yes,"[""Cyanistes caeruleus"", ""Fringilla coelebs"", ""Corvus frugilegus"", ""Alectoris rufa""]",48000,https://xeno-canto.org/541097,https://xeno-canto.org/541097/download,
541095,Emberiza citrinella,Yellowhammer,david m,United Kingdom,0202-02-14,07:42,57,C,song,field recording,yes,"[""Cyanistes caeruleus"", ""Fringilla coelebs"", ""Turdus philomelos"", ""Turdus merula"", ""Corvus frugilegus""]",48000,https://xeno-canto.org/541095,https://xeno-canto.org/541095/download,
539574,Emberiza citrinella,Yellowhammer,Cedric Mroczko,France,2020-03-28,07:40,9,C,flight call,field recording,no,"[""Fringilla coelebs"", ""Motacilla alba"", ""Columba livia"", ""Passer domesticus""]",44100,https://xeno-canto.org/539574,https://xeno-canto.org/539574/download,
539467,Emberiza citrinella,Yellowhammer,Ireneusz Oleksik,Poland,2020-03-29,05:12,7,C,"flight call, nocturnal flight call",field recording,no,"[""Fringilla montifringilla""]",48000,https://xeno-canto.org/539467,https://xeno-canto.org/539467/download,
538399,Emberiza citrinella,Yellowhammer,Stanislas Wroza,France,2018-11-24,09:00,7,C,"call, flight call",field recording,yes,[],44100,https://xeno-canto.org/538399,https://xeno-canto.org/538399/download,
537569,Emberiza citrinella,Yellowhammer,Vincent Palomares,France,2019-11-09,04:30,4,C,"flight call, nocturnal flight call",field recording,no,[],44100,https://xeno-canto.org/537569,https://xeno-canto.org/537569/download,
537312,Emberiza citrinella,Yellowhammer,Baltasar Pinheiro,Sweden,2020-03-22,17:00,24,C,song,field recording,yes,[],44100,https://xeno-canto.org/537312,https://xeno-canto.org/537312/download,
535596,Emberiza citrinella,Yellowhammer,Stanislas Wroza,France,2018-12-27,09:00,17,C,flight call,field recording,yes,[],44100,https://xeno-canto.org/535596,https://xeno-canto.org/535596/download,
535559,Emberiza citrinella,Yellowhammer,Stanislas Wroza,France,2018-12-28,09:00,18,C,flight call,field recording,yes,[],44100,https://xeno-canto.org/535559,https://xeno-canto.org/535559/download,
534127,Emberiza citrinella,Yellowhammer,Chris Batty,United Kingdom,2016-06-06,12:00,31,C,song,field recording,no,"[""Fringilla coelebs"", ""Corvus corone"", ""Coloeus monedula"", ""Erithacus rubecula"", ""Troglodytes troglodytes""]",22050,https://xeno-canto.org/534127,https://xeno-canto.org/534127/download,
533937,Emberiza citrinella,Yellowhammer,Cedric Mroczko,France,2020-03-11,02:30,3,C,nocturnal flight call,field recording,no,[],44100,https://xeno-canto.org/533937,https://xeno-canto.org/533937/download,
533892,Emberiza citrinella,Yellowhammer,Chris Batty,United Kingdom,2015-06-29,12:00,58,C,song,field recording,yes,"[""Turdus merula""]",22050,https://xeno-canto.org/533892,https://xeno-canto.org/533892/download,
531915,Emberiza citrinella,Yellowhammer,Ireneusz Oleksik,Poland,2020-03-05,04:41,4,C,nocturnal flight call,field recording,no,[],48000,https://xeno-canto.org/531915,https://xeno-canto.org/531915/download,
526225,Emberiza citrinella,Yellowhammer,Stanislas Wroza,France,2019-10-23,09:00,39,C,"flight call, two types of flight calls",field recording,yes,[],48000,https://xeno-canto.org/526225,https://xeno-canto.org/526225/download,
526008,Emberiza citrinella,Yellowhammer,johannes buhl,Germany,2018-09-30,?,33,C,flight call,field recording,unknown,"[""Prunella modularis""]",44100,https://xeno-canto.org/526008,https://xeno-canto.org/526008/download,
525980,Emberiza citrinella,Yellowhammer,johannes buhl,Germany,2018-09-30,?,29,C,flight call,field recording,unknown,[],44100,https://xeno-canto.org/525980,https://xeno-canto.org/525980/download,
525257,Emberiza citrinella,Yellowhammer,david m,United Kingdom,2019-11-18,07:34,32,C,call,field recording,yes,"[""Troglodytes troglodytes"", ""Phasianus colchicus""]",48000,https://xeno-canto.org/525257,https://xeno-canto.org/525257/download,
523274,Emberiza citrinella,Yellowhammer,Stanislas Wroza,France,2019-10-27,08:00,31,C,flight call,field recording,yes,[],48000,https://xeno-canto.org/523274,https://xeno-canto.org/523274/download,
523273,Emberiza citrinella,Yellowhammer,Stanislas Wroza,France,2019-10-27,08:00,11,C,flight call,field recording,yes,[],48000,https://xeno-canto.org/523273,https://xeno-canto.org/523273/download,
523272,Emberiza citrinella,Yellowhammer,Stanislas Wroza,France,2019-10-27,08:00,20,C,flight call,field recording,yes,[],48000,https://xeno-canto.org/523272,https://xeno-canto.org/523272/download,
523022,Emberiza citrinella,Yellowhammer,Ireneusz Oleksik,Poland,2020-01-29,03:18,5,C,nocturnal flight call,field recording,no,[],48000,https://xeno-canto.org/523022,https://xeno-canto.org/523022/download,
522694,Emberiza citrinella,Yellowhammer,johannes buhl,Germany,2018-09-26,?,25,C,call,field recording,unknown,[],44100,https://xeno-canto.org/522694,https://xeno-canto.org/522694/download,
522165,Emberiza citrinella,Yellowhammer,Stanislas Wroza,France,2020-01-18,09:00,37,C,flight call,field recording,yes,[],48000,https://xeno-canto.org/522165,https://xeno-canto.org/522165/download,
522164,Emberiza citrinella,Yellowhammer,Stanislas Wroza,France,2020-01-18,09:00,34,C,flight call,field recording,yes,[],48000,https://xeno-canto.org/522164,https://xeno-canto.org/522164/download,
521544,Emberiza citrinella,Yellowhammer,david m,United Kingdom,2019-10-14,07:39,24,C,call,field recording,yes,"[""Erithacus rubecula""]",48000,https://xeno-canto.org/521544,https://xeno-canto.org/521544/download,
521540,Emberiza citrinella,Yellowhammer,david m,United Kingdom,2019-10-14,07:21,34,C,call,field recording,yes,"[""Turdus merula"", ""Parus major"", ""Erithacus rubecula"", ""Troglodytes troglodytes""]",48000,https://xeno-canto.org/521540,https://xeno-canto.org/521540/download,
521492,Emberiza citrinella,Yellowhammer,Itziar Gutiérrez,Spain,2017-06-26,11:30,22,C,song,field recording,yes,[],44100,https://xeno-canto.org/521492,https://xeno-canto.org/521492/download,
516946,Emberiza citrinella,Yellowhammer,Ed Stubbs,United Kingdom,2020-01-05,09:00,4,C,"call, flight call",field recording,yes,[],44100,https://xeno-canto.org/516946,https://xeno-canto.org/516946/download,
516244,Emberiza citrinella,Yellowhammer,Sławomir Karpicki-Ignatowski,Poland,2020-01-01,14:00,6,C,call,field recording,yes,[],44100,https://xeno-canto.org/516244,https://xeno-canto.org/516244/download,
511602,Emberiza citrinella,Yellowhammer,david m,United Kingdom,2019-08-05,08:27,35,C,song,field recording,yes,"[""Columba palumbus""]",48000,https://xeno-canto.org/511602,https://xeno-canto.org/511602/download,
509419,Emberiza citrinella,Yellowhammer,Ireneusz Oleksik,Poland,2019-12-01,04:23,5,C,nocturnal flight call,field recording,no,[],48000,https://xeno-canto.org/509419,https://xeno-canto.org/509419/download,
508678,Emberiza citrinella,Yellowhammer,Mathieu Waldeck,Germany,2018-04-21,08:45,6,C,flight call,field recording,yes,[],44100,https://xeno-canto.org/508678,https://xeno-canto.org/508678/download,
508426,Emberiza citrinella,Yellowhammer,david m,United Kingdom,2019-06-27,06:09,21,C,song,field recording,yes,"[""Columba palumbus"", ""Phylloscopus trochilus"", ""Turdus merula"", ""Troglodytes troglodytes""]",48000,https://xeno-canto.org/508426,https://xeno-canto.org/508426/download,
507399,Emberiza citrinella,Yellowhammer,Sean Ronayne,Spain,2019-11-11,8:50,5,C,"call, flight call",field recording,no,[],44100,https://xeno-canto.org/507399,https://xeno-canto.org/507399/download,
504923,Emberiza citrinella,Yellowhammer,Ireneusz Oleksik,Poland,2019-10-30,03:54,6,C,"flight call, nocturnal flight call",field recording,no,[],44100,https://xeno-canto.org/504923,https://xeno-canto.org/504923/download,
504698,Emberiza citrinella,Yellowhammer,Ireneusz Oleksik,Poland,2019-10-29,01:30,12,C,"flight call, nocturnal flight call",field recording,no,[],44100,https://xeno-canto.org/504698,https://xeno-canto.org/504698/download,
503810,Emberiza citrinella,Yellowhammer,Simon Gillings,United Kingdom,2019-10-22,04:37,28,C,"flight call, nocturnal flight call",field recording,no,[],48000,https://xeno-canto.org/503810,https://xeno-canto.org/503810/download,
503225,Emberiza citrinella,Yellowhammer,Bram Vogels,Belgium,2019-10-20,08:30,10,C,flight call,field recording,yes,[],44100,https://xeno-canto.org/503225,https://xeno-canto.org/503225/download,
503062,Emberiza citrinella,Yellowhammer,Ireneusz Oleksik,Poland,2019-10-18,05:39,6,C,flight call,field recording,no,"[""Turdus philomelos""]",44100,https://xeno-canto.org/503062,https://xeno-canto.org/503062/download,
502992,Emberiza citrinella,Yellowhammer,david m,United Kingdom,2019-06-02,05:39,47,C,"call, song",field recording,yes,"[""Alauda arvensis"", ""Columba palumbus"", ""Fringilla coelebs"", ""Emberiza calandra"", ""Turdus merula"", ""Corvus corone""]",48000,https://xeno-canto.org/502992,https://xeno-canto.org/502992/download,
502650,Emberiza citrinella,Yellowhammer,Ireneusz Oleksik,Poland,2019-10-15,05:55,4,C,flight call,field recording,no,[],44100,https://xeno-canto.org/502650,https://xeno-canto.org/502650/download,
499637,Emberiza citrinella,Yellowhammer,Chris Batty,United Kingdom,2018-11-06,08:19,2,C,flight call,field recording,no,[],22050,https://xeno-canto.org/499637,https://xeno-canto.org/499637/download,
499636,Emberiza citrinella,Yellowhammer,Chris Batty,United Kingdom,2018-10-07,03:27,20,C,"flight call, nocturnal flight call",field recording,no,"[""Larus argentatus"", ""Anser brachyrhynchus""]",22050,https://xeno-canto.org/499636,https://xeno-canto.org/499636/download,
499635,Emberiza citrinella,Yellowhammer,Chris Batty,United Kingdom,2018-05-23,07:01,2,C,flight call,field recording,no,[],22050,https://xeno-canto.org/499635,https://xeno-canto.org/499635/download,
499634,Emberiza citrinella,Yellowhammer,Chris Batty,United Kingdom,2018-05-03,07:59,37,C,flight call,field recording,no,"[""Larus argentatus"", ""Hirundo rustica""]",22050,https://xeno-canto.org/499634,https://xeno-canto.org/499634/download,
499632,Emberiza citrinella,Yellowhammer,Chris Batty,United Kingdom,2018-03-14,07:32,18,C,flight call,field recording,no,"[""Anthus pratensis""]",22050,https://xeno-canto.org/499632,https://xeno-canto.org/499632/download,
499631,Emberiza citrinella,Yellowhammer,Chris Batty,United Kingdom,2018-03-14,06:58,14,C,flight call,field recording,no,"[""Larus argentatus"", ""Anthus pratensis""]",22050,https://xeno-canto.org/499631,https://xeno-canto.org/499631/download,
499630,Emberiza citrinella,Yellowhammer,Chris Batty,United Kingdom,2017-11-11,10:42,25,C,flight call,field recording,no,"[""Fringilla coelebs"", ""Sturnus vulgaris""]",22050,https://xeno-canto.org/499630,https://xeno-canto.org/499630/download,
499629,Emberiza citrinella,Yellowhammer,Chris Batty,United Kingdom,2016-09-13,08:58,9,C,flight call,field recording,no,"[""Cyanistes caeruleus"", ""Erithacus rubecula""]",22050,https://xeno-canto.org/499629,https://xeno-canto.org/499629/download,
499628,Emberiza citrinella,Yellowhammer,Chris Batty,United Kingdom,2016-05-06,06:54,11,C,flight call,field recording,no,"[""Turdus merula"", ""Acanthis cabaret""]",22050,https://xeno-canto.org/499628,https://xeno-canto.org/499628/download,
499627,Emberiza citrinella,Yellowhammer,Chris Batty,United Kingdom,2016-04-20,11:22,13,C,flight call,field recording,no,"[""Hirundo rustica"", ""Sturnus vulgaris""]",22050,https://xeno-canto.org/499627,https://xeno-canto.org/499627/download,
496621,Emberiza citrinella,Yellowhammer,Stanislas Wroza,France,2019-09-01,07:00,27,C,flight call,field recording,yes,[],48000,https://xeno-canto.org/496621,https://xeno-canto.org/496621/download,
496620,Emberiza citrinella,Yellowhammer,Stanislas Wroza,France,2019-09-01,07:00,14,C,"call, flight call, various calls",field recording,yes,[],48000,https://xeno-canto.org/496620,https://xeno-canto.org/496620/download,
495014,Emberiza citrinella,Yellowhammer,david m,United Kingdom,2019-03-24,06:01,52,C,"call, wing beats",field recording,yes,"[""Alauda arvensis"", ""Fringilla coelebs"", ""Turdus merula"", ""Corvus corone"", ""Phasianus colchicus""]",48000,https://xeno-canto.org/495014,https://xeno-canto.org/495014/download,
495006,Emberiza citrinella,Yellowhammer,david m,United Kingdom,2019-03-24,05:30,50,C,call,field recording,yes,"[""Turdus merula"", ""Prunella modularis"", ""Parus major"", ""Troglodytes troglodytes"", ""Phasianus colchicus""]",48000,https://xeno-canto.org/495006,https://xeno-canto.org/495006/download,
493390,Emberiza citrinella,Yellowhammer,david m,United Kingdom,2019-03-19,06:59,58,C,call,field recording,yes,"[""Alauda arvensis"", ""Turdus merula"", ""Larus argentatus"", ""Corvus corone"", ""Erithacus rubecula""]",48000,https://xeno-canto.org/493390,https://xeno-canto.org/493390/download,
492833,Emberiza citrinella,Yellowhammer,david m,United Kingdom,2019-03-21,05:42,46,C,call,field recording,yes,"[""Alauda arvensis"", ""Turdus philomelos"", ""Turdus merula"", ""Prunella modularis"", ""Parus major"", ""Troglodytes troglodytes""]",48000,https://xeno-canto.org/492833,https://xeno-canto.org/492833/download,
490830,Emberiza citrinella,Yellowhammer,Stanislas Wroza,France,2019-08-03,06:30,4,C,"call, buzz call",field recording,yes,[],48000,https://xeno-canto.org/490830,https://xeno-canto.org/490830/download,
489670,Emberiza citrinella,Yellowhammer,david m,United Kingdom,2019-03-11,08:17,21,C,call,field recording,yes,[],48000,https://xeno-canto.org/489670,https://xeno-canto.org/489670/download,
486072,Emberiza citrinella,Yellowhammer,david m,United Kingdom,2019-03-03,07:28,52,C,"call, song",field recording,yes,"[""Fringilla coelebs"", ""Prunella modularis""]",48000,https://xeno-canto.org/486072,https://xeno-canto.org/486072/download,
484415,Emberiza citrinella,Yellowhammer,david m,United Kingdom,2019-02-27,07:06,28,C,call,field recording,yes,"[""Fringilla coelebs"", ""Corvus corone"", ""Phasianus colchicus""]",48000,https://xeno-canto.org/484415,https://xeno-canto.org/484415/download,
484047,Emberiza citrinella,Yellowhammer,david m,United Kingdom,2019-02-27,06:52,25,C,song,field recording,yes,"[""Alauda arvensis"", ""Fringilla coelebs"", ""Corvus corone""]",48000,https://xeno-canto.org/484047,https://xeno-canto.org/484047/download,
483375,Emberiza citrinella,Yellowhammer,david m,United Kingdom,2019-02-26,07:04,29,C,song,field recording,yes,"[""Turdus pilaris"", ""Fringilla coelebs"", ""Corvus corone"", ""Troglodytes troglodytes"", ""Phasianus colchicus""]",48000,https://xeno-canto.org/483375,https://xeno-canto.org/483375/download,
482302,Emberiza citrinella,Yellowhammer,david m,United Kingdom,2019-02-25,07:46,54,C,call,field recording,yes,"[""Fringilla coelebs"", ""Emberiza calandra"", ""Turdus merula"", ""Corvus corone"", ""Alectoris rufa""]",48000,https://xeno-canto.org/482302,https://xeno-canto.org/482302/download,
482301,Emberiza citrinella,Yellowhammer,david m,United Kingdom,2019-02-25,07:45,56,C,call,field recording,yes,"[""Fringilla coelebs"", ""Emberiza calandra""]",48000,https://xeno-canto.org/482301,https://xeno-canto.org/482301/download,
482299,Emberiza citrinella,Yellowhammer,david m,United Kingdom,2019-02-25,07:22,30,C,"call, wing beats",field recording,yes,"[""Emberiza calandra"", ""Turdus philomelos"", ""Corvus corone""]",48000,https://xeno-canto.org/482299,https://xeno-canto.org/482299/download,
481369,Emberiza citrinella,Yellowhammer,Hans Groot,Netherlands,2016-10-16,08:30,12,C,flight call,field recording,unknown,[],44100,https://xeno-canto.org/481369,https://xeno-canto.org/481369/download,
481368,Emberiza citrinella,Yellowhammer,Hans Groot,Netherlands,2016-10-26,08:00,5,C,flight call,field recording,yes,[],44100,https://xeno-canto.org/481368,https://xeno-canto.org/481368/download,
481367,Emberiza citrinella,Yellowhammer,Hans Groot,Netherlands,2016-10-16,08:00,11,C,flight call,field recording,yes,[],44100,https://xeno-canto.org/481367,https://xeno-canto.org/481367/download,
480794,Emberiza citrinella,Yellowhammer,david m,United Kingdom,2019-02-24,08:16,32,C,call,field recording,yes,"[""Alauda arvensis"", ""Turdus philomelos"", ""Alectoris rufa""]",48000,https://xeno-canto.org/480794,https://xeno-canto.org/480794/download,
480783,Emberiza citrinella,Yellowhammer,david m,United Kingdom,2019-02-24,07:51,25,C,song,field recording,yes,[],48000,https://xeno-canto.org/480783,https://xeno-canto.org/480783/download,
480740,Emberiza citrinella,Yellowhammer,david m,United Kingdom,2019-06-02,04:41,29,C,song,field recording,yes,"[""Phylloscopus trochilus"", ""Turdus merula"", ""Linaria cannabina""]",48000,https://xeno-canto.org/480740,https://xeno-canto.org/480740/download,
479450,Emberiza citrinella,Yellowhammer,david m,United Kingdom,2019-02-19,06:23,15,C,song,field recording,yes,[],48000,https://xeno-canto.org/479450,https://xeno-canto.org/479450/download,
479385,Emberiza citrinella,Yellowhammer,david m,United Kingdom,2019-02-18,07:41,21,C,"call, song",field recording,yes,"[""Fringilla coelebs""]",48000,https://xeno-canto.org/479385,https://xeno-canto.org/479385/download,
479383,Emberiza citrinella,Yellowhammer,david m,United Kingdom,2019-02-18,07:38,53,C,song,field recording,yes,"[""Fringilla coelebs""]",48000,https://xeno-canto.org/479383,https://xeno-canto.org/479383/download,
479381,Emberiza citrinella,Yellowhammer,david m,United Kingdom,2019-02-18,07:36,37,C,song,field recording,yes,"[""Cyanistes caeruleus"", ""Fringilla coelebs""]",48000,https://xeno-canto.org/479381,https://xeno-canto.org/479381/download,
478047,Emberiza citrinella,Yellowhammer,david m,United Kingdom,2019-02-18,06:53,28,C,call,field recording,yes,"[""Alauda arvensis""]",48000,https://xeno-canto.org/478047,https://xeno-canto.org/478047/download,
478038,Emberiza citrinella,Yellowhammer,david m,United Kingdom,2019-02-18,06:22,58,C,song,field recording,yes,"[""Alauda arvensis"", ""Fringilla coelebs"", ""Larus argentatus""]",48000,https://xeno-canto.org/478038,https://xeno-canto.org/478038/download,
477998,Emberiza citrinella,Yellowhammer,david m,United Kingdom,2019-02-18,06:20,15,C,song,field recording,yes,"[""Fringilla coelebs""]",48000,https://xeno-canto.org/477998,https://xeno-canto.org/477998/download,
477878,Emberiza citrinella,Yellowhammer,david m,United Kingdom,2019-02-17,07:52,44,C,song,field recording,yes,"[""Fringilla coelebs""]",48000,https://xeno-canto.org/477878,https://xeno-canto.org/477878/download,
477709,Emberiza citrinella,Yellowhammer,Grzegorz Lorek,Poland,2019-05-21,18:30,26,C,alarm call,field recording,yes,[],44100,https://xeno-canto.org/477709,https://xeno-canto.org/477709/download,
475835,Emberiza citrinella,Yellowhammer,david m,United Kingdom,2019-02-16,06:57,41,C,song,field recording,yes,"[""Alauda arvensis"", ""Fringilla coelebs""]",48000,https://xeno-canto.org/475835,https://xeno-canto.org/475835/download,
475834,Emberiza citrinella,Yellowhammer,david m,United Kingdom,2019-02-16,06:56,5,C,song,field recording,yes,[],48000,https://xeno-canto.org/475834,https://xeno-canto.org/475834/download,
473286,Emberiza citrinella,Yellowhammer,Cedric Mroczko,France,2017-10-15,12:30,27,C,call,field recording,yes,"[""Alauda arvensis"", ""Fringilla coelebs"", ""Aegithalos caudatus"", ""Picus viridis""]",48000,https://xeno-canto.org/473286,https://xeno-canto.org/473286/download,
471938,Emberiza citrinella,Yellowhammer,Stephan Risch,Germany,2019-04-28,17:39,37,C,song,field recording,yes,"[""Fringilla coelebs"", ""Turdus merula""]",32000,https://xeno-canto.org/471938,https://xeno-canto.org/471938/download,
470633,Emberiza citrinella,Yellowhammer,Philippe Legay,France,2019-03-28,08:00,29,C,call,field recording,unknown,[],44100,https://xeno-canto.org/470633,https://xeno-canto.org/470633/download,
470632,Emberiza citrinella,Yellowhammer,Philippe Legay,France,2019-03-28,08:00,41,C,"call, song",field recording,unknown,[],44100,https://xeno-canto.org/470632,https://xeno-canto.org/470632/download,
470631,Emberiza citrinella,Yellowhammer,Philippe Legay,France,2019-03-28,08:00,48,C,song,field recording,unknown,[],44100,https://xeno-canto.org/470631,https://xeno-canto.org/470631/download,
467549,Emberiza citrinella,Yellowhammer,david m,United Kingdom,2019-04-14,05:53,27,C,call,field recording,no,"[""Columba palumbus"", ""Phasianus colchicus"", ""Linaria cannabina""]",48000,https://xeno-canto.org/467549,https://xeno-canto.org/467549/download,
463660,Emberiza citrinella,Yellowhammer,david m,United Kingdom,2019-02-11,08:15,28,C,call,field recording,yes,"[""Fringilla coelebs""]",48000,https://xeno-canto.org/463660,https://xeno-canto.org/463660/download,
463067,Emberiza citrinella,Yellowhammer,david m,United Kingdom,2019-03-22,06:28,34,C,call,field recording,yes,"[""Alauda arvensis"", ""Columba palumbus"", ""Phasianus colchicus"", ""Linaria cannabina""]",48000,https://xeno-canto.org/463067,https://xeno-canto.org/463067/download,
462948,Emberiza citrinella,Yellowhammer,Stanislas Wroza,Poland,2019-03-21,09:00,9,C,flight call,field recording,yes,[],44100,https://xeno-canto.org/462948,https://xeno-canto.org/462948/download,
462362,Emberiza citrinella,Yellowhammer,Stanislas Wroza,Poland,2019-03-20,09:00,57,C,"alarm call, call, flight call",field recording,yes,[],44100,https://xeno-canto.org/462362,https://xeno-canto.org/462362/download,
459800,Emberiza citrinella,Yellowhammer,Louis A. Hansen,Denmark,2019-03-02,09:45,29,C,call,field recording,yes,[],48000,https://xeno-canto.org/459800,https://xeno-canto.org/459800/download,
459798,Emberiza citrinella,Yellowhammer,Louis A. Hansen,Denmark,2019-03-02,09:12,18,C,call,field recording,yes,[],48000,https://xeno-canto.org/459798,https://xeno-canto.org/459798/download,
459792,Emberiza citrinella,Yellowhammer,Louis A. Hansen,Denmark,2019-03-02,08:24,39,C,call,field recording,yes,"[""Anas platyrhynchos""]",48000,https://xeno-canto.org/459792,https://xeno-canto.org/459792/download,
445440,Emberiza citrinella,Yellowhammer,david m,United Kingdom,2018-08-03,05:50,7,C,song,field recording,yes,[],48000,https://xeno-canto.org/445440,https://xeno-canto.org/445440/download,
445234,Emberiza citrinella,Yellowhammer,Bram Vogels,Belgium,2018-11-02,00:00,9,C,"aberrant, flight call, song, aberrant song",field recording,yes,[],44100,https://xeno-canto.org/445234,https://xeno-canto.org/445234/download,
445232,Emberiza citrinella,Yellowhammer,Bram Vogels,Belgium,2018-11-02,00:00,17,C,"aberrant, flight call, song, aberrant song",field recording,yes,[],44100,https://xeno-canto.org/445232,https://xeno-canto.org/445232/download,
445230,Emberiza citrinella,Yellowhammer,Bram Vogels,Belgium,2018-10-13,00:00,11,C,"aberrant, flight call, song, aberrant song",field recording,yes,[],44100,https://xeno-canto.org/445230,https://xeno-canto.org/445230/download,
445229,Emberiza citrinella,Yellowhammer,Bram Vogels,Belgium,2018-10-13,00:00,11,C,"aberrant, flight call, song, aberrant song",field recording,yes,[],44100,https://xeno-canto.org/445229,https://xeno-canto.org/445229/download,
444988,Emberiza citrinella,Yellowhammer,david m,United Kingdom,2018-07-26,06:34,24,C,call,field recording,yes,"[""Prunella modularis""]",48000,https://xeno-canto.org/444988,https://xeno-canto.org/444988/download,
444102,Emberiza citrinella,Yellowhammer,david m,United Kingdom,2018-07-06,05:49,27,C,song,field recording,yes,"[""Columba palumbus"", ""Fringilla coelebs"", ""Phylloscopus trochilus"", ""Phasianus colchicus""]",48000,https://xeno-canto.org/444102,https://xeno-canto.org/444102/download,
444011,Emberiza citrinella,Yellowhammer,david m,United Kingdom,2018-07-05,05:30,53,C,song,field recording,yes,"[""Alauda arvensis"", ""Columba palumbus"", ""Fringilla coelebs"", ""Turdus merula"", ""Corvus corone""]",48000,https://xeno-canto.org/444011,https://xeno-canto.org/444011/download,
443848,Emberiza citrinella,Yellowhammer,david m,United Kingdom,2018-06-07,06:30,18,C,song,field recording,yes,"[""Alauda arvensis"", ""Columba palumbus"", ""Corvus corone"", ""Aegithalos caudatus"", ""Curruca communis""]",48000,https://xeno-canto.org/443848,https://xeno-canto.org/443848/download,
443845,Emberiza citrinella,Yellowhammer,david m,United Kingdom,2018-06-07,06:16,25,C,call,field recording,yes,"[""Columba palumbus"", ""Turdus merula"", ""Passer montanus"", ""Sturnus vulgaris""]",48000,https://xeno-canto.org/443845,https://xeno-canto.org/443845/download,
443844,Emberiza citrinella,Yellowhammer,david m,United Kingdom,2018-06-07,06:15,31,C,call,field recording,yes,"[""Fringilla coelebs"", ""Turdus merula"", ""Troglodytes troglodytes"", ""Passer montanus"", ""Phasianus colchicus""]",48000,https://xeno-canto.org/443844,https://xeno-canto.org/443844/download,
443704,Emberiza citrinella,Yellowhammer,Seynaeve Adriaan,Belgium,2018-11-11,08:34,5,C,call,field recording,no,[],44100,https://xeno-canto.org/443704,https://xeno-canto.org/443704/download,
442252,Emberiza citrinella,Yellowhammer,david m,United Kingdom,2018-05-07,05:05,12,C,call,field recording,yes,"[""Columba palumbus"", ""Corvus corone""]",48000,https://xeno-canto.org/442252,https://xeno-canto.org/442252/download,
439939,Emberiza citrinella,Yellowhammer,Piotr Szczypinski,Poland,2018-10-21,08:30,18,C,call,field recording,no,"[""Regulus regulus""]",48000,https://xeno-canto.org/439939,https://xeno-canto.org/439939/download,
439035,Emberiza citrinella,Yellowhammer,Piotr Szczypinski,Poland,2018-10-10,10:00,35,C,call,field recording,yes,[],48000,https://xeno-canto.org/439035,https://xeno-canto.org/439035/download,
438612,Emberiza citrinella,Yellowhammer,david m,United Kingdom,2018-04-13,05:25,23,C,call,field recording,yes,"[""Phylloscopus collybita"", ""Phasianus colchicus""]",48000,https://xeno-canto.org/438612,https://xeno-canto.org/438612/download,
438412,Emberiza citrinella,Yellowhammer,Bram Vogels,Belgium,2018-10-13,08:30,11,C,flight call,field recording,yes,[],44100,https://xeno-canto.org/438412,https://xeno-canto.org/438412/download,
437748,Emberiza citrinella,Yellowhammer,david m,United Kingdom,2018-04-05,05:58,19,C,call,field recording,yes,"[""Phasianus colchicus"", ""Linaria cannabina""]",48000,https://xeno-canto.org/437748,https://xeno-canto.org/437748/download,
437405,Emberiza citrinella,Yellowhammer,david m,United Kingdom,2018-03-30,06:00,37,C,call,field recording,yes,"[""Fringilla coelebs"", ""Corvus corone"", ""Phasianus colchicus""]",48000,https://xeno-canto.org/437405,https://xeno-canto.org/437405/download,
436459,Emberiza citrinella,Yellowhammer,david m,United Kingdom,2018-03-20,06:13,29,C,call,field recording,yes,[],48000,https://xeno-canto.org/436459,https://xeno-canto.org/436459/download,
435305,Emberiza citrinella,Yellowhammer,Patrick Franke,Germany,2010-10-28,?,20,C,flight call,field recording,unknown,[],44100,https://xeno-canto.org/435305,https://xeno-canto.org/435305/download,
434897,Emberiza citrinella,Yellowhammer,david m,United Kingdom,2018-03-14,06:37,39,C,song,field recording,yes,"[""Fringilla coelebs"", ""Turdus philomelos"", ""Corvus frugilegus""]",48000,https://xeno-canto.org/434897,https://xeno-canto.org/434897/download,
434727,Emberiza citrinella,Yellowhammer,david m,United Kingdom,2018-03-13,06:41,22,C,call,field recording,yes,"[""Fringilla coelebs"", ""Troglodytes troglodytes"", ""Phasianus colchicus""]",48000,https://xeno-canto.org/434727,https://xeno-canto.org/434727/download,
434726,Emberiza citrinella,Yellowhammer,david m,United Kingdom,2018-03-13,06:28,48,C,call,field recording,yes,"[""Alauda arvensis"", ""Fringilla coelebs"", ""Corvus corone""]",48000,https://xeno-canto.org/434726,https://xeno-canto.org/434726/download,
434725,Emberiza citrinella,Yellowhammer,david m,United Kingdom,2018-03-13,06:26,16,C,call,field recording,yes,"[""Alauda arvensis"", ""Fringilla coelebs""]",48000,https://xeno-canto.org/434725,https://xeno-canto.org/434725/download,
431156,Emberiza citrinella,Yellowhammer,J. Veeken,Netherlands,2018-08-15,08:10,51,C,"call, flight call, contact",field recording,unknown,[],44100,https://xeno-canto.org/431156,https://xeno-canto.org/431156/download,
415664,Emberiza citrinella,Yellowhammer,Gerhard Huber,Germany,2018-05-16,17:30,4,C,song,field recording,no,[],44100,https://xeno-canto.org/415664,https://xeno-canto.org/415664/download,
414565,Emberiza citrinella,Yellowhammer,david m,United Kingdom,2018-03-05,07:06,40,C,song,field recording,yes,"[""Fringilla coelebs"", ""Turdus philomelos"", ""Prunella modularis"", ""Corvus corone"", ""Phasianus colchicus""]",48000,https://xeno-canto.org/414565,https://xeno-canto.org/414565/download,
410541,Emberiza citrinella,Yellowhammer,david m,United Kingdom,2018-03-04,06:11,22,C,song,field recording,yes,"[""Columba palumbus"", ""Corvus corone""]",48000,https://xeno-canto.org/410541,https://xeno-canto.org/410541/download,
410540,Emberiza citrinella,Yellowhammer,david m,United Kingdom,2018-03-04,06:11,51,C,song,field recording,yes,"[""Columba palumbus"", ""Fringilla coelebs"", ""Turdus merula"", ""Prunella modularis"", ""Parus major""]",48000,https://xeno-canto.org/410540,https://xeno-canto.org/410540/download,
409095,Emberiza citrinella,Yellowhammer,david m,United Kingdom,2018-02-26,06:47,47,C,"call, song",field recording,yes,"[""Fringilla coelebs"", ""Corvus corone""]",48000,https://xeno-canto.org/409095,https://xeno-canto.org/409095/download,
409091,Emberiza citrinella,Yellowhammer,david m,United Kingdom,2018-02-26,06:13,34,C,song,field recording,yes,"[""Fringilla coelebs"", ""Troglodytes troglodytes""]",48000,https://xeno-canto.org/409091,https://xeno-canto.org/409091/download,
408192,Emberiza citrinella,Yellowhammer,david m,United Kingdom,2018-02-21,07:47,32,C,song,field recording,yes,"[""Fringilla coelebs"", ""Corvus corone""]",48000,https://xeno-canto.org/408192,https://xeno-canto.org/408192/download,
407557,Emberiza citrinella,Yellowhammer,david m,United Kingdom,2018-02-18,06:54,7,C,"call, song",field recording,yes,"[""Fringilla coelebs""]",48000,https://xeno-canto.org/407557,https://xeno-canto.org/407557/download,
407181,Emberiza citrinella,Yellowhammer,david m,United Kingdom,2018-02-17,08:45,59,C,"call, song",field recording,yes,"[""Fringilla coelebs"", ""Turdus philomelos"", ""Corvus corone""]",48000,https://xeno-canto.org/407181,https://xeno-canto.org/407181/download,
407178,Emberiza citrinella,Yellowhammer,david m,United Kingdom,2018-02-17,08:16,21,C,call,field recording,yes,"[""Prunella modularis"", ""Corvus corone""]",48000,https://xeno-canto.org/407178,https://xeno-canto.org/407178/download,
404780,Emberiza citrinella,Yellowhammer,david m,United Kingdom,2018-02-12,07:43,31,C,"call, song",field recording,yes,"[""Fringilla coelebs""]",48000,https://xeno-canto.org/404780,https://xeno-canto.org/404780/download,
404549,Emberiza citrinella,Yellowhammer,david m,United Kingdom,2018-02-09,07:55,43,C,"call, song",field recording,yes,"[""Fringilla coelebs"", ""Phasianus colchicus""]",48000,https://xeno-canto.org/404549,https://xeno-canto.org/404549/download,
404547,Emberiza citrinella,Yellowhammer,david m,United Kingdom,2018-02-09,07:52,51,C,song,field recording,yes,"[""Fringilla coelebs""]",48000,https://xeno-canto.org/404547,https://xeno-canto.org/404547/download,
404545,Emberiza citrinella,Yellowhammer,david m,United Kingdom,2018-02-09,07:51,28,C,song,field recording,yes,"[""Fringilla coelebs"", ""Corvus frugilegus""]",48000,https://xeno-canto.org/404545,https://xeno-canto.org/404545/download,
404544,Emberiza citrinella,Yellowhammer,david m,United Kingdom,2018-02-09,07:49,11,C,song,field recording,yes,"[""Fringilla coelebs"", ""Corvus frugilegus""]",48000,https://xeno-canto.org/404544,https://xeno-canto.org/404544/download,
404282,Emberiza citrinella,Yellowhammer,david m,United Kingdom,2018-02-08,07:47,44,C,"song, wing beats",field recording,yes,"[""Fringilla coelebs"", ""Linaria cannabina""]",48000,https://xeno-canto.org/404282,https://xeno-canto.org/404282/download,
401315,Emberiza citrinella,Yellowhammer,david m,United Kingdom,2017-08-18,06:51,30,C,song,field recording,yes,[],48000,https://xeno-canto.org/401315,https://xeno-canto.org/401315/download,
400690,Emberiza citrinella,Yellowhammer,david m,United Kingdom,2017-08-13,08:13,21,C,"call, wing beats",field recording,yes,[],48000,https://xeno-canto.org/400690,https://xeno-canto.org/400690/download,
400581,Emberiza citrinella,Yellowhammer,david m,United Kingdom,2017-08-10,07:11,31,C,song,field recording,yes,[],48000,https://xeno-canto.org/400581,https://xeno-canto.org/400581/download,
400575,Emberiza citrinella,Yellowhammer,david m,United Kingdom,2017-08-03,07:02,49,C,song,field recording,yes,"[""Turdus merula"", ""Troglodytes troglodytes""]",48000,https://xeno-canto.org/400575,https://xeno-canto.org/400575/download,
399401,Emberiza citrinella,Yellowhammer,johannes buhl,Germany,2018-01-11,10:30,33,C,call,field recording,no,"[""Aegithalos caudatus""]",44100,https://xeno-canto.org/399401,https://xeno-canto.org/399401/download,
397503,Emberiza citrinella,Yellowhammer,david m,United Kingdom,2017-07-29,07:12,56,C,song,field recording,yes,"[""Columba palumbus"", ""Carduelis carduelis""]",48000,https://xeno-canto.org/397503,https://xeno-canto.org/397503/download,
397502,Emberiza citrinella,Yellowhammer,david m,United Kingdom,2017-07-29,07:10,24,C,song,field recording,yes,"[""Columba palumbus"", ""Fringilla coelebs"", ""Carduelis carduelis""]",48000,https://xeno-canto.org/397502,https://xeno-canto.org/397502/download,
397276,Emberiza citrinella,Yellowhammer,david m,United Kingdom,2017-07-23,07:02,37,C,call,field recording,yes,"[""Columba palumbus"", ""Emberiza calandra"", ""Corvus corone"", ""Carduelis carduelis"", ""Alectoris rufa""]",48000,https://xeno-canto.org/397276,https://xeno-canto.org/397276/download,
395203,Emberiza citrinella,Yellowhammer,david m,United Kingdom,2017-05-18,06:35,16,C,call,field recording,yes,"[""Fringilla coelebs"", ""Corvus corone"", ""Curruca communis""]",48000,https://xeno-canto.org/395203,https://xeno-canto.org/395203/download,
394579,Emberiza citrinella,Yellowhammer,david m,United Kingdom,2017-03-22,05:36,25,C,song,field recording,yes,"[""Alauda arvensis"", ""Corvus corone""]",48000,https://xeno-canto.org/394579,https://xeno-canto.org/394579/download,
393202,Emberiza citrinella,Yellowhammer,Louis A. Hansen,Denmark,2017-11-04,07:34,10,C,"call, flight call",field recording,yes,"[""Larus argentatus"", ""Chloris chloris""]",44100,https://xeno-canto.org/393202,https://xeno-canto.org/393202/download,
390811,Emberiza citrinella,Yellowhammer,Niels Van Doninck,Belgium,2017-10-15,09:05,6,C,flight call,field recording,yes,[],48000,https://xeno-canto.org/390811,https://xeno-canto.org/390811/download,
388687,Emberiza citrinella,Yellowhammer,Simon Gillings,United Kingdom,2017-10-06,05:00,22,C,flight call,field recording,no,[],48000,https://xeno-canto.org/388687,https://xeno-canto.org/388687/download,
384022,Emberiza citrinella,Yellowhammer,david m,United Kingdom,2017-04-04,07:42,31,C,call,field recording,yes,"[""Alauda arvensis"", ""Turdus merula"", ""Prunella modularis"", ""Erithacus rubecula"", ""Alectoris rufa""]",48000,https://xeno-canto.org/384022,https://xeno-canto.org/384022/download,
382634,Emberiza citrinella,Yellowhammer,Antonio Xeira,Germany,2017-08-01,08:30,44,C,call,field recording,yes,[],44100,https://xeno-canto.org/382634,https://xeno-canto.org/382634/download,
380182,Emberiza citrinella,Yellowhammer,Jerome Fischer,Switzerland,2017-07-05,09:00,22,C,call,field recording,yes,[],48000,https://xeno-canto.org/380182,https://xeno-canto.org/380182/download,
377539,Emberiza citrinella,Yellowhammer,david m,United Kingdom,2017-03-14,05:37,54,C,call,field recording,yes,"[""Turdus philomelos"", ""Corvus corone""]",48000,https://xeno-canto.org/377539,https://xeno-canto.org/377539/download,
377091,Emberiza citrinella,Yellowhammer,Egidio Fulco,Italy,2016-07-10,18:00,18,C,song,field recording,unknown,[],48000,https://xeno-canto.org/377091,https://xeno-canto.org/377091/download,
376409,Emberiza citrinella,Yellowhammer,david m,United Kingdom,2017-06-12,07:27,11,C,"call, song",field recording,yes,[],48000,https://xeno-canto.org/376409,https://xeno-canto.org/376409/download,
375170,Emberiza citrinella,Yellowhammer,david m,United Kingdom,2017-03-12,05:39,34,C,call,field recording,yes,"[""Fringilla coelebs"", ""Turdus philomelos""]",48000,https://xeno-canto.org/375170,https://xeno-canto.org/375170/download,
373982,Emberiza citrinella,Yellowhammer,david m,United Kingdom,2017-03-06,07:18,33,C,song,field recording,yes,"[""Prunella modularis"", ""Alectoris rufa""]",48000,https://xeno-canto.org/373982,https://xeno-canto.org/373982/download,
373537,Emberiza citrinella,Yellowhammer,david m,United Kingdom,2017-03-05,08:39,14,C,song,field recording,yes,"[""Prunella modularis""]",48000,https://xeno-canto.org/373537,https://xeno-canto.org/373537/download,
373536,Emberiza citrinella,Yellowhammer,david m,United Kingdom,2017-03-05,08:34,18,C,song,field recording,yes,"[""Cyanistes caeruleus"", ""Corvus corone""]",48000,https://xeno-canto.org/373536,https://xeno-canto.org/373536/download,
373535,Emberiza citrinella,Yellowhammer,david m,United Kingdom,2017-03-05,08:29,47,C,call,field recording,yes,"[""Fringilla coelebs"", ""Turdus merula"", ""Corvus corone"", ""Erithacus rubecula""]",48000,https://xeno-canto.org/373535,https://xeno-canto.org/373535/download,
372828,Emberiza citrinella,Yellowhammer,david m,United Kingdom,2017-03-05,07:29,25,C,song,field recording,yes,[],48000,https://xeno-canto.org/372828,https://xeno-canto.org/372828/download,
372273,Emberiza citrinella,Yellowhammer,Bernard King,Ireland,2017-03-28,10:30,43,C,call,field recording,yes,[],44100,https://xeno-canto.org/372273,https://xeno-canto.org/372273/download,
368780,Emberiza citrinella,Yellowhammer,Annette Hamann,Germany,2017-05-06,07:00,12,C,begging call,field recording,yes,[],44100,https://xeno-canto.org/368780,https://xeno-canto.org/368780/download,
367010,Emberiza citrinella,Yellowhammer,Stein Ø. Nilsen,Norway,2017-04-29,08:00,23,C,call,field recording,yes,[],48000,https://xeno-canto.org/367010,https://xeno-canto.org/367010/download,
365969,Emberiza citrinella,Yellowhammer,david m,United Kingdom,2017-03-03,08:08,48,C,song,field recording,yes,"[""Alauda arvensis"", ""Fringilla coelebs""]",48000,https://xeno-canto.org/365969,https://xeno-canto.org/365969/download,
365968,Emberiza citrinella,Yellowhammer,david m,United Kingdom,2017-03-03,08:07,57,C,song,field recording,yes,"[""Fringilla coelebs"", ""Corvus frugilegus"", ""Passer montanus""]",48000,https://xeno-canto.org/365968,https://xeno-canto.org/365968/download,
365954,Emberiza citrinella,Yellowhammer,david m,United Kingdom,2017-03-03,07:16,40,C,call,field recording,yes,"[""Turdus philomelos""]",48000,https://xeno-canto.org/365954,https://xeno-canto.org/365954/download,
357730,Emberiza citrinella,Yellowhammer,Manuel Schweizer,Switzerland,2017-03-03,09:00,3,C,song,field recording,yes,[],44100,https://xeno-canto.org/357730,https://xeno-canto.org/357730/download,
356625,Emberiza citrinella,Yellowhammer,david m,United Kingdom,2017-02-05,07:35,17,C,"call, flight call",field recording,yes,[],48000,https://xeno-canto.org/356625,https://xeno-canto.org/356625/download,
356332,Emberiza citrinella,Yellowhammer,Marco Dragonetti,Poland,2016-07-16,15:30,49,C,song,field recording,yes,[],48000,https://xeno-canto.org/356332,https://xeno-canto.org/356332/download,
354766,Emberiza citrinella,Yellowhammer,johannes buhl,Germany,2017-01-30,12:30,56,C,call,field recording,no,[],32000,https://xeno-canto.org/354766,https://xeno-canto.org/354766/download,
354753,Emberiza citrinella,Yellowhammer,johannes buhl,Germany,2017-01-30,09:00,39,C,"call, flight call",field recording,no,[],32000,https://xeno-canto.org/354753,https://xeno-canto.org/354753/download,
344721,Emberiza citrinella,Yellowhammer,david m,United Kingdom,2016-08-01,06:40,53,C,song,field recording,yes,"[""Columba palumbus""]",48000,https://xeno-canto.org/344721,https://xeno-canto.org/344721/download,
341550,Emberiza citrinella,Yellowhammer,david m,United Kingdom,2016-07-14,06:07,49,C,song,field recording,yes,"[""Fringilla coelebs"", ""Curruca communis""]",48000,https://xeno-canto.org/341550,https://xeno-canto.org/341550/download,
333547,Emberiza citrinella,Yellowhammer,Tom Wulf,Germany,2016-08-30,08:05,17,C,flight call,field recording,unknown,[],48000,https://xeno-canto.org/333547,https://xeno-canto.org/333547/download,
331028,Emberiza citrinella,Yellowhammer,david m,United Kingdom,2016-04-25,07:01,38,C,song,field recording,yes,"[""Columba palumbus"", ""Phylloscopus trochilus"", ""Erithacus rubecula""]",48000,https://xeno-canto.org/331028,https://xeno-canto.org/331028/download,
330723,Emberiza citrinella,Yellowhammer,david m,United Kingdom,2016-04-23,07:52,59,C,call,field recording,yes,"[""Columba palumbus"", ""Phylloscopus trochilus"", ""Phasianus colchicus"", ""Linaria cannabina""]",48000,https://xeno-canto.org/330723,https://xeno-canto.org/330723/download,
330702,Emberiza citrinella,Yellowhammer,david m,United Kingdom,2016-04-23,06:52,30,C,"call, song",field recording,yes,"[""Phylloscopus trochilus"", ""Corvus corone"", ""Troglodytes troglodytes"", ""Phasianus colchicus""]",48000,https://xeno-canto.org/330702,https://xeno-canto.org/330702/download,
330570,Emberiza citrinella,Yellowhammer,david m,United Kingdom,2016-04-22,07:21,45,C,call,field recording,yes,"[""Alauda arvensis"", ""Coturnix coturnix""]",48000,https://xeno-canto.org/330570,https://xeno-canto.org/330570/download,
330438,Emberiza citrinella,Yellowhammer,Piotr Szczypinski,Poland,2015-09-04,12:00,11,C,flight call,field recording,no,[],48000,https://xeno-canto.org/330438,https://xeno-canto.org/330438/download,
330257,Emberiza citrinella,Yellowhammer,david m,United Kingdom,2016-04-19,07:36,53,C,call,field recording,yes,[],48000,https://xeno-canto.org/330257,https://xeno-canto.org/330257/download,
328774,Emberiza citrinella,Yellowhammer,david m,United Kingdom,2016-04-07,05:58,59,C,call,field recording,yes,"[""Alauda arvensis"", ""Turdus philomelos""]",48000,https://xeno-canto.org/328774,https://xeno-canto.org/328774/download,
328747,Emberiza citrinella,Yellowhammer,david m,United Kingdom,2016-04-06,07:30,23,C,call,field recording,yes,[],48000,https://xeno-canto.org/328747,https://xeno-canto.org/328747/download,
328640,Emberiza citrinella,Yellowhammer,Piotr Szczypinski,Poland,2016-07-25,08:00,51,C,song,field recording,yes,[],48000,https://xeno-canto.org/328640,https://xeno-canto.org/328640/download,
328109,Emberiza citrinella,Yellowhammer,johannes buhl,Germany,2016-07-06,18:00,42,C,flight call,field recording,no,[],48000,https://xeno-canto.org/328109,https://xeno-canto.org/328109/download,
328075,Emberiza citrinella,Yellowhammer,Cedric Mroczko,France,2016-06-03,20:20,33,C,song,field recording,yes,"[""Fringilla coelebs"", ""Turdus merula"", ""Lullula arborea"", ""Periparus ater""]",44100,https://xeno-canto.org/328075,https://xeno-canto.org/328075/download,
327725,Emberiza citrinella,Yellowhammer,Piotr Szczypinski,Poland,2016-07-18,12:00,43,C,song,field recording,yes,"[""Emberiza citrinella""]",48000,https://xeno-canto.org/327725,https://xeno-canto.org/327725/download,
327722,Emberiza citrinella,Yellowhammer,Piotr Szczypinski,Poland,2016-07-18,08:30,50,C,song,field recording,yes,"[""Alauda arvensis"", ""Grus grus"", ""Emberiza citrinella""]",48000,https://xeno-canto.org/327722,https://xeno-canto.org/327722/download,
327407,Emberiza citrinella,Yellowhammer,Piotr Szczypinski,Poland,2016-07-16,09:30,49,C,song,field recording,yes,"[""Alauda arvensis"", ""Emberiza calandra"", ""Emberiza citrinella""]",48000,https://xeno-canto.org/327407,https://xeno-canto.org/327407/download,
323592,Emberiza citrinella,Yellowhammer,Piotr Szczypinski,Poland,2016-06-21,11:30,51,C,song,field recording,yes,[],48000,https://xeno-canto.org/323592,https://xeno-canto.org/323592/download,
322307,Emberiza citrinella,Yellowhammer,david m,United Kingdom,2016-06-05,07:49,58,C,song,field recording,yes,"[""Alauda arvensis""]",48000,https://xeno-canto.org/322307,https://xeno-canto.org/322307/download,
321194,Emberiza citrinella,Yellowhammer,david m,United Kingdom,2016-06-03,07:26,48,C,song,field recording,yes,"[""Fringilla coelebs"", ""Turdus merula"", ""Linaria cannabina""]",48000,https://xeno-canto.org/321194,https://xeno-canto.org/321194/download,
315022,Emberiza citrinella,Yellowhammer,david m,United Kingdom,2016-03-26,08:14,23,C,call,field recording,yes,[],48000,https://xeno-canto.org/315022,https://xeno-canto.org/315022/download,
313968,Emberiza citrinella,Yellowhammer,david m,United Kingdom,2016-03-13,07:11,24,C,call,field recording,yes,"[""Troglodytes troglodytes"", ""Linaria cannabina""]",48000,https://xeno-canto.org/313968,https://xeno-canto.org/313968/download,
313966,Emberiza citrinella,Yellowhammer,david m,United Kingdom,2016-03-13,07:10,38,C,call,field recording,yes,"[""Linaria cannabina""]",48000,https://xeno-canto.org/313966,https://xeno-canto.org/313966/download,
313206,Emberiza citrinella,Yellowhammer,david m,United Kingdom,2016-03-08,06:29,42,C,song,field recording,yes,"[""Fringilla coelebs"", ""Corvus corone""]",48000,https://xeno-canto.org/313206,https://xeno-canto.org/313206/download,
312860,Emberiza citrinella,Yellowhammer,david m,United Kingdom,2016-03-06,08:50,24,C,call,field recording,yes,"[""Alauda arvensis""]",48000,https://xeno-canto.org/312860,https://xeno-canto.org/312860/download,
312836,Emberiza citrinella,Yellowhammer,david m,United Kingdom,2016-03-06,06:52,54,C,"call, song",field recording,yes,"[""Alauda arvensis"", ""Corvus corone"", ""Pica pica"", ""Phasianus colchicus""]",48000,https://xeno-canto.org/312836,https://xeno-canto.org/312836/download,
312528,Emberiza citrinella,Yellowhammer,david m,United Kingdom,2016-03-05,07:29,41,C,song,field recording,yes,"[""Alauda arvensis"", ""Fringilla coelebs"", ""Turdus merula""]",48000,https://xeno-canto.org/312528,https://xeno-canto.org/312528/download,
312525,Emberiza citrinella,Yellowhammer,david m,United Kingdom,2016-03-05,07:16,38,C,call,field recording,yes,"[""Alauda arvensis"", ""Fringilla coelebs"", ""Turdus merula""]",48000,https://xeno-canto.org/312525,https://xeno-canto.org/312525/download,
312523,Emberiza citrinella,Yellowhammer,david m,United Kingdom,2016-03-05,06:59,52,C,song,field recording,yes,"[""Fringilla coelebs"", ""Turdus merula"", ""Corvus corone""]",48000,https://xeno-canto.org/312523,https://xeno-canto.org/312523/download,
312388,Emberiza citrinella,Yellowhammer,david m,United Kingdom,2016-03-03,07:58,27,C,song,field recording,yes,"[""Fringilla coelebs"", ""Corvus corone""]",48000,https://xeno-canto.org/312388,https://xeno-canto.org/312388/download,
312384,Emberiza citrinella,Yellowhammer,david m,United Kingdom,2016-03-03,07:43,29,C,"call, song",field recording,yes,"[""Fringilla coelebs""]",48000,https://xeno-canto.org/312384,https://xeno-canto.org/312384/download,
311002,Emberiza citrinella,Yellowhammer,david m,United Kingdom,2016-02-29,08:33,47,C,song,field recording,yes,[],48000,https://xeno-canto.org/311002,https://xeno-canto.org/311002/download,
310988,Emberiza citrinella,Yellowhammer,david m,United Kingdom,2016-02-29,07:09,54,C,"call, song",field recording,yes,"[""Corvus corone"", ""Phasianus colchicus""]",48000,https://xeno-canto.org/310988,https://xeno-canto.org/310988/download,
310986,Emberiza citrinella,Yellowhammer,david m,United Kingdom,2016-02-29,06:50,54,C,song,field recording,yes,"[""Turdus philomelos"", ""Prunella modularis"", ""Corvus corone"", ""Phasianus colchicus""]",48000,https://xeno-canto.org/310986,https://xeno-canto.org/310986/download,
310975,Emberiza citrinella,Yellowhammer,david m,United Kingdom,2016-02-27,07:28,23,C,"call, song",field recording,yes,"[""Turdus philomelos""]",48000,https://xeno-canto.org/310975,https://xeno-canto.org/310975/download,
310965,Emberiza citrinella,Yellowhammer,david m,United Kingdom,2016-02-24,08:25,45,C,song,field recording,yes,"[""Alauda arvensis"", ""Fringilla coelebs""]",48000,https://xeno-canto.org/310965,https://xeno-canto.org/310965/download,
310863,Emberiza citrinella,Yellowhammer,Toon Jansen,Belgium,2014-10-23,08:30,20,C,flight call,field recording,unknown,[],48000,https://xeno-canto.org/310863,https://xeno-canto.org/310863/download,
310607,Emberiza citrinella,Yellowhammer,david m,United Kingdom,2016-02-23,08:00,47,C,song,field recording,yes,"[""Fringilla coelebs""]",48000,https://xeno-canto.org/310607,https://xeno-canto.org/310607/download,
309510,Emberiza citrinella,Yellowhammer,david m,United Kingdom,2016-02-16,07:29,43,C,call,field recording,yes,"[""Fringilla coelebs"", ""Corvus corone""]",48000,https://xeno-canto.org/309510,https://xeno-canto.org/309510/download,
309509,Emberiza citrinella,Yellowhammer,david m,United Kingdom,2016-02-16,07:28,12,C,call,field recording,yes,"[""Fringilla coelebs""]",48000,https://xeno-canto.org/309509,https://xeno-canto.org/309509/download,
308033,Emberiza citrinella,Yellowhammer,david m,United Kingdom,2016-01-17,08:55,50,C,call,field recording,yes,[],48000,https://xeno-canto.org/308033,https://xeno-canto.org/308033/download,
307015,Emberiza citrinella,Yellowhammer,Piotr Szczypinski,Poland,2016-03-12,13:30,40,C,song,field recording,yes,[],48000,https://xeno-canto.org/307015,https://xeno-canto.org/307015/download,
306545,Emberiza citrinella,Yellowhammer,david m,United Kingdom,2016-01-01,08:49,58,C,call,field recording,yes,"[""Buteo buteo"", ""Turdus merula"", ""Corvus corone""]",48000,https://xeno-canto.org/306545,https://xeno-canto.org/306545/download,
304547,Emberiza citrinella,Yellowhammer,david m,United Kingdom,2015-06-07,06:46,49,C,song,field recording,yes,"[""Alauda arvensis""]",48000,https://xeno-canto.org/304547,https://xeno-canto.org/304547/download,
304546,Emberiza citrinella,Yellowhammer,david m,United Kingdom,2015-06-07,06:42,39,C,song,field recording,yes,"[""Alauda arvensis""]",48000,https://xeno-canto.org/304546,https://xeno-canto.org/304546/download,
304545,Emberiza citrinella,Yellowhammer,david m,United Kingdom,2015-06-07,06:41,36,C,song,field recording,yes,"[""Alauda arvensis""]",48000,https://xeno-canto.org/304545,https://xeno-canto.org/304545/download,
303778,Emberiza citrinella,Yellowhammer,david m,United Kingdom,2011-04-03,05:27,19,C,song,field recording,yes,[],48000,https://xeno-canto.org/303778,https://xeno-canto.org/303778/download,
303518,Emberiza citrinella,Yellowhammer,johannes buhl,Germany,2016-02-14,10:00,24,C,song,field recording,no,"[""Sturnus vulgaris""]",48000,https://xeno-canto.org/303518,https://xeno-canto.org/303518/download,
303517,Emberiza citrinella,Yellowhammer,johannes buhl,Germany,2016-02-14,10:00,51,C,song,field recording,no,[],48000,https://xeno-canto.org/303517,https://xeno-canto.org/303517/download,
301015,Emberiza citrinella,Yellowhammer,david m,United Kingdom,2014-02-19,08:35,34,C,song,field recording,yes,"[""Alauda arvensis"", ""Fringilla coelebs""]",48000,https://xeno-canto.org/301015,https://xeno-canto.org/301015/download,
301010,Emberiza citrinella,Yellowhammer,david m,United Kingdom,2014-02-18,08:40,37,C,call,field recording,yes,"[""Alauda arvensis""]",48000,https://xeno-canto.org/301010,https://xeno-canto.org/301010/download,
285431,Emberiza citrinella,Yellowhammer,johannes buhl,Germany,2015-10-17,11:00,12,C,flight call,field recording,no,[],44100,https://xeno-canto.org/285431,https://xeno-canto.org/285431/download,
285429,Emberiza citrinella,Yellowhammer,johannes buhl,Germany,2015-10-17,11:00,29,C,"call, flight call",field recording,no,[],44100,https://xeno-canto.org/285429,https://xeno-canto.org/285429/download,
285022,Emberiza citrinella,Yellowhammer,david m,United Kingdom,2014-06-24,07:48,52,C,song,field recording,yes,"[""Fringilla coelebs""]",48000,https://xeno-canto.org/285022,https://xeno-canto.org/285022/download,
285008,Emberiza citrinella,Yellowhammer,david m,United Kingdom,2014-06-24,05:29,52,C,song,field recording,yes,"[""Alauda arvensis""]",48000,https://xeno-canto.org/285008,https://xeno-canto.org/285008/download,
285007,Emberiza citrinella,Yellowhammer,david m,United Kingdom,2014-06-24,05:27,38,C,song,field recording,yes,"[""Alauda arvensis""]",48000,https://xeno-canto.org/285007,https://xeno-canto.org/285007/download,
283288,Emberiza citrinella,Yellowhammer,david m,United Kingdom,2015-07-11,06:33,34,C,song,field recording,yes,"[""Curruca communis""]",48000,https://xeno-canto.org/283288,https://xeno-canto.org/283288/download,
283286,Emberiza citrinella,Yellowhammer,david m,United Kingdom,2015-07-11,06:30,36,C,song,field recording,yes,"[""Turdus merula"", ""Curruca communis""]",48000,https://xeno-canto.org/283286,https://xeno-canto.org/283286/download,
282110,Emberiza citrinella,Yellowhammer,david m,United Kingdom,2015-07-06,06:10,50,C,song,field recording,yes,"[""Curruca communis""]",48000,https://xeno-canto.org/282110,https://xeno-canto.org/282110/download,
278295,Emberiza citrinella,Yellowhammer,david m,United Kingdom,2015-06-15,07:23,47,C,song,field recording,yes,[],48000,https://xeno-canto.org/278295,https://xeno-canto.org/278295/download,
277618,Emberiza citrinella,Yellowhammer,david m,United Kingdom,2015-06-24,05:26,22,C,song,field recording,yes,"[""Curruca communis""]",48000,https://xeno-canto.org/277618,https://xeno-canto.org/277618/download,
274890,Emberiza citrinella,Yellowhammer,Eetu Paljakka,Finland,2015-06-23,05:49,34,C,"begging call, call",field recording,no,"[""Cyanistes caeruleus"", ""Fringilla coelebs"", ""Emberiza citrinella"", ""Curruca communis""]",44100,https://xeno-canto.org/274890,https://xeno-canto.org/274890/download,
270563,Emberiza citrinella,Yellowhammer,david m,United Kingdom,2015-06-15,06:37,47,C,song,field recording,yes,"[""Columba palumbus""]",48000,https://xeno-canto.org/270563,https://xeno-canto.org/270563/download,
270557,Emberiza citrinella,Yellowhammer,david m,United Kingdom,2015-06-15,05:47,40,C,song,field recording,yes,"[""Curruca communis""]",48000,https://xeno-canto.org/270557,https://xeno-canto.org/270557/download,
269192,Emberiza citrinella,Yellowhammer,david m,United Kingdom,2015-06-17,06:01,56,C,,field recording,yes,"[""Alauda arvensis"", ""Motacilla flava""]",48000,https://xeno-canto.org/269192,https://xeno-canto.org/269192/download,
268290,Emberiza citrinella,Yellowhammer,david m,United Kingdom,2015-06-03,06:16,22,C,song,field recording,yes,"[""Fringilla coelebs"", ""Curruca curruca""]",48000,https://xeno-canto.org/268290,https://xeno-canto.org/268290/download,
265608,Emberiza citrinella,Yellowhammer,david m,United Kingdom,2015-05-28,06:27,36,C,song,field recording,yes,"[""Troglodytes troglodytes""]",48000,https://xeno-canto.org/265608,https://xeno-canto.org/265608/download,
263669,Emberiza citrinella,Yellowhammer,david m,United Kingdom,2015-05-24,07:49,42,C,song,field recording,yes,"[""Alauda arvensis""]",48000,https://xeno-canto.org/263669,https://xeno-canto.org/263669/download,
263653,Emberiza citrinella,Yellowhammer,david m,United Kingdom,2015-05-24,05:33,37,C,song,field recording,yes,"[""Emberiza calandra""]",48000,https://xeno-canto.org/263653,https://xeno-canto.org/263653/download,
261453,Emberiza citrinella,Yellowhammer,david m,United Kingdom,2015-05-15,07:05,54,C,song,field recording,yes,"[""Alauda arvensis"", ""Emberiza calandra"", ""Linaria cannabina""]",48000,https://xeno-canto.org/261453,https://xeno-canto.org/261453/download,
261450,Emberiza citrinella,Yellowhammer,david m,United Kingdom,2015-05-15,06:39,32,C,song,field recording,yes,"[""Phylloscopus trochilus"", ""Curruca communis""]",48000,https://xeno-canto.org/261450,https://xeno-canto.org/261450/download,
260118,Emberiza citrinella,Yellowhammer,david m,United Kingdom,2015-05-19,05:50,34,C,song,field recording,yes,"[""Alauda arvensis"", ""Emberiza calandra""]",48000,https://xeno-canto.org/260118,https://xeno-canto.org/260118/download,
255861,Emberiza citrinella,Yellowhammer,david m,United Kingdom,2015-05-16,06:54,31,C,song,field recording,yes,"[""Phylloscopus trochilus""]",48000,https://xeno-canto.org/255861,https://xeno-canto.org/255861/download,
255847,Emberiza citrinella,Yellowhammer,david m,United Kingdom,2015-05-16,06:04,15,C,song,field recording,yes,[],48000,https://xeno-canto.org/255847,https://xeno-canto.org/255847/download,
255670,Emberiza citrinella,Yellowhammer,david m,United Kingdom,2015-05-15,05:03,12,C,call,field recording,yes,[],48000,https://xeno-canto.org/255670,https://xeno-canto.org/255670/download,
255518,Emberiza citrinella,Yellowhammer,david m,United Kingdom,2015-05-13,06:14,46,C,song,field recording,yes,"[""Phylloscopus trochilus"", ""Troglodytes troglodytes"", ""Phasianus colchicus""]",48000,https://xeno-canto.org/255518,https://xeno-canto.org/255518/download,
255199,Emberiza citrinella,Yellowhammer,david m,United Kingdom,2015-05-10,08:51,22,C,song,field recording,yes,[],48000,https://xeno-canto.org/255199,https://xeno-canto.org/255199/download,
255180,Emberiza citrinella,Yellowhammer,david m,United Kingdom,2015-05-10,06:16,42,C,song,field recording,yes,[],48000,https://xeno-canto.org/255180,https://xeno-canto.org/255180/download,
252475,Emberiza citrinella,Yellowhammer,david m,United Kingdom,2015-04-24,06:37,19,C,call,field recording,yes,[],48000,https://xeno-canto.org/252475,https://xeno-canto.org/252475/download,
245709,Emberiza citrinella,Yellowhammer,david m,United Kingdom,2015-05-20,07:54,17,C,call,field recording,yes,[],48000,https://xeno-canto.org/245709,https://xeno-canto.org/245709/download,
245708,Emberiza citrinella,Yellowhammer,david m,United Kingdom,2015-05-20,07:34,50,C,song,field recording,yes,[],48000,https://xeno-canto.org/245708,https://xeno-canto.org/245708/download,
245668,Emberiza citrinella,Yellowhammer,david m,United Kingdom,2015-04-19,05:56,31,C,call,field recording,yes,[],48000,https://xeno-canto.org/245668,https://xeno-canto.org/245668/download,
243886,Emberiza citrinella,Yellowhammer,Frank Holzapfel,Austria,2015-05-09,?,23,C,song,field recording,no,[],44100,https://xeno-canto.org/243886,https://xeno-canto.org/243886/download,
243884,Emberiza citrinella,Yellowhammer,david m,United Kingdom,2015-04-10,06:09,32,C,song,field recording,yes,[],48000,https://xeno-canto.org/243884,https://xeno-canto.org/243884/download,
241884,Emberiza citrinella,Yellowhammer,Eddy Scheinpflug,Belgium,2015-04-25,06:30,13,C,"call, song",field recording,yes,[],48000,https://xeno-canto.org/241884,https://xeno-canto.org/241884/download,
241883,Emberiza citrinella,Yellowhammer,Eddy Scheinpflug,Belgium,2015-04-24,15:50,13,C,song,field recording,yes,[],48000,https://xeno-canto.org/241883,https://xeno-canto.org/241883/download,
241856,Emberiza citrinella,Yellowhammer,david m,United Kingdom,2015-04-06,07:25,43,C,call,field recording,yes,[],48000,https://xeno-canto.org/241856,https://xeno-canto.org/241856/download,
241403,Emberiza citrinella,Yellowhammer,david m,United Kingdom,2015-03-30,06:47,30,C,song,field recording,yes,[],48000,https://xeno-canto.org/241403,https://xeno-canto.org/241403/download,
240548,Emberiza citrinella,Yellowhammer,david m,United Kingdom,2015-04-01,06:44,22,C,"call, song",field recording,yes,[],48000,https://xeno-canto.org/240548,https://xeno-canto.org/240548/download,
240151,Emberiza citrinella,Yellowhammer,david m,United Kingdom,2015-03-29,07:47,52,C,song,field recording,yes,"[""Fringilla coelebs""]",48000,https://xeno-canto.org/240151,https://xeno-canto.org/240151/download,
239874,Emberiza citrinella,Yellowhammer,david m,United Kingdom,2015-03-16,06:58,31,C,song,field recording,yes,[],48000,https://xeno-canto.org/239874,https://xeno-canto.org/239874/download,
239532,Emberiza citrinella,Yellowhammer,david m,United Kingdom,2015-03-19,06:54,38,C,song,field recording,yes,"[""Turdus philomelos""]",48000,https://xeno-canto.org/239532,https://xeno-canto.org/239532/download,
237588,Emberiza citrinella,Yellowhammer,david m,United Kingdom,2015-03-13,06:35,54,C,song,field recording,yes,[],48000,https://xeno-canto.org/237588,https://xeno-canto.org/237588/download,
237585,Emberiza citrinella,Yellowhammer,david m,United Kingdom,2015-03-13,06:22,34,C,song,field recording,yes,[],48000,https://xeno-canto.org/237585,https://xeno-canto.org/237585/download,
237188,Emberiza citrinella,Yellowhammer,Eetu Paljakka,Finland,2015-04-25,05:52,38,C,song,field recording,yes,"[""Fringilla coelebs"", ""Turdus merula""]",44100,https://xeno-canto.org/237188,https://xeno-canto.org/237188/download,
234043,Emberiza citrinella,Yellowhammer,david m,United Kingdom,2015-03-15,07:27,42,C,song,field recording,yes,[],48000,https://xeno-canto.org/234043,https://xeno-canto.org/234043/download,
234035,Emberiza citrinella,Yellowhammer,david m,United Kingdom,2015-03-15,07:02,30,C,song,field recording,yes,"[""Fringilla coelebs""]",48000,https://xeno-canto.org/234035,https://xeno-canto.org/234035/download,
233616,Emberiza citrinella,Yellowhammer,Piotr Szczypinski,Poland,2015-03-23,09:00,32,C,song,field recording,yes,[],48000,https://xeno-canto.org/233616,https://xeno-canto.org/233616/download,
233542,Emberiza citrinella,Yellowhammer,david m,United Kingdom,2015-03-09,07:56,45,C,song,field recording,yes,"[""Alauda arvensis"", ""Emberiza calandra""]",48000,https://xeno-canto.org/233542,https://xeno-canto.org/233542/download,
233541,Emberiza citrinella,Yellowhammer,david m,United Kingdom,2015-03-09,07:50,41,C,song,field recording,yes,"[""Fringilla coelebs"", ""Prunella modularis""]",48000,https://xeno-canto.org/233541,https://xeno-canto.org/233541/download,
233256,Emberiza citrinella,Yellowhammer,david m,United Kingdom,2015-03-09,07:00,59,C,song,field recording,yes,[],48000,https://xeno-canto.org/233256,https://xeno-canto.org/233256/download,
229898,Emberiza citrinella,Yellowhammer,david m,United Kingdom,2015-03-08,09:05,53,C,song,field recording,yes,[],48000,https://xeno-canto.org/229898,https://xeno-canto.org/229898/download,
229686,Emberiza citrinella,Yellowhammer,david m,United Kingdom,2015-03-08,08:56,31,C,song,field recording,yes,"[""Alauda arvensis"", ""Fringilla coelebs""]",48000,https://xeno-canto.org/229686,https://xeno-canto.org/229686/download,
229583,Emberiza citrinella,Yellowhammer,david m,United Kingdom,2015-03-08,08:45,52,C,song,field recording,yes,"[""Fringilla coelebs"", ""Emberiza calandra""]",48000,https://xeno-canto.org/229583,https://xeno-canto.org/229583/download,
220495,Emberiza citrinella,Yellowhammer,david m,United Kingdom,2015-03-08,08:12,39,C,song,field recording,yes,"[""Prunella modularis""]",48000,https://xeno-canto.org/220495,https://xeno-canto.org/220495/download,
220487,Emberiza citrinella,Yellowhammer,david m,United Kingdom,2015-03-08,07:18,59,C,song,field recording,yes,"[""Alauda arvensis"", ""Fringilla coelebs""]",48000,https://xeno-canto.org/220487,https://xeno-canto.org/220487/download,
220471,Emberiza citrinella,Yellowhammer,david m,United Kingdom,2015-03-08,06:47,40,C,song,field recording,yes,"[""Alauda arvensis"", ""Fringilla coelebs"", ""Corvus corone""]",48000,https://xeno-canto.org/220471,https://xeno-canto.org/220471/download,
216681,Emberiza citrinella,Yellowhammer,david m,United Kingdom,2015-03-07,07:54,11,C,song,field recording,yes,[],48000,https://xeno-canto.org/216681,https://xeno-canto.org/216681/download,
216680,Emberiza citrinella,Yellowhammer,david m,United Kingdom,2015-03-07,07:51,17,C,song,field recording,yes,[],48000,https://xeno-canto.org/216680,https://xeno-canto.org/216680/download,
216678,Emberiza citrinella,Yellowhammer,david m,United Kingdom,2015-03-07,07:34,30,C,song,field recording,yes,[],48000,https://xeno-canto.org/216678,https://xeno-canto.org/216678/download,
216676,Emberiza citrinella,Yellowhammer,david m,United Kingdom,2015-03-07,07:27,47,C,song,field recording,yes,"[""Fringilla coelebs""]",48000,https://xeno-canto.org/216676,https://xeno-canto.org/216676/download,
216394,Emberiza citrinella,Yellowhammer,david m,United Kingdom,2015-03-06,06:43,58,C,song,field recording,yes,[],48000,https://xeno-canto.org/216394,https://xeno-canto.org/216394/download,
216391,Emberiza citrinella,Yellowhammer,david m,United Kingdom,2015-03-05,07:40,23,C,song,field recording,yes,[],48000,https://xeno-canto.org/216391,https://xeno-canto.org/216391/download,
216388,Emberiza citrinella,Yellowhammer,david m,United Kingdom,2015-03-05,07:07,19,C,song,field recording,yes,[],48000,https://xeno-canto.org/216388,https://xeno-canto.org/216388/download,
216384,Emberiza citrinella,Yellowhammer,david m,United Kingdom,2015-03-05,06:38,56,C,"call, song",field recording,yes,"[""Fringilla coelebs"", ""Turdus philomelos""]",48000,https://xeno-canto.org/216384,https://xeno-canto.org/216384/download,
216199,Emberiza citrinella,Yellowhammer,david m,United Kingdom,2015-03-04,06:53,24,C,"call, song",field recording,yes,[],48000,https://xeno-canto.org/216199,https://xeno-canto.org/216199/download,
215896,Emberiza citrinella,Yellowhammer,david m,United Kingdom,2015-03-02,07:19,50,C,song,field recording,yes,[],48000,https://xeno-canto.org/215896,https://xeno-canto.org/215896/download,
215895,Emberiza citrinella,Yellowhammer,david m,United Kingdom,2015-03-02,07:17,59,C,song,field recording,yes,[],48000,https://xeno-canto.org/215895,https://xeno-canto.org/215895/download,
215891,Emberiza citrinella,Yellowhammer,david m,United Kingdom,2015-03-02,06:42,32,C,song,field recording,yes,[],48000,https://xeno-canto.org/215891,https://xeno-canto.org/215891/download,
215890,Emberiza citrinella,Yellowhammer,david m,United Kingdom,2015-03-02,06:20,58,C,"call, song",field recording,yes,[],48000,https://xeno-canto.org/215890,https://xeno-canto.org/215890/download,
215490,Emberiza citrinella,Yellowhammer,david m,United Kingdom,2015-02-25,07:40,47,C,song,field recording,yes,"[""Alauda arvensis"", ""Corvus corone"", ""Alectoris rufa""]",48000,https://xeno-canto.org/215490,https://xeno-canto.org/215490/download,
215389,Emberiza citrinella,Yellowhammer,david m,United Kingdom,2015-02-25,07:28,27,C,song,field recording,yes,[],48000,https://xeno-canto.org/215389,https://xeno-canto.org/215389/download,
215386,Emberiza citrinella,Yellowhammer,david m,United Kingdom,2015-02-25,07:02,31,C,song,field recording,yes,[],48000,https://xeno-canto.org/215386,https://xeno-canto.org/215386/download,
215384,Emberiza citrinella,Yellowhammer,david m,United Kingdom,2015-02-25,06:52,51,C,song,field recording,yes,"[""Turdus merula"", ""Alectoris rufa""]",48000,https://xeno-canto.org/215384,https://xeno-canto.org/215384/download,
215253,Emberiza citrinella,Yellowhammer,david m,United Kingdom,2015-02-23,07:44,36,C,call,field recording,yes,[],48000,https://xeno-canto.org/215253,https://xeno-canto.org/215253/download,
215120,Emberiza citrinella,Yellowhammer,david m,United Kingdom,2015-02-22,09:04,16,C,"call, flight call",field recording,yes,[],48000,https://xeno-canto.org/215120,https://xeno-canto.org/215120/download,
214897,Emberiza citrinella,Yellowhammer,david m,United Kingdom,2015-02-21,08:21,28,C,song,field recording,yes,[],48000,https://xeno-canto.org/214897,https://xeno-canto.org/214897/download,
214894,Emberiza citrinella,Yellowhammer,david m,United Kingdom,2015-02-21,07:46,28,C,"call, song",field recording,yes,"[""Prunella modularis""]",48000,https://xeno-canto.org/214894,https://xeno-canto.org/214894/download,
214888,Emberiza citrinella,Yellowhammer,david m,United Kingdom,2015-02-20,09:01,43,C,song,field recording,yes,[],48000,https://xeno-canto.org/214888,https://xeno-canto.org/214888/download,
214679,Emberiza citrinella,Yellowhammer,david m,United Kingdom,2015-02-22,07:15,28,C,song,field recording,yes,"[""Alauda arvensis"", ""Fringilla coelebs""]",48000,https://xeno-canto.org/214679,https://xeno-canto.org/214679/download,
214678,Emberiza citrinella,Yellowhammer,david m,United Kingdom,2015-02-22,07:14,33,C,song,field recording,yes,"[""Alauda arvensis""]",48000,https://xeno-canto.org/214678,https://xeno-canto.org/214678/download,
214674,Emberiza citrinella,Yellowhammer,david m,United Kingdom,2015-02-21,07:16,24,C,song,field recording,yes,"[""Fringilla coelebs""]",48000,https://xeno-canto.org/214674,https://xeno-canto.org/214674/download,
214602,Emberiza citrinella,Yellowhammer,david m,United Kingdom,2015-02-22,07:34,34,C,song,field recording,yes,[],48000,https://xeno-canto.org/214602,https://xeno-canto.org/214602/download,
214601,Emberiza citrinella,Yellowhammer,david m,United Kingdom,2015-02-22,07:32,34,C,song,field recording,yes,"[""Fringilla coelebs""]",48000,https://xeno-canto.org/214601,https://xeno-canto.org/214601/download,
214405,Emberiza citrinella,Yellowhammer,david m,United Kingdom,2015-02-21,07:50,14,C,song,field recording,yes,[],48000,https://xeno-canto.org/214405,https://xeno-canto.org/214405/download,
214403,Emberiza citrinella,Yellowhammer,david m,United Kingdom,2015-02-21,07:28,12,C,song,field recording,yes,[],48000,https://xeno-canto.org/214403,https://xeno-canto.org/214403/download,
214402,Emberiza citrinella,Yellowhammer,david m,United Kingdom,2015-02-21,07:25,46,C,song,field recording,yes,"[""Alauda arvensis"", ""Corvus corone""]",48000,https://xeno-canto.org/214402,https://xeno-canto.org/214402/download,
214399,Emberiza citrinella,Yellowhammer,david m,United Kingdom,2015-02-21,07:20,33,C,song,field recording,yes,[],48000,https://xeno-canto.org/214399,https://xeno-canto.org/214399/download,
214041,Emberiza citrinella,Yellowhammer,david m,United Kingdom,2015-02-17,07:19,28,C,song,field recording,yes,[],48000,https://xeno-canto.org/214041,https://xeno-canto.org/214041/download,
214039,Emberiza citrinella,Yellowhammer,david m,United Kingdom,2015-02-17,07:17,23,C,song,field recording,yes,"[""Turdus pilaris"", ""Fringilla coelebs"", ""Parus major""]",48000,https://xeno-canto.org/214039,https://xeno-canto.org/214039/download,
213938,Emberiza citrinella,Yellowhammer,david m,United Kingdom,2015-02-15,08:24,28,C,song,field recording,yes,"[""Fringilla coelebs""]",48000,https://xeno-canto.org/213938,https://xeno-canto.org/213938/download,
213926,Emberiza citrinella,Yellowhammer,david m,United Kingdom,2015-02-15,07:18,31,C,"call, song",field recording,yes,[],48000,https://xeno-canto.org/213926,https://xeno-canto.org/213926/download,
210435,Emberiza citrinella,Yellowhammer,david m,United Kingdom,2014-02-25,08:37,54,C,song,field recording,yes,"[""Alauda arvensis""]",48000,https://xeno-canto.org/210435,https://xeno-canto.org/210435/download,
210433,Emberiza citrinella,Yellowhammer,david m,United Kingdom,2014-02-25,08:32,54,C,song,field recording,yes,"[""Alauda arvensis""]",48000,https://xeno-canto.org/210433,https://xeno-canto.org/210433/download,
210175,Emberiza citrinella,Yellowhammer,david m,United Kingdom,2014-02-22,07:37,56,C,song,field recording,yes,[],48000,https://xeno-canto.org/210175,https://xeno-canto.org/210175/download,
208544,Emberiza citrinella,Yellowhammer,Eetu Paljakka,Finland,2014-10-05,11:54,36,C,call,field recording,yes,"[""Pica pica"", ""Chloris chloris""]",44100,https://xeno-canto.org/208544,https://xeno-canto.org/208544/download,
208123,Emberiza citrinella,Yellowhammer,Giovanni Boano,Italy,2013-02-03,08:30,25,C,"call, flight call",field recording,unknown,[],48000,https://xeno-canto.org/208123,https://xeno-canto.org/208123/download,
207120,Emberiza citrinella,Yellowhammer,Eetu Paljakka,Finland,2013-06-08,06:13,28,C,song,field recording,yes,"[""Alauda arvensis"", ""Phylloscopus trochilus"", ""Parus major""]",44100,https://xeno-canto.org/207120,https://xeno-canto.org/207120/download,
205032,Emberiza citrinella,Yellowhammer,david m,United Kingdom,2013-02-28,08:21,43,C,song,field recording,yes,[],48000,https://xeno-canto.org/205032,https://xeno-canto.org/205032/download,
204249,Emberiza citrinella,Yellowhammer,david m,United Kingdom,2012-10-28,09:46,31,C,song,field recording,yes,[],48000,https://xeno-canto.org/204249,https://xeno-canto.org/204249/download,
203997,Emberiza citrinella,Yellowhammer,david m,United Kingdom,2012-09-23,07:54,39,C,call,field recording,yes,"[""Corvus corone""]",48000,https://xeno-canto.org/203997,https://xeno-canto.org/203997/download,
202718,Emberiza citrinella,Yellowhammer,david m,United Kingdom,2014-11-16,07:42,43,C,"call, flight call",field recording,yes,[],48000,https://xeno-canto.org/202718,https://xeno-canto.org/202718/download,
202717,Emberiza citrinella,Yellowhammer,david m,United Kingdom,2014-11-16,07:40,34,C,"call, flight call",field recording,yes,"[""Perdix perdix"", ""Alectoris rufa""]",48000,https://xeno-canto.org/202717,https://xeno-canto.org/202717/download,
202044,Emberiza citrinella,Yellowhammer,Rob van Bemmelen,Netherlands,2014-11-01,11:00,25,C,call,field recording,yes,"[""Fringilla coelebs"", ""Prunella modularis""]",44100,https://xeno-canto.org/202044,https://xeno-canto.org/202044/download,
200215,Emberiza citrinella,Yellowhammer,david m,United Kingdom,2013-03-13,06:06,37,C,song,field recording,yes,[],48000,https://xeno-canto.org/200215,https://xeno-canto.org/200215/download,
199545,Emberiza citrinella,Yellowhammer,david m,United Kingdom,2013-03-17,07:38,40,C,song,field recording,yes,"[""Perdix perdix""]",48000,https://xeno-canto.org/199545,https://xeno-canto.org/199545/download,
199539,Emberiza citrinella,Yellowhammer,david m,United Kingdom,2013-03-17,07:10,59,C,song,field recording,yes,[],48000,https://xeno-canto.org/199539,https://xeno-canto.org/199539/download,
197954,Emberiza citrinella,Yellowhammer,Pavel Pipek,United Kingdom,2014-07-28,16:00,27,C,song,field recording,yes,[],44100,https://xeno-canto.org/197954,https://xeno-canto.org/197954/download,
196426,Emberiza citrinella,Yellowhammer,david m,United Kingdom,2012-05-26,05:32,36,C,call,field recording,yes,"[""Larus argentatus""]",48000,https://xeno-canto.org/196426,https://xeno-canto.org/196426/download,
180026,Emberiza citrinella,Yellowhammer,Bram Piot,Switzerland,2014-05-18,07:00,52,C,song,field recording,yes,"[""Columba palumbus"", ""Turdus philomelos"", ""Turdus merula""]",44100,https://xeno-canto.org/180026,https://xeno-canto.org/180026/download,
167164,Emberiza citrinella,Yellowhammer,Sonnenburg,Germany,2014-02-12,08:15,10,C,"call, song",field recording,yes,[],44100,https://xeno-canto.org/167164,https://xeno-canto.org/167164/download,
152337,Emberiza citrinella,Yellowhammer,Piotr Szczypinski,Poland,2013-10-20,09:30,17,C,call,field recording,no,[],48000,https://xeno-canto.org/152337,https://xeno-canto.org/152337/download,
146371,Emberiza citrinella,Yellowhammer,Thijs Fijen,Poland,2011-07-21,11:00,29,C,song,field recording,yes,[],44100,https://xeno-canto.org/146371,https://xeno-canto.org/146371/download,
143992,Emberiza citrinella,Yellowhammer,Fernand DEROUSSEN,France,2006-04-04,?,22,C,alarm call,field recording,yes,[],44100,https://xeno-canto.org/143992,https://xeno-canto.org/143992/download,
141409,Emberiza citrinella,Yellowhammer,Jordi Calvet,Spain,2013-06-30,07:33,34,C,call,field recording,yes,"[""Columba palumbus"", ""Luscinia megarhynchos""]",48000,https://xeno-canto.org/141409,https://xeno-canto.org/141409/download,
139784,Emberiza citrinella,Yellowhammer,Bram Piot,France,2013-06-20,11:00,31,C,song,field recording,yes,"[""Lanius collurio"", ""Apus apus""]",44100,https://xeno-canto.org/139784,https://xeno-canto.org/139784/download,
139558,Emberiza citrinella,Yellowhammer,Matthias Hemprich,Germany,2013-06-20,13:30,34,C,"song, variation",field recording,yes,[],44100,https://xeno-canto.org/139558,https://xeno-canto.org/139558/download,
138540,Emberiza citrinella,Yellowhammer,Piotr Szczypiński,Poland,2012-06-09,12:00,11,C,song,field recording,yes,"[""Fringilla coelebs""]",44100,https://xeno-canto.org/138540,https://xeno-canto.org/138540/download,
131535,Emberiza citrinella,Yellowhammer,Krzysiek Deoniziak,Poland,2013-04-26,12:30,8,C,call,field recording,no,"[""Alauda arvensis""]",48000,https://xeno-canto.org/131535,https://xeno-canto.org/131535/download,
105187,Emberiza citrinella,Yellowhammer,Joachim Rupik,Poland,2012-06-09,17:50,31,C,call,field recording,unknown,[],44100,https://xeno-canto.org/105187,https://xeno-canto.org/105187/download,
105185,Emberiza citrinella,Yellowhammer,Joachim Rupik,Poland,2012-06-09,19:00,57,C,song,field recording,unknown,[],44100,https://xeno-canto.org/105185,https://xeno-canto.org/105185/download,
101778,Emberiza citrinella,Yellowhammer,Alan Dalton,Sweden,2012-05-22,05.20am,52,C,song,field recording,unknown,[],44100,https://xeno-canto.org/101778,https://xeno-canto.org/101778/download,
96630,Emberiza citrinella,Yellowhammer,Johannes Buhl,Germany,2012-03-12,08:00 h,19,C,call,field recording,unknown,"[""Sturnus vulgaris""]",48000,https://xeno-canto.org/96630,https://xeno-canto.org/96630/download,
87121,Emberiza citrinella,Yellowhammer,Jelmer Poelstra,Sweden,2011-08-25,07:00,40,C,call,field recording,unknown,"[""Anthus trivialis""]",44100,https://xeno-canto.org/87121,https://xeno-canto.org/87121/download,
78410,Emberiza citrinella,Yellowhammer,Frank Lambert,United Kingdom,2011-03-19,15:00,38,C,song,field recording,unknown,[],44100,https://xeno-canto.org/78410,https://xeno-canto.org/78410/download,
77385,Emberiza citrinella,Yellowhammer,Louis A. Hansen,Denmark,2010-06-27,04:53,27,C,call,field recording,unknown,"[""Curruca communis""]",48000,https://xeno-canto.org/77385,https://xeno-canto.org/77385/download,
31637,Emberiza citrinella,Yellowhammer,Sander Bot,Netherlands,2009-03-19,?,24,C,song,field recording,unknown,[],44100,https://xeno-canto.org/31637,https://xeno-canto.org/31637/download,
26044,Emberiza citrinella,Yellowhammer,Stuart Fisher,United Kingdom,2005-12-21,16:30,19,C,flight call,field recording,yes,"[""Corvus frugilegus""]",44100,https://xeno-canto.org/26044,https://xeno-canto.org/26044/download,
25889,Emberiza citrinella,Yellowhammer,Niels Krabbe,Denmark,1988-04-25,xx:xx,36,C,"aberrant, song, aberrant song",field recording,unknown,[],44100,https://xeno-canto.org/25889,https://xeno-canto.org/25889/download,
