species_label,xc_id,sci_name,source_path,start_s,end_s,rms_db,rms_gate_thr_db,teacher_decision,teacher_top_sci,teacher_top_common,teacher_top_conf,teacher_max_conf,final_class,selected,selected_reason,clip_path,error
oenanthe_oenanthe,749579,Oenanthe oenanthe,/Users/justyna-przy/Projects/ISE/FYP/src/bird_data/raw/oenanthe_oenanthe/XC749579.mp3,1.0,4.0,-30.867137361802918,-30.867137361802918,species,Oenanthe oenanthe,Northern Wheatear,0.9898763298988342,0.9898763298988342,species,1,rand_species,/Users/justyna-przy/Projects/ISE/FYP/src/bird_data/clips/species/oenanthe_oenanthe/XC749579__s1000__e4000.wav,
oenanthe_oenanthe,596636,Oenanthe oenanthe,/Users/justyna-przy/Projects/ISE/FYP/src/bird_data/raw/oenanthe_oenanthe/XC596636.mp3,4.0,7.0,-29.274098037172926,-35.657394396989076,species,Oenanthe oenanthe,Northern Wheatear,0.9814311265945435,0.9814311265945435,species,0,,,
oenanthe_oenanthe,596636,Oenanthe oenanthe,/Users/justyna-przy/Projects/ISE/FYP/src/bird_data/raw/oenanthe_oenanthe/XC596636.mp3,7.0,10.0,-25.703703357886106,-35.657394396989076,species,Oenanthe oenanthe,Northern Wheatear,0.914788007736206,0.914788007736206,species,0,,,
oenanthe_oenanthe,596636,Oenanthe oenanthe,/Users/justyna-przy/Projects/ISE/FYP/src/bird_data/raw/oenanthe_oenanthe/XC596636.mp3,10.0,13.0,-25.91908934493937,-35.657394396989076,species,Oenanthe oenanthe,Northern Wheatear,0.8929394483566284,0.8929394483566284,species,0,,,
oenanthe_oenanthe,596636,Oenanthe oenanthe,/Users/justyna-przy/Projects/ISE/FYP/src/bird_data/raw/oenanthe_oenanthe/XC596636.mp3,13.0,16.0,-30.8057233821577,-35.657394396989076,species,Oenanthe oenanthe,Northern Wheatear,0.9206884503364563,0.9206884503364563,species,1,rand_species,/Users/justyna-przy/Projects/ISE/FYP/src/bird_data/clips/species/oenanthe_oenanthe/XC596636__s13000__e16000.wav,
oenanthe_oenanthe,596636,Oenanthe oenanthe,/Users/justyna-przy/Projects/ISE/FYP/src/bird_data/raw/oenanthe_oenanthe/XC596636.mp3,16.0,19.0,-25.563663979603433,-35.657394396989076,species,Oenanthe oenanthe,Northern Wheatear,0.8521630764007568,0.8521630764007568,species,0,,,
oenanthe_oenanthe,596636,Oenanthe oenanthe,/Users/justyna-przy/Projects/ISE/FYP/src/bird_data/raw/oenanthe_oenanthe/XC596636.mp3,19.0,22.0,-24.88457115208834,-35.657394396989076,species,Oenanthe oenanthe,Northern Wheatear,0.989617645740509,0.989617645740509,species,0,,,
oenanthe_oenanthe,596636,Oenanthe oenanthe,/Users/justyna-przy/Projects/ISE/FYP/src/bird_data/raw/oenanthe_oenanthe/XC596636.mp3,22.0,25.0,-22.963421235519284,-35.657394396989076,species,Oenanthe oenanthe,Northern Wheatear,0.9492455124855042,0.9492455124855042,species,0,,,
oenanthe_oenanthe,596636,Oenanthe oenanthe,/Users/justyna-przy/Projects/ISE/FYP/src/bird_data/raw/oenanthe_oenanthe/XC596636.mp3,28.0,31.0,-24.4656198770889,-35.657394396989076,species,Oenanthe oenanthe,Northern Wheatear,0.9931869506835938,0.9931869506835938,species,0,,,
oenanthe_oenanthe,596636,Oenanthe oenanthe,/Users/justyna-przy/Projects/ISE/FYP/src/bird_data/raw/oenanthe_oenanthe/XC596636.mp3,31.0,34.0,-24.84399498578369,-35.657394396989076,species,Oenanthe oenanthe,Northern Wheatear,0.8624688386917114,0.8624688386917114,species,1,rand_species,/Users/justyna-przy/Projects/ISE/FYP/src/bird_data/clips/species/oenanthe_oenanthe/XC596636__s31000__e34000.wav,
oenanthe_oenanthe,596636,Oenanthe oenanthe,/Users/justyna-przy/Projects/ISE/FYP/src/bird_data/raw/oenanthe_oenanthe/XC596636.mp3,34.0,37.0,-33.8934150294821,-35.657394396989076,drop,Calandrella brachydactyla,Greater Short-toed Lark,0.10358960181474686,0.10358960181474686,drop,0,,,
oenanthe_oenanthe,596636,Oenanthe oenanthe,/Users/justyna-przy/Projects/ISE/FYP/src/bird_data/raw/oenanthe_oenanthe/XC596636.mp3,37.0,40.0,-24.690773123450057,-35.657394396989076,species,Oenanthe oenanthe,Northern Wheatear,0.8573419451713562,0.8573419451713562,species,1,rand_species,/Users/justyna-przy/Projects/ISE/FYP/src/bird_data/clips/species/oenanthe_oenanthe/XC596636__s37000__e40000.wav,
oenanthe_oenanthe,596631,Oenanthe oenanthe,/Users/justyna-przy/Projects/ISE/FYP/src/bird_data/raw/oenanthe_oenanthe/XC596631.mp3,4.0,7.0,-27.080667610429572,-39.76230261563304,species,Oenanthe oenanthe,Northern Wheatear,0.9855933785438538,0.9855933785438538,species,1,rand_species,/Users/justyna-przy/Projects/ISE/FYP/src/bird_data/clips/species/oenanthe_oenanthe/XC596631__s4000__e7000.wav,
oenanthe_oenanthe,596631,Oenanthe oenanthe,/Users/justyna-przy/Projects/ISE/FYP/src/bird_data/raw/oenanthe_oenanthe/XC596631.mp3,10.0,13.0,-37.16920645810787,-39.76230261563304,species,Oenanthe oenanthe,Northern Wheatear,0.9971185922622681,0.9971185922622681,species,1,rand_species,/Users/justyna-przy/Projects/ISE/FYP/src/bird_data/clips/species/oenanthe_oenanthe/XC596631__s10000__e13000.wav,
oenanthe_oenanthe,596631,Oenanthe oenanthe,/Users/justyna-przy/Projects/ISE/FYP/src/bird_data/raw/oenanthe_oenanthe/XC596631.mp3,13.0,16.0,-32.80395012505545,-39.76230261563304,species,Oenanthe oenanthe,Northern Wheatear,0.9992520213127136,0.9992520213127136,species,1,rand_species,/Users/justyna-przy/Projects/ISE/FYP/src/bird_data/clips/species/oenanthe_oenanthe/XC596631__s13000__e16000.wav,
oenanthe_oenanthe,325651,Oenanthe oenanthe,/Users/justyna-przy/Projects/ISE/FYP/src/bird_data/raw/oenanthe_oenanthe/XC325651.mp3,1.0,4.0,-21.558063924064527,-33.67797444742387,species,Oenanthe oenanthe,Northern Wheatear,0.9938668608665466,0.9938668608665466,species,0,,,
oenanthe_oenanthe,325651,Oenanthe oenanthe,/Users/justyna-przy/Projects/ISE/FYP/src/bird_data/raw/oenanthe_oenanthe/XC325651.mp3,7.0,10.0,-23.288805293646156,-33.67797444742387,species,Oenanthe oenanthe,Northern Wheatear,0.8212615847587585,0.8212615847587585,species,1,rand_species,/Users/justyna-przy/Projects/ISE/FYP/src/bird_data/clips/species/oenanthe_oenanthe/XC325651__s7000__e10000.wav,
oenanthe_oenanthe,325651,Oenanthe oenanthe,/Users/justyna-przy/Projects/ISE/FYP/src/bird_data/raw/oenanthe_oenanthe/XC325651.mp3,10.0,13.0,-26.36922477313106,-33.67797444742387,species,Oenanthe oenanthe,Northern Wheatear,0.4570445716381073,0.4570445716381073,species,0,,,
oenanthe_oenanthe,325651,Oenanthe oenanthe,/Users/justyna-przy/Projects/ISE/FYP/src/bird_data/raw/oenanthe_oenanthe/XC325651.mp3,13.0,16.0,-21.73557677405233,-33.67797444742387,species,Oenanthe oenanthe,Northern Wheatear,0.993012011051178,0.993012011051178,species,1,rand_species,/Users/justyna-przy/Projects/ISE/FYP/src/bird_data/clips/species/oenanthe_oenanthe/XC325651__s13000__e16000.wav,
oenanthe_oenanthe,325651,Oenanthe oenanthe,/Users/justyna-przy/Projects/ISE/FYP/src/bird_data/raw/oenanthe_oenanthe/XC325651.mp3,16.0,19.0,-28.847734552829497,-33.67797444742387,drop,Galerida deva,Tawny Lark,0.1408618986606598,0.1408618986606598,drop,0,,,
oenanthe_oenanthe,325651,Oenanthe oenanthe,/Users/justyna-przy/Projects/ISE/FYP/src/bird_data/raw/oenanthe_oenanthe/XC325651.mp3,19.0,22.0,-21.171816263913627,-33.67797444742387,species,Oenanthe oenanthe,Northern Wheatear,0.9933626651763916,0.9933626651763916,species,1,rand_species,/Users/justyna-przy/Projects/ISE/FYP/src/bird_data/clips/species/oenanthe_oenanthe/XC325651__s19000__e22000.wav,
oenanthe_oenanthe,325651,Oenanthe oenanthe,/Users/justyna-przy/Projects/ISE/FYP/src/bird_data/raw/oenanthe_oenanthe/XC325651.mp3,22.0,25.0,-26.61542509180579,-33.67797444742387,drop,Oenanthe oenanthe,Northern Wheatear,0.14678341150283813,0.14678341150283813,drop,0,,,
oenanthe_oenanthe,325651,Oenanthe oenanthe,/Users/justyna-przy/Projects/ISE/FYP/src/bird_data/raw/oenanthe_oenanthe/XC325651.mp3,28.0,31.0,-23.19483532577761,-33.67797444742387,species,Oenanthe oenanthe,Northern Wheatear,0.9745800495147705,0.9745800495147705,species,0,,,
oenanthe_oenanthe,325651,Oenanthe oenanthe,/Users/justyna-przy/Projects/ISE/FYP/src/bird_data/raw/oenanthe_oenanthe/XC325651.mp3,31.0,34.0,-31.132410682861966,-33.67797444742387,non_bird,,,0.0,0.0,non_bird,1,nonbird_lowconf,/Users/justyna-przy/Projects/ISE/FYP/src/bird_data/clips/non_bird/oenanthe_oenanthe/XC325651__s31000__e34000.wav,
oenanthe_oenanthe,325651,Oenanthe oenanthe,/Users/justyna-przy/Projects/ISE/FYP/src/bird_data/raw/oenanthe_oenanthe/XC325651.mp3,37.0,40.0,-23.517873797359215,-33.67797444742387,species,Oenanthe oenanthe,Northern Wheatear,0.9717453122138977,0.9717453122138977,species,0,,,
oenanthe_oenanthe,325651,Oenanthe oenanthe,/Users/justyna-przy/Projects/ISE/FYP/src/bird_data/raw/oenanthe_oenanthe/XC325651.mp3,46.0,49.0,-25.528909612294576,-33.67797444742387,species,Oenanthe oenanthe,Northern Wheatear,0.9925409555435181,0.9925409555435181,species,0,,,
oenanthe_oenanthe,325651,Oenanthe oenanthe,/Users/justyna-przy/Projects/ISE/FYP/src/bird_data/raw/oenanthe_oenanthe/XC325651.mp3,52.0,55.0,-21.264409282561296,-33.67797444742387,species,Oenanthe oenanthe,Northern Wheatear,0.9966689944267273,0.9966689944267273,species,0,,,
oenanthe_oenanthe,325651,Oenanthe oenanthe,/Users/justyna-przy/Projects/ISE/FYP/src/bird_data/raw/oenanthe_oenanthe/XC325651.mp3,55.0,58.0,-28.84294348000416,-33.67797444742387,non_bird,,,0.0,0.0,non_bird,1,nonbird_lowconf,/Users/justyna-przy/Projects/ISE/FYP/src/bird_data/clips/non_bird/oenanthe_oenanthe/XC325651__s55000__e58000.wav,
oenanthe_oenanthe,1008778,Oenanthe oenanthe,/Users/justyna-przy/Projects/ISE/FYP/src/bird_data/raw/oenanthe_oenanthe/XC1008778.mp3,1.0,4.0,-30.454656378958042,-33.54465826546451,species,Oenanthe oenanthe,Northern Wheatear,0.9992375373840332,0.9992375373840332,species,1,rand_species,/Users/justyna-przy/Projects/ISE/FYP/src/bird_data/clips/species/oenanthe_oenanthe/XC1008778__s1000__e4000.wav,
oenanthe_oenanthe,1008778,Oenanthe oenanthe,/Users/justyna-przy/Projects/ISE/FYP/src/bird_data/raw/oenanthe_oenanthe/XC1008778.mp3,4.0,7.0,-32.058009439485595,-33.54465826546451,species,Oenanthe oenanthe,Northern Wheatear,0.9974815249443054,0.9974815249443054,species,1,rand_species,/Users/justyna-przy/Projects/ISE/FYP/src/bird_data/clips/species/oenanthe_oenanthe/XC1008778__s4000__e7000.wav,
oenanthe_oenanthe,1008778,Oenanthe oenanthe,/Users/justyna-przy/Projects/ISE/FYP/src/bird_data/raw/oenanthe_oenanthe/XC1008778.mp3,7.0,10.0,-30.707990906416892,-33.54465826546451,species,Oenanthe oenanthe,Northern Wheatear,0.9964646100997925,0.9964646100997925,species,1,rand_species,/Users/justyna-przy/Projects/ISE/FYP/src/bird_data/clips/species/oenanthe_oenanthe/XC1008778__s7000__e10000.wav,
oenanthe_oenanthe,1008472,Oenanthe oenanthe,/Users/justyna-przy/Projects/ISE/FYP/src/bird_data/raw/oenanthe_oenanthe/XC1008472.mp3,1.0,4.0,-34.83887109843578,-34.90604196930414,species,Oenanthe oenanthe,Northern Wheatear,0.9763802289962769,0.9763802289962769,species,1,rand_species,/Users/justyna-przy/Projects/ISE/FYP/src/bird_data/clips/species/oenanthe_oenanthe/XC1008472__s1000__e4000.wav,
oenanthe_oenanthe,1008472,Oenanthe oenanthe,/Users/justyna-przy/Projects/ISE/FYP/src/bird_data/raw/oenanthe_oenanthe/XC1008472.mp3,4.0,7.0,-33.62035405553851,-34.90604196930414,species,Oenanthe oenanthe,Northern Wheatear,0.9982249140739441,0.9982249140739441,species,0,,,
oenanthe_oenanthe,1008472,Oenanthe oenanthe,/Users/justyna-przy/Projects/ISE/FYP/src/bird_data/raw/oenanthe_oenanthe/XC1008472.mp3,13.0,16.0,-27.36593196059717,-34.90604196930414,species,Oenanthe oenanthe,Northern Wheatear,0.998347282409668,0.998347282409668,species,0,,,
oenanthe_oenanthe,1008472,Oenanthe oenanthe,/Users/justyna-przy/Projects/ISE/FYP/src/bird_data/raw/oenanthe_oenanthe/XC1008472.mp3,16.0,19.0,-27.69510848453015,-34.90604196930414,species,Oenanthe oenanthe,Northern Wheatear,0.9988613128662109,0.9988613128662109,species,1,rand_species,/Users/justyna-przy/Projects/ISE/FYP/src/bird_data/clips/species/oenanthe_oenanthe/XC1008472__s16000__e19000.wav,
oenanthe_oenanthe,1008472,Oenanthe oenanthe,/Users/justyna-przy/Projects/ISE/FYP/src/bird_data/raw/oenanthe_oenanthe/XC1008472.mp3,19.0,22.0,-26.062527344872297,-34.90604196930414,species,Oenanthe oenanthe,Northern Wheatear,0.9998303651809692,0.9998303651809692,species,1,rand_species,/Users/justyna-przy/Projects/ISE/FYP/src/bird_data/clips/species/oenanthe_oenanthe/XC1008472__s19000__e22000.wav,
oenanthe_oenanthe,994974,Oenanthe oenanthe,/Users/justyna-przy/Projects/ISE/FYP/src/bird_data/raw/oenanthe_oenanthe/XC994974.mp3,4.0,7.0,-33.69696060670816,-34.91899019511382,species,Oenanthe oenanthe,Northern Wheatear,0.9884167313575745,0.9884167313575745,species,1,rand_species,/Users/justyna-przy/Projects/ISE/FYP/src/bird_data/clips/species/oenanthe_oenanthe/XC994974__s4000__e7000.wav,
oenanthe_oenanthe,994973,Oenanthe oenanthe,/Users/justyna-przy/Projects/ISE/FYP/src/bird_data/raw/oenanthe_oenanthe/XC994973.mp3,7.0,10.0,-26.18970190780262,-33.39336792429773,species,Oenanthe oenanthe,Northern Wheatear,0.9739089608192444,0.9739089608192444,species,0,,,
oenanthe_oenanthe,994973,Oenanthe oenanthe,/Users/justyna-przy/Projects/ISE/FYP/src/bird_data/raw/oenanthe_oenanthe/XC994973.mp3,10.0,13.0,-27.047825733519414,-33.39336792429773,species,Oenanthe oenanthe,Northern Wheatear,0.9523593783378601,0.9523593783378601,species,1,rand_species,/Users/justyna-przy/Projects/ISE/FYP/src/bird_data/clips/species/oenanthe_oenanthe/XC994973__s10000__e13000.wav,
oenanthe_oenanthe,994973,Oenanthe oenanthe,/Users/justyna-przy/Projects/ISE/FYP/src/bird_data/raw/oenanthe_oenanthe/XC994973.mp3,13.0,16.0,-28.062999906521608,-33.39336792429773,species,Oenanthe oenanthe,Northern Wheatear,0.9916942715644836,0.9916942715644836,species,0,,,
oenanthe_oenanthe,994973,Oenanthe oenanthe,/Users/justyna-przy/Projects/ISE/FYP/src/bird_data/raw/oenanthe_oenanthe/XC994973.mp3,16.0,19.0,-29.429144347170187,-33.39336792429773,species,Oenanthe oenanthe,Northern Wheatear,0.304286390542984,0.304286390542984,species,1,rand_species,/Users/justyna-przy/Projects/ISE/FYP/src/bird_data/clips/species/oenanthe_oenanthe/XC994973__s16000__e19000.wav,
oenanthe_oenanthe,994973,Oenanthe oenanthe,/Users/justyna-przy/Projects/ISE/FYP/src/bird_data/raw/oenanthe_oenanthe/XC994973.mp3,19.0,22.0,-29.649837502013927,-33.39336792429773,species,Oenanthe oenanthe,Northern Wheatear,0.9744353294372559,0.9744353294372559,species,1,rand_species,/Users/justyna-przy/Projects/ISE/FYP/src/bird_data/clips/species/oenanthe_oenanthe/XC994973__s19000__e22000.wav,
oenanthe_oenanthe,982401,Oenanthe oenanthe,/Users/justyna-przy/Projects/ISE/FYP/src/bird_data/raw/oenanthe_oenanthe/XC982401.mp3,13.0,16.0,-28.07366591761202,-40.0,species,Oenanthe oenanthe,Northern Wheatear,0.9927427768707275,0.9927427768707275,species,0,,,
oenanthe_oenanthe,982401,Oenanthe oenanthe,/Users/justyna-przy/Projects/ISE/FYP/src/bird_data/raw/oenanthe_oenanthe/XC982401.mp3,16.0,19.0,-35.852625029257425,-40.0,species,Oenanthe oenanthe,Northern Wheatear,0.8446286916732788,0.8446286916732788,species,1,rand_species,/Users/justyna-przy/Projects/ISE/FYP/src/bird_data/clips/species/oenanthe_oenanthe/XC982401__s16000__e19000.wav,
oenanthe_oenanthe,982401,Oenanthe oenanthe,/Users/justyna-przy/Projects/ISE/FYP/src/bird_data/raw/oenanthe_oenanthe/XC982401.mp3,19.0,22.0,-37.38867330232941,-40.0,species,Oenanthe oenanthe,Northern Wheatear,0.4592864513397217,0.4592864513397217,species,1,rand_species,/Users/justyna-przy/Projects/ISE/FYP/src/bird_data/clips/species/oenanthe_oenanthe/XC982401__s19000__e22000.wav,
oenanthe_oenanthe,982401,Oenanthe oenanthe,/Users/justyna-przy/Projects/ISE/FYP/src/bird_data/raw/oenanthe_oenanthe/XC982401.mp3,34.0,37.0,-38.80088252045086,-40.0,species,Oenanthe oenanthe,Northern Wheatear,0.9808494448661804,0.9808494448661804,species,0,,,
oenanthe_oenanthe,982401,Oenanthe oenanthe,/Users/justyna-przy/Projects/ISE/FYP/src/bird_data/raw/oenanthe_oenanthe/XC982401.mp3,49.0,52.0,-32.66704861010739,-40.0,species,Oenanthe oenanthe,Northern Wheatear,0.8464630246162415,0.8464630246162415,species,1,rand_species,/Users/justyna-przy/Projects/ISE/FYP/src/bird_data/clips/species/oenanthe_oenanthe/XC982401__s49000__e52000.wav,
oenanthe_oenanthe,979449,Oenanthe oenanthe,/Users/justyna-przy/Projects/ISE/FYP/src/bird_data/raw/oenanthe_oenanthe/XC979449.mp3,1.0,4.0,-23.181370707393135,-33.00285970404663,species,Oenanthe oenanthe,Northern Wheatear,0.9580433964729309,0.9580433964729309,species,0,,,
oenanthe_oenanthe,979449,Oenanthe oenanthe,/Users/justyna-przy/Projects/ISE/FYP/src/bird_data/raw/oenanthe_oenanthe/XC979449.mp3,4.0,7.0,-24.374791538694712,-33.00285970404663,species,Oenanthe oenanthe,Northern Wheatear,0.9162291884422302,0.9162291884422302,species,0,,,
oenanthe_oenanthe,979449,Oenanthe oenanthe,/Users/justyna-przy/Projects/ISE/FYP/src/bird_data/raw/oenanthe_oenanthe/XC979449.mp3,7.0,10.0,-32.210737329629616,-33.00285970404663,species,Oenanthe oenanthe,Northern Wheatear,0.8023068904876709,0.8023068904876709,species,0,,,
oenanthe_oenanthe,979449,Oenanthe oenanthe,/Users/justyna-przy/Projects/ISE/FYP/src/bird_data/raw/oenanthe_oenanthe/XC979449.mp3,10.0,13.0,-29.389788691544044,-33.00285970404663,drop,Acrocephalus dumetorum,Blyth's Reed Warbler,0.14890162646770477,0.14890162646770477,drop,0,,,
oenanthe_oenanthe,979449,Oenanthe oenanthe,/Users/justyna-przy/Projects/ISE/FYP/src/bird_data/raw/oenanthe_oenanthe/XC979449.mp3,16.0,19.0,-32.934002482803294,-33.00285970404663,species,Oenanthe oenanthe,Northern Wheatear,0.9742831587791443,0.9742831587791443,species,0,,,
oenanthe_oenanthe,979449,Oenanthe oenanthe,/Users/justyna-przy/Projects/ISE/FYP/src/bird_data/raw/oenanthe_oenanthe/XC979449.mp3,19.0,22.0,-25.860938020794045,-33.00285970404663,species,Oenanthe oenanthe,Northern Wheatear,0.6789290308952332,0.6789290308952332,species,0,,,
oenanthe_oenanthe,979449,Oenanthe oenanthe,/Users/justyna-przy/Projects/ISE/FYP/src/bird_data/raw/oenanthe_oenanthe/XC979449.mp3,22.0,25.0,-29.680004866988096,-33.00285970404663,species,Oenanthe oenanthe,Northern Wheatear,0.7975274324417114,0.7975274324417114,species,1,rand_species,/Users/justyna-przy/Projects/ISE/FYP/src/bird_data/clips/species/oenanthe_oenanthe/XC979449__s22000__e25000.wav,
oenanthe_oenanthe,979449,Oenanthe oenanthe,/Users/justyna-przy/Projects/ISE/FYP/src/bird_data/raw/oenanthe_oenanthe/XC979449.mp3,25.0,28.0,-31.060474848726294,-33.00285970404663,species,Oenanthe oenanthe,Northern Wheatear,0.8878114223480225,0.8878114223480225,species,1,rand_species,/Users/justyna-przy/Projects/ISE/FYP/src/bird_data/clips/species/oenanthe_oenanthe/XC979449__s25000__e28000.wav,
oenanthe_oenanthe,979449,Oenanthe oenanthe,/Users/justyna-przy/Projects/ISE/FYP/src/bird_data/raw/oenanthe_oenanthe/XC979449.mp3,31.0,34.0,-27.395099544340443,-33.00285970404663,species,Oenanthe oenanthe,Northern Wheatear,0.9519394040107727,0.9519394040107727,species,1,rand_species,/Users/justyna-przy/Projects/ISE/FYP/src/bird_data/clips/species/oenanthe_oenanthe/XC979449__s31000__e34000.wav,
oenanthe_oenanthe,979449,Oenanthe oenanthe,/Users/justyna-przy/Projects/ISE/FYP/src/bird_data/raw/oenanthe_oenanthe/XC979449.mp3,37.0,40.0,-32.23231329690841,-33.00285970404663,species,Oenanthe oenanthe,Northern Wheatear,0.9398159384727478,0.9398159384727478,species,0,,,
oenanthe_oenanthe,979449,Oenanthe oenanthe,/Users/justyna-przy/Projects/ISE/FYP/src/bird_data/raw/oenanthe_oenanthe/XC979449.mp3,40.0,43.0,-29.28439233091529,-33.00285970404663,species,Oenanthe oenanthe,Northern Wheatear,0.9891800880432129,0.9891800880432129,species,0,,,
oenanthe_oenanthe,979449,Oenanthe oenanthe,/Users/justyna-przy/Projects/ISE/FYP/src/bird_data/raw/oenanthe_oenanthe/XC979449.mp3,46.0,49.0,-29.84502993626888,-33.00285970404663,species,Oenanthe oenanthe,Northern Wheatear,0.9657396674156189,0.9657396674156189,species,0,,,
oenanthe_oenanthe,911965,Oenanthe oenanthe,/Users/justyna-przy/Projects/ISE/FYP/src/bird_data/raw/oenanthe_oenanthe/XC911965.mp3,1.0,4.0,-28.663457591741096,-33.38718698434006,species,Oenanthe oenanthe,Northern Wheatear,0.9929372668266296,0.9929372668266296,species,0,,,
oenanthe_oenanthe,911965,Oenanthe oenanthe,/Users/justyna-przy/Projects/ISE/FYP/src/bird_data/raw/oenanthe_oenanthe/XC911965.mp3,4.0,7.0,-33.29405679864823,-33.38718698434006,species,Oenanthe oenanthe,Northern Wheatear,0.9892829656600952,0.9892829656600952,species,1,rand_species,/Users/justyna-przy/Projects/ISE/FYP/src/bird_data/clips/species/oenanthe_oenanthe/XC911965__s4000__e7000.wav,
oenanthe_oenanthe,911965,Oenanthe oenanthe,/Users/justyna-przy/Projects/ISE/FYP/src/bird_data/raw/oenanthe_oenanthe/XC911965.mp3,7.0,10.0,-30.240712149468298,-33.38718698434006,species,Oenanthe oenanthe,Northern Wheatear,0.5419880151748657,0.5419880151748657,species,1,rand_species,/Users/justyna-przy/Projects/ISE/FYP/src/bird_data/clips/species/oenanthe_oenanthe/XC911965__s7000__e10000.wav,
oenanthe_oenanthe,911965,Oenanthe oenanthe,/Users/justyna-przy/Projects/ISE/FYP/src/bird_data/raw/oenanthe_oenanthe/XC911965.mp3,13.0,16.0,-30.284024505698408,-33.38718698434006,species,Oenanthe oenanthe,Northern Wheatear,0.5486623048782349,0.5486623048782349,species,0,,,
oenanthe_oenanthe,911965,Oenanthe oenanthe,/Users/justyna-przy/Projects/ISE/FYP/src/bird_data/raw/oenanthe_oenanthe/XC911965.mp3,16.0,19.0,-32.71173444935958,-33.38718698434006,drop,Oenanthe oenanthe,Northern Wheatear,0.27106860280036926,0.27106860280036926,drop,0,,,
oenanthe_oenanthe,911965,Oenanthe oenanthe,/Users/justyna-przy/Projects/ISE/FYP/src/bird_data/raw/oenanthe_oenanthe/XC911965.mp3,22.0,25.0,-28.404621249217954,-33.38718698434006,species,Oenanthe oenanthe,Northern Wheatear,0.42966175079345703,0.42966175079345703,species,1,rand_species,/Users/justyna-przy/Projects/ISE/FYP/src/bird_data/clips/species/oenanthe_oenanthe/XC911965__s22000__e25000.wav,
oenanthe_oenanthe,911965,Oenanthe oenanthe,/Users/justyna-przy/Projects/ISE/FYP/src/bird_data/raw/oenanthe_oenanthe/XC911965.mp3,28.0,31.0,-31.188062965183786,-33.38718698434006,drop,Chroicocephalus ridibundus,Black-headed Gull,0.18261565268039703,0.18261565268039703,drop,0,,,
oenanthe_oenanthe,911965,Oenanthe oenanthe,/Users/justyna-przy/Projects/ISE/FYP/src/bird_data/raw/oenanthe_oenanthe/XC911965.mp3,31.0,34.0,-28.99225397743788,-33.38718698434006,non_bird,,,0.0,0.0,non_bird,1,nonbird_lowconf,/Users/justyna-przy/Projects/ISE/FYP/src/bird_data/clips/non_bird/oenanthe_oenanthe/XC911965__s31000__e34000.wav,
oenanthe_oenanthe,911965,Oenanthe oenanthe,/Users/justyna-przy/Projects/ISE/FYP/src/bird_data/raw/oenanthe_oenanthe/XC911965.mp3,34.0,37.0,-32.5176764051615,-33.38718698434006,non_bird,,,0.0,0.0,non_bird,1,nonbird_lowconf,/Users/justyna-przy/Projects/ISE/FYP/src/bird_data/clips/non_bird/oenanthe_oenanthe/XC911965__s34000__e37000.wav,
oenanthe_oenanthe,911965,Oenanthe oenanthe,/Users/justyna-przy/Projects/ISE/FYP/src/bird_data/raw/oenanthe_oenanthe/XC911965.mp3,40.0,43.0,-31.867808432083272,-33.38718698434006,non_bird,,,0.0,0.0,non_bird,0,,,
oenanthe_oenanthe,803318,Oenanthe oenanthe,/Users/justyna-przy/Projects/ISE/FYP/src/bird_data/raw/oenanthe_oenanthe/XC803318.mp3,1.0,4.0,-28.74636632224152,-30.151199492864226,species,Oenanthe oenanthe,Northern Wheatear,0.9593024849891663,0.9593024849891663,species,1,rand_species,/Users/justyna-przy/Projects/ISE/FYP/src/bird_data/clips/species/oenanthe_oenanthe/XC803318__s1000__e4000.wav,
oenanthe_oenanthe,803318,Oenanthe oenanthe,/Users/justyna-przy/Projects/ISE/FYP/src/bird_data/raw/oenanthe_oenanthe/XC803318.mp3,4.0,7.0,-26.725978329989832,-30.151199492864226,species,Oenanthe oenanthe,Northern Wheatear,0.9804034233093262,0.9804034233093262,species,1,rand_species,/Users/justyna-przy/Projects/ISE/FYP/src/bird_data/clips/species/oenanthe_oenanthe/XC803318__s4000__e7000.wav,
oenanthe_oenanthe,800033,Oenanthe oenanthe,/Users/justyna-przy/Projects/ISE/FYP/src/bird_data/raw/oenanthe_oenanthe/XC800033.mp3,1.0,4.0,-26.856038714254503,-40.0,species,Oenanthe oenanthe,Northern Wheatear,0.8715713024139404,0.8715713024139404,species,0,,,
oenanthe_oenanthe,800033,Oenanthe oenanthe,/Users/justyna-przy/Projects/ISE/FYP/src/bird_data/raw/oenanthe_oenanthe/XC800033.mp3,4.0,7.0,-24.57015230191301,-40.0,drop,Oenanthe oenanthe,Northern Wheatear,0.2838781177997589,0.2838781177997589,drop,0,,,
oenanthe_oenanthe,800033,Oenanthe oenanthe,/Users/justyna-przy/Projects/ISE/FYP/src/bird_data/raw/oenanthe_oenanthe/XC800033.mp3,7.0,10.0,-28.448249482911557,-40.0,species,Oenanthe oenanthe,Northern Wheatear,0.9624192714691162,0.9624192714691162,species,0,,,
oenanthe_oenanthe,800033,Oenanthe oenanthe,/Users/justyna-przy/Projects/ISE/FYP/src/bird_data/raw/oenanthe_oenanthe/XC800033.mp3,13.0,16.0,-24.636251606905077,-40.0,species,Oenanthe oenanthe,Northern Wheatear,0.9390028119087219,0.9390028119087219,species,1,rand_species,/Users/justyna-przy/Projects/ISE/FYP/src/bird_data/clips/species/oenanthe_oenanthe/XC800033__s13000__e16000.wav,
oenanthe_oenanthe,800033,Oenanthe oenanthe,/Users/justyna-przy/Projects/ISE/FYP/src/bird_data/raw/oenanthe_oenanthe/XC800033.mp3,19.0,22.0,-26.569035086365695,-40.0,species,Oenanthe oenanthe,Northern Wheatear,0.6589192748069763,0.6589192748069763,species,1,rand_species,/Users/justyna-przy/Projects/ISE/FYP/src/bird_data/clips/species/oenanthe_oenanthe/XC800033__s19000__e22000.wav,
oenanthe_oenanthe,800033,Oenanthe oenanthe,/Users/justyna-przy/Projects/ISE/FYP/src/bird_data/raw/oenanthe_oenanthe/XC800033.mp3,22.0,25.0,-38.78243247715553,-40.0,species,Oenanthe oenanthe,Northern Wheatear,0.9953871369361877,0.9953871369361877,species,1,rand_species,/Users/justyna-przy/Projects/ISE/FYP/src/bird_data/clips/species/oenanthe_oenanthe/XC800033__s22000__e25000.wav,
oenanthe_oenanthe,800033,Oenanthe oenanthe,/Users/justyna-przy/Projects/ISE/FYP/src/bird_data/raw/oenanthe_oenanthe/XC800033.mp3,25.0,28.0,-35.77988094198643,-40.0,species,Oenanthe oenanthe,Northern Wheatear,0.6879324316978455,0.6879324316978455,species,0,,,
oenanthe_oenanthe,796766,Oenanthe oenanthe,/Users/justyna-przy/Projects/ISE/FYP/src/bird_data/raw/oenanthe_oenanthe/XC796766.mp3,1.0,4.0,-25.004705206424113,-32.74707261146783,species,Oenanthe oenanthe,Northern Wheatear,0.9882997274398804,0.9882997274398804,species,1,rand_species,/Users/justyna-przy/Projects/ISE/FYP/src/bird_data/clips/species/oenanthe_oenanthe/XC796766__s1000__e4000.wav,
oenanthe_oenanthe,796766,Oenanthe oenanthe,/Users/justyna-przy/Projects/ISE/FYP/src/bird_data/raw/oenanthe_oenanthe/XC796766.mp3,4.0,7.0,-24.370583968617957,-32.74707261146783,species,Oenanthe oenanthe,Northern Wheatear,0.6972509026527405,0.6972509026527405,species,0,,,
oenanthe_oenanthe,796766,Oenanthe oenanthe,/Users/justyna-przy/Projects/ISE/FYP/src/bird_data/raw/oenanthe_oenanthe/XC796766.mp3,7.0,10.0,-31.583225690135905,-32.74707261146783,species,Oenanthe oenanthe,Northern Wheatear,0.8334763646125793,0.8334763646125793,species,0,,,
oenanthe_oenanthe,796766,Oenanthe oenanthe,/Users/justyna-przy/Projects/ISE/FYP/src/bird_data/raw/oenanthe_oenanthe/XC796766.mp3,13.0,16.0,-32.55715259913148,-32.74707261146783,species,Oenanthe oenanthe,Northern Wheatear,0.9844599962234497,0.9844599962234497,species,1,rand_species,/Users/justyna-przy/Projects/ISE/FYP/src/bird_data/clips/species/oenanthe_oenanthe/XC796766__s13000__e16000.wav,
oenanthe_oenanthe,796766,Oenanthe oenanthe,/Users/justyna-przy/Projects/ISE/FYP/src/bird_data/raw/oenanthe_oenanthe/XC796766.mp3,16.0,19.0,-30.613674724165417,-32.74707261146783,species,Oenanthe oenanthe,Northern Wheatear,0.9975685477256775,0.9975685477256775,species,1,rand_species,/Users/justyna-przy/Projects/ISE/FYP/src/bird_data/clips/species/oenanthe_oenanthe/XC796766__s16000__e19000.wav,
oenanthe_oenanthe,775613,Oenanthe oenanthe,/Users/justyna-przy/Projects/ISE/FYP/src/bird_data/raw/oenanthe_oenanthe/XC775613.mp3,1.0,4.0,-28.863146069381504,-40.0,drop,Curruca curruca,Lesser Whitethroat,0.9934422969818115,0.9934422969818115,drop,0,,,
oenanthe_oenanthe,775613,Oenanthe oenanthe,/Users/justyna-przy/Projects/ISE/FYP/src/bird_data/raw/oenanthe_oenanthe/XC775613.mp3,7.0,10.0,-38.387787024830125,-40.0,species,Oenanthe oenanthe,Northern Wheatear,0.8893934488296509,0.8893934488296509,species,1,rand_species,/Users/justyna-przy/Projects/ISE/FYP/src/bird_data/clips/species/oenanthe_oenanthe/XC775613__s7000__e10000.wav,
oenanthe_oenanthe,775613,Oenanthe oenanthe,/Users/justyna-przy/Projects/ISE/FYP/src/bird_data/raw/oenanthe_oenanthe/XC775613.mp3,10.0,13.0,-39.615240719475025,-40.0,species,Oenanthe oenanthe,Northern Wheatear,0.5150926113128662,0.5150926113128662,species,1,rand_species,/Users/justyna-przy/Projects/ISE/FYP/src/bird_data/clips/species/oenanthe_oenanthe/XC775613__s10000__e13000.wav,
oenanthe_oenanthe,769228,Oenanthe oenanthe,/Users/justyna-przy/Projects/ISE/FYP/src/bird_data/raw/oenanthe_oenanthe/XC769228.mp3,1.0,4.0,-22.008476397326465,-27.454212191418467,species,Oenanthe oenanthe,Northern Wheatear,0.5561515688896179,0.5561515688896179,species,1,rand_species,/Users/justyna-przy/Projects/ISE/FYP/src/bird_data/clips/species/oenanthe_oenanthe/XC769228__s1000__e4000.wav,
oenanthe_oenanthe,769228,Oenanthe oenanthe,/Users/justyna-przy/Projects/ISE/FYP/src/bird_data/raw/oenanthe_oenanthe/XC769228.mp3,4.0,7.0,-20.126791307371708,-27.454212191418467,drop,Curruca undata,Dartford Warbler,0.4381985366344452,0.4381985366344452,drop,0,,,
oenanthe_oenanthe,769228,Oenanthe oenanthe,/Users/justyna-przy/Projects/ISE/FYP/src/bird_data/raw/oenanthe_oenanthe/XC769228.mp3,10.0,13.0,-20.384661766041916,-27.454212191418467,drop,Oenanthe oenanthe,Northern Wheatear,0.18413111567497253,0.18413111567497253,drop,0,,,
oenanthe_oenanthe,769228,Oenanthe oenanthe,/Users/justyna-przy/Projects/ISE/FYP/src/bird_data/raw/oenanthe_oenanthe/XC769228.mp3,19.0,22.0,-20.150942852350965,-27.454212191418467,species,Oenanthe oenanthe,Northern Wheatear,0.4979848265647888,0.4979848265647888,species,0,,,
oenanthe_oenanthe,769228,Oenanthe oenanthe,/Users/justyna-przy/Projects/ISE/FYP/src/bird_data/raw/oenanthe_oenanthe/XC769228.mp3,22.0,25.0,-23.531942635224325,-27.454212191418467,species,Oenanthe oenanthe,Northern Wheatear,0.9333305358886719,0.9333305358886719,species,0,,,
oenanthe_oenanthe,769228,Oenanthe oenanthe,/Users/justyna-przy/Projects/ISE/FYP/src/bird_data/raw/oenanthe_oenanthe/XC769228.mp3,25.0,28.0,-20.407001914308793,-27.454212191418467,species,Oenanthe oenanthe,Northern Wheatear,0.9028147459030151,0.9028147459030151,species,1,rand_species,/Users/justyna-przy/Projects/ISE/FYP/src/bird_data/clips/species/oenanthe_oenanthe/XC769228__s25000__e28000.wav,
oenanthe_oenanthe,769228,Oenanthe oenanthe,/Users/justyna-przy/Projects/ISE/FYP/src/bird_data/raw/oenanthe_oenanthe/XC769228.mp3,28.0,31.0,-21.474609752161086,-27.454212191418467,species,Oenanthe oenanthe,Northern Wheatear,0.7002701759338379,0.7002701759338379,species,1,rand_species,/Users/justyna-przy/Projects/ISE/FYP/src/bird_data/clips/species/oenanthe_oenanthe/XC769228__s28000__e31000.wav,
oenanthe_oenanthe,769228,Oenanthe oenanthe,/Users/justyna-przy/Projects/ISE/FYP/src/bird_data/raw/oenanthe_oenanthe/XC769228.mp3,31.0,34.0,-21.035333712631864,-27.454212191418467,species,Oenanthe oenanthe,Northern Wheatear,0.7290068864822388,0.7290068864822388,species,0,,,
oenanthe_oenanthe,769228,Oenanthe oenanthe,/Users/justyna-przy/Projects/ISE/FYP/src/bird_data/raw/oenanthe_oenanthe/XC769228.mp3,34.0,37.0,-18.65879684809854,-27.454212191418467,species,Oenanthe oenanthe,Northern Wheatear,0.9519669413566589,0.9519669413566589,species,0,,,
oenanthe_oenanthe,769228,Oenanthe oenanthe,/Users/justyna-przy/Projects/ISE/FYP/src/bird_data/raw/oenanthe_oenanthe/XC769228.mp3,37.0,40.0,-26.051910202306292,-27.454212191418467,drop,Acrocephalus palustris,Marsh Warbler,0.3686683773994446,0.3686683773994446,drop,0,,,
oenanthe_oenanthe,769227,Oenanthe oenanthe,/Users/justyna-przy/Projects/ISE/FYP/src/bird_data/raw/oenanthe_oenanthe/XC769227.mp3,1.0,4.0,-21.877897760599133,-32.89500973152532,species,Oenanthe oenanthe,Northern Wheatear,0.9889739751815796,0.9889739751815796,species,1,rand_species,/Users/justyna-przy/Projects/ISE/FYP/src/bird_data/clips/species/oenanthe_oenanthe/XC769227__s1000__e4000.wav,
oenanthe_oenanthe,769227,Oenanthe oenanthe,/Users/justyna-przy/Projects/ISE/FYP/src/bird_data/raw/oenanthe_oenanthe/XC769227.mp3,4.0,7.0,-19.230328276746725,-32.89500973152532,species,Oenanthe oenanthe,Northern Wheatear,0.987450122833252,0.987450122833252,species,1,rand_species,/Users/justyna-przy/Projects/ISE/FYP/src/bird_data/clips/species/oenanthe_oenanthe/XC769227__s4000__e7000.wav,
oenanthe_oenanthe,769227,Oenanthe oenanthe,/Users/justyna-przy/Projects/ISE/FYP/src/bird_data/raw/oenanthe_oenanthe/XC769227.mp3,13.0,16.0,-28.503557691812055,-32.89500973152532,species,Oenanthe oenanthe,Northern Wheatear,0.35192641615867615,0.35192641615867615,species,1,rand_species,/Users/justyna-przy/Projects/ISE/FYP/src/bird_data/clips/species/oenanthe_oenanthe/XC769227__s13000__e16000.wav,
oenanthe_oenanthe,769227,Oenanthe oenanthe,/Users/justyna-przy/Projects/ISE/FYP/src/bird_data/raw/oenanthe_oenanthe/XC769227.mp3,16.0,19.0,-26.76362461728371,-32.89500973152532,species,Oenanthe oenanthe,Northern Wheatear,0.6441956758499146,0.6441956758499146,species,0,,,
oenanthe_oenanthe,769226,Oenanthe oenanthe,/Users/justyna-przy/Projects/ISE/FYP/src/bird_data/raw/oenanthe_oenanthe/XC769226.mp3,1.0,4.0,-24.654589832213595,-29.301465437484772,species,Oenanthe oenanthe,Northern Wheatear,0.9705657958984375,0.9705657958984375,species,0,,,
oenanthe_oenanthe,769226,Oenanthe oenanthe,/Users/justyna-przy/Projects/ISE/FYP/src/bird_data/raw/oenanthe_oenanthe/XC769226.mp3,4.0,7.0,-22.817783406260048,-29.301465437484772,species,Oenanthe oenanthe,Northern Wheatear,0.97930508852005,0.97930508852005,species,0,,,
oenanthe_oenanthe,769226,Oenanthe oenanthe,/Users/justyna-przy/Projects/ISE/FYP/src/bird_data/raw/oenanthe_oenanthe/XC769226.mp3,7.0,10.0,-24.58243651186537,-29.301465437484772,species,Oenanthe oenanthe,Northern Wheatear,0.9845802783966064,0.9845802783966064,species,1,rand_species,/Users/justyna-przy/Projects/ISE/FYP/src/bird_data/clips/species/oenanthe_oenanthe/XC769226__s7000__e10000.wav,
oenanthe_oenanthe,769226,Oenanthe oenanthe,/Users/justyna-przy/Projects/ISE/FYP/src/bird_data/raw/oenanthe_oenanthe/XC769226.mp3,13.0,16.0,-28.338253448182837,-29.301465437484772,species,Oenanthe oenanthe,Northern Wheatear,0.8022426962852478,0.8022426962852478,species,1,rand_species,/Users/justyna-przy/Projects/ISE/FYP/src/bird_data/clips/species/oenanthe_oenanthe/XC769226__s13000__e16000.wav,
oenanthe_oenanthe,769226,Oenanthe oenanthe,/Users/justyna-przy/Projects/ISE/FYP/src/bird_data/raw/oenanthe_oenanthe/XC769226.mp3,16.0,19.0,-21.28726132383109,-29.301465437484772,species,Oenanthe oenanthe,Northern Wheatear,0.6954602599143982,0.6954602599143982,species,1,rand_species,/Users/justyna-przy/Projects/ISE/FYP/src/bird_data/clips/species/oenanthe_oenanthe/XC769226__s16000__e19000.wav,
oenanthe_oenanthe,730227,Oenanthe oenanthe,/Users/justyna-przy/Projects/ISE/FYP/src/bird_data/raw/oenanthe_oenanthe/XC730227.mp3,4.0,7.0,-35.41505207556894,-40.0,non_bird,,,0.0,0.0,non_bird,1,nonbird_lowconf,/Users/justyna-przy/Projects/ISE/FYP/src/bird_data/clips/non_bird/oenanthe_oenanthe/XC730227__s4000__e7000.wav,
oenanthe_oenanthe,730227,Oenanthe oenanthe,/Users/justyna-przy/Projects/ISE/FYP/src/bird_data/raw/oenanthe_oenanthe/XC730227.mp3,13.0,16.0,-28.852756010324597,-40.0,drop,Acrocephalus palustris,Marsh Warbler,0.222664475440979,0.222664475440979,drop,0,,,
oenanthe_oenanthe,730227,Oenanthe oenanthe,/Users/justyna-przy/Projects/ISE/FYP/src/bird_data/raw/oenanthe_oenanthe/XC730227.mp3,16.0,19.0,-33.422849035531776,-40.0,drop,Linaria cannabina,Eurasian Linnet,0.2798915207386017,0.2798915207386017,drop,0,,,
oenanthe_oenanthe,730227,Oenanthe oenanthe,/Users/justyna-przy/Projects/ISE/FYP/src/bird_data/raw/oenanthe_oenanthe/XC730227.mp3,19.0,22.0,-31.741020353998344,-40.0,non_bird,,,0.0,0.0,non_bird,1,nonbird_lowconf,/Users/justyna-przy/Projects/ISE/FYP/src/bird_data/clips/non_bird/oenanthe_oenanthe/XC730227__s19000__e22000.wav,
oenanthe_oenanthe,730224,Oenanthe oenanthe,/Users/justyna-przy/Projects/ISE/FYP/src/bird_data/raw/oenanthe_oenanthe/XC730224.mp3,1.0,4.0,-31.68364931976479,-40.0,species,Oenanthe oenanthe,Northern Wheatear,0.36421525478363037,0.36421525478363037,species,1,rand_species,/Users/justyna-przy/Projects/ISE/FYP/src/bird_data/clips/species/oenanthe_oenanthe/XC730224__s1000__e4000.wav,
oenanthe_oenanthe,730224,Oenanthe oenanthe,/Users/justyna-przy/Projects/ISE/FYP/src/bird_data/raw/oenanthe_oenanthe/XC730224.mp3,4.0,7.0,-30.23179273185587,-40.0,drop,Camptostoma obsoletum,Southern Beardless-Tyrannulet,0.5664295554161072,0.5664295554161072,drop,0,,,
oenanthe_oenanthe,730223,Oenanthe oenanthe,/Users/justyna-przy/Projects/ISE/FYP/src/bird_data/raw/oenanthe_oenanthe/XC730223.mp3,1.0,4.0,-35.556320360063836,-40.0,species,Oenanthe oenanthe,Northern Wheatear,0.36736270785331726,0.36736270785331726,species,1,rand_species,/Users/justyna-przy/Projects/ISE/FYP/src/bird_data/clips/species/oenanthe_oenanthe/XC730223__s1000__e4000.wav,
oenanthe_oenanthe,730223,Oenanthe oenanthe,/Users/justyna-przy/Projects/ISE/FYP/src/bird_data/raw/oenanthe_oenanthe/XC730223.mp3,16.0,19.0,-32.81752009073837,-40.0,drop,Curruca curruca,Lesser Whitethroat,0.7306967377662659,0.7306967377662659,drop,0,,,
oenanthe_oenanthe,730221,Oenanthe oenanthe,/Users/justyna-przy/Projects/ISE/FYP/src/bird_data/raw/oenanthe_oenanthe/XC730221.mp3,1.0,4.0,-25.383094865965184,-40.0,species,Oenanthe oenanthe,Northern Wheatear,0.9060772061347961,0.9060772061347961,species,1,rand_species,/Users/justyna-przy/Projects/ISE/FYP/src/bird_data/clips/species/oenanthe_oenanthe/XC730221__s1000__e4000.wav,
oenanthe_oenanthe,730221,Oenanthe oenanthe,/Users/justyna-przy/Projects/ISE/FYP/src/bird_data/raw/oenanthe_oenanthe/XC730221.mp3,4.0,7.0,-32.27730693248604,-40.0,species,Oenanthe oenanthe,Northern Wheatear,0.9278932809829712,0.9278932809829712,species,1,rand_species,/Users/justyna-przy/Projects/ISE/FYP/src/bird_data/clips/species/oenanthe_oenanthe/XC730221__s4000__e7000.wav,
oenanthe_oenanthe,730221,Oenanthe oenanthe,/Users/justyna-przy/Projects/ISE/FYP/src/bird_data/raw/oenanthe_oenanthe/XC730221.mp3,10.0,13.0,-39.29399845727021,-40.0,species,Oenanthe oenanthe,Northern Wheatear,0.9924840331077576,0.9924840331077576,species,0,,,
oenanthe_oenanthe,730221,Oenanthe oenanthe,/Users/justyna-przy/Projects/ISE/FYP/src/bird_data/raw/oenanthe_oenanthe/XC730221.mp3,13.0,16.0,-37.688526020335054,-40.0,species,Oenanthe oenanthe,Northern Wheatear,0.520466685295105,0.520466685295105,species,0,,,
oenanthe_oenanthe,730221,Oenanthe oenanthe,/Users/justyna-przy/Projects/ISE/FYP/src/bird_data/raw/oenanthe_oenanthe/XC730221.mp3,25.0,28.0,-37.83317812620632,-40.0,species,Oenanthe oenanthe,Northern Wheatear,0.9917055368423462,0.9917055368423462,species,1,rand_species,/Users/justyna-przy/Projects/ISE/FYP/src/bird_data/clips/species/oenanthe_oenanthe/XC730221__s25000__e28000.wav,
oenanthe_oenanthe,724009,Oenanthe oenanthe,/Users/justyna-przy/Projects/ISE/FYP/src/bird_data/raw/oenanthe_oenanthe/XC724009.mp3,1.0,4.0,-38.025289155883144,-40.0,drop,Anthus campestris,Tawny Pipit,0.42290234565734863,0.42290234565734863,drop,0,,,
oenanthe_oenanthe,724009,Oenanthe oenanthe,/Users/justyna-przy/Projects/ISE/FYP/src/bird_data/raw/oenanthe_oenanthe/XC724009.mp3,4.0,7.0,-29.249239991165314,-40.0,species,Oenanthe oenanthe,Northern Wheatear,0.557879626750946,0.557879626750946,species,1,rand_species,/Users/justyna-przy/Projects/ISE/FYP/src/bird_data/clips/species/oenanthe_oenanthe/XC724009__s4000__e7000.wav,
oenanthe_oenanthe,724009,Oenanthe oenanthe,/Users/justyna-przy/Projects/ISE/FYP/src/bird_data/raw/oenanthe_oenanthe/XC724009.mp3,7.0,10.0,-35.21891229534985,-40.0,non_bird,,,0.0,0.0,non_bird,1,nonbird_lowconf,/Users/justyna-przy/Projects/ISE/FYP/src/bird_data/clips/non_bird/oenanthe_oenanthe/XC724009__s7000__e10000.wav,
oenanthe_oenanthe,724009,Oenanthe oenanthe,/Users/justyna-przy/Projects/ISE/FYP/src/bird_data/raw/oenanthe_oenanthe/XC724009.mp3,10.0,13.0,-30.17964178685458,-40.0,species,Oenanthe oenanthe,Northern Wheatear,0.3340853154659271,0.3340853154659271,species,1,rand_species,/Users/justyna-przy/Projects/ISE/FYP/src/bird_data/clips/species/oenanthe_oenanthe/XC724009__s10000__e13000.wav,
oenanthe_oenanthe,724009,Oenanthe oenanthe,/Users/justyna-przy/Projects/ISE/FYP/src/bird_data/raw/oenanthe_oenanthe/XC724009.mp3,13.0,16.0,-35.92335737076776,-40.0,drop,Anthus campestris,Tawny Pipit,0.1490643173456192,0.1490643173456192,drop,0,,,
oenanthe_oenanthe,724009,Oenanthe oenanthe,/Users/justyna-przy/Projects/ISE/FYP/src/bird_data/raw/oenanthe_oenanthe/XC724009.mp3,16.0,19.0,-28.89050615845123,-40.0,non_bird,,,0.0,0.0,non_bird,1,nonbird_lowconf,/Users/justyna-przy/Projects/ISE/FYP/src/bird_data/clips/non_bird/oenanthe_oenanthe/XC724009__s16000__e19000.wav,
oenanthe_oenanthe,657939,Oenanthe oenanthe,/Users/justyna-przy/Projects/ISE/FYP/src/bird_data/raw/oenanthe_oenanthe/XC657939.mp3,1.0,4.0,-27.4981312428071,-30.98694577083735,species,Oenanthe oenanthe,Northern Wheatear,0.9977699518203735,0.9977699518203735,species,1,rand_species,/Users/justyna-przy/Projects/ISE/FYP/src/bird_data/clips/species/oenanthe_oenanthe/XC657939__s1000__e4000.wav,
oenanthe_oenanthe,657939,Oenanthe oenanthe,/Users/justyna-przy/Projects/ISE/FYP/src/bird_data/raw/oenanthe_oenanthe/XC657939.mp3,4.0,7.0,-30.384760281616032,-30.98694577083735,species,Oenanthe oenanthe,Northern Wheatear,0.9416365623474121,0.9416365623474121,species,1,rand_species,/Users/justyna-przy/Projects/ISE/FYP/src/bird_data/clips/species/oenanthe_oenanthe/XC657939__s4000__e7000.wav,
oenanthe_oenanthe,657939,Oenanthe oenanthe,/Users/justyna-przy/Projects/ISE/FYP/src/bird_data/raw/oenanthe_oenanthe/XC657939.mp3,13.0,16.0,-29.665938929976914,-30.98694577083735,species,Oenanthe oenanthe,Northern Wheatear,0.8860437870025635,0.8860437870025635,species,1,rand_species,/Users/justyna-przy/Projects/ISE/FYP/src/bird_data/clips/species/oenanthe_oenanthe/XC657939__s13000__e16000.wav,
oenanthe_oenanthe,657939,Oenanthe oenanthe,/Users/justyna-przy/Projects/ISE/FYP/src/bird_data/raw/oenanthe_oenanthe/XC657939.mp3,16.0,19.0,-30.640194646024383,-30.98694577083735,species,Oenanthe oenanthe,Northern Wheatear,0.9801921844482422,0.9801921844482422,species,0,,,
oenanthe_oenanthe,641768,Oenanthe oenanthe,/Users/justyna-przy/Projects/ISE/FYP/src/bird_data/raw/oenanthe_oenanthe/XC641768.mp3,13.0,16.0,-42.258796875841334,-40.0,drop,Curruca undata,Dartford Warbler,0.10649379342794418,0.10649379342794418,drop,0,,,
oenanthe_oenanthe,572202,Oenanthe oenanthe,/Users/justyna-przy/Projects/ISE/FYP/src/bird_data/raw/oenanthe_oenanthe/XC572202.mp3,1.0,4.0,-38.85127032684427,-40.0,drop,Luscinia svecica,Bluethroat,0.3642047941684723,0.3642047941684723,drop,0,,,
oenanthe_oenanthe,572202,Oenanthe oenanthe,/Users/justyna-przy/Projects/ISE/FYP/src/bird_data/raw/oenanthe_oenanthe/XC572202.mp3,28.0,31.0,-39.71161677276331,-40.0,drop,Acrocephalus stentoreus,Clamorous Reed Warbler,0.2996969521045685,0.2996969521045685,drop,0,,,
oenanthe_oenanthe,570425,Oenanthe oenanthe,/Users/justyna-przy/Projects/ISE/FYP/src/bird_data/raw/oenanthe_oenanthe/XC570425.mp3,1.0,4.0,-36.41651875042272,-40.0,non_bird,,,0.0,0.0,non_bird,1,nonbird_lowconf,/Users/justyna-przy/Projects/ISE/FYP/src/bird_data/clips/non_bird/oenanthe_oenanthe/XC570425__s1000__e4000.wav,
oenanthe_oenanthe,570425,Oenanthe oenanthe,/Users/justyna-przy/Projects/ISE/FYP/src/bird_data/raw/oenanthe_oenanthe/XC570425.mp3,4.0,7.0,-29.041900792364558,-40.0,species,Oenanthe oenanthe,Northern Wheatear,0.9461894035339355,0.9461894035339355,species,1,rand_species,/Users/justyna-przy/Projects/ISE/FYP/src/bird_data/clips/species/oenanthe_oenanthe/XC570425__s4000__e7000.wav,
oenanthe_oenanthe,569080,Oenanthe oenanthe,/Users/justyna-przy/Projects/ISE/FYP/src/bird_data/raw/oenanthe_oenanthe/XC569080.mp3,1.0,4.0,-44.11987303234768,-40.0,drop,Calandrella acutirostris,Hume's Lark,0.22893105447292328,0.22893105447292328,drop,0,,,
oenanthe_oenanthe,561033,Oenanthe oenanthe,/Users/justyna-przy/Projects/ISE/FYP/src/bird_data/raw/oenanthe_oenanthe/XC561033.mp3,13.0,16.0,-36.79354029585634,-40.0,species,Oenanthe oenanthe,Northern Wheatear,0.9057116508483887,0.9057116508483887,species,1,rand_species,/Users/justyna-przy/Projects/ISE/FYP/src/bird_data/clips/species/oenanthe_oenanthe/XC561033__s13000__e16000.wav,
oenanthe_oenanthe,486803,Oenanthe oenanthe,/Users/justyna-przy/Projects/ISE/FYP/src/bird_data/raw/oenanthe_oenanthe/XC486803.mp3,1.0,4.0,-33.74563992924881,-33.74563992924881,species,Oenanthe oenanthe,Northern Wheatear,0.7975603938102722,0.7975603938102722,species,1,rand_species,/Users/justyna-przy/Projects/ISE/FYP/src/bird_data/clips/species/oenanthe_oenanthe/XC486803__s1000__e4000.wav,
oenanthe_oenanthe,486792,Oenanthe oenanthe,/Users/justyna-przy/Projects/ISE/FYP/src/bird_data/raw/oenanthe_oenanthe/XC486792.mp3,1.0,4.0,-34.47842709706368,-36.244392377177256,species,Oenanthe oenanthe,Northern Wheatear,0.978774905204773,0.978774905204773,species,1,rand_species,/Users/justyna-przy/Projects/ISE/FYP/src/bird_data/clips/species/oenanthe_oenanthe/XC486792__s1000__e4000.wav,
oenanthe_oenanthe,486792,Oenanthe oenanthe,/Users/justyna-przy/Projects/ISE/FYP/src/bird_data/raw/oenanthe_oenanthe/XC486792.mp3,4.0,7.0,-36.21826378389556,-36.244392377177256,species,Oenanthe oenanthe,Northern Wheatear,0.3441827595233917,0.3441827595233917,species,1,rand_species,/Users/justyna-przy/Projects/ISE/FYP/src/bird_data/clips/species/oenanthe_oenanthe/XC486792__s4000__e7000.wav,
oenanthe_oenanthe,486792,Oenanthe oenanthe,/Users/justyna-przy/Projects/ISE/FYP/src/bird_data/raw/oenanthe_oenanthe/XC486792.mp3,10.0,13.0,-35.67052387597211,-36.244392377177256,species,Oenanthe oenanthe,Northern Wheatear,0.7494363188743591,0.7494363188743591,species,1,rand_species,/Users/justyna-przy/Projects/ISE/FYP/src/bird_data/clips/species/oenanthe_oenanthe/XC486792__s10000__e13000.wav,
oenanthe_oenanthe,470795,Oenanthe oenanthe,/Users/justyna-przy/Projects/ISE/FYP/src/bird_data/raw/oenanthe_oenanthe/XC470795.mp3,1.0,4.0,-26.231345782198837,-27.28633671167804,species,Oenanthe oenanthe,Northern Wheatear,0.9784610867500305,0.9784610867500305,species,1,rand_species,/Users/justyna-przy/Projects/ISE/FYP/src/bird_data/clips/species/oenanthe_oenanthe/XC470795__s1000__e4000.wav,
oenanthe_oenanthe,470795,Oenanthe oenanthe,/Users/justyna-przy/Projects/ISE/FYP/src/bird_data/raw/oenanthe_oenanthe/XC470795.mp3,4.0,7.0,-27.188967786103948,-27.28633671167804,species,Oenanthe oenanthe,Northern Wheatear,0.9976115226745605,0.9976115226745605,species,0,,,
oenanthe_oenanthe,470795,Oenanthe oenanthe,/Users/justyna-przy/Projects/ISE/FYP/src/bird_data/raw/oenanthe_oenanthe/XC470795.mp3,10.0,13.0,-24.305863908847357,-27.28633671167804,species,Oenanthe oenanthe,Northern Wheatear,0.9597424864768982,0.9597424864768982,species,1,rand_species,/Users/justyna-przy/Projects/ISE/FYP/src/bird_data/clips/species/oenanthe_oenanthe/XC470795__s10000__e13000.wav,
oenanthe_oenanthe,470795,Oenanthe oenanthe,/Users/justyna-przy/Projects/ISE/FYP/src/bird_data/raw/oenanthe_oenanthe/XC470795.mp3,13.0,16.0,-25.67180878697306,-27.28633671167804,species,Oenanthe oenanthe,Northern Wheatear,0.969500720500946,0.969500720500946,species,1,rand_species,/Users/justyna-przy/Projects/ISE/FYP/src/bird_data/clips/species/oenanthe_oenanthe/XC470795__s13000__e16000.wav,
oenanthe_oenanthe,470795,Oenanthe oenanthe,/Users/justyna-przy/Projects/ISE/FYP/src/bird_data/raw/oenanthe_oenanthe/XC470795.mp3,16.0,19.0,-23.0507891823842,-27.28633671167804,species,Oenanthe oenanthe,Northern Wheatear,0.9868849515914917,0.9868849515914917,species,0,,,
oenanthe_oenanthe,470795,Oenanthe oenanthe,/Users/justyna-przy/Projects/ISE/FYP/src/bird_data/raw/oenanthe_oenanthe/XC470795.mp3,19.0,22.0,-24.345411678070995,-27.28633671167804,species,Oenanthe oenanthe,Northern Wheatear,0.8681924939155579,0.8681924939155579,species,0,,,
oenanthe_oenanthe,470795,Oenanthe oenanthe,/Users/justyna-przy/Projects/ISE/FYP/src/bird_data/raw/oenanthe_oenanthe/XC470795.mp3,22.0,25.0,-25.521561482989952,-27.28633671167804,species,Oenanthe oenanthe,Northern Wheatear,0.9965797066688538,0.9965797066688538,species,0,,,
oenanthe_oenanthe,421765,Oenanthe oenanthe,/Users/justyna-przy/Projects/ISE/FYP/src/bird_data/raw/oenanthe_oenanthe/XC421765.mp3,4.0,7.0,-34.891738276097406,-36.10432711762731,species,Oenanthe oenanthe,Northern Wheatear,0.9989516735076904,0.9989516735076904,species,0,,,
oenanthe_oenanthe,421765,Oenanthe oenanthe,/Users/justyna-przy/Projects/ISE/FYP/src/bird_data/raw/oenanthe_oenanthe/XC421765.mp3,7.0,10.0,-35.629850232657766,-36.10432711762731,species,Oenanthe oenanthe,Northern Wheatear,0.9946556091308594,0.9946556091308594,species,0,,,
oenanthe_oenanthe,421765,Oenanthe oenanthe,/Users/justyna-przy/Projects/ISE/FYP/src/bird_data/raw/oenanthe_oenanthe/XC421765.mp3,13.0,16.0,-32.250375733665294,-36.10432711762731,species,Oenanthe oenanthe,Northern Wheatear,0.9987803101539612,0.9987803101539612,species,1,rand_species,/Users/justyna-przy/Projects/ISE/FYP/src/bird_data/clips/species/oenanthe_oenanthe/XC421765__s13000__e16000.wav,
oenanthe_oenanthe,421765,Oenanthe oenanthe,/Users/justyna-przy/Projects/ISE/FYP/src/bird_data/raw/oenanthe_oenanthe/XC421765.mp3,16.0,19.0,-31.572492557815618,-36.10432711762731,species,Oenanthe oenanthe,Northern Wheatear,0.9988815188407898,0.9988815188407898,species,1,rand_species,/Users/justyna-przy/Projects/ISE/FYP/src/bird_data/clips/species/oenanthe_oenanthe/XC421765__s16000__e19000.wav,
oenanthe_oenanthe,421765,Oenanthe oenanthe,/Users/justyna-przy/Projects/ISE/FYP/src/bird_data/raw/oenanthe_oenanthe/XC421765.mp3,22.0,25.0,-29.705405627977413,-36.10432711762731,species,Oenanthe oenanthe,Northern Wheatear,0.9989386200904846,0.9989386200904846,species,0,,,
oenanthe_oenanthe,421765,Oenanthe oenanthe,/Users/justyna-przy/Projects/ISE/FYP/src/bird_data/raw/oenanthe_oenanthe/XC421765.mp3,25.0,28.0,-33.58939858469598,-36.10432711762731,species,Oenanthe oenanthe,Northern Wheatear,0.9955564141273499,0.9955564141273499,species,1,rand_species,/Users/justyna-przy/Projects/ISE/FYP/src/bird_data/clips/species/oenanthe_oenanthe/XC421765__s25000__e28000.wav,
oenanthe_oenanthe,376371,Oenanthe oenanthe,/Users/justyna-przy/Projects/ISE/FYP/src/bird_data/raw/oenanthe_oenanthe/XC376371.mp3,1.0,4.0,-38.93996216244583,-40.0,species,Oenanthe oenanthe,Northern Wheatear,0.9189133048057556,0.9189133048057556,species,0,,,
oenanthe_oenanthe,376371,Oenanthe oenanthe,/Users/justyna-przy/Projects/ISE/FYP/src/bird_data/raw/oenanthe_oenanthe/XC376371.mp3,13.0,16.0,-34.46641488146077,-40.0,species,Oenanthe oenanthe,Northern Wheatear,0.9992875456809998,0.9992875456809998,species,0,,,
oenanthe_oenanthe,376371,Oenanthe oenanthe,/Users/justyna-przy/Projects/ISE/FYP/src/bird_data/raw/oenanthe_oenanthe/XC376371.mp3,16.0,19.0,-30.366815803507382,-40.0,species,Oenanthe oenanthe,Northern Wheatear,0.9999163150787354,0.9999163150787354,species,1,rand_species,/Users/justyna-przy/Projects/ISE/FYP/src/bird_data/clips/species/oenanthe_oenanthe/XC376371__s16000__e19000.wav,
oenanthe_oenanthe,376371,Oenanthe oenanthe,/Users/justyna-przy/Projects/ISE/FYP/src/bird_data/raw/oenanthe_oenanthe/XC376371.mp3,25.0,28.0,-34.21347174660347,-40.0,species,Oenanthe oenanthe,Northern Wheatear,0.9998908042907715,0.9998908042907715,species,1,rand_species,/Users/justyna-przy/Projects/ISE/FYP/src/bird_data/clips/species/oenanthe_oenanthe/XC376371__s25000__e28000.wav,
oenanthe_oenanthe,376371,Oenanthe oenanthe,/Users/justyna-przy/Projects/ISE/FYP/src/bird_data/raw/oenanthe_oenanthe/XC376371.mp3,28.0,31.0,-31.34274613303644,-40.0,species,Oenanthe oenanthe,Northern Wheatear,0.7434936761856079,0.7434936761856079,species,0,,,
oenanthe_oenanthe,376371,Oenanthe oenanthe,/Users/justyna-przy/Projects/ISE/FYP/src/bird_data/raw/oenanthe_oenanthe/XC376371.mp3,31.0,34.0,-28.021030962536493,-40.0,species,Oenanthe oenanthe,Northern Wheatear,0.9984055161476135,0.9984055161476135,species,0,,,
oenanthe_oenanthe,376371,Oenanthe oenanthe,/Users/justyna-przy/Projects/ISE/FYP/src/bird_data/raw/oenanthe_oenanthe/XC376371.mp3,34.0,37.0,-31.154088665198913,-40.0,species,Oenanthe oenanthe,Northern Wheatear,0.9039366245269775,0.9039366245269775,species,1,rand_species,/Users/justyna-przy/Projects/ISE/FYP/src/bird_data/clips/species/oenanthe_oenanthe/XC376371__s34000__e37000.wav,
oenanthe_oenanthe,376371,Oenanthe oenanthe,/Users/justyna-przy/Projects/ISE/FYP/src/bird_data/raw/oenanthe_oenanthe/XC376371.mp3,37.0,40.0,-34.21705922372312,-40.0,species,Oenanthe oenanthe,Northern Wheatear,0.9995390176773071,0.9995390176773071,species,0,,,
oenanthe_oenanthe,372547,Oenanthe oenanthe,/Users/justyna-przy/Projects/ISE/FYP/src/bird_data/raw/oenanthe_oenanthe/XC372547.mp3,1.0,4.0,-30.267787192816638,-30.335843199358674,species,Oenanthe oenanthe,Northern Wheatear,0.9900604486465454,0.9900604486465454,species,1,rand_species,/Users/justyna-przy/Projects/ISE/FYP/src/bird_data/clips/species/oenanthe_oenanthe/XC372547__s1000__e4000.wav,
oenanthe_oenanthe,372547,Oenanthe oenanthe,/Users/justyna-przy/Projects/ISE/FYP/src/bird_data/raw/oenanthe_oenanthe/XC372547.mp3,4.0,7.0,-28.541112881171223,-30.335843199358674,species,Oenanthe oenanthe,Northern Wheatear,0.9889830946922302,0.9889830946922302,species,1,rand_species,/Users/justyna-przy/Projects/ISE/FYP/src/bird_data/clips/species/oenanthe_oenanthe/XC372547__s4000__e7000.wav,
oenanthe_oenanthe,321892,Oenanthe oenanthe,/Users/justyna-przy/Projects/ISE/FYP/src/bird_data/raw/oenanthe_oenanthe/XC321892.mp3,1.0,4.0,-30.98927035687414,-34.36884045385149,species,Oenanthe oenanthe,Northern Wheatear,0.9984837174415588,0.9984837174415588,species,1,rand_species,/Users/justyna-przy/Projects/ISE/FYP/src/bird_data/clips/species/oenanthe_oenanthe/XC321892__s1000__e4000.wav,
oenanthe_oenanthe,321892,Oenanthe oenanthe,/Users/justyna-przy/Projects/ISE/FYP/src/bird_data/raw/oenanthe_oenanthe/XC321892.mp3,4.0,7.0,-34.32288529597151,-34.36884045385149,species,Oenanthe oenanthe,Northern Wheatear,0.9991337656974792,0.9991337656974792,species,1,rand_species,/Users/justyna-przy/Projects/ISE/FYP/src/bird_data/clips/species/oenanthe_oenanthe/XC321892__s4000__e7000.wav,
oenanthe_oenanthe,321892,Oenanthe oenanthe,/Users/justyna-przy/Projects/ISE/FYP/src/bird_data/raw/oenanthe_oenanthe/XC321892.mp3,7.0,10.0,-32.102314788477564,-34.36884045385149,species,Oenanthe oenanthe,Northern Wheatear,0.9943467974662781,0.9943467974662781,species,1,rand_species,/Users/justyna-przy/Projects/ISE/FYP/src/bird_data/clips/species/oenanthe_oenanthe/XC321892__s7000__e10000.wav,
oenanthe_oenanthe,321892,Oenanthe oenanthe,/Users/justyna-przy/Projects/ISE/FYP/src/bird_data/raw/oenanthe_oenanthe/XC321892.mp3,13.0,16.0,-33.994968412416874,-34.36884045385149,species,Oenanthe oenanthe,Northern Wheatear,0.9995207786560059,0.9995207786560059,species,0,,,
oenanthe_oenanthe,321892,Oenanthe oenanthe,/Users/justyna-przy/Projects/ISE/FYP/src/bird_data/raw/oenanthe_oenanthe/XC321892.mp3,16.0,19.0,-33.1604904783805,-34.36884045385149,species,Oenanthe oenanthe,Northern Wheatear,0.9995588660240173,0.9995588660240173,species,0,,,
oenanthe_oenanthe,321892,Oenanthe oenanthe,/Users/justyna-przy/Projects/ISE/FYP/src/bird_data/raw/oenanthe_oenanthe/XC321892.mp3,25.0,28.0,-30.65938190786366,-34.36884045385149,species,Oenanthe oenanthe,Northern Wheatear,0.9966404438018799,0.9966404438018799,species,0,,,
oenanthe_oenanthe,310594,Oenanthe oenanthe,/Users/justyna-przy/Projects/ISE/FYP/src/bird_data/raw/oenanthe_oenanthe/XC310594.mp3,1.0,4.0,-31.75731307602071,-33.93767791531796,species,Oenanthe oenanthe,Northern Wheatear,0.981951892375946,0.981951892375946,species,0,,,
oenanthe_oenanthe,310594,Oenanthe oenanthe,/Users/justyna-przy/Projects/ISE/FYP/src/bird_data/raw/oenanthe_oenanthe/XC310594.mp3,4.0,7.0,-33.06720783966168,-33.93767791531796,species,Oenanthe oenanthe,Northern Wheatear,0.9685071110725403,0.9685071110725403,species,1,rand_species,/Users/justyna-przy/Projects/ISE/FYP/src/bird_data/clips/species/oenanthe_oenanthe/XC310594__s4000__e7000.wav,
oenanthe_oenanthe,310594,Oenanthe oenanthe,/Users/justyna-przy/Projects/ISE/FYP/src/bird_data/raw/oenanthe_oenanthe/XC310594.mp3,7.0,10.0,-31.816878845327125,-33.93767791531796,species,Oenanthe oenanthe,Northern Wheatear,0.9653998017311096,0.9653998017311096,species,1,rand_species,/Users/justyna-przy/Projects/ISE/FYP/src/bird_data/clips/species/oenanthe_oenanthe/XC310594__s7000__e10000.wav,
oenanthe_oenanthe,310594,Oenanthe oenanthe,/Users/justyna-przy/Projects/ISE/FYP/src/bird_data/raw/oenanthe_oenanthe/XC310594.mp3,10.0,13.0,-29.546175330905324,-33.93767791531796,species,Oenanthe oenanthe,Northern Wheatear,0.9770197868347168,0.9770197868347168,species,0,,,
oenanthe_oenanthe,310594,Oenanthe oenanthe,/Users/justyna-przy/Projects/ISE/FYP/src/bird_data/raw/oenanthe_oenanthe/XC310594.mp3,16.0,19.0,-30.94311195402518,-33.93767791531796,species,Oenanthe oenanthe,Northern Wheatear,0.9884523749351501,0.9884523749351501,species,1,rand_species,/Users/justyna-przy/Projects/ISE/FYP/src/bird_data/clips/species/oenanthe_oenanthe/XC310594__s16000__e19000.wav,
oenanthe_oenanthe,310594,Oenanthe oenanthe,/Users/justyna-przy/Projects/ISE/FYP/src/bird_data/raw/oenanthe_oenanthe/XC310594.mp3,22.0,25.0,-30.658802361295542,-33.93767791531796,species,Oenanthe oenanthe,Northern Wheatear,0.9455031752586365,0.9455031752586365,species,0,,,
oenanthe_oenanthe,310594,Oenanthe oenanthe,/Users/justyna-przy/Projects/ISE/FYP/src/bird_data/raw/oenanthe_oenanthe/XC310594.mp3,25.0,28.0,-32.51097725417549,-33.93767791531796,species,Oenanthe oenanthe,Northern Wheatear,0.9648028612136841,0.9648028612136841,species,0,,,
oenanthe_oenanthe,310594,Oenanthe oenanthe,/Users/justyna-przy/Projects/ISE/FYP/src/bird_data/raw/oenanthe_oenanthe/XC310594.mp3,31.0,34.0,-30.95552931767675,-33.93767791531796,species,Oenanthe oenanthe,Northern Wheatear,0.8726568818092346,0.8726568818092346,species,0,,,
oenanthe_oenanthe,310593,Oenanthe oenanthe,/Users/justyna-przy/Projects/ISE/FYP/src/bird_data/raw/oenanthe_oenanthe/XC310593.mp3,1.0,4.0,-32.855787103066774,-39.35871638054004,species,Oenanthe oenanthe,Northern Wheatear,0.9779755473136902,0.9779755473136902,species,1,rand_species,/Users/justyna-przy/Projects/ISE/FYP/src/bird_data/clips/species/oenanthe_oenanthe/XC310593__s1000__e4000.wav,
oenanthe_oenanthe,310593,Oenanthe oenanthe,/Users/justyna-przy/Projects/ISE/FYP/src/bird_data/raw/oenanthe_oenanthe/XC310593.mp3,4.0,7.0,-33.33103656701806,-39.35871638054004,species,Oenanthe oenanthe,Northern Wheatear,0.9589000344276428,0.9589000344276428,species,1,rand_species,/Users/justyna-przy/Projects/ISE/FYP/src/bird_data/clips/species/oenanthe_oenanthe/XC310593__s4000__e7000.wav,
oenanthe_oenanthe,310593,Oenanthe oenanthe,/Users/justyna-przy/Projects/ISE/FYP/src/bird_data/raw/oenanthe_oenanthe/XC310593.mp3,7.0,10.0,-33.73697357345406,-39.35871638054004,species,Oenanthe oenanthe,Northern Wheatear,0.9845390915870667,0.9845390915870667,species,0,,,
oenanthe_oenanthe,310593,Oenanthe oenanthe,/Users/justyna-przy/Projects/ISE/FYP/src/bird_data/raw/oenanthe_oenanthe/XC310593.mp3,10.0,13.0,-35.98727726640628,-39.35871638054004,species,Oenanthe oenanthe,Northern Wheatear,0.7227153778076172,0.7227153778076172,species,0,,,
oenanthe_oenanthe,310593,Oenanthe oenanthe,/Users/justyna-przy/Projects/ISE/FYP/src/bird_data/raw/oenanthe_oenanthe/XC310593.mp3,13.0,16.0,-37.44572620710781,-39.35871638054004,species,Oenanthe oenanthe,Northern Wheatear,0.8307047486305237,0.8307047486305237,species,0,,,
oenanthe_oenanthe,310593,Oenanthe oenanthe,/Users/justyna-przy/Projects/ISE/FYP/src/bird_data/raw/oenanthe_oenanthe/XC310593.mp3,16.0,19.0,-33.52605975350143,-39.35871638054004,species,Oenanthe oenanthe,Northern Wheatear,0.7192266583442688,0.7192266583442688,species,1,rand_species,/Users/justyna-przy/Projects/ISE/FYP/src/bird_data/clips/species/oenanthe_oenanthe/XC310593__s16000__e19000.wav,
oenanthe_oenanthe,310593,Oenanthe oenanthe,/Users/justyna-przy/Projects/ISE/FYP/src/bird_data/raw/oenanthe_oenanthe/XC310593.mp3,19.0,22.0,-35.360198222557464,-39.35871638054004,species,Oenanthe oenanthe,Northern Wheatear,0.8751062750816345,0.8751062750816345,species,0,,,
oenanthe_oenanthe,310593,Oenanthe oenanthe,/Users/justyna-przy/Projects/ISE/FYP/src/bird_data/raw/oenanthe_oenanthe/XC310593.mp3,34.0,37.0,-31.846319494149434,-39.35871638054004,species,Oenanthe oenanthe,Northern Wheatear,0.9272857308387756,0.9272857308387756,species,0,,,
oenanthe_oenanthe,254090,Oenanthe oenanthe,/Users/justyna-przy/Projects/ISE/FYP/src/bird_data/raw/oenanthe_oenanthe/XC254090.mp3,1.0,4.0,-27.465988847794822,-30.892619729819412,species,Oenanthe oenanthe,Northern Wheatear,0.9973638653755188,0.9973638653755188,species,0,,,
oenanthe_oenanthe,254090,Oenanthe oenanthe,/Users/justyna-przy/Projects/ISE/FYP/src/bird_data/raw/oenanthe_oenanthe/XC254090.mp3,4.0,7.0,-26.13986318207633,-30.892619729819412,species,Oenanthe oenanthe,Northern Wheatear,0.9987187385559082,0.9987187385559082,species,1,rand_species,/Users/justyna-przy/Projects/ISE/FYP/src/bird_data/clips/species/oenanthe_oenanthe/XC254090__s4000__e7000.wav,
oenanthe_oenanthe,254090,Oenanthe oenanthe,/Users/justyna-przy/Projects/ISE/FYP/src/bird_data/raw/oenanthe_oenanthe/XC254090.mp3,13.0,16.0,-26.563087529516487,-30.892619729819412,species,Oenanthe oenanthe,Northern Wheatear,0.9937664270401001,0.9937664270401001,species,0,,,
oenanthe_oenanthe,254090,Oenanthe oenanthe,/Users/justyna-przy/Projects/ISE/FYP/src/bird_data/raw/oenanthe_oenanthe/XC254090.mp3,16.0,19.0,-30.557115571770197,-30.892619729819412,species,Oenanthe oenanthe,Northern Wheatear,0.9946507811546326,0.9946507811546326,species,1,rand_species,/Users/justyna-przy/Projects/ISE/FYP/src/bird_data/clips/species/oenanthe_oenanthe/XC254090__s16000__e19000.wav,
oenanthe_oenanthe,254090,Oenanthe oenanthe,/Users/justyna-przy/Projects/ISE/FYP/src/bird_data/raw/oenanthe_oenanthe/XC254090.mp3,22.0,25.0,-24.990665014716797,-30.892619729819412,species,Oenanthe oenanthe,Northern Wheatear,0.9942915439605713,0.9942915439605713,species,0,,,
oenanthe_oenanthe,254090,Oenanthe oenanthe,/Users/justyna-przy/Projects/ISE/FYP/src/bird_data/raw/oenanthe_oenanthe/XC254090.mp3,25.0,28.0,-29.2427263962931,-30.892619729819412,species,Oenanthe oenanthe,Northern Wheatear,0.9968212842941284,0.9968212842941284,species,0,,,
oenanthe_oenanthe,254090,Oenanthe oenanthe,/Users/justyna-przy/Projects/ISE/FYP/src/bird_data/raw/oenanthe_oenanthe/XC254090.mp3,28.0,31.0,-26.020462571931727,-30.892619729819412,species,Oenanthe oenanthe,Northern Wheatear,0.9927425384521484,0.9927425384521484,species,1,rand_species,/Users/justyna-przy/Projects/ISE/FYP/src/bird_data/clips/species/oenanthe_oenanthe/XC254090__s28000__e31000.wav,
oenanthe_oenanthe,246561,Oenanthe oenanthe,/Users/justyna-przy/Projects/ISE/FYP/src/bird_data/raw/oenanthe_oenanthe/XC246561.mp3,1.0,4.0,-27.866898800279042,-40.0,species,Oenanthe oenanthe,Northern Wheatear,0.991546094417572,0.991546094417572,species,0,,,
oenanthe_oenanthe,246561,Oenanthe oenanthe,/Users/justyna-przy/Projects/ISE/FYP/src/bird_data/raw/oenanthe_oenanthe/XC246561.mp3,10.0,13.0,-26.811203883099864,-40.0,species,Oenanthe oenanthe,Northern Wheatear,0.9844041466712952,0.9844041466712952,species,1,rand_species,/Users/justyna-przy/Projects/ISE/FYP/src/bird_data/clips/species/oenanthe_oenanthe/XC246561__s10000__e13000.wav,
oenanthe_oenanthe,246561,Oenanthe oenanthe,/Users/justyna-przy/Projects/ISE/FYP/src/bird_data/raw/oenanthe_oenanthe/XC246561.mp3,16.0,19.0,-25.397743531649773,-40.0,species,Oenanthe oenanthe,Northern Wheatear,0.8791955709457397,0.8791955709457397,species,1,rand_species,/Users/justyna-przy/Projects/ISE/FYP/src/bird_data/clips/species/oenanthe_oenanthe/XC246561__s16000__e19000.wav,
oenanthe_oenanthe,246561,Oenanthe oenanthe,/Users/justyna-przy/Projects/ISE/FYP/src/bird_data/raw/oenanthe_oenanthe/XC246561.mp3,19.0,22.0,-25.63618462057118,-40.0,species,Oenanthe oenanthe,Northern Wheatear,0.9599898457527161,0.9599898457527161,species,0,,,
oenanthe_oenanthe,246561,Oenanthe oenanthe,/Users/justyna-przy/Projects/ISE/FYP/src/bird_data/raw/oenanthe_oenanthe/XC246561.mp3,22.0,25.0,-25.091077539842566,-40.0,species,Oenanthe oenanthe,Northern Wheatear,0.9579289555549622,0.9579289555549622,species,1,rand_species,/Users/justyna-przy/Projects/ISE/FYP/src/bird_data/clips/species/oenanthe_oenanthe/XC246561__s22000__e25000.wav,
oenanthe_oenanthe,188466,Oenanthe oenanthe,/Users/justyna-przy/Projects/ISE/FYP/src/bird_data/raw/oenanthe_oenanthe/XC188466.mp3,37.0,40.0,-38.21005234208556,-40.0,drop,Batis pririt,Pririt Batis,0.19913989305496216,0.19913989305496216,drop,0,,,
oenanthe_oenanthe,188466,Oenanthe oenanthe,/Users/justyna-przy/Projects/ISE/FYP/src/bird_data/raw/oenanthe_oenanthe/XC188466.mp3,43.0,46.0,-37.477634493555655,-40.0,non_bird,,,0.0,0.0,non_bird,1,nonbird_lowconf,/Users/justyna-przy/Projects/ISE/FYP/src/bird_data/clips/non_bird/oenanthe_oenanthe/XC188466__s43000__e46000.wav,
oenanthe_oenanthe,188466,Oenanthe oenanthe,/Users/justyna-przy/Projects/ISE/FYP/src/bird_data/raw/oenanthe_oenanthe/XC188466.mp3,46.0,49.0,-37.32051745806648,-40.0,drop,Batis pririt,Pririt Batis,0.13451248407363892,0.13451248407363892,drop,0,,,
oenanthe_oenanthe,188465,Oenanthe oenanthe,/Users/justyna-przy/Projects/ISE/FYP/src/bird_data/raw/oenanthe_oenanthe/XC188465.mp3,1.0,4.0,-23.2404714263258,-28.090096252258704,species,Oenanthe oenanthe,Northern Wheatear,0.9943113327026367,0.9943113327026367,species,0,,,
oenanthe_oenanthe,188465,Oenanthe oenanthe,/Users/justyna-przy/Projects/ISE/FYP/src/bird_data/raw/oenanthe_oenanthe/XC188465.mp3,7.0,10.0,-24.525815603467883,-28.090096252258704,species,Oenanthe oenanthe,Northern Wheatear,0.9964428544044495,0.9964428544044495,species,1,rand_species,/Users/justyna-przy/Projects/ISE/FYP/src/bird_data/clips/species/oenanthe_oenanthe/XC188465__s7000__e10000.wav,
oenanthe_oenanthe,188465,Oenanthe oenanthe,/Users/justyna-przy/Projects/ISE/FYP/src/bird_data/raw/oenanthe_oenanthe/XC188465.mp3,10.0,13.0,-27.06910482608133,-28.090096252258704,species,Oenanthe oenanthe,Northern Wheatear,0.9823607206344604,0.9823607206344604,species,0,,,
oenanthe_oenanthe,188465,Oenanthe oenanthe,/Users/justyna-przy/Projects/ISE/FYP/src/bird_data/raw/oenanthe_oenanthe/XC188465.mp3,13.0,16.0,-26.034918088871315,-28.090096252258704,species,Oenanthe oenanthe,Northern Wheatear,0.9973662495613098,0.9973662495613098,species,1,rand_species,/Users/justyna-przy/Projects/ISE/FYP/src/bird_data/clips/species/oenanthe_oenanthe/XC188465__s13000__e16000.wav,
oenanthe_oenanthe,188465,Oenanthe oenanthe,/Users/justyna-przy/Projects/ISE/FYP/src/bird_data/raw/oenanthe_oenanthe/XC188465.mp3,16.0,19.0,-27.64838184040491,-28.090096252258704,species,Oenanthe oenanthe,Northern Wheatear,0.998019814491272,0.998019814491272,species,1,rand_species,/Users/justyna-przy/Projects/ISE/FYP/src/bird_data/clips/species/oenanthe_oenanthe/XC188465__s16000__e19000.wav,
oenanthe_oenanthe,136657,Oenanthe oenanthe,/Users/justyna-przy/Projects/ISE/FYP/src/bird_data/raw/oenanthe_oenanthe/XC136657.mp3,1.0,4.0,-21.306405886063537,-37.76388688448822,species,Oenanthe oenanthe,Northern Wheatear,0.6539367437362671,0.6539367437362671,species,1,rand_species,/Users/justyna-przy/Projects/ISE/FYP/src/bird_data/clips/species/oenanthe_oenanthe/XC136657__s1000__e4000.wav,
oenanthe_oenanthe,136657,Oenanthe oenanthe,/Users/justyna-przy/Projects/ISE/FYP/src/bird_data/raw/oenanthe_oenanthe/XC136657.mp3,7.0,10.0,-33.768359380811425,-37.76388688448822,non_bird,,,0.0,0.0,non_bird,1,nonbird_lowconf,/Users/justyna-przy/Projects/ISE/FYP/src/bird_data/clips/non_bird/oenanthe_oenanthe/XC136657__s7000__e10000.wav,
oenanthe_oenanthe,136657,Oenanthe oenanthe,/Users/justyna-przy/Projects/ISE/FYP/src/bird_data/raw/oenanthe_oenanthe/XC136657.mp3,10.0,13.0,-34.25251317564548,-37.76388688448822,non_bird,,,0.0,0.0,non_bird,1,nonbird_lowconf,/Users/justyna-przy/Projects/ISE/FYP/src/bird_data/clips/non_bird/oenanthe_oenanthe/XC136657__s10000__e13000.wav,
oenanthe_oenanthe,136657,Oenanthe oenanthe,/Users/justyna-przy/Projects/ISE/FYP/src/bird_data/raw/oenanthe_oenanthe/XC136657.mp3,13.0,16.0,-30.705600569658884,-37.76388688448822,drop,Cygnus olor,Mute Swan,0.4588751196861267,0.4588751196861267,drop,0,,,
oenanthe_oenanthe,136657,Oenanthe oenanthe,/Users/justyna-przy/Projects/ISE/FYP/src/bird_data/raw/oenanthe_oenanthe/XC136657.mp3,16.0,19.0,-36.014978458352935,-37.76388688448822,drop,Canis latrans,Coyote,0.5822435617446899,0.5822435617446899,drop,0,,,
oenanthe_oenanthe,136657,Oenanthe oenanthe,/Users/justyna-przy/Projects/ISE/FYP/src/bird_data/raw/oenanthe_oenanthe/XC136657.mp3,19.0,22.0,-34.60871035641444,-37.76388688448822,drop,Canis latrans,Coyote,0.17167611420154572,0.17167611420154572,drop,0,,,
oenanthe_oenanthe,136657,Oenanthe oenanthe,/Users/justyna-przy/Projects/ISE/FYP/src/bird_data/raw/oenanthe_oenanthe/XC136657.mp3,22.0,25.0,-24.87733969684273,-37.76388688448822,drop,Canis latrans,Coyote,0.29398781061172485,0.29398781061172485,drop,0,,,
oenanthe_oenanthe,136657,Oenanthe oenanthe,/Users/justyna-przy/Projects/ISE/FYP/src/bird_data/raw/oenanthe_oenanthe/XC136657.mp3,25.0,28.0,-29.724863422754545,-37.76388688448822,drop,Dog,Dog,0.8354172110557556,0.8354172110557556,drop,0,,,
oenanthe_oenanthe,136657,Oenanthe oenanthe,/Users/justyna-przy/Projects/ISE/FYP/src/bird_data/raw/oenanthe_oenanthe/XC136657.mp3,28.0,31.0,-28.97291734691631,-37.76388688448822,non_bird,,,0.0,0.0,non_bird,0,,,
oenanthe_oenanthe,136657,Oenanthe oenanthe,/Users/justyna-przy/Projects/ISE/FYP/src/bird_data/raw/oenanthe_oenanthe/XC136657.mp3,40.0,43.0,-36.48779206100304,-37.76388688448822,drop,Canis latrans,Coyote,0.17211836576461792,0.17211836576461792,drop,0,,,
oenanthe_oenanthe,136656,Oenanthe oenanthe,/Users/justyna-przy/Projects/ISE/FYP/src/bird_data/raw/oenanthe_oenanthe/XC136656.mp3,4.0,7.0,-29.460591983274753,-30.994762434642613,drop,Galerida theklae,Thekla's Lark,0.21157221496105194,0.21157221496105194,drop,0,,,
oenanthe_oenanthe,136656,Oenanthe oenanthe,/Users/justyna-przy/Projects/ISE/FYP/src/bird_data/raw/oenanthe_oenanthe/XC136656.mp3,7.0,10.0,-29.012625520930264,-30.994762434642613,species,Oenanthe oenanthe,Northern Wheatear,0.9699500203132629,0.9699500203132629,species,0,,,
oenanthe_oenanthe,136656,Oenanthe oenanthe,/Users/justyna-przy/Projects/ISE/FYP/src/bird_data/raw/oenanthe_oenanthe/XC136656.mp3,10.0,13.0,-29.101836829720668,-30.994762434642613,species,Oenanthe oenanthe,Northern Wheatear,0.5876222848892212,0.5876222848892212,species,0,,,
oenanthe_oenanthe,136656,Oenanthe oenanthe,/Users/justyna-przy/Projects/ISE/FYP/src/bird_data/raw/oenanthe_oenanthe/XC136656.mp3,16.0,19.0,-28.344920142315843,-30.994762434642613,species,Oenanthe oenanthe,Northern Wheatear,0.8262621760368347,0.8262621760368347,species,1,rand_species,/Users/justyna-przy/Projects/ISE/FYP/src/bird_data/clips/species/oenanthe_oenanthe/XC136656__s16000__e19000.wav,
oenanthe_oenanthe,136656,Oenanthe oenanthe,/Users/justyna-przy/Projects/ISE/FYP/src/bird_data/raw/oenanthe_oenanthe/XC136656.mp3,22.0,25.0,-28.416742019447042,-30.994762434642613,species,Oenanthe oenanthe,Northern Wheatear,0.9627223610877991,0.9627223610877991,species,1,rand_species,/Users/justyna-przy/Projects/ISE/FYP/src/bird_data/clips/species/oenanthe_oenanthe/XC136656__s22000__e25000.wav,
oenanthe_oenanthe,136656,Oenanthe oenanthe,/Users/justyna-przy/Projects/ISE/FYP/src/bird_data/raw/oenanthe_oenanthe/XC136656.mp3,25.0,28.0,-28.69846293249391,-30.994762434642613,species,Oenanthe oenanthe,Northern Wheatear,0.9867218732833862,0.9867218732833862,species,0,,,
oenanthe_oenanthe,136656,Oenanthe oenanthe,/Users/justyna-przy/Projects/ISE/FYP/src/bird_data/raw/oenanthe_oenanthe/XC136656.mp3,28.0,31.0,-30.99012180009129,-30.994762434642613,species,Oenanthe oenanthe,Northern Wheatear,0.6299563050270081,0.6299563050270081,species,0,,,
oenanthe_oenanthe,136656,Oenanthe oenanthe,/Users/justyna-przy/Projects/ISE/FYP/src/bird_data/raw/oenanthe_oenanthe/XC136656.mp3,31.0,34.0,-28.902151552351604,-30.994762434642613,species,Oenanthe oenanthe,Northern Wheatear,0.49973705410957336,0.49973705410957336,species,0,,,
oenanthe_oenanthe,136656,Oenanthe oenanthe,/Users/justyna-przy/Projects/ISE/FYP/src/bird_data/raw/oenanthe_oenanthe/XC136656.mp3,34.0,37.0,-27.85897662912148,-30.994762434642613,species,Oenanthe oenanthe,Northern Wheatear,0.9634994864463806,0.9634994864463806,species,0,,,
oenanthe_oenanthe,136656,Oenanthe oenanthe,/Users/justyna-przy/Projects/ISE/FYP/src/bird_data/raw/oenanthe_oenanthe/XC136656.mp3,43.0,46.0,-26.51424397242309,-30.994762434642613,species,Oenanthe oenanthe,Northern Wheatear,0.8001663684844971,0.8001663684844971,species,1,rand_species,/Users/justyna-przy/Projects/ISE/FYP/src/bird_data/clips/species/oenanthe_oenanthe/XC136656__s43000__e46000.wav,
oenanthe_oenanthe,136656,Oenanthe oenanthe,/Users/justyna-przy/Projects/ISE/FYP/src/bird_data/raw/oenanthe_oenanthe/XC136656.mp3,46.0,49.0,-30.96660794729641,-30.994762434642613,species,Oenanthe oenanthe,Northern Wheatear,0.628019392490387,0.628019392490387,species,0,,,
oenanthe_oenanthe,136655,Oenanthe oenanthe,/Users/justyna-przy/Projects/ISE/FYP/src/bird_data/raw/oenanthe_oenanthe/XC136655.mp3,1.0,4.0,-32.45123784449855,-35.181909891423885,species,Oenanthe oenanthe,Northern Wheatear,0.9349623918533325,0.9349623918533325,species,1,rand_species,/Users/justyna-przy/Projects/ISE/FYP/src/bird_data/clips/species/oenanthe_oenanthe/XC136655__s1000__e4000.wav,
oenanthe_oenanthe,136655,Oenanthe oenanthe,/Users/justyna-przy/Projects/ISE/FYP/src/bird_data/raw/oenanthe_oenanthe/XC136655.mp3,4.0,7.0,-33.43695463926973,-35.181909891423885,species,Oenanthe oenanthe,Northern Wheatear,0.9978340268135071,0.9978340268135071,species,0,,,
oenanthe_oenanthe,136655,Oenanthe oenanthe,/Users/justyna-przy/Projects/ISE/FYP/src/bird_data/raw/oenanthe_oenanthe/XC136655.mp3,7.0,10.0,-34.4065431024477,-35.181909891423885,species,Oenanthe oenanthe,Northern Wheatear,0.9980524778366089,0.9980524778366089,species,1,rand_species,/Users/justyna-przy/Projects/ISE/FYP/src/bird_data/clips/species/oenanthe_oenanthe/XC136655__s7000__e10000.wav,
oenanthe_oenanthe,136655,Oenanthe oenanthe,/Users/justyna-przy/Projects/ISE/FYP/src/bird_data/raw/oenanthe_oenanthe/XC136655.mp3,10.0,13.0,-31.417245382033766,-35.181909891423885,species,Oenanthe oenanthe,Northern Wheatear,0.9982335567474365,0.9982335567474365,species,0,,,
oenanthe_oenanthe,136655,Oenanthe oenanthe,/Users/justyna-przy/Projects/ISE/FYP/src/bird_data/raw/oenanthe_oenanthe/XC136655.mp3,13.0,16.0,-31.412893109982573,-35.181909891423885,species,Oenanthe oenanthe,Northern Wheatear,0.9747896790504456,0.9747896790504456,species,0,,,
oenanthe_oenanthe,136655,Oenanthe oenanthe,/Users/justyna-przy/Projects/ISE/FYP/src/bird_data/raw/oenanthe_oenanthe/XC136655.mp3,16.0,19.0,-31.516032741658606,-35.181909891423885,species,Oenanthe oenanthe,Northern Wheatear,0.9992045760154724,0.9992045760154724,species,1,rand_species,/Users/justyna-przy/Projects/ISE/FYP/src/bird_data/clips/species/oenanthe_oenanthe/XC136655__s16000__e19000.wav,
oenanthe_oenanthe,136655,Oenanthe oenanthe,/Users/justyna-przy/Projects/ISE/FYP/src/bird_data/raw/oenanthe_oenanthe/XC136655.mp3,25.0,28.0,-33.648772959335844,-35.181909891423885,drop,Phoenicurus ochruros,Black Redstart,0.9710813760757446,0.9710813760757446,drop,0,,,
oenanthe_oenanthe,136655,Oenanthe oenanthe,/Users/justyna-przy/Projects/ISE/FYP/src/bird_data/raw/oenanthe_oenanthe/XC136655.mp3,28.0,31.0,-33.528214464129064,-35.181909891423885,drop,Phoenicurus ochruros,Black Redstart,0.6506743431091309,0.6506743431091309,drop,0,,,
oenanthe_oenanthe,136655,Oenanthe oenanthe,/Users/justyna-przy/Projects/ISE/FYP/src/bird_data/raw/oenanthe_oenanthe/XC136655.mp3,31.0,34.0,-31.639604492263608,-35.181909891423885,non_bird,,,0.0,0.0,non_bird,1,nonbird_lowconf,/Users/justyna-przy/Projects/ISE/FYP/src/bird_data/clips/non_bird/oenanthe_oenanthe/XC136655__s31000__e34000.wav,
oenanthe_oenanthe,136655,Oenanthe oenanthe,/Users/justyna-przy/Projects/ISE/FYP/src/bird_data/raw/oenanthe_oenanthe/XC136655.mp3,34.0,37.0,-29.46368414575753,-35.181909891423885,drop,Columba livia,Rock Pigeon,0.10179648548364639,0.10179648548364639,drop,0,,,
oenanthe_oenanthe,136655,Oenanthe oenanthe,/Users/justyna-przy/Projects/ISE/FYP/src/bird_data/raw/oenanthe_oenanthe/XC136655.mp3,46.0,49.0,-34.24929737807264,-35.181909891423885,species,Oenanthe oenanthe,Northern Wheatear,0.9485974907875061,0.9485974907875061,species,0,,,
oenanthe_oenanthe,136654,Oenanthe oenanthe,/Users/justyna-przy/Projects/ISE/FYP/src/bird_data/raw/oenanthe_oenanthe/XC136654.mp3,4.0,7.0,-32.31250648951512,-34.904523366605446,drop,Oenanthe oenanthe,Northern Wheatear,0.18291141092777252,0.18291141092777252,drop,0,,,
oenanthe_oenanthe,136654,Oenanthe oenanthe,/Users/justyna-przy/Projects/ISE/FYP/src/bird_data/raw/oenanthe_oenanthe/XC136654.mp3,7.0,10.0,-29.01154243399798,-34.904523366605446,drop,Curruca undata,Dartford Warbler,0.7964763045310974,0.7964763045310974,drop,0,,,
oenanthe_oenanthe,136651,Oenanthe oenanthe,/Users/justyna-przy/Projects/ISE/FYP/src/bird_data/raw/oenanthe_oenanthe/XC136651.mp3,1.0,4.0,-25.381964997975615,-32.0620961309945,species,Oenanthe oenanthe,Northern Wheatear,0.3871142566204071,0.3871142566204071,species,1,rand_species,/Users/justyna-przy/Projects/ISE/FYP/src/bird_data/clips/species/oenanthe_oenanthe/XC136651__s1000__e4000.wav,
oenanthe_oenanthe,136651,Oenanthe oenanthe,/Users/justyna-przy/Projects/ISE/FYP/src/bird_data/raw/oenanthe_oenanthe/XC136651.mp3,7.0,10.0,-31.17669784500974,-32.0620961309945,drop,Oenanthe oenanthe,Northern Wheatear,0.15964964032173157,0.15964964032173157,drop,0,,,
oenanthe_oenanthe,136651,Oenanthe oenanthe,/Users/justyna-przy/Projects/ISE/FYP/src/bird_data/raw/oenanthe_oenanthe/XC136651.mp3,10.0,13.0,-29.71961196077125,-32.0620961309945,drop,Plectrophenax nivalis,Snow Bunting,0.148307204246521,0.148307204246521,drop,0,,,
oenanthe_oenanthe,136651,Oenanthe oenanthe,/Users/justyna-przy/Projects/ISE/FYP/src/bird_data/raw/oenanthe_oenanthe/XC136651.mp3,13.0,16.0,-32.06022855743713,-32.0620961309945,species,Oenanthe oenanthe,Northern Wheatear,0.9627074599266052,0.9627074599266052,species,1,rand_species,/Users/justyna-przy/Projects/ISE/FYP/src/bird_data/clips/species/oenanthe_oenanthe/XC136651__s13000__e16000.wav,
oenanthe_oenanthe,136651,Oenanthe oenanthe,/Users/justyna-przy/Projects/ISE/FYP/src/bird_data/raw/oenanthe_oenanthe/XC136651.mp3,16.0,19.0,-31.42288767371106,-32.0620961309945,species,Oenanthe oenanthe,Northern Wheatear,0.9596000909805298,0.9596000909805298,species,0,,,
oenanthe_oenanthe,136651,Oenanthe oenanthe,/Users/justyna-przy/Projects/ISE/FYP/src/bird_data/raw/oenanthe_oenanthe/XC136651.mp3,25.0,28.0,-31.072889905363155,-32.0620961309945,drop,Oenanthe oenanthe,Northern Wheatear,0.18139775097370148,0.18139775097370148,drop,0,,,
oenanthe_oenanthe,136651,Oenanthe oenanthe,/Users/justyna-przy/Projects/ISE/FYP/src/bird_data/raw/oenanthe_oenanthe/XC136651.mp3,28.0,31.0,-29.165735669027143,-32.0620961309945,species,Oenanthe oenanthe,Northern Wheatear,0.9071809649467468,0.9071809649467468,species,1,rand_species,/Users/justyna-przy/Projects/ISE/FYP/src/bird_data/clips/species/oenanthe_oenanthe/XC136651__s28000__e31000.wav,
oenanthe_oenanthe,105565,Oenanthe oenanthe,/Users/justyna-przy/Projects/ISE/FYP/src/bird_data/raw/oenanthe_oenanthe/XC105565.mp3,1.0,4.0,-27.039904431670575,-28.419923187007416,species,Oenanthe oenanthe,Northern Wheatear,0.9922864437103271,0.9922864437103271,species,1,rand_species,/Users/justyna-przy/Projects/ISE/FYP/src/bird_data/clips/species/oenanthe_oenanthe/XC105565__s1000__e4000.wav,
oenanthe_oenanthe,105565,Oenanthe oenanthe,/Users/justyna-przy/Projects/ISE/FYP/src/bird_data/raw/oenanthe_oenanthe/XC105565.mp3,4.0,7.0,-24.68087975937329,-28.419923187007416,species,Oenanthe oenanthe,Northern Wheatear,0.998849630355835,0.998849630355835,species,0,,,
oenanthe_oenanthe,105565,Oenanthe oenanthe,/Users/justyna-przy/Projects/ISE/FYP/src/bird_data/raw/oenanthe_oenanthe/XC105565.mp3,7.0,10.0,-21.81889009268192,-28.419923187007416,species,Oenanthe oenanthe,Northern Wheatear,0.9994195699691772,0.9994195699691772,species,1,rand_species,/Users/justyna-przy/Projects/ISE/FYP/src/bird_data/clips/species/oenanthe_oenanthe/XC105565__s7000__e10000.wav,
oenanthe_oenanthe,105565,Oenanthe oenanthe,/Users/justyna-przy/Projects/ISE/FYP/src/bird_data/raw/oenanthe_oenanthe/XC105565.mp3,19.0,22.0,-26.363553127274137,-28.419923187007416,species,Oenanthe oenanthe,Northern Wheatear,0.999032735824585,0.999032735824585,species,0,,,
oenanthe_oenanthe,105565,Oenanthe oenanthe,/Users/justyna-przy/Projects/ISE/FYP/src/bird_data/raw/oenanthe_oenanthe/XC105565.mp3,22.0,25.0,-28.076496821163563,-28.419923187007416,species,Oenanthe oenanthe,Northern Wheatear,0.9988126754760742,0.9988126754760742,species,1,rand_species,/Users/justyna-przy/Projects/ISE/FYP/src/bird_data/clips/species/oenanthe_oenanthe/XC105565__s22000__e25000.wav,
oenanthe_oenanthe,1032989,Oenanthe oenanthe,/Users/justyna-przy/Projects/ISE/FYP/src/bird_data/raw/oenanthe_oenanthe/XC1032989.mp3,7.0,10.0,-45.8345485198324,-40.0,drop,Sitta pygmaea,Pygmy Nuthatch,0.1463397890329361,0.1463397890329361,drop,0,,,
oenanthe_oenanthe,914952,Oenanthe oenanthe,/Users/justyna-przy/Projects/ISE/FYP/src/bird_data/raw/oenanthe_oenanthe/XC914952.mp3,1.0,4.0,-30.717961712161074,-30.717961712161074,drop,Curruca iberiae,Western Subalpine Warbler,0.17773489654064178,0.17773489654064178,drop,0,,,
oenanthe_oenanthe,913769,Oenanthe oenanthe,/Users/justyna-przy/Projects/ISE/FYP/src/bird_data/raw/oenanthe_oenanthe/XC913769.mp3,4.0,7.0,-47.16499104331148,-40.0,drop,Curruca iberiae,Western Subalpine Warbler,0.10897240787744522,0.10897240787744522,drop,0,,,
oenanthe_oenanthe,812127,Oenanthe oenanthe,/Users/justyna-przy/Projects/ISE/FYP/src/bird_data/raw/oenanthe_oenanthe/XC812127.mp3,1.0,4.0,-41.858146328855746,-40.0,species,Oenanthe oenanthe,Northern Wheatear,0.7444514632225037,0.7444514632225037,species,1,rand_species,/Users/justyna-przy/Projects/ISE/FYP/src/bird_data/clips/species/oenanthe_oenanthe/XC812127__s1000__e4000.wav,
oenanthe_oenanthe,812126,Oenanthe oenanthe,/Users/justyna-przy/Projects/ISE/FYP/src/bird_data/raw/oenanthe_oenanthe/XC812126.mp3,4.0,7.0,-49.038892773391325,-40.0,drop,Lanius collurio,Red-backed Shrike,0.30960813164711,0.30960813164711,drop,0,,,
oenanthe_oenanthe,809904,Oenanthe oenanthe,/Users/justyna-przy/Projects/ISE/FYP/src/bird_data/raw/oenanthe_oenanthe/XC809904.mp3,4.0,7.0,-12.66912565373672,-15.324164586164935,species,Oenanthe oenanthe,Northern Wheatear,0.931983470916748,0.931983470916748,species,1,rand_species,/Users/justyna-przy/Projects/ISE/FYP/src/bird_data/clips/species/oenanthe_oenanthe/XC809904__s4000__e7000.wav,
oenanthe_oenanthe,809904,Oenanthe oenanthe,/Users/justyna-przy/Projects/ISE/FYP/src/bird_data/raw/oenanthe_oenanthe/XC809904.mp3,7.0,10.0,-8.839817828624474,-15.324164586164935,species,Oenanthe oenanthe,Northern Wheatear,0.9922658801078796,0.9922658801078796,species,0,,,
oenanthe_oenanthe,809904,Oenanthe oenanthe,/Users/justyna-przy/Projects/ISE/FYP/src/bird_data/raw/oenanthe_oenanthe/XC809904.mp3,10.0,13.0,-13.317808828019697,-15.324164586164935,species,Oenanthe oenanthe,Northern Wheatear,0.99383944272995,0.99383944272995,species,1,rand_species,/Users/justyna-przy/Projects/ISE/FYP/src/bird_data/clips/species/oenanthe_oenanthe/XC809904__s10000__e13000.wav,
oenanthe_oenanthe,809904,Oenanthe oenanthe,/Users/justyna-przy/Projects/ISE/FYP/src/bird_data/raw/oenanthe_oenanthe/XC809904.mp3,13.0,16.0,-8.84311241636815,-15.324164586164935,species,Oenanthe oenanthe,Northern Wheatear,0.9065161943435669,0.9065161943435669,species,0,,,
oenanthe_oenanthe,809904,Oenanthe oenanthe,/Users/justyna-przy/Projects/ISE/FYP/src/bird_data/raw/oenanthe_oenanthe/XC809904.mp3,16.0,19.0,-11.228211543362166,-15.324164586164935,species,Oenanthe oenanthe,Northern Wheatear,0.99433833360672,0.99433833360672,species,0,,,
oenanthe_oenanthe,809904,Oenanthe oenanthe,/Users/justyna-przy/Projects/ISE/FYP/src/bird_data/raw/oenanthe_oenanthe/XC809904.mp3,19.0,22.0,-15.301415801598148,-15.324164586164935,species,Oenanthe oenanthe,Northern Wheatear,0.9407314658164978,0.9407314658164978,species,0,,,
oenanthe_oenanthe,809904,Oenanthe oenanthe,/Users/justyna-przy/Projects/ISE/FYP/src/bird_data/raw/oenanthe_oenanthe/XC809904.mp3,28.0,31.0,-14.000104262114949,-15.324164586164935,species,Oenanthe oenanthe,Northern Wheatear,0.9488320350646973,0.9488320350646973,species,1,rand_species,/Users/justyna-przy/Projects/ISE/FYP/src/bird_data/clips/species/oenanthe_oenanthe/XC809904__s28000__e31000.wav,
oenanthe_oenanthe,809751,Oenanthe oenanthe,/Users/justyna-przy/Projects/ISE/FYP/src/bird_data/raw/oenanthe_oenanthe/XC809751.mp3,1.0,4.0,-16.0347796238952,-17.809779564625337,species,Oenanthe oenanthe,Northern Wheatear,0.9914733171463013,0.9914733171463013,species,1,rand_species,/Users/justyna-przy/Projects/ISE/FYP/src/bird_data/clips/species/oenanthe_oenanthe/XC809751__s1000__e4000.wav,
oenanthe_oenanthe,809751,Oenanthe oenanthe,/Users/justyna-przy/Projects/ISE/FYP/src/bird_data/raw/oenanthe_oenanthe/XC809751.mp3,4.0,7.0,-17.708561786746657,-17.809779564625337,species,Oenanthe oenanthe,Northern Wheatear,0.7638437151908875,0.7638437151908875,species,0,,,
oenanthe_oenanthe,809751,Oenanthe oenanthe,/Users/justyna-przy/Projects/ISE/FYP/src/bird_data/raw/oenanthe_oenanthe/XC809751.mp3,7.0,10.0,-17.62062436063388,-17.809779564625337,species,Oenanthe oenanthe,Northern Wheatear,0.9937009811401367,0.9937009811401367,species,0,,,
oenanthe_oenanthe,809751,Oenanthe oenanthe,/Users/justyna-przy/Projects/ISE/FYP/src/bird_data/raw/oenanthe_oenanthe/XC809751.mp3,13.0,16.0,-16.70553586345509,-17.809779564625337,species,Oenanthe oenanthe,Northern Wheatear,0.929456889629364,0.929456889629364,species,0,,,
oenanthe_oenanthe,809751,Oenanthe oenanthe,/Users/justyna-przy/Projects/ISE/FYP/src/bird_data/raw/oenanthe_oenanthe/XC809751.mp3,19.0,22.0,-16.641622025901558,-17.809779564625337,species,Oenanthe oenanthe,Northern Wheatear,0.9904040098190308,0.9904040098190308,species,1,rand_species,/Users/justyna-przy/Projects/ISE/FYP/src/bird_data/clips/species/oenanthe_oenanthe/XC809751__s19000__e22000.wav,
oenanthe_oenanthe,809751,Oenanthe oenanthe,/Users/justyna-przy/Projects/ISE/FYP/src/bird_data/raw/oenanthe_oenanthe/XC809751.mp3,25.0,28.0,-14.585748137114667,-17.809779564625337,species,Oenanthe oenanthe,Northern Wheatear,0.9943313598632812,0.9943313598632812,species,1,rand_species,/Users/justyna-przy/Projects/ISE/FYP/src/bird_data/clips/species/oenanthe_oenanthe/XC809751__s25000__e28000.wav,
oenanthe_oenanthe,809751,Oenanthe oenanthe,/Users/justyna-przy/Projects/ISE/FYP/src/bird_data/raw/oenanthe_oenanthe/XC809751.mp3,28.0,31.0,-16.152503949198795,-17.809779564625337,species,Oenanthe oenanthe,Northern Wheatear,0.9935903549194336,0.9935903549194336,species,0,,,
oenanthe_oenanthe,809269,Oenanthe oenanthe,/Users/justyna-przy/Projects/ISE/FYP/src/bird_data/raw/oenanthe_oenanthe/XC809269.mp3,1.0,4.0,-38.87503802689047,-40.0,species,Oenanthe oenanthe,Northern Wheatear,0.9959278702735901,0.9959278702735901,species,1,rand_species,/Users/justyna-przy/Projects/ISE/FYP/src/bird_data/clips/species/oenanthe_oenanthe/XC809269__s1000__e4000.wav,
oenanthe_oenanthe,809269,Oenanthe oenanthe,/Users/justyna-przy/Projects/ISE/FYP/src/bird_data/raw/oenanthe_oenanthe/XC809269.mp3,4.0,7.0,-36.3790072783332,-40.0,species,Oenanthe oenanthe,Northern Wheatear,0.9987407326698303,0.9987407326698303,species,1,rand_species,/Users/justyna-przy/Projects/ISE/FYP/src/bird_data/clips/species/oenanthe_oenanthe/XC809269__s4000__e7000.wav,
oenanthe_oenanthe,798117,Oenanthe oenanthe,/Users/justyna-przy/Projects/ISE/FYP/src/bird_data/raw/oenanthe_oenanthe/XC798117.mp3,1.0,4.0,-47.57769988709124,-40.0,drop,Turdus merula,Eurasian Blackbird,0.18533959984779358,0.18533959984779358,drop,0,,,
oenanthe_oenanthe,798116,Oenanthe oenanthe,/Users/justyna-przy/Projects/ISE/FYP/src/bird_data/raw/oenanthe_oenanthe/XC798116.mp3,13.0,16.0,-47.047849048248494,-40.0,drop,Cyanistes caeruleus,Eurasian Blue Tit,0.10196682065725327,0.10196682065725327,drop,0,,,
oenanthe_oenanthe,720402,Oenanthe oenanthe,/Users/justyna-przy/Projects/ISE/FYP/src/bird_data/raw/oenanthe_oenanthe/XC720402.mp3,1.0,4.0,-44.00946277508307,-40.0,species,Oenanthe oenanthe,Northern Wheatear,0.9014122486114502,0.9014122486114502,species,1,rand_species,/Users/justyna-przy/Projects/ISE/FYP/src/bird_data/clips/species/oenanthe_oenanthe/XC720402__s1000__e4000.wav,
oenanthe_oenanthe,719692,Oenanthe oenanthe,/Users/justyna-przy/Projects/ISE/FYP/src/bird_data/raw/oenanthe_oenanthe/XC719692.mp3,1.0,4.0,-27.320233499008573,-28.606847447526327,drop,Oenanthe oenanthe,Northern Wheatear,0.1970900595188141,0.1970900595188141,drop,0,,,
oenanthe_oenanthe,719692,Oenanthe oenanthe,/Users/justyna-przy/Projects/ISE/FYP/src/bird_data/raw/oenanthe_oenanthe/XC719692.mp3,4.0,7.0,-22.495281335183428,-28.606847447526327,non_bird,,,0.0,0.0,non_bird,1,nonbird_lowconf,/Users/justyna-przy/Projects/ISE/FYP/src/bird_data/clips/non_bird/oenanthe_oenanthe/XC719692__s4000__e7000.wav,
oenanthe_oenanthe,719692,Oenanthe oenanthe,/Users/justyna-przy/Projects/ISE/FYP/src/bird_data/raw/oenanthe_oenanthe/XC719692.mp3,7.0,10.0,-26.37680869010808,-28.606847447526327,non_bird,,,0.0,0.0,non_bird,1,nonbird_lowconf,/Users/justyna-przy/Projects/ISE/FYP/src/bird_data/clips/non_bird/oenanthe_oenanthe/XC719692__s7000__e10000.wav,
oenanthe_oenanthe,719692,Oenanthe oenanthe,/Users/justyna-przy/Projects/ISE/FYP/src/bird_data/raw/oenanthe_oenanthe/XC719692.mp3,10.0,13.0,-23.335603235971337,-28.606847447526327,non_bird,,,0.0,0.0,non_bird,0,,,
oenanthe_oenanthe,719692,Oenanthe oenanthe,/Users/justyna-przy/Projects/ISE/FYP/src/bird_data/raw/oenanthe_oenanthe/XC719692.mp3,13.0,16.0,-26.110058059734413,-28.606847447526327,non_bird,,,0.0,0.0,non_bird,0,,,
oenanthe_oenanthe,719692,Oenanthe oenanthe,/Users/justyna-przy/Projects/ISE/FYP/src/bird_data/raw/oenanthe_oenanthe/XC719692.mp3,16.0,19.0,-23.316770170919327,-28.606847447526327,non_bird,,,0.0,0.0,non_bird,0,,,
oenanthe_oenanthe,719692,Oenanthe oenanthe,/Users/justyna-przy/Projects/ISE/FYP/src/bird_data/raw/oenanthe_oenanthe/XC719692.mp3,19.0,22.0,-25.916652056599755,-28.606847447526327,non_bird,,,0.0,0.0,non_bird,0,,,
oenanthe_oenanthe,719692,Oenanthe oenanthe,/Users/justyna-przy/Projects/ISE/FYP/src/bird_data/raw/oenanthe_oenanthe/XC719692.mp3,31.0,34.0,-24.93506820092909,-28.606847447526327,species,Oenanthe oenanthe,Northern Wheatear,0.8961877822875977,0.8961877822875977,species,1,rand_species,/Users/justyna-przy/Projects/ISE/FYP/src/bird_data/clips/species/oenanthe_oenanthe/XC719692__s31000__e34000.wav,
oenanthe_oenanthe,687485,Oenanthe oenanthe,/Users/justyna-przy/Projects/ISE/FYP/src/bird_data/raw/oenanthe_oenanthe/XC687485.mp3,1.0,4.0,-33.2647450637232,-40.0,non_bird,,,0.0,0.0,non_bird,1,nonbird_lowconf,/Users/justyna-przy/Projects/ISE/FYP/src/bird_data/clips/non_bird/oenanthe_oenanthe/XC687485__s1000__e4000.wav,
oenanthe_oenanthe,687485,Oenanthe oenanthe,/Users/justyna-przy/Projects/ISE/FYP/src/bird_data/raw/oenanthe_oenanthe/XC687485.mp3,4.0,7.0,-33.75607290055421,-40.0,drop,Oenanthe oenanthe,Northern Wheatear,0.19769324362277985,0.19769324362277985,drop,0,,,
oenanthe_oenanthe,687485,Oenanthe oenanthe,/Users/justyna-przy/Projects/ISE/FYP/src/bird_data/raw/oenanthe_oenanthe/XC687485.mp3,13.0,16.0,-39.74474209700049,-40.0,non_bird,,,0.0,0.0,non_bird,1,nonbird_lowconf,/Users/justyna-przy/Projects/ISE/FYP/src/bird_data/clips/non_bird/oenanthe_oenanthe/XC687485__s13000__e16000.wav,
oenanthe_oenanthe,687485,Oenanthe oenanthe,/Users/justyna-przy/Projects/ISE/FYP/src/bird_data/raw/oenanthe_oenanthe/XC687485.mp3,16.0,19.0,-39.95441502273092,-40.0,non_bird,,,0.0,0.0,non_bird,0,,,
oenanthe_oenanthe,687180,Oenanthe oenanthe,/Users/justyna-przy/Projects/ISE/FYP/src/bird_data/raw/oenanthe_oenanthe/XC687180.mp3,1.0,4.0,-18.36928820006715,-18.435458927387913,drop,Anthus spinoletta,Water Pipit,0.11560705304145813,0.11560705304145813,drop,0,,,
oenanthe_oenanthe,687180,Oenanthe oenanthe,/Users/justyna-przy/Projects/ISE/FYP/src/bird_data/raw/oenanthe_oenanthe/XC687180.mp3,4.0,7.0,-17.734896583397656,-18.435458927387913,drop,Anthus pratensis,Meadow Pipit,0.8776240348815918,0.8776240348815918,drop,0,,,
oenanthe_oenanthe,687180,Oenanthe oenanthe,/Users/justyna-przy/Projects/ISE/FYP/src/bird_data/raw/oenanthe_oenanthe/XC687180.mp3,10.0,13.0,-17.17673559197658,-18.435458927387913,drop,Pygochelidon cyanoleuca,Blue-and-white Swallow,0.1609947383403778,0.1609947383403778,drop,0,,,
oenanthe_oenanthe,666864,Oenanthe oenanthe,/Users/justyna-przy/Projects/ISE/FYP/src/bird_data/raw/oenanthe_oenanthe/XC666864.mp3,1.0,4.0,-18.67143712992266,-21.78369020930248,non_bird,,,0.0,0.0,non_bird,1,nonbird_lowconf,/Users/justyna-przy/Projects/ISE/FYP/src/bird_data/clips/non_bird/oenanthe_oenanthe/XC666864__s1000__e4000.wav,
oenanthe_oenanthe,666864,Oenanthe oenanthe,/Users/justyna-przy/Projects/ISE/FYP/src/bird_data/raw/oenanthe_oenanthe/XC666864.mp3,4.0,7.0,-20.87184037014651,-21.78369020930248,drop,Oenanthe oenanthe,Northern Wheatear,0.11597734689712524,0.11597734689712524,drop,0,,,
oenanthe_oenanthe,666864,Oenanthe oenanthe,/Users/justyna-przy/Projects/ISE/FYP/src/bird_data/raw/oenanthe_oenanthe/XC666864.mp3,7.0,10.0,-20.987681212682094,-21.78369020930248,drop,Oenanthe oenanthe,Northern Wheatear,0.15159985423088074,0.15159985423088074,drop,0,,,
oenanthe_oenanthe,666863,Oenanthe oenanthe,/Users/justyna-przy/Projects/ISE/FYP/src/bird_data/raw/oenanthe_oenanthe/XC666863.mp3,1.0,4.0,-26.090792862456507,-26.24124681817006,species,Oenanthe oenanthe,Northern Wheatear,0.43890872597694397,0.43890872597694397,species,1,rand_species,/Users/justyna-przy/Projects/ISE/FYP/src/bird_data/clips/species/oenanthe_oenanthe/XC666863__s1000__e4000.wav,
oenanthe_oenanthe,666863,Oenanthe oenanthe,/Users/justyna-przy/Projects/ISE/FYP/src/bird_data/raw/oenanthe_oenanthe/XC666863.mp3,10.0,13.0,-24.745236708980826,-26.24124681817006,drop,Oenanthe oenanthe,Northern Wheatear,0.20691195130348206,0.20691195130348206,drop,0,,,
oenanthe_oenanthe,666863,Oenanthe oenanthe,/Users/justyna-przy/Projects/ISE/FYP/src/bird_data/raw/oenanthe_oenanthe/XC666863.mp3,13.0,16.0,-24.03111900282292,-26.24124681817006,drop,Oenanthe oenanthe,Northern Wheatear,0.2253054827451706,0.2253054827451706,drop,0,,,
oenanthe_oenanthe,666863,Oenanthe oenanthe,/Users/justyna-przy/Projects/ISE/FYP/src/bird_data/raw/oenanthe_oenanthe/XC666863.mp3,16.0,19.0,-23.86546611328263,-26.24124681817006,species,Oenanthe oenanthe,Northern Wheatear,0.5100367665290833,0.5100367665290833,species,1,rand_species,/Users/justyna-przy/Projects/ISE/FYP/src/bird_data/clips/species/oenanthe_oenanthe/XC666863__s16000__e19000.wav,
oenanthe_oenanthe,666863,Oenanthe oenanthe,/Users/justyna-przy/Projects/ISE/FYP/src/bird_data/raw/oenanthe_oenanthe/XC666863.mp3,19.0,22.0,-24.04592740402309,-26.24124681817006,drop,Aegithalos caudatus,Long-tailed Tit,0.20770515501499176,0.20770515501499176,drop,0,,,
oenanthe_oenanthe,666852,Oenanthe oenanthe,/Users/justyna-przy/Projects/ISE/FYP/src/bird_data/raw/oenanthe_oenanthe/XC666852.mp3,4.0,7.0,-20.49546497265571,-20.51113040191061,species,Oenanthe oenanthe,Northern Wheatear,0.9244025349617004,0.9244025349617004,species,1,rand_species,/Users/justyna-przy/Projects/ISE/FYP/src/bird_data/clips/species/oenanthe_oenanthe/XC666852__s4000__e7000.wav,
oenanthe_oenanthe,666852,Oenanthe oenanthe,/Users/justyna-przy/Projects/ISE/FYP/src/bird_data/raw/oenanthe_oenanthe/XC666852.mp3,7.0,10.0,-17.912813670848603,-20.51113040191061,species,Oenanthe oenanthe,Northern Wheatear,0.8796725273132324,0.8796725273132324,species,1,rand_species,/Users/justyna-przy/Projects/ISE/FYP/src/bird_data/clips/species/oenanthe_oenanthe/XC666852__s7000__e10000.wav,
oenanthe_oenanthe,666852,Oenanthe oenanthe,/Users/justyna-przy/Projects/ISE/FYP/src/bird_data/raw/oenanthe_oenanthe/XC666852.mp3,10.0,13.0,-19.6222832167374,-20.51113040191061,species,Oenanthe oenanthe,Northern Wheatear,0.8509445786476135,0.8509445786476135,species,1,rand_species,/Users/justyna-przy/Projects/ISE/FYP/src/bird_data/clips/species/oenanthe_oenanthe/XC666852__s10000__e13000.wav,
oenanthe_oenanthe,666849,Oenanthe oenanthe,/Users/justyna-przy/Projects/ISE/FYP/src/bird_data/raw/oenanthe_oenanthe/XC666849.mp3,1.0,4.0,-23.747723857218816,-24.52359507198975,species,Oenanthe oenanthe,Northern Wheatear,0.9936224818229675,0.9936224818229675,species,1,rand_species,/Users/justyna-przy/Projects/ISE/FYP/src/bird_data/clips/species/oenanthe_oenanthe/XC666849__s1000__e4000.wav,
oenanthe_oenanthe,666849,Oenanthe oenanthe,/Users/justyna-przy/Projects/ISE/FYP/src/bird_data/raw/oenanthe_oenanthe/XC666849.mp3,4.0,7.0,-22.87055646657729,-24.52359507198975,species,Oenanthe oenanthe,Northern Wheatear,0.9920147657394409,0.9920147657394409,species,1,rand_species,/Users/justyna-przy/Projects/ISE/FYP/src/bird_data/clips/species/oenanthe_oenanthe/XC666849__s4000__e7000.wav,
oenanthe_oenanthe,666849,Oenanthe oenanthe,/Users/justyna-przy/Projects/ISE/FYP/src/bird_data/raw/oenanthe_oenanthe/XC666849.mp3,7.0,10.0,-23.282195448181046,-24.52359507198975,species,Oenanthe oenanthe,Northern Wheatear,0.9666004180908203,0.9666004180908203,species,0,,,
oenanthe_oenanthe,666849,Oenanthe oenanthe,/Users/justyna-przy/Projects/ISE/FYP/src/bird_data/raw/oenanthe_oenanthe/XC666849.mp3,10.0,13.0,-21.414734348877733,-24.52359507198975,species,Oenanthe oenanthe,Northern Wheatear,0.9338923692703247,0.9338923692703247,species,1,rand_species,/Users/justyna-przy/Projects/ISE/FYP/src/bird_data/clips/species/oenanthe_oenanthe/XC666849__s10000__e13000.wav,
oenanthe_oenanthe,666849,Oenanthe oenanthe,/Users/justyna-przy/Projects/ISE/FYP/src/bird_data/raw/oenanthe_oenanthe/XC666849.mp3,13.0,16.0,-23.036449728755144,-24.52359507198975,species,Oenanthe oenanthe,Northern Wheatear,0.9877668619155884,0.9877668619155884,species,0,,,
oenanthe_oenanthe,658685,Oenanthe oenanthe,/Users/justyna-przy/Projects/ISE/FYP/src/bird_data/raw/oenanthe_oenanthe/XC658685.mp3,25.0,28.0,-38.292249657369936,-40.0,drop,Anthus pratensis,Meadow Pipit,0.6861708164215088,0.6861708164215088,drop,0,,,
oenanthe_oenanthe,658685,Oenanthe oenanthe,/Users/justyna-przy/Projects/ISE/FYP/src/bird_data/raw/oenanthe_oenanthe/XC658685.mp3,28.0,31.0,-39.89336408026317,-40.0,drop,Saxicola rubetra,Whinchat,0.16479870676994324,0.16479870676994324,drop,0,,,
oenanthe_oenanthe,658685,Oenanthe oenanthe,/Users/justyna-przy/Projects/ISE/FYP/src/bird_data/raw/oenanthe_oenanthe/XC658685.mp3,31.0,34.0,-36.37996490244751,-40.0,drop,Oenanthe oenanthe,Northern Wheatear,0.18266399204730988,0.18266399204730988,drop,0,,,
oenanthe_oenanthe,658685,Oenanthe oenanthe,/Users/justyna-przy/Projects/ISE/FYP/src/bird_data/raw/oenanthe_oenanthe/XC658685.mp3,34.0,37.0,-39.13823427693387,-40.0,drop,Oenanthe oenanthe,Northern Wheatear,0.13618426024913788,0.13618426024913788,drop,0,,,
oenanthe_oenanthe,658685,Oenanthe oenanthe,/Users/justyna-przy/Projects/ISE/FYP/src/bird_data/raw/oenanthe_oenanthe/XC658685.mp3,37.0,40.0,-38.78587568744487,-40.0,drop,Anthus pratensis,Meadow Pipit,0.6562284827232361,0.6562284827232361,drop,0,,,
oenanthe_oenanthe,657366,Oenanthe oenanthe,/Users/justyna-przy/Projects/ISE/FYP/src/bird_data/raw/oenanthe_oenanthe/XC657366.mp3,1.0,4.0,-17.158064329900135,-23.081103636491605,species,Oenanthe oenanthe,Northern Wheatear,0.9925532937049866,0.9925532937049866,species,1,rand_species,/Users/justyna-przy/Projects/ISE/FYP/src/bird_data/clips/species/oenanthe_oenanthe/XC657366__s1000__e4000.wav,
oenanthe_oenanthe,657366,Oenanthe oenanthe,/Users/justyna-przy/Projects/ISE/FYP/src/bird_data/raw/oenanthe_oenanthe/XC657366.mp3,4.0,7.0,-20.358785441133186,-23.081103636491605,species,Oenanthe oenanthe,Northern Wheatear,0.9940105080604553,0.9940105080604553,species,1,rand_species,/Users/justyna-przy/Projects/ISE/FYP/src/bird_data/clips/species/oenanthe_oenanthe/XC657366__s4000__e7000.wav,
oenanthe_oenanthe,637471,Oenanthe oenanthe,/Users/justyna-przy/Projects/ISE/FYP/src/bird_data/raw/oenanthe_oenanthe/XC637471.mp3,1.0,4.0,-34.84814974458121,-40.0,drop,Curruca iberiae,Western Subalpine Warbler,0.7806181907653809,0.7806181907653809,drop,0,,,
oenanthe_oenanthe,637471,Oenanthe oenanthe,/Users/justyna-przy/Projects/ISE/FYP/src/bird_data/raw/oenanthe_oenanthe/XC637471.mp3,4.0,7.0,-36.35919387832463,-40.0,drop,Oenanthe oenanthe,Northern Wheatear,0.2502322494983673,0.2502322494983673,drop,0,,,
oenanthe_oenanthe,637471,Oenanthe oenanthe,/Users/justyna-przy/Projects/ISE/FYP/src/bird_data/raw/oenanthe_oenanthe/XC637471.mp3,7.0,10.0,-35.98782465565905,-40.0,drop,Oenanthe oenanthe,Northern Wheatear,0.2853589653968811,0.2853589653968811,drop,0,,,
oenanthe_oenanthe,637471,Oenanthe oenanthe,/Users/justyna-przy/Projects/ISE/FYP/src/bird_data/raw/oenanthe_oenanthe/XC637471.mp3,16.0,19.0,-32.98071476799591,-40.0,non_bird,,,0.0,0.0,non_bird,1,nonbird_lowconf,/Users/justyna-przy/Projects/ISE/FYP/src/bird_data/clips/non_bird/oenanthe_oenanthe/XC637471__s16000__e19000.wav,
oenanthe_oenanthe,596629,Oenanthe oenanthe,/Users/justyna-przy/Projects/ISE/FYP/src/bird_data/raw/oenanthe_oenanthe/XC596629.mp3,1.0,4.0,-25.379357061396085,-26.879876642030503,drop,Phoenicurus ochruros,Black Redstart,0.23743927478790283,0.23743927478790283,drop,0,,,
oenanthe_oenanthe,596629,Oenanthe oenanthe,/Users/justyna-przy/Projects/ISE/FYP/src/bird_data/raw/oenanthe_oenanthe/XC596629.mp3,4.0,7.0,-25.46298703383812,-26.879876642030503,species,Oenanthe oenanthe,Northern Wheatear,0.9817341566085815,0.9817341566085815,species,1,rand_species,/Users/justyna-przy/Projects/ISE/FYP/src/bird_data/clips/species/oenanthe_oenanthe/XC596629__s4000__e7000.wav,
oenanthe_oenanthe,596629,Oenanthe oenanthe,/Users/justyna-przy/Projects/ISE/FYP/src/bird_data/raw/oenanthe_oenanthe/XC596629.mp3,10.0,13.0,-23.921042529162197,-26.879876642030503,species,Oenanthe oenanthe,Northern Wheatear,0.9251629710197449,0.9251629710197449,species,0,,,
oenanthe_oenanthe,596629,Oenanthe oenanthe,/Users/justyna-przy/Projects/ISE/FYP/src/bird_data/raw/oenanthe_oenanthe/XC596629.mp3,13.0,16.0,-26.096657309766936,-26.879876642030503,species,Oenanthe oenanthe,Northern Wheatear,0.9268526434898376,0.9268526434898376,species,1,rand_species,/Users/justyna-przy/Projects/ISE/FYP/src/bird_data/clips/species/oenanthe_oenanthe/XC596629__s13000__e16000.wav,
oenanthe_oenanthe,596629,Oenanthe oenanthe,/Users/justyna-przy/Projects/ISE/FYP/src/bird_data/raw/oenanthe_oenanthe/XC596629.mp3,19.0,22.0,-24.974892791412525,-26.879876642030503,species,Oenanthe oenanthe,Northern Wheatear,0.9366667866706848,0.9366667866706848,species,0,,,
oenanthe_oenanthe,596629,Oenanthe oenanthe,/Users/justyna-przy/Projects/ISE/FYP/src/bird_data/raw/oenanthe_oenanthe/XC596629.mp3,22.0,25.0,-25.71505131494755,-26.879876642030503,species,Oenanthe oenanthe,Northern Wheatear,0.9117896556854248,0.9117896556854248,species,0,,,
oenanthe_oenanthe,596629,Oenanthe oenanthe,/Users/justyna-przy/Projects/ISE/FYP/src/bird_data/raw/oenanthe_oenanthe/XC596629.mp3,25.0,28.0,-25.367946781677407,-26.879876642030503,drop,Oenanthe oenanthe,Northern Wheatear,0.1258976310491562,0.1258976310491562,drop,0,,,
oenanthe_oenanthe,596629,Oenanthe oenanthe,/Users/justyna-przy/Projects/ISE/FYP/src/bird_data/raw/oenanthe_oenanthe/XC596629.mp3,28.0,31.0,-26.803655419072932,-26.879876642030503,species,Oenanthe oenanthe,Northern Wheatear,0.6616437435150146,0.6616437435150146,species,0,,,
oenanthe_oenanthe,596629,Oenanthe oenanthe,/Users/justyna-przy/Projects/ISE/FYP/src/bird_data/raw/oenanthe_oenanthe/XC596629.mp3,31.0,34.0,-22.174768734030486,-26.879876642030503,species,Oenanthe oenanthe,Northern Wheatear,0.7411180138587952,0.7411180138587952,species,1,rand_species,/Users/justyna-przy/Projects/ISE/FYP/src/bird_data/clips/species/oenanthe_oenanthe/XC596629__s31000__e34000.wav,
oenanthe_oenanthe,596629,Oenanthe oenanthe,/Users/justyna-przy/Projects/ISE/FYP/src/bird_data/raw/oenanthe_oenanthe/XC596629.mp3,40.0,43.0,-23.116948153933095,-26.879876642030503,species,Oenanthe oenanthe,Northern Wheatear,0.4990464746952057,0.4990464746952057,species,0,,,
oenanthe_oenanthe,596629,Oenanthe oenanthe,/Users/justyna-przy/Projects/ISE/FYP/src/bird_data/raw/oenanthe_oenanthe/XC596629.mp3,43.0,46.0,-24.54290645438981,-26.879876642030503,species,Oenanthe oenanthe,Northern Wheatear,0.9278435111045837,0.9278435111045837,species,0,,,
oenanthe_oenanthe,596629,Oenanthe oenanthe,/Users/justyna-przy/Projects/ISE/FYP/src/bird_data/raw/oenanthe_oenanthe/XC596629.mp3,46.0,49.0,-25.92102380177236,-26.879876642030503,drop,Zonotrichia capensis,Rufous-collared Sparrow,0.15484151244163513,0.15484151244163513,drop,0,,,
oenanthe_oenanthe,592480,Oenanthe oenanthe,/Users/justyna-przy/Projects/ISE/FYP/src/bird_data/raw/oenanthe_oenanthe/XC592480.mp3,1.0,4.0,-33.614895348807785,-33.740655926823784,species,Oenanthe oenanthe,Northern Wheatear,0.8431594967842102,0.8431594967842102,species,1,rand_species,/Users/justyna-przy/Projects/ISE/FYP/src/bird_data/clips/species/oenanthe_oenanthe/XC592480__s1000__e4000.wav,
oenanthe_oenanthe,592480,Oenanthe oenanthe,/Users/justyna-przy/Projects/ISE/FYP/src/bird_data/raw/oenanthe_oenanthe/XC592480.mp3,4.0,7.0,-31.15162845281295,-33.740655926823784,drop,Oenanthe oenanthe,Northern Wheatear,0.285348117351532,0.285348117351532,drop,0,,,
oenanthe_oenanthe,592480,Oenanthe oenanthe,/Users/justyna-przy/Projects/ISE/FYP/src/bird_data/raw/oenanthe_oenanthe/XC592480.mp3,7.0,10.0,-30.869653440450886,-33.740655926823784,species,Oenanthe oenanthe,Northern Wheatear,0.9414566159248352,0.9414566159248352,species,0,,,
oenanthe_oenanthe,592480,Oenanthe oenanthe,/Users/justyna-przy/Projects/ISE/FYP/src/bird_data/raw/oenanthe_oenanthe/XC592480.mp3,13.0,16.0,-32.85754503417625,-33.740655926823784,species,Oenanthe oenanthe,Northern Wheatear,0.5380652546882629,0.5380652546882629,species,1,rand_species,/Users/justyna-przy/Projects/ISE/FYP/src/bird_data/clips/species/oenanthe_oenanthe/XC592480__s13000__e16000.wav,
oenanthe_oenanthe,592480,Oenanthe oenanthe,/Users/justyna-przy/Projects/ISE/FYP/src/bird_data/raw/oenanthe_oenanthe/XC592480.mp3,19.0,22.0,-31.827828151213655,-33.740655926823784,species,Oenanthe oenanthe,Northern Wheatear,0.9264981746673584,0.9264981746673584,species,1,rand_species,/Users/justyna-przy/Projects/ISE/FYP/src/bird_data/clips/species/oenanthe_oenanthe/XC592480__s19000__e22000.wav,
oenanthe_oenanthe,568181,Oenanthe oenanthe,/Users/justyna-przy/Projects/ISE/FYP/src/bird_data/raw/oenanthe_oenanthe/XC568181.mp3,4.0,7.0,-48.068385963666444,-40.0,species,Oenanthe oenanthe,Northern Wheatear,0.7656427025794983,0.7656427025794983,species,1,rand_species,/Users/justyna-przy/Projects/ISE/FYP/src/bird_data/clips/species/oenanthe_oenanthe/XC568181__s4000__e7000.wav,
oenanthe_oenanthe,549272,Oenanthe oenanthe,/Users/justyna-przy/Projects/ISE/FYP/src/bird_data/raw/oenanthe_oenanthe/XC549272.mp3,10.0,13.0,-38.31026231122647,-40.0,drop,Iduna caligata,Booted Warbler,0.11927148699760437,0.11927148699760437,drop,0,,,
oenanthe_oenanthe,549272,Oenanthe oenanthe,/Users/justyna-przy/Projects/ISE/FYP/src/bird_data/raw/oenanthe_oenanthe/XC549272.mp3,13.0,16.0,-34.346943638583575,-40.0,drop,Alauda arvensis,Eurasian Skylark,0.4319111704826355,0.4319111704826355,drop,0,,,
oenanthe_oenanthe,549272,Oenanthe oenanthe,/Users/justyna-przy/Projects/ISE/FYP/src/bird_data/raw/oenanthe_oenanthe/XC549272.mp3,16.0,19.0,-33.39445906533536,-40.0,drop,Alauda arvensis,Eurasian Skylark,0.9199146628379822,0.9199146628379822,drop,0,,,
oenanthe_oenanthe,549272,Oenanthe oenanthe,/Users/justyna-przy/Projects/ISE/FYP/src/bird_data/raw/oenanthe_oenanthe/XC549272.mp3,19.0,22.0,-35.55265850722712,-40.0,species,Oenanthe oenanthe,Northern Wheatear,0.3016212582588196,0.3016212582588196,species,1,rand_species,/Users/justyna-przy/Projects/ISE/FYP/src/bird_data/clips/species/oenanthe_oenanthe/XC549272__s19000__e22000.wav,
oenanthe_oenanthe,548384,Oenanthe oenanthe,/Users/justyna-przy/Projects/ISE/FYP/src/bird_data/raw/oenanthe_oenanthe/XC548384.mp3,4.0,7.0,-19.178311737401867,-19.661750955880787,drop,Sporophila hypochroma,Rufous-rumped Seedeater,0.1257879137992859,0.1257879137992859,drop,0,,,
oenanthe_oenanthe,548384,Oenanthe oenanthe,/Users/justyna-przy/Projects/ISE/FYP/src/bird_data/raw/oenanthe_oenanthe/XC548384.mp3,10.0,13.0,-15.239911763953373,-19.661750955880787,non_bird,,,0.0,0.0,non_bird,1,nonbird_lowconf,/Users/justyna-przy/Projects/ISE/FYP/src/bird_data/clips/non_bird/oenanthe_oenanthe/XC548384__s10000__e13000.wav,
oenanthe_oenanthe,548384,Oenanthe oenanthe,/Users/justyna-przy/Projects/ISE/FYP/src/bird_data/raw/oenanthe_oenanthe/XC548384.mp3,13.0,16.0,-17.403021587652123,-19.661750955880787,species,Oenanthe oenanthe,Northern Wheatear,0.6628504395484924,0.6628504395484924,species,1,rand_species,/Users/justyna-przy/Projects/ISE/FYP/src/bird_data/clips/species/oenanthe_oenanthe/XC548384__s13000__e16000.wav,
oenanthe_oenanthe,468550,Oenanthe oenanthe,/Users/justyna-przy/Projects/ISE/FYP/src/bird_data/raw/oenanthe_oenanthe/XC468550.mp3,7.0,10.0,-38.80171542812229,-40.0,species,Oenanthe oenanthe,Northern Wheatear,0.9948732256889343,0.9948732256889343,species,1,rand_species,/Users/justyna-przy/Projects/ISE/FYP/src/bird_data/clips/species/oenanthe_oenanthe/XC468550__s7000__e10000.wav,
oenanthe_oenanthe,468550,Oenanthe oenanthe,/Users/justyna-przy/Projects/ISE/FYP/src/bird_data/raw/oenanthe_oenanthe/XC468550.mp3,10.0,13.0,-38.58814517865792,-40.0,species,Oenanthe oenanthe,Northern Wheatear,0.998930037021637,0.998930037021637,species,0,,,
oenanthe_oenanthe,468550,Oenanthe oenanthe,/Users/justyna-przy/Projects/ISE/FYP/src/bird_data/raw/oenanthe_oenanthe/XC468550.mp3,13.0,16.0,-38.17257000619335,-40.0,species,Oenanthe oenanthe,Northern Wheatear,0.9988901019096375,0.9988901019096375,species,1,rand_species,/Users/justyna-przy/Projects/ISE/FYP/src/bird_data/clips/species/oenanthe_oenanthe/XC468550__s13000__e16000.wav,
oenanthe_oenanthe,468550,Oenanthe oenanthe,/Users/justyna-przy/Projects/ISE/FYP/src/bird_data/raw/oenanthe_oenanthe/XC468550.mp3,22.0,25.0,-39.99313252509675,-40.0,species,Oenanthe oenanthe,Northern Wheatear,0.9997085928916931,0.9997085928916931,species,0,,,
oenanthe_oenanthe,468550,Oenanthe oenanthe,/Users/justyna-przy/Projects/ISE/FYP/src/bird_data/raw/oenanthe_oenanthe/XC468550.mp3,25.0,28.0,-39.8921647650296,-40.0,species,Oenanthe oenanthe,Northern Wheatear,0.9992548823356628,0.9992548823356628,species,0,,,
oenanthe_oenanthe,468550,Oenanthe oenanthe,/Users/justyna-przy/Projects/ISE/FYP/src/bird_data/raw/oenanthe_oenanthe/XC468550.mp3,28.0,31.0,-39.033997466909085,-40.0,species,Oenanthe oenanthe,Northern Wheatear,0.9984095692634583,0.9984095692634583,species,1,rand_species,/Users/justyna-przy/Projects/ISE/FYP/src/bird_data/clips/species/oenanthe_oenanthe/XC468550__s28000__e31000.wav,
oenanthe_oenanthe,468550,Oenanthe oenanthe,/Users/justyna-przy/Projects/ISE/FYP/src/bird_data/raw/oenanthe_oenanthe/XC468550.mp3,34.0,37.0,-39.89168061139605,-40.0,species,Oenanthe oenanthe,Northern Wheatear,0.9957499504089355,0.9957499504089355,species,0,,,
oenanthe_oenanthe,319898,Oenanthe oenanthe,/Users/justyna-przy/Projects/ISE/FYP/src/bird_data/raw/oenanthe_oenanthe/XC319898.mp3,1.0,4.0,-23.425792857236118,-32.67326944832847,species,Oenanthe oenanthe,Northern Wheatear,0.6995773315429688,0.6995773315429688,species,1,rand_species,/Users/justyna-przy/Projects/ISE/FYP/src/bird_data/clips/species/oenanthe_oenanthe/XC319898__s1000__e4000.wav,
oenanthe_oenanthe,319898,Oenanthe oenanthe,/Users/justyna-przy/Projects/ISE/FYP/src/bird_data/raw/oenanthe_oenanthe/XC319898.mp3,4.0,7.0,-24.900040705927356,-32.67326944832847,species,Oenanthe oenanthe,Northern Wheatear,0.9638381004333496,0.9638381004333496,species,1,rand_species,/Users/justyna-przy/Projects/ISE/FYP/src/bird_data/clips/species/oenanthe_oenanthe/XC319898__s4000__e7000.wav,
oenanthe_oenanthe,319898,Oenanthe oenanthe,/Users/justyna-przy/Projects/ISE/FYP/src/bird_data/raw/oenanthe_oenanthe/XC319898.mp3,7.0,10.0,-27.223971229816634,-32.67326944832847,non_bird,,,0.0,0.0,non_bird,1,nonbird_lowconf,/Users/justyna-przy/Projects/ISE/FYP/src/bird_data/clips/non_bird/oenanthe_oenanthe/XC319898__s7000__e10000.wav,
oenanthe_oenanthe,312381,Oenanthe oenanthe,/Users/justyna-przy/Projects/ISE/FYP/src/bird_data/raw/oenanthe_oenanthe/XC312381.mp3,1.0,4.0,-35.36201728841483,-38.8445196824889,species,Oenanthe oenanthe,Northern Wheatear,0.9846083521842957,0.9846083521842957,species,0,,,
oenanthe_oenanthe,312381,Oenanthe oenanthe,/Users/justyna-przy/Projects/ISE/FYP/src/bird_data/raw/oenanthe_oenanthe/XC312381.mp3,4.0,7.0,-37.78957947822407,-38.8445196824889,species,Oenanthe oenanthe,Northern Wheatear,0.8181064128875732,0.8181064128875732,species,1,rand_species,/Users/justyna-przy/Projects/ISE/FYP/src/bird_data/clips/species/oenanthe_oenanthe/XC312381__s4000__e7000.wav,
oenanthe_oenanthe,312381,Oenanthe oenanthe,/Users/justyna-przy/Projects/ISE/FYP/src/bird_data/raw/oenanthe_oenanthe/XC312381.mp3,7.0,10.0,-38.72834904610948,-38.8445196824889,species,Oenanthe oenanthe,Northern Wheatear,0.9749099612236023,0.9749099612236023,species,1,rand_species,/Users/justyna-przy/Projects/ISE/FYP/src/bird_data/clips/species/oenanthe_oenanthe/XC312381__s7000__e10000.wav,
oenanthe_oenanthe,312381,Oenanthe oenanthe,/Users/justyna-przy/Projects/ISE/FYP/src/bird_data/raw/oenanthe_oenanthe/XC312381.mp3,19.0,22.0,-38.05038227612934,-38.8445196824889,species,Oenanthe oenanthe,Northern Wheatear,0.957449197769165,0.957449197769165,species,0,,,
oenanthe_oenanthe,312381,Oenanthe oenanthe,/Users/justyna-przy/Projects/ISE/FYP/src/bird_data/raw/oenanthe_oenanthe/XC312381.mp3,25.0,28.0,-36.393733616901976,-38.8445196824889,species,Oenanthe oenanthe,Northern Wheatear,0.9946382641792297,0.9946382641792297,species,0,,,
oenanthe_oenanthe,312381,Oenanthe oenanthe,/Users/justyna-przy/Projects/ISE/FYP/src/bird_data/raw/oenanthe_oenanthe/XC312381.mp3,28.0,31.0,-36.34868403940272,-38.8445196824889,species,Oenanthe oenanthe,Northern Wheatear,0.9902653098106384,0.9902653098106384,species,0,,,
oenanthe_oenanthe,312381,Oenanthe oenanthe,/Users/justyna-przy/Projects/ISE/FYP/src/bird_data/raw/oenanthe_oenanthe/XC312381.mp3,31.0,34.0,-38.315885232698484,-38.8445196824889,species,Oenanthe oenanthe,Northern Wheatear,0.9274618625640869,0.9274618625640869,species,1,rand_species,/Users/justyna-przy/Projects/ISE/FYP/src/bird_data/clips/species/oenanthe_oenanthe/XC312381__s31000__e34000.wav,
oenanthe_oenanthe,312381,Oenanthe oenanthe,/Users/justyna-przy/Projects/ISE/FYP/src/bird_data/raw/oenanthe_oenanthe/XC312381.mp3,34.0,37.0,-33.707967155930646,-38.8445196824889,species,Oenanthe oenanthe,Northern Wheatear,0.9949201941490173,0.9949201941490173,species,0,,,
oenanthe_oenanthe,48185,Oenanthe oenanthe,/Users/justyna-przy/Projects/ISE/FYP/src/bird_data/raw/oenanthe_oenanthe/XC48185.mp3,4.0,7.0,-39.89030739173324,-40.0,species,Oenanthe oenanthe,Northern Wheatear,0.3895379602909088,0.3895379602909088,species,1,rand_species,/Users/justyna-przy/Projects/ISE/FYP/src/bird_data/clips/species/oenanthe_oenanthe/XC48185__s4000__e7000.wav,
oenanthe_oenanthe,1047537,Oenanthe oenanthe,/Users/justyna-przy/Projects/ISE/FYP/src/bird_data/raw/oenanthe_oenanthe/XC1047537.mp3,10.0,13.0,-44.2762085738205,-40.0,drop,Oenanthe oenanthe,Northern Wheatear,0.19264034926891327,0.19264034926891327,drop,0,,,
oenanthe_oenanthe,1047536,Oenanthe oenanthe,/Users/justyna-przy/Projects/ISE/FYP/src/bird_data/raw/oenanthe_oenanthe/XC1047536.mp3,4.0,7.0,-45.10059140848847,-40.0,drop,Alauda arvensis,Eurasian Skylark,0.12348083406686783,0.12348083406686783,drop,0,,,
oenanthe_oenanthe,1047535,Oenanthe oenanthe,/Users/justyna-przy/Projects/ISE/FYP/src/bird_data/raw/oenanthe_oenanthe/XC1047535.mp3,10.0,13.0,-40.66922457647728,-40.0,non_bird,,,0.0,0.0,non_bird,1,nonbird_lowconf,/Users/justyna-przy/Projects/ISE/FYP/src/bird_data/clips/non_bird/oenanthe_oenanthe/XC1047535__s10000__e13000.wav,
oenanthe_oenanthe,1047534,Oenanthe oenanthe,/Users/justyna-przy/Projects/ISE/FYP/src/bird_data/raw/oenanthe_oenanthe/XC1047534.mp3,10.0,13.0,-43.52052720109249,-40.0,species,Oenanthe oenanthe,Northern Wheatear,0.41974014043807983,0.41974014043807983,species,1,rand_species,/Users/justyna-przy/Projects/ISE/FYP/src/bird_data/clips/species/oenanthe_oenanthe/XC1047534__s10000__e13000.wav,
oenanthe_oenanthe,1047533,Oenanthe oenanthe,/Users/justyna-przy/Projects/ISE/FYP/src/bird_data/raw/oenanthe_oenanthe/XC1047533.mp3,13.0,16.0,-41.8751340117053,-40.0,species,Oenanthe oenanthe,Northern Wheatear,0.6315708160400391,0.6315708160400391,species,1,rand_species,/Users/justyna-przy/Projects/ISE/FYP/src/bird_data/clips/species/oenanthe_oenanthe/XC1047533__s13000__e16000.wav,
oenanthe_oenanthe,1047532,Oenanthe oenanthe,/Users/justyna-przy/Projects/ISE/FYP/src/bird_data/raw/oenanthe_oenanthe/XC1047532.mp3,16.0,19.0,-43.24552282757444,-40.0,species,Oenanthe oenanthe,Northern Wheatear,0.9614728093147278,0.9614728093147278,species,1,rand_species,/Users/justyna-przy/Projects/ISE/FYP/src/bird_data/clips/species/oenanthe_oenanthe/XC1047532__s16000__e19000.wav,
oenanthe_oenanthe,1047531,Oenanthe oenanthe,/Users/justyna-przy/Projects/ISE/FYP/src/bird_data/raw/oenanthe_oenanthe/XC1047531.mp3,13.0,16.0,-38.18141134991902,-40.0,species,Oenanthe oenanthe,Northern Wheatear,0.9806473851203918,0.9806473851203918,species,1,rand_species,/Users/justyna-przy/Projects/ISE/FYP/src/bird_data/clips/species/oenanthe_oenanthe/XC1047531__s13000__e16000.wav,
oenanthe_oenanthe,1047531,Oenanthe oenanthe,/Users/justyna-przy/Projects/ISE/FYP/src/bird_data/raw/oenanthe_oenanthe/XC1047531.mp3,16.0,19.0,-38.88791277434112,-40.0,drop,Galerida cristata,Crested Lark,0.37486836314201355,0.37486836314201355,drop,0,,,
oenanthe_oenanthe,1047531,Oenanthe oenanthe,/Users/justyna-przy/Projects/ISE/FYP/src/bird_data/raw/oenanthe_oenanthe/XC1047531.mp3,19.0,22.0,-37.687094726211726,-40.0,species,Oenanthe oenanthe,Northern Wheatear,0.8857361674308777,0.8857361674308777,species,1,rand_species,/Users/justyna-przy/Projects/ISE/FYP/src/bird_data/clips/species/oenanthe_oenanthe/XC1047531__s19000__e22000.wav,
oenanthe_oenanthe,1047530,Oenanthe oenanthe,/Users/justyna-przy/Projects/ISE/FYP/src/bird_data/raw/oenanthe_oenanthe/XC1047530.mp3,16.0,19.0,-36.162016717301526,-40.0,species,Oenanthe oenanthe,Northern Wheatear,0.9693325757980347,0.9693325757980347,species,1,rand_species,/Users/justyna-przy/Projects/ISE/FYP/src/bird_data/clips/species/oenanthe_oenanthe/XC1047530__s16000__e19000.wav,
oenanthe_oenanthe,1040345,Oenanthe oenanthe,/Users/justyna-przy/Projects/ISE/FYP/src/bird_data/raw/oenanthe_oenanthe/XC1040345.mp3,1.0,4.0,-35.358440217489274,-35.358440217489274,drop,Monticola saxatilis,Rufous-tailed Rock-Thrush,0.5201548337936401,0.5201548337936401,drop,0,,,
oenanthe_oenanthe,1027818,Oenanthe oenanthe,/Users/justyna-przy/Projects/ISE/FYP/src/bird_data/raw/oenanthe_oenanthe/XC1027818.mp3,1.0,4.0,-42.80352124861863,-40.0,drop,Engine,Engine,0.14223650097846985,0.14223650097846985,drop,0,,,
oenanthe_oenanthe,1023833,Oenanthe oenanthe,/Users/justyna-przy/Projects/ISE/FYP/src/bird_data/raw/oenanthe_oenanthe/XC1023833.mp3,1.0,4.0,-33.89167389949654,-34.31770110751937,species,Oenanthe oenanthe,Northern Wheatear,0.9946130514144897,0.9946130514144897,species,1,rand_species,/Users/justyna-przy/Projects/ISE/FYP/src/bird_data/clips/species/oenanthe_oenanthe/XC1023833__s1000__e4000.wav,
oenanthe_oenanthe,1023833,Oenanthe oenanthe,/Users/justyna-przy/Projects/ISE/FYP/src/bird_data/raw/oenanthe_oenanthe/XC1023833.mp3,10.0,13.0,-34.31770110751937,-34.31770110751937,species,Oenanthe oenanthe,Northern Wheatear,0.9923616647720337,0.9923616647720337,species,0,,,
oenanthe_oenanthe,1023833,Oenanthe oenanthe,/Users/justyna-przy/Projects/ISE/FYP/src/bird_data/raw/oenanthe_oenanthe/XC1023833.mp3,13.0,16.0,-33.68720139109078,-34.31770110751937,species,Oenanthe oenanthe,Northern Wheatear,0.994310736656189,0.994310736656189,species,1,rand_species,/Users/justyna-przy/Projects/ISE/FYP/src/bird_data/clips/species/oenanthe_oenanthe/XC1023833__s13000__e16000.wav,
oenanthe_oenanthe,1023833,Oenanthe oenanthe,/Users/justyna-przy/Projects/ISE/FYP/src/bird_data/raw/oenanthe_oenanthe/XC1023833.mp3,16.0,19.0,-33.13288149717255,-34.31770110751937,species,Oenanthe oenanthe,Northern Wheatear,0.9354843497276306,0.9354843497276306,species,0,,,
oenanthe_oenanthe,1023833,Oenanthe oenanthe,/Users/justyna-przy/Projects/ISE/FYP/src/bird_data/raw/oenanthe_oenanthe/XC1023833.mp3,19.0,22.0,-32.69165752442857,-34.31770110751937,species,Oenanthe oenanthe,Northern Wheatear,0.9823439121246338,0.9823439121246338,species,0,,,
oenanthe_oenanthe,1023833,Oenanthe oenanthe,/Users/justyna-przy/Projects/ISE/FYP/src/bird_data/raw/oenanthe_oenanthe/XC1023833.mp3,22.0,25.0,-31.721286911848352,-34.31770110751937,species,Oenanthe oenanthe,Northern Wheatear,0.9600815773010254,0.9600815773010254,species,0,,,
oenanthe_oenanthe,1023833,Oenanthe oenanthe,/Users/justyna-przy/Projects/ISE/FYP/src/bird_data/raw/oenanthe_oenanthe/XC1023833.mp3,25.0,28.0,-33.94392004087689,-34.31770110751937,species,Oenanthe oenanthe,Northern Wheatear,0.8351422548294067,0.8351422548294067,species,0,,,
oenanthe_oenanthe,1023833,Oenanthe oenanthe,/Users/justyna-przy/Projects/ISE/FYP/src/bird_data/raw/oenanthe_oenanthe/XC1023833.mp3,31.0,34.0,-34.30127299396092,-34.31770110751937,species,Oenanthe oenanthe,Northern Wheatear,0.3505580723285675,0.3505580723285675,species,1,rand_species,/Users/justyna-przy/Projects/ISE/FYP/src/bird_data/clips/species/oenanthe_oenanthe/XC1023833__s31000__e34000.wav,
oenanthe_oenanthe,1008779,Oenanthe oenanthe,/Users/justyna-przy/Projects/ISE/FYP/src/bird_data/raw/oenanthe_oenanthe/XC1008779.mp3,4.0,7.0,-36.87843690954282,-40.0,species,Oenanthe oenanthe,Northern Wheatear,0.9965787529945374,0.9965787529945374,species,0,,,
oenanthe_oenanthe,1008779,Oenanthe oenanthe,/Users/justyna-przy/Projects/ISE/FYP/src/bird_data/raw/oenanthe_oenanthe/XC1008779.mp3,7.0,10.0,-38.7086006224991,-40.0,species,Oenanthe oenanthe,Northern Wheatear,0.981415867805481,0.981415867805481,species,0,,,
oenanthe_oenanthe,1008779,Oenanthe oenanthe,/Users/justyna-przy/Projects/ISE/FYP/src/bird_data/raw/oenanthe_oenanthe/XC1008779.mp3,10.0,13.0,-38.628459816810455,-40.0,species,Oenanthe oenanthe,Northern Wheatear,0.995546817779541,0.995546817779541,species,1,rand_species,/Users/justyna-przy/Projects/ISE/FYP/src/bird_data/clips/species/oenanthe_oenanthe/XC1008779__s10000__e13000.wav,
oenanthe_oenanthe,1008779,Oenanthe oenanthe,/Users/justyna-przy/Projects/ISE/FYP/src/bird_data/raw/oenanthe_oenanthe/XC1008779.mp3,16.0,19.0,-34.32408461174171,-40.0,species,Oenanthe oenanthe,Northern Wheatear,0.996455192565918,0.996455192565918,species,1,rand_species,/Users/justyna-przy/Projects/ISE/FYP/src/bird_data/clips/species/oenanthe_oenanthe/XC1008779__s16000__e19000.wav,
oenanthe_oenanthe,1008779,Oenanthe oenanthe,/Users/justyna-przy/Projects/ISE/FYP/src/bird_data/raw/oenanthe_oenanthe/XC1008779.mp3,22.0,25.0,-39.43420112844918,-40.0,species,Oenanthe oenanthe,Northern Wheatear,0.986916184425354,0.986916184425354,species,1,rand_species,/Users/justyna-przy/Projects/ISE/FYP/src/bird_data/clips/species/oenanthe_oenanthe/XC1008779__s22000__e25000.wav,
oenanthe_oenanthe,1004781,Oenanthe oenanthe,/Users/justyna-przy/Projects/ISE/FYP/src/bird_data/raw/oenanthe_oenanthe/XC1004781.mp3,4.0,7.0,-27.229579122676167,-40.0,species,Oenanthe oenanthe,Northern Wheatear,0.6079282164573669,0.6079282164573669,species,1,rand_species,/Users/justyna-przy/Projects/ISE/FYP/src/bird_data/clips/species/oenanthe_oenanthe/XC1004781__s4000__e7000.wav,
oenanthe_oenanthe,1004781,Oenanthe oenanthe,/Users/justyna-przy/Projects/ISE/FYP/src/bird_data/raw/oenanthe_oenanthe/XC1004781.mp3,7.0,10.0,-27.32874651995259,-40.0,species,Oenanthe oenanthe,Northern Wheatear,0.9972304701805115,0.9972304701805115,species,1,rand_species,/Users/justyna-przy/Projects/ISE/FYP/src/bird_data/clips/species/oenanthe_oenanthe/XC1004781__s7000__e10000.wav,
oenanthe_oenanthe,1004781,Oenanthe oenanthe,/Users/justyna-przy/Projects/ISE/FYP/src/bird_data/raw/oenanthe_oenanthe/XC1004781.mp3,19.0,22.0,-33.671695303328114,-40.0,species,Oenanthe oenanthe,Northern Wheatear,0.9994598031044006,0.9994598031044006,species,1,rand_species,/Users/justyna-przy/Projects/ISE/FYP/src/bird_data/clips/species/oenanthe_oenanthe/XC1004781__s19000__e22000.wav,
oenanthe_oenanthe,1004610,Oenanthe oenanthe,/Users/justyna-przy/Projects/ISE/FYP/src/bird_data/raw/oenanthe_oenanthe/XC1004610.mp3,4.0,7.0,-36.042294349495535,-40.0,species,Oenanthe oenanthe,Northern Wheatear,0.6194806694984436,0.6194806694984436,species,1,rand_species,/Users/justyna-przy/Projects/ISE/FYP/src/bird_data/clips/species/oenanthe_oenanthe/XC1004610__s4000__e7000.wav,
oenanthe_oenanthe,1004609,Oenanthe oenanthe,/Users/justyna-przy/Projects/ISE/FYP/src/bird_data/raw/oenanthe_oenanthe/XC1004609.mp3,4.0,7.0,-37.86405583272565,-40.0,drop,Galerida deva,Tawny Lark,0.1877383291721344,0.1877383291721344,drop,0,,,
oenanthe_oenanthe,1004609,Oenanthe oenanthe,/Users/justyna-przy/Projects/ISE/FYP/src/bird_data/raw/oenanthe_oenanthe/XC1004609.mp3,10.0,13.0,-35.82827988751355,-40.0,species,Oenanthe oenanthe,Northern Wheatear,0.7835352420806885,0.7835352420806885,species,1,rand_species,/Users/justyna-przy/Projects/ISE/FYP/src/bird_data/clips/species/oenanthe_oenanthe/XC1004609__s10000__e13000.wav,
oenanthe_oenanthe,996312,Oenanthe oenanthe,/Users/justyna-przy/Projects/ISE/FYP/src/bird_data/raw/oenanthe_oenanthe/XC996312.mp3,1.0,4.0,-37.70136800341995,-39.10107807974241,species,Oenanthe oenanthe,Northern Wheatear,0.607470691204071,0.607470691204071,species,1,rand_species,/Users/justyna-przy/Projects/ISE/FYP/src/bird_data/clips/species/oenanthe_oenanthe/XC996312__s1000__e4000.wav,
oenanthe_oenanthe,996312,Oenanthe oenanthe,/Users/justyna-przy/Projects/ISE/FYP/src/bird_data/raw/oenanthe_oenanthe/XC996312.mp3,7.0,10.0,-35.7579670094963,-39.10107807974241,species,Oenanthe oenanthe,Northern Wheatear,0.7665597796440125,0.7665597796440125,species,1,rand_species,/Users/justyna-przy/Projects/ISE/FYP/src/bird_data/clips/species/oenanthe_oenanthe/XC996312__s7000__e10000.wav,
oenanthe_oenanthe,996312,Oenanthe oenanthe,/Users/justyna-przy/Projects/ISE/FYP/src/bird_data/raw/oenanthe_oenanthe/XC996312.mp3,13.0,16.0,-38.03279684129271,-39.10107807974241,drop,Alauda arvensis,Eurasian Skylark,0.22780169546604156,0.22780169546604156,drop,0,,,
oenanthe_oenanthe,993365,Oenanthe oenanthe,/Users/justyna-przy/Projects/ISE/FYP/src/bird_data/raw/oenanthe_oenanthe/XC993365.mp3,4.0,7.0,-44.00241935124658,-40.0,drop,Saxicola rubicola,European Stonechat,0.8568528294563293,0.8568528294563293,drop,0,,,
oenanthe_oenanthe,979444,Oenanthe oenanthe,/Users/justyna-przy/Projects/ISE/FYP/src/bird_data/raw/oenanthe_oenanthe/XC979444.mp3,1.0,4.0,-25.63294716058609,-28.348869558049696,species,Oenanthe oenanthe,Northern Wheatear,0.996973991394043,0.996973991394043,species,1,rand_species,/Users/justyna-przy/Projects/ISE/FYP/src/bird_data/clips/species/oenanthe_oenanthe/XC979444__s1000__e4000.wav,
oenanthe_oenanthe,979444,Oenanthe oenanthe,/Users/justyna-przy/Projects/ISE/FYP/src/bird_data/raw/oenanthe_oenanthe/XC979444.mp3,4.0,7.0,-24.94644952137099,-28.348869558049696,species,Oenanthe oenanthe,Northern Wheatear,0.9875478744506836,0.9875478744506836,species,0,,,
oenanthe_oenanthe,979444,Oenanthe oenanthe,/Users/justyna-przy/Projects/ISE/FYP/src/bird_data/raw/oenanthe_oenanthe/XC979444.mp3,7.0,10.0,-26.263828586247314,-28.348869558049696,species,Oenanthe oenanthe,Northern Wheatear,0.9909375905990601,0.9909375905990601,species,0,,,
oenanthe_oenanthe,979444,Oenanthe oenanthe,/Users/justyna-przy/Projects/ISE/FYP/src/bird_data/raw/oenanthe_oenanthe/XC979444.mp3,10.0,13.0,-26.593251142131695,-28.348869558049696,species,Oenanthe oenanthe,Northern Wheatear,0.9924985766410828,0.9924985766410828,species,0,,,
oenanthe_oenanthe,979444,Oenanthe oenanthe,/Users/justyna-przy/Projects/ISE/FYP/src/bird_data/raw/oenanthe_oenanthe/XC979444.mp3,19.0,22.0,-24.712844701477454,-28.348869558049696,species,Oenanthe oenanthe,Northern Wheatear,0.930800199508667,0.930800199508667,species,0,,,
oenanthe_oenanthe,979444,Oenanthe oenanthe,/Users/justyna-przy/Projects/ISE/FYP/src/bird_data/raw/oenanthe_oenanthe/XC979444.mp3,25.0,28.0,-28.13055409791541,-28.348869558049696,species,Oenanthe oenanthe,Northern Wheatear,0.6565959453582764,0.6565959453582764,species,0,,,
oenanthe_oenanthe,979444,Oenanthe oenanthe,/Users/justyna-przy/Projects/ISE/FYP/src/bird_data/raw/oenanthe_oenanthe/XC979444.mp3,31.0,34.0,-26.985874484319233,-28.348869558049696,species,Oenanthe oenanthe,Northern Wheatear,0.9977290034294128,0.9977290034294128,species,0,,,
oenanthe_oenanthe,979444,Oenanthe oenanthe,/Users/justyna-przy/Projects/ISE/FYP/src/bird_data/raw/oenanthe_oenanthe/XC979444.mp3,37.0,40.0,-26.535690869056427,-28.348869558049696,species,Oenanthe oenanthe,Northern Wheatear,0.9983009696006775,0.9983009696006775,species,1,rand_species,/Users/justyna-przy/Projects/ISE/FYP/src/bird_data/clips/species/oenanthe_oenanthe/XC979444__s37000__e40000.wav,
oenanthe_oenanthe,979444,Oenanthe oenanthe,/Users/justyna-przy/Projects/ISE/FYP/src/bird_data/raw/oenanthe_oenanthe/XC979444.mp3,40.0,43.0,-24.199150964755827,-28.348869558049696,species,Oenanthe oenanthe,Northern Wheatear,0.9997414946556091,0.9997414946556091,species,0,,,
oenanthe_oenanthe,979444,Oenanthe oenanthe,/Users/justyna-przy/Projects/ISE/FYP/src/bird_data/raw/oenanthe_oenanthe/XC979444.mp3,43.0,46.0,-27.638110584509455,-28.348869558049696,species,Oenanthe oenanthe,Northern Wheatear,0.9982359409332275,0.9982359409332275,species,0,,,
oenanthe_oenanthe,979444,Oenanthe oenanthe,/Users/justyna-przy/Projects/ISE/FYP/src/bird_data/raw/oenanthe_oenanthe/XC979444.mp3,46.0,49.0,-23.61148177733429,-28.348869558049696,species,Oenanthe oenanthe,Northern Wheatear,0.8432625532150269,0.8432625532150269,species,0,,,
oenanthe_oenanthe,979444,Oenanthe oenanthe,/Users/justyna-przy/Projects/ISE/FYP/src/bird_data/raw/oenanthe_oenanthe/XC979444.mp3,49.0,52.0,-26.083191812792357,-28.348869558049696,species,Oenanthe oenanthe,Northern Wheatear,0.9985170960426331,0.9985170960426331,species,1,rand_species,/Users/justyna-przy/Projects/ISE/FYP/src/bird_data/clips/species/oenanthe_oenanthe/XC979444__s49000__e52000.wav,
oenanthe_oenanthe,939535,Oenanthe oenanthe,/Users/justyna-przy/Projects/ISE/FYP/src/bird_data/raw/oenanthe_oenanthe/XC939535.mp3,25.0,28.0,-33.928233118112814,-40.0,drop,Acrocephalus paludicola,Aquatic Warbler,0.981952965259552,0.981952965259552,drop,0,,,
oenanthe_oenanthe,939535,Oenanthe oenanthe,/Users/justyna-przy/Projects/ISE/FYP/src/bird_data/raw/oenanthe_oenanthe/XC939535.mp3,28.0,31.0,-38.003496603703354,-40.0,non_bird,,,0.0,0.0,non_bird,1,nonbird_lowconf,/Users/justyna-przy/Projects/ISE/FYP/src/bird_data/clips/non_bird/oenanthe_oenanthe/XC939535__s28000__e31000.wav,
oenanthe_oenanthe,939532,Oenanthe oenanthe,/Users/justyna-przy/Projects/ISE/FYP/src/bird_data/raw/oenanthe_oenanthe/XC939532.mp3,4.0,7.0,-37.933776659615866,-40.0,drop,Oenanthe oenanthe,Northern Wheatear,0.13926100730895996,0.13926100730895996,drop,0,,,
oenanthe_oenanthe,939530,Oenanthe oenanthe,/Users/justyna-przy/Projects/ISE/FYP/src/bird_data/raw/oenanthe_oenanthe/XC939530.mp3,37.0,40.0,-35.70808353507156,-40.0,drop,Acrocephalus paludicola,Aquatic Warbler,0.539307177066803,0.539307177066803,drop,0,,,
oenanthe_oenanthe,939530,Oenanthe oenanthe,/Users/justyna-przy/Projects/ISE/FYP/src/bird_data/raw/oenanthe_oenanthe/XC939530.mp3,40.0,43.0,-34.7592019848829,-40.0,drop,Acrocephalus paludicola,Aquatic Warbler,0.15832525491714478,0.15832525491714478,drop,0,,,
oenanthe_oenanthe,939523,Oenanthe oenanthe,/Users/justyna-przy/Projects/ISE/FYP/src/bird_data/raw/oenanthe_oenanthe/XC939523.mp3,22.0,25.0,-46.01197205873059,-40.0,non_bird,,,0.0,0.0,non_bird,1,nonbird_lowconf,/Users/justyna-przy/Projects/ISE/FYP/src/bird_data/clips/non_bird/oenanthe_oenanthe/XC939523__s22000__e25000.wav,
oenanthe_oenanthe,935256,Oenanthe oenanthe,/Users/justyna-przy/Projects/ISE/FYP/src/bird_data/raw/oenanthe_oenanthe/XC935256.mp3,1.0,4.0,-34.39638903741123,-34.51441100809862,drop,Emberiza citrinella,Yellowhammer,0.10706692934036255,0.10706692934036255,drop,0,,,
oenanthe_oenanthe,935256,Oenanthe oenanthe,/Users/justyna-przy/Projects/ISE/FYP/src/bird_data/raw/oenanthe_oenanthe/XC935256.mp3,7.0,10.0,-34.285200163568256,-34.51441100809862,non_bird,,,0.0,0.0,non_bird,1,nonbird_lowconf,/Users/justyna-przy/Projects/ISE/FYP/src/bird_data/clips/non_bird/oenanthe_oenanthe/XC935256__s7000__e10000.wav,
oenanthe_oenanthe,933976,Oenanthe oenanthe,/Users/justyna-przy/Projects/ISE/FYP/src/bird_data/raw/oenanthe_oenanthe/XC933976.mp3,1.0,4.0,-35.66019574647253,-35.66019574647253,drop,Iduna caligata,Booted Warbler,0.27999988198280334,0.27999988198280334,drop,0,,,
oenanthe_oenanthe,932868,Oenanthe oenanthe,/Users/justyna-przy/Projects/ISE/FYP/src/bird_data/raw/oenanthe_oenanthe/XC932868.mp3,7.0,10.0,-43.72821082191682,-40.0,species,Oenanthe oenanthe,Northern Wheatear,0.939795732498169,0.939795732498169,species,1,rand_species,/Users/justyna-przy/Projects/ISE/FYP/src/bird_data/clips/species/oenanthe_oenanthe/XC932868__s7000__e10000.wav,
oenanthe_oenanthe,932526,Oenanthe oenanthe,/Users/justyna-przy/Projects/ISE/FYP/src/bird_data/raw/oenanthe_oenanthe/XC932526.mp3,4.0,7.0,-38.37084483610112,-40.0,species,Oenanthe oenanthe,Northern Wheatear,0.8475357294082642,0.8475357294082642,species,1,rand_species,/Users/justyna-przy/Projects/ISE/FYP/src/bird_data/clips/species/oenanthe_oenanthe/XC932526__s4000__e7000.wav,
oenanthe_oenanthe,932526,Oenanthe oenanthe,/Users/justyna-przy/Projects/ISE/FYP/src/bird_data/raw/oenanthe_oenanthe/XC932526.mp3,46.0,49.0,-39.30055713960565,-40.0,species,Oenanthe oenanthe,Northern Wheatear,0.9740055203437805,0.9740055203437805,species,1,rand_species,/Users/justyna-przy/Projects/ISE/FYP/src/bird_data/clips/species/oenanthe_oenanthe/XC932526__s46000__e49000.wav,
oenanthe_oenanthe,932523,Oenanthe oenanthe,/Users/justyna-przy/Projects/ISE/FYP/src/bird_data/raw/oenanthe_oenanthe/XC932523.mp3,10.0,13.0,-38.930305123436774,-40.0,species,Oenanthe oenanthe,Northern Wheatear,0.3501894474029541,0.3501894474029541,species,1,rand_species,/Users/justyna-przy/Projects/ISE/FYP/src/bird_data/clips/species/oenanthe_oenanthe/XC932523__s10000__e13000.wav,
oenanthe_oenanthe,932523,Oenanthe oenanthe,/Users/justyna-przy/Projects/ISE/FYP/src/bird_data/raw/oenanthe_oenanthe/XC932523.mp3,37.0,40.0,-31.222302004603378,-40.0,drop,Mimus triurus,White-banded Mockingbird,0.20223844051361084,0.20223844051361084,drop,0,,,
oenanthe_oenanthe,931816,Oenanthe oenanthe,/Users/justyna-przy/Projects/ISE/FYP/src/bird_data/raw/oenanthe_oenanthe/XC931816.mp3,1.0,4.0,-42.80953274638534,-40.0,non_bird,,,0.0,0.0,non_bird,1,nonbird_lowconf,/Users/justyna-przy/Projects/ISE/FYP/src/bird_data/clips/non_bird/oenanthe_oenanthe/XC931816__s1000__e4000.wav,
oenanthe_oenanthe,921895,Oenanthe oenanthe,/Users/justyna-przy/Projects/ISE/FYP/src/bird_data/raw/oenanthe_oenanthe/XC921895.mp3,40.0,43.0,-45.65270283703992,-40.0,species,Oenanthe oenanthe,Northern Wheatear,0.9984773993492126,0.9984773993492126,species,1,rand_species,/Users/justyna-przy/Projects/ISE/FYP/src/bird_data/clips/species/oenanthe_oenanthe/XC921895__s40000__e43000.wav,
oenanthe_oenanthe,921894,Oenanthe oenanthe,/Users/justyna-przy/Projects/ISE/FYP/src/bird_data/raw/oenanthe_oenanthe/XC921894.mp3,4.0,7.0,-45.26388326989241,-40.0,species,Oenanthe oenanthe,Northern Wheatear,0.9890223741531372,0.9890223741531372,species,1,rand_species,/Users/justyna-przy/Projects/ISE/FYP/src/bird_data/clips/species/oenanthe_oenanthe/XC921894__s4000__e7000.wav,
oenanthe_oenanthe,914651,Oenanthe oenanthe,/Users/justyna-przy/Projects/ISE/FYP/src/bird_data/raw/oenanthe_oenanthe/XC914651.mp3,1.0,4.0,-27.600202030179513,-40.0,drop,Cercotrichas galactotes,Rufous-tailed Scrub-Robin,0.1517299860715866,0.1517299860715866,drop,0,,,
oenanthe_oenanthe,914651,Oenanthe oenanthe,/Users/justyna-przy/Projects/ISE/FYP/src/bird_data/raw/oenanthe_oenanthe/XC914651.mp3,7.0,10.0,-35.77150485551232,-40.0,drop,Saxicola rubetra,Whinchat,0.9934793710708618,0.9934793710708618,drop,0,,,
oenanthe_oenanthe,914651,Oenanthe oenanthe,/Users/justyna-przy/Projects/ISE/FYP/src/bird_data/raw/oenanthe_oenanthe/XC914651.mp3,13.0,16.0,-36.67744311192971,-40.0,drop,Saxicola rubetra,Whinchat,0.984015941619873,0.984015941619873,drop,0,,,
oenanthe_oenanthe,914651,Oenanthe oenanthe,/Users/justyna-przy/Projects/ISE/FYP/src/bird_data/raw/oenanthe_oenanthe/XC914651.mp3,19.0,22.0,-33.150972800553674,-40.0,drop,Saxicola rubetra,Whinchat,0.9965177774429321,0.9965177774429321,drop,0,,,
oenanthe_oenanthe,914651,Oenanthe oenanthe,/Users/justyna-przy/Projects/ISE/FYP/src/bird_data/raw/oenanthe_oenanthe/XC914651.mp3,25.0,28.0,-31.94288606089193,-40.0,drop,Saxicola rubetra,Whinchat,0.971699595451355,0.971699595451355,drop,0,,,
oenanthe_oenanthe,914651,Oenanthe oenanthe,/Users/justyna-przy/Projects/ISE/FYP/src/bird_data/raw/oenanthe_oenanthe/XC914651.mp3,37.0,40.0,-36.82979532256795,-40.0,drop,Saxicola rubetra,Whinchat,0.9188597798347473,0.9188597798347473,drop,0,,,
oenanthe_oenanthe,907058,Oenanthe oenanthe,/Users/justyna-przy/Projects/ISE/FYP/src/bird_data/raw/oenanthe_oenanthe/XC907058.mp3,10.0,13.0,-38.50527202231944,-40.0,species,Oenanthe oenanthe,Northern Wheatear,0.9933092594146729,0.9933092594146729,species,1,rand_species,/Users/justyna-przy/Projects/ISE/FYP/src/bird_data/clips/species/oenanthe_oenanthe/XC907058__s10000__e13000.wav,
oenanthe_oenanthe,906066,Oenanthe oenanthe,/Users/justyna-przy/Projects/ISE/FYP/src/bird_data/raw/oenanthe_oenanthe/XC906066.mp3,22.0,25.0,-43.99688868729099,-40.0,species,Oenanthe oenanthe,Northern Wheatear,0.7604313492774963,0.7604313492774963,species,1,rand_species,/Users/justyna-przy/Projects/ISE/FYP/src/bird_data/clips/species/oenanthe_oenanthe/XC906066__s22000__e25000.wav,
oenanthe_oenanthe,904597,Oenanthe oenanthe,/Users/justyna-przy/Projects/ISE/FYP/src/bird_data/raw/oenanthe_oenanthe/XC904597.mp3,1.0,4.0,-19.506068116456106,-20.13526925036074,drop,Hippolais polyglotta,Melodious Warbler,0.34053072333335876,0.34053072333335876,drop,0,,,
oenanthe_oenanthe,904597,Oenanthe oenanthe,/Users/justyna-przy/Projects/ISE/FYP/src/bird_data/raw/oenanthe_oenanthe/XC904597.mp3,7.0,10.0,-19.046726216131148,-20.13526925036074,drop,Curruca undata,Dartford Warbler,0.43523460626602173,0.43523460626602173,drop,0,,,
oenanthe_oenanthe,904597,Oenanthe oenanthe,/Users/justyna-przy/Projects/ISE/FYP/src/bird_data/raw/oenanthe_oenanthe/XC904597.mp3,13.0,16.0,-17.670091042560102,-20.13526925036074,drop,Oenanthe pleschanka,Pied Wheatear,0.36767828464508057,0.36767828464508057,drop,0,,,
oenanthe_oenanthe,904597,Oenanthe oenanthe,/Users/justyna-przy/Projects/ISE/FYP/src/bird_data/raw/oenanthe_oenanthe/XC904597.mp3,19.0,22.0,-19.231623671117212,-20.13526925036074,drop,Anthus richardi,Richard's Pipit,0.7075156569480896,0.7075156569480896,drop,0,,,
oenanthe_oenanthe,904597,Oenanthe oenanthe,/Users/justyna-przy/Projects/ISE/FYP/src/bird_data/raw/oenanthe_oenanthe/XC904597.mp3,22.0,25.0,-19.492638642242323,-20.13526925036074,non_bird,,,0.0,0.0,non_bird,1,nonbird_lowconf,/Users/justyna-przy/Projects/ISE/FYP/src/bird_data/clips/non_bird/oenanthe_oenanthe/XC904597__s22000__e25000.wav,
oenanthe_oenanthe,904597,Oenanthe oenanthe,/Users/justyna-przy/Projects/ISE/FYP/src/bird_data/raw/oenanthe_oenanthe/XC904597.mp3,28.0,31.0,-20.093618937709763,-20.13526925036074,non_bird,,,0.0,0.0,non_bird,1,nonbird_lowconf,/Users/justyna-przy/Projects/ISE/FYP/src/bird_data/clips/non_bird/oenanthe_oenanthe/XC904597__s28000__e31000.wav,
oenanthe_oenanthe,904597,Oenanthe oenanthe,/Users/justyna-przy/Projects/ISE/FYP/src/bird_data/raw/oenanthe_oenanthe/XC904597.mp3,31.0,34.0,-19.04963423863496,-20.13526925036074,drop,Hippolais polyglotta,Melodious Warbler,0.11404946446418762,0.11404946446418762,drop,0,,,
oenanthe_oenanthe,904597,Oenanthe oenanthe,/Users/justyna-przy/Projects/ISE/FYP/src/bird_data/raw/oenanthe_oenanthe/XC904597.mp3,34.0,37.0,-20.07087343797537,-20.13526925036074,drop,Delichon urbicum,Common House-Martin,0.691965639591217,0.691965639591217,drop,0,,,
oenanthe_oenanthe,904597,Oenanthe oenanthe,/Users/justyna-przy/Projects/ISE/FYP/src/bird_data/raw/oenanthe_oenanthe/XC904597.mp3,37.0,40.0,-19.390950619546622,-20.13526925036074,drop,Delichon urbicum,Common House-Martin,0.5268685817718506,0.5268685817718506,drop,0,,,
oenanthe_oenanthe,904594,Oenanthe oenanthe,/Users/justyna-przy/Projects/ISE/FYP/src/bird_data/raw/oenanthe_oenanthe/XC904594.mp3,1.0,4.0,-19.25185438423049,-21.762196234708217,drop,Curruca communis,Greater Whitethroat,0.3839550316333771,0.3839550316333771,drop,0,,,
oenanthe_oenanthe,902795,Oenanthe oenanthe,/Users/justyna-przy/Projects/ISE/FYP/src/bird_data/raw/oenanthe_oenanthe/XC902795.mp3,1.0,4.0,-47.42272709544386,-40.0,drop,Oenanthe oenanthe,Northern Wheatear,0.16956603527069092,0.16956603527069092,drop,0,,,
oenanthe_oenanthe,902284,Oenanthe oenanthe,/Users/justyna-przy/Projects/ISE/FYP/src/bird_data/raw/oenanthe_oenanthe/XC902284.mp3,1.0,4.0,-60.42227179946579,-40.0,drop,Oenanthe oenanthe,Northern Wheatear,0.1740412563085556,0.1740412563085556,drop,0,,,
oenanthe_oenanthe,900127,Oenanthe oenanthe,/Users/justyna-przy/Projects/ISE/FYP/src/bird_data/raw/oenanthe_oenanthe/XC900127.mp3,1.0,4.0,-40.87952129718401,-40.0,species,Oenanthe oenanthe,Northern Wheatear,0.9918095469474792,0.9918095469474792,species,1,rand_species,/Users/justyna-przy/Projects/ISE/FYP/src/bird_data/clips/species/oenanthe_oenanthe/XC900127__s1000__e4000.wav,
oenanthe_oenanthe,898202,Oenanthe oenanthe,/Users/justyna-przy/Projects/ISE/FYP/src/bird_data/raw/oenanthe_oenanthe/XC898202.mp3,1.0,4.0,-29.461382471867452,-35.41679164808474,species,Oenanthe oenanthe,Northern Wheatear,0.9552245140075684,0.9552245140075684,species,1,rand_species,/Users/justyna-przy/Projects/ISE/FYP/src/bird_data/clips/species/oenanthe_oenanthe/XC898202__s1000__e4000.wav,
oenanthe_oenanthe,898202,Oenanthe oenanthe,/Users/justyna-przy/Projects/ISE/FYP/src/bird_data/raw/oenanthe_oenanthe/XC898202.mp3,4.0,7.0,-34.67492083986329,-35.41679164808474,species,Oenanthe oenanthe,Northern Wheatear,0.9516363739967346,0.9516363739967346,species,1,rand_species,/Users/justyna-przy/Projects/ISE/FYP/src/bird_data/clips/species/oenanthe_oenanthe/XC898202__s4000__e7000.wav,
oenanthe_oenanthe,898202,Oenanthe oenanthe,/Users/justyna-przy/Projects/ISE/FYP/src/bird_data/raw/oenanthe_oenanthe/XC898202.mp3,7.0,10.0,-32.30490358306143,-35.41679164808474,drop,Linaria flavirostris,Twite,0.644733190536499,0.644733190536499,drop,0,,,
oenanthe_oenanthe,895739,Oenanthe oenanthe,/Users/justyna-przy/Projects/ISE/FYP/src/bird_data/raw/oenanthe_oenanthe/XC895739.mp3,1.0,4.0,-37.42244387808776,-37.42244387808776,species,Oenanthe oenanthe,Northern Wheatear,0.8382144570350647,0.8382144570350647,species,1,rand_species,/Users/justyna-przy/Projects/ISE/FYP/src/bird_data/clips/species/oenanthe_oenanthe/XC895739__s1000__e4000.wav,
oenanthe_oenanthe,895737,Oenanthe oenanthe,/Users/justyna-przy/Projects/ISE/FYP/src/bird_data/raw/oenanthe_oenanthe/XC895737.mp3,1.0,4.0,-35.71583550449496,-40.0,non_bird,,,0.0,0.0,non_bird,1,nonbird_lowconf,/Users/justyna-przy/Projects/ISE/FYP/src/bird_data/clips/non_bird/oenanthe_oenanthe/XC895737__s1000__e4000.wav,
oenanthe_oenanthe,881735,Oenanthe oenanthe,/Users/justyna-przy/Projects/ISE/FYP/src/bird_data/raw/oenanthe_oenanthe/XC881735.mp3,31.0,34.0,-63.58855908868745,-40.0,non_bird,,,0.0,0.0,non_bird,1,nonbird_lowconf,/Users/justyna-przy/Projects/ISE/FYP/src/bird_data/clips/non_bird/oenanthe_oenanthe/XC881735__s31000__e34000.wav,
oenanthe_oenanthe,841777,Oenanthe oenanthe,/Users/justyna-przy/Projects/ISE/FYP/src/bird_data/raw/oenanthe_oenanthe/XC841777.mp3,7.0,10.0,-44.29919843673841,-40.0,non_bird,,,0.0,0.0,non_bird,1,nonbird_lowconf,/Users/justyna-przy/Projects/ISE/FYP/src/bird_data/clips/non_bird/oenanthe_oenanthe/XC841777__s7000__e10000.wav,
oenanthe_oenanthe,838428,Oenanthe oenanthe,/Users/justyna-przy/Projects/ISE/FYP/src/bird_data/raw/oenanthe_oenanthe/XC838428.mp3,4.0,7.0,-32.569989984538054,-36.892290063902706,species,Oenanthe oenanthe,Northern Wheatear,0.9851425290107727,0.9851425290107727,species,1,rand_species,/Users/justyna-przy/Projects/ISE/FYP/src/bird_data/clips/species/oenanthe_oenanthe/XC838428__s4000__e7000.wav,
oenanthe_oenanthe,834903,Oenanthe oenanthe,/Users/justyna-przy/Projects/ISE/FYP/src/bird_data/raw/oenanthe_oenanthe/XC834903.mp3,1.0,4.0,-50.597903144600735,-40.0,non_bird,,,0.0,0.0,non_bird,1,nonbird_lowconf,/Users/justyna-przy/Projects/ISE/FYP/src/bird_data/clips/non_bird/oenanthe_oenanthe/XC834903__s1000__e4000.wav,
oenanthe_oenanthe,833890,Oenanthe oenanthe,/Users/justyna-przy/Projects/ISE/FYP/src/bird_data/raw/oenanthe_oenanthe/XC833890.mp3,4.0,7.0,-35.80727196132496,-40.0,non_bird,,,0.0,0.0,non_bird,1,nonbird_lowconf,/Users/justyna-przy/Projects/ISE/FYP/src/bird_data/clips/non_bird/oenanthe_oenanthe/XC833890__s4000__e7000.wav,
oenanthe_oenanthe,833890,Oenanthe oenanthe,/Users/justyna-przy/Projects/ISE/FYP/src/bird_data/raw/oenanthe_oenanthe/XC833890.mp3,13.0,16.0,-39.782964137381306,-40.0,drop,Ficedula albicilla,Taiga Flycatcher,0.3497413694858551,0.3497413694858551,drop,0,,,
oenanthe_oenanthe,833890,Oenanthe oenanthe,/Users/justyna-przy/Projects/ISE/FYP/src/bird_data/raw/oenanthe_oenanthe/XC833890.mp3,22.0,25.0,-32.490494336959,-40.0,non_bird,,,0.0,0.0,non_bird,1,nonbird_lowconf,/Users/justyna-przy/Projects/ISE/FYP/src/bird_data/clips/non_bird/oenanthe_oenanthe/XC833890__s22000__e25000.wav,
oenanthe_oenanthe,833889,Oenanthe oenanthe,/Users/justyna-przy/Projects/ISE/FYP/src/bird_data/raw/oenanthe_oenanthe/XC833889.mp3,4.0,7.0,-29.329131411386374,-39.8126957259093,non_bird,,,0.0,0.0,non_bird,1,nonbird_lowconf,/Users/justyna-przy/Projects/ISE/FYP/src/bird_data/clips/non_bird/oenanthe_oenanthe/XC833889__s4000__e7000.wav,
oenanthe_oenanthe,833889,Oenanthe oenanthe,/Users/justyna-przy/Projects/ISE/FYP/src/bird_data/raw/oenanthe_oenanthe/XC833889.mp3,7.0,10.0,-38.586024948251286,-39.8126957259093,drop,Oenanthe oenanthe,Northern Wheatear,0.2563595175743103,0.2563595175743103,drop,0,,,
oenanthe_oenanthe,833889,Oenanthe oenanthe,/Users/justyna-przy/Projects/ISE/FYP/src/bird_data/raw/oenanthe_oenanthe/XC833889.mp3,10.0,13.0,-38.46630280170528,-39.8126957259093,species,Oenanthe oenanthe,Northern Wheatear,0.4490586519241333,0.4490586519241333,species,1,rand_species,/Users/justyna-przy/Projects/ISE/FYP/src/bird_data/clips/species/oenanthe_oenanthe/XC833889__s10000__e13000.wav,
oenanthe_oenanthe,824941,Oenanthe oenanthe,/Users/justyna-przy/Projects/ISE/FYP/src/bird_data/raw/oenanthe_oenanthe/XC824941.mp3,1.0,4.0,-46.73671346170713,-40.0,species,Oenanthe oenanthe,Northern Wheatear,0.5359879732131958,0.5359879732131958,species,1,rand_species,/Users/justyna-przy/Projects/ISE/FYP/src/bird_data/clips/species/oenanthe_oenanthe/XC824941__s1000__e4000.wav,
oenanthe_oenanthe,821159,Oenanthe oenanthe,/Users/justyna-przy/Projects/ISE/FYP/src/bird_data/raw/oenanthe_oenanthe/XC821159.mp3,34.0,37.0,-64.00406266982533,-40.0,non_bird,,,0.0,0.0,non_bird,1,nonbird_lowconf,/Users/justyna-przy/Projects/ISE/FYP/src/bird_data/clips/non_bird/oenanthe_oenanthe/XC821159__s34000__e37000.wav,
oenanthe_oenanthe,821158,Oenanthe oenanthe,/Users/justyna-przy/Projects/ISE/FYP/src/bird_data/raw/oenanthe_oenanthe/XC821158.mp3,22.0,25.0,-54.98617241048737,-40.0,species,Oenanthe oenanthe,Northern Wheatear,0.8123127222061157,0.8123127222061157,species,1,rand_species,/Users/justyna-przy/Projects/ISE/FYP/src/bird_data/clips/species/oenanthe_oenanthe/XC821158__s22000__e25000.wav,
oenanthe_oenanthe,818637,Oenanthe oenanthe,/Users/justyna-przy/Projects/ISE/FYP/src/bird_data/raw/oenanthe_oenanthe/XC818637.mp3,13.0,16.0,-52.60136545700821,-40.0,non_bird,,,0.0,0.0,non_bird,1,nonbird_lowconf,/Users/justyna-przy/Projects/ISE/FYP/src/bird_data/clips/non_bird/oenanthe_oenanthe/XC818637__s13000__e16000.wav,
oenanthe_oenanthe,818636,Oenanthe oenanthe,/Users/justyna-przy/Projects/ISE/FYP/src/bird_data/raw/oenanthe_oenanthe/XC818636.mp3,13.0,16.0,-43.31616484977899,-40.0,species,Oenanthe oenanthe,Northern Wheatear,0.9602803587913513,0.9602803587913513,species,1,rand_species,/Users/justyna-przy/Projects/ISE/FYP/src/bird_data/clips/species/oenanthe_oenanthe/XC818636__s13000__e16000.wav,
oenanthe_oenanthe,804218,Oenanthe oenanthe,/Users/justyna-przy/Projects/ISE/FYP/src/bird_data/raw/oenanthe_oenanthe/XC804218.mp3,1.0,4.0,-47.03477419055438,-40.0,species,Oenanthe oenanthe,Northern Wheatear,0.6401446461677551,0.6401446461677551,species,1,rand_species,/Users/justyna-przy/Projects/ISE/FYP/src/bird_data/clips/species/oenanthe_oenanthe/XC804218__s1000__e4000.wav,
oenanthe_oenanthe,802699,Oenanthe oenanthe,/Users/justyna-przy/Projects/ISE/FYP/src/bird_data/raw/oenanthe_oenanthe/XC802699.mp3,4.0,7.0,-21.349546102166627,-25.798569363848703,species,Oenanthe oenanthe,Northern Wheatear,0.9993070363998413,0.9993070363998413,species,1,rand_species,/Users/justyna-przy/Projects/ISE/FYP/src/bird_data/clips/species/oenanthe_oenanthe/XC802699__s4000__e7000.wav,
oenanthe_oenanthe,802699,Oenanthe oenanthe,/Users/justyna-przy/Projects/ISE/FYP/src/bird_data/raw/oenanthe_oenanthe/XC802699.mp3,7.0,10.0,-24.081096119675067,-25.798569363848703,species,Oenanthe oenanthe,Northern Wheatear,0.990081250667572,0.990081250667572,species,1,rand_species,/Users/justyna-przy/Projects/ISE/FYP/src/bird_data/clips/species/oenanthe_oenanthe/XC802699__s7000__e10000.wav,
oenanthe_oenanthe,797092,Oenanthe oenanthe,/Users/justyna-przy/Projects/ISE/FYP/src/bird_data/raw/oenanthe_oenanthe/XC797092.mp3,1.0,4.0,-36.382659186493115,-40.0,non_bird,,,0.0,0.0,non_bird,1,nonbird_lowconf,/Users/justyna-przy/Projects/ISE/FYP/src/bird_data/clips/non_bird/oenanthe_oenanthe/XC797092__s1000__e4000.wav,
oenanthe_oenanthe,797092,Oenanthe oenanthe,/Users/justyna-przy/Projects/ISE/FYP/src/bird_data/raw/oenanthe_oenanthe/XC797092.mp3,4.0,7.0,-38.68875509634201,-40.0,drop,Oenanthe oenanthe,Northern Wheatear,0.25414398312568665,0.25414398312568665,drop,0,,,
oenanthe_oenanthe,797092,Oenanthe oenanthe,/Users/justyna-przy/Projects/ISE/FYP/src/bird_data/raw/oenanthe_oenanthe/XC797092.mp3,13.0,16.0,-39.450309012251935,-40.0,drop,Alauda arvensis,Eurasian Skylark,0.38677114248275757,0.38677114248275757,drop,0,,,
oenanthe_oenanthe,797092,Oenanthe oenanthe,/Users/justyna-przy/Projects/ISE/FYP/src/bird_data/raw/oenanthe_oenanthe/XC797092.mp3,16.0,19.0,-39.92935656577831,-40.0,species,Oenanthe oenanthe,Northern Wheatear,0.5578165054321289,0.5578165054321289,species,1,rand_species,/Users/justyna-przy/Projects/ISE/FYP/src/bird_data/clips/species/oenanthe_oenanthe/XC797092__s16000__e19000.wav,
oenanthe_oenanthe,797092,Oenanthe oenanthe,/Users/justyna-przy/Projects/ISE/FYP/src/bird_data/raw/oenanthe_oenanthe/XC797092.mp3,22.0,25.0,-39.81249508054774,-40.0,species,Oenanthe oenanthe,Northern Wheatear,0.8034540414810181,0.8034540414810181,species,1,rand_species,/Users/justyna-przy/Projects/ISE/FYP/src/bird_data/clips/species/oenanthe_oenanthe/XC797092__s22000__e25000.wav,
oenanthe_oenanthe,797068,Oenanthe oenanthe,/Users/justyna-przy/Projects/ISE/FYP/src/bird_data/raw/oenanthe_oenanthe/XC797068.mp3,1.0,4.0,-38.05583875405114,-40.0,drop,Oenanthe oenanthe,Northern Wheatear,0.11848080903291702,0.11848080903291702,drop,0,,,
oenanthe_oenanthe,797068,Oenanthe oenanthe,/Users/justyna-przy/Projects/ISE/FYP/src/bird_data/raw/oenanthe_oenanthe/XC797068.mp3,7.0,10.0,-36.02803319871393,-40.0,drop,Curruca conspicillata,Spectacled Warbler,0.21769900619983673,0.21769900619983673,drop,0,,,
oenanthe_oenanthe,794449,Oenanthe oenanthe,/Users/justyna-przy/Projects/ISE/FYP/src/bird_data/raw/oenanthe_oenanthe/XC794449.mp3,13.0,16.0,-35.557216663021045,-40.0,species,Oenanthe oenanthe,Northern Wheatear,0.890497624874115,0.890497624874115,species,1,rand_species,/Users/justyna-przy/Projects/ISE/FYP/src/bird_data/clips/species/oenanthe_oenanthe/XC794449__s13000__e16000.wav,
oenanthe_oenanthe,794448,Oenanthe oenanthe,/Users/justyna-przy/Projects/ISE/FYP/src/bird_data/raw/oenanthe_oenanthe/XC794448.mp3,13.0,16.0,-41.689509125805266,-40.0,non_bird,,,0.0,0.0,non_bird,1,nonbird_lowconf,/Users/justyna-przy/Projects/ISE/FYP/src/bird_data/clips/non_bird/oenanthe_oenanthe/XC794448__s13000__e16000.wav,
oenanthe_oenanthe,772930,Oenanthe oenanthe,/Users/justyna-przy/Projects/ISE/FYP/src/bird_data/raw/oenanthe_oenanthe/XC772930.mp3,1.0,4.0,-27.60071357387079,-27.60071357387079,species,Oenanthe oenanthe,Northern Wheatear,0.9965803027153015,0.9965803027153015,species,1,rand_species,/Users/justyna-przy/Projects/ISE/FYP/src/bird_data/clips/species/oenanthe_oenanthe/XC772930__s1000__e4000.wav,
oenanthe_oenanthe,769224,Oenanthe oenanthe,/Users/justyna-przy/Projects/ISE/FYP/src/bird_data/raw/oenanthe_oenanthe/XC769224.mp3,4.0,7.0,-21.010175601103164,-22.864467946067666,species,Oenanthe oenanthe,Northern Wheatear,0.997534990310669,0.997534990310669,species,1,rand_species,/Users/justyna-przy/Projects/ISE/FYP/src/bird_data/clips/species/oenanthe_oenanthe/XC769224__s4000__e7000.wav,
oenanthe_oenanthe,769224,Oenanthe oenanthe,/Users/justyna-przy/Projects/ISE/FYP/src/bird_data/raw/oenanthe_oenanthe/XC769224.mp3,13.0,16.0,-18.747507896793373,-22.864467946067666,species,Oenanthe oenanthe,Northern Wheatear,0.8354024291038513,0.8354024291038513,species,1,rand_species,/Users/justyna-przy/Projects/ISE/FYP/src/bird_data/clips/species/oenanthe_oenanthe/XC769224__s13000__e16000.wav,
oenanthe_oenanthe,769224,Oenanthe oenanthe,/Users/justyna-przy/Projects/ISE/FYP/src/bird_data/raw/oenanthe_oenanthe/XC769224.mp3,16.0,19.0,-17.94872559019028,-22.864467946067666,species,Oenanthe oenanthe,Northern Wheatear,0.5711657404899597,0.5711657404899597,species,0,,,
oenanthe_oenanthe,769224,Oenanthe oenanthe,/Users/justyna-przy/Projects/ISE/FYP/src/bird_data/raw/oenanthe_oenanthe/XC769224.mp3,19.0,22.0,-14.670002825751569,-22.864467946067666,species,Oenanthe oenanthe,Northern Wheatear,0.9921010136604309,0.9921010136604309,species,0,,,
oenanthe_oenanthe,769224,Oenanthe oenanthe,/Users/justyna-przy/Projects/ISE/FYP/src/bird_data/raw/oenanthe_oenanthe/XC769224.mp3,22.0,25.0,-13.294299945365832,-22.864467946067666,species,Oenanthe oenanthe,Northern Wheatear,0.882878839969635,0.882878839969635,species,1,rand_species,/Users/justyna-przy/Projects/ISE/FYP/src/bird_data/clips/species/oenanthe_oenanthe/XC769224__s22000__e25000.wav,
oenanthe_oenanthe,751193,Oenanthe oenanthe,/Users/justyna-przy/Projects/ISE/FYP/src/bird_data/raw/oenanthe_oenanthe/XC751193.mp3,1.0,4.0,-28.085980057905047,-30.693672557976278,drop,Luscinia svecica,Bluethroat,0.2551787495613098,0.2551787495613098,drop,0,,,
oenanthe_oenanthe,751193,Oenanthe oenanthe,/Users/justyna-przy/Projects/ISE/FYP/src/bird_data/raw/oenanthe_oenanthe/XC751193.mp3,4.0,7.0,-30.512044559625636,-30.693672557976278,drop,Alectoris graeca,Rock Partridge,0.49256762862205505,0.49256762862205505,drop,0,,,
oenanthe_oenanthe,751193,Oenanthe oenanthe,/Users/justyna-przy/Projects/ISE/FYP/src/bird_data/raw/oenanthe_oenanthe/XC751193.mp3,13.0,16.0,-28.94748204545831,-30.693672557976278,drop,Alectoris graeca,Rock Partridge,0.6294007897377014,0.6294007897377014,drop,0,,,
oenanthe_oenanthe,751193,Oenanthe oenanthe,/Users/justyna-przy/Projects/ISE/FYP/src/bird_data/raw/oenanthe_oenanthe/XC751193.mp3,16.0,19.0,-28.66236366959871,-30.693672557976278,drop,Luscinia svecica,Bluethroat,0.4531063437461853,0.4531063437461853,drop,0,,,
oenanthe_oenanthe,751193,Oenanthe oenanthe,/Users/justyna-przy/Projects/ISE/FYP/src/bird_data/raw/oenanthe_oenanthe/XC751193.mp3,22.0,25.0,-30.401595700013907,-30.693672557976278,non_bird,,,0.0,0.0,non_bird,1,nonbird_lowconf,/Users/justyna-przy/Projects/ISE/FYP/src/bird_data/clips/non_bird/oenanthe_oenanthe/XC751193__s22000__e25000.wav,
oenanthe_oenanthe,751193,Oenanthe oenanthe,/Users/justyna-przy/Projects/ISE/FYP/src/bird_data/raw/oenanthe_oenanthe/XC751193.mp3,25.0,28.0,-29.451896550259203,-30.693672557976278,drop,Iduna caligata,Booted Warbler,0.1621057540178299,0.1621057540178299,drop,0,,,
oenanthe_oenanthe,751191,Oenanthe oenanthe,/Users/justyna-przy/Projects/ISE/FYP/src/bird_data/raw/oenanthe_oenanthe/XC751191.mp3,1.0,4.0,-30.211548559564562,-31.711648895468716,species,Oenanthe oenanthe,Northern Wheatear,0.5618405342102051,0.5618405342102051,species,1,rand_species,/Users/justyna-przy/Projects/ISE/FYP/src/bird_data/clips/species/oenanthe_oenanthe/XC751191__s1000__e4000.wav,
oenanthe_oenanthe,751191,Oenanthe oenanthe,/Users/justyna-przy/Projects/ISE/FYP/src/bird_data/raw/oenanthe_oenanthe/XC751191.mp3,4.0,7.0,-29.722453837386468,-31.711648895468716,species,Oenanthe oenanthe,Northern Wheatear,0.4080274701118469,0.4080274701118469,species,1,rand_species,/Users/justyna-przy/Projects/ISE/FYP/src/bird_data/clips/species/oenanthe_oenanthe/XC751191__s4000__e7000.wav,
oenanthe_oenanthe,751191,Oenanthe oenanthe,/Users/justyna-przy/Projects/ISE/FYP/src/bird_data/raw/oenanthe_oenanthe/XC751191.mp3,7.0,10.0,-30.165969655127995,-31.711648895468716,species,Oenanthe oenanthe,Northern Wheatear,0.6010854840278625,0.6010854840278625,species,0,,,
oenanthe_oenanthe,751191,Oenanthe oenanthe,/Users/justyna-przy/Projects/ISE/FYP/src/bird_data/raw/oenanthe_oenanthe/XC751191.mp3,10.0,13.0,-30.119800238332132,-31.711648895468716,species,Oenanthe oenanthe,Northern Wheatear,0.475154310464859,0.475154310464859,species,0,,,
oenanthe_oenanthe,751191,Oenanthe oenanthe,/Users/justyna-przy/Projects/ISE/FYP/src/bird_data/raw/oenanthe_oenanthe/XC751191.mp3,13.0,16.0,-30.965994384224892,-31.711648895468716,species,Oenanthe oenanthe,Northern Wheatear,0.5748530626296997,0.5748530626296997,species,0,,,
oenanthe_oenanthe,751191,Oenanthe oenanthe,/Users/justyna-przy/Projects/ISE/FYP/src/bird_data/raw/oenanthe_oenanthe/XC751191.mp3,19.0,22.0,-29.954501031006707,-31.711648895468716,species,Oenanthe oenanthe,Northern Wheatear,0.7934076189994812,0.7934076189994812,species,1,rand_species,/Users/justyna-przy/Projects/ISE/FYP/src/bird_data/clips/species/oenanthe_oenanthe/XC751191__s19000__e22000.wav,
oenanthe_oenanthe,751190,Oenanthe oenanthe,/Users/justyna-przy/Projects/ISE/FYP/src/bird_data/raw/oenanthe_oenanthe/XC751190.mp3,1.0,4.0,-30.839189539571244,-31.694501438701526,species,Oenanthe oenanthe,Northern Wheatear,0.6074053645133972,0.6074053645133972,species,0,,,
oenanthe_oenanthe,751190,Oenanthe oenanthe,/Users/justyna-przy/Projects/ISE/FYP/src/bird_data/raw/oenanthe_oenanthe/XC751190.mp3,4.0,7.0,-30.73578358686502,-31.694501438701526,drop,Oenanthe oenanthe,Northern Wheatear,0.27090445160865784,0.27090445160865784,drop,0,,,
oenanthe_oenanthe,751190,Oenanthe oenanthe,/Users/justyna-przy/Projects/ISE/FYP/src/bird_data/raw/oenanthe_oenanthe/XC751190.mp3,7.0,10.0,-31.471686313201722,-31.694501438701526,species,Oenanthe oenanthe,Northern Wheatear,0.5325342416763306,0.5325342416763306,species,1,rand_species,/Users/justyna-przy/Projects/ISE/FYP/src/bird_data/clips/species/oenanthe_oenanthe/XC751190__s7000__e10000.wav,
oenanthe_oenanthe,751190,Oenanthe oenanthe,/Users/justyna-przy/Projects/ISE/FYP/src/bird_data/raw/oenanthe_oenanthe/XC751190.mp3,10.0,13.0,-31.14340281579186,-31.694501438701526,species,Oenanthe oenanthe,Northern Wheatear,0.6490241289138794,0.6490241289138794,species,1,rand_species,/Users/justyna-przy/Projects/ISE/FYP/src/bird_data/clips/species/oenanthe_oenanthe/XC751190__s10000__e13000.wav,
oenanthe_oenanthe,751190,Oenanthe oenanthe,/Users/justyna-przy/Projects/ISE/FYP/src/bird_data/raw/oenanthe_oenanthe/XC751190.mp3,13.0,16.0,-29.502620184037752,-31.694501438701526,species,Oenanthe oenanthe,Northern Wheatear,0.729105532169342,0.729105532169342,species,0,,,
oenanthe_oenanthe,751190,Oenanthe oenanthe,/Users/justyna-przy/Projects/ISE/FYP/src/bird_data/raw/oenanthe_oenanthe/XC751190.mp3,16.0,19.0,-30.51814266413826,-31.694501438701526,species,Oenanthe oenanthe,Northern Wheatear,0.8129084706306458,0.8129084706306458,species,0,,,
oenanthe_oenanthe,751190,Oenanthe oenanthe,/Users/justyna-przy/Projects/ISE/FYP/src/bird_data/raw/oenanthe_oenanthe/XC751190.mp3,28.0,31.0,-30.84832381427795,-31.694501438701526,species,Oenanthe oenanthe,Northern Wheatear,0.5594838857650757,0.5594838857650757,species,1,rand_species,/Users/justyna-przy/Projects/ISE/FYP/src/bird_data/clips/species/oenanthe_oenanthe/XC751190__s28000__e31000.wav,
oenanthe_oenanthe,751190,Oenanthe oenanthe,/Users/justyna-przy/Projects/ISE/FYP/src/bird_data/raw/oenanthe_oenanthe/XC751190.mp3,34.0,37.0,-30.949449108895266,-31.694501438701526,drop,Oenanthe oenanthe,Northern Wheatear,0.24129855632781982,0.24129855632781982,drop,0,,,
oenanthe_oenanthe,751189,Oenanthe oenanthe,/Users/justyna-przy/Projects/ISE/FYP/src/bird_data/raw/oenanthe_oenanthe/XC751189.mp3,1.0,4.0,-32.51361720848426,-35.04791163738841,drop,Oenanthe oenanthe,Northern Wheatear,0.27791428565979004,0.27791428565979004,drop,0,,,
oenanthe_oenanthe,751189,Oenanthe oenanthe,/Users/justyna-przy/Projects/ISE/FYP/src/bird_data/raw/oenanthe_oenanthe/XC751189.mp3,4.0,7.0,-32.04689579548959,-35.04791163738841,drop,Oenanthe oenanthe,Northern Wheatear,0.26225003600120544,0.26225003600120544,drop,0,,,
oenanthe_oenanthe,751189,Oenanthe oenanthe,/Users/justyna-przy/Projects/ISE/FYP/src/bird_data/raw/oenanthe_oenanthe/XC751189.mp3,7.0,10.0,-32.936017351115524,-35.04791163738841,species,Oenanthe oenanthe,Northern Wheatear,0.492767870426178,0.492767870426178,species,1,rand_species,/Users/justyna-przy/Projects/ISE/FYP/src/bird_data/clips/species/oenanthe_oenanthe/XC751189__s7000__e10000.wav,
oenanthe_oenanthe,751189,Oenanthe oenanthe,/Users/justyna-przy/Projects/ISE/FYP/src/bird_data/raw/oenanthe_oenanthe/XC751189.mp3,10.0,13.0,-32.80425041333118,-35.04791163738841,species,Oenanthe oenanthe,Northern Wheatear,0.4633779525756836,0.4633779525756836,species,1,rand_species,/Users/justyna-przy/Projects/ISE/FYP/src/bird_data/clips/species/oenanthe_oenanthe/XC751189__s10000__e13000.wav,
oenanthe_oenanthe,751189,Oenanthe oenanthe,/Users/justyna-przy/Projects/ISE/FYP/src/bird_data/raw/oenanthe_oenanthe/XC751189.mp3,13.0,16.0,-34.52955269125058,-35.04791163738841,drop,Luscinia svecica,Bluethroat,0.32176604866981506,0.32176604866981506,drop,0,,,
oenanthe_oenanthe,751189,Oenanthe oenanthe,/Users/justyna-przy/Projects/ISE/FYP/src/bird_data/raw/oenanthe_oenanthe/XC751189.mp3,25.0,28.0,-34.98817962566929,-35.04791163738841,drop,Luscinia svecica,Bluethroat,0.6862468719482422,0.6862468719482422,drop,0,,,
oenanthe_oenanthe,751189,Oenanthe oenanthe,/Users/justyna-przy/Projects/ISE/FYP/src/bird_data/raw/oenanthe_oenanthe/XC751189.mp3,28.0,31.0,-31.512219499033275,-35.04791163738841,drop,Luscinia svecica,Bluethroat,0.535394549369812,0.535394549369812,drop,0,,,
oenanthe_oenanthe,751189,Oenanthe oenanthe,/Users/justyna-przy/Projects/ISE/FYP/src/bird_data/raw/oenanthe_oenanthe/XC751189.mp3,31.0,34.0,-33.953069665544376,-35.04791163738841,drop,Alauda arvensis,Eurasian Skylark,0.4278380274772644,0.4278380274772644,drop,0,,,
oenanthe_oenanthe,751189,Oenanthe oenanthe,/Users/justyna-przy/Projects/ISE/FYP/src/bird_data/raw/oenanthe_oenanthe/XC751189.mp3,37.0,40.0,-33.86620635437243,-35.04791163738841,species,Oenanthe oenanthe,Northern Wheatear,0.30165156722068787,0.30165156722068787,species,1,rand_species,/Users/justyna-przy/Projects/ISE/FYP/src/bird_data/clips/species/oenanthe_oenanthe/XC751189__s37000__e40000.wav,
oenanthe_oenanthe,751189,Oenanthe oenanthe,/Users/justyna-przy/Projects/ISE/FYP/src/bird_data/raw/oenanthe_oenanthe/XC751189.mp3,40.0,43.0,-32.97965917899123,-35.04791163738841,drop,Oenanthe oenanthe,Northern Wheatear,0.15473130345344543,0.15473130345344543,drop,0,,,
oenanthe_oenanthe,751189,Oenanthe oenanthe,/Users/justyna-przy/Projects/ISE/FYP/src/bird_data/raw/oenanthe_oenanthe/XC751189.mp3,43.0,46.0,-34.17864742596501,-35.04791163738841,drop,Iduna caligata,Booted Warbler,0.1909218579530716,0.1909218579530716,drop,0,,,
oenanthe_oenanthe,751189,Oenanthe oenanthe,/Users/justyna-przy/Projects/ISE/FYP/src/bird_data/raw/oenanthe_oenanthe/XC751189.mp3,49.0,52.0,-33.77533758059353,-35.04791163738841,drop,Luscinia svecica,Bluethroat,0.5707196593284607,0.5707196593284607,drop,0,,,
oenanthe_oenanthe,744972,Oenanthe oenanthe,/Users/justyna-przy/Projects/ISE/FYP/src/bird_data/raw/oenanthe_oenanthe/XC744972.mp3,25.0,28.0,-55.15869357663945,-40.0,species,Oenanthe oenanthe,Northern Wheatear,0.3105151951313019,0.3105151951313019,species,1,rand_species,/Users/justyna-przy/Projects/ISE/FYP/src/bird_data/clips/species/oenanthe_oenanthe/XC744972__s25000__e28000.wav,
oenanthe_oenanthe,744969,Oenanthe oenanthe,/Users/justyna-przy/Projects/ISE/FYP/src/bird_data/raw/oenanthe_oenanthe/XC744969.mp3,7.0,10.0,-59.78672838503059,-40.0,drop,Phoenicurus phoenicurus,Common Redstart,0.12954089045524597,0.12954089045524597,drop,0,,,
oenanthe_oenanthe,744741,Oenanthe oenanthe,/Users/justyna-przy/Projects/ISE/FYP/src/bird_data/raw/oenanthe_oenanthe/XC744741.mp3,1.0,4.0,-54.82721782912118,-40.0,non_bird,,,0.0,0.0,non_bird,1,nonbird_lowconf,/Users/justyna-przy/Projects/ISE/FYP/src/bird_data/clips/non_bird/oenanthe_oenanthe/XC744741__s1000__e4000.wav,
oenanthe_oenanthe,738919,Oenanthe oenanthe,/Users/justyna-przy/Projects/ISE/FYP/src/bird_data/raw/oenanthe_oenanthe/XC738919.mp3,4.0,7.0,-31.556670454148694,-34.1312667857172,species,Oenanthe oenanthe,Northern Wheatear,0.9618444442749023,0.9618444442749023,species,1,rand_species,/Users/justyna-przy/Projects/ISE/FYP/src/bird_data/clips/species/oenanthe_oenanthe/XC738919__s4000__e7000.wav,
oenanthe_oenanthe,738919,Oenanthe oenanthe,/Users/justyna-przy/Projects/ISE/FYP/src/bird_data/raw/oenanthe_oenanthe/XC738919.mp3,7.0,10.0,-31.356515921309725,-34.1312667857172,species,Oenanthe oenanthe,Northern Wheatear,0.7816939353942871,0.7816939353942871,species,1,rand_species,/Users/justyna-przy/Projects/ISE/FYP/src/bird_data/clips/species/oenanthe_oenanthe/XC738919__s7000__e10000.wav,
oenanthe_oenanthe,738919,Oenanthe oenanthe,/Users/justyna-przy/Projects/ISE/FYP/src/bird_data/raw/oenanthe_oenanthe/XC738919.mp3,10.0,13.0,-32.0442197855279,-34.1312667857172,species,Oenanthe oenanthe,Northern Wheatear,0.9543344974517822,0.9543344974517822,species,1,rand_species,/Users/justyna-przy/Projects/ISE/FYP/src/bird_data/clips/species/oenanthe_oenanthe/XC738919__s10000__e13000.wav,
oenanthe_oenanthe,736095,Oenanthe oenanthe,/Users/justyna-przy/Projects/ISE/FYP/src/bird_data/raw/oenanthe_oenanthe/XC736095.mp3,4.0,7.0,-38.75019056765054,-40.0,drop,Oenanthe oenanthe,Northern Wheatear,0.23268982768058777,0.23268982768058777,drop,0,,,
oenanthe_oenanthe,736095,Oenanthe oenanthe,/Users/justyna-przy/Projects/ISE/FYP/src/bird_data/raw/oenanthe_oenanthe/XC736095.mp3,13.0,16.0,-39.01711910294754,-40.0,species,Oenanthe oenanthe,Northern Wheatear,0.5974506139755249,0.5974506139755249,species,1,rand_species,/Users/justyna-przy/Projects/ISE/FYP/src/bird_data/clips/species/oenanthe_oenanthe/XC736095__s13000__e16000.wav,
oenanthe_oenanthe,736090,Oenanthe oenanthe,/Users/justyna-przy/Projects/ISE/FYP/src/bird_data/raw/oenanthe_oenanthe/XC736090.mp3,16.0,19.0,-40.37988926814488,-40.0,drop,Luscinia svecica,Bluethroat,0.6257871389389038,0.6257871389389038,drop,0,,,
oenanthe_oenanthe,735676,Oenanthe oenanthe,/Users/justyna-przy/Projects/ISE/FYP/src/bird_data/raw/oenanthe_oenanthe/XC735676.mp3,10.0,13.0,-40.45463125783171,-40.0,drop,Lanius collurio,Red-backed Shrike,0.851460874080658,0.851460874080658,drop,0,,,
oenanthe_oenanthe,735675,Oenanthe oenanthe,/Users/justyna-przy/Projects/ISE/FYP/src/bird_data/raw/oenanthe_oenanthe/XC735675.mp3,4.0,7.0,-34.496854398777046,-40.0,species,Oenanthe oenanthe,Northern Wheatear,0.9285654425621033,0.9285654425621033,species,1,rand_species,/Users/justyna-przy/Projects/ISE/FYP/src/bird_data/clips/species/oenanthe_oenanthe/XC735675__s4000__e7000.wav,
oenanthe_oenanthe,735675,Oenanthe oenanthe,/Users/justyna-przy/Projects/ISE/FYP/src/bird_data/raw/oenanthe_oenanthe/XC735675.mp3,13.0,16.0,-33.05812788780487,-40.0,species,Oenanthe oenanthe,Northern Wheatear,0.9249608516693115,0.9249608516693115,species,1,rand_species,/Users/justyna-przy/Projects/ISE/FYP/src/bird_data/clips/species/oenanthe_oenanthe/XC735675__s13000__e16000.wav,
oenanthe_oenanthe,735675,Oenanthe oenanthe,/Users/justyna-przy/Projects/ISE/FYP/src/bird_data/raw/oenanthe_oenanthe/XC735675.mp3,16.0,19.0,-34.163928369272064,-40.0,species,Oenanthe oenanthe,Northern Wheatear,0.8552318215370178,0.8552318215370178,species,0,,,
oenanthe_oenanthe,735675,Oenanthe oenanthe,/Users/justyna-przy/Projects/ISE/FYP/src/bird_data/raw/oenanthe_oenanthe/XC735675.mp3,19.0,22.0,-31.60618190762409,-40.0,species,Oenanthe oenanthe,Northern Wheatear,0.9676199555397034,0.9676199555397034,species,0,,,
oenanthe_oenanthe,735675,Oenanthe oenanthe,/Users/justyna-przy/Projects/ISE/FYP/src/bird_data/raw/oenanthe_oenanthe/XC735675.mp3,22.0,25.0,-34.08682525319649,-40.0,species,Oenanthe oenanthe,Northern Wheatear,0.7419731616973877,0.7419731616973877,species,1,rand_species,/Users/justyna-przy/Projects/ISE/FYP/src/bird_data/clips/species/oenanthe_oenanthe/XC735675__s22000__e25000.wav,
oenanthe_oenanthe,735674,Oenanthe oenanthe,/Users/justyna-przy/Projects/ISE/FYP/src/bird_data/raw/oenanthe_oenanthe/XC735674.mp3,1.0,4.0,-38.675549659973456,-40.0,drop,Acrocephalus paludicola,Aquatic Warbler,0.13480044901371002,0.13480044901371002,drop,0,,,
oenanthe_oenanthe,735674,Oenanthe oenanthe,/Users/justyna-przy/Projects/ISE/FYP/src/bird_data/raw/oenanthe_oenanthe/XC735674.mp3,4.0,7.0,-39.65458345941541,-40.0,non_bird,,,0.0,0.0,non_bird,1,nonbird_lowconf,/Users/justyna-przy/Projects/ISE/FYP/src/bird_data/clips/non_bird/oenanthe_oenanthe/XC735674__s4000__e7000.wav,
oenanthe_oenanthe,735674,Oenanthe oenanthe,/Users/justyna-przy/Projects/ISE/FYP/src/bird_data/raw/oenanthe_oenanthe/XC735674.mp3,10.0,13.0,-38.20034273183799,-40.0,drop,Acrocephalus paludicola,Aquatic Warbler,0.2585063874721527,0.2585063874721527,drop,0,,,
oenanthe_oenanthe,735674,Oenanthe oenanthe,/Users/justyna-przy/Projects/ISE/FYP/src/bird_data/raw/oenanthe_oenanthe/XC735674.mp3,13.0,16.0,-35.37859326007267,-40.0,drop,Acrocephalus paludicola,Aquatic Warbler,0.21448278427124023,0.21448278427124023,drop,0,,,
oenanthe_oenanthe,735674,Oenanthe oenanthe,/Users/justyna-przy/Projects/ISE/FYP/src/bird_data/raw/oenanthe_oenanthe/XC735674.mp3,19.0,22.0,-38.627365005377925,-40.0,non_bird,,,0.0,0.0,non_bird,1,nonbird_lowconf,/Users/justyna-przy/Projects/ISE/FYP/src/bird_data/clips/non_bird/oenanthe_oenanthe/XC735674__s19000__e22000.wav,
oenanthe_oenanthe,735674,Oenanthe oenanthe,/Users/justyna-przy/Projects/ISE/FYP/src/bird_data/raw/oenanthe_oenanthe/XC735674.mp3,28.0,31.0,-36.37476322465122,-40.0,non_bird,,,0.0,0.0,non_bird,0,,,
oenanthe_oenanthe,735674,Oenanthe oenanthe,/Users/justyna-przy/Projects/ISE/FYP/src/bird_data/raw/oenanthe_oenanthe/XC735674.mp3,40.0,43.0,-38.543691724539975,-40.0,non_bird,,,0.0,0.0,non_bird,0,,,
oenanthe_oenanthe,733774,Oenanthe oenanthe,/Users/justyna-przy/Projects/ISE/FYP/src/bird_data/raw/oenanthe_oenanthe/XC733774.mp3,7.0,10.0,-55.03205661472711,-40.0,non_bird,,,0.0,0.0,non_bird,1,nonbird_lowconf,/Users/justyna-przy/Projects/ISE/FYP/src/bird_data/clips/non_bird/oenanthe_oenanthe/XC733774__s7000__e10000.wav,
oenanthe_oenanthe,733773,Oenanthe oenanthe,/Users/justyna-przy/Projects/ISE/FYP/src/bird_data/raw/oenanthe_oenanthe/XC733773.mp3,1.0,4.0,-49.81409329040233,-40.0,drop,Monticola saxatilis,Rufous-tailed Rock-Thrush,0.8851670026779175,0.8851670026779175,drop,0,,,
oenanthe_oenanthe,733772,Oenanthe oenanthe,/Users/justyna-przy/Projects/ISE/FYP/src/bird_data/raw/oenanthe_oenanthe/XC733772.mp3,1.0,4.0,-45.179416234599856,-40.0,species,Oenanthe oenanthe,Northern Wheatear,0.9586554169654846,0.9586554169654846,species,1,rand_species,/Users/justyna-przy/Projects/ISE/FYP/src/bird_data/clips/species/oenanthe_oenanthe/XC733772__s1000__e4000.wav,
oenanthe_oenanthe,733341,Oenanthe oenanthe,/Users/justyna-przy/Projects/ISE/FYP/src/bird_data/raw/oenanthe_oenanthe/XC733341.mp3,4.0,7.0,-38.579262095012716,-40.0,drop,Cercotrichas galactotes,Rufous-tailed Scrub-Robin,0.637255847454071,0.637255847454071,drop,0,,,
oenanthe_oenanthe,731748,Oenanthe oenanthe,/Users/justyna-przy/Projects/ISE/FYP/src/bird_data/raw/oenanthe_oenanthe/XC731748.mp3,4.0,7.0,-27.697283291656547,-27.965394893650195,species,Oenanthe oenanthe,Northern Wheatear,0.45381516218185425,0.45381516218185425,species,1,rand_species,/Users/justyna-przy/Projects/ISE/FYP/src/bird_data/clips/species/oenanthe_oenanthe/XC731748__s4000__e7000.wav,
oenanthe_oenanthe,731083,Oenanthe oenanthe,/Users/justyna-przy/Projects/ISE/FYP/src/bird_data/raw/oenanthe_oenanthe/XC731083.mp3,1.0,4.0,-32.7027921401262,-40.0,species,Oenanthe oenanthe,Northern Wheatear,0.635495126247406,0.635495126247406,species,1,rand_species,/Users/justyna-przy/Projects/ISE/FYP/src/bird_data/clips/species/oenanthe_oenanthe/XC731083__s1000__e4000.wav,
oenanthe_oenanthe,731083,Oenanthe oenanthe,/Users/justyna-przy/Projects/ISE/FYP/src/bird_data/raw/oenanthe_oenanthe/XC731083.mp3,7.0,10.0,-23.45062353926721,-40.0,species,Oenanthe oenanthe,Northern Wheatear,0.9408944249153137,0.9408944249153137,species,1,rand_species,/Users/justyna-przy/Projects/ISE/FYP/src/bird_data/clips/species/oenanthe_oenanthe/XC731083__s7000__e10000.wav,
oenanthe_oenanthe,731083,Oenanthe oenanthe,/Users/justyna-przy/Projects/ISE/FYP/src/bird_data/raw/oenanthe_oenanthe/XC731083.mp3,16.0,19.0,-25.288870704906365,-40.0,species,Oenanthe oenanthe,Northern Wheatear,0.9417789578437805,0.9417789578437805,species,1,rand_species,/Users/justyna-przy/Projects/ISE/FYP/src/bird_data/clips/species/oenanthe_oenanthe/XC731083__s16000__e19000.wav,
oenanthe_oenanthe,731081,Oenanthe oenanthe,/Users/justyna-przy/Projects/ISE/FYP/src/bird_data/raw/oenanthe_oenanthe/XC731081.mp3,4.0,7.0,-25.92105003248749,-40.0,species,Oenanthe oenanthe,Northern Wheatear,0.9726358652114868,0.9726358652114868,species,1,rand_species,/Users/justyna-przy/Projects/ISE/FYP/src/bird_data/clips/species/oenanthe_oenanthe/XC731081__s4000__e7000.wav,
oenanthe_oenanthe,731081,Oenanthe oenanthe,/Users/justyna-przy/Projects/ISE/FYP/src/bird_data/raw/oenanthe_oenanthe/XC731081.mp3,10.0,13.0,-29.226965014736493,-40.0,species,Oenanthe oenanthe,Northern Wheatear,0.7524767518043518,0.7524767518043518,species,1,rand_species,/Users/justyna-przy/Projects/ISE/FYP/src/bird_data/clips/species/oenanthe_oenanthe/XC731081__s10000__e13000.wav,
oenanthe_oenanthe,731081,Oenanthe oenanthe,/Users/justyna-przy/Projects/ISE/FYP/src/bird_data/raw/oenanthe_oenanthe/XC731081.mp3,13.0,16.0,-38.33088460498334,-40.0,species,Oenanthe oenanthe,Northern Wheatear,0.9913615584373474,0.9913615584373474,species,0,,,
oenanthe_oenanthe,731081,Oenanthe oenanthe,/Users/justyna-przy/Projects/ISE/FYP/src/bird_data/raw/oenanthe_oenanthe/XC731081.mp3,19.0,22.0,-25.94611221416734,-40.0,species,Oenanthe oenanthe,Northern Wheatear,0.4563373327255249,0.4563373327255249,species,1,rand_species,/Users/justyna-przy/Projects/ISE/FYP/src/bird_data/clips/species/oenanthe_oenanthe/XC731081__s19000__e22000.wav,
oenanthe_oenanthe,730112,Oenanthe oenanthe,/Users/justyna-przy/Projects/ISE/FYP/src/bird_data/raw/oenanthe_oenanthe/XC730112.mp3,4.0,7.0,-18.066264656649555,-18.09382465951581,non_bird,,,0.0,0.0,non_bird,1,nonbird_lowconf,/Users/justyna-przy/Projects/ISE/FYP/src/bird_data/clips/non_bird/oenanthe_oenanthe/XC730112__s4000__e7000.wav,
oenanthe_oenanthe,730112,Oenanthe oenanthe,/Users/justyna-przy/Projects/ISE/FYP/src/bird_data/raw/oenanthe_oenanthe/XC730112.mp3,7.0,10.0,-18.06129134735093,-18.09382465951581,non_bird,,,0.0,0.0,non_bird,1,nonbird_lowconf,/Users/justyna-przy/Projects/ISE/FYP/src/bird_data/clips/non_bird/oenanthe_oenanthe/XC730112__s7000__e10000.wav,
oenanthe_oenanthe,730112,Oenanthe oenanthe,/Users/justyna-przy/Projects/ISE/FYP/src/bird_data/raw/oenanthe_oenanthe/XC730112.mp3,10.0,13.0,-18.06821146455858,-18.09382465951581,non_bird,,,0.0,0.0,non_bird,0,,,
oenanthe_oenanthe,730112,Oenanthe oenanthe,/Users/justyna-przy/Projects/ISE/FYP/src/bird_data/raw/oenanthe_oenanthe/XC730112.mp3,13.0,16.0,-18.076851479062135,-18.09382465951581,non_bird,,,0.0,0.0,non_bird,0,,,
oenanthe_oenanthe,730112,Oenanthe oenanthe,/Users/justyna-przy/Projects/ISE/FYP/src/bird_data/raw/oenanthe_oenanthe/XC730112.mp3,16.0,19.0,-18.081930745842364,-18.09382465951581,drop,Scolopax rusticola,Eurasian Woodcock,0.8050832748413086,0.8050832748413086,drop,0,,,
oenanthe_oenanthe,727142,Oenanthe oenanthe,/Users/justyna-przy/Projects/ISE/FYP/src/bird_data/raw/oenanthe_oenanthe/XC727142.mp3,1.0,4.0,-38.0597890810698,-38.15217138987277,non_bird,,,0.0,0.0,non_bird,1,nonbird_lowconf,/Users/justyna-przy/Projects/ISE/FYP/src/bird_data/clips/non_bird/oenanthe_oenanthe/XC727142__s1000__e4000.wav,
oenanthe_oenanthe,727142,Oenanthe oenanthe,/Users/justyna-przy/Projects/ISE/FYP/src/bird_data/raw/oenanthe_oenanthe/XC727142.mp3,4.0,7.0,-38.05240025631722,-38.15217138987277,non_bird,,,0.0,0.0,non_bird,1,nonbird_lowconf,/Users/justyna-przy/Projects/ISE/FYP/src/bird_data/clips/non_bird/oenanthe_oenanthe/XC727142__s4000__e7000.wav,
oenanthe_oenanthe,727142,Oenanthe oenanthe,/Users/justyna-przy/Projects/ISE/FYP/src/bird_data/raw/oenanthe_oenanthe/XC727142.mp3,7.0,10.0,-37.26468699420623,-38.15217138987277,non_bird,,,0.0,0.0,non_bird,0,,,
oenanthe_oenanthe,724831,Oenanthe oenanthe,/Users/justyna-przy/Projects/ISE/FYP/src/bird_data/raw/oenanthe_oenanthe/XC724831.mp3,1.0,4.0,-42.902534237526176,-40.0,drop,Phoenicurus ochruros,Black Redstart,0.7241535782814026,0.7241535782814026,drop,0,,,
oenanthe_oenanthe,724098,Oenanthe oenanthe,/Users/justyna-przy/Projects/ISE/FYP/src/bird_data/raw/oenanthe_oenanthe/XC724098.mp3,1.0,4.0,-38.3899044356387,-38.3899044356387,drop,Haemorhous cassinii,Cassin's Finch,0.21699784696102142,0.21699784696102142,drop,0,,,
oenanthe_oenanthe,721010,Oenanthe oenanthe,/Users/justyna-przy/Projects/ISE/FYP/src/bird_data/raw/oenanthe_oenanthe/XC721010.mp3,1.0,4.0,-32.62575357748989,-40.0,species,Oenanthe oenanthe,Northern Wheatear,0.9973964691162109,0.9973964691162109,species,0,,,
oenanthe_oenanthe,721010,Oenanthe oenanthe,/Users/justyna-przy/Projects/ISE/FYP/src/bird_data/raw/oenanthe_oenanthe/XC721010.mp3,4.0,7.0,-23.99345782629931,-40.0,species,Oenanthe oenanthe,Northern Wheatear,0.9919286966323853,0.9919286966323853,species,1,rand_species,/Users/justyna-przy/Projects/ISE/FYP/src/bird_data/clips/species/oenanthe_oenanthe/XC721010__s4000__e7000.wav,
oenanthe_oenanthe,721010,Oenanthe oenanthe,/Users/justyna-przy/Projects/ISE/FYP/src/bird_data/raw/oenanthe_oenanthe/XC721010.mp3,7.0,10.0,-28.60078197286986,-40.0,drop,Oenanthe oenanthe,Northern Wheatear,0.1623547524213791,0.1623547524213791,drop,0,,,
oenanthe_oenanthe,721010,Oenanthe oenanthe,/Users/justyna-przy/Projects/ISE/FYP/src/bird_data/raw/oenanthe_oenanthe/XC721010.mp3,10.0,13.0,-27.739413550232076,-40.0,species,Oenanthe oenanthe,Northern Wheatear,0.9804843068122864,0.9804843068122864,species,1,rand_species,/Users/justyna-przy/Projects/ISE/FYP/src/bird_data/clips/species/oenanthe_oenanthe/XC721010__s10000__e13000.wav,
oenanthe_oenanthe,721010,Oenanthe oenanthe,/Users/justyna-przy/Projects/ISE/FYP/src/bird_data/raw/oenanthe_oenanthe/XC721010.mp3,13.0,16.0,-36.28858969206306,-40.0,species,Oenanthe oenanthe,Northern Wheatear,0.9495445489883423,0.9495445489883423,species,0,,,
oenanthe_oenanthe,721010,Oenanthe oenanthe,/Users/justyna-przy/Projects/ISE/FYP/src/bird_data/raw/oenanthe_oenanthe/XC721010.mp3,25.0,28.0,-37.952512142075385,-40.0,species,Oenanthe oenanthe,Northern Wheatear,0.9669437408447266,0.9669437408447266,species,1,rand_species,/Users/justyna-przy/Projects/ISE/FYP/src/bird_data/clips/species/oenanthe_oenanthe/XC721010__s25000__e28000.wav,
oenanthe_oenanthe,721008,Oenanthe oenanthe,/Users/justyna-przy/Projects/ISE/FYP/src/bird_data/raw/oenanthe_oenanthe/XC721008.mp3,10.0,13.0,-36.368720014081255,-40.0,species,Oenanthe oenanthe,Northern Wheatear,0.9993948936462402,0.9993948936462402,species,1,rand_species,/Users/justyna-przy/Projects/ISE/FYP/src/bird_data/clips/species/oenanthe_oenanthe/XC721008__s10000__e13000.wav,
oenanthe_oenanthe,695493,Oenanthe oenanthe,/Users/justyna-przy/Projects/ISE/FYP/src/bird_data/raw/oenanthe_oenanthe/XC695493.mp3,16.0,19.0,-50.76606180553662,-40.0,non_bird,,,0.0,0.0,non_bird,1,nonbird_lowconf,/Users/justyna-przy/Projects/ISE/FYP/src/bird_data/clips/non_bird/oenanthe_oenanthe/XC695493__s16000__e19000.wav,
oenanthe_oenanthe,695491,Oenanthe oenanthe,/Users/justyna-przy/Projects/ISE/FYP/src/bird_data/raw/oenanthe_oenanthe/XC695491.mp3,19.0,22.0,-39.25419248291508,-40.0,drop,Sitta pusilla,Brown-headed Nuthatch,0.5768305063247681,0.5768305063247681,drop,0,,,
oenanthe_oenanthe,695491,Oenanthe oenanthe,/Users/justyna-przy/Projects/ISE/FYP/src/bird_data/raw/oenanthe_oenanthe/XC695491.mp3,22.0,25.0,-35.99812751053576,-40.0,non_bird,,,0.0,0.0,non_bird,1,nonbird_lowconf,/Users/justyna-przy/Projects/ISE/FYP/src/bird_data/clips/non_bird/oenanthe_oenanthe/XC695491__s22000__e25000.wav,
oenanthe_oenanthe,677721,Oenanthe oenanthe,/Users/justyna-przy/Projects/ISE/FYP/src/bird_data/raw/oenanthe_oenanthe/XC677721.mp3,1.0,4.0,-34.16611835595336,-34.16611835595336,drop,Saxicola rubetra,Whinchat,0.7006133794784546,0.7006133794784546,drop,0,,,
oenanthe_oenanthe,677566,Oenanthe oenanthe,/Users/justyna-przy/Projects/ISE/FYP/src/bird_data/raw/oenanthe_oenanthe/XC677566.mp3,1.0,4.0,-43.95792273288503,-40.0,drop,Lanius collurio,Red-backed Shrike,0.4715740382671356,0.4715740382671356,drop,0,,,
oenanthe_oenanthe,670716,Oenanthe oenanthe,/Users/justyna-przy/Projects/ISE/FYP/src/bird_data/raw/oenanthe_oenanthe/XC670716.mp3,1.0,4.0,-38.04871433830939,-40.0,species,Oenanthe oenanthe,Northern Wheatear,0.9979963898658752,0.9979963898658752,species,1,rand_species,/Users/justyna-przy/Projects/ISE/FYP/src/bird_data/clips/species/oenanthe_oenanthe/XC670716__s1000__e4000.wav,
oenanthe_oenanthe,670716,Oenanthe oenanthe,/Users/justyna-przy/Projects/ISE/FYP/src/bird_data/raw/oenanthe_oenanthe/XC670716.mp3,7.0,10.0,-39.40403446786148,-40.0,species,Oenanthe oenanthe,Northern Wheatear,0.9991999268531799,0.9991999268531799,species,1,rand_species,/Users/justyna-przy/Projects/ISE/FYP/src/bird_data/clips/species/oenanthe_oenanthe/XC670716__s7000__e10000.wav,
oenanthe_oenanthe,670093,Oenanthe oenanthe,/Users/justyna-przy/Projects/ISE/FYP/src/bird_data/raw/oenanthe_oenanthe/XC670093.mp3,1.0,4.0,-12.931070782923516,-13.76137884875005,drop,Oenanthe oenanthe,Northern Wheatear,0.21487413346767426,0.21487413346767426,drop,0,,,
oenanthe_oenanthe,670093,Oenanthe oenanthe,/Users/justyna-przy/Projects/ISE/FYP/src/bird_data/raw/oenanthe_oenanthe/XC670093.mp3,4.0,7.0,-13.194456458200449,-13.76137884875005,non_bird,,,0.0,0.0,non_bird,1,nonbird_lowconf,/Users/justyna-przy/Projects/ISE/FYP/src/bird_data/clips/non_bird/oenanthe_oenanthe/XC670093__s4000__e7000.wav,
oenanthe_oenanthe,670093,Oenanthe oenanthe,/Users/justyna-przy/Projects/ISE/FYP/src/bird_data/raw/oenanthe_oenanthe/XC670093.mp3,7.0,10.0,-12.119155252658512,-13.76137884875005,species,Oenanthe oenanthe,Northern Wheatear,0.6088435053825378,0.6088435053825378,species,1,rand_species,/Users/justyna-przy/Projects/ISE/FYP/src/bird_data/clips/species/oenanthe_oenanthe/XC670093__s7000__e10000.wav,
oenanthe_oenanthe,670093,Oenanthe oenanthe,/Users/justyna-przy/Projects/ISE/FYP/src/bird_data/raw/oenanthe_oenanthe/XC670093.mp3,10.0,13.0,-13.748846766037309,-13.76137884875005,species,Oenanthe oenanthe,Northern Wheatear,0.9045121669769287,0.9045121669769287,species,1,rand_species,/Users/justyna-przy/Projects/ISE/FYP/src/bird_data/clips/species/oenanthe_oenanthe/XC670093__s10000__e13000.wav,
oenanthe_oenanthe,670093,Oenanthe oenanthe,/Users/justyna-przy/Projects/ISE/FYP/src/bird_data/raw/oenanthe_oenanthe/XC670093.mp3,19.0,22.0,-13.661907678621043,-13.76137884875005,species,Oenanthe oenanthe,Northern Wheatear,0.5968422889709473,0.5968422889709473,species,1,rand_species,/Users/justyna-przy/Projects/ISE/FYP/src/bird_data/clips/species/oenanthe_oenanthe/XC670093__s19000__e22000.wav,
oenanthe_oenanthe,660251,Oenanthe oenanthe,/Users/justyna-przy/Projects/ISE/FYP/src/bird_data/raw/oenanthe_oenanthe/XC660251.mp3,4.0,7.0,-32.11089564351386,-32.11142905631699,drop,Mergus serrator,Red-breasted Merganser,0.12314916402101517,0.12314916402101517,drop,0,,,
oenanthe_oenanthe,660251,Oenanthe oenanthe,/Users/justyna-przy/Projects/ISE/FYP/src/bird_data/raw/oenanthe_oenanthe/XC660251.mp3,7.0,10.0,-31.05514740590433,-32.11142905631699,drop,Colius colius,White-backed Mousebird,0.11135075241327286,0.11135075241327286,drop,0,,,
oenanthe_oenanthe,658261,Oenanthe oenanthe,/Users/justyna-przy/Projects/ISE/FYP/src/bird_data/raw/oenanthe_oenanthe/XC658261.mp3,1.0,4.0,-34.916593829130306,-40.0,species,Oenanthe oenanthe,Northern Wheatear,0.996967613697052,0.996967613697052,species,1,rand_species,/Users/justyna-przy/Projects/ISE/FYP/src/bird_data/clips/species/oenanthe_oenanthe/XC658261__s1000__e4000.wav,
oenanthe_oenanthe,658261,Oenanthe oenanthe,/Users/justyna-przy/Projects/ISE/FYP/src/bird_data/raw/oenanthe_oenanthe/XC658261.mp3,4.0,7.0,-37.78046566587622,-40.0,species,Oenanthe oenanthe,Northern Wheatear,0.9960206151008606,0.9960206151008606,species,1,rand_species,/Users/justyna-przy/Projects/ISE/FYP/src/bird_data/clips/species/oenanthe_oenanthe/XC658261__s4000__e7000.wav,
oenanthe_oenanthe,658261,Oenanthe oenanthe,/Users/justyna-przy/Projects/ISE/FYP/src/bird_data/raw/oenanthe_oenanthe/XC658261.mp3,10.0,13.0,-38.13117586986146,-40.0,species,Oenanthe oenanthe,Northern Wheatear,0.9959398508071899,0.9959398508071899,species,1,rand_species,/Users/justyna-przy/Projects/ISE/FYP/src/bird_data/clips/species/oenanthe_oenanthe/XC658261__s10000__e13000.wav,
oenanthe_oenanthe,655840,Oenanthe oenanthe,/Users/justyna-przy/Projects/ISE/FYP/src/bird_data/raw/oenanthe_oenanthe/XC655840.mp3,1.0,4.0,-18.219188345044845,-29.398309120538613,species,Oenanthe oenanthe,Northern Wheatear,0.9503405094146729,0.9503405094146729,species,0,,,
oenanthe_oenanthe,655840,Oenanthe oenanthe,/Users/justyna-przy/Projects/ISE/FYP/src/bird_data/raw/oenanthe_oenanthe/XC655840.mp3,4.0,7.0,-22.75497756734318,-29.398309120538613,species,Oenanthe oenanthe,Northern Wheatear,0.9917279481887817,0.9917279481887817,species,1,rand_species,/Users/justyna-przy/Projects/ISE/FYP/src/bird_data/clips/species/oenanthe_oenanthe/XC655840__s4000__e7000.wav,
oenanthe_oenanthe,655840,Oenanthe oenanthe,/Users/justyna-przy/Projects/ISE/FYP/src/bird_data/raw/oenanthe_oenanthe/XC655840.mp3,10.0,13.0,-23.300424621279596,-29.398309120538613,species,Oenanthe oenanthe,Northern Wheatear,0.9581543803215027,0.9581543803215027,species,1,rand_species,/Users/justyna-przy/Projects/ISE/FYP/src/bird_data/clips/species/oenanthe_oenanthe/XC655840__s10000__e13000.wav,
oenanthe_oenanthe,655840,Oenanthe oenanthe,/Users/justyna-przy/Projects/ISE/FYP/src/bird_data/raw/oenanthe_oenanthe/XC655840.mp3,13.0,16.0,-28.694179577659323,-29.398309120538613,non_bird,,,0.0,0.0,non_bird,1,nonbird_lowconf,/Users/justyna-przy/Projects/ISE/FYP/src/bird_data/clips/non_bird/oenanthe_oenanthe/XC655840__s13000__e16000.wav,
oenanthe_oenanthe,655840,Oenanthe oenanthe,/Users/justyna-przy/Projects/ISE/FYP/src/bird_data/raw/oenanthe_oenanthe/XC655840.mp3,19.0,22.0,-24.181617662289973,-29.398309120538613,drop,Curruca undata,Dartford Warbler,0.5864349007606506,0.5864349007606506,drop,0,,,
oenanthe_oenanthe,655840,Oenanthe oenanthe,/Users/justyna-przy/Projects/ISE/FYP/src/bird_data/raw/oenanthe_oenanthe/XC655840.mp3,22.0,25.0,-20.88831842988575,-29.398309120538613,species,Oenanthe oenanthe,Northern Wheatear,0.4121575355529785,0.4121575355529785,species,0,,,
oenanthe_oenanthe,655840,Oenanthe oenanthe,/Users/justyna-przy/Projects/ISE/FYP/src/bird_data/raw/oenanthe_oenanthe/XC655840.mp3,28.0,31.0,-21.926165338162022,-29.398309120538613,species,Oenanthe oenanthe,Northern Wheatear,0.980782687664032,0.980782687664032,species,0,,,
oenanthe_oenanthe,655840,Oenanthe oenanthe,/Users/justyna-przy/Projects/ISE/FYP/src/bird_data/raw/oenanthe_oenanthe/XC655840.mp3,31.0,34.0,-20.1457962743184,-29.398309120538613,species,Oenanthe oenanthe,Northern Wheatear,0.8234402537345886,0.8234402537345886,species,1,rand_species,/Users/justyna-przy/Projects/ISE/FYP/src/bird_data/clips/species/oenanthe_oenanthe/XC655840__s31000__e34000.wav,
oenanthe_oenanthe,653698,Oenanthe oenanthe,/Users/justyna-przy/Projects/ISE/FYP/src/bird_data/raw/oenanthe_oenanthe/XC653698.mp3,4.0,7.0,-48.16254833177156,-40.0,drop,Tringa ochropus,Green Sandpiper,0.40337127447128296,0.40337127447128296,drop,0,,,
oenanthe_oenanthe,653126,Oenanthe oenanthe,/Users/justyna-przy/Projects/ISE/FYP/src/bird_data/raw/oenanthe_oenanthe/XC653126.mp3,4.0,7.0,-53.28276550000307,-40.0,species,Oenanthe oenanthe,Northern Wheatear,0.9909675717353821,0.9909675717353821,species,1,rand_species,/Users/justyna-przy/Projects/ISE/FYP/src/bird_data/clips/species/oenanthe_oenanthe/XC653126__s4000__e7000.wav,
oenanthe_oenanthe,650264,Oenanthe oenanthe,/Users/justyna-przy/Projects/ISE/FYP/src/bird_data/raw/oenanthe_oenanthe/XC650264.mp3,10.0,13.0,-43.947143116672535,-40.0,species,Oenanthe oenanthe,Northern Wheatear,0.9785014986991882,0.9785014986991882,species,1,rand_species,/Users/justyna-przy/Projects/ISE/FYP/src/bird_data/clips/species/oenanthe_oenanthe/XC650264__s10000__e13000.wav,
oenanthe_oenanthe,649773,Oenanthe oenanthe,/Users/justyna-przy/Projects/ISE/FYP/src/bird_data/raw/oenanthe_oenanthe/XC649773.mp3,4.0,7.0,-19.886905152217643,-28.060456665099043,drop,Curruca conspicillata,Spectacled Warbler,0.14066997170448303,0.14066997170448303,drop,0,,,
oenanthe_oenanthe,645485,Oenanthe oenanthe,/Users/justyna-przy/Projects/ISE/FYP/src/bird_data/raw/oenanthe_oenanthe/XC645485.mp3,1.0,4.0,-71.8561975591829,-40.0,non_bird,,,0.0,0.0,non_bird,1,nonbird_lowconf,/Users/justyna-przy/Projects/ISE/FYP/src/bird_data/clips/non_bird/oenanthe_oenanthe/XC645485__s1000__e4000.wav,
oenanthe_oenanthe,641815,Oenanthe oenanthe,/Users/justyna-przy/Projects/ISE/FYP/src/bird_data/raw/oenanthe_oenanthe/XC641815.mp3,4.0,7.0,-39.43937017817656,-39.94902903261008,species,Oenanthe oenanthe,Northern Wheatear,0.7587732076644897,0.7587732076644897,species,1,rand_species,/Users/justyna-przy/Projects/ISE/FYP/src/bird_data/clips/species/oenanthe_oenanthe/XC641815__s4000__e7000.wav,
oenanthe_oenanthe,641815,Oenanthe oenanthe,/Users/justyna-przy/Projects/ISE/FYP/src/bird_data/raw/oenanthe_oenanthe/XC641815.mp3,7.0,10.0,-38.83202850136484,-39.94902903261008,species,Oenanthe oenanthe,Northern Wheatear,0.7235434651374817,0.7235434651374817,species,1,rand_species,/Users/justyna-przy/Projects/ISE/FYP/src/bird_data/clips/species/oenanthe_oenanthe/XC641815__s7000__e10000.wav,
oenanthe_oenanthe,613784,Oenanthe oenanthe,/Users/justyna-przy/Projects/ISE/FYP/src/bird_data/raw/oenanthe_oenanthe/XC613784.mp3,13.0,16.0,-46.35546909098365,-40.0,drop,Salpinctes obsoletus,Rock Wren,0.14314109086990356,0.14314109086990356,drop,0,,,
oenanthe_oenanthe,584372,Oenanthe oenanthe,/Users/justyna-przy/Projects/ISE/FYP/src/bird_data/raw/oenanthe_oenanthe/XC584372.mp3,1.0,4.0,-34.79755672406915,-40.0,drop,Curruca iberiae,Western Subalpine Warbler,0.7196906208992004,0.7196906208992004,drop,0,,,
oenanthe_oenanthe,584371,Oenanthe oenanthe,/Users/justyna-przy/Projects/ISE/FYP/src/bird_data/raw/oenanthe_oenanthe/XC584371.mp3,1.0,4.0,-30.995544900261148,-40.0,drop,Curruca iberiae,Western Subalpine Warbler,0.37148624658584595,0.37148624658584595,drop,0,,,
oenanthe_oenanthe,580004,Oenanthe oenanthe,/Users/justyna-przy/Projects/ISE/FYP/src/bird_data/raw/oenanthe_oenanthe/XC580004.mp3,4.0,7.0,-36.60321273837731,-40.0,species,Oenanthe oenanthe,Northern Wheatear,0.9868068099021912,0.9868068099021912,species,1,rand_species,/Users/justyna-przy/Projects/ISE/FYP/src/bird_data/clips/species/oenanthe_oenanthe/XC580004__s4000__e7000.wav,
oenanthe_oenanthe,577771,Oenanthe oenanthe,/Users/justyna-przy/Projects/ISE/FYP/src/bird_data/raw/oenanthe_oenanthe/XC577771.mp3,1.0,4.0,-27.186030670428003,-31.70711652861252,species,Oenanthe oenanthe,Northern Wheatear,0.9625787138938904,0.9625787138938904,species,0,,,
oenanthe_oenanthe,577771,Oenanthe oenanthe,/Users/justyna-przy/Projects/ISE/FYP/src/bird_data/raw/oenanthe_oenanthe/XC577771.mp3,4.0,7.0,-25.962472963331756,-31.70711652861252,species,Oenanthe oenanthe,Northern Wheatear,0.9867855906486511,0.9867855906486511,species,1,rand_species,/Users/justyna-przy/Projects/ISE/FYP/src/bird_data/clips/species/oenanthe_oenanthe/XC577771__s4000__e7000.wav,
oenanthe_oenanthe,577771,Oenanthe oenanthe,/Users/justyna-przy/Projects/ISE/FYP/src/bird_data/raw/oenanthe_oenanthe/XC577771.mp3,7.0,10.0,-30.85313076211993,-31.70711652861252,species,Oenanthe oenanthe,Northern Wheatear,0.9617823362350464,0.9617823362350464,species,1,rand_species,/Users/justyna-przy/Projects/ISE/FYP/src/bird_data/clips/species/oenanthe_oenanthe/XC577771__s7000__e10000.wav,
oenanthe_oenanthe,577771,Oenanthe oenanthe,/Users/justyna-przy/Projects/ISE/FYP/src/bird_data/raw/oenanthe_oenanthe/XC577771.mp3,10.0,13.0,-30.297782224029397,-31.70711652861252,species,Oenanthe oenanthe,Northern Wheatear,0.9808200001716614,0.9808200001716614,species,1,rand_species,/Users/justyna-przy/Projects/ISE/FYP/src/bird_data/clips/species/oenanthe_oenanthe/XC577771__s10000__e13000.wav,
oenanthe_oenanthe,577771,Oenanthe oenanthe,/Users/justyna-przy/Projects/ISE/FYP/src/bird_data/raw/oenanthe_oenanthe/XC577771.mp3,19.0,22.0,-29.859998282625924,-31.70711652861252,drop,Oenanthe oenanthe,Northern Wheatear,0.2656652331352234,0.2656652331352234,drop,0,,,
oenanthe_oenanthe,577304,Oenanthe oenanthe,/Users/justyna-przy/Projects/ISE/FYP/src/bird_data/raw/oenanthe_oenanthe/XC577304.mp3,4.0,7.0,-33.128785555789236,-35.111450181168706,species,Oenanthe oenanthe,Northern Wheatear,0.8904719948768616,0.8904719948768616,species,1,rand_species,/Users/justyna-przy/Projects/ISE/FYP/src/bird_data/clips/species/oenanthe_oenanthe/XC577304__s4000__e7000.wav,
oenanthe_oenanthe,577304,Oenanthe oenanthe,/Users/justyna-przy/Projects/ISE/FYP/src/bird_data/raw/oenanthe_oenanthe/XC577304.mp3,7.0,10.0,-34.035913984318505,-35.111450181168706,species,Oenanthe oenanthe,Northern Wheatear,0.6914650797843933,0.6914650797843933,species,1,rand_species,/Users/justyna-przy/Projects/ISE/FYP/src/bird_data/clips/species/oenanthe_oenanthe/XC577304__s7000__e10000.wav,
oenanthe_oenanthe,577304,Oenanthe oenanthe,/Users/justyna-przy/Projects/ISE/FYP/src/bird_data/raw/oenanthe_oenanthe/XC577304.mp3,10.0,13.0,-33.653109193265394,-35.111450181168706,species,Oenanthe oenanthe,Northern Wheatear,0.8902044892311096,0.8902044892311096,species,0,,,
oenanthe_oenanthe,577304,Oenanthe oenanthe,/Users/justyna-przy/Projects/ISE/FYP/src/bird_data/raw/oenanthe_oenanthe/XC577304.mp3,19.0,22.0,-35.005225473049336,-35.111450181168706,species,Oenanthe oenanthe,Northern Wheatear,0.8021467924118042,0.8021467924118042,species,0,,,
oenanthe_oenanthe,577304,Oenanthe oenanthe,/Users/justyna-przy/Projects/ISE/FYP/src/bird_data/raw/oenanthe_oenanthe/XC577304.mp3,25.0,28.0,-33.00342583369132,-35.111450181168706,species,Oenanthe oenanthe,Northern Wheatear,0.7923990488052368,0.7923990488052368,species,1,rand_species,/Users/justyna-przy/Projects/ISE/FYP/src/bird_data/clips/species/oenanthe_oenanthe/XC577304__s25000__e28000.wav,
oenanthe_oenanthe,577304,Oenanthe oenanthe,/Users/justyna-przy/Projects/ISE/FYP/src/bird_data/raw/oenanthe_oenanthe/XC577304.mp3,28.0,31.0,-31.1086862826226,-35.111450181168706,drop,Monticola solitarius,Blue Rock-Thrush,0.7750908136367798,0.7750908136367798,drop,0,,,
oenanthe_oenanthe,577304,Oenanthe oenanthe,/Users/justyna-przy/Projects/ISE/FYP/src/bird_data/raw/oenanthe_oenanthe/XC577304.mp3,31.0,34.0,-34.463903235420645,-35.111450181168706,species,Oenanthe oenanthe,Northern Wheatear,0.4743114709854126,0.4743114709854126,species,0,,,
oenanthe_oenanthe,577304,Oenanthe oenanthe,/Users/justyna-przy/Projects/ISE/FYP/src/bird_data/raw/oenanthe_oenanthe/XC577304.mp3,34.0,37.0,-34.981201965826436,-35.111450181168706,drop,Oenanthe oenanthe,Northern Wheatear,0.24021609127521515,0.24021609127521515,drop,0,,,
oenanthe_oenanthe,570447,Oenanthe oenanthe,/Users/justyna-przy/Projects/ISE/FYP/src/bird_data/raw/oenanthe_oenanthe/XC570447.mp3,10.0,13.0,-41.74678737307712,-40.0,species,Oenanthe oenanthe,Northern Wheatear,0.9910059571266174,0.9910059571266174,species,1,rand_species,/Users/justyna-przy/Projects/ISE/FYP/src/bird_data/clips/species/oenanthe_oenanthe/XC570447__s10000__e13000.wav,
oenanthe_oenanthe,570424,Oenanthe oenanthe,/Users/justyna-przy/Projects/ISE/FYP/src/bird_data/raw/oenanthe_oenanthe/XC570424.mp3,16.0,19.0,-37.393430401664816,-40.0,drop,Galerida theklae,Thekla's Lark,0.31868305802345276,0.31868305802345276,drop,0,,,
oenanthe_oenanthe,570424,Oenanthe oenanthe,/Users/justyna-przy/Projects/ISE/FYP/src/bird_data/raw/oenanthe_oenanthe/XC570424.mp3,25.0,28.0,-39.85879743794947,-40.0,species,Oenanthe oenanthe,Northern Wheatear,0.7085632681846619,0.7085632681846619,species,1,rand_species,/Users/justyna-przy/Projects/ISE/FYP/src/bird_data/clips/species/oenanthe_oenanthe/XC570424__s25000__e28000.wav,
oenanthe_oenanthe,570424,Oenanthe oenanthe,/Users/justyna-przy/Projects/ISE/FYP/src/bird_data/raw/oenanthe_oenanthe/XC570424.mp3,37.0,40.0,-39.770002293483216,-40.0,species,Oenanthe oenanthe,Northern Wheatear,0.931255578994751,0.931255578994751,species,1,rand_species,/Users/justyna-przy/Projects/ISE/FYP/src/bird_data/clips/species/oenanthe_oenanthe/XC570424__s37000__e40000.wav,
oenanthe_oenanthe,570424,Oenanthe oenanthe,/Users/justyna-przy/Projects/ISE/FYP/src/bird_data/raw/oenanthe_oenanthe/XC570424.mp3,43.0,46.0,-36.391742284699134,-40.0,species,Oenanthe oenanthe,Northern Wheatear,0.9294647574424744,0.9294647574424744,species,1,rand_species,/Users/justyna-przy/Projects/ISE/FYP/src/bird_data/clips/species/oenanthe_oenanthe/XC570424__s43000__e46000.wav,
oenanthe_oenanthe,569377,Oenanthe oenanthe,/Users/justyna-przy/Projects/ISE/FYP/src/bird_data/raw/oenanthe_oenanthe/XC569377.mp3,1.0,4.0,-38.34331120390306,-40.0,drop,Oenanthe oenanthe,Northern Wheatear,0.19698163866996765,0.19698163866996765,drop,0,,,
oenanthe_oenanthe,569376,Oenanthe oenanthe,/Users/justyna-przy/Projects/ISE/FYP/src/bird_data/raw/oenanthe_oenanthe/XC569376.mp3,34.0,37.0,-38.100238414119275,-40.0,drop,Oenanthe oenanthe,Northern Wheatear,0.1117917075753212,0.1117917075753212,drop,0,,,
oenanthe_oenanthe,569269,Oenanthe oenanthe,/Users/justyna-przy/Projects/ISE/FYP/src/bird_data/raw/oenanthe_oenanthe/XC569269.mp3,1.0,4.0,-37.56808178281509,-40.0,species,Oenanthe oenanthe,Northern Wheatear,0.5095711946487427,0.5095711946487427,species,1,rand_species,/Users/justyna-przy/Projects/ISE/FYP/src/bird_data/clips/species/oenanthe_oenanthe/XC569269__s1000__e4000.wav,
oenanthe_oenanthe,569091,Oenanthe oenanthe,/Users/justyna-przy/Projects/ISE/FYP/src/bird_data/raw/oenanthe_oenanthe/XC569091.mp3,1.0,4.0,-33.25836015229542,-40.0,species,Oenanthe oenanthe,Northern Wheatear,0.9801746606826782,0.9801746606826782,species,0,,,
oenanthe_oenanthe,569091,Oenanthe oenanthe,/Users/justyna-przy/Projects/ISE/FYP/src/bird_data/raw/oenanthe_oenanthe/XC569091.mp3,13.0,16.0,-35.39623692431612,-40.0,species,Oenanthe oenanthe,Northern Wheatear,0.9924411773681641,0.9924411773681641,species,0,,,
oenanthe_oenanthe,569091,Oenanthe oenanthe,/Users/justyna-przy/Projects/ISE/FYP/src/bird_data/raw/oenanthe_oenanthe/XC569091.mp3,22.0,25.0,-38.55075691114429,-40.0,species,Oenanthe oenanthe,Northern Wheatear,0.9858799576759338,0.9858799576759338,species,0,,,
oenanthe_oenanthe,569091,Oenanthe oenanthe,/Users/justyna-przy/Projects/ISE/FYP/src/bird_data/raw/oenanthe_oenanthe/XC569091.mp3,25.0,28.0,-35.216593122110204,-40.0,species,Oenanthe oenanthe,Northern Wheatear,0.9967657327651978,0.9967657327651978,species,1,rand_species,/Users/justyna-przy/Projects/ISE/FYP/src/bird_data/clips/species/oenanthe_oenanthe/XC569091__s25000__e28000.wav,
oenanthe_oenanthe,569091,Oenanthe oenanthe,/Users/justyna-przy/Projects/ISE/FYP/src/bird_data/raw/oenanthe_oenanthe/XC569091.mp3,31.0,34.0,-36.89357905782737,-40.0,species,Oenanthe oenanthe,Northern Wheatear,0.9873582124710083,0.9873582124710083,species,1,rand_species,/Users/justyna-przy/Projects/ISE/FYP/src/bird_data/clips/species/oenanthe_oenanthe/XC569091__s31000__e34000.wav,
oenanthe_oenanthe,569091,Oenanthe oenanthe,/Users/justyna-przy/Projects/ISE/FYP/src/bird_data/raw/oenanthe_oenanthe/XC569091.mp3,40.0,43.0,-34.01909309028425,-40.0,species,Oenanthe oenanthe,Northern Wheatear,0.9805176854133606,0.9805176854133606,species,0,,,
oenanthe_oenanthe,569091,Oenanthe oenanthe,/Users/justyna-przy/Projects/ISE/FYP/src/bird_data/raw/oenanthe_oenanthe/XC569091.mp3,43.0,46.0,-38.25923985870559,-40.0,species,Oenanthe oenanthe,Northern Wheatear,0.9851846694946289,0.9851846694946289,species,1,rand_species,/Users/justyna-przy/Projects/ISE/FYP/src/bird_data/clips/species/oenanthe_oenanthe/XC569091__s43000__e46000.wav,
oenanthe_oenanthe,569090,Oenanthe oenanthe,/Users/justyna-przy/Projects/ISE/FYP/src/bird_data/raw/oenanthe_oenanthe/XC569090.mp3,1.0,4.0,-35.920558057673226,-36.4891069273427,species,Oenanthe oenanthe,Northern Wheatear,0.9955444931983948,0.9955444931983948,species,1,rand_species,/Users/justyna-przy/Projects/ISE/FYP/src/bird_data/clips/species/oenanthe_oenanthe/XC569090__s1000__e4000.wav,
oenanthe_oenanthe,569090,Oenanthe oenanthe,/Users/justyna-przy/Projects/ISE/FYP/src/bird_data/raw/oenanthe_oenanthe/XC569090.mp3,4.0,7.0,-36.403747392373226,-36.4891069273427,species,Oenanthe oenanthe,Northern Wheatear,0.9920200705528259,0.9920200705528259,species,1,rand_species,/Users/justyna-przy/Projects/ISE/FYP/src/bird_data/clips/species/oenanthe_oenanthe/XC569090__s4000__e7000.wav,
oenanthe_oenanthe,569089,Oenanthe oenanthe,/Users/justyna-przy/Projects/ISE/FYP/src/bird_data/raw/oenanthe_oenanthe/XC569089.mp3,4.0,7.0,-34.02957354910816,-40.0,species,Oenanthe oenanthe,Northern Wheatear,0.7846097350120544,0.7846097350120544,species,1,rand_species,/Users/justyna-przy/Projects/ISE/FYP/src/bird_data/clips/species/oenanthe_oenanthe/XC569089__s4000__e7000.wav,
oenanthe_oenanthe,569089,Oenanthe oenanthe,/Users/justyna-przy/Projects/ISE/FYP/src/bird_data/raw/oenanthe_oenanthe/XC569089.mp3,7.0,10.0,-33.23811411505932,-40.0,species,Oenanthe oenanthe,Northern Wheatear,0.43982627987861633,0.43982627987861633,species,1,rand_species,/Users/justyna-przy/Projects/ISE/FYP/src/bird_data/clips/species/oenanthe_oenanthe/XC569089__s7000__e10000.wav,
oenanthe_oenanthe,569088,Oenanthe oenanthe,/Users/justyna-przy/Projects/ISE/FYP/src/bird_data/raw/oenanthe_oenanthe/XC569088.mp3,1.0,4.0,-42.7657334523023,-40.0,species,Oenanthe oenanthe,Northern Wheatear,0.9962582588195801,0.9962582588195801,species,1,rand_species,/Users/justyna-przy/Projects/ISE/FYP/src/bird_data/clips/species/oenanthe_oenanthe/XC569088__s1000__e4000.wav,
oenanthe_oenanthe,569087,Oenanthe oenanthe,/Users/justyna-przy/Projects/ISE/FYP/src/bird_data/raw/oenanthe_oenanthe/XC569087.mp3,1.0,4.0,-36.92495502837335,-36.92495502837335,species,Oenanthe oenanthe,Northern Wheatear,0.9961482286453247,0.9961482286453247,species,1,rand_species,/Users/justyna-przy/Projects/ISE/FYP/src/bird_data/clips/species/oenanthe_oenanthe/XC569087__s1000__e4000.wav,
oenanthe_oenanthe,569084,Oenanthe oenanthe,/Users/justyna-przy/Projects/ISE/FYP/src/bird_data/raw/oenanthe_oenanthe/XC569084.mp3,4.0,7.0,-36.65653827858364,-40.0,species,Oenanthe oenanthe,Northern Wheatear,0.9888339638710022,0.9888339638710022,species,1,rand_species,/Users/justyna-przy/Projects/ISE/FYP/src/bird_data/clips/species/oenanthe_oenanthe/XC569084__s4000__e7000.wav,
oenanthe_oenanthe,569082,Oenanthe oenanthe,/Users/justyna-przy/Projects/ISE/FYP/src/bird_data/raw/oenanthe_oenanthe/XC569082.mp3,13.0,16.0,-39.96500008496605,-40.0,species,Oenanthe oenanthe,Northern Wheatear,0.5372684001922607,0.5372684001922607,species,1,rand_species,/Users/justyna-przy/Projects/ISE/FYP/src/bird_data/clips/species/oenanthe_oenanthe/XC569082__s13000__e16000.wav,
oenanthe_oenanthe,555839,Oenanthe oenanthe,/Users/justyna-przy/Projects/ISE/FYP/src/bird_data/raw/oenanthe_oenanthe/XC555839.mp3,4.0,7.0,-55.24584313162562,-40.0,species,Oenanthe oenanthe,Northern Wheatear,0.3504905700683594,0.3504905700683594,species,1,rand_species,/Users/justyna-przy/Projects/ISE/FYP/src/bird_data/clips/species/oenanthe_oenanthe/XC555839__s4000__e7000.wav,
oenanthe_oenanthe,549093,Oenanthe oenanthe,/Users/justyna-przy/Projects/ISE/FYP/src/bird_data/raw/oenanthe_oenanthe/XC549093.mp3,1.0,4.0,-37.83361622201707,-38.11372218626712,drop,Oenanthe oenanthe,Northern Wheatear,0.1207994595170021,0.1207994595170021,drop,0,,,
oenanthe_oenanthe,549093,Oenanthe oenanthe,/Users/justyna-przy/Projects/ISE/FYP/src/bird_data/raw/oenanthe_oenanthe/XC549093.mp3,7.0,10.0,-36.32978145737241,-38.11372218626712,drop,Oenanthe oenanthe,Northern Wheatear,0.1757114976644516,0.1757114976644516,drop,0,,,
oenanthe_oenanthe,549093,Oenanthe oenanthe,/Users/justyna-przy/Projects/ISE/FYP/src/bird_data/raw/oenanthe_oenanthe/XC549093.mp3,10.0,13.0,-35.21767613439662,-38.11372218626712,drop,Luscinia svecica,Bluethroat,0.11533702909946442,0.11533702909946442,drop,0,,,
oenanthe_oenanthe,549093,Oenanthe oenanthe,/Users/justyna-przy/Projects/ISE/FYP/src/bird_data/raw/oenanthe_oenanthe/XC549093.mp3,13.0,16.0,-28.481441097629304,-38.11372218626712,species,Oenanthe oenanthe,Northern Wheatear,0.9844877123832703,0.9844877123832703,species,1,rand_species,/Users/justyna-przy/Projects/ISE/FYP/src/bird_data/clips/species/oenanthe_oenanthe/XC549093__s13000__e16000.wav,
oenanthe_oenanthe,546995,Oenanthe oenanthe,/Users/justyna-przy/Projects/ISE/FYP/src/bird_data/raw/oenanthe_oenanthe/XC546995.mp3,1.0,4.0,-42.30948450867072,-40.0,drop,Saxicola rubetra,Whinchat,0.23458433151245117,0.23458433151245117,drop,0,,,
oenanthe_oenanthe,498030,Oenanthe oenanthe,/Users/justyna-przy/Projects/ISE/FYP/src/bird_data/raw/oenanthe_oenanthe/XC498030.mp3,1.0,4.0,-38.273770945318255,-40.0,drop,Anthus trivialis,Tree Pipit,0.3714267313480377,0.3714267313480377,drop,0,,,
oenanthe_oenanthe,498030,Oenanthe oenanthe,/Users/justyna-przy/Projects/ISE/FYP/src/bird_data/raw/oenanthe_oenanthe/XC498030.mp3,25.0,28.0,-29.55346390303935,-40.0,non_bird,,,0.0,0.0,non_bird,1,nonbird_lowconf,/Users/justyna-przy/Projects/ISE/FYP/src/bird_data/clips/non_bird/oenanthe_oenanthe/XC498030__s25000__e28000.wav,
oenanthe_oenanthe,485343,Oenanthe oenanthe,/Users/justyna-przy/Projects/ISE/FYP/src/bird_data/raw/oenanthe_oenanthe/XC485343.mp3,1.0,4.0,-21.226530424727002,-26.157821740824414,species,Oenanthe oenanthe,Northern Wheatear,0.7771226167678833,0.7771226167678833,species,1,rand_species,/Users/justyna-przy/Projects/ISE/FYP/src/bird_data/clips/species/oenanthe_oenanthe/XC485343__s1000__e4000.wav,
oenanthe_oenanthe,485343,Oenanthe oenanthe,/Users/justyna-przy/Projects/ISE/FYP/src/bird_data/raw/oenanthe_oenanthe/XC485343.mp3,4.0,7.0,-25.764900946716644,-26.157821740824414,species,Oenanthe oenanthe,Northern Wheatear,0.8477687239646912,0.8477687239646912,species,1,rand_species,/Users/justyna-przy/Projects/ISE/FYP/src/bird_data/clips/species/oenanthe_oenanthe/XC485343__s4000__e7000.wav,
oenanthe_oenanthe,485341,Oenanthe oenanthe,/Users/justyna-przy/Projects/ISE/FYP/src/bird_data/raw/oenanthe_oenanthe/XC485341.mp3,1.0,4.0,-19.718569500738163,-20.400629268315072,species,Oenanthe oenanthe,Northern Wheatear,0.8912591934204102,0.8912591934204102,species,1,rand_species,/Users/justyna-przy/Projects/ISE/FYP/src/bird_data/clips/species/oenanthe_oenanthe/XC485341__s1000__e4000.wav,
oenanthe_oenanthe,485340,Oenanthe oenanthe,/Users/justyna-przy/Projects/ISE/FYP/src/bird_data/raw/oenanthe_oenanthe/XC485340.mp3,4.0,7.0,-25.27737185798266,-26.825402259447777,species,Oenanthe oenanthe,Northern Wheatear,0.9227439165115356,0.9227439165115356,species,0,,,
oenanthe_oenanthe,485340,Oenanthe oenanthe,/Users/justyna-przy/Projects/ISE/FYP/src/bird_data/raw/oenanthe_oenanthe/XC485340.mp3,13.0,16.0,-23.684110411286056,-26.825402259447777,species,Oenanthe oenanthe,Northern Wheatear,0.9727229475975037,0.9727229475975037,species,0,,,
oenanthe_oenanthe,485340,Oenanthe oenanthe,/Users/justyna-przy/Projects/ISE/FYP/src/bird_data/raw/oenanthe_oenanthe/XC485340.mp3,16.0,19.0,-24.63361602596109,-26.825402259447777,species,Oenanthe oenanthe,Northern Wheatear,0.9545316100120544,0.9545316100120544,species,1,rand_species,/Users/justyna-przy/Projects/ISE/FYP/src/bird_data/clips/species/oenanthe_oenanthe/XC485340__s16000__e19000.wav,
oenanthe_oenanthe,485340,Oenanthe oenanthe,/Users/justyna-przy/Projects/ISE/FYP/src/bird_data/raw/oenanthe_oenanthe/XC485340.mp3,19.0,22.0,-26.32004618808554,-26.825402259447777,species,Oenanthe oenanthe,Northern Wheatear,0.9735385775566101,0.9735385775566101,species,0,,,
oenanthe_oenanthe,485340,Oenanthe oenanthe,/Users/justyna-przy/Projects/ISE/FYP/src/bird_data/raw/oenanthe_oenanthe/XC485340.mp3,22.0,25.0,-26.669492641780263,-26.825402259447777,species,Oenanthe oenanthe,Northern Wheatear,0.965162992477417,0.965162992477417,species,1,rand_species,/Users/justyna-przy/Projects/ISE/FYP/src/bird_data/clips/species/oenanthe_oenanthe/XC485340__s22000__e25000.wav,
oenanthe_oenanthe,485340,Oenanthe oenanthe,/Users/justyna-przy/Projects/ISE/FYP/src/bird_data/raw/oenanthe_oenanthe/XC485340.mp3,25.0,28.0,-25.53265789526085,-26.825402259447777,species,Oenanthe oenanthe,Northern Wheatear,0.9796500205993652,0.9796500205993652,species,1,rand_species,/Users/justyna-przy/Projects/ISE/FYP/src/bird_data/clips/species/oenanthe_oenanthe/XC485340__s25000__e28000.wav,
oenanthe_oenanthe,485340,Oenanthe oenanthe,/Users/justyna-przy/Projects/ISE/FYP/src/bird_data/raw/oenanthe_oenanthe/XC485340.mp3,28.0,31.0,-25.454298619102097,-26.825402259447777,species,Oenanthe oenanthe,Northern Wheatear,0.9910793900489807,0.9910793900489807,species,0,,,
oenanthe_oenanthe,484761,Oenanthe oenanthe,/Users/justyna-przy/Projects/ISE/FYP/src/bird_data/raw/oenanthe_oenanthe/XC484761.mp3,1.0,4.0,-36.80885827723665,-38.852221466615894,drop,Anthus trivialis,Tree Pipit,0.15638718008995056,0.15638718008995056,drop,0,,,
oenanthe_oenanthe,484761,Oenanthe oenanthe,/Users/justyna-przy/Projects/ISE/FYP/src/bird_data/raw/oenanthe_oenanthe/XC484761.mp3,4.0,7.0,-32.96938254515472,-38.852221466615894,non_bird,,,0.0,0.0,non_bird,1,nonbird_lowconf,/Users/justyna-przy/Projects/ISE/FYP/src/bird_data/clips/non_bird/oenanthe_oenanthe/XC484761__s4000__e7000.wav,
oenanthe_oenanthe,484761,Oenanthe oenanthe,/Users/justyna-przy/Projects/ISE/FYP/src/bird_data/raw/oenanthe_oenanthe/XC484761.mp3,7.0,10.0,-38.82502269416568,-38.852221466615894,drop,Curruca iberiae,Western Subalpine Warbler,0.3541394770145416,0.3541394770145416,drop,0,,,
oenanthe_oenanthe,484761,Oenanthe oenanthe,/Users/justyna-przy/Projects/ISE/FYP/src/bird_data/raw/oenanthe_oenanthe/XC484761.mp3,13.0,16.0,-38.000705928344885,-38.852221466615894,drop,Sylvia atricapilla,Eurasian Blackcap,0.14409726858139038,0.14409726858139038,drop,0,,,
oenanthe_oenanthe,484761,Oenanthe oenanthe,/Users/justyna-przy/Projects/ISE/FYP/src/bird_data/raw/oenanthe_oenanthe/XC484761.mp3,16.0,19.0,-37.18676367653336,-38.852221466615894,drop,Euphonia chlorotica,Purple-throated Euphonia,0.6266202926635742,0.6266202926635742,drop,0,,,
oenanthe_oenanthe,481332,Oenanthe oenanthe,/Users/justyna-przy/Projects/ISE/FYP/src/bird_data/raw/oenanthe_oenanthe/XC481332.mp3,1.0,4.0,-40.488150189573126,-40.0,species,Oenanthe oenanthe,Northern Wheatear,0.9514010548591614,0.9514010548591614,species,1,rand_species,/Users/justyna-przy/Projects/ISE/FYP/src/bird_data/clips/species/oenanthe_oenanthe/XC481332__s1000__e4000.wav,
oenanthe_oenanthe,481329,Oenanthe oenanthe,/Users/justyna-przy/Projects/ISE/FYP/src/bird_data/raw/oenanthe_oenanthe/XC481329.mp3,1.0,4.0,-34.75128643415936,-40.0,species,Oenanthe oenanthe,Northern Wheatear,0.8311379551887512,0.8311379551887512,species,1,rand_species,/Users/justyna-przy/Projects/ISE/FYP/src/bird_data/clips/species/oenanthe_oenanthe/XC481329__s1000__e4000.wav,
oenanthe_oenanthe,481329,Oenanthe oenanthe,/Users/justyna-przy/Projects/ISE/FYP/src/bird_data/raw/oenanthe_oenanthe/XC481329.mp3,7.0,10.0,-37.81316025133246,-40.0,drop,Oenanthe oenanthe,Northern Wheatear,0.2371012419462204,0.2371012419462204,drop,0,,,
oenanthe_oenanthe,481329,Oenanthe oenanthe,/Users/justyna-przy/Projects/ISE/FYP/src/bird_data/raw/oenanthe_oenanthe/XC481329.mp3,13.0,16.0,-37.445562839498365,-40.0,species,Oenanthe oenanthe,Northern Wheatear,0.9138065576553345,0.9138065576553345,species,1,rand_species,/Users/justyna-przy/Projects/ISE/FYP/src/bird_data/clips/species/oenanthe_oenanthe/XC481329__s13000__e16000.wav,
oenanthe_oenanthe,481329,Oenanthe oenanthe,/Users/justyna-przy/Projects/ISE/FYP/src/bird_data/raw/oenanthe_oenanthe/XC481329.mp3,16.0,19.0,-36.772959262706394,-40.0,species,Oenanthe oenanthe,Northern Wheatear,0.6791598200798035,0.6791598200798035,species,0,,,
oenanthe_oenanthe,481329,Oenanthe oenanthe,/Users/justyna-przy/Projects/ISE/FYP/src/bird_data/raw/oenanthe_oenanthe/XC481329.mp3,25.0,28.0,-39.36113037599031,-40.0,species,Oenanthe oenanthe,Northern Wheatear,0.4535839557647705,0.4535839557647705,species,1,rand_species,/Users/justyna-przy/Projects/ISE/FYP/src/bird_data/clips/species/oenanthe_oenanthe/XC481329__s25000__e28000.wav,
oenanthe_oenanthe,474522,Oenanthe oenanthe,/Users/justyna-przy/Projects/ISE/FYP/src/bird_data/raw/oenanthe_oenanthe/XC474522.mp3,1.0,4.0,-33.30838517198974,-33.98987769306052,drop,Turdus pilaris,Fieldfare,0.18349690735340118,0.18349690735340118,drop,0,,,
oenanthe_oenanthe,474522,Oenanthe oenanthe,/Users/justyna-przy/Projects/ISE/FYP/src/bird_data/raw/oenanthe_oenanthe/XC474522.mp3,7.0,10.0,-32.45388548965455,-33.98987769306052,non_bird,,,0.0,0.0,non_bird,1,nonbird_lowconf,/Users/justyna-przy/Projects/ISE/FYP/src/bird_data/clips/non_bird/oenanthe_oenanthe/XC474522__s7000__e10000.wav,
oenanthe_oenanthe,474522,Oenanthe oenanthe,/Users/justyna-przy/Projects/ISE/FYP/src/bird_data/raw/oenanthe_oenanthe/XC474522.mp3,10.0,13.0,-31.703723735076448,-33.98987769306052,non_bird,,,0.0,0.0,non_bird,1,nonbird_lowconf,/Users/justyna-przy/Projects/ISE/FYP/src/bird_data/clips/non_bird/oenanthe_oenanthe/XC474522__s10000__e13000.wav,
oenanthe_oenanthe,474522,Oenanthe oenanthe,/Users/justyna-przy/Projects/ISE/FYP/src/bird_data/raw/oenanthe_oenanthe/XC474522.mp3,13.0,16.0,-33.81708593671392,-33.98987769306052,non_bird,,,0.0,0.0,non_bird,0,,,
oenanthe_oenanthe,474522,Oenanthe oenanthe,/Users/justyna-przy/Projects/ISE/FYP/src/bird_data/raw/oenanthe_oenanthe/XC474522.mp3,16.0,19.0,-32.90980466242443,-33.98987769306052,drop,Turdus torquatus,Ring Ouzel,0.5882928371429443,0.5882928371429443,drop,0,,,
oenanthe_oenanthe,474522,Oenanthe oenanthe,/Users/justyna-przy/Projects/ISE/FYP/src/bird_data/raw/oenanthe_oenanthe/XC474522.mp3,22.0,25.0,-33.98499259767191,-33.98987769306052,non_bird,,,0.0,0.0,non_bird,0,,,
oenanthe_oenanthe,474522,Oenanthe oenanthe,/Users/justyna-przy/Projects/ISE/FYP/src/bird_data/raw/oenanthe_oenanthe/XC474522.mp3,25.0,28.0,-32.252593494881516,-33.98987769306052,drop,Sturnus vulgaris,European Starling,0.24138376116752625,0.24138376116752625,drop,0,,,
oenanthe_oenanthe,474522,Oenanthe oenanthe,/Users/justyna-przy/Projects/ISE/FYP/src/bird_data/raw/oenanthe_oenanthe/XC474522.mp3,28.0,31.0,-33.372311704335054,-33.98987769306052,drop,Turdus torquatus,Ring Ouzel,0.55908203125,0.55908203125,drop,0,,,
oenanthe_oenanthe,473247,Oenanthe oenanthe,/Users/justyna-przy/Projects/ISE/FYP/src/bird_data/raw/oenanthe_oenanthe/XC473247.mp3,1.0,4.0,-42.561146651490574,-40.0,drop,Oenanthe oenanthe,Northern Wheatear,0.27692940831184387,0.27692940831184387,drop,0,,,
oenanthe_oenanthe,472300,Oenanthe oenanthe,/Users/justyna-przy/Projects/ISE/FYP/src/bird_data/raw/oenanthe_oenanthe/XC472300.mp3,1.0,4.0,-36.74861284692063,-39.389815222595146,species,Oenanthe oenanthe,Northern Wheatear,0.950395405292511,0.950395405292511,species,0,,,
oenanthe_oenanthe,472300,Oenanthe oenanthe,/Users/justyna-przy/Projects/ISE/FYP/src/bird_data/raw/oenanthe_oenanthe/XC472300.mp3,4.0,7.0,-39.17767526684151,-39.389815222595146,species,Oenanthe oenanthe,Northern Wheatear,0.9064324498176575,0.9064324498176575,species,1,rand_species,/Users/justyna-przy/Projects/ISE/FYP/src/bird_data/clips/species/oenanthe_oenanthe/XC472300__s4000__e7000.wav,
oenanthe_oenanthe,472300,Oenanthe oenanthe,/Users/justyna-przy/Projects/ISE/FYP/src/bird_data/raw/oenanthe_oenanthe/XC472300.mp3,7.0,10.0,-37.07328490534532,-39.389815222595146,species,Oenanthe oenanthe,Northern Wheatear,0.8605649471282959,0.8605649471282959,species,0,,,
oenanthe_oenanthe,472300,Oenanthe oenanthe,/Users/justyna-przy/Projects/ISE/FYP/src/bird_data/raw/oenanthe_oenanthe/XC472300.mp3,10.0,13.0,-36.21903372861973,-39.389815222595146,species,Oenanthe oenanthe,Northern Wheatear,0.9742776155471802,0.9742776155471802,species,0,,,
oenanthe_oenanthe,472300,Oenanthe oenanthe,/Users/justyna-przy/Projects/ISE/FYP/src/bird_data/raw/oenanthe_oenanthe/XC472300.mp3,13.0,16.0,-39.15942586490313,-39.389815222595146,species,Oenanthe oenanthe,Northern Wheatear,0.5099629759788513,0.5099629759788513,species,1,rand_species,/Users/justyna-przy/Projects/ISE/FYP/src/bird_data/clips/species/oenanthe_oenanthe/XC472300__s13000__e16000.wav,
oenanthe_oenanthe,472300,Oenanthe oenanthe,/Users/justyna-przy/Projects/ISE/FYP/src/bird_data/raw/oenanthe_oenanthe/XC472300.mp3,19.0,22.0,-38.23582439927332,-39.389815222595146,species,Oenanthe oenanthe,Northern Wheatear,0.8003017902374268,0.8003017902374268,species,0,,,
oenanthe_oenanthe,472300,Oenanthe oenanthe,/Users/justyna-przy/Projects/ISE/FYP/src/bird_data/raw/oenanthe_oenanthe/XC472300.mp3,22.0,25.0,-39.102995651807184,-39.389815222595146,species,Oenanthe oenanthe,Northern Wheatear,0.7701972723007202,0.7701972723007202,species,0,,,
oenanthe_oenanthe,472300,Oenanthe oenanthe,/Users/justyna-przy/Projects/ISE/FYP/src/bird_data/raw/oenanthe_oenanthe/XC472300.mp3,28.0,31.0,-36.78180325417451,-39.389815222595146,species,Oenanthe oenanthe,Northern Wheatear,0.9289608001708984,0.9289608001708984,species,1,rand_species,/Users/justyna-przy/Projects/ISE/FYP/src/bird_data/clips/species/oenanthe_oenanthe/XC472300__s28000__e31000.wav,
oenanthe_oenanthe,472214,Oenanthe oenanthe,/Users/justyna-przy/Projects/ISE/FYP/src/bird_data/raw/oenanthe_oenanthe/XC472214.mp3,7.0,10.0,-24.854234436036258,-34.80144332865014,species,Oenanthe oenanthe,Northern Wheatear,0.8979070782661438,0.8979070782661438,species,1,rand_species,/Users/justyna-przy/Projects/ISE/FYP/src/bird_data/clips/species/oenanthe_oenanthe/XC472214__s7000__e10000.wav,
oenanthe_oenanthe,472214,Oenanthe oenanthe,/Users/justyna-przy/Projects/ISE/FYP/src/bird_data/raw/oenanthe_oenanthe/XC472214.mp3,10.0,13.0,-27.296031942114283,-34.80144332865014,species,Oenanthe oenanthe,Northern Wheatear,0.4771578013896942,0.4771578013896942,species,0,,,
oenanthe_oenanthe,472214,Oenanthe oenanthe,/Users/justyna-przy/Projects/ISE/FYP/src/bird_data/raw/oenanthe_oenanthe/XC472214.mp3,13.0,16.0,-24.666696762072696,-34.80144332865014,non_bird,,,0.0,0.0,non_bird,1,nonbird_lowconf,/Users/justyna-przy/Projects/ISE/FYP/src/bird_data/clips/non_bird/oenanthe_oenanthe/XC472214__s13000__e16000.wav,
oenanthe_oenanthe,472214,Oenanthe oenanthe,/Users/justyna-przy/Projects/ISE/FYP/src/bird_data/raw/oenanthe_oenanthe/XC472214.mp3,16.0,19.0,-28.906287923131707,-34.80144332865014,species,Oenanthe oenanthe,Northern Wheatear,0.9841372966766357,0.9841372966766357,species,1,rand_species,/Users/justyna-przy/Projects/ISE/FYP/src/bird_data/clips/species/oenanthe_oenanthe/XC472214__s16000__e19000.wav,
oenanthe_oenanthe,472214,Oenanthe oenanthe,/Users/justyna-przy/Projects/ISE/FYP/src/bird_data/raw/oenanthe_oenanthe/XC472214.mp3,19.0,22.0,-31.629783436730953,-34.80144332865014,species,Oenanthe oenanthe,Northern Wheatear,0.7256263494491577,0.7256263494491577,species,1,rand_species,/Users/justyna-przy/Projects/ISE/FYP/src/bird_data/clips/species/oenanthe_oenanthe/XC472214__s19000__e22000.wav,
oenanthe_oenanthe,470142,Oenanthe oenanthe,/Users/justyna-przy/Projects/ISE/FYP/src/bird_data/raw/oenanthe_oenanthe/XC470142.mp3,1.0,4.0,-19.594433678144828,-19.594433678144828,drop,Tringa ochropus,Green Sandpiper,0.8647915124893188,0.8647915124893188,drop,0,,,
oenanthe_oenanthe,468780,Oenanthe oenanthe,/Users/justyna-przy/Projects/ISE/FYP/src/bird_data/raw/oenanthe_oenanthe/XC468780.mp3,1.0,4.0,-34.474897909250174,-35.33131323870931,species,Oenanthe oenanthe,Northern Wheatear,0.35692092776298523,0.35692092776298523,species,0,,,
oenanthe_oenanthe,468780,Oenanthe oenanthe,/Users/justyna-przy/Projects/ISE/FYP/src/bird_data/raw/oenanthe_oenanthe/XC468780.mp3,4.0,7.0,-34.1458214095309,-35.33131323870931,drop,Curruca melanocephala,Sardinian Warbler,0.1686706840991974,0.1686706840991974,drop,0,,,
oenanthe_oenanthe,468780,Oenanthe oenanthe,/Users/justyna-przy/Projects/ISE/FYP/src/bird_data/raw/oenanthe_oenanthe/XC468780.mp3,7.0,10.0,-32.99180259467436,-35.33131323870931,species,Oenanthe oenanthe,Northern Wheatear,0.43511688709259033,0.43511688709259033,species,1,rand_species,/Users/justyna-przy/Projects/ISE/FYP/src/bird_data/clips/species/oenanthe_oenanthe/XC468780__s7000__e10000.wav,
oenanthe_oenanthe,468780,Oenanthe oenanthe,/Users/justyna-przy/Projects/ISE/FYP/src/bird_data/raw/oenanthe_oenanthe/XC468780.mp3,10.0,13.0,-31.424287818761037,-35.33131323870931,non_bird,,,0.0,0.0,non_bird,1,nonbird_lowconf,/Users/justyna-przy/Projects/ISE/FYP/src/bird_data/clips/non_bird/oenanthe_oenanthe/XC468780__s10000__e13000.wav,
oenanthe_oenanthe,468780,Oenanthe oenanthe,/Users/justyna-przy/Projects/ISE/FYP/src/bird_data/raw/oenanthe_oenanthe/XC468780.mp3,22.0,25.0,-32.99036810783928,-35.33131323870931,species,Oenanthe oenanthe,Northern Wheatear,0.7115230560302734,0.7115230560302734,species,1,rand_species,/Users/justyna-przy/Projects/ISE/FYP/src/bird_data/clips/species/oenanthe_oenanthe/XC468780__s22000__e25000.wav,
oenanthe_oenanthe,468780,Oenanthe oenanthe,/Users/justyna-przy/Projects/ISE/FYP/src/bird_data/raw/oenanthe_oenanthe/XC468780.mp3,25.0,28.0,-33.453734850486725,-35.33131323870931,species,Oenanthe oenanthe,Northern Wheatear,0.9606170058250427,0.9606170058250427,species,1,rand_species,/Users/justyna-przy/Projects/ISE/FYP/src/bird_data/clips/species/oenanthe_oenanthe/XC468780__s25000__e28000.wav,
oenanthe_oenanthe,468778,Oenanthe oenanthe,/Users/justyna-przy/Projects/ISE/FYP/src/bird_data/raw/oenanthe_oenanthe/XC468778.mp3,1.0,4.0,-33.673333536203444,-34.75912561385458,species,Oenanthe oenanthe,Northern Wheatear,0.7889373302459717,0.7889373302459717,species,1,rand_species,/Users/justyna-przy/Projects/ISE/FYP/src/bird_data/clips/species/oenanthe_oenanthe/XC468778__s1000__e4000.wav,
oenanthe_oenanthe,468778,Oenanthe oenanthe,/Users/justyna-przy/Projects/ISE/FYP/src/bird_data/raw/oenanthe_oenanthe/XC468778.mp3,4.0,7.0,-30.642937811997918,-34.75912561385458,drop,Oenanthe oenanthe,Northern Wheatear,0.1101004034280777,0.1101004034280777,drop,0,,,
oenanthe_oenanthe,468778,Oenanthe oenanthe,/Users/justyna-przy/Projects/ISE/FYP/src/bird_data/raw/oenanthe_oenanthe/XC468778.mp3,10.0,13.0,-33.497002693958514,-34.75912561385458,species,Oenanthe oenanthe,Northern Wheatear,0.9801459908485413,0.9801459908485413,species,1,rand_species,/Users/justyna-przy/Projects/ISE/FYP/src/bird_data/clips/species/oenanthe_oenanthe/XC468778__s10000__e13000.wav,
oenanthe_oenanthe,468778,Oenanthe oenanthe,/Users/justyna-przy/Projects/ISE/FYP/src/bird_data/raw/oenanthe_oenanthe/XC468778.mp3,13.0,16.0,-32.27211763477015,-34.75912561385458,species,Oenanthe oenanthe,Northern Wheatear,0.7202057838439941,0.7202057838439941,species,0,,,
oenanthe_oenanthe,468778,Oenanthe oenanthe,/Users/justyna-przy/Projects/ISE/FYP/src/bird_data/raw/oenanthe_oenanthe/XC468778.mp3,22.0,25.0,-34.01093312622356,-34.75912561385458,drop,Oenanthe oenanthe,Northern Wheatear,0.1359119862318039,0.1359119862318039,drop,0,,,
oenanthe_oenanthe,468778,Oenanthe oenanthe,/Users/justyna-przy/Projects/ISE/FYP/src/bird_data/raw/oenanthe_oenanthe/XC468778.mp3,25.0,28.0,-32.78910128481568,-34.75912561385458,species,Oenanthe oenanthe,Northern Wheatear,0.7423654794692993,0.7423654794692993,species,1,rand_species,/Users/justyna-przy/Projects/ISE/FYP/src/bird_data/clips/species/oenanthe_oenanthe/XC468778__s25000__e28000.wav,
oenanthe_oenanthe,465365,Oenanthe oenanthe,/Users/justyna-przy/Projects/ISE/FYP/src/bird_data/raw/oenanthe_oenanthe/XC465365.mp3,4.0,7.0,-36.81626752340181,-40.0,species,Oenanthe oenanthe,Northern Wheatear,0.9993295669555664,0.9993295669555664,species,1,rand_species,/Users/justyna-przy/Projects/ISE/FYP/src/bird_data/clips/species/oenanthe_oenanthe/XC465365__s4000__e7000.wav,
oenanthe_oenanthe,449126,Oenanthe oenanthe,/Users/justyna-przy/Projects/ISE/FYP/src/bird_data/raw/oenanthe_oenanthe/XC449126.mp3,1.0,4.0,-36.443672322179864,-37.121732204909335,drop,Oenanthe oenanthe,Northern Wheatear,0.2172696590423584,0.2172696590423584,drop,0,,,
oenanthe_oenanthe,449126,Oenanthe oenanthe,/Users/justyna-przy/Projects/ISE/FYP/src/bird_data/raw/oenanthe_oenanthe/XC449126.mp3,4.0,7.0,-30.96971187964914,-37.121732204909335,non_bird,,,0.0,0.0,non_bird,1,nonbird_lowconf,/Users/justyna-przy/Projects/ISE/FYP/src/bird_data/clips/non_bird/oenanthe_oenanthe/XC449126__s4000__e7000.wav,
oenanthe_oenanthe,449126,Oenanthe oenanthe,/Users/justyna-przy/Projects/ISE/FYP/src/bird_data/raw/oenanthe_oenanthe/XC449126.mp3,7.0,10.0,-34.21537751323298,-37.121732204909335,species,Oenanthe oenanthe,Northern Wheatear,0.4077267646789551,0.4077267646789551,species,1,rand_species,/Users/justyna-przy/Projects/ISE/FYP/src/bird_data/clips/species/oenanthe_oenanthe/XC449126__s7000__e10000.wav,
oenanthe_oenanthe,449126,Oenanthe oenanthe,/Users/justyna-przy/Projects/ISE/FYP/src/bird_data/raw/oenanthe_oenanthe/XC449126.mp3,13.0,16.0,-33.09175895774669,-37.121732204909335,species,Oenanthe oenanthe,Northern Wheatear,0.4810168147087097,0.4810168147087097,species,1,rand_species,/Users/justyna-przy/Projects/ISE/FYP/src/bird_data/clips/species/oenanthe_oenanthe/XC449126__s13000__e16000.wav,
oenanthe_oenanthe,449126,Oenanthe oenanthe,/Users/justyna-przy/Projects/ISE/FYP/src/bird_data/raw/oenanthe_oenanthe/XC449126.mp3,16.0,19.0,-35.763612665154184,-37.121732204909335,drop,Oenanthe oenanthe,Northern Wheatear,0.2764245271682739,0.2764245271682739,drop,0,,,
oenanthe_oenanthe,449126,Oenanthe oenanthe,/Users/justyna-przy/Projects/ISE/FYP/src/bird_data/raw/oenanthe_oenanthe/XC449126.mp3,25.0,28.0,-36.96769341247804,-37.121732204909335,species,Oenanthe oenanthe,Northern Wheatear,0.49598294496536255,0.49598294496536255,species,0,,,
oenanthe_oenanthe,449126,Oenanthe oenanthe,/Users/justyna-przy/Projects/ISE/FYP/src/bird_data/raw/oenanthe_oenanthe/XC449126.mp3,28.0,31.0,-37.00166969745139,-37.121732204909335,drop,Lanius collurio,Red-backed Shrike,0.47548580169677734,0.47548580169677734,drop,0,,,
oenanthe_oenanthe,449126,Oenanthe oenanthe,/Users/justyna-przy/Projects/ISE/FYP/src/bird_data/raw/oenanthe_oenanthe/XC449126.mp3,31.0,34.0,-36.54350001144977,-37.121732204909335,species,Oenanthe oenanthe,Northern Wheatear,0.8297613263130188,0.8297613263130188,species,1,rand_species,/Users/justyna-przy/Projects/ISE/FYP/src/bird_data/clips/species/oenanthe_oenanthe/XC449126__s31000__e34000.wav,
oenanthe_oenanthe,447996,Oenanthe oenanthe,/Users/justyna-przy/Projects/ISE/FYP/src/bird_data/raw/oenanthe_oenanthe/XC447996.mp3,19.0,22.0,-40.52110319234287,-40.0,drop,Alectoris graeca,Rock Partridge,0.15713761746883392,0.15713761746883392,drop,0,,,
oenanthe_oenanthe,438751,Oenanthe oenanthe,/Users/justyna-przy/Projects/ISE/FYP/src/bird_data/raw/oenanthe_oenanthe/XC438751.mp3,1.0,4.0,-36.01839349326424,-36.5842803903074,drop,Curruca iberiae,Western Subalpine Warbler,0.11453773081302643,0.11453773081302643,drop,0,,,
oenanthe_oenanthe,438751,Oenanthe oenanthe,/Users/justyna-przy/Projects/ISE/FYP/src/bird_data/raw/oenanthe_oenanthe/XC438751.mp3,4.0,7.0,-35.853488198018574,-36.5842803903074,drop,Curruca iberiae,Western Subalpine Warbler,0.23472556471824646,0.23472556471824646,drop,0,,,
oenanthe_oenanthe,438750,Oenanthe oenanthe,/Users/justyna-przy/Projects/ISE/FYP/src/bird_data/raw/oenanthe_oenanthe/XC438750.mp3,1.0,4.0,-38.033185135112,-40.0,drop,Curruca iberiae,Western Subalpine Warbler,0.39776191115379333,0.39776191115379333,drop,0,,,
oenanthe_oenanthe,438750,Oenanthe oenanthe,/Users/justyna-przy/Projects/ISE/FYP/src/bird_data/raw/oenanthe_oenanthe/XC438750.mp3,7.0,10.0,-39.452540966415,-40.0,drop,Cinclus cinclus,White-throated Dipper,0.3604714870452881,0.3604714870452881,drop,0,,,
oenanthe_oenanthe,438750,Oenanthe oenanthe,/Users/justyna-przy/Projects/ISE/FYP/src/bird_data/raw/oenanthe_oenanthe/XC438750.mp3,13.0,16.0,-29.44634091505929,-40.0,drop,Saxicola rubicola,European Stonechat,0.8590513467788696,0.8590513467788696,drop,0,,,
oenanthe_oenanthe,438750,Oenanthe oenanthe,/Users/justyna-przy/Projects/ISE/FYP/src/bird_data/raw/oenanthe_oenanthe/XC438750.mp3,16.0,19.0,-31.780203365497734,-40.0,drop,Saxicola rubicola,European Stonechat,0.8792093992233276,0.8792093992233276,drop,0,,,
oenanthe_oenanthe,420907,Oenanthe oenanthe,/Users/justyna-przy/Projects/ISE/FYP/src/bird_data/raw/oenanthe_oenanthe/XC420907.mp3,10.0,13.0,-40.2371187148922,-40.0,drop,Curruca iberiae,Western Subalpine Warbler,0.27358853816986084,0.27358853816986084,drop,0,,,
oenanthe_oenanthe,420905,Oenanthe oenanthe,/Users/justyna-przy/Projects/ISE/FYP/src/bird_data/raw/oenanthe_oenanthe/XC420905.mp3,4.0,7.0,-38.45262340687164,-40.0,species,Oenanthe oenanthe,Northern Wheatear,0.9722399711608887,0.9722399711608887,species,1,rand_species,/Users/justyna-przy/Projects/ISE/FYP/src/bird_data/clips/species/oenanthe_oenanthe/XC420905__s4000__e7000.wav,
oenanthe_oenanthe,412775,Oenanthe oenanthe,/Users/justyna-przy/Projects/ISE/FYP/src/bird_data/raw/oenanthe_oenanthe/XC412775.mp3,1.0,4.0,-52.59261391926155,-40.0,species,Oenanthe oenanthe,Northern Wheatear,0.4311152696609497,0.4311152696609497,species,1,rand_species,/Users/justyna-przy/Projects/ISE/FYP/src/bird_data/clips/species/oenanthe_oenanthe/XC412775__s1000__e4000.wav,
oenanthe_oenanthe,401963,Oenanthe oenanthe,/Users/justyna-przy/Projects/ISE/FYP/src/bird_data/raw/oenanthe_oenanthe/XC401963.mp3,4.0,7.0,-31.242496121405452,-33.21313209560389,species,Oenanthe oenanthe,Northern Wheatear,0.859098494052887,0.859098494052887,species,0,,,
oenanthe_oenanthe,401963,Oenanthe oenanthe,/Users/justyna-przy/Projects/ISE/FYP/src/bird_data/raw/oenanthe_oenanthe/XC401963.mp3,10.0,13.0,-28.195516603729793,-33.21313209560389,species,Oenanthe oenanthe,Northern Wheatear,0.9993146657943726,0.9993146657943726,species,0,,,
oenanthe_oenanthe,401963,Oenanthe oenanthe,/Users/justyna-przy/Projects/ISE/FYP/src/bird_data/raw/oenanthe_oenanthe/XC401963.mp3,13.0,16.0,-30.326363940643905,-33.21313209560389,species,Oenanthe oenanthe,Northern Wheatear,0.9930601119995117,0.9930601119995117,species,1,rand_species,/Users/justyna-przy/Projects/ISE/FYP/src/bird_data/clips/species/oenanthe_oenanthe/XC401963__s13000__e16000.wav,
oenanthe_oenanthe,401963,Oenanthe oenanthe,/Users/justyna-przy/Projects/ISE/FYP/src/bird_data/raw/oenanthe_oenanthe/XC401963.mp3,16.0,19.0,-29.05762521388266,-33.21313209560389,species,Oenanthe oenanthe,Northern Wheatear,0.9856739640235901,0.9856739640235901,species,1,rand_species,/Users/justyna-przy/Projects/ISE/FYP/src/bird_data/clips/species/oenanthe_oenanthe/XC401963__s16000__e19000.wav,
oenanthe_oenanthe,401963,Oenanthe oenanthe,/Users/justyna-przy/Projects/ISE/FYP/src/bird_data/raw/oenanthe_oenanthe/XC401963.mp3,19.0,22.0,-31.803418596955435,-33.21313209560389,species,Oenanthe oenanthe,Northern Wheatear,0.9938210844993591,0.9938210844993591,species,0,,,
oenanthe_oenanthe,401963,Oenanthe oenanthe,/Users/justyna-przy/Projects/ISE/FYP/src/bird_data/raw/oenanthe_oenanthe/XC401963.mp3,22.0,25.0,-33.19326768598695,-33.21313209560389,species,Oenanthe oenanthe,Northern Wheatear,0.9935331344604492,0.9935331344604492,species,1,rand_species,/Users/justyna-przy/Projects/ISE/FYP/src/bird_data/clips/species/oenanthe_oenanthe/XC401963__s22000__e25000.wav,
oenanthe_oenanthe,401963,Oenanthe oenanthe,/Users/justyna-przy/Projects/ISE/FYP/src/bird_data/raw/oenanthe_oenanthe/XC401963.mp3,25.0,28.0,-30.09805569047146,-33.21313209560389,species,Oenanthe oenanthe,Northern Wheatear,0.981953501701355,0.981953501701355,species,0,,,
oenanthe_oenanthe,401963,Oenanthe oenanthe,/Users/justyna-przy/Projects/ISE/FYP/src/bird_data/raw/oenanthe_oenanthe/XC401963.mp3,28.0,31.0,-28.189906406827166,-33.21313209560389,species,Oenanthe oenanthe,Northern Wheatear,0.9931058287620544,0.9931058287620544,species,0,,,
oenanthe_oenanthe,401963,Oenanthe oenanthe,/Users/justyna-przy/Projects/ISE/FYP/src/bird_data/raw/oenanthe_oenanthe/XC401963.mp3,34.0,37.0,-32.98658918521567,-33.21313209560389,species,Oenanthe oenanthe,Northern Wheatear,0.9894718527793884,0.9894718527793884,species,0,,,
oenanthe_oenanthe,401963,Oenanthe oenanthe,/Users/justyna-przy/Projects/ISE/FYP/src/bird_data/raw/oenanthe_oenanthe/XC401963.mp3,43.0,46.0,-30.455013276998532,-33.21313209560389,species,Oenanthe oenanthe,Northern Wheatear,0.9899869561195374,0.9899869561195374,species,0,,,
oenanthe_oenanthe,383769,Oenanthe oenanthe,/Users/justyna-przy/Projects/ISE/FYP/src/bird_data/raw/oenanthe_oenanthe/XC383769.mp3,1.0,4.0,-21.293327716274312,-30.942903563256717,drop,Curruca undata,Dartford Warbler,0.20579464733600616,0.20579464733600616,drop,0,,,
oenanthe_oenanthe,383769,Oenanthe oenanthe,/Users/justyna-przy/Projects/ISE/FYP/src/bird_data/raw/oenanthe_oenanthe/XC383769.mp3,4.0,7.0,-28.814505927595405,-30.942903563256717,non_bird,,,0.0,0.0,non_bird,1,nonbird_lowconf,/Users/justyna-przy/Projects/ISE/FYP/src/bird_data/clips/non_bird/oenanthe_oenanthe/XC383769__s4000__e7000.wav,
oenanthe_oenanthe,383769,Oenanthe oenanthe,/Users/justyna-przy/Projects/ISE/FYP/src/bird_data/raw/oenanthe_oenanthe/XC383769.mp3,10.0,13.0,-21.347555965808873,-30.942903563256717,drop,Saxicola rubicola,European Stonechat,0.30843833088874817,0.30843833088874817,drop,0,,,
oenanthe_oenanthe,383769,Oenanthe oenanthe,/Users/justyna-przy/Projects/ISE/FYP/src/bird_data/raw/oenanthe_oenanthe/XC383769.mp3,13.0,16.0,-23.652520907663593,-30.942903563256717,species,Oenanthe oenanthe,Northern Wheatear,0.9425171613693237,0.9425171613693237,species,0,,,
oenanthe_oenanthe,383769,Oenanthe oenanthe,/Users/justyna-przy/Projects/ISE/FYP/src/bird_data/raw/oenanthe_oenanthe/XC383769.mp3,16.0,19.0,-22.57150524211131,-30.942903563256717,non_bird,,,0.0,0.0,non_bird,1,nonbird_lowconf,/Users/justyna-przy/Projects/ISE/FYP/src/bird_data/clips/non_bird/oenanthe_oenanthe/XC383769__s16000__e19000.wav,
oenanthe_oenanthe,383769,Oenanthe oenanthe,/Users/justyna-przy/Projects/ISE/FYP/src/bird_data/raw/oenanthe_oenanthe/XC383769.mp3,22.0,25.0,-28.24819749460502,-30.942903563256717,non_bird,,,0.0,0.0,non_bird,0,,,
oenanthe_oenanthe,383769,Oenanthe oenanthe,/Users/justyna-przy/Projects/ISE/FYP/src/bird_data/raw/oenanthe_oenanthe/XC383769.mp3,31.0,34.0,-26.25663787922166,-30.942903563256717,species,Oenanthe oenanthe,Northern Wheatear,0.8718001246452332,0.8718001246452332,species,1,rand_species,/Users/justyna-przy/Projects/ISE/FYP/src/bird_data/clips/species/oenanthe_oenanthe/XC383769__s31000__e34000.wav,
oenanthe_oenanthe,383769,Oenanthe oenanthe,/Users/justyna-przy/Projects/ISE/FYP/src/bird_data/raw/oenanthe_oenanthe/XC383769.mp3,34.0,37.0,-30.740421665671246,-30.942903563256717,species,Oenanthe oenanthe,Northern Wheatear,0.7145733833312988,0.7145733833312988,species,1,rand_species,/Users/justyna-przy/Projects/ISE/FYP/src/bird_data/clips/species/oenanthe_oenanthe/XC383769__s34000__e37000.wav,
oenanthe_oenanthe,383769,Oenanthe oenanthe,/Users/justyna-przy/Projects/ISE/FYP/src/bird_data/raw/oenanthe_oenanthe/XC383769.mp3,37.0,40.0,-25.08794455595046,-30.942903563256717,species,Oenanthe oenanthe,Northern Wheatear,0.9980411529541016,0.9980411529541016,species,0,,,
oenanthe_oenanthe,383769,Oenanthe oenanthe,/Users/justyna-przy/Projects/ISE/FYP/src/bird_data/raw/oenanthe_oenanthe/XC383769.mp3,40.0,43.0,-27.569449161202478,-30.942903563256717,species,Oenanthe oenanthe,Northern Wheatear,0.8669358491897583,0.8669358491897583,species,1,rand_species,/Users/justyna-przy/Projects/ISE/FYP/src/bird_data/clips/species/oenanthe_oenanthe/XC383769__s40000__e43000.wav,
oenanthe_oenanthe,372552,Oenanthe oenanthe,/Users/justyna-przy/Projects/ISE/FYP/src/bird_data/raw/oenanthe_oenanthe/XC372552.mp3,1.0,4.0,-29.37017753235765,-40.0,drop,Oenanthe oenanthe,Northern Wheatear,0.12332913279533386,0.12332913279533386,drop,0,,,
oenanthe_oenanthe,372552,Oenanthe oenanthe,/Users/justyna-przy/Projects/ISE/FYP/src/bird_data/raw/oenanthe_oenanthe/XC372552.mp3,4.0,7.0,-28.035348189270373,-40.0,drop,Galerida theklae,Thekla's Lark,0.18608903884887695,0.18608903884887695,drop,0,,,
oenanthe_oenanthe,372552,Oenanthe oenanthe,/Users/justyna-przy/Projects/ISE/FYP/src/bird_data/raw/oenanthe_oenanthe/XC372552.mp3,22.0,25.0,-39.63522528389239,-40.0,non_bird,,,0.0,0.0,non_bird,1,nonbird_lowconf,/Users/justyna-przy/Projects/ISE/FYP/src/bird_data/clips/non_bird/oenanthe_oenanthe/XC372552__s22000__e25000.wav,
oenanthe_oenanthe,372552,Oenanthe oenanthe,/Users/justyna-przy/Projects/ISE/FYP/src/bird_data/raw/oenanthe_oenanthe/XC372552.mp3,25.0,28.0,-26.731866432972655,-40.0,drop,Galerida theklae,Thekla's Lark,0.8059751391410828,0.8059751391410828,drop,0,,,
oenanthe_oenanthe,372546,Oenanthe oenanthe,/Users/justyna-przy/Projects/ISE/FYP/src/bird_data/raw/oenanthe_oenanthe/XC372546.mp3,4.0,7.0,-33.08480367720148,-37.87516631089245,species,Oenanthe oenanthe,Northern Wheatear,0.9995875954627991,0.9995875954627991,species,1,rand_species,/Users/justyna-przy/Projects/ISE/FYP/src/bird_data/clips/species/oenanthe_oenanthe/XC372546__s4000__e7000.wav,
oenanthe_oenanthe,372546,Oenanthe oenanthe,/Users/justyna-przy/Projects/ISE/FYP/src/bird_data/raw/oenanthe_oenanthe/XC372546.mp3,7.0,10.0,-34.82088444721319,-37.87516631089245,species,Oenanthe oenanthe,Northern Wheatear,0.9727253317832947,0.9727253317832947,species,1,rand_species,/Users/justyna-przy/Projects/ISE/FYP/src/bird_data/clips/species/oenanthe_oenanthe/XC372546__s7000__e10000.wav,
oenanthe_oenanthe,372546,Oenanthe oenanthe,/Users/justyna-przy/Projects/ISE/FYP/src/bird_data/raw/oenanthe_oenanthe/XC372546.mp3,10.0,13.0,-32.00937816035263,-37.87516631089245,species,Oenanthe oenanthe,Northern Wheatear,0.780108630657196,0.780108630657196,species,1,rand_species,/Users/justyna-przy/Projects/ISE/FYP/src/bird_data/clips/species/oenanthe_oenanthe/XC372546__s10000__e13000.wav,
oenanthe_oenanthe,372546,Oenanthe oenanthe,/Users/justyna-przy/Projects/ISE/FYP/src/bird_data/raw/oenanthe_oenanthe/XC372546.mp3,16.0,19.0,-36.514432638313,-37.87516631089245,species,Oenanthe oenanthe,Northern Wheatear,0.954435408115387,0.954435408115387,species,0,,,
oenanthe_oenanthe,372546,Oenanthe oenanthe,/Users/justyna-przy/Projects/ISE/FYP/src/bird_data/raw/oenanthe_oenanthe/XC372546.mp3,22.0,25.0,-37.82412678093313,-37.87516631089245,species,Oenanthe oenanthe,Northern Wheatear,0.9945263266563416,0.9945263266563416,species,0,,,
oenanthe_oenanthe,371501,Oenanthe oenanthe,/Users/justyna-przy/Projects/ISE/FYP/src/bird_data/raw/oenanthe_oenanthe/XC371501.mp3,22.0,25.0,-44.733245042210534,-40.0,drop,Oenanthe oenanthe,Northern Wheatear,0.13704650104045868,0.13704650104045868,drop,0,,,
oenanthe_oenanthe,367876,Oenanthe oenanthe,/Users/justyna-przy/Projects/ISE/FYP/src/bird_data/raw/oenanthe_oenanthe/XC367876.mp3,4.0,7.0,-38.38022608128573,-40.0,species,Oenanthe oenanthe,Northern Wheatear,0.5458790063858032,0.5458790063858032,species,1,rand_species,/Users/justyna-przy/Projects/ISE/FYP/src/bird_data/clips/species/oenanthe_oenanthe/XC367876__s4000__e7000.wav,
oenanthe_oenanthe,367876,Oenanthe oenanthe,/Users/justyna-przy/Projects/ISE/FYP/src/bird_data/raw/oenanthe_oenanthe/XC367876.mp3,13.0,16.0,-38.99177213813211,-40.0,drop,Calandrella brachydactyla,Greater Short-toed Lark,0.2132176011800766,0.2132176011800766,drop,0,,,
oenanthe_oenanthe,367876,Oenanthe oenanthe,/Users/justyna-przy/Projects/ISE/FYP/src/bird_data/raw/oenanthe_oenanthe/XC367876.mp3,19.0,22.0,-35.64700657374424,-40.0,species,Oenanthe oenanthe,Northern Wheatear,0.8035915493965149,0.8035915493965149,species,1,rand_species,/Users/justyna-przy/Projects/ISE/FYP/src/bird_data/clips/species/oenanthe_oenanthe/XC367876__s19000__e22000.wav,
oenanthe_oenanthe,367876,Oenanthe oenanthe,/Users/justyna-przy/Projects/ISE/FYP/src/bird_data/raw/oenanthe_oenanthe/XC367876.mp3,31.0,34.0,-39.47956276578623,-40.0,drop,Curruca undata,Dartford Warbler,0.1567731499671936,0.1567731499671936,drop,0,,,
oenanthe_oenanthe,366008,Oenanthe oenanthe,/Users/justyna-przy/Projects/ISE/FYP/src/bird_data/raw/oenanthe_oenanthe/XC366008.mp3,1.0,4.0,-29.76046351004419,-33.48945791635824,drop,Oenanthe oenanthe,Northern Wheatear,0.2862316370010376,0.2862316370010376,drop,0,,,
oenanthe_oenanthe,366008,Oenanthe oenanthe,/Users/justyna-przy/Projects/ISE/FYP/src/bird_data/raw/oenanthe_oenanthe/XC366008.mp3,7.0,10.0,-31.058553032842507,-33.48945791635824,species,Oenanthe oenanthe,Northern Wheatear,0.9654744863510132,0.9654744863510132,species,1,rand_species,/Users/justyna-przy/Projects/ISE/FYP/src/bird_data/clips/species/oenanthe_oenanthe/XC366008__s7000__e10000.wav,
oenanthe_oenanthe,366008,Oenanthe oenanthe,/Users/justyna-przy/Projects/ISE/FYP/src/bird_data/raw/oenanthe_oenanthe/XC366008.mp3,10.0,13.0,-28.232961827049987,-33.48945791635824,species,Oenanthe oenanthe,Northern Wheatear,0.8403176665306091,0.8403176665306091,species,1,rand_species,/Users/justyna-przy/Projects/ISE/FYP/src/bird_data/clips/species/oenanthe_oenanthe/XC366008__s10000__e13000.wav,
oenanthe_oenanthe,366008,Oenanthe oenanthe,/Users/justyna-przy/Projects/ISE/FYP/src/bird_data/raw/oenanthe_oenanthe/XC366008.mp3,13.0,16.0,-31.079314381074067,-33.48945791635824,species,Oenanthe oenanthe,Northern Wheatear,0.9064822196960449,0.9064822196960449,species,0,,,
oenanthe_oenanthe,366008,Oenanthe oenanthe,/Users/justyna-przy/Projects/ISE/FYP/src/bird_data/raw/oenanthe_oenanthe/XC366008.mp3,16.0,19.0,-30.656831088546532,-33.48945791635824,species,Oenanthe oenanthe,Northern Wheatear,0.3319612741470337,0.3319612741470337,species,1,rand_species,/Users/justyna-przy/Projects/ISE/FYP/src/bird_data/clips/species/oenanthe_oenanthe/XC366008__s16000__e19000.wav,
oenanthe_oenanthe,346450,Oenanthe oenanthe,/Users/justyna-przy/Projects/ISE/FYP/src/bird_data/raw/oenanthe_oenanthe/XC346450.mp3,4.0,7.0,-31.540023698356514,-31.927125939040344,species,Oenanthe oenanthe,Northern Wheatear,0.8746621012687683,0.8746621012687683,species,1,rand_species,/Users/justyna-przy/Projects/ISE/FYP/src/bird_data/clips/species/oenanthe_oenanthe/XC346450__s4000__e7000.wav,
oenanthe_oenanthe,346449,Oenanthe oenanthe,/Users/justyna-przy/Projects/ISE/FYP/src/bird_data/raw/oenanthe_oenanthe/XC346449.mp3,1.0,4.0,-22.115061363328984,-23.91043868353561,species,Oenanthe oenanthe,Northern Wheatear,0.5176903009414673,0.5176903009414673,species,1,rand_species,/Users/justyna-przy/Projects/ISE/FYP/src/bird_data/clips/species/oenanthe_oenanthe/XC346449__s1000__e4000.wav,
oenanthe_oenanthe,346449,Oenanthe oenanthe,/Users/justyna-przy/Projects/ISE/FYP/src/bird_data/raw/oenanthe_oenanthe/XC346449.mp3,4.0,7.0,-22.26329822567468,-23.91043868353561,species,Oenanthe oenanthe,Northern Wheatear,0.9050289392471313,0.9050289392471313,species,1,rand_species,/Users/justyna-przy/Projects/ISE/FYP/src/bird_data/clips/species/oenanthe_oenanthe/XC346449__s4000__e7000.wav,
oenanthe_oenanthe,346449,Oenanthe oenanthe,/Users/justyna-przy/Projects/ISE/FYP/src/bird_data/raw/oenanthe_oenanthe/XC346449.mp3,7.0,10.0,-23.860409004130197,-23.91043868353561,species,Oenanthe oenanthe,Northern Wheatear,0.9758086204528809,0.9758086204528809,species,1,rand_species,/Users/justyna-przy/Projects/ISE/FYP/src/bird_data/clips/species/oenanthe_oenanthe/XC346449__s7000__e10000.wav,
oenanthe_oenanthe,346409,Oenanthe oenanthe,/Users/justyna-przy/Projects/ISE/FYP/src/bird_data/raw/oenanthe_oenanthe/XC346409.mp3,1.0,4.0,-27.634880462337907,-28.613825625164257,drop,Turdus iliacus,Redwing,0.6421900987625122,0.6421900987625122,drop,0,,,
oenanthe_oenanthe,346409,Oenanthe oenanthe,/Users/justyna-przy/Projects/ISE/FYP/src/bird_data/raw/oenanthe_oenanthe/XC346409.mp3,4.0,7.0,-26.560793939986898,-28.613825625164257,drop,Motacilla flava,Western Yellow Wagtail,0.8040171265602112,0.8040171265602112,drop,0,,,
oenanthe_oenanthe,346409,Oenanthe oenanthe,/Users/justyna-przy/Projects/ISE/FYP/src/bird_data/raw/oenanthe_oenanthe/XC346409.mp3,13.0,16.0,-26.34149843892923,-28.613825625164257,drop,Iduna caligata,Booted Warbler,0.13069264590740204,0.13069264590740204,drop,0,,,
oenanthe_oenanthe,346409,Oenanthe oenanthe,/Users/justyna-przy/Projects/ISE/FYP/src/bird_data/raw/oenanthe_oenanthe/XC346409.mp3,16.0,19.0,-27.363912573860382,-28.613825625164257,drop,Lanius schach,Long-tailed Shrike,0.34729546308517456,0.34729546308517456,drop,0,,,
oenanthe_oenanthe,346409,Oenanthe oenanthe,/Users/justyna-przy/Projects/ISE/FYP/src/bird_data/raw/oenanthe_oenanthe/XC346409.mp3,19.0,22.0,-25.85563182661643,-28.613825625164257,drop,Melanocorypha calandra,Calandra Lark,0.3193591833114624,0.3193591833114624,drop,0,,,
oenanthe_oenanthe,346409,Oenanthe oenanthe,/Users/justyna-przy/Projects/ISE/FYP/src/bird_data/raw/oenanthe_oenanthe/XC346409.mp3,22.0,25.0,-24.66520178113324,-28.613825625164257,non_bird,,,0.0,0.0,non_bird,1,nonbird_lowconf,/Users/justyna-przy/Projects/ISE/FYP/src/bird_data/clips/non_bird/oenanthe_oenanthe/XC346409__s22000__e25000.wav,
oenanthe_oenanthe,346409,Oenanthe oenanthe,/Users/justyna-przy/Projects/ISE/FYP/src/bird_data/raw/oenanthe_oenanthe/XC346409.mp3,28.0,31.0,-27.18118600811959,-28.613825625164257,drop,Cygnus cygnus,Whooper Swan,0.9396755695343018,0.9396755695343018,drop,0,,,
oenanthe_oenanthe,346409,Oenanthe oenanthe,/Users/justyna-przy/Projects/ISE/FYP/src/bird_data/raw/oenanthe_oenanthe/XC346409.mp3,31.0,34.0,-26.178735826127113,-28.613825625164257,drop,Cygnus cygnus,Whooper Swan,0.9903388619422913,0.9903388619422913,drop,0,,,
oenanthe_oenanthe,346409,Oenanthe oenanthe,/Users/justyna-przy/Projects/ISE/FYP/src/bird_data/raw/oenanthe_oenanthe/XC346409.mp3,37.0,40.0,-27.21790120975293,-28.613825625164257,species,Oenanthe oenanthe,Northern Wheatear,0.5613469481468201,0.5613469481468201,species,1,rand_species,/Users/justyna-przy/Projects/ISE/FYP/src/bird_data/clips/species/oenanthe_oenanthe/XC346409__s37000__e40000.wav,
oenanthe_oenanthe,346409,Oenanthe oenanthe,/Users/justyna-przy/Projects/ISE/FYP/src/bird_data/raw/oenanthe_oenanthe/XC346409.mp3,40.0,43.0,-26.521932319304323,-28.613825625164257,species,Oenanthe oenanthe,Northern Wheatear,0.9819007515907288,0.9819007515907288,species,1,rand_species,/Users/justyna-przy/Projects/ISE/FYP/src/bird_data/clips/species/oenanthe_oenanthe/XC346409__s40000__e43000.wav,
oenanthe_oenanthe,346409,Oenanthe oenanthe,/Users/justyna-przy/Projects/ISE/FYP/src/bird_data/raw/oenanthe_oenanthe/XC346409.mp3,43.0,46.0,-28.328883417985594,-28.613825625164257,drop,Linaria cannabina,Eurasian Linnet,0.18077759444713593,0.18077759444713593,drop,0,,,
oenanthe_oenanthe,346409,Oenanthe oenanthe,/Users/justyna-przy/Projects/ISE/FYP/src/bird_data/raw/oenanthe_oenanthe/XC346409.mp3,46.0,49.0,-28.48516525899935,-28.613825625164257,drop,Cygnus cygnus,Whooper Swan,0.6092166304588318,0.6092166304588318,drop,0,,,
oenanthe_oenanthe,346409,Oenanthe oenanthe,/Users/justyna-przy/Projects/ISE/FYP/src/bird_data/raw/oenanthe_oenanthe/XC346409.mp3,55.0,58.0,-28.527107268244674,-28.613825625164257,non_bird,,,0.0,0.0,non_bird,1,nonbird_lowconf,/Users/justyna-przy/Projects/ISE/FYP/src/bird_data/clips/non_bird/oenanthe_oenanthe/XC346409__s55000__e58000.wav,
oenanthe_oenanthe,323843,Oenanthe oenanthe,/Users/justyna-przy/Projects/ISE/FYP/src/bird_data/raw/oenanthe_oenanthe/XC323843.mp3,1.0,4.0,-24.943414568561572,-27.48455574693707,drop,Oenanthe oenanthe,Northern Wheatear,0.2097197324037552,0.2097197324037552,drop,0,,,
oenanthe_oenanthe,323843,Oenanthe oenanthe,/Users/justyna-przy/Projects/ISE/FYP/src/bird_data/raw/oenanthe_oenanthe/XC323843.mp3,7.0,10.0,-20.83260927688112,-27.48455574693707,species,Oenanthe oenanthe,Northern Wheatear,0.7499574422836304,0.7499574422836304,species,1,rand_species,/Users/justyna-przy/Projects/ISE/FYP/src/bird_data/clips/species/oenanthe_oenanthe/XC323843__s7000__e10000.wav,
oenanthe_oenanthe,284878,Oenanthe oenanthe,/Users/justyna-przy/Projects/ISE/FYP/src/bird_data/raw/oenanthe_oenanthe/XC284878.mp3,4.0,7.0,-38.98706708488775,-39.68515259252935,non_bird,,,0.0,0.0,non_bird,1,nonbird_lowconf,/Users/justyna-przy/Projects/ISE/FYP/src/bird_data/clips/non_bird/oenanthe_oenanthe/XC284878__s4000__e7000.wav,
oenanthe_oenanthe,284878,Oenanthe oenanthe,/Users/justyna-przy/Projects/ISE/FYP/src/bird_data/raw/oenanthe_oenanthe/XC284878.mp3,7.0,10.0,-38.10831280753061,-39.68515259252935,drop,Spinus spinus,Eurasian Siskin,0.4708728790283203,0.4708728790283203,drop,0,,,
oenanthe_oenanthe,281431,Oenanthe oenanthe,/Users/justyna-przy/Projects/ISE/FYP/src/bird_data/raw/oenanthe_oenanthe/XC281431.mp3,7.0,10.0,-45.30162310270454,-40.0,drop,Iduna caligata,Booted Warbler,0.25478291511535645,0.25478291511535645,drop,0,,,
oenanthe_oenanthe,270399,Oenanthe oenanthe,/Users/justyna-przy/Projects/ISE/FYP/src/bird_data/raw/oenanthe_oenanthe/XC270399.mp3,1.0,4.0,-36.52739393959952,-36.85084742163146,non_bird,,,0.0,0.0,non_bird,1,nonbird_lowconf,/Users/justyna-przy/Projects/ISE/FYP/src/bird_data/clips/non_bird/oenanthe_oenanthe/XC270399__s1000__e4000.wav,
oenanthe_oenanthe,270399,Oenanthe oenanthe,/Users/justyna-przy/Projects/ISE/FYP/src/bird_data/raw/oenanthe_oenanthe/XC270399.mp3,4.0,7.0,-22.741451484672062,-36.85084742163146,non_bird,,,0.0,0.0,non_bird,1,nonbird_lowconf,/Users/justyna-przy/Projects/ISE/FYP/src/bird_data/clips/non_bird/oenanthe_oenanthe/XC270399__s4000__e7000.wav,
oenanthe_oenanthe,270399,Oenanthe oenanthe,/Users/justyna-przy/Projects/ISE/FYP/src/bird_data/raw/oenanthe_oenanthe/XC270399.mp3,7.0,10.0,-34.03767368535803,-36.85084742163146,drop,Anthus spinoletta,Water Pipit,0.1845499873161316,0.1845499873161316,drop,0,,,
oenanthe_oenanthe,254092,Oenanthe oenanthe,/Users/justyna-przy/Projects/ISE/FYP/src/bird_data/raw/oenanthe_oenanthe/XC254092.mp3,7.0,10.0,-34.19923038924289,-39.26889582259684,species,Oenanthe oenanthe,Northern Wheatear,0.73808354139328,0.73808354139328,species,1,rand_species,/Users/justyna-przy/Projects/ISE/FYP/src/bird_data/clips/species/oenanthe_oenanthe/XC254092__s7000__e10000.wav,
oenanthe_oenanthe,254092,Oenanthe oenanthe,/Users/justyna-przy/Projects/ISE/FYP/src/bird_data/raw/oenanthe_oenanthe/XC254092.mp3,10.0,13.0,-28.23142078074075,-39.26889582259684,species,Oenanthe oenanthe,Northern Wheatear,0.9771502017974854,0.9771502017974854,species,0,,,
oenanthe_oenanthe,254092,Oenanthe oenanthe,/Users/justyna-przy/Projects/ISE/FYP/src/bird_data/raw/oenanthe_oenanthe/XC254092.mp3,13.0,16.0,-36.61435248382061,-39.26889582259684,species,Oenanthe oenanthe,Northern Wheatear,0.8831997513771057,0.8831997513771057,species,0,,,
oenanthe_oenanthe,254092,Oenanthe oenanthe,/Users/justyna-przy/Projects/ISE/FYP/src/bird_data/raw/oenanthe_oenanthe/XC254092.mp3,16.0,19.0,-38.94305009988812,-39.26889582259684,species,Oenanthe oenanthe,Northern Wheatear,0.8393976092338562,0.8393976092338562,species,0,,,
oenanthe_oenanthe,254092,Oenanthe oenanthe,/Users/justyna-przy/Projects/ISE/FYP/src/bird_data/raw/oenanthe_oenanthe/XC254092.mp3,19.0,22.0,-28.69713912919174,-39.26889582259684,drop,Luscinia svecica,Bluethroat,0.8046013712882996,0.8046013712882996,drop,0,,,
oenanthe_oenanthe,254092,Oenanthe oenanthe,/Users/justyna-przy/Projects/ISE/FYP/src/bird_data/raw/oenanthe_oenanthe/XC254092.mp3,25.0,28.0,-36.52883130087937,-39.26889582259684,species,Oenanthe oenanthe,Northern Wheatear,0.9169893860816956,0.9169893860816956,species,1,rand_species,/Users/justyna-przy/Projects/ISE/FYP/src/bird_data/clips/species/oenanthe_oenanthe/XC254092__s25000__e28000.wav,
oenanthe_oenanthe,254092,Oenanthe oenanthe,/Users/justyna-przy/Projects/ISE/FYP/src/bird_data/raw/oenanthe_oenanthe/XC254092.mp3,28.0,31.0,-26.45072510654748,-39.26889582259684,species,Oenanthe oenanthe,Northern Wheatear,0.8651427030563354,0.8651427030563354,species,0,,,
oenanthe_oenanthe,254092,Oenanthe oenanthe,/Users/justyna-przy/Projects/ISE/FYP/src/bird_data/raw/oenanthe_oenanthe/XC254092.mp3,31.0,34.0,-26.54907715950008,-39.26889582259684,species,Oenanthe oenanthe,Northern Wheatear,0.9945961833000183,0.9945961833000183,species,1,rand_species,/Users/justyna-przy/Projects/ISE/FYP/src/bird_data/clips/species/oenanthe_oenanthe/XC254092__s31000__e34000.wav,
oenanthe_oenanthe,254091,Oenanthe oenanthe,/Users/justyna-przy/Projects/ISE/FYP/src/bird_data/raw/oenanthe_oenanthe/XC254091.mp3,7.0,10.0,-25.82164095096113,-26.915765883031668,species,Oenanthe oenanthe,Northern Wheatear,0.9990941286087036,0.9990941286087036,species,0,,,
oenanthe_oenanthe,254091,Oenanthe oenanthe,/Users/justyna-przy/Projects/ISE/FYP/src/bird_data/raw/oenanthe_oenanthe/XC254091.mp3,10.0,13.0,-24.730136121202356,-26.915765883031668,species,Oenanthe oenanthe,Northern Wheatear,0.991666853427887,0.991666853427887,species,0,,,
oenanthe_oenanthe,254091,Oenanthe oenanthe,/Users/justyna-przy/Projects/ISE/FYP/src/bird_data/raw/oenanthe_oenanthe/XC254091.mp3,13.0,16.0,-22.05206029520095,-26.915765883031668,species,Oenanthe oenanthe,Northern Wheatear,0.9900826811790466,0.9900826811790466,species,0,,,
oenanthe_oenanthe,254091,Oenanthe oenanthe,/Users/justyna-przy/Projects/ISE/FYP/src/bird_data/raw/oenanthe_oenanthe/XC254091.mp3,16.0,19.0,-23.725001076604553,-26.915765883031668,species,Oenanthe oenanthe,Northern Wheatear,0.9890308976173401,0.9890308976173401,species,0,,,
oenanthe_oenanthe,254091,Oenanthe oenanthe,/Users/justyna-przy/Projects/ISE/FYP/src/bird_data/raw/oenanthe_oenanthe/XC254091.mp3,19.0,22.0,-21.873920532366906,-26.915765883031668,species,Oenanthe oenanthe,Northern Wheatear,0.9953268766403198,0.9953268766403198,species,1,rand_species,/Users/justyna-przy/Projects/ISE/FYP/src/bird_data/clips/species/oenanthe_oenanthe/XC254091__s19000__e22000.wav,
oenanthe_oenanthe,254091,Oenanthe oenanthe,/Users/justyna-przy/Projects/ISE/FYP/src/bird_data/raw/oenanthe_oenanthe/XC254091.mp3,22.0,25.0,-22.41388250919816,-26.915765883031668,species,Oenanthe oenanthe,Northern Wheatear,0.9954936504364014,0.9954936504364014,species,0,,,
oenanthe_oenanthe,254091,Oenanthe oenanthe,/Users/justyna-przy/Projects/ISE/FYP/src/bird_data/raw/oenanthe_oenanthe/XC254091.mp3,25.0,28.0,-26.911971161433787,-26.915765883031668,species,Oenanthe oenanthe,Northern Wheatear,0.9651892185211182,0.9651892185211182,species,0,,,
oenanthe_oenanthe,254091,Oenanthe oenanthe,/Users/justyna-przy/Projects/ISE/FYP/src/bird_data/raw/oenanthe_oenanthe/XC254091.mp3,28.0,31.0,-22.711992120005103,-26.915765883031668,species,Oenanthe oenanthe,Northern Wheatear,0.9928179979324341,0.9928179979324341,species,1,rand_species,/Users/justyna-przy/Projects/ISE/FYP/src/bird_data/clips/species/oenanthe_oenanthe/XC254091__s28000__e31000.wav,
oenanthe_oenanthe,254091,Oenanthe oenanthe,/Users/justyna-przy/Projects/ISE/FYP/src/bird_data/raw/oenanthe_oenanthe/XC254091.mp3,31.0,34.0,-24.03297098940729,-26.915765883031668,species,Oenanthe oenanthe,Northern Wheatear,0.9901431798934937,0.9901431798934937,species,0,,,
oenanthe_oenanthe,254091,Oenanthe oenanthe,/Users/justyna-przy/Projects/ISE/FYP/src/bird_data/raw/oenanthe_oenanthe/XC254091.mp3,34.0,37.0,-25.540058284123766,-26.915765883031668,species,Oenanthe oenanthe,Northern Wheatear,0.9897506833076477,0.9897506833076477,species,1,rand_species,/Users/justyna-przy/Projects/ISE/FYP/src/bird_data/clips/species/oenanthe_oenanthe/XC254091__s34000__e37000.wav,
oenanthe_oenanthe,254089,Oenanthe oenanthe,/Users/justyna-przy/Projects/ISE/FYP/src/bird_data/raw/oenanthe_oenanthe/XC254089.mp3,1.0,4.0,-32.27992802131677,-32.46667602480952,drop,Anthus spinoletta,Water Pipit,0.6591759920120239,0.6591759920120239,drop,0,,,
oenanthe_oenanthe,254089,Oenanthe oenanthe,/Users/justyna-przy/Projects/ISE/FYP/src/bird_data/raw/oenanthe_oenanthe/XC254089.mp3,4.0,7.0,-28.971752844718367,-32.46667602480952,drop,Anthus spinoletta,Water Pipit,0.24906852841377258,0.24906852841377258,drop,0,,,
oenanthe_oenanthe,254089,Oenanthe oenanthe,/Users/justyna-przy/Projects/ISE/FYP/src/bird_data/raw/oenanthe_oenanthe/XC254089.mp3,7.0,10.0,-28.95422237547556,-32.46667602480952,drop,Anthus spinoletta,Water Pipit,0.8454281687736511,0.8454281687736511,drop,0,,,
oenanthe_oenanthe,246566,Oenanthe oenanthe,/Users/justyna-przy/Projects/ISE/FYP/src/bird_data/raw/oenanthe_oenanthe/XC246566.mp3,1.0,4.0,-26.296244940585236,-40.0,species,Oenanthe oenanthe,Northern Wheatear,0.8889724612236023,0.8889724612236023,species,1,rand_species,/Users/justyna-przy/Projects/ISE/FYP/src/bird_data/clips/species/oenanthe_oenanthe/XC246566__s1000__e4000.wav,
oenanthe_oenanthe,246566,Oenanthe oenanthe,/Users/justyna-przy/Projects/ISE/FYP/src/bird_data/raw/oenanthe_oenanthe/XC246566.mp3,7.0,10.0,-20.85300509290331,-40.0,species,Oenanthe oenanthe,Northern Wheatear,0.624563992023468,0.624563992023468,species,1,rand_species,/Users/justyna-przy/Projects/ISE/FYP/src/bird_data/clips/species/oenanthe_oenanthe/XC246566__s7000__e10000.wav,
oenanthe_oenanthe,246566,Oenanthe oenanthe,/Users/justyna-przy/Projects/ISE/FYP/src/bird_data/raw/oenanthe_oenanthe/XC246566.mp3,13.0,16.0,-25.73604490057639,-40.0,drop,Linaria cannabina,Eurasian Linnet,0.13162429630756378,0.13162429630756378,drop,0,,,
oenanthe_oenanthe,246566,Oenanthe oenanthe,/Users/justyna-przy/Projects/ISE/FYP/src/bird_data/raw/oenanthe_oenanthe/XC246566.mp3,19.0,22.0,-26.934940461235502,-40.0,species,Oenanthe oenanthe,Northern Wheatear,0.6273863315582275,0.6273863315582275,species,1,rand_species,/Users/justyna-przy/Projects/ISE/FYP/src/bird_data/clips/species/oenanthe_oenanthe/XC246566__s19000__e22000.wav,
oenanthe_oenanthe,246566,Oenanthe oenanthe,/Users/justyna-przy/Projects/ISE/FYP/src/bird_data/raw/oenanthe_oenanthe/XC246566.mp3,25.0,28.0,-30.65028969149273,-40.0,non_bird,,,0.0,0.0,non_bird,1,nonbird_lowconf,/Users/justyna-przy/Projects/ISE/FYP/src/bird_data/clips/non_bird/oenanthe_oenanthe/XC246566__s25000__e28000.wav,
oenanthe_oenanthe,246560,Oenanthe oenanthe,/Users/justyna-przy/Projects/ISE/FYP/src/bird_data/raw/oenanthe_oenanthe/XC246560.mp3,1.0,4.0,-25.130211365031133,-37.781742826328184,species,Oenanthe oenanthe,Northern Wheatear,0.9948369264602661,0.9948369264602661,species,1,rand_species,/Users/justyna-przy/Projects/ISE/FYP/src/bird_data/clips/species/oenanthe_oenanthe/XC246560__s1000__e4000.wav,
oenanthe_oenanthe,246560,Oenanthe oenanthe,/Users/justyna-przy/Projects/ISE/FYP/src/bird_data/raw/oenanthe_oenanthe/XC246560.mp3,4.0,7.0,-32.616913135766794,-37.781742826328184,species,Oenanthe oenanthe,Northern Wheatear,0.9779549241065979,0.9779549241065979,species,1,rand_species,/Users/justyna-przy/Projects/ISE/FYP/src/bird_data/clips/species/oenanthe_oenanthe/XC246560__s4000__e7000.wav,
oenanthe_oenanthe,246560,Oenanthe oenanthe,/Users/justyna-przy/Projects/ISE/FYP/src/bird_data/raw/oenanthe_oenanthe/XC246560.mp3,7.0,10.0,-31.325122490787184,-37.781742826328184,species,Oenanthe oenanthe,Northern Wheatear,0.9944702386856079,0.9944702386856079,species,0,,,
oenanthe_oenanthe,246560,Oenanthe oenanthe,/Users/justyna-przy/Projects/ISE/FYP/src/bird_data/raw/oenanthe_oenanthe/XC246560.mp3,13.0,16.0,-34.53110153948494,-37.781742826328184,species,Oenanthe oenanthe,Northern Wheatear,0.9941319823265076,0.9941319823265076,species,1,rand_species,/Users/justyna-przy/Projects/ISE/FYP/src/bird_data/clips/species/oenanthe_oenanthe/XC246560__s13000__e16000.wav,
oenanthe_oenanthe,212863,Oenanthe oenanthe,/Users/justyna-przy/Projects/ISE/FYP/src/bird_data/raw/oenanthe_oenanthe/XC212863.mp3,1.0,4.0,-37.27096584071626,-38.378318866340365,species,Oenanthe oenanthe,Northern Wheatear,0.9990839958190918,0.9990839958190918,species,1,rand_species,/Users/justyna-przy/Projects/ISE/FYP/src/bird_data/clips/species/oenanthe_oenanthe/XC212863__s1000__e4000.wav,
oenanthe_oenanthe,212863,Oenanthe oenanthe,/Users/justyna-przy/Projects/ISE/FYP/src/bird_data/raw/oenanthe_oenanthe/XC212863.mp3,7.0,10.0,-38.28762828510279,-38.378318866340365,species,Oenanthe oenanthe,Northern Wheatear,0.9973006844520569,0.9973006844520569,species,1,rand_species,/Users/justyna-przy/Projects/ISE/FYP/src/bird_data/clips/species/oenanthe_oenanthe/XC212863__s7000__e10000.wav,
oenanthe_oenanthe,212863,Oenanthe oenanthe,/Users/justyna-przy/Projects/ISE/FYP/src/bird_data/raw/oenanthe_oenanthe/XC212863.mp3,10.0,13.0,-38.073763210526046,-38.378318866340365,species,Oenanthe oenanthe,Northern Wheatear,0.999213457107544,0.999213457107544,species,1,rand_species,/Users/justyna-przy/Projects/ISE/FYP/src/bird_data/clips/species/oenanthe_oenanthe/XC212863__s10000__e13000.wav,
oenanthe_oenanthe,206245,Oenanthe oenanthe,/Users/justyna-przy/Projects/ISE/FYP/src/bird_data/raw/oenanthe_oenanthe/XC206245.mp3,10.0,13.0,-26.425511195228708,-28.084507118507,species,Oenanthe oenanthe,Northern Wheatear,0.9992344379425049,0.9992344379425049,species,1,rand_species,/Users/justyna-przy/Projects/ISE/FYP/src/bird_data/clips/species/oenanthe_oenanthe/XC206245__s10000__e13000.wav,
oenanthe_oenanthe,206245,Oenanthe oenanthe,/Users/justyna-przy/Projects/ISE/FYP/src/bird_data/raw/oenanthe_oenanthe/XC206245.mp3,13.0,16.0,-27.246681669173334,-28.084507118507,species,Oenanthe oenanthe,Northern Wheatear,0.9983757734298706,0.9983757734298706,species,0,,,
oenanthe_oenanthe,206245,Oenanthe oenanthe,/Users/justyna-przy/Projects/ISE/FYP/src/bird_data/raw/oenanthe_oenanthe/XC206245.mp3,16.0,19.0,-20.285299887162537,-28.084507118507,species,Oenanthe oenanthe,Northern Wheatear,0.9997202754020691,0.9997202754020691,species,0,,,
oenanthe_oenanthe,206245,Oenanthe oenanthe,/Users/justyna-przy/Projects/ISE/FYP/src/bird_data/raw/oenanthe_oenanthe/XC206245.mp3,19.0,22.0,-22.52143601322444,-28.084507118507,species,Oenanthe oenanthe,Northern Wheatear,0.9994914531707764,0.9994914531707764,species,0,,,
oenanthe_oenanthe,206245,Oenanthe oenanthe,/Users/justyna-przy/Projects/ISE/FYP/src/bird_data/raw/oenanthe_oenanthe/XC206245.mp3,22.0,25.0,-25.166722214024738,-28.084507118507,species,Oenanthe oenanthe,Northern Wheatear,0.9995933175086975,0.9995933175086975,species,0,,,
oenanthe_oenanthe,206245,Oenanthe oenanthe,/Users/justyna-przy/Projects/ISE/FYP/src/bird_data/raw/oenanthe_oenanthe/XC206245.mp3,25.0,28.0,-26.558853471467316,-28.084507118507,species,Oenanthe oenanthe,Northern Wheatear,0.9994239807128906,0.9994239807128906,species,0,,,
oenanthe_oenanthe,206245,Oenanthe oenanthe,/Users/justyna-przy/Projects/ISE/FYP/src/bird_data/raw/oenanthe_oenanthe/XC206245.mp3,28.0,31.0,-26.675567962718905,-28.084507118507,species,Oenanthe oenanthe,Northern Wheatear,0.9995062351226807,0.9995062351226807,species,0,,,
oenanthe_oenanthe,206245,Oenanthe oenanthe,/Users/justyna-przy/Projects/ISE/FYP/src/bird_data/raw/oenanthe_oenanthe/XC206245.mp3,37.0,40.0,-27.94229754922382,-28.084507118507,species,Oenanthe oenanthe,Northern Wheatear,0.9967948794364929,0.9967948794364929,species,0,,,
oenanthe_oenanthe,206245,Oenanthe oenanthe,/Users/justyna-przy/Projects/ISE/FYP/src/bird_data/raw/oenanthe_oenanthe/XC206245.mp3,40.0,43.0,-26.34711605274071,-28.084507118507,species,Oenanthe oenanthe,Northern Wheatear,0.9976441264152527,0.9976441264152527,species,1,rand_species,/Users/justyna-przy/Projects/ISE/FYP/src/bird_data/clips/species/oenanthe_oenanthe/XC206245__s40000__e43000.wav,
oenanthe_oenanthe,206245,Oenanthe oenanthe,/Users/justyna-przy/Projects/ISE/FYP/src/bird_data/raw/oenanthe_oenanthe/XC206245.mp3,43.0,46.0,-26.749643408734393,-28.084507118507,species,Oenanthe oenanthe,Northern Wheatear,0.994385838508606,0.994385838508606,species,0,,,
oenanthe_oenanthe,206245,Oenanthe oenanthe,/Users/justyna-przy/Projects/ISE/FYP/src/bird_data/raw/oenanthe_oenanthe/XC206245.mp3,46.0,49.0,-25.324633711970268,-28.084507118507,species,Oenanthe oenanthe,Northern Wheatear,0.9998501539230347,0.9998501539230347,species,1,rand_species,/Users/justyna-przy/Projects/ISE/FYP/src/bird_data/clips/species/oenanthe_oenanthe/XC206245__s46000__e49000.wav,
oenanthe_oenanthe,199471,Oenanthe oenanthe,/Users/justyna-przy/Projects/ISE/FYP/src/bird_data/raw/oenanthe_oenanthe/XC199471.mp3,1.0,4.0,-27.05946961151639,-29.31700683833384,species,Oenanthe oenanthe,Northern Wheatear,0.9974954128265381,0.9974954128265381,species,1,rand_species,/Users/justyna-przy/Projects/ISE/FYP/src/bird_data/clips/species/oenanthe_oenanthe/XC199471__s1000__e4000.wav,
oenanthe_oenanthe,199471,Oenanthe oenanthe,/Users/justyna-przy/Projects/ISE/FYP/src/bird_data/raw/oenanthe_oenanthe/XC199471.mp3,4.0,7.0,-28.977859809609537,-29.31700683833384,species,Oenanthe oenanthe,Northern Wheatear,0.9931133389472961,0.9931133389472961,species,1,rand_species,/Users/justyna-przy/Projects/ISE/FYP/src/bird_data/clips/species/oenanthe_oenanthe/XC199471__s4000__e7000.wav,
oenanthe_oenanthe,199471,Oenanthe oenanthe,/Users/justyna-przy/Projects/ISE/FYP/src/bird_data/raw/oenanthe_oenanthe/XC199471.mp3,10.0,13.0,-23.106656054558,-29.31700683833384,species,Oenanthe oenanthe,Northern Wheatear,0.9986710548400879,0.9986710548400879,species,1,rand_species,/Users/justyna-przy/Projects/ISE/FYP/src/bird_data/clips/species/oenanthe_oenanthe/XC199471__s10000__e13000.wav,
oenanthe_oenanthe,198129,Oenanthe oenanthe,/Users/justyna-przy/Projects/ISE/FYP/src/bird_data/raw/oenanthe_oenanthe/XC198129.mp3,1.0,4.0,-34.28113718434914,-39.89563101603532,species,Oenanthe oenanthe,Northern Wheatear,0.8540330529212952,0.8540330529212952,species,0,,,
oenanthe_oenanthe,198129,Oenanthe oenanthe,/Users/justyna-przy/Projects/ISE/FYP/src/bird_data/raw/oenanthe_oenanthe/XC198129.mp3,4.0,7.0,-39.75703301837422,-39.89563101603532,species,Oenanthe oenanthe,Northern Wheatear,0.8690599203109741,0.8690599203109741,species,0,,,
oenanthe_oenanthe,198129,Oenanthe oenanthe,/Users/justyna-przy/Projects/ISE/FYP/src/bird_data/raw/oenanthe_oenanthe/XC198129.mp3,7.0,10.0,-37.12577192924839,-39.89563101603532,species,Oenanthe oenanthe,Northern Wheatear,0.8261856436729431,0.8261856436729431,species,0,,,
oenanthe_oenanthe,198129,Oenanthe oenanthe,/Users/justyna-przy/Projects/ISE/FYP/src/bird_data/raw/oenanthe_oenanthe/XC198129.mp3,10.0,13.0,-37.159586559406,-39.89563101603532,species,Oenanthe oenanthe,Northern Wheatear,0.8223116397857666,0.8223116397857666,species,1,rand_species,/Users/justyna-przy/Projects/ISE/FYP/src/bird_data/clips/species/oenanthe_oenanthe/XC198129__s10000__e13000.wav,
oenanthe_oenanthe,198129,Oenanthe oenanthe,/Users/justyna-przy/Projects/ISE/FYP/src/bird_data/raw/oenanthe_oenanthe/XC198129.mp3,19.0,22.0,-35.484001220523474,-39.89563101603532,species,Oenanthe oenanthe,Northern Wheatear,0.9357622861862183,0.9357622861862183,species,1,rand_species,/Users/justyna-przy/Projects/ISE/FYP/src/bird_data/clips/species/oenanthe_oenanthe/XC198129__s19000__e22000.wav,
oenanthe_oenanthe,198129,Oenanthe oenanthe,/Users/justyna-przy/Projects/ISE/FYP/src/bird_data/raw/oenanthe_oenanthe/XC198129.mp3,22.0,25.0,-35.981752299541036,-39.89563101603532,species,Oenanthe oenanthe,Northern Wheatear,0.8477907776832581,0.8477907776832581,species,0,,,
oenanthe_oenanthe,198129,Oenanthe oenanthe,/Users/justyna-przy/Projects/ISE/FYP/src/bird_data/raw/oenanthe_oenanthe/XC198129.mp3,28.0,31.0,-35.39451254970786,-39.89563101603532,species,Oenanthe oenanthe,Northern Wheatear,0.9549123644828796,0.9549123644828796,species,1,rand_species,/Users/justyna-przy/Projects/ISE/FYP/src/bird_data/clips/species/oenanthe_oenanthe/XC198129__s28000__e31000.wav,
oenanthe_oenanthe,189754,Oenanthe oenanthe,/Users/justyna-przy/Projects/ISE/FYP/src/bird_data/raw/oenanthe_oenanthe/XC189754.mp3,4.0,7.0,-23.893192647602547,-26.808867124306012,species,Oenanthe oenanthe,Northern Wheatear,0.6113014817237854,0.6113014817237854,species,1,rand_species,/Users/justyna-przy/Projects/ISE/FYP/src/bird_data/clips/species/oenanthe_oenanthe/XC189754__s4000__e7000.wav,
oenanthe_oenanthe,189754,Oenanthe oenanthe,/Users/justyna-przy/Projects/ISE/FYP/src/bird_data/raw/oenanthe_oenanthe/XC189754.mp3,7.0,10.0,-21.464644325121903,-26.808867124306012,species,Oenanthe oenanthe,Northern Wheatear,0.5299281477928162,0.5299281477928162,species,1,rand_species,/Users/justyna-przy/Projects/ISE/FYP/src/bird_data/clips/species/oenanthe_oenanthe/XC189754__s7000__e10000.wav,
oenanthe_oenanthe,189753,Oenanthe oenanthe,/Users/justyna-przy/Projects/ISE/FYP/src/bird_data/raw/oenanthe_oenanthe/XC189753.mp3,1.0,4.0,-23.442928408684885,-25.544968168365006,species,Oenanthe oenanthe,Northern Wheatear,0.38942381739616394,0.38942381739616394,species,1,rand_species,/Users/justyna-przy/Projects/ISE/FYP/src/bird_data/clips/species/oenanthe_oenanthe/XC189753__s1000__e4000.wav,
oenanthe_oenanthe,189753,Oenanthe oenanthe,/Users/justyna-przy/Projects/ISE/FYP/src/bird_data/raw/oenanthe_oenanthe/XC189753.mp3,7.0,10.0,-20.096184286052825,-25.544968168365006,species,Oenanthe oenanthe,Northern Wheatear,0.9962691068649292,0.9962691068649292,species,1,rand_species,/Users/justyna-przy/Projects/ISE/FYP/src/bird_data/clips/species/oenanthe_oenanthe/XC189753__s7000__e10000.wav,
oenanthe_oenanthe,178361,Oenanthe oenanthe,/Users/justyna-przy/Projects/ISE/FYP/src/bird_data/raw/oenanthe_oenanthe/XC178361.mp3,4.0,7.0,-22.20448259083442,-24.57200798705573,species,Oenanthe oenanthe,Northern Wheatear,0.9730965495109558,0.9730965495109558,species,1,rand_species,/Users/justyna-przy/Projects/ISE/FYP/src/bird_data/clips/species/oenanthe_oenanthe/XC178361__s4000__e7000.wav,
oenanthe_oenanthe,175334,Oenanthe oenanthe,/Users/justyna-przy/Projects/ISE/FYP/src/bird_data/raw/oenanthe_oenanthe/XC175334.mp3,1.0,4.0,-21.42068086640553,-21.42068086640553,drop,Prunella collaris,Alpine Accentor,0.18143349885940552,0.18143349885940552,drop,0,,,
oenanthe_oenanthe,147724,Oenanthe oenanthe,/Users/justyna-przy/Projects/ISE/FYP/src/bird_data/raw/oenanthe_oenanthe/XC147724.mp3,1.0,4.0,-26.250282364296208,-30.756548292939037,species,Oenanthe oenanthe,Northern Wheatear,0.9983899593353271,0.9983899593353271,species,0,,,
oenanthe_oenanthe,147724,Oenanthe oenanthe,/Users/justyna-przy/Projects/ISE/FYP/src/bird_data/raw/oenanthe_oenanthe/XC147724.mp3,7.0,10.0,-28.703240166483596,-30.756548292939037,species,Oenanthe oenanthe,Northern Wheatear,0.9630529284477234,0.9630529284477234,species,0,,,
oenanthe_oenanthe,147724,Oenanthe oenanthe,/Users/justyna-przy/Projects/ISE/FYP/src/bird_data/raw/oenanthe_oenanthe/XC147724.mp3,10.0,13.0,-25.47615784233451,-30.756548292939037,species,Oenanthe oenanthe,Northern Wheatear,0.9941996335983276,0.9941996335983276,species,1,rand_species,/Users/justyna-przy/Projects/ISE/FYP/src/bird_data/clips/species/oenanthe_oenanthe/XC147724__s10000__e13000.wav,
oenanthe_oenanthe,147724,Oenanthe oenanthe,/Users/justyna-przy/Projects/ISE/FYP/src/bird_data/raw/oenanthe_oenanthe/XC147724.mp3,13.0,16.0,-29.415409650908636,-30.756548292939037,species,Oenanthe oenanthe,Northern Wheatear,0.40579062700271606,0.40579062700271606,species,0,,,
oenanthe_oenanthe,147724,Oenanthe oenanthe,/Users/justyna-przy/Projects/ISE/FYP/src/bird_data/raw/oenanthe_oenanthe/XC147724.mp3,16.0,19.0,-26.555543005597606,-30.756548292939037,species,Oenanthe oenanthe,Northern Wheatear,0.9964214563369751,0.9964214563369751,species,1,rand_species,/Users/justyna-przy/Projects/ISE/FYP/src/bird_data/clips/species/oenanthe_oenanthe/XC147724__s16000__e19000.wav,
oenanthe_oenanthe,147724,Oenanthe oenanthe,/Users/justyna-przy/Projects/ISE/FYP/src/bird_data/raw/oenanthe_oenanthe/XC147724.mp3,19.0,22.0,-26.472056445400707,-30.756548292939037,species,Oenanthe oenanthe,Northern Wheatear,0.9850228428840637,0.9850228428840637,species,1,rand_species,/Users/justyna-przy/Projects/ISE/FYP/src/bird_data/clips/species/oenanthe_oenanthe/XC147724__s19000__e22000.wav,
oenanthe_oenanthe,147724,Oenanthe oenanthe,/Users/justyna-przy/Projects/ISE/FYP/src/bird_data/raw/oenanthe_oenanthe/XC147724.mp3,22.0,25.0,-30.337373244812106,-30.756548292939037,drop,Oenanthe oenanthe,Northern Wheatear,0.22119589149951935,0.22119589149951935,drop,0,,,
oenanthe_oenanthe,147724,Oenanthe oenanthe,/Users/justyna-przy/Projects/ISE/FYP/src/bird_data/raw/oenanthe_oenanthe/XC147724.mp3,28.0,31.0,-26.201579137495095,-30.756548292939037,species,Oenanthe oenanthe,Northern Wheatear,0.9963994026184082,0.9963994026184082,species,0,,,
oenanthe_oenanthe,147723,Oenanthe oenanthe,/Users/justyna-przy/Projects/ISE/FYP/src/bird_data/raw/oenanthe_oenanthe/XC147723.mp3,1.0,4.0,-28.465355505883355,-37.415926665001834,species,Oenanthe oenanthe,Northern Wheatear,0.7218562364578247,0.7218562364578247,species,1,rand_species,/Users/justyna-przy/Projects/ISE/FYP/src/bird_data/clips/species/oenanthe_oenanthe/XC147723__s1000__e4000.wav,
oenanthe_oenanthe,147723,Oenanthe oenanthe,/Users/justyna-przy/Projects/ISE/FYP/src/bird_data/raw/oenanthe_oenanthe/XC147723.mp3,4.0,7.0,-31.960667557179715,-37.415926665001834,drop,Oenanthe oenanthe,Northern Wheatear,0.29548826813697815,0.29548826813697815,drop,0,,,
oenanthe_oenanthe,147723,Oenanthe oenanthe,/Users/justyna-przy/Projects/ISE/FYP/src/bird_data/raw/oenanthe_oenanthe/XC147723.mp3,7.0,10.0,-33.407198417820865,-37.415926665001834,drop,Oenanthe oenanthe,Northern Wheatear,0.18187610805034637,0.18187610805034637,drop,0,,,
oenanthe_oenanthe,147723,Oenanthe oenanthe,/Users/justyna-przy/Projects/ISE/FYP/src/bird_data/raw/oenanthe_oenanthe/XC147723.mp3,16.0,19.0,-35.37441471729133,-37.415926665001834,drop,Luscinia svecica,Bluethroat,0.24942296743392944,0.24942296743392944,drop,0,,,
oenanthe_oenanthe,147723,Oenanthe oenanthe,/Users/justyna-przy/Projects/ISE/FYP/src/bird_data/raw/oenanthe_oenanthe/XC147723.mp3,19.0,22.0,-35.431125392279,-37.415926665001834,species,Oenanthe oenanthe,Northern Wheatear,0.4883600175380707,0.4883600175380707,species,1,rand_species,/Users/justyna-przy/Projects/ISE/FYP/src/bird_data/clips/species/oenanthe_oenanthe/XC147723__s19000__e22000.wav,
oenanthe_oenanthe,147723,Oenanthe oenanthe,/Users/justyna-przy/Projects/ISE/FYP/src/bird_data/raw/oenanthe_oenanthe/XC147723.mp3,22.0,25.0,-30.90004637413245,-37.415926665001834,drop,Oenanthe oenanthe,Northern Wheatear,0.2860461473464966,0.2860461473464966,drop,0,,,
oenanthe_oenanthe,147723,Oenanthe oenanthe,/Users/justyna-przy/Projects/ISE/FYP/src/bird_data/raw/oenanthe_oenanthe/XC147723.mp3,25.0,28.0,-31.467997897718185,-37.415926665001834,drop,Iduna rama,Sykes's Warbler,0.4130655527114868,0.4130655527114868,drop,0,,,
oenanthe_oenanthe,147723,Oenanthe oenanthe,/Users/justyna-przy/Projects/ISE/FYP/src/bird_data/raw/oenanthe_oenanthe/XC147723.mp3,28.0,31.0,-31.424621765292493,-37.415926665001834,species,Oenanthe oenanthe,Northern Wheatear,0.6279979348182678,0.6279979348182678,species,1,rand_species,/Users/justyna-przy/Projects/ISE/FYP/src/bird_data/clips/species/oenanthe_oenanthe/XC147723__s28000__e31000.wav,
oenanthe_oenanthe,147723,Oenanthe oenanthe,/Users/justyna-przy/Projects/ISE/FYP/src/bird_data/raw/oenanthe_oenanthe/XC147723.mp3,31.0,34.0,-30.023183014952053,-37.415926665001834,species,Oenanthe oenanthe,Northern Wheatear,0.8560000658035278,0.8560000658035278,species,0,,,
oenanthe_oenanthe,147723,Oenanthe oenanthe,/Users/justyna-przy/Projects/ISE/FYP/src/bird_data/raw/oenanthe_oenanthe/XC147723.mp3,34.0,37.0,-31.18382106940073,-37.415926665001834,drop,Lanius collurio,Red-backed Shrike,0.7630414962768555,0.7630414962768555,drop,0,,,
oenanthe_oenanthe,140094,Oenanthe oenanthe,/Users/justyna-przy/Projects/ISE/FYP/src/bird_data/raw/oenanthe_oenanthe/XC140094.mp3,4.0,7.0,-26.380602795931857,-30.434784472771153,drop,Monticola solitarius,Blue Rock-Thrush,0.24035346508026123,0.24035346508026123,drop,0,,,
oenanthe_oenanthe,140094,Oenanthe oenanthe,/Users/justyna-przy/Projects/ISE/FYP/src/bird_data/raw/oenanthe_oenanthe/XC140094.mp3,10.0,13.0,-30.409725849057274,-30.434784472771153,non_bird,,,0.0,0.0,non_bird,1,nonbird_lowconf,/Users/justyna-przy/Projects/ISE/FYP/src/bird_data/clips/non_bird/oenanthe_oenanthe/XC140094__s10000__e13000.wav,
oenanthe_oenanthe,140094,Oenanthe oenanthe,/Users/justyna-przy/Projects/ISE/FYP/src/bird_data/raw/oenanthe_oenanthe/XC140094.mp3,13.0,16.0,-27.047715018501385,-30.434784472771153,drop,Oenanthe oenanthe,Northern Wheatear,0.18119046092033386,0.18119046092033386,drop,0,,,
oenanthe_oenanthe,140094,Oenanthe oenanthe,/Users/justyna-przy/Projects/ISE/FYP/src/bird_data/raw/oenanthe_oenanthe/XC140094.mp3,16.0,19.0,-28.891724665358012,-30.434784472771153,species,Oenanthe oenanthe,Northern Wheatear,0.8904535174369812,0.8904535174369812,species,0,,,
oenanthe_oenanthe,140094,Oenanthe oenanthe,/Users/justyna-przy/Projects/ISE/FYP/src/bird_data/raw/oenanthe_oenanthe/XC140094.mp3,22.0,25.0,-27.136456367070537,-30.434784472771153,drop,Monticola solitarius,Blue Rock-Thrush,0.6718229055404663,0.6718229055404663,drop,0,,,
oenanthe_oenanthe,140094,Oenanthe oenanthe,/Users/justyna-przy/Projects/ISE/FYP/src/bird_data/raw/oenanthe_oenanthe/XC140094.mp3,31.0,34.0,-24.771772593309983,-30.434784472771153,species,Oenanthe oenanthe,Northern Wheatear,0.528120756149292,0.528120756149292,species,1,rand_species,/Users/justyna-przy/Projects/ISE/FYP/src/bird_data/clips/species/oenanthe_oenanthe/XC140094__s31000__e34000.wav,
oenanthe_oenanthe,140094,Oenanthe oenanthe,/Users/justyna-przy/Projects/ISE/FYP/src/bird_data/raw/oenanthe_oenanthe/XC140094.mp3,34.0,37.0,-29.843046019379496,-30.434784472771153,drop,Monticola solitarius,Blue Rock-Thrush,0.40939298272132874,0.40939298272132874,drop,0,,,
oenanthe_oenanthe,140094,Oenanthe oenanthe,/Users/justyna-przy/Projects/ISE/FYP/src/bird_data/raw/oenanthe_oenanthe/XC140094.mp3,37.0,40.0,-21.920883017330336,-30.434784472771153,species,Oenanthe oenanthe,Northern Wheatear,0.93193519115448,0.93193519115448,species,1,rand_species,/Users/justyna-przy/Projects/ISE/FYP/src/bird_data/clips/species/oenanthe_oenanthe/XC140094__s37000__e40000.wav,
oenanthe_oenanthe,140094,Oenanthe oenanthe,/Users/justyna-przy/Projects/ISE/FYP/src/bird_data/raw/oenanthe_oenanthe/XC140094.mp3,40.0,43.0,-25.437555958385136,-30.434784472771153,drop,Monticola solitarius,Blue Rock-Thrush,0.4404869079589844,0.4404869079589844,drop,0,,,
oenanthe_oenanthe,140094,Oenanthe oenanthe,/Users/justyna-przy/Projects/ISE/FYP/src/bird_data/raw/oenanthe_oenanthe/XC140094.mp3,43.0,46.0,-27.499307365279225,-30.434784472771153,species,Oenanthe oenanthe,Northern Wheatear,0.9122380614280701,0.9122380614280701,species,1,rand_species,/Users/justyna-przy/Projects/ISE/FYP/src/bird_data/clips/species/oenanthe_oenanthe/XC140094__s43000__e46000.wav,
oenanthe_oenanthe,139120,Oenanthe oenanthe,/Users/justyna-przy/Projects/ISE/FYP/src/bird_data/raw/oenanthe_oenanthe/XC139120.mp3,1.0,4.0,-27.426678129721893,-27.65292351227988,species,Oenanthe oenanthe,Northern Wheatear,0.9938547015190125,0.9938547015190125,species,0,,,
oenanthe_oenanthe,139120,Oenanthe oenanthe,/Users/justyna-przy/Projects/ISE/FYP/src/bird_data/raw/oenanthe_oenanthe/XC139120.mp3,7.0,10.0,-24.546893046110768,-27.65292351227988,species,Oenanthe oenanthe,Northern Wheatear,0.967376708984375,0.967376708984375,species,0,,,
oenanthe_oenanthe,139120,Oenanthe oenanthe,/Users/justyna-przy/Projects/ISE/FYP/src/bird_data/raw/oenanthe_oenanthe/XC139120.mp3,10.0,13.0,-25.834697848021847,-27.65292351227988,species,Oenanthe oenanthe,Northern Wheatear,0.9100064635276794,0.9100064635276794,species,1,rand_species,/Users/justyna-przy/Projects/ISE/FYP/src/bird_data/clips/species/oenanthe_oenanthe/XC139120__s10000__e13000.wav,
oenanthe_oenanthe,139120,Oenanthe oenanthe,/Users/justyna-przy/Projects/ISE/FYP/src/bird_data/raw/oenanthe_oenanthe/XC139120.mp3,13.0,16.0,-26.729001224142493,-27.65292351227988,species,Oenanthe oenanthe,Northern Wheatear,0.9893383979797363,0.9893383979797363,species,1,rand_species,/Users/justyna-przy/Projects/ISE/FYP/src/bird_data/clips/species/oenanthe_oenanthe/XC139120__s13000__e16000.wav,
oenanthe_oenanthe,139120,Oenanthe oenanthe,/Users/justyna-przy/Projects/ISE/FYP/src/bird_data/raw/oenanthe_oenanthe/XC139120.mp3,16.0,19.0,-24.96763278582366,-27.65292351227988,species,Oenanthe oenanthe,Northern Wheatear,0.9332733154296875,0.9332733154296875,species,1,rand_species,/Users/justyna-przy/Projects/ISE/FYP/src/bird_data/clips/species/oenanthe_oenanthe/XC139120__s16000__e19000.wav,
oenanthe_oenanthe,139120,Oenanthe oenanthe,/Users/justyna-przy/Projects/ISE/FYP/src/bird_data/raw/oenanthe_oenanthe/XC139120.mp3,19.0,22.0,-23.442617705575724,-27.65292351227988,species,Oenanthe oenanthe,Northern Wheatear,0.9864181876182556,0.9864181876182556,species,0,,,
oenanthe_oenanthe,139120,Oenanthe oenanthe,/Users/justyna-przy/Projects/ISE/FYP/src/bird_data/raw/oenanthe_oenanthe/XC139120.mp3,28.0,31.0,-25.40446433698493,-27.65292351227988,species,Oenanthe oenanthe,Northern Wheatear,0.7148007154464722,0.7148007154464722,species,0,,,
oenanthe_oenanthe,110739,Oenanthe oenanthe,/Users/justyna-przy/Projects/ISE/FYP/src/bird_data/raw/oenanthe_oenanthe/XC110739.mp3,1.0,4.0,-38.885045010227365,-40.0,drop,Saxicola rubetra,Whinchat,0.34260401129722595,0.34260401129722595,drop,0,,,
oenanthe_oenanthe,110739,Oenanthe oenanthe,/Users/justyna-przy/Projects/ISE/FYP/src/bird_data/raw/oenanthe_oenanthe/XC110739.mp3,4.0,7.0,-29.00689199208137,-40.0,drop,Saxicola rubetra,Whinchat,0.8648563027381897,0.8648563027381897,drop,0,,,
oenanthe_oenanthe,110739,Oenanthe oenanthe,/Users/justyna-przy/Projects/ISE/FYP/src/bird_data/raw/oenanthe_oenanthe/XC110739.mp3,7.0,10.0,-25.161107155432102,-40.0,drop,Saxicola rubetra,Whinchat,0.9923740029335022,0.9923740029335022,drop,0,,,
oenanthe_oenanthe,110739,Oenanthe oenanthe,/Users/justyna-przy/Projects/ISE/FYP/src/bird_data/raw/oenanthe_oenanthe/XC110739.mp3,22.0,25.0,-26.845414210488702,-40.0,drop,Saxicola rubetra,Whinchat,0.8986985087394714,0.8986985087394714,drop,0,,,
oenanthe_oenanthe,110739,Oenanthe oenanthe,/Users/justyna-przy/Projects/ISE/FYP/src/bird_data/raw/oenanthe_oenanthe/XC110739.mp3,28.0,31.0,-29.407873704069814,-40.0,drop,Saxicola rubetra,Whinchat,0.796734094619751,0.796734094619751,drop,0,,,
oenanthe_oenanthe,110739,Oenanthe oenanthe,/Users/justyna-przy/Projects/ISE/FYP/src/bird_data/raw/oenanthe_oenanthe/XC110739.mp3,34.0,37.0,-28.117280271884944,-40.0,drop,Saxicola rubetra,Whinchat,0.9971320629119873,0.9971320629119873,drop,0,,,
oenanthe_oenanthe,110739,Oenanthe oenanthe,/Users/justyna-przy/Projects/ISE/FYP/src/bird_data/raw/oenanthe_oenanthe/XC110739.mp3,37.0,40.0,-30.27803357876539,-40.0,drop,Saxicola rubetra,Whinchat,0.9504544138908386,0.9504544138908386,drop,0,,,
oenanthe_oenanthe,110739,Oenanthe oenanthe,/Users/justyna-przy/Projects/ISE/FYP/src/bird_data/raw/oenanthe_oenanthe/XC110739.mp3,43.0,46.0,-21.02271606361679,-40.0,non_bird,,,0.0,0.0,non_bird,1,nonbird_lowconf,/Users/justyna-przy/Projects/ISE/FYP/src/bird_data/clips/non_bird/oenanthe_oenanthe/XC110739__s43000__e46000.wav,
oenanthe_oenanthe,109129,Oenanthe oenanthe,/Users/justyna-przy/Projects/ISE/FYP/src/bird_data/raw/oenanthe_oenanthe/XC109129.mp3,10.0,13.0,-24.641556089169654,-29.765084472443334,species,Oenanthe oenanthe,Northern Wheatear,0.9315957427024841,0.9315957427024841,species,1,rand_species,/Users/justyna-przy/Projects/ISE/FYP/src/bird_data/clips/species/oenanthe_oenanthe/XC109129__s10000__e13000.wav,
oenanthe_oenanthe,109129,Oenanthe oenanthe,/Users/justyna-przy/Projects/ISE/FYP/src/bird_data/raw/oenanthe_oenanthe/XC109129.mp3,13.0,16.0,-28.818041691856994,-29.765084472443334,species,Oenanthe oenanthe,Northern Wheatear,0.998580813407898,0.998580813407898,species,0,,,
oenanthe_oenanthe,109129,Oenanthe oenanthe,/Users/justyna-przy/Projects/ISE/FYP/src/bird_data/raw/oenanthe_oenanthe/XC109129.mp3,16.0,19.0,-26.652133502360886,-29.765084472443334,species,Oenanthe oenanthe,Northern Wheatear,0.9941282272338867,0.9941282272338867,species,1,rand_species,/Users/justyna-przy/Projects/ISE/FYP/src/bird_data/clips/species/oenanthe_oenanthe/XC109129__s16000__e19000.wav,
oenanthe_oenanthe,109129,Oenanthe oenanthe,/Users/justyna-przy/Projects/ISE/FYP/src/bird_data/raw/oenanthe_oenanthe/XC109129.mp3,19.0,22.0,-26.94143534770166,-29.765084472443334,species,Oenanthe oenanthe,Northern Wheatear,0.9811885952949524,0.9811885952949524,species,1,rand_species,/Users/justyna-przy/Projects/ISE/FYP/src/bird_data/clips/species/oenanthe_oenanthe/XC109129__s19000__e22000.wav,
oenanthe_oenanthe,109129,Oenanthe oenanthe,/Users/justyna-przy/Projects/ISE/FYP/src/bird_data/raw/oenanthe_oenanthe/XC109129.mp3,22.0,25.0,-27.6470425420943,-29.765084472443334,species,Oenanthe oenanthe,Northern Wheatear,0.988591730594635,0.988591730594635,species,0,,,
oenanthe_oenanthe,109129,Oenanthe oenanthe,/Users/justyna-przy/Projects/ISE/FYP/src/bird_data/raw/oenanthe_oenanthe/XC109129.mp3,25.0,28.0,-29.699108268065796,-29.765084472443334,species,Oenanthe oenanthe,Northern Wheatear,0.9846237301826477,0.9846237301826477,species,0,,,
oenanthe_oenanthe,109129,Oenanthe oenanthe,/Users/justyna-przy/Projects/ISE/FYP/src/bird_data/raw/oenanthe_oenanthe/XC109129.mp3,28.0,31.0,-27.20980182686235,-29.765084472443334,species,Oenanthe oenanthe,Northern Wheatear,0.9802497625350952,0.9802497625350952,species,0,,,
oenanthe_oenanthe,109129,Oenanthe oenanthe,/Users/justyna-przy/Projects/ISE/FYP/src/bird_data/raw/oenanthe_oenanthe/XC109129.mp3,31.0,34.0,-27.56860224618748,-29.765084472443334,species,Oenanthe oenanthe,Northern Wheatear,0.9673793911933899,0.9673793911933899,species,0,,,
oenanthe_oenanthe,109108,Oenanthe oenanthe,/Users/justyna-przy/Projects/ISE/FYP/src/bird_data/raw/oenanthe_oenanthe/XC109108.mp3,1.0,4.0,-33.520279384667866,-38.97521458066719,species,Oenanthe oenanthe,Northern Wheatear,0.8515411019325256,0.8515411019325256,species,0,,,
oenanthe_oenanthe,109108,Oenanthe oenanthe,/Users/justyna-przy/Projects/ISE/FYP/src/bird_data/raw/oenanthe_oenanthe/XC109108.mp3,4.0,7.0,-35.4564030260149,-38.97521458066719,species,Oenanthe oenanthe,Northern Wheatear,0.8284283876419067,0.8284283876419067,species,0,,,
oenanthe_oenanthe,109108,Oenanthe oenanthe,/Users/justyna-przy/Projects/ISE/FYP/src/bird_data/raw/oenanthe_oenanthe/XC109108.mp3,7.0,10.0,-28.6195084127666,-38.97521458066719,species,Oenanthe oenanthe,Northern Wheatear,0.9941281080245972,0.9941281080245972,species,1,rand_species,/Users/justyna-przy/Projects/ISE/FYP/src/bird_data/clips/species/oenanthe_oenanthe/XC109108__s7000__e10000.wav,
oenanthe_oenanthe,109108,Oenanthe oenanthe,/Users/justyna-przy/Projects/ISE/FYP/src/bird_data/raw/oenanthe_oenanthe/XC109108.mp3,10.0,13.0,-35.04833420885034,-38.97521458066719,species,Oenanthe oenanthe,Northern Wheatear,0.5122966766357422,0.5122966766357422,species,0,,,
oenanthe_oenanthe,109108,Oenanthe oenanthe,/Users/justyna-przy/Projects/ISE/FYP/src/bird_data/raw/oenanthe_oenanthe/XC109108.mp3,13.0,16.0,-38.5852543961074,-38.97521458066719,species,Oenanthe oenanthe,Northern Wheatear,0.8531041145324707,0.8531041145324707,species,0,,,
oenanthe_oenanthe,109108,Oenanthe oenanthe,/Users/justyna-przy/Projects/ISE/FYP/src/bird_data/raw/oenanthe_oenanthe/XC109108.mp3,16.0,19.0,-38.86054753293169,-38.97521458066719,species,Oenanthe oenanthe,Northern Wheatear,0.9655942916870117,0.9655942916870117,species,0,,,
oenanthe_oenanthe,109108,Oenanthe oenanthe,/Users/justyna-przy/Projects/ISE/FYP/src/bird_data/raw/oenanthe_oenanthe/XC109108.mp3,19.0,22.0,-31.301479896553932,-38.97521458066719,species,Oenanthe oenanthe,Northern Wheatear,0.9963537454605103,0.9963537454605103,species,1,rand_species,/Users/justyna-przy/Projects/ISE/FYP/src/bird_data/clips/species/oenanthe_oenanthe/XC109108__s19000__e22000.wav,
oenanthe_oenanthe,109108,Oenanthe oenanthe,/Users/justyna-przy/Projects/ISE/FYP/src/bird_data/raw/oenanthe_oenanthe/XC109108.mp3,22.0,25.0,-34.67265570328916,-38.97521458066719,species,Oenanthe oenanthe,Northern Wheatear,0.923119068145752,0.923119068145752,species,0,,,
oenanthe_oenanthe,109108,Oenanthe oenanthe,/Users/justyna-przy/Projects/ISE/FYP/src/bird_data/raw/oenanthe_oenanthe/XC109108.mp3,34.0,37.0,-38.42454363682114,-38.97521458066719,species,Oenanthe oenanthe,Northern Wheatear,0.8391950726509094,0.8391950726509094,species,0,,,
oenanthe_oenanthe,109108,Oenanthe oenanthe,/Users/justyna-przy/Projects/ISE/FYP/src/bird_data/raw/oenanthe_oenanthe/XC109108.mp3,37.0,40.0,-37.906343005209074,-38.97521458066719,species,Oenanthe oenanthe,Northern Wheatear,0.9958004355430603,0.9958004355430603,species,1,rand_species,/Users/justyna-przy/Projects/ISE/FYP/src/bird_data/clips/species/oenanthe_oenanthe/XC109108__s37000__e40000.wav,
oenanthe_oenanthe,94932,Oenanthe oenanthe,/Users/justyna-przy/Projects/ISE/FYP/src/bird_data/raw/oenanthe_oenanthe/XC94932.mp3,46.0,49.0,-40.96399774901439,-40.0,species,Oenanthe oenanthe,Northern Wheatear,0.8493073582649231,0.8493073582649231,species,1,rand_species,/Users/justyna-przy/Projects/ISE/FYP/src/bird_data/clips/species/oenanthe_oenanthe/XC94932__s46000__e49000.wav,
oenanthe_oenanthe,94930,Oenanthe oenanthe,/Users/justyna-przy/Projects/ISE/FYP/src/bird_data/raw/oenanthe_oenanthe/XC94930.mp3,40.0,43.0,-47.32594734760268,-40.0,species,Oenanthe oenanthe,Northern Wheatear,0.9514164328575134,0.9514164328575134,species,1,rand_species,/Users/justyna-przy/Projects/ISE/FYP/src/bird_data/clips/species/oenanthe_oenanthe/XC94930__s40000__e43000.wav,
oenanthe_oenanthe,80307,Oenanthe oenanthe,/Users/justyna-przy/Projects/ISE/FYP/src/bird_data/raw/oenanthe_oenanthe/XC80307.mp3,7.0,10.0,-37.326399161770894,-40.0,species,Oenanthe oenanthe,Northern Wheatear,0.7955782413482666,0.7955782413482666,species,1,rand_species,/Users/justyna-przy/Projects/ISE/FYP/src/bird_data/clips/species/oenanthe_oenanthe/XC80307__s7000__e10000.wav,
oenanthe_oenanthe,80307,Oenanthe oenanthe,/Users/justyna-przy/Projects/ISE/FYP/src/bird_data/raw/oenanthe_oenanthe/XC80307.mp3,13.0,16.0,-29.86828778816318,-40.0,species,Oenanthe oenanthe,Northern Wheatear,0.9886289834976196,0.9886289834976196,species,1,rand_species,/Users/justyna-przy/Projects/ISE/FYP/src/bird_data/clips/species/oenanthe_oenanthe/XC80307__s13000__e16000.wav,
oenanthe_oenanthe,35411,Oenanthe oenanthe,/Users/justyna-przy/Projects/ISE/FYP/src/bird_data/raw/oenanthe_oenanthe/XC35411.mp3,1.0,4.0,-33.30947099449505,-40.0,species,Oenanthe oenanthe,Northern Wheatear,0.991992712020874,0.991992712020874,species,1,rand_species,/Users/justyna-przy/Projects/ISE/FYP/src/bird_data/clips/species/oenanthe_oenanthe/XC35411__s1000__e4000.wav,
oenanthe_oenanthe,35411,Oenanthe oenanthe,/Users/justyna-przy/Projects/ISE/FYP/src/bird_data/raw/oenanthe_oenanthe/XC35411.mp3,13.0,16.0,-38.00655374995053,-40.0,species,Oenanthe oenanthe,Northern Wheatear,0.988122284412384,0.988122284412384,species,1,rand_species,/Users/justyna-przy/Projects/ISE/FYP/src/bird_data/clips/species/oenanthe_oenanthe/XC35411__s13000__e16000.wav,
oenanthe_oenanthe,35410,Oenanthe oenanthe,/Users/justyna-przy/Projects/ISE/FYP/src/bird_data/raw/oenanthe_oenanthe/XC35410.mp3,1.0,4.0,-26.583241348381353,-26.96034063800742,species,Oenanthe oenanthe,Northern Wheatear,0.9985944628715515,0.9985944628715515,species,1,rand_species,/Users/justyna-przy/Projects/ISE/FYP/src/bird_data/clips/species/oenanthe_oenanthe/XC35410__s1000__e4000.wav,
oenanthe_oenanthe,35410,Oenanthe oenanthe,/Users/justyna-przy/Projects/ISE/FYP/src/bird_data/raw/oenanthe_oenanthe/XC35410.mp3,4.0,7.0,-26.90326504748818,-26.96034063800742,species,Oenanthe oenanthe,Northern Wheatear,0.9972820281982422,0.9972820281982422,species,1,rand_species,/Users/justyna-przy/Projects/ISE/FYP/src/bird_data/clips/species/oenanthe_oenanthe/XC35410__s4000__e7000.wav,
oenanthe_oenanthe,35410,Oenanthe oenanthe,/Users/justyna-przy/Projects/ISE/FYP/src/bird_data/raw/oenanthe_oenanthe/XC35410.mp3,10.0,13.0,-24.867550702157757,-26.96034063800742,species,Oenanthe oenanthe,Northern Wheatear,0.9994414448738098,0.9994414448738098,species,1,rand_species,/Users/justyna-przy/Projects/ISE/FYP/src/bird_data/clips/species/oenanthe_oenanthe/XC35410__s10000__e13000.wav,
oenanthe_oenanthe,33720,Oenanthe oenanthe,/Users/justyna-przy/Projects/ISE/FYP/src/bird_data/raw/oenanthe_oenanthe/XC33720.mp3,1.0,4.0,-26.37406563852469,-30.049233614063443,species,Oenanthe oenanthe,Northern Wheatear,0.9815526604652405,0.9815526604652405,species,1,rand_species,/Users/justyna-przy/Projects/ISE/FYP/src/bird_data/clips/species/oenanthe_oenanthe/XC33720__s1000__e4000.wav,
oenanthe_oenanthe,33720,Oenanthe oenanthe,/Users/justyna-przy/Projects/ISE/FYP/src/bird_data/raw/oenanthe_oenanthe/XC33720.mp3,4.0,7.0,-24.92780715361136,-30.049233614063443,species,Oenanthe oenanthe,Northern Wheatear,0.9986590147018433,0.9986590147018433,species,1,rand_species,/Users/justyna-przy/Projects/ISE/FYP/src/bird_data/clips/species/oenanthe_oenanthe/XC33720__s4000__e7000.wav,
oenanthe_oenanthe,33720,Oenanthe oenanthe,/Users/justyna-przy/Projects/ISE/FYP/src/bird_data/raw/oenanthe_oenanthe/XC33720.mp3,7.0,10.0,-24.435754302936296,-30.049233614063443,species,Oenanthe oenanthe,Northern Wheatear,0.9997766613960266,0.9997766613960266,species,0,,,
oenanthe_oenanthe,33720,Oenanthe oenanthe,/Users/justyna-przy/Projects/ISE/FYP/src/bird_data/raw/oenanthe_oenanthe/XC33720.mp3,19.0,22.0,-26.418300609910833,-30.049233614063443,species,Oenanthe oenanthe,Northern Wheatear,0.995526134967804,0.995526134967804,species,1,rand_species,/Users/justyna-przy/Projects/ISE/FYP/src/bird_data/clips/species/oenanthe_oenanthe/XC33720__s19000__e22000.wav,
oenanthe_oenanthe,33720,Oenanthe oenanthe,/Users/justyna-przy/Projects/ISE/FYP/src/bird_data/raw/oenanthe_oenanthe/XC33720.mp3,22.0,25.0,-27.141736320229395,-30.049233614063443,species,Oenanthe oenanthe,Northern Wheatear,0.9721490740776062,0.9721490740776062,species,0,,,
oenanthe_oenanthe,33359,Oenanthe oenanthe,/Users/justyna-przy/Projects/ISE/FYP/src/bird_data/raw/oenanthe_oenanthe/XC33359.mp3,7.0,10.0,-40.352513977980294,-40.0,non_bird,,,0.0,0.0,non_bird,1,nonbird_lowconf,/Users/justyna-przy/Projects/ISE/FYP/src/bird_data/clips/non_bird/oenanthe_oenanthe/XC33359__s7000__e10000.wav,
oenanthe_oenanthe,33358,Oenanthe oenanthe,/Users/justyna-przy/Projects/ISE/FYP/src/bird_data/raw/oenanthe_oenanthe/XC33358.mp3,1.0,4.0,-47.99353283543019,-40.0,species,Oenanthe oenanthe,Northern Wheatear,0.8532650470733643,0.8532650470733643,species,1,rand_species,/Users/justyna-przy/Projects/ISE/FYP/src/bird_data/clips/species/oenanthe_oenanthe/XC33358__s1000__e4000.wav,
oenanthe_oenanthe,33357,Oenanthe oenanthe,/Users/justyna-przy/Projects/ISE/FYP/src/bird_data/raw/oenanthe_oenanthe/XC33357.mp3,4.0,7.0,-45.58159917968457,-40.0,non_bird,,,0.0,0.0,non_bird,1,nonbird_lowconf,/Users/justyna-przy/Projects/ISE/FYP/src/bird_data/clips/non_bird/oenanthe_oenanthe/XC33357__s4000__e7000.wav,
oenanthe_oenanthe,32838,Oenanthe oenanthe,/Users/justyna-przy/Projects/ISE/FYP/src/bird_data/raw/oenanthe_oenanthe/XC32838.mp3,1.0,4.0,-33.4695100499811,-33.911663308382636,drop,Linaria cannabina,Eurasian Linnet,0.8519828915596008,0.8519828915596008,drop,0,,,
oenanthe_oenanthe,32838,Oenanthe oenanthe,/Users/justyna-przy/Projects/ISE/FYP/src/bird_data/raw/oenanthe_oenanthe/XC32838.mp3,4.0,7.0,-33.85969653090204,-33.911663308382636,drop,Linaria cannabina,Eurasian Linnet,0.7606666684150696,0.7606666684150696,drop,0,,,
oenanthe_oenanthe,32838,Oenanthe oenanthe,/Users/justyna-przy/Projects/ISE/FYP/src/bird_data/raw/oenanthe_oenanthe/XC32838.mp3,7.0,10.0,-33.524024557375746,-33.911663308382636,drop,Linaria cannabina,Eurasian Linnet,0.8666943311691284,0.8666943311691284,drop,0,,,
oenanthe_oenanthe,30443,Oenanthe oenanthe,/Users/justyna-przy/Projects/ISE/FYP/src/bird_data/raw/oenanthe_oenanthe/XC30443.mp3,4.0,7.0,-49.25659817581928,-40.0,drop,Oenanthe oenanthe,Northern Wheatear,0.13576671481132507,0.13576671481132507,drop,0,,,
oenanthe_oenanthe,26861,Oenanthe oenanthe,/Users/justyna-przy/Projects/ISE/FYP/src/bird_data/raw/oenanthe_oenanthe/XC26861.mp3,7.0,10.0,-38.58511898945609,-39.99756470872094,species,Oenanthe oenanthe,Northern Wheatear,0.9635882377624512,0.9635882377624512,species,0,,,
oenanthe_oenanthe,26861,Oenanthe oenanthe,/Users/justyna-przy/Projects/ISE/FYP/src/bird_data/raw/oenanthe_oenanthe/XC26861.mp3,10.0,13.0,-38.9991790822901,-39.99756470872094,species,Oenanthe oenanthe,Northern Wheatear,0.8027766346931458,0.8027766346931458,species,0,,,
oenanthe_oenanthe,26861,Oenanthe oenanthe,/Users/justyna-przy/Projects/ISE/FYP/src/bird_data/raw/oenanthe_oenanthe/XC26861.mp3,13.0,16.0,-38.4416951108655,-39.99756470872094,species,Oenanthe oenanthe,Northern Wheatear,0.9600830078125,0.9600830078125,species,1,rand_species,/Users/justyna-przy/Projects/ISE/FYP/src/bird_data/clips/species/oenanthe_oenanthe/XC26861__s13000__e16000.wav,
oenanthe_oenanthe,26861,Oenanthe oenanthe,/Users/justyna-przy/Projects/ISE/FYP/src/bird_data/raw/oenanthe_oenanthe/XC26861.mp3,16.0,19.0,-38.05435598552228,-39.99756470872094,species,Oenanthe oenanthe,Northern Wheatear,0.8660538792610168,0.8660538792610168,species,1,rand_species,/Users/justyna-przy/Projects/ISE/FYP/src/bird_data/clips/species/oenanthe_oenanthe/XC26861__s16000__e19000.wav,
oenanthe_oenanthe,26861,Oenanthe oenanthe,/Users/justyna-przy/Projects/ISE/FYP/src/bird_data/raw/oenanthe_oenanthe/XC26861.mp3,22.0,25.0,-38.58719431093807,-39.99756470872094,species,Oenanthe oenanthe,Northern Wheatear,0.8669179677963257,0.8669179677963257,species,1,rand_species,/Users/justyna-przy/Projects/ISE/FYP/src/bird_data/clips/species/oenanthe_oenanthe/XC26861__s22000__e25000.wav,
oenanthe_oenanthe,25174,Oenanthe oenanthe,/Users/justyna-przy/Projects/ISE/FYP/src/bird_data/raw/oenanthe_oenanthe/XC25174.mp3,4.0,7.0,-35.08342912296884,-39.55279342566705,species,Oenanthe oenanthe,Northern Wheatear,0.815764844417572,0.815764844417572,species,1,rand_species,/Users/justyna-przy/Projects/ISE/FYP/src/bird_data/clips/species/oenanthe_oenanthe/XC25174__s4000__e7000.wav,
oenanthe_oenanthe,25174,Oenanthe oenanthe,/Users/justyna-przy/Projects/ISE/FYP/src/bird_data/raw/oenanthe_oenanthe/XC25174.mp3,7.0,10.0,-36.88582890352612,-39.55279342566705,species,Oenanthe oenanthe,Northern Wheatear,0.5639283657073975,0.5639283657073975,species,1,rand_species,/Users/justyna-przy/Projects/ISE/FYP/src/bird_data/clips/species/oenanthe_oenanthe/XC25174__s7000__e10000.wav,
oenanthe_oenanthe,25060,Oenanthe oenanthe,/Users/justyna-przy/Projects/ISE/FYP/src/bird_data/raw/oenanthe_oenanthe/XC25060.mp3,7.0,10.0,-28.374179276314237,-28.77929335238404,species,Oenanthe oenanthe,Northern Wheatear,0.889163076877594,0.889163076877594,species,0,,,
oenanthe_oenanthe,25060,Oenanthe oenanthe,/Users/justyna-przy/Projects/ISE/FYP/src/bird_data/raw/oenanthe_oenanthe/XC25060.mp3,10.0,13.0,-27.86909383651278,-28.77929335238404,species,Oenanthe oenanthe,Northern Wheatear,0.9897715449333191,0.9897715449333191,species,1,rand_species,/Users/justyna-przy/Projects/ISE/FYP/src/bird_data/clips/species/oenanthe_oenanthe/XC25060__s10000__e13000.wav,
oenanthe_oenanthe,25060,Oenanthe oenanthe,/Users/justyna-przy/Projects/ISE/FYP/src/bird_data/raw/oenanthe_oenanthe/XC25060.mp3,13.0,16.0,-25.741829377766557,-28.77929335238404,species,Oenanthe oenanthe,Northern Wheatear,0.9918789863586426,0.9918789863586426,species,1,rand_species,/Users/justyna-przy/Projects/ISE/FYP/src/bird_data/clips/species/oenanthe_oenanthe/XC25060__s13000__e16000.wav,
oenanthe_oenanthe,25060,Oenanthe oenanthe,/Users/justyna-przy/Projects/ISE/FYP/src/bird_data/raw/oenanthe_oenanthe/XC25060.mp3,16.0,19.0,-27.060825616227543,-28.77929335238404,species,Oenanthe oenanthe,Northern Wheatear,0.8652622103691101,0.8652622103691101,species,0,,,
oenanthe_oenanthe,25060,Oenanthe oenanthe,/Users/justyna-przy/Projects/ISE/FYP/src/bird_data/raw/oenanthe_oenanthe/XC25060.mp3,22.0,25.0,-24.82749432808337,-28.77929335238404,species,Oenanthe oenanthe,Northern Wheatear,0.9894144535064697,0.9894144535064697,species,1,rand_species,/Users/justyna-przy/Projects/ISE/FYP/src/bird_data/clips/species/oenanthe_oenanthe/XC25060__s22000__e25000.wav,
oenanthe_oenanthe,24793,Oenanthe oenanthe,/Users/justyna-przy/Projects/ISE/FYP/src/bird_data/raw/oenanthe_oenanthe/XC24793.mp3,1.0,4.0,-36.588383936301824,-37.83059277285132,species,Oenanthe oenanthe,Northern Wheatear,0.48500603437423706,0.48500603437423706,species,1,rand_species,/Users/justyna-przy/Projects/ISE/FYP/src/bird_data/clips/species/oenanthe_oenanthe/XC24793__s1000__e4000.wav,
oenanthe_oenanthe,24793,Oenanthe oenanthe,/Users/justyna-przy/Projects/ISE/FYP/src/bird_data/raw/oenanthe_oenanthe/XC24793.mp3,7.0,10.0,-30.217477002310396,-37.83059277285132,species,Oenanthe oenanthe,Northern Wheatear,0.827292263507843,0.827292263507843,species,0,,,
oenanthe_oenanthe,24793,Oenanthe oenanthe,/Users/justyna-przy/Projects/ISE/FYP/src/bird_data/raw/oenanthe_oenanthe/XC24793.mp3,10.0,13.0,-31.33384781800476,-37.83059277285132,species,Oenanthe oenanthe,Northern Wheatear,0.6956348419189453,0.6956348419189453,species,1,rand_species,/Users/justyna-przy/Projects/ISE/FYP/src/bird_data/clips/species/oenanthe_oenanthe/XC24793__s10000__e13000.wav,
oenanthe_oenanthe,24793,Oenanthe oenanthe,/Users/justyna-przy/Projects/ISE/FYP/src/bird_data/raw/oenanthe_oenanthe/XC24793.mp3,19.0,22.0,-31.60887160124772,-37.83059277285132,species,Oenanthe oenanthe,Northern Wheatear,0.4443119466304779,0.4443119466304779,species,1,rand_species,/Users/justyna-przy/Projects/ISE/FYP/src/bird_data/clips/species/oenanthe_oenanthe/XC24793__s19000__e22000.wav,
oenanthe_oenanthe,24793,Oenanthe oenanthe,/Users/justyna-przy/Projects/ISE/FYP/src/bird_data/raw/oenanthe_oenanthe/XC24793.mp3,22.0,25.0,-31.862388894313604,-37.83059277285132,drop,Galerida deva,Tawny Lark,0.5047728419303894,0.5047728419303894,drop,0,,,
oenanthe_oenanthe,658657,Oenanthe oenanthe,/Users/justyna-przy/Projects/ISE/FYP/src/bird_data/raw/oenanthe_oenanthe/XC658657.mp3,1.0,4.0,-37.332031377867956,-40.0,species,Oenanthe oenanthe,Northern Wheatear,0.9329204559326172,0.9329204559326172,species,1,rand_species,/Users/justyna-przy/Projects/ISE/FYP/src/bird_data/clips/species/oenanthe_oenanthe/XC658657__s1000__e4000.wav,
oenanthe_oenanthe,658657,Oenanthe oenanthe,/Users/justyna-przy/Projects/ISE/FYP/src/bird_data/raw/oenanthe_oenanthe/XC658657.mp3,13.0,16.0,-29.531404187606025,-40.0,species,Oenanthe oenanthe,Northern Wheatear,0.5379232168197632,0.5379232168197632,species,0,,,
oenanthe_oenanthe,658657,Oenanthe oenanthe,/Users/justyna-przy/Projects/ISE/FYP/src/bird_data/raw/oenanthe_oenanthe/XC658657.mp3,16.0,19.0,-37.16855479570884,-40.0,species,Oenanthe oenanthe,Northern Wheatear,0.8137352466583252,0.8137352466583252,species,0,,,
oenanthe_oenanthe,658657,Oenanthe oenanthe,/Users/justyna-przy/Projects/ISE/FYP/src/bird_data/raw/oenanthe_oenanthe/XC658657.mp3,19.0,22.0,-24.106544912003947,-40.0,species,Oenanthe oenanthe,Northern Wheatear,0.9059342741966248,0.9059342741966248,species,0,,,
oenanthe_oenanthe,658657,Oenanthe oenanthe,/Users/justyna-przy/Projects/ISE/FYP/src/bird_data/raw/oenanthe_oenanthe/XC658657.mp3,22.0,25.0,-38.15459244866943,-40.0,species,Oenanthe oenanthe,Northern Wheatear,0.9747793674468994,0.9747793674468994,species,0,,,
oenanthe_oenanthe,658657,Oenanthe oenanthe,/Users/justyna-przy/Projects/ISE/FYP/src/bird_data/raw/oenanthe_oenanthe/XC658657.mp3,25.0,28.0,-35.80940182659424,-40.0,species,Oenanthe oenanthe,Northern Wheatear,0.983540952205658,0.983540952205658,species,0,,,
oenanthe_oenanthe,658657,Oenanthe oenanthe,/Users/justyna-przy/Projects/ISE/FYP/src/bird_data/raw/oenanthe_oenanthe/XC658657.mp3,28.0,31.0,-34.7024853668843,-40.0,species,Oenanthe oenanthe,Northern Wheatear,0.9227506518363953,0.9227506518363953,species,1,rand_species,/Users/justyna-przy/Projects/ISE/FYP/src/bird_data/clips/species/oenanthe_oenanthe/XC658657__s28000__e31000.wav,
oenanthe_oenanthe,658657,Oenanthe oenanthe,/Users/justyna-przy/Projects/ISE/FYP/src/bird_data/raw/oenanthe_oenanthe/XC658657.mp3,31.0,34.0,-35.59443755651149,-40.0,species,Oenanthe oenanthe,Northern Wheatear,0.6448743343353271,0.6448743343353271,species,1,rand_species,/Users/justyna-przy/Projects/ISE/FYP/src/bird_data/clips/species/oenanthe_oenanthe/XC658657__s31000__e34000.wav,
oenanthe_oenanthe,658657,Oenanthe oenanthe,/Users/justyna-przy/Projects/ISE/FYP/src/bird_data/raw/oenanthe_oenanthe/XC658657.mp3,40.0,43.0,-37.26355998739786,-40.0,species,Oenanthe oenanthe,Northern Wheatear,0.975407600402832,0.975407600402832,species,0,,,
oenanthe_oenanthe,658657,Oenanthe oenanthe,/Users/justyna-przy/Projects/ISE/FYP/src/bird_data/raw/oenanthe_oenanthe/XC658657.mp3,46.0,49.0,-29.38886735572483,-40.0,species,Oenanthe oenanthe,Northern Wheatear,0.9079089164733887,0.9079089164733887,species,0,,,
oenanthe_oenanthe,658657,Oenanthe oenanthe,/Users/justyna-przy/Projects/ISE/FYP/src/bird_data/raw/oenanthe_oenanthe/XC658657.mp3,49.0,52.0,-31.686528987070638,-40.0,species,Oenanthe oenanthe,Northern Wheatear,0.9017342925071716,0.9017342925071716,species,0,,,
oenanthe_oenanthe,658657,Oenanthe oenanthe,/Users/justyna-przy/Projects/ISE/FYP/src/bird_data/raw/oenanthe_oenanthe/XC658657.mp3,52.0,55.0,-38.51023419671796,-40.0,species,Oenanthe oenanthe,Northern Wheatear,0.9948292374610901,0.9948292374610901,species,0,,,
oenanthe_oenanthe,586737,Oenanthe oenanthe,/Users/justyna-przy/Projects/ISE/FYP/src/bird_data/raw/oenanthe_oenanthe/XC586737.mp3,1.0,4.0,-33.35836181652468,-40.0,non_bird,,,0.0,0.0,non_bird,1,nonbird_lowconf,/Users/justyna-przy/Projects/ISE/FYP/src/bird_data/clips/non_bird/oenanthe_oenanthe/XC586737__s1000__e4000.wav,
oenanthe_oenanthe,560320,Oenanthe oenanthe,/Users/justyna-przy/Projects/ISE/FYP/src/bird_data/raw/oenanthe_oenanthe/XC560320.mp3,1.0,4.0,-19.94048722156885,-19.94048722156885,species,Oenanthe oenanthe,Northern Wheatear,0.5041928887367249,0.5041928887367249,species,1,rand_species,/Users/justyna-przy/Projects/ISE/FYP/src/bird_data/clips/species/oenanthe_oenanthe/XC560320__s1000__e4000.wav,
oenanthe_oenanthe,471522,Oenanthe oenanthe,/Users/justyna-przy/Projects/ISE/FYP/src/bird_data/raw/oenanthe_oenanthe/XC471522.mp3,1.0,4.0,-47.6856092200103,-40.0,species,Oenanthe oenanthe,Northern Wheatear,0.9328742027282715,0.9328742027282715,species,1,rand_species,/Users/justyna-przy/Projects/ISE/FYP/src/bird_data/clips/species/oenanthe_oenanthe/XC471522__s1000__e4000.wav,
oenanthe_oenanthe,312386,Oenanthe oenanthe,/Users/justyna-przy/Projects/ISE/FYP/src/bird_data/raw/oenanthe_oenanthe/XC312386.mp3,7.0,10.0,-38.45699546261571,-40.0,species,Oenanthe oenanthe,Northern Wheatear,0.811011552810669,0.811011552810669,species,1,rand_species,/Users/justyna-przy/Projects/ISE/FYP/src/bird_data/clips/species/oenanthe_oenanthe/XC312386__s7000__e10000.wav,
oenanthe_oenanthe,312386,Oenanthe oenanthe,/Users/justyna-przy/Projects/ISE/FYP/src/bird_data/raw/oenanthe_oenanthe/XC312386.mp3,10.0,13.0,-36.98930502175422,-40.0,non_bird,,,0.0,0.0,non_bird,1,nonbird_lowconf,/Users/justyna-przy/Projects/ISE/FYP/src/bird_data/clips/non_bird/oenanthe_oenanthe/XC312386__s10000__e13000.wav,
oenanthe_oenanthe,312386,Oenanthe oenanthe,/Users/justyna-przy/Projects/ISE/FYP/src/bird_data/raw/oenanthe_oenanthe/XC312386.mp3,13.0,16.0,-31.551608544071232,-40.0,species,Oenanthe oenanthe,Northern Wheatear,0.9708751440048218,0.9708751440048218,species,1,rand_species,/Users/justyna-przy/Projects/ISE/FYP/src/bird_data/clips/species/oenanthe_oenanthe/XC312386__s13000__e16000.wav,
oenanthe_oenanthe,312386,Oenanthe oenanthe,/Users/justyna-przy/Projects/ISE/FYP/src/bird_data/raw/oenanthe_oenanthe/XC312386.mp3,16.0,19.0,-39.735820148765406,-40.0,species,Oenanthe oenanthe,Northern Wheatear,0.9799108505249023,0.9799108505249023,species,1,rand_species,/Users/justyna-przy/Projects/ISE/FYP/src/bird_data/clips/species/oenanthe_oenanthe/XC312386__s16000__e19000.wav,
oenanthe_oenanthe,312386,Oenanthe oenanthe,/Users/justyna-przy/Projects/ISE/FYP/src/bird_data/raw/oenanthe_oenanthe/XC312386.mp3,22.0,25.0,-35.62062170970041,-40.0,drop,Oenanthe oenanthe,Northern Wheatear,0.2722403109073639,0.2722403109073639,drop,0,,,
oenanthe_oenanthe,1055537,Oenanthe oenanthe,/Users/justyna-przy/Projects/ISE/FYP/src/bird_data/raw/oenanthe_oenanthe/XC1055537.mp3,16.0,19.0,-49.024857640801656,-40.0,non_bird,,,0.0,0.0,non_bird,1,nonbird_lowconf,/Users/justyna-przy/Projects/ISE/FYP/src/bird_data/clips/non_bird/oenanthe_oenanthe/XC1055537__s16000__e19000.wav,
oenanthe_oenanthe,1028636,Oenanthe oenanthe,/Users/justyna-przy/Projects/ISE/FYP/src/bird_data/raw/oenanthe_oenanthe/XC1028636.mp3,7.0,10.0,-39.41836590766154,-40.0,species,Oenanthe oenanthe,Northern Wheatear,0.6861248016357422,0.6861248016357422,species,1,rand_species,/Users/justyna-przy/Projects/ISE/FYP/src/bird_data/clips/species/oenanthe_oenanthe/XC1028636__s7000__e10000.wav,
oenanthe_oenanthe,1024088,Oenanthe oenanthe,/Users/justyna-przy/Projects/ISE/FYP/src/bird_data/raw/oenanthe_oenanthe/XC1024088.mp3,4.0,7.0,-53.55937926118686,-40.0,species,Oenanthe oenanthe,Northern Wheatear,0.8499315977096558,0.8499315977096558,species,1,rand_species,/Users/justyna-przy/Projects/ISE/FYP/src/bird_data/clips/species/oenanthe_oenanthe/XC1024088__s4000__e7000.wav,
oenanthe_oenanthe,1004782,Oenanthe oenanthe,/Users/justyna-przy/Projects/ISE/FYP/src/bird_data/raw/oenanthe_oenanthe/XC1004782.mp3,7.0,10.0,-38.53294346657931,-40.0,species,Oenanthe oenanthe,Northern Wheatear,0.875626266002655,0.875626266002655,species,1,rand_species,/Users/justyna-przy/Projects/ISE/FYP/src/bird_data/clips/species/oenanthe_oenanthe/XC1004782__s7000__e10000.wav,
oenanthe_oenanthe,1004607,Oenanthe oenanthe,/Users/justyna-przy/Projects/ISE/FYP/src/bird_data/raw/oenanthe_oenanthe/XC1004607.mp3,1.0,4.0,-39.12488244196936,-40.0,drop,Linaria cannabina,Eurasian Linnet,0.43451547622680664,0.43451547622680664,drop,0,,,
oenanthe_oenanthe,1004607,Oenanthe oenanthe,/Users/justyna-przy/Projects/ISE/FYP/src/bird_data/raw/oenanthe_oenanthe/XC1004607.mp3,4.0,7.0,-39.76925391817935,-40.0,non_bird,,,0.0,0.0,non_bird,1,nonbird_lowconf,/Users/justyna-przy/Projects/ISE/FYP/src/bird_data/clips/non_bird/oenanthe_oenanthe/XC1004607__s4000__e7000.wav,
oenanthe_oenanthe,993908,Oenanthe oenanthe,/Users/justyna-przy/Projects/ISE/FYP/src/bird_data/raw/oenanthe_oenanthe/XC993908.mp3,1.0,4.0,-36.956918281335184,-36.956918281335184,drop,Anthus trivialis,Tree Pipit,0.6469724774360657,0.6469724774360657,drop,0,,,
oenanthe_oenanthe,993907,Oenanthe oenanthe,/Users/justyna-przy/Projects/ISE/FYP/src/bird_data/raw/oenanthe_oenanthe/XC993907.mp3,10.0,13.0,-41.66271389867548,-40.0,drop,Motacilla alba,White Wagtail,0.6818074584007263,0.6818074584007263,drop,0,,,
oenanthe_oenanthe,993905,Oenanthe oenanthe,/Users/justyna-przy/Projects/ISE/FYP/src/bird_data/raw/oenanthe_oenanthe/XC993905.mp3,1.0,4.0,-35.881016030883096,-40.0,species,Oenanthe oenanthe,Northern Wheatear,0.9608580470085144,0.9608580470085144,species,1,rand_species,/Users/justyna-przy/Projects/ISE/FYP/src/bird_data/clips/species/oenanthe_oenanthe/XC993905__s1000__e4000.wav,
oenanthe_oenanthe,993905,Oenanthe oenanthe,/Users/justyna-przy/Projects/ISE/FYP/src/bird_data/raw/oenanthe_oenanthe/XC993905.mp3,7.0,10.0,-38.917147480742436,-40.0,species,Oenanthe oenanthe,Northern Wheatear,0.6020913124084473,0.6020913124084473,species,0,,,
oenanthe_oenanthe,993905,Oenanthe oenanthe,/Users/justyna-przy/Projects/ISE/FYP/src/bird_data/raw/oenanthe_oenanthe/XC993905.mp3,10.0,13.0,-32.805652367026084,-40.0,species,Oenanthe oenanthe,Northern Wheatear,0.6252743005752563,0.6252743005752563,species,1,rand_species,/Users/justyna-przy/Projects/ISE/FYP/src/bird_data/clips/species/oenanthe_oenanthe/XC993905__s10000__e13000.wav,
oenanthe_oenanthe,993905,Oenanthe oenanthe,/Users/justyna-przy/Projects/ISE/FYP/src/bird_data/raw/oenanthe_oenanthe/XC993905.mp3,13.0,16.0,-36.38097009477791,-40.0,species,Oenanthe oenanthe,Northern Wheatear,0.5108646154403687,0.5108646154403687,species,1,rand_species,/Users/justyna-przy/Projects/ISE/FYP/src/bird_data/clips/species/oenanthe_oenanthe/XC993905__s13000__e16000.wav,
oenanthe_oenanthe,993903,Oenanthe oenanthe,/Users/justyna-przy/Projects/ISE/FYP/src/bird_data/raw/oenanthe_oenanthe/XC993903.mp3,1.0,4.0,-41.62779374651375,-40.0,drop,Galerida cristata,Crested Lark,0.23372392356395721,0.23372392356395721,drop,0,,,
oenanthe_oenanthe,993901,Oenanthe oenanthe,/Users/justyna-przy/Projects/ISE/FYP/src/bird_data/raw/oenanthe_oenanthe/XC993901.mp3,7.0,10.0,-41.93574799643685,-40.0,drop,Turdus iliacus,Redwing,0.3593381345272064,0.3593381345272064,drop,0,,,
oenanthe_oenanthe,993881,Oenanthe oenanthe,/Users/justyna-przy/Projects/ISE/FYP/src/bird_data/raw/oenanthe_oenanthe/XC993881.mp3,1.0,4.0,-42.61571858240711,-40.0,drop,Lullula arborea,Wood Lark,0.7638446688652039,0.7638446688652039,drop,0,,,
oenanthe_oenanthe,992693,Oenanthe oenanthe,/Users/justyna-przy/Projects/ISE/FYP/src/bird_data/raw/oenanthe_oenanthe/XC992693.mp3,7.0,10.0,-38.86868272273712,-40.0,drop,Aegithalos caudatus,Long-tailed Tit,0.13229763507843018,0.13229763507843018,drop,0,,,
oenanthe_oenanthe,991127,Oenanthe oenanthe,/Users/justyna-przy/Projects/ISE/FYP/src/bird_data/raw/oenanthe_oenanthe/XC991127.mp3,4.0,7.0,-36.626305211320684,-39.558432000185256,species,Oenanthe oenanthe,Northern Wheatear,0.9945318698883057,0.9945318698883057,species,1,rand_species,/Users/justyna-przy/Projects/ISE/FYP/src/bird_data/clips/species/oenanthe_oenanthe/XC991127__s4000__e7000.wav,
oenanthe_oenanthe,991126,Oenanthe oenanthe,/Users/justyna-przy/Projects/ISE/FYP/src/bird_data/raw/oenanthe_oenanthe/XC991126.mp3,7.0,10.0,-39.86548789709731,-40.0,non_bird,,,0.0,0.0,non_bird,1,nonbird_lowconf,/Users/justyna-przy/Projects/ISE/FYP/src/bird_data/clips/non_bird/oenanthe_oenanthe/XC991126__s7000__e10000.wav,
oenanthe_oenanthe,991125,Oenanthe oenanthe,/Users/justyna-przy/Projects/ISE/FYP/src/bird_data/raw/oenanthe_oenanthe/XC991125.mp3,1.0,4.0,-38.736492090673295,-38.736492090673295,drop,Melaenornis silens,Fiscal Flycatcher,0.33808356523513794,0.33808356523513794,drop,0,,,
oenanthe_oenanthe,991123,Oenanthe oenanthe,/Users/justyna-przy/Projects/ISE/FYP/src/bird_data/raw/oenanthe_oenanthe/XC991123.mp3,1.0,4.0,-41.187191522483424,-40.0,drop,Linaria cannabina,Eurasian Linnet,0.16712893545627594,0.16712893545627594,drop,0,,,
oenanthe_oenanthe,991118,Oenanthe oenanthe,/Users/justyna-przy/Projects/ISE/FYP/src/bird_data/raw/oenanthe_oenanthe/XC991118.mp3,4.0,7.0,-38.99380933677432,-40.0,drop,Turdus viscivorus,Mistle Thrush,0.7091890573501587,0.7091890573501587,drop,0,,,
oenanthe_oenanthe,991118,Oenanthe oenanthe,/Users/justyna-przy/Projects/ISE/FYP/src/bird_data/raw/oenanthe_oenanthe/XC991118.mp3,7.0,10.0,-39.120628163490785,-40.0,drop,Acrocephalus schoenobaenus,Sedge Warbler,0.2809620499610901,0.2809620499610901,drop,0,,,
oenanthe_oenanthe,991116,Oenanthe oenanthe,/Users/justyna-przy/Projects/ISE/FYP/src/bird_data/raw/oenanthe_oenanthe/XC991116.mp3,4.0,7.0,-38.92671697299699,-39.00176054106898,non_bird,,,0.0,0.0,non_bird,1,nonbird_lowconf,/Users/justyna-przy/Projects/ISE/FYP/src/bird_data/clips/non_bird/oenanthe_oenanthe/XC991116__s4000__e7000.wav,
oenanthe_oenanthe,991116,Oenanthe oenanthe,/Users/justyna-przy/Projects/ISE/FYP/src/bird_data/raw/oenanthe_oenanthe/XC991116.mp3,7.0,10.0,-38.30930941992196,-39.00176054106898,drop,Delichon urbicum,Common House-Martin,0.10245150327682495,0.10245150327682495,drop,0,,,
oenanthe_oenanthe,991115,Oenanthe oenanthe,/Users/justyna-przy/Projects/ISE/FYP/src/bird_data/raw/oenanthe_oenanthe/XC991115.mp3,1.0,4.0,-39.03057315405794,-39.03057315405794,drop,Turdus iliacus,Redwing,0.11637631803750992,0.11637631803750992,drop,0,,,
oenanthe_oenanthe,991114,Oenanthe oenanthe,/Users/justyna-przy/Projects/ISE/FYP/src/bird_data/raw/oenanthe_oenanthe/XC991114.mp3,1.0,4.0,-44.32830270129155,-40.0,non_bird,,,0.0,0.0,non_bird,1,nonbird_lowconf,/Users/justyna-przy/Projects/ISE/FYP/src/bird_data/clips/non_bird/oenanthe_oenanthe/XC991114__s1000__e4000.wav,
oenanthe_oenanthe,991113,Oenanthe oenanthe,/Users/justyna-przy/Projects/ISE/FYP/src/bird_data/raw/oenanthe_oenanthe/XC991113.mp3,13.0,16.0,-39.2201256599366,-40.0,drop,Lanius collurio,Red-backed Shrike,0.19712592661380768,0.19712592661380768,drop,0,,,
oenanthe_oenanthe,991109,Oenanthe oenanthe,/Users/justyna-przy/Projects/ISE/FYP/src/bird_data/raw/oenanthe_oenanthe/XC991109.mp3,1.0,4.0,-34.99405999624286,-39.02035074806962,species,Oenanthe oenanthe,Northern Wheatear,0.9903447031974792,0.9903447031974792,species,1,rand_species,/Users/justyna-przy/Projects/ISE/FYP/src/bird_data/clips/species/oenanthe_oenanthe/XC991109__s1000__e4000.wav,
oenanthe_oenanthe,990909,Oenanthe oenanthe,/Users/justyna-przy/Projects/ISE/FYP/src/bird_data/raw/oenanthe_oenanthe/XC990909.mp3,25.0,28.0,-40.47688620521985,-40.0,drop,Oenanthe oenanthe,Northern Wheatear,0.21105457842350006,0.21105457842350006,drop,0,,,
oenanthe_oenanthe,990908,Oenanthe oenanthe,/Users/justyna-przy/Projects/ISE/FYP/src/bird_data/raw/oenanthe_oenanthe/XC990908.mp3,1.0,4.0,-43.069513484781126,-40.0,species,Oenanthe oenanthe,Northern Wheatear,0.565342903137207,0.565342903137207,species,1,rand_species,/Users/justyna-przy/Projects/ISE/FYP/src/bird_data/clips/species/oenanthe_oenanthe/XC990908__s1000__e4000.wav,
oenanthe_oenanthe,990906,Oenanthe oenanthe,/Users/justyna-przy/Projects/ISE/FYP/src/bird_data/raw/oenanthe_oenanthe/XC990906.mp3,1.0,4.0,-45.04006268078771,-40.0,non_bird,,,0.0,0.0,non_bird,1,nonbird_lowconf,/Users/justyna-przy/Projects/ISE/FYP/src/bird_data/clips/non_bird/oenanthe_oenanthe/XC990906__s1000__e4000.wav,
oenanthe_oenanthe,990905,Oenanthe oenanthe,/Users/justyna-przy/Projects/ISE/FYP/src/bird_data/raw/oenanthe_oenanthe/XC990905.mp3,1.0,4.0,-45.514501778008515,-40.0,drop,Turdus merula,Eurasian Blackbird,0.5625156760215759,0.5625156760215759,drop,0,,,
oenanthe_oenanthe,990904,Oenanthe oenanthe,/Users/justyna-przy/Projects/ISE/FYP/src/bird_data/raw/oenanthe_oenanthe/XC990904.mp3,1.0,4.0,-41.9431811823015,-40.0,species,Oenanthe oenanthe,Northern Wheatear,0.3576754033565521,0.3576754033565521,species,1,rand_species,/Users/justyna-przy/Projects/ISE/FYP/src/bird_data/clips/species/oenanthe_oenanthe/XC990904__s1000__e4000.wav,
oenanthe_oenanthe,950488,Oenanthe oenanthe,/Users/justyna-przy/Projects/ISE/FYP/src/bird_data/raw/oenanthe_oenanthe/XC950488.mp3,7.0,10.0,-42.89744495097321,-40.0,non_bird,,,0.0,0.0,non_bird,1,nonbird_lowconf,/Users/justyna-przy/Projects/ISE/FYP/src/bird_data/clips/non_bird/oenanthe_oenanthe/XC950488__s7000__e10000.wav,
oenanthe_oenanthe,939526,Oenanthe oenanthe,/Users/justyna-przy/Projects/ISE/FYP/src/bird_data/raw/oenanthe_oenanthe/XC939526.mp3,25.0,28.0,-42.57643152776687,-40.0,drop,Lanius collurio,Red-backed Shrike,0.21387867629528046,0.21387867629528046,drop,0,,,
oenanthe_oenanthe,939525,Oenanthe oenanthe,/Users/justyna-przy/Projects/ISE/FYP/src/bird_data/raw/oenanthe_oenanthe/XC939525.mp3,7.0,10.0,-44.105587896641076,-40.0,non_bird,,,0.0,0.0,non_bird,1,nonbird_lowconf,/Users/justyna-przy/Projects/ISE/FYP/src/bird_data/clips/non_bird/oenanthe_oenanthe/XC939525__s7000__e10000.wav,
oenanthe_oenanthe,935316,Oenanthe oenanthe,/Users/justyna-przy/Projects/ISE/FYP/src/bird_data/raw/oenanthe_oenanthe/XC935316.mp3,1.0,4.0,-37.434467064952514,-39.120957756200504,drop,Oenanthe oenanthe,Northern Wheatear,0.1536714881658554,0.1536714881658554,drop,0,,,
oenanthe_oenanthe,935153,Oenanthe oenanthe,/Users/justyna-przy/Projects/ISE/FYP/src/bird_data/raw/oenanthe_oenanthe/XC935153.mp3,7.0,10.0,-39.09104046992036,-40.0,species,Oenanthe oenanthe,Northern Wheatear,0.9964777827262878,0.9964777827262878,species,1,rand_species,/Users/justyna-przy/Projects/ISE/FYP/src/bird_data/clips/species/oenanthe_oenanthe/XC935153__s7000__e10000.wav,
oenanthe_oenanthe,935153,Oenanthe oenanthe,/Users/justyna-przy/Projects/ISE/FYP/src/bird_data/raw/oenanthe_oenanthe/XC935153.mp3,10.0,13.0,-36.45253987261544,-40.0,species,Oenanthe oenanthe,Northern Wheatear,0.9170100688934326,0.9170100688934326,species,1,rand_species,/Users/justyna-przy/Projects/ISE/FYP/src/bird_data/clips/species/oenanthe_oenanthe/XC935153__s10000__e13000.wav,
oenanthe_oenanthe,935153,Oenanthe oenanthe,/Users/justyna-przy/Projects/ISE/FYP/src/bird_data/raw/oenanthe_oenanthe/XC935153.mp3,13.0,16.0,-38.22663533870575,-40.0,species,Oenanthe oenanthe,Northern Wheatear,0.8545687198638916,0.8545687198638916,species,1,rand_species,/Users/justyna-przy/Projects/ISE/FYP/src/bird_data/clips/species/oenanthe_oenanthe/XC935153__s13000__e16000.wav,
oenanthe_oenanthe,932620,Oenanthe oenanthe,/Users/justyna-przy/Projects/ISE/FYP/src/bird_data/raw/oenanthe_oenanthe/XC932620.mp3,1.0,4.0,-50.92140926837934,-40.0,drop,Stelgidopteryx serripennis,Northern Rough-winged Swallow,0.26722627878189087,0.26722627878189087,drop,0,,,
oenanthe_oenanthe,917410,Oenanthe oenanthe,/Users/justyna-przy/Projects/ISE/FYP/src/bird_data/raw/oenanthe_oenanthe/XC917410.mp3,1.0,4.0,-36.62906000315481,-37.6747076216189,drop,Oenanthe oenanthe,Northern Wheatear,0.13877250254154205,0.13877250254154205,drop,0,,,
oenanthe_oenanthe,917410,Oenanthe oenanthe,/Users/justyna-przy/Projects/ISE/FYP/src/bird_data/raw/oenanthe_oenanthe/XC917410.mp3,4.0,7.0,-36.298185512423196,-37.6747076216189,drop,Calandrella brachydactyla,Greater Short-toed Lark,0.15108400583267212,0.15108400583267212,drop,0,,,
oenanthe_oenanthe,917410,Oenanthe oenanthe,/Users/justyna-przy/Projects/ISE/FYP/src/bird_data/raw/oenanthe_oenanthe/XC917410.mp3,10.0,13.0,-37.386971419612244,-37.6747076216189,species,Oenanthe oenanthe,Northern Wheatear,0.9631566405296326,0.9631566405296326,species,1,rand_species,/Users/justyna-przy/Projects/ISE/FYP/src/bird_data/clips/species/oenanthe_oenanthe/XC917410__s10000__e13000.wav,
oenanthe_oenanthe,917409,Oenanthe oenanthe,/Users/justyna-przy/Projects/ISE/FYP/src/bird_data/raw/oenanthe_oenanthe/XC917409.mp3,1.0,4.0,-37.39382469706267,-39.34774312828284,species,Oenanthe oenanthe,Northern Wheatear,0.3070618808269501,0.3070618808269501,species,1,rand_species,/Users/justyna-przy/Projects/ISE/FYP/src/bird_data/clips/species/oenanthe_oenanthe/XC917409__s1000__e4000.wav,
oenanthe_oenanthe,917409,Oenanthe oenanthe,/Users/justyna-przy/Projects/ISE/FYP/src/bird_data/raw/oenanthe_oenanthe/XC917409.mp3,4.0,7.0,-31.81039944231904,-39.34774312828284,species,Oenanthe oenanthe,Northern Wheatear,0.47843438386917114,0.47843438386917114,species,1,rand_species,/Users/justyna-przy/Projects/ISE/FYP/src/bird_data/clips/species/oenanthe_oenanthe/XC917409__s4000__e7000.wav,
oenanthe_oenanthe,917409,Oenanthe oenanthe,/Users/justyna-przy/Projects/ISE/FYP/src/bird_data/raw/oenanthe_oenanthe/XC917409.mp3,13.0,16.0,-37.9134724246026,-39.34774312828284,species,Oenanthe oenanthe,Northern Wheatear,0.8438063263893127,0.8438063263893127,species,0,,,
oenanthe_oenanthe,917409,Oenanthe oenanthe,/Users/justyna-przy/Projects/ISE/FYP/src/bird_data/raw/oenanthe_oenanthe/XC917409.mp3,16.0,19.0,-39.11013957482758,-39.34774312828284,drop,Tringa glareola,Wood Sandpiper,0.1274998039007187,0.1274998039007187,drop,0,,,
oenanthe_oenanthe,917409,Oenanthe oenanthe,/Users/justyna-przy/Projects/ISE/FYP/src/bird_data/raw/oenanthe_oenanthe/XC917409.mp3,19.0,22.0,-32.185280567834255,-39.34774312828284,species,Oenanthe oenanthe,Northern Wheatear,0.8900400400161743,0.8900400400161743,species,1,rand_species,/Users/justyna-przy/Projects/ISE/FYP/src/bird_data/clips/species/oenanthe_oenanthe/XC917409__s19000__e22000.wav,
oenanthe_oenanthe,909853,Oenanthe oenanthe,/Users/justyna-przy/Projects/ISE/FYP/src/bird_data/raw/oenanthe_oenanthe/XC909853.mp3,28.0,31.0,-48.91537844940656,-40.0,species,Oenanthe oenanthe,Northern Wheatear,0.8574482798576355,0.8574482798576355,species,1,rand_species,/Users/justyna-przy/Projects/ISE/FYP/src/bird_data/clips/species/oenanthe_oenanthe/XC909853__s28000__e31000.wav,
oenanthe_oenanthe,905844,Oenanthe oenanthe,/Users/justyna-przy/Projects/ISE/FYP/src/bird_data/raw/oenanthe_oenanthe/XC905844.mp3,7.0,10.0,-42.136265233299916,-40.0,drop,Iduna caligata,Booted Warbler,0.12025989592075348,0.12025989592075348,drop,0,,,
oenanthe_oenanthe,905843,Oenanthe oenanthe,/Users/justyna-przy/Projects/ISE/FYP/src/bird_data/raw/oenanthe_oenanthe/XC905843.mp3,4.0,7.0,-51.216216582680254,-40.0,species,Oenanthe oenanthe,Northern Wheatear,0.5644650459289551,0.5644650459289551,species,1,rand_species,/Users/justyna-przy/Projects/ISE/FYP/src/bird_data/clips/species/oenanthe_oenanthe/XC905843__s4000__e7000.wav,
oenanthe_oenanthe,905842,Oenanthe oenanthe,/Users/justyna-przy/Projects/ISE/FYP/src/bird_data/raw/oenanthe_oenanthe/XC905842.mp3,4.0,7.0,-42.27739110542733,-40.0,species,Oenanthe oenanthe,Northern Wheatear,0.9139660596847534,0.9139660596847534,species,1,rand_species,/Users/justyna-przy/Projects/ISE/FYP/src/bird_data/clips/species/oenanthe_oenanthe/XC905842__s4000__e7000.wav,
oenanthe_oenanthe,904591,Oenanthe oenanthe,/Users/justyna-przy/Projects/ISE/FYP/src/bird_data/raw/oenanthe_oenanthe/XC904591.mp3,4.0,7.0,-20.972623395719626,-26.13911261368138,species,Oenanthe oenanthe,Northern Wheatear,0.8966535329818726,0.8966535329818726,species,1,rand_species,/Users/justyna-przy/Projects/ISE/FYP/src/bird_data/clips/species/oenanthe_oenanthe/XC904591__s4000__e7000.wav,
oenanthe_oenanthe,904591,Oenanthe oenanthe,/Users/justyna-przy/Projects/ISE/FYP/src/bird_data/raw/oenanthe_oenanthe/XC904591.mp3,10.0,13.0,-21.221287333522277,-26.13911261368138,drop,Phylloscopus ibericus,Iberian Chiffchaff,0.25662320852279663,0.25662320852279663,drop,0,,,
oenanthe_oenanthe,904591,Oenanthe oenanthe,/Users/justyna-przy/Projects/ISE/FYP/src/bird_data/raw/oenanthe_oenanthe/XC904591.mp3,13.0,16.0,-25.998617415212337,-26.13911261368138,drop,Phylloscopus ibericus,Iberian Chiffchaff,0.9695038795471191,0.9695038795471191,drop,0,,,
oenanthe_oenanthe,895738,Oenanthe oenanthe,/Users/justyna-przy/Projects/ISE/FYP/src/bird_data/raw/oenanthe_oenanthe/XC895738.mp3,4.0,7.0,-42.59170464721294,-40.0,drop,Lullula arborea,Wood Lark,0.19473785161972046,0.19473785161972046,drop,0,,,
oenanthe_oenanthe,895077,Oenanthe oenanthe,/Users/justyna-przy/Projects/ISE/FYP/src/bird_data/raw/oenanthe_oenanthe/XC895077.mp3,4.0,7.0,-59.813780859623705,-40.0,non_bird,,,0.0,0.0,non_bird,1,nonbird_lowconf,/Users/justyna-przy/Projects/ISE/FYP/src/bird_data/clips/non_bird/oenanthe_oenanthe/XC895077__s4000__e7000.wav,
oenanthe_oenanthe,862675,Oenanthe oenanthe,/Users/justyna-przy/Projects/ISE/FYP/src/bird_data/raw/oenanthe_oenanthe/XC862675.mp3,4.0,7.0,-24.493218874646896,-26.136907516713975,drop,Dendrocopos major,Great Spotted Woodpecker,0.5389783382415771,0.5389783382415771,drop,0,,,
oenanthe_oenanthe,862675,Oenanthe oenanthe,/Users/justyna-przy/Projects/ISE/FYP/src/bird_data/raw/oenanthe_oenanthe/XC862675.mp3,7.0,10.0,-22.94334090834939,-26.136907516713975,drop,Alauda arvensis,Eurasian Skylark,0.6897667646408081,0.6897667646408081,drop,0,,,
oenanthe_oenanthe,862675,Oenanthe oenanthe,/Users/justyna-przy/Projects/ISE/FYP/src/bird_data/raw/oenanthe_oenanthe/XC862675.mp3,10.0,13.0,-24.175690202399892,-26.136907516713975,drop,Dendrocopos major,Great Spotted Woodpecker,0.9341235756874084,0.9341235756874084,drop,0,,,
oenanthe_oenanthe,822303,Oenanthe oenanthe,/Users/justyna-przy/Projects/ISE/FYP/src/bird_data/raw/oenanthe_oenanthe/XC822303.mp3,1.0,4.0,-33.91950084077811,-40.0,species,Oenanthe oenanthe,Northern Wheatear,0.9476152062416077,0.9476152062416077,species,1,rand_species,/Users/justyna-przy/Projects/ISE/FYP/src/bird_data/clips/species/oenanthe_oenanthe/XC822303__s1000__e4000.wav,
oenanthe_oenanthe,822301,Oenanthe oenanthe,/Users/justyna-przy/Projects/ISE/FYP/src/bird_data/raw/oenanthe_oenanthe/XC822301.mp3,1.0,4.0,-39.70757834507096,-39.89609595247634,species,Oenanthe oenanthe,Northern Wheatear,0.9597573280334473,0.9597573280334473,species,1,rand_species,/Users/justyna-przy/Projects/ISE/FYP/src/bird_data/clips/species/oenanthe_oenanthe/XC822301__s1000__e4000.wav,
oenanthe_oenanthe,822301,Oenanthe oenanthe,/Users/justyna-przy/Projects/ISE/FYP/src/bird_data/raw/oenanthe_oenanthe/XC822301.mp3,7.0,10.0,-38.47138793258652,-39.89609595247634,species,Oenanthe oenanthe,Northern Wheatear,0.9599359631538391,0.9599359631538391,species,1,rand_species,/Users/justyna-przy/Projects/ISE/FYP/src/bird_data/clips/species/oenanthe_oenanthe/XC822301__s7000__e10000.wav,
oenanthe_oenanthe,818639,Oenanthe oenanthe,/Users/justyna-przy/Projects/ISE/FYP/src/bird_data/raw/oenanthe_oenanthe/XC818639.mp3,1.0,4.0,-56.176049729772195,-40.0,species,Oenanthe oenanthe,Northern Wheatear,0.5959938168525696,0.5959938168525696,species,1,rand_species,/Users/justyna-przy/Projects/ISE/FYP/src/bird_data/clips/species/oenanthe_oenanthe/XC818639__s1000__e4000.wav,
oenanthe_oenanthe,815486,Oenanthe oenanthe,/Users/justyna-przy/Projects/ISE/FYP/src/bird_data/raw/oenanthe_oenanthe/XC815486.mp3,4.0,7.0,-36.379688161692485,-37.334294465703536,non_bird,,,0.0,0.0,non_bird,1,nonbird_lowconf,/Users/justyna-przy/Projects/ISE/FYP/src/bird_data/clips/non_bird/oenanthe_oenanthe/XC815486__s4000__e7000.wav,
oenanthe_oenanthe,815486,Oenanthe oenanthe,/Users/justyna-przy/Projects/ISE/FYP/src/bird_data/raw/oenanthe_oenanthe/XC815486.mp3,7.0,10.0,-33.51687866281305,-37.334294465703536,drop,Alauda arvensis,Eurasian Skylark,0.17454037070274353,0.17454037070274353,drop,0,,,
oenanthe_oenanthe,810021,Oenanthe oenanthe,/Users/justyna-przy/Projects/ISE/FYP/src/bird_data/raw/oenanthe_oenanthe/XC810021.mp3,10.0,13.0,-50.20189041544289,-40.0,drop,Linaria cannabina,Eurasian Linnet,0.21596494317054749,0.21596494317054749,drop,0,,,
oenanthe_oenanthe,808511,Oenanthe oenanthe,/Users/justyna-przy/Projects/ISE/FYP/src/bird_data/raw/oenanthe_oenanthe/XC808511.mp3,4.0,7.0,-17.47389344437695,-17.70080373988571,non_bird,,,0.0,0.0,non_bird,1,nonbird_lowconf,/Users/justyna-przy/Projects/ISE/FYP/src/bird_data/clips/non_bird/oenanthe_oenanthe/XC808511__s4000__e7000.wav,
oenanthe_oenanthe,808511,Oenanthe oenanthe,/Users/justyna-przy/Projects/ISE/FYP/src/bird_data/raw/oenanthe_oenanthe/XC808511.mp3,7.0,10.0,-17.482254300119294,-17.70080373988571,drop,Vireo huttoni,Hutton's Vireo,0.37604206800460815,0.37604206800460815,drop,0,,,
oenanthe_oenanthe,808511,Oenanthe oenanthe,/Users/justyna-przy/Projects/ISE/FYP/src/bird_data/raw/oenanthe_oenanthe/XC808511.mp3,10.0,13.0,-17.46667179292428,-17.70080373988571,species,Oenanthe oenanthe,Northern Wheatear,0.4420059323310852,0.4420059323310852,species,1,rand_species,/Users/justyna-przy/Projects/ISE/FYP/src/bird_data/clips/species/oenanthe_oenanthe/XC808511__s10000__e13000.wav,
oenanthe_oenanthe,777372,Oenanthe oenanthe,/Users/justyna-przy/Projects/ISE/FYP/src/bird_data/raw/oenanthe_oenanthe/XC777372.mp3,1.0,4.0,-35.89215770192755,-40.0,species,Oenanthe oenanthe,Northern Wheatear,0.8047036528587341,0.8047036528587341,species,1,rand_species,/Users/justyna-przy/Projects/ISE/FYP/src/bird_data/clips/species/oenanthe_oenanthe/XC777372__s1000__e4000.wav,
oenanthe_oenanthe,777372,Oenanthe oenanthe,/Users/justyna-przy/Projects/ISE/FYP/src/bird_data/raw/oenanthe_oenanthe/XC777372.mp3,4.0,7.0,-38.57949563556201,-40.0,species,Oenanthe oenanthe,Northern Wheatear,0.9831311702728271,0.9831311702728271,species,1,rand_species,/Users/justyna-przy/Projects/ISE/FYP/src/bird_data/clips/species/oenanthe_oenanthe/XC777372__s4000__e7000.wav,
oenanthe_oenanthe,756084,Oenanthe oenanthe,/Users/justyna-przy/Projects/ISE/FYP/src/bird_data/raw/oenanthe_oenanthe/XC756084.mp3,1.0,4.0,-38.78332479584801,-40.0,drop,Phylloscopus fuscatus,Dusky Warbler,0.45644301176071167,0.45644301176071167,drop,0,,,
oenanthe_oenanthe,756084,Oenanthe oenanthe,/Users/justyna-przy/Projects/ISE/FYP/src/bird_data/raw/oenanthe_oenanthe/XC756084.mp3,4.0,7.0,-38.7499089609538,-40.0,drop,Elaenia albiceps,White-crested Elaenia,0.18530572950839996,0.18530572950839996,drop,0,,,
oenanthe_oenanthe,756084,Oenanthe oenanthe,/Users/justyna-przy/Projects/ISE/FYP/src/bird_data/raw/oenanthe_oenanthe/XC756084.mp3,7.0,10.0,-39.732355590317624,-40.0,drop,Oenanthe oenanthe,Northern Wheatear,0.11784908175468445,0.11784908175468445,drop,0,,,
oenanthe_oenanthe,756084,Oenanthe oenanthe,/Users/justyna-przy/Projects/ISE/FYP/src/bird_data/raw/oenanthe_oenanthe/XC756084.mp3,10.0,13.0,-36.29862765284795,-40.0,drop,Phylloscopus schwarzi,Radde's Warbler,0.12031099200248718,0.12031099200248718,drop,0,,,
oenanthe_oenanthe,756082,Oenanthe oenanthe,/Users/justyna-przy/Projects/ISE/FYP/src/bird_data/raw/oenanthe_oenanthe/XC756082.mp3,7.0,10.0,-37.7749652739483,-40.0,non_bird,,,0.0,0.0,non_bird,1,nonbird_lowconf,/Users/justyna-przy/Projects/ISE/FYP/src/bird_data/clips/non_bird/oenanthe_oenanthe/XC756082__s7000__e10000.wav,
oenanthe_oenanthe,756082,Oenanthe oenanthe,/Users/justyna-przy/Projects/ISE/FYP/src/bird_data/raw/oenanthe_oenanthe/XC756082.mp3,10.0,13.0,-34.535135702142895,-40.0,non_bird,,,0.0,0.0,non_bird,1,nonbird_lowconf,/Users/justyna-przy/Projects/ISE/FYP/src/bird_data/clips/non_bird/oenanthe_oenanthe/XC756082__s10000__e13000.wav,
oenanthe_oenanthe,756082,Oenanthe oenanthe,/Users/justyna-przy/Projects/ISE/FYP/src/bird_data/raw/oenanthe_oenanthe/XC756082.mp3,16.0,19.0,-35.53090253826189,-40.0,drop,Curruca iberiae,Western Subalpine Warbler,0.32833436131477356,0.32833436131477356,drop,0,,,
oenanthe_oenanthe,751195,Oenanthe oenanthe,/Users/justyna-przy/Projects/ISE/FYP/src/bird_data/raw/oenanthe_oenanthe/XC751195.mp3,13.0,16.0,-26.279367898341096,-26.428559294458648,drop,Alauda arvensis,Eurasian Skylark,0.6026619076728821,0.6026619076728821,drop,0,,,
oenanthe_oenanthe,751195,Oenanthe oenanthe,/Users/justyna-przy/Projects/ISE/FYP/src/bird_data/raw/oenanthe_oenanthe/XC751195.mp3,16.0,19.0,-25.597693121274887,-26.428559294458648,drop,Iduna caligata,Booted Warbler,0.8048174977302551,0.8048174977302551,drop,0,,,
oenanthe_oenanthe,751195,Oenanthe oenanthe,/Users/justyna-przy/Projects/ISE/FYP/src/bird_data/raw/oenanthe_oenanthe/XC751195.mp3,19.0,22.0,-26.034942721147495,-26.428559294458648,drop,Melanocorypha calandra,Calandra Lark,0.4548518657684326,0.4548518657684326,drop,0,,,
oenanthe_oenanthe,751195,Oenanthe oenanthe,/Users/justyna-przy/Projects/ISE/FYP/src/bird_data/raw/oenanthe_oenanthe/XC751195.mp3,22.0,25.0,-19.656599251372977,-26.428559294458648,drop,Alauda arvensis,Eurasian Skylark,0.9340246319770813,0.9340246319770813,drop,0,,,
oenanthe_oenanthe,751195,Oenanthe oenanthe,/Users/justyna-przy/Projects/ISE/FYP/src/bird_data/raw/oenanthe_oenanthe/XC751195.mp3,25.0,28.0,-20.99979275955274,-26.428559294458648,drop,Alauda arvensis,Eurasian Skylark,0.8123859763145447,0.8123859763145447,drop,0,,,
oenanthe_oenanthe,751195,Oenanthe oenanthe,/Users/justyna-przy/Projects/ISE/FYP/src/bird_data/raw/oenanthe_oenanthe/XC751195.mp3,28.0,31.0,-21.130564102316445,-26.428559294458648,drop,Alauda arvensis,Eurasian Skylark,0.1754622757434845,0.1754622757434845,drop,0,,,
oenanthe_oenanthe,751195,Oenanthe oenanthe,/Users/justyna-przy/Projects/ISE/FYP/src/bird_data/raw/oenanthe_oenanthe/XC751195.mp3,31.0,34.0,-20.605107369902093,-26.428559294458648,drop,Alauda arvensis,Eurasian Skylark,0.1751585751771927,0.1751585751771927,drop,0,,,
oenanthe_oenanthe,751195,Oenanthe oenanthe,/Users/justyna-przy/Projects/ISE/FYP/src/bird_data/raw/oenanthe_oenanthe/XC751195.mp3,34.0,37.0,-19.726043931688118,-26.428559294458648,drop,Alauda arvensis,Eurasian Skylark,0.8213731050491333,0.8213731050491333,drop,0,,,
oenanthe_oenanthe,751195,Oenanthe oenanthe,/Users/justyna-przy/Projects/ISE/FYP/src/bird_data/raw/oenanthe_oenanthe/XC751195.mp3,37.0,40.0,-19.566862156555114,-26.428559294458648,drop,Alauda arvensis,Eurasian Skylark,0.9876543879508972,0.9876543879508972,drop,0,,,
oenanthe_oenanthe,751195,Oenanthe oenanthe,/Users/justyna-przy/Projects/ISE/FYP/src/bird_data/raw/oenanthe_oenanthe/XC751195.mp3,40.0,43.0,-18.304574279586358,-26.428559294458648,drop,Alauda arvensis,Eurasian Skylark,0.9864163398742676,0.9864163398742676,drop,0,,,
oenanthe_oenanthe,743487,Oenanthe oenanthe,/Users/justyna-przy/Projects/ISE/FYP/src/bird_data/raw/oenanthe_oenanthe/XC743487.mp3,4.0,7.0,-21.558929631337836,-22.09448207329018,non_bird,,,0.0,0.0,non_bird,1,nonbird_lowconf,/Users/justyna-przy/Projects/ISE/FYP/src/bird_data/clips/non_bird/oenanthe_oenanthe/XC743487__s4000__e7000.wav,
oenanthe_oenanthe,743487,Oenanthe oenanthe,/Users/justyna-przy/Projects/ISE/FYP/src/bird_data/raw/oenanthe_oenanthe/XC743487.mp3,7.0,10.0,-19.999200022303565,-22.09448207329018,non_bird,,,0.0,0.0,non_bird,1,nonbird_lowconf,/Users/justyna-przy/Projects/ISE/FYP/src/bird_data/clips/non_bird/oenanthe_oenanthe/XC743487__s7000__e10000.wav,
oenanthe_oenanthe,743487,Oenanthe oenanthe,/Users/justyna-przy/Projects/ISE/FYP/src/bird_data/raw/oenanthe_oenanthe/XC743487.mp3,10.0,13.0,-19.633064927618985,-22.09448207329018,species,Oenanthe oenanthe,Northern Wheatear,0.6027787327766418,0.6027787327766418,species,1,rand_species,/Users/justyna-przy/Projects/ISE/FYP/src/bird_data/clips/species/oenanthe_oenanthe/XC743487__s10000__e13000.wav,
oenanthe_oenanthe,743487,Oenanthe oenanthe,/Users/justyna-przy/Projects/ISE/FYP/src/bird_data/raw/oenanthe_oenanthe/XC743487.mp3,13.0,16.0,-15.840758382064257,-22.09448207329018,species,Oenanthe oenanthe,Northern Wheatear,0.4245298206806183,0.4245298206806183,species,1,rand_species,/Users/justyna-przy/Projects/ISE/FYP/src/bird_data/clips/species/oenanthe_oenanthe/XC743487__s13000__e16000.wav,
oenanthe_oenanthe,743487,Oenanthe oenanthe,/Users/justyna-przy/Projects/ISE/FYP/src/bird_data/raw/oenanthe_oenanthe/XC743487.mp3,19.0,22.0,-14.354064228918498,-22.09448207329018,non_bird,,,0.0,0.0,non_bird,0,,,
oenanthe_oenanthe,743487,Oenanthe oenanthe,/Users/justyna-przy/Projects/ISE/FYP/src/bird_data/raw/oenanthe_oenanthe/XC743487.mp3,22.0,25.0,-14.79076106516768,-22.09448207329018,non_bird,,,0.0,0.0,non_bird,0,,,
oenanthe_oenanthe,743487,Oenanthe oenanthe,/Users/justyna-przy/Projects/ISE/FYP/src/bird_data/raw/oenanthe_oenanthe/XC743487.mp3,25.0,28.0,-16.470594913298637,-22.09448207329018,species,Oenanthe oenanthe,Northern Wheatear,0.9505112767219543,0.9505112767219543,species,1,rand_species,/Users/justyna-przy/Projects/ISE/FYP/src/bird_data/clips/species/oenanthe_oenanthe/XC743487__s25000__e28000.wav,
oenanthe_oenanthe,735677,Oenanthe oenanthe,/Users/justyna-przy/Projects/ISE/FYP/src/bird_data/raw/oenanthe_oenanthe/XC735677.mp3,1.0,4.0,-37.53484547020588,-40.0,species,Oenanthe oenanthe,Northern Wheatear,0.916975736618042,0.916975736618042,species,1,rand_species,/Users/justyna-przy/Projects/ISE/FYP/src/bird_data/clips/species/oenanthe_oenanthe/XC735677__s1000__e4000.wav,
oenanthe_oenanthe,735677,Oenanthe oenanthe,/Users/justyna-przy/Projects/ISE/FYP/src/bird_data/raw/oenanthe_oenanthe/XC735677.mp3,13.0,16.0,-39.35793001782664,-40.0,species,Oenanthe oenanthe,Northern Wheatear,0.9894104599952698,0.9894104599952698,species,1,rand_species,/Users/justyna-przy/Projects/ISE/FYP/src/bird_data/clips/species/oenanthe_oenanthe/XC735677__s13000__e16000.wav,
oenanthe_oenanthe,735677,Oenanthe oenanthe,/Users/justyna-przy/Projects/ISE/FYP/src/bird_data/raw/oenanthe_oenanthe/XC735677.mp3,16.0,19.0,-39.216268699987076,-40.0,species,Oenanthe oenanthe,Northern Wheatear,0.9502038955688477,0.9502038955688477,species,1,rand_species,/Users/justyna-przy/Projects/ISE/FYP/src/bird_data/clips/species/oenanthe_oenanthe/XC735677__s16000__e19000.wav,
oenanthe_oenanthe,732390,Oenanthe oenanthe,/Users/justyna-przy/Projects/ISE/FYP/src/bird_data/raw/oenanthe_oenanthe/XC732390.mp3,1.0,4.0,-34.30314606599059,-34.76560477817239,species,Oenanthe oenanthe,Northern Wheatear,0.5602542757987976,0.5602542757987976,species,1,rand_species,/Users/justyna-przy/Projects/ISE/FYP/src/bird_data/clips/species/oenanthe_oenanthe/XC732390__s1000__e4000.wav,
oenanthe_oenanthe,732390,Oenanthe oenanthe,/Users/justyna-przy/Projects/ISE/FYP/src/bird_data/raw/oenanthe_oenanthe/XC732390.mp3,4.0,7.0,-32.701643401503155,-34.76560477817239,drop,Curruca undata,Dartford Warbler,0.22491022944450378,0.22491022944450378,drop,0,,,
oenanthe_oenanthe,732390,Oenanthe oenanthe,/Users/justyna-przy/Projects/ISE/FYP/src/bird_data/raw/oenanthe_oenanthe/XC732390.mp3,7.0,10.0,-28.046736942595068,-34.76560477817239,species,Oenanthe oenanthe,Northern Wheatear,0.4319179356098175,0.4319179356098175,species,1,rand_species,/Users/justyna-przy/Projects/ISE/FYP/src/bird_data/clips/species/oenanthe_oenanthe/XC732390__s7000__e10000.wav,
oenanthe_oenanthe,732390,Oenanthe oenanthe,/Users/justyna-przy/Projects/ISE/FYP/src/bird_data/raw/oenanthe_oenanthe/XC732390.mp3,10.0,13.0,-27.19230137196401,-34.76560477817239,drop,Oenanthe pleschanka,Pied Wheatear,0.1583174616098404,0.1583174616098404,drop,0,,,
oenanthe_oenanthe,732389,Oenanthe oenanthe,/Users/justyna-przy/Projects/ISE/FYP/src/bird_data/raw/oenanthe_oenanthe/XC732389.mp3,1.0,4.0,-5.7714236894592075,-25.059748069963085,drop,Oenanthe oenanthe,Northern Wheatear,0.10141658782958984,0.10141658782958984,drop,0,,,
oenanthe_oenanthe,732389,Oenanthe oenanthe,/Users/justyna-przy/Projects/ISE/FYP/src/bird_data/raw/oenanthe_oenanthe/XC732389.mp3,4.0,7.0,-12.501327240791385,-25.059748069963085,species,Oenanthe oenanthe,Northern Wheatear,0.711155116558075,0.711155116558075,species,1,rand_species,/Users/justyna-przy/Projects/ISE/FYP/src/bird_data/clips/species/oenanthe_oenanthe/XC732389__s4000__e7000.wav,
oenanthe_oenanthe,732389,Oenanthe oenanthe,/Users/justyna-przy/Projects/ISE/FYP/src/bird_data/raw/oenanthe_oenanthe/XC732389.mp3,7.0,10.0,-18.843039191842795,-25.059748069963085,species,Oenanthe oenanthe,Northern Wheatear,0.8713250756263733,0.8713250756263733,species,0,,,
oenanthe_oenanthe,732389,Oenanthe oenanthe,/Users/justyna-przy/Projects/ISE/FYP/src/bird_data/raw/oenanthe_oenanthe/XC732389.mp3,16.0,19.0,-21.564411607508642,-25.059748069963085,species,Oenanthe oenanthe,Northern Wheatear,0.6504866480827332,0.6504866480827332,species,0,,,
oenanthe_oenanthe,732389,Oenanthe oenanthe,/Users/justyna-przy/Projects/ISE/FYP/src/bird_data/raw/oenanthe_oenanthe/XC732389.mp3,19.0,22.0,-22.37426731639402,-25.059748069963085,species,Oenanthe oenanthe,Northern Wheatear,0.8781380653381348,0.8781380653381348,species,1,rand_species,/Users/justyna-przy/Projects/ISE/FYP/src/bird_data/clips/species/oenanthe_oenanthe/XC732389__s19000__e22000.wav,
oenanthe_oenanthe,732389,Oenanthe oenanthe,/Users/justyna-przy/Projects/ISE/FYP/src/bird_data/raw/oenanthe_oenanthe/XC732389.mp3,22.0,25.0,-18.80299066208084,-25.059748069963085,species,Oenanthe oenanthe,Northern Wheatear,0.5026168823242188,0.5026168823242188,species,1,rand_species,/Users/justyna-przy/Projects/ISE/FYP/src/bird_data/clips/species/oenanthe_oenanthe/XC732389__s22000__e25000.wav,
oenanthe_oenanthe,732389,Oenanthe oenanthe,/Users/justyna-przy/Projects/ISE/FYP/src/bird_data/raw/oenanthe_oenanthe/XC732389.mp3,25.0,28.0,-17.70469729708798,-25.059748069963085,species,Oenanthe oenanthe,Northern Wheatear,0.7844381928443909,0.7844381928443909,species,0,,,
oenanthe_oenanthe,731266,Oenanthe oenanthe,/Users/justyna-przy/Projects/ISE/FYP/src/bird_data/raw/oenanthe_oenanthe/XC731266.mp3,1.0,4.0,-50.15577107902296,-40.0,species,Oenanthe oenanthe,Northern Wheatear,0.9947707056999207,0.9947707056999207,species,1,rand_species,/Users/justyna-przy/Projects/ISE/FYP/src/bird_data/clips/species/oenanthe_oenanthe/XC731266__s1000__e4000.wav,
oenanthe_oenanthe,730225,Oenanthe oenanthe,/Users/justyna-przy/Projects/ISE/FYP/src/bird_data/raw/oenanthe_oenanthe/XC730225.mp3,1.0,4.0,-31.748453007662015,-40.0,species,Oenanthe oenanthe,Northern Wheatear,0.7632554769515991,0.7632554769515991,species,1,rand_species,/Users/justyna-przy/Projects/ISE/FYP/src/bird_data/clips/species/oenanthe_oenanthe/XC730225__s1000__e4000.wav,
oenanthe_oenanthe,683474,Oenanthe oenanthe,/Users/justyna-przy/Projects/ISE/FYP/src/bird_data/raw/oenanthe_oenanthe/XC683474.mp3,4.0,7.0,-35.31310364498852,-40.0,drop,Riparia riparia,Bank Swallow,0.32235652208328247,0.32235652208328247,drop,0,,,
oenanthe_oenanthe,683474,Oenanthe oenanthe,/Users/justyna-przy/Projects/ISE/FYP/src/bird_data/raw/oenanthe_oenanthe/XC683474.mp3,7.0,10.0,-33.16630951981887,-40.0,non_bird,,,0.0,0.0,non_bird,1,nonbird_lowconf,/Users/justyna-przy/Projects/ISE/FYP/src/bird_data/clips/non_bird/oenanthe_oenanthe/XC683474__s7000__e10000.wav,
oenanthe_oenanthe,683474,Oenanthe oenanthe,/Users/justyna-przy/Projects/ISE/FYP/src/bird_data/raw/oenanthe_oenanthe/XC683474.mp3,10.0,13.0,-30.401209377672696,-40.0,drop,Corvus corone,Carrion Crow,0.6259762644767761,0.6259762644767761,drop,0,,,
