species_label,xc_id,sci_name,source_path,start_s,end_s,rms_db,rms_gate_thr_db,teacher_decision,teacher_top_sci,teacher_top_common,teacher_top_conf,teacher_max_conf,final_class,selected,selected_reason,clip_path,error
prunella_modularis,1082392,Prunella modularis,/Users/justyna-przy/Projects/ISE/FYP/src/bird_data/raw/prunella_modularis/XC1082392.mp3,1.0,4.0,-18.410451556666004,-22.663592760220677,species,Prunella modularis,Dunnock,0.5742852091789246,0.5742852091789246,species,0,,,
prunella_modularis,1082392,Prunella modularis,/Users/justyna-przy/Projects/ISE/FYP/src/bird_data/raw/prunella_modularis/XC1082392.mp3,4.0,7.0,-12.176765595864822,-22.663592760220677,species,Prunella modularis,Dunnock,0.7257490754127502,0.7257490754127502,species,0,,,
prunella_modularis,1082392,Prunella modularis,/Users/justyna-przy/Projects/ISE/FYP/src/bird_data/raw/prunella_modularis/XC1082392.mp3,7.0,10.0,-16.043673788014022,-22.663592760220677,species,Prunella modularis,Dunnock,0.5543112754821777,0.5543112754821777,species,1,rand_species,/Users/justyna-przy/Projects/ISE/FYP/src/bird_data/clips/species/prunella_modularis/XC1082392__s7000__e10000.wav,
prunella_modularis,1082392,Prunella modularis,/Users/justyna-przy/Projects/ISE/FYP/src/bird_data/raw/prunella_modularis/XC1082392.mp3,10.0,13.0,-21.504396285960105,-22.663592760220677,species,Prunella modularis,Dunnock,0.8767049908638,0.8767049908638,species,1,rand_species,/Users/justyna-przy/Projects/ISE/FYP/src/bird_data/clips/species/prunella_modularis/XC1082392__s10000__e13000.wav,
prunella_modularis,1082392,Prunella modularis,/Users/justyna-przy/Projects/ISE/FYP/src/bird_data/raw/prunella_modularis/XC1082392.mp3,13.0,16.0,-13.737659143583127,-22.663592760220677,species,Prunella modularis,Dunnock,0.9588058590888977,0.9588058590888977,species,0,,,
prunella_modularis,1082392,Prunella modularis,/Users/justyna-przy/Projects/ISE/FYP/src/bird_data/raw/prunella_modularis/XC1082392.mp3,16.0,19.0,-17.985077051828608,-22.663592760220677,species,Prunella modularis,Dunnock,0.9681164622306824,0.9681164622306824,species,0,,,
prunella_modularis,1082392,Prunella modularis,/Users/justyna-przy/Projects/ISE/FYP/src/bird_data/raw/prunella_modularis/XC1082392.mp3,19.0,22.0,-21.684995210328847,-22.663592760220677,species,Prunella modularis,Dunnock,0.4881865978240967,0.4881865978240967,species,0,,,
prunella_modularis,1082392,Prunella modularis,/Users/justyna-przy/Projects/ISE/FYP/src/bird_data/raw/prunella_modularis/XC1082392.mp3,22.0,25.0,-14.050811165578615,-22.663592760220677,species,Prunella modularis,Dunnock,0.9861937165260315,0.9861937165260315,species,0,,,
prunella_modularis,1082392,Prunella modularis,/Users/justyna-przy/Projects/ISE/FYP/src/bird_data/raw/prunella_modularis/XC1082392.mp3,25.0,28.0,-22.329112497947236,-22.663592760220677,species,Prunella modularis,Dunnock,0.6040976643562317,0.6040976643562317,species,1,rand_species,/Users/justyna-przy/Projects/ISE/FYP/src/bird_data/clips/species/prunella_modularis/XC1082392__s25000__e28000.wav,
prunella_modularis,1054287,Prunella modularis,/Users/justyna-przy/Projects/ISE/FYP/src/bird_data/raw/prunella_modularis/XC1054287.mp3,1.0,4.0,-18.882205146723248,-37.77323857463488,species,Prunella modularis,Dunnock,0.9930568933486938,0.9930568933486938,species,0,,,
prunella_modularis,1054287,Prunella modularis,/Users/justyna-przy/Projects/ISE/FYP/src/bird_data/raw/prunella_modularis/XC1054287.mp3,7.0,10.0,-21.920009535252674,-37.77323857463488,species,Prunella modularis,Dunnock,0.8444465398788452,0.8444465398788452,species,1,rand_species,/Users/justyna-przy/Projects/ISE/FYP/src/bird_data/clips/species/prunella_modularis/XC1054287__s7000__e10000.wav,
prunella_modularis,1054287,Prunella modularis,/Users/justyna-przy/Projects/ISE/FYP/src/bird_data/raw/prunella_modularis/XC1054287.mp3,10.0,13.0,-22.688327558698163,-37.77323857463488,species,Prunella modularis,Dunnock,0.8241192698478699,0.8241192698478699,species,0,,,
prunella_modularis,1054287,Prunella modularis,/Users/justyna-przy/Projects/ISE/FYP/src/bird_data/raw/prunella_modularis/XC1054287.mp3,13.0,16.0,-28.657148599299806,-37.77323857463488,drop,Saxicola rubicola,European Stonechat,0.15219315886497498,0.15219315886497498,drop,0,,,
prunella_modularis,1054287,Prunella modularis,/Users/justyna-przy/Projects/ISE/FYP/src/bird_data/raw/prunella_modularis/XC1054287.mp3,16.0,19.0,-19.474637394853747,-37.77323857463488,species,Prunella modularis,Dunnock,0.9870637655258179,0.9870637655258179,species,0,,,
prunella_modularis,1054287,Prunella modularis,/Users/justyna-przy/Projects/ISE/FYP/src/bird_data/raw/prunella_modularis/XC1054287.mp3,19.0,22.0,-26.402498799934314,-37.77323857463488,species,Prunella modularis,Dunnock,0.6202203631401062,0.6202203631401062,species,0,,,
prunella_modularis,1054287,Prunella modularis,/Users/justyna-przy/Projects/ISE/FYP/src/bird_data/raw/prunella_modularis/XC1054287.mp3,22.0,25.0,-18.912447905564434,-37.77323857463488,species,Prunella modularis,Dunnock,0.9487208724021912,0.9487208724021912,species,1,rand_species,/Users/justyna-przy/Projects/ISE/FYP/src/bird_data/clips/species/prunella_modularis/XC1054287__s22000__e25000.wav,
prunella_modularis,1054287,Prunella modularis,/Users/justyna-przy/Projects/ISE/FYP/src/bird_data/raw/prunella_modularis/XC1054287.mp3,28.0,31.0,-23.951093957674505,-37.77323857463488,species,Prunella modularis,Dunnock,0.9176813960075378,0.9176813960075378,species,0,,,
prunella_modularis,1054287,Prunella modularis,/Users/justyna-przy/Projects/ISE/FYP/src/bird_data/raw/prunella_modularis/XC1054287.mp3,31.0,34.0,-28.274641047533905,-37.77323857463488,species,Prunella modularis,Dunnock,0.8546566367149353,0.8546566367149353,species,1,rand_species,/Users/justyna-przy/Projects/ISE/FYP/src/bird_data/clips/species/prunella_modularis/XC1054287__s31000__e34000.wav,
prunella_modularis,1054287,Prunella modularis,/Users/justyna-przy/Projects/ISE/FYP/src/bird_data/raw/prunella_modularis/XC1054287.mp3,43.0,46.0,-31.716488500929355,-37.77323857463488,species,Prunella modularis,Dunnock,0.9926698207855225,0.9926698207855225,species,0,,,
prunella_modularis,948864,Prunella modularis,/Users/justyna-przy/Projects/ISE/FYP/src/bird_data/raw/prunella_modularis/XC948864.mp3,1.0,4.0,-31.095679041259906,-39.97865435568986,species,Prunella modularis,Dunnock,0.9837126731872559,0.9837126731872559,species,0,,,
prunella_modularis,948864,Prunella modularis,/Users/justyna-przy/Projects/ISE/FYP/src/bird_data/raw/prunella_modularis/XC948864.mp3,4.0,7.0,-35.705227419799904,-39.97865435568986,species,Prunella modularis,Dunnock,0.9424214363098145,0.9424214363098145,species,1,rand_species,/Users/justyna-przy/Projects/ISE/FYP/src/bird_data/clips/species/prunella_modularis/XC948864__s4000__e7000.wav,
prunella_modularis,948864,Prunella modularis,/Users/justyna-przy/Projects/ISE/FYP/src/bird_data/raw/prunella_modularis/XC948864.mp3,7.0,10.0,-39.89769849636846,-39.97865435568986,species,Prunella modularis,Dunnock,0.9238259196281433,0.9238259196281433,species,0,,,
prunella_modularis,948864,Prunella modularis,/Users/justyna-przy/Projects/ISE/FYP/src/bird_data/raw/prunella_modularis/XC948864.mp3,10.0,13.0,-32.49522390719126,-39.97865435568986,species,Prunella modularis,Dunnock,0.9784391522407532,0.9784391522407532,species,1,rand_species,/Users/justyna-przy/Projects/ISE/FYP/src/bird_data/clips/species/prunella_modularis/XC948864__s10000__e13000.wav,
prunella_modularis,948864,Prunella modularis,/Users/justyna-przy/Projects/ISE/FYP/src/bird_data/raw/prunella_modularis/XC948864.mp3,13.0,16.0,-35.25408916776877,-39.97865435568986,species,Prunella modularis,Dunnock,0.9794893264770508,0.9794893264770508,species,0,,,
prunella_modularis,948864,Prunella modularis,/Users/justyna-przy/Projects/ISE/FYP/src/bird_data/raw/prunella_modularis/XC948864.mp3,16.0,19.0,-35.368535099200436,-39.97865435568986,species,Prunella modularis,Dunnock,0.9833564758300781,0.9833564758300781,species,0,,,
prunella_modularis,948864,Prunella modularis,/Users/justyna-przy/Projects/ISE/FYP/src/bird_data/raw/prunella_modularis/XC948864.mp3,19.0,22.0,-36.727936392713,-39.97865435568986,species,Prunella modularis,Dunnock,0.9943174719810486,0.9943174719810486,species,0,,,
prunella_modularis,948864,Prunella modularis,/Users/justyna-przy/Projects/ISE/FYP/src/bird_data/raw/prunella_modularis/XC948864.mp3,25.0,28.0,-39.873097858229514,-39.97865435568986,species,Prunella modularis,Dunnock,0.9980545043945312,0.9980545043945312,species,1,rand_species,/Users/justyna-przy/Projects/ISE/FYP/src/bird_data/clips/species/prunella_modularis/XC948864__s25000__e28000.wav,
prunella_modularis,920469,Prunella modularis,/Users/justyna-przy/Projects/ISE/FYP/src/bird_data/raw/prunella_modularis/XC920469.mp3,4.0,7.0,-28.68829781066591,-29.08712136812226,drop,Phylloscopus maculipennis,Ashy-throated Warbler,0.9301246404647827,0.9301246404647827,drop,0,,,
prunella_modularis,902691,Prunella modularis,/Users/justyna-przy/Projects/ISE/FYP/src/bird_data/raw/prunella_modularis/XC902691.mp3,1.0,4.0,-35.783977420934086,-40.0,non_bird,,,0.0,0.0,non_bird,1,nonbird_lowconf,/Users/justyna-przy/Projects/ISE/FYP/src/bird_data/clips/non_bird/prunella_modularis/XC902691__s1000__e4000.wav,
prunella_modularis,902691,Prunella modularis,/Users/justyna-przy/Projects/ISE/FYP/src/bird_data/raw/prunella_modularis/XC902691.mp3,4.0,7.0,-19.493442006173794,-40.0,species,Prunella modularis,Dunnock,0.9804356098175049,0.9804356098175049,species,1,rand_species,/Users/justyna-przy/Projects/ISE/FYP/src/bird_data/clips/species/prunella_modularis/XC902691__s4000__e7000.wav,
prunella_modularis,902691,Prunella modularis,/Users/justyna-przy/Projects/ISE/FYP/src/bird_data/raw/prunella_modularis/XC902691.mp3,7.0,10.0,-26.01755934459982,-40.0,species,Prunella modularis,Dunnock,0.9975348711013794,0.9975348711013794,species,1,rand_species,/Users/justyna-przy/Projects/ISE/FYP/src/bird_data/clips/species/prunella_modularis/XC902691__s7000__e10000.wav,
prunella_modularis,597087,Prunella modularis,/Users/justyna-przy/Projects/ISE/FYP/src/bird_data/raw/prunella_modularis/XC597087.mp3,1.0,4.0,-25.583239596349113,-40.0,non_bird,,,0.0,0.0,non_bird,1,nonbird_lowconf,/Users/justyna-przy/Projects/ISE/FYP/src/bird_data/clips/non_bird/prunella_modularis/XC597087__s1000__e4000.wav,
prunella_modularis,597087,Prunella modularis,/Users/justyna-przy/Projects/ISE/FYP/src/bird_data/raw/prunella_modularis/XC597087.mp3,4.0,7.0,-21.65618288877088,-40.0,non_bird,,,0.0,0.0,non_bird,1,nonbird_lowconf,/Users/justyna-przy/Projects/ISE/FYP/src/bird_data/clips/non_bird/prunella_modularis/XC597087__s4000__e7000.wav,
prunella_modularis,597087,Prunella modularis,/Users/justyna-przy/Projects/ISE/FYP/src/bird_data/raw/prunella_modularis/XC597087.mp3,7.0,10.0,-20.623695811747513,-40.0,non_bird,,,0.0,0.0,non_bird,0,,,
prunella_modularis,597087,Prunella modularis,/Users/justyna-przy/Projects/ISE/FYP/src/bird_data/raw/prunella_modularis/XC597087.mp3,10.0,13.0,-24.20534283045437,-40.0,non_bird,,,0.0,0.0,non_bird,0,,,
prunella_modularis,597087,Prunella modularis,/Users/justyna-przy/Projects/ISE/FYP/src/bird_data/raw/prunella_modularis/XC597087.mp3,13.0,16.0,-32.62837533764612,-40.0,non_bird,,,0.0,0.0,non_bird,0,,,
prunella_modularis,597087,Prunella modularis,/Users/justyna-przy/Projects/ISE/FYP/src/bird_data/raw/prunella_modularis/XC597087.mp3,16.0,19.0,-38.09072798778026,-40.0,drop,Motacilla alba,White Wagtail,0.38113752007484436,0.38113752007484436,drop,0,,,
prunella_modularis,597087,Prunella modularis,/Users/justyna-przy/Projects/ISE/FYP/src/bird_data/raw/prunella_modularis/XC597087.mp3,19.0,22.0,-39.17199183297797,-40.0,drop,Motacilla alba,White Wagtail,0.16172415018081665,0.16172415018081665,drop,0,,,
prunella_modularis,597087,Prunella modularis,/Users/justyna-przy/Projects/ISE/FYP/src/bird_data/raw/prunella_modularis/XC597087.mp3,34.0,37.0,-25.21915001466185,-40.0,drop,Pygochelidon cyanoleuca,Blue-and-white Swallow,0.11494012176990509,0.11494012176990509,drop,0,,,
prunella_modularis,597087,Prunella modularis,/Users/justyna-przy/Projects/ISE/FYP/src/bird_data/raw/prunella_modularis/XC597087.mp3,37.0,40.0,-20.76366252887714,-40.0,non_bird,,,0.0,0.0,non_bird,0,,,
prunella_modularis,597087,Prunella modularis,/Users/justyna-przy/Projects/ISE/FYP/src/bird_data/raw/prunella_modularis/XC597087.mp3,40.0,43.0,-21.58907794795333,-40.0,non_bird,,,0.0,0.0,non_bird,0,,,
prunella_modularis,597087,Prunella modularis,/Users/justyna-przy/Projects/ISE/FYP/src/bird_data/raw/prunella_modularis/XC597087.mp3,43.0,46.0,-22.772506111262736,-40.0,non_bird,,,0.0,0.0,non_bird,0,,,
prunella_modularis,597087,Prunella modularis,/Users/justyna-przy/Projects/ISE/FYP/src/bird_data/raw/prunella_modularis/XC597087.mp3,46.0,49.0,-36.402789815931826,-40.0,drop,Mirafra cantillans,Singing Bushlark,0.1068156361579895,0.1068156361579895,drop,0,,,
prunella_modularis,353951,Prunella modularis,/Users/justyna-przy/Projects/ISE/FYP/src/bird_data/raw/prunella_modularis/XC353951.mp3,1.0,4.0,-32.61354896457834,-34.99494482866107,species,Prunella modularis,Dunnock,0.9566767811775208,0.9566767811775208,species,0,,,
prunella_modularis,353951,Prunella modularis,/Users/justyna-przy/Projects/ISE/FYP/src/bird_data/raw/prunella_modularis/XC353951.mp3,7.0,10.0,-34.378867944474706,-34.99494482866107,species,Prunella modularis,Dunnock,0.9968132376670837,0.9968132376670837,species,0,,,
prunella_modularis,353951,Prunella modularis,/Users/justyna-przy/Projects/ISE/FYP/src/bird_data/raw/prunella_modularis/XC353951.mp3,10.0,13.0,-34.149994812790666,-34.99494482866107,species,Prunella modularis,Dunnock,0.9942347407341003,0.9942347407341003,species,1,rand_species,/Users/justyna-przy/Projects/ISE/FYP/src/bird_data/clips/species/prunella_modularis/XC353951__s10000__e13000.wav,
prunella_modularis,353951,Prunella modularis,/Users/justyna-przy/Projects/ISE/FYP/src/bird_data/raw/prunella_modularis/XC353951.mp3,13.0,16.0,-32.660164502169366,-34.99494482866107,species,Prunella modularis,Dunnock,0.9960116147994995,0.9960116147994995,species,1,rand_species,/Users/justyna-przy/Projects/ISE/FYP/src/bird_data/clips/species/prunella_modularis/XC353951__s13000__e16000.wav,
prunella_modularis,353951,Prunella modularis,/Users/justyna-przy/Projects/ISE/FYP/src/bird_data/raw/prunella_modularis/XC353951.mp3,16.0,19.0,-32.734443186479474,-34.99494482866107,species,Prunella modularis,Dunnock,0.990475594997406,0.990475594997406,species,1,rand_species,/Users/justyna-przy/Projects/ISE/FYP/src/bird_data/clips/species/prunella_modularis/XC353951__s16000__e19000.wav,
prunella_modularis,211891,Prunella modularis,/Users/justyna-przy/Projects/ISE/FYP/src/bird_data/raw/prunella_modularis/XC211891.mp3,1.0,4.0,-32.86308487939488,-35.42313232909659,species,Prunella modularis,Dunnock,0.9757170081138611,0.9757170081138611,species,1,rand_species,/Users/justyna-przy/Projects/ISE/FYP/src/bird_data/clips/species/prunella_modularis/XC211891__s1000__e4000.wav,
prunella_modularis,211891,Prunella modularis,/Users/justyna-przy/Projects/ISE/FYP/src/bird_data/raw/prunella_modularis/XC211891.mp3,7.0,10.0,-33.266952163243644,-35.42313232909659,species,Prunella modularis,Dunnock,0.9936683773994446,0.9936683773994446,species,0,,,
prunella_modularis,211891,Prunella modularis,/Users/justyna-przy/Projects/ISE/FYP/src/bird_data/raw/prunella_modularis/XC211891.mp3,16.0,19.0,-31.742550895558438,-35.42313232909659,species,Prunella modularis,Dunnock,0.9836575388908386,0.9836575388908386,species,0,,,
prunella_modularis,211891,Prunella modularis,/Users/justyna-przy/Projects/ISE/FYP/src/bird_data/raw/prunella_modularis/XC211891.mp3,19.0,22.0,-32.70599334835587,-35.42313232909659,species,Prunella modularis,Dunnock,0.8649480938911438,0.8649480938911438,species,0,,,
prunella_modularis,211891,Prunella modularis,/Users/justyna-przy/Projects/ISE/FYP/src/bird_data/raw/prunella_modularis/XC211891.mp3,22.0,25.0,-32.73537685810014,-35.42313232909659,species,Prunella modularis,Dunnock,0.8653295040130615,0.8653295040130615,species,1,rand_species,/Users/justyna-przy/Projects/ISE/FYP/src/bird_data/clips/species/prunella_modularis/XC211891__s22000__e25000.wav,
prunella_modularis,211891,Prunella modularis,/Users/justyna-przy/Projects/ISE/FYP/src/bird_data/raw/prunella_modularis/XC211891.mp3,25.0,28.0,-34.80598165318379,-35.42313232909659,species,Prunella modularis,Dunnock,0.98628830909729,0.98628830909729,species,0,,,
prunella_modularis,211891,Prunella modularis,/Users/justyna-przy/Projects/ISE/FYP/src/bird_data/raw/prunella_modularis/XC211891.mp3,28.0,31.0,-33.49379695286473,-35.42313232909659,species,Prunella modularis,Dunnock,0.5954458117485046,0.5954458117485046,species,0,,,
prunella_modularis,211891,Prunella modularis,/Users/justyna-przy/Projects/ISE/FYP/src/bird_data/raw/prunella_modularis/XC211891.mp3,31.0,34.0,-34.67077919809492,-35.42313232909659,species,Prunella modularis,Dunnock,0.7391626834869385,0.7391626834869385,species,0,,,
prunella_modularis,211891,Prunella modularis,/Users/justyna-przy/Projects/ISE/FYP/src/bird_data/raw/prunella_modularis/XC211891.mp3,34.0,37.0,-34.04360848462832,-35.42313232909659,species,Prunella modularis,Dunnock,0.9519315958023071,0.9519315958023071,species,0,,,
prunella_modularis,211891,Prunella modularis,/Users/justyna-przy/Projects/ISE/FYP/src/bird_data/raw/prunella_modularis/XC211891.mp3,40.0,43.0,-34.275625461814286,-35.42313232909659,species,Prunella modularis,Dunnock,0.9342494606971741,0.9342494606971741,species,1,rand_species,/Users/justyna-przy/Projects/ISE/FYP/src/bird_data/clips/species/prunella_modularis/XC211891__s40000__e43000.wav,
prunella_modularis,211891,Prunella modularis,/Users/justyna-przy/Projects/ISE/FYP/src/bird_data/raw/prunella_modularis/XC211891.mp3,43.0,46.0,-30.229962771025424,-35.42313232909659,species,Prunella modularis,Dunnock,0.9873550534248352,0.9873550534248352,species,0,,,
prunella_modularis,210529,Prunella modularis,/Users/justyna-przy/Projects/ISE/FYP/src/bird_data/raw/prunella_modularis/XC210529.mp3,1.0,4.0,-37.70026234974172,-38.071001507713746,species,Prunella modularis,Dunnock,0.9516767263412476,0.9516767263412476,species,1,rand_species,/Users/justyna-przy/Projects/ISE/FYP/src/bird_data/clips/species/prunella_modularis/XC210529__s1000__e4000.wav,
prunella_modularis,210529,Prunella modularis,/Users/justyna-przy/Projects/ISE/FYP/src/bird_data/raw/prunella_modularis/XC210529.mp3,10.0,13.0,-34.85737387441289,-38.071001507713746,species,Prunella modularis,Dunnock,0.9406570196151733,0.9406570196151733,species,0,,,
prunella_modularis,210529,Prunella modularis,/Users/justyna-przy/Projects/ISE/FYP/src/bird_data/raw/prunella_modularis/XC210529.mp3,13.0,16.0,-31.62078546043066,-38.071001507713746,species,Prunella modularis,Dunnock,0.8192189335823059,0.8192189335823059,species,1,rand_species,/Users/justyna-przy/Projects/ISE/FYP/src/bird_data/clips/species/prunella_modularis/XC210529__s13000__e16000.wav,
prunella_modularis,210529,Prunella modularis,/Users/justyna-przy/Projects/ISE/FYP/src/bird_data/raw/prunella_modularis/XC210529.mp3,16.0,19.0,-33.439305521403305,-38.071001507713746,species,Prunella modularis,Dunnock,0.8491519093513489,0.8491519093513489,species,0,,,
prunella_modularis,210529,Prunella modularis,/Users/justyna-przy/Projects/ISE/FYP/src/bird_data/raw/prunella_modularis/XC210529.mp3,19.0,22.0,-35.337963027413146,-38.071001507713746,species,Prunella modularis,Dunnock,0.9809811115264893,0.9809811115264893,species,0,,,
prunella_modularis,210529,Prunella modularis,/Users/justyna-przy/Projects/ISE/FYP/src/bird_data/raw/prunella_modularis/XC210529.mp3,22.0,25.0,-37.57316147550334,-38.071001507713746,drop,Lanius excubitor,Great Gray Shrike,0.1493259221315384,0.1493259221315384,drop,0,,,
prunella_modularis,210529,Prunella modularis,/Users/justyna-przy/Projects/ISE/FYP/src/bird_data/raw/prunella_modularis/XC210529.mp3,25.0,28.0,-37.26959463192539,-38.071001507713746,species,Prunella modularis,Dunnock,0.9806631207466125,0.9806631207466125,species,0,,,
prunella_modularis,210529,Prunella modularis,/Users/justyna-przy/Projects/ISE/FYP/src/bird_data/raw/prunella_modularis/XC210529.mp3,28.0,31.0,-38.06772297535528,-38.071001507713746,species,Prunella modularis,Dunnock,0.963920533657074,0.963920533657074,species,0,,,
prunella_modularis,210529,Prunella modularis,/Users/justyna-przy/Projects/ISE/FYP/src/bird_data/raw/prunella_modularis/XC210529.mp3,31.0,34.0,-35.42458530220378,-38.071001507713746,species,Prunella modularis,Dunnock,0.9829878807067871,0.9829878807067871,species,1,rand_species,/Users/justyna-przy/Projects/ISE/FYP/src/bird_data/clips/species/prunella_modularis/XC210529__s31000__e34000.wav,
prunella_modularis,210529,Prunella modularis,/Users/justyna-przy/Projects/ISE/FYP/src/bird_data/raw/prunella_modularis/XC210529.mp3,34.0,37.0,-35.23248244167161,-38.071001507713746,species,Prunella modularis,Dunnock,0.9685524702072144,0.9685524702072144,species,0,,,
prunella_modularis,210529,Prunella modularis,/Users/justyna-przy/Projects/ISE/FYP/src/bird_data/raw/prunella_modularis/XC210529.mp3,40.0,43.0,-37.18158506167232,-38.071001507713746,species,Prunella modularis,Dunnock,0.9965574741363525,0.9965574741363525,species,0,,,
prunella_modularis,210529,Prunella modularis,/Users/justyna-przy/Projects/ISE/FYP/src/bird_data/raw/prunella_modularis/XC210529.mp3,46.0,49.0,-37.975660872298896,-38.071001507713746,species,Prunella modularis,Dunnock,0.8557450771331787,0.8557450771331787,species,0,,,
prunella_modularis,199557,Prunella modularis,/Users/justyna-przy/Projects/ISE/FYP/src/bird_data/raw/prunella_modularis/XC199557.mp3,1.0,4.0,-26.441646375829393,-30.95923626277888,species,Prunella modularis,Dunnock,0.8878045082092285,0.8878045082092285,species,1,rand_species,/Users/justyna-przy/Projects/ISE/FYP/src/bird_data/clips/species/prunella_modularis/XC199557__s1000__e4000.wav,
prunella_modularis,199557,Prunella modularis,/Users/justyna-przy/Projects/ISE/FYP/src/bird_data/raw/prunella_modularis/XC199557.mp3,4.0,7.0,-28.907483381864644,-30.95923626277888,drop,Spinus spinus,Eurasian Siskin,0.11424091458320618,0.11424091458320618,drop,0,,,
prunella_modularis,199557,Prunella modularis,/Users/justyna-przy/Projects/ISE/FYP/src/bird_data/raw/prunella_modularis/XC199557.mp3,7.0,10.0,-28.050315240441883,-30.95923626277888,species,Prunella modularis,Dunnock,0.9721116423606873,0.9721116423606873,species,1,rand_species,/Users/justyna-przy/Projects/ISE/FYP/src/bird_data/clips/species/prunella_modularis/XC199557__s7000__e10000.wav,
prunella_modularis,199557,Prunella modularis,/Users/justyna-przy/Projects/ISE/FYP/src/bird_data/raw/prunella_modularis/XC199557.mp3,10.0,13.0,-21.569051177181997,-30.95923626277888,species,Prunella modularis,Dunnock,0.958545446395874,0.958545446395874,species,1,rand_species,/Users/justyna-przy/Projects/ISE/FYP/src/bird_data/clips/species/prunella_modularis/XC199557__s10000__e13000.wav,
prunella_modularis,186039,Prunella modularis,/Users/justyna-przy/Projects/ISE/FYP/src/bird_data/raw/prunella_modularis/XC186039.mp3,1.0,4.0,-32.440004849754246,-40.0,drop,Alauda arvensis,Eurasian Skylark,0.921238124370575,0.921238124370575,drop,0,,,
prunella_modularis,186039,Prunella modularis,/Users/justyna-przy/Projects/ISE/FYP/src/bird_data/raw/prunella_modularis/XC186039.mp3,4.0,7.0,-30.122940628622615,-40.0,species,Prunella modularis,Dunnock,0.9947091341018677,0.9947091341018677,species,1,rand_species,/Users/justyna-przy/Projects/ISE/FYP/src/bird_data/clips/species/prunella_modularis/XC186039__s4000__e7000.wav,
prunella_modularis,186039,Prunella modularis,/Users/justyna-przy/Projects/ISE/FYP/src/bird_data/raw/prunella_modularis/XC186039.mp3,10.0,13.0,-26.689208783971324,-40.0,species,Prunella modularis,Dunnock,0.9983349442481995,0.9983349442481995,species,1,rand_species,/Users/justyna-przy/Projects/ISE/FYP/src/bird_data/clips/species/prunella_modularis/XC186039__s10000__e13000.wav,
prunella_modularis,186039,Prunella modularis,/Users/justyna-przy/Projects/ISE/FYP/src/bird_data/raw/prunella_modularis/XC186039.mp3,16.0,19.0,-25.619295635677773,-40.0,species,Prunella modularis,Dunnock,0.971880316734314,0.971880316734314,species,0,,,
prunella_modularis,186039,Prunella modularis,/Users/justyna-przy/Projects/ISE/FYP/src/bird_data/raw/prunella_modularis/XC186039.mp3,19.0,22.0,-25.822835814489558,-40.0,species,Prunella modularis,Dunnock,0.9953396320343018,0.9953396320343018,species,1,rand_species,/Users/justyna-przy/Projects/ISE/FYP/src/bird_data/clips/species/prunella_modularis/XC186039__s19000__e22000.wav,
prunella_modularis,177650,Prunella modularis,/Users/justyna-przy/Projects/ISE/FYP/src/bird_data/raw/prunella_modularis/XC177650.mp3,1.0,4.0,-37.60432346689192,-40.0,species,Prunella modularis,Dunnock,0.9976697564125061,0.9976697564125061,species,0,,,
prunella_modularis,177650,Prunella modularis,/Users/justyna-przy/Projects/ISE/FYP/src/bird_data/raw/prunella_modularis/XC177650.mp3,4.0,7.0,-35.44093471957894,-40.0,species,Prunella modularis,Dunnock,0.984870970249176,0.984870970249176,species,0,,,
prunella_modularis,177650,Prunella modularis,/Users/justyna-przy/Projects/ISE/FYP/src/bird_data/raw/prunella_modularis/XC177650.mp3,7.0,10.0,-38.035773343985156,-40.0,species,Prunella modularis,Dunnock,0.9934646487236023,0.9934646487236023,species,1,rand_species,/Users/justyna-przy/Projects/ISE/FYP/src/bird_data/clips/species/prunella_modularis/XC177650__s7000__e10000.wav,
prunella_modularis,177650,Prunella modularis,/Users/justyna-przy/Projects/ISE/FYP/src/bird_data/raw/prunella_modularis/XC177650.mp3,10.0,13.0,-28.20366702541653,-40.0,species,Prunella modularis,Dunnock,0.9978033900260925,0.9978033900260925,species,1,rand_species,/Users/justyna-przy/Projects/ISE/FYP/src/bird_data/clips/species/prunella_modularis/XC177650__s10000__e13000.wav,
prunella_modularis,177650,Prunella modularis,/Users/justyna-przy/Projects/ISE/FYP/src/bird_data/raw/prunella_modularis/XC177650.mp3,13.0,16.0,-26.340572482679313,-40.0,species,Prunella modularis,Dunnock,0.9815376996994019,0.9815376996994019,species,0,,,
prunella_modularis,177650,Prunella modularis,/Users/justyna-przy/Projects/ISE/FYP/src/bird_data/raw/prunella_modularis/XC177650.mp3,16.0,19.0,-29.02370249274145,-40.0,species,Prunella modularis,Dunnock,0.9955171942710876,0.9955171942710876,species,0,,,
prunella_modularis,177650,Prunella modularis,/Users/justyna-przy/Projects/ISE/FYP/src/bird_data/raw/prunella_modularis/XC177650.mp3,22.0,25.0,-24.187938529177973,-40.0,species,Prunella modularis,Dunnock,0.9951421022415161,0.9951421022415161,species,0,,,
prunella_modularis,177650,Prunella modularis,/Users/justyna-przy/Projects/ISE/FYP/src/bird_data/raw/prunella_modularis/XC177650.mp3,25.0,28.0,-28.052109030685706,-40.0,species,Prunella modularis,Dunnock,0.9944039583206177,0.9944039583206177,species,0,,,
prunella_modularis,177650,Prunella modularis,/Users/justyna-przy/Projects/ISE/FYP/src/bird_data/raw/prunella_modularis/XC177650.mp3,28.0,31.0,-32.6556575403722,-40.0,drop,Prunella modularis,Dunnock,0.25267237424850464,0.25267237424850464,drop,0,,,
prunella_modularis,177650,Prunella modularis,/Users/justyna-przy/Projects/ISE/FYP/src/bird_data/raw/prunella_modularis/XC177650.mp3,31.0,34.0,-26.761829306164646,-40.0,species,Prunella modularis,Dunnock,0.9946122169494629,0.9946122169494629,species,1,rand_species,/Users/justyna-przy/Projects/ISE/FYP/src/bird_data/clips/species/prunella_modularis/XC177650__s31000__e34000.wav,
prunella_modularis,177650,Prunella modularis,/Users/justyna-przy/Projects/ISE/FYP/src/bird_data/raw/prunella_modularis/XC177650.mp3,34.0,37.0,-31.287054723871446,-40.0,species,Prunella modularis,Dunnock,0.9900609254837036,0.9900609254837036,species,0,,,
prunella_modularis,177650,Prunella modularis,/Users/justyna-przy/Projects/ISE/FYP/src/bird_data/raw/prunella_modularis/XC177650.mp3,43.0,46.0,-33.89519576394794,-40.0,species,Prunella modularis,Dunnock,0.9727775454521179,0.9727775454521179,species,0,,,
prunella_modularis,168380,Prunella modularis,/Users/justyna-przy/Projects/ISE/FYP/src/bird_data/raw/prunella_modularis/XC168380.mp3,1.0,4.0,-19.023484296044153,-40.0,species,Prunella modularis,Dunnock,0.9988313317298889,0.9988313317298889,species,1,rand_species,/Users/justyna-przy/Projects/ISE/FYP/src/bird_data/clips/species/prunella_modularis/XC168380__s1000__e4000.wav,
prunella_modularis,168380,Prunella modularis,/Users/justyna-przy/Projects/ISE/FYP/src/bird_data/raw/prunella_modularis/XC168380.mp3,4.0,7.0,-22.082920106081666,-40.0,species,Prunella modularis,Dunnock,0.9838502407073975,0.9838502407073975,species,1,rand_species,/Users/justyna-przy/Projects/ISE/FYP/src/bird_data/clips/species/prunella_modularis/XC168380__s4000__e7000.wav,
prunella_modularis,168380,Prunella modularis,/Users/justyna-przy/Projects/ISE/FYP/src/bird_data/raw/prunella_modularis/XC168380.mp3,10.0,13.0,-23.43086820652558,-40.0,species,Prunella modularis,Dunnock,0.9933372735977173,0.9933372735977173,species,0,,,
prunella_modularis,168380,Prunella modularis,/Users/justyna-przy/Projects/ISE/FYP/src/bird_data/raw/prunella_modularis/XC168380.mp3,16.0,19.0,-22.662090925070263,-40.0,species,Prunella modularis,Dunnock,0.9993218183517456,0.9993218183517456,species,0,,,
prunella_modularis,168380,Prunella modularis,/Users/justyna-przy/Projects/ISE/FYP/src/bird_data/raw/prunella_modularis/XC168380.mp3,25.0,28.0,-23.744119987525934,-40.0,species,Prunella modularis,Dunnock,0.9992719292640686,0.9992719292640686,species,1,rand_species,/Users/justyna-przy/Projects/ISE/FYP/src/bird_data/clips/species/prunella_modularis/XC168380__s25000__e28000.wav,
prunella_modularis,168380,Prunella modularis,/Users/justyna-przy/Projects/ISE/FYP/src/bird_data/raw/prunella_modularis/XC168380.mp3,31.0,34.0,-22.984190440896143,-40.0,species,Prunella modularis,Dunnock,0.9976600408554077,0.9976600408554077,species,0,,,
prunella_modularis,168380,Prunella modularis,/Users/justyna-przy/Projects/ISE/FYP/src/bird_data/raw/prunella_modularis/XC168380.mp3,34.0,37.0,-31.938465075301423,-40.0,species,Prunella modularis,Dunnock,0.4760437607765198,0.4760437607765198,species,0,,,
prunella_modularis,145634,Prunella modularis,/Users/justyna-przy/Projects/ISE/FYP/src/bird_data/raw/prunella_modularis/XC145634.mp3,1.0,4.0,-18.181876879179942,-40.0,species,Prunella modularis,Dunnock,0.6887478828430176,0.6887478828430176,species,1,rand_species,/Users/justyna-przy/Projects/ISE/FYP/src/bird_data/clips/species/prunella_modularis/XC145634__s1000__e4000.wav,
prunella_modularis,145634,Prunella modularis,/Users/justyna-przy/Projects/ISE/FYP/src/bird_data/raw/prunella_modularis/XC145634.mp3,7.0,10.0,-26.427941600776386,-40.0,species,Prunella modularis,Dunnock,0.8674055337905884,0.8674055337905884,species,1,rand_species,/Users/justyna-przy/Projects/ISE/FYP/src/bird_data/clips/species/prunella_modularis/XC145634__s7000__e10000.wav,
prunella_modularis,145634,Prunella modularis,/Users/justyna-przy/Projects/ISE/FYP/src/bird_data/raw/prunella_modularis/XC145634.mp3,16.0,19.0,-17.019153293817453,-40.0,species,Prunella modularis,Dunnock,0.9421243071556091,0.9421243071556091,species,1,rand_species,/Users/justyna-przy/Projects/ISE/FYP/src/bird_data/clips/species/prunella_modularis/XC145634__s16000__e19000.wav,
prunella_modularis,145634,Prunella modularis,/Users/justyna-przy/Projects/ISE/FYP/src/bird_data/raw/prunella_modularis/XC145634.mp3,19.0,22.0,-24.127022919585073,-40.0,drop,Vireo gundlachii,Cuban Vireo,0.10589410364627838,0.10589410364627838,drop,0,,,
prunella_modularis,145537,Prunella modularis,/Users/justyna-przy/Projects/ISE/FYP/src/bird_data/raw/prunella_modularis/XC145537.mp3,1.0,4.0,-24.9649898591441,-40.0,species,Prunella modularis,Dunnock,0.9987616539001465,0.9987616539001465,species,1,rand_species,/Users/justyna-przy/Projects/ISE/FYP/src/bird_data/clips/species/prunella_modularis/XC145537__s1000__e4000.wav,
prunella_modularis,145537,Prunella modularis,/Users/justyna-przy/Projects/ISE/FYP/src/bird_data/raw/prunella_modularis/XC145537.mp3,10.0,13.0,-31.011080407584796,-40.0,species,Prunella modularis,Dunnock,0.9824104309082031,0.9824104309082031,species,1,rand_species,/Users/justyna-przy/Projects/ISE/FYP/src/bird_data/clips/species/prunella_modularis/XC145537__s10000__e13000.wav,
prunella_modularis,99901,Prunella modularis,/Users/justyna-przy/Projects/ISE/FYP/src/bird_data/raw/prunella_modularis/XC99901.mp3,1.0,4.0,-32.41591663979984,-34.665501319094474,species,Prunella modularis,Dunnock,0.9981124401092529,0.9981124401092529,species,0,,,
prunella_modularis,99901,Prunella modularis,/Users/justyna-przy/Projects/ISE/FYP/src/bird_data/raw/prunella_modularis/XC99901.mp3,4.0,7.0,-26.5608917323441,-34.665501319094474,species,Prunella modularis,Dunnock,0.9753036499023438,0.9753036499023438,species,0,,,
prunella_modularis,99901,Prunella modularis,/Users/justyna-przy/Projects/ISE/FYP/src/bird_data/raw/prunella_modularis/XC99901.mp3,7.0,10.0,-25.41156379790803,-34.665501319094474,species,Prunella modularis,Dunnock,0.9992433786392212,0.9992433786392212,species,1,rand_species,/Users/justyna-przy/Projects/ISE/FYP/src/bird_data/clips/species/prunella_modularis/XC99901__s7000__e10000.wav,
prunella_modularis,99901,Prunella modularis,/Users/justyna-przy/Projects/ISE/FYP/src/bird_data/raw/prunella_modularis/XC99901.mp3,13.0,16.0,-33.91942693039485,-34.665501319094474,species,Prunella modularis,Dunnock,0.9984670281410217,0.9984670281410217,species,0,,,
prunella_modularis,99901,Prunella modularis,/Users/justyna-przy/Projects/ISE/FYP/src/bird_data/raw/prunella_modularis/XC99901.mp3,16.0,19.0,-33.364119798814066,-34.665501319094474,species,Prunella modularis,Dunnock,0.9968936443328857,0.9968936443328857,species,1,rand_species,/Users/justyna-przy/Projects/ISE/FYP/src/bird_data/clips/species/prunella_modularis/XC99901__s16000__e19000.wav,
prunella_modularis,99901,Prunella modularis,/Users/justyna-przy/Projects/ISE/FYP/src/bird_data/raw/prunella_modularis/XC99901.mp3,19.0,22.0,-32.407740046884456,-34.665501319094474,species,Prunella modularis,Dunnock,0.9995294809341431,0.9995294809341431,species,1,rand_species,/Users/justyna-przy/Projects/ISE/FYP/src/bird_data/clips/species/prunella_modularis/XC99901__s19000__e22000.wav,
prunella_modularis,99901,Prunella modularis,/Users/justyna-przy/Projects/ISE/FYP/src/bird_data/raw/prunella_modularis/XC99901.mp3,25.0,28.0,-30.822235340655023,-34.665501319094474,species,Prunella modularis,Dunnock,0.998469889163971,0.998469889163971,species,0,,,
prunella_modularis,1074560,Prunella modularis,/Users/justyna-przy/Projects/ISE/FYP/src/bird_data/raw/prunella_modularis/XC1074560.mp3,1.0,4.0,-34.716786146266344,-34.73111858733348,species,Prunella modularis,Dunnock,0.9675741791725159,0.9675741791725159,species,1,rand_species,/Users/justyna-przy/Projects/ISE/FYP/src/bird_data/clips/species/prunella_modularis/XC1074560__s1000__e4000.wav,
prunella_modularis,1074560,Prunella modularis,/Users/justyna-przy/Projects/ISE/FYP/src/bird_data/raw/prunella_modularis/XC1074560.mp3,4.0,7.0,-34.5114446902246,-34.73111858733348,species,Prunella modularis,Dunnock,0.9821861386299133,0.9821861386299133,species,0,,,
prunella_modularis,1074560,Prunella modularis,/Users/justyna-przy/Projects/ISE/FYP/src/bird_data/raw/prunella_modularis/XC1074560.mp3,10.0,13.0,-34.04041288358854,-34.73111858733348,species,Prunella modularis,Dunnock,0.9978703260421753,0.9978703260421753,species,0,,,
prunella_modularis,1074560,Prunella modularis,/Users/justyna-przy/Projects/ISE/FYP/src/bird_data/raw/prunella_modularis/XC1074560.mp3,13.0,16.0,-34.66349078061588,-34.73111858733348,species,Prunella modularis,Dunnock,0.9652170538902283,0.9652170538902283,species,0,,,
prunella_modularis,1074560,Prunella modularis,/Users/justyna-przy/Projects/ISE/FYP/src/bird_data/raw/prunella_modularis/XC1074560.mp3,19.0,22.0,-31.366704463261268,-34.73111858733348,species,Prunella modularis,Dunnock,0.996810257434845,0.996810257434845,species,0,,,
prunella_modularis,1074560,Prunella modularis,/Users/justyna-przy/Projects/ISE/FYP/src/bird_data/raw/prunella_modularis/XC1074560.mp3,22.0,25.0,-32.99925678712739,-34.73111858733348,species,Prunella modularis,Dunnock,0.9913705587387085,0.9913705587387085,species,1,rand_species,/Users/justyna-przy/Projects/ISE/FYP/src/bird_data/clips/species/prunella_modularis/XC1074560__s22000__e25000.wav,
prunella_modularis,1074560,Prunella modularis,/Users/justyna-przy/Projects/ISE/FYP/src/bird_data/raw/prunella_modularis/XC1074560.mp3,25.0,28.0,-33.14079933473724,-34.73111858733348,species,Prunella modularis,Dunnock,0.9917948842048645,0.9917948842048645,species,1,rand_species,/Users/justyna-przy/Projects/ISE/FYP/src/bird_data/clips/species/prunella_modularis/XC1074560__s25000__e28000.wav,
prunella_modularis,1074559,Prunella modularis,/Users/justyna-przy/Projects/ISE/FYP/src/bird_data/raw/prunella_modularis/XC1074559.mp3,1.0,4.0,-22.420514044755645,-37.46456472473981,drop,Melozone crissalis,California Towhee,0.6588703393936157,0.6588703393936157,drop,0,,,
prunella_modularis,1074559,Prunella modularis,/Users/justyna-przy/Projects/ISE/FYP/src/bird_data/raw/prunella_modularis/XC1074559.mp3,4.0,7.0,-26.708824074028705,-37.46456472473981,species,Prunella modularis,Dunnock,0.8407725691795349,0.8407725691795349,species,0,,,
prunella_modularis,1074559,Prunella modularis,/Users/justyna-przy/Projects/ISE/FYP/src/bird_data/raw/prunella_modularis/XC1074559.mp3,7.0,10.0,-29.33468553650284,-37.46456472473981,species,Prunella modularis,Dunnock,0.871379017829895,0.871379017829895,species,0,,,
prunella_modularis,1074559,Prunella modularis,/Users/justyna-przy/Projects/ISE/FYP/src/bird_data/raw/prunella_modularis/XC1074559.mp3,10.0,13.0,-27.745587794384065,-37.46456472473981,species,Prunella modularis,Dunnock,0.9179161190986633,0.9179161190986633,species,1,rand_species,/Users/justyna-przy/Projects/ISE/FYP/src/bird_data/clips/species/prunella_modularis/XC1074559__s10000__e13000.wav,
prunella_modularis,1074559,Prunella modularis,/Users/justyna-przy/Projects/ISE/FYP/src/bird_data/raw/prunella_modularis/XC1074559.mp3,13.0,16.0,-31.428749536391507,-37.46456472473981,species,Prunella modularis,Dunnock,0.9960203766822815,0.9960203766822815,species,0,,,
prunella_modularis,1074559,Prunella modularis,/Users/justyna-przy/Projects/ISE/FYP/src/bird_data/raw/prunella_modularis/XC1074559.mp3,16.0,19.0,-30.103965656665864,-37.46456472473981,species,Prunella modularis,Dunnock,0.9949049949645996,0.9949049949645996,species,1,rand_species,/Users/justyna-przy/Projects/ISE/FYP/src/bird_data/clips/species/prunella_modularis/XC1074559__s16000__e19000.wav,
prunella_modularis,1074559,Prunella modularis,/Users/justyna-przy/Projects/ISE/FYP/src/bird_data/raw/prunella_modularis/XC1074559.mp3,22.0,25.0,-29.166991548486784,-37.46456472473981,species,Prunella modularis,Dunnock,0.8734599351882935,0.8734599351882935,species,1,rand_species,/Users/justyna-przy/Projects/ISE/FYP/src/bird_data/clips/species/prunella_modularis/XC1074559__s22000__e25000.wav,
prunella_modularis,1074559,Prunella modularis,/Users/justyna-przy/Projects/ISE/FYP/src/bird_data/raw/prunella_modularis/XC1074559.mp3,25.0,28.0,-29.700797596675073,-37.46456472473981,species,Prunella modularis,Dunnock,0.8959050178527832,0.8959050178527832,species,0,,,
prunella_modularis,1074559,Prunella modularis,/Users/justyna-przy/Projects/ISE/FYP/src/bird_data/raw/prunella_modularis/XC1074559.mp3,40.0,43.0,-29.766416050004597,-37.46456472473981,species,Prunella modularis,Dunnock,0.9404797554016113,0.9404797554016113,species,0,,,
prunella_modularis,1074559,Prunella modularis,/Users/justyna-przy/Projects/ISE/FYP/src/bird_data/raw/prunella_modularis/XC1074559.mp3,43.0,46.0,-34.63652067274887,-37.46456472473981,species,Prunella modularis,Dunnock,0.6960488557815552,0.6960488557815552,species,0,,,
prunella_modularis,1074558,Prunella modularis,/Users/justyna-przy/Projects/ISE/FYP/src/bird_data/raw/prunella_modularis/XC1074558.mp3,37.0,40.0,-39.34930641961131,-40.0,species,Prunella modularis,Dunnock,0.9765737056732178,0.9765737056732178,species,1,rand_species,/Users/justyna-przy/Projects/ISE/FYP/src/bird_data/clips/species/prunella_modularis/XC1074558__s37000__e40000.wav,
prunella_modularis,1074558,Prunella modularis,/Users/justyna-przy/Projects/ISE/FYP/src/bird_data/raw/prunella_modularis/XC1074558.mp3,40.0,43.0,-35.24297266978386,-40.0,species,Prunella modularis,Dunnock,0.9844064712524414,0.9844064712524414,species,1,rand_species,/Users/justyna-przy/Projects/ISE/FYP/src/bird_data/clips/species/prunella_modularis/XC1074558__s40000__e43000.wav,
prunella_modularis,1062380,Prunella modularis,/Users/justyna-przy/Projects/ISE/FYP/src/bird_data/raw/prunella_modularis/XC1062380.mp3,1.0,4.0,-28.922096606949776,-33.45949882723549,species,Prunella modularis,Dunnock,0.9367140531539917,0.9367140531539917,species,0,,,
prunella_modularis,1062380,Prunella modularis,/Users/justyna-przy/Projects/ISE/FYP/src/bird_data/raw/prunella_modularis/XC1062380.mp3,7.0,10.0,-29.21252923554316,-33.45949882723549,species,Prunella modularis,Dunnock,0.9783456921577454,0.9783456921577454,species,1,rand_species,/Users/justyna-przy/Projects/ISE/FYP/src/bird_data/clips/species/prunella_modularis/XC1062380__s7000__e10000.wav,
prunella_modularis,1062380,Prunella modularis,/Users/justyna-przy/Projects/ISE/FYP/src/bird_data/raw/prunella_modularis/XC1062380.mp3,10.0,13.0,-32.678294464605514,-33.45949882723549,species,Prunella modularis,Dunnock,0.9886266589164734,0.9886266589164734,species,1,rand_species,/Users/justyna-przy/Projects/ISE/FYP/src/bird_data/clips/species/prunella_modularis/XC1062380__s10000__e13000.wav,
prunella_modularis,1062380,Prunella modularis,/Users/justyna-przy/Projects/ISE/FYP/src/bird_data/raw/prunella_modularis/XC1062380.mp3,16.0,19.0,-29.034836643003537,-33.45949882723549,species,Prunella modularis,Dunnock,0.9474974274635315,0.9474974274635315,species,0,,,
prunella_modularis,1062380,Prunella modularis,/Users/justyna-przy/Projects/ISE/FYP/src/bird_data/raw/prunella_modularis/XC1062380.mp3,22.0,25.0,-33.41245914254515,-33.45949882723549,species,Prunella modularis,Dunnock,0.9881938695907593,0.9881938695907593,species,1,rand_species,/Users/justyna-przy/Projects/ISE/FYP/src/bird_data/clips/species/prunella_modularis/XC1062380__s22000__e25000.wav,
prunella_modularis,1011603,Prunella modularis,/Users/justyna-przy/Projects/ISE/FYP/src/bird_data/raw/prunella_modularis/XC1011603.mp3,1.0,4.0,-25.292310891925453,-40.0,species,Prunella modularis,Dunnock,0.8082517981529236,0.8082517981529236,species,1,rand_species,/Users/justyna-przy/Projects/ISE/FYP/src/bird_data/clips/species/prunella_modularis/XC1011603__s1000__e4000.wav,
prunella_modularis,1011603,Prunella modularis,/Users/justyna-przy/Projects/ISE/FYP/src/bird_data/raw/prunella_modularis/XC1011603.mp3,16.0,19.0,-26.087114104594235,-40.0,species,Prunella modularis,Dunnock,0.6657904386520386,0.6657904386520386,species,0,,,
prunella_modularis,1011603,Prunella modularis,/Users/justyna-przy/Projects/ISE/FYP/src/bird_data/raw/prunella_modularis/XC1011603.mp3,19.0,22.0,-23.323568636134333,-40.0,species,Prunella modularis,Dunnock,0.7243930697441101,0.7243930697441101,species,0,,,
prunella_modularis,1011603,Prunella modularis,/Users/justyna-przy/Projects/ISE/FYP/src/bird_data/raw/prunella_modularis/XC1011603.mp3,25.0,28.0,-27.43304054058057,-40.0,species,Prunella modularis,Dunnock,0.7212231159210205,0.7212231159210205,species,1,rand_species,/Users/justyna-przy/Projects/ISE/FYP/src/bird_data/clips/species/prunella_modularis/XC1011603__s25000__e28000.wav,
prunella_modularis,1011603,Prunella modularis,/Users/justyna-przy/Projects/ISE/FYP/src/bird_data/raw/prunella_modularis/XC1011603.mp3,28.0,31.0,-37.4496696638248,-40.0,species,Prunella modularis,Dunnock,0.6642969846725464,0.6642969846725464,species,0,,,
prunella_modularis,1011603,Prunella modularis,/Users/justyna-przy/Projects/ISE/FYP/src/bird_data/raw/prunella_modularis/XC1011603.mp3,31.0,34.0,-23.948830066753168,-40.0,species,Prunella modularis,Dunnock,0.8849668502807617,0.8849668502807617,species,1,rand_species,/Users/justyna-przy/Projects/ISE/FYP/src/bird_data/clips/species/prunella_modularis/XC1011603__s31000__e34000.wav,
prunella_modularis,1011602,Prunella modularis,/Users/justyna-przy/Projects/ISE/FYP/src/bird_data/raw/prunella_modularis/XC1011602.mp3,1.0,4.0,-38.394760772442,-40.0,species,Prunella modularis,Dunnock,0.9792609810829163,0.9792609810829163,species,1,rand_species,/Users/justyna-przy/Projects/ISE/FYP/src/bird_data/clips/species/prunella_modularis/XC1011602__s1000__e4000.wav,
prunella_modularis,1011602,Prunella modularis,/Users/justyna-przy/Projects/ISE/FYP/src/bird_data/raw/prunella_modularis/XC1011602.mp3,4.0,7.0,-37.194320996019414,-40.0,species,Prunella modularis,Dunnock,0.8627481460571289,0.8627481460571289,species,1,rand_species,/Users/justyna-przy/Projects/ISE/FYP/src/bird_data/clips/species/prunella_modularis/XC1011602__s4000__e7000.wav,
prunella_modularis,1011602,Prunella modularis,/Users/justyna-przy/Projects/ISE/FYP/src/bird_data/raw/prunella_modularis/XC1011602.mp3,10.0,13.0,-30.145447877893186,-40.0,species,Prunella modularis,Dunnock,0.9961817264556885,0.9961817264556885,species,1,rand_species,/Users/justyna-przy/Projects/ISE/FYP/src/bird_data/clips/species/prunella_modularis/XC1011602__s10000__e13000.wav,
prunella_modularis,1011602,Prunella modularis,/Users/justyna-przy/Projects/ISE/FYP/src/bird_data/raw/prunella_modularis/XC1011602.mp3,19.0,22.0,-34.67738380558331,-40.0,species,Prunella modularis,Dunnock,0.6606048345565796,0.6606048345565796,species,0,,,
prunella_modularis,1011602,Prunella modularis,/Users/justyna-przy/Projects/ISE/FYP/src/bird_data/raw/prunella_modularis/XC1011602.mp3,22.0,25.0,-25.742213558849375,-40.0,species,Prunella modularis,Dunnock,0.9428020715713501,0.9428020715713501,species,0,,,
prunella_modularis,1011602,Prunella modularis,/Users/justyna-przy/Projects/ISE/FYP/src/bird_data/raw/prunella_modularis/XC1011602.mp3,28.0,31.0,-25.258768063411733,-40.0,species,Prunella modularis,Dunnock,0.9970166683197021,0.9970166683197021,species,0,,,
prunella_modularis,1003038,Prunella modularis,/Users/justyna-przy/Projects/ISE/FYP/src/bird_data/raw/prunella_modularis/XC1003038.mp3,1.0,4.0,-33.75418961079694,-39.58167004648518,species,Prunella modularis,Dunnock,0.9994951486587524,0.9994951486587524,species,1,rand_species,/Users/justyna-przy/Projects/ISE/FYP/src/bird_data/clips/species/prunella_modularis/XC1003038__s1000__e4000.wav,
prunella_modularis,1003038,Prunella modularis,/Users/justyna-przy/Projects/ISE/FYP/src/bird_data/raw/prunella_modularis/XC1003038.mp3,4.0,7.0,-36.349710592516544,-39.58167004648518,species,Prunella modularis,Dunnock,0.987117350101471,0.987117350101471,species,1,rand_species,/Users/justyna-przy/Projects/ISE/FYP/src/bird_data/clips/species/prunella_modularis/XC1003038__s4000__e7000.wav,
prunella_modularis,1003038,Prunella modularis,/Users/justyna-przy/Projects/ISE/FYP/src/bird_data/raw/prunella_modularis/XC1003038.mp3,10.0,13.0,-34.80842155281786,-39.58167004648518,species,Prunella modularis,Dunnock,0.9963499307632446,0.9963499307632446,species,1,rand_species,/Users/justyna-przy/Projects/ISE/FYP/src/bird_data/clips/species/prunella_modularis/XC1003038__s10000__e13000.wav,
prunella_modularis,991430,Prunella modularis,/Users/justyna-przy/Projects/ISE/FYP/src/bird_data/raw/prunella_modularis/XC991430.mp3,1.0,4.0,-27.683491793841114,-39.232164532000354,species,Prunella modularis,Dunnock,0.962247908115387,0.962247908115387,species,0,,,
prunella_modularis,991430,Prunella modularis,/Users/justyna-przy/Projects/ISE/FYP/src/bird_data/raw/prunella_modularis/XC991430.mp3,7.0,10.0,-26.432758986820367,-39.232164532000354,species,Prunella modularis,Dunnock,0.9936062097549438,0.9936062097549438,species,1,rand_species,/Users/justyna-przy/Projects/ISE/FYP/src/bird_data/clips/species/prunella_modularis/XC991430__s7000__e10000.wav,
prunella_modularis,991430,Prunella modularis,/Users/justyna-przy/Projects/ISE/FYP/src/bird_data/raw/prunella_modularis/XC991430.mp3,13.0,16.0,-32.860126062875196,-39.232164532000354,species,Prunella modularis,Dunnock,0.9216898679733276,0.9216898679733276,species,1,rand_species,/Users/justyna-przy/Projects/ISE/FYP/src/bird_data/clips/species/prunella_modularis/XC991430__s13000__e16000.wav,
prunella_modularis,991430,Prunella modularis,/Users/justyna-przy/Projects/ISE/FYP/src/bird_data/raw/prunella_modularis/XC991430.mp3,16.0,19.0,-28.399299046672752,-39.232164532000354,species,Prunella modularis,Dunnock,0.9621452689170837,0.9621452689170837,species,1,rand_species,/Users/justyna-przy/Projects/ISE/FYP/src/bird_data/clips/species/prunella_modularis/XC991430__s16000__e19000.wav,
prunella_modularis,991429,Prunella modularis,/Users/justyna-przy/Projects/ISE/FYP/src/bird_data/raw/prunella_modularis/XC991429.mp3,1.0,4.0,-30.178353871277235,-37.36612679266615,species,Prunella modularis,Dunnock,0.9678542613983154,0.9678542613983154,species,1,rand_species,/Users/justyna-przy/Projects/ISE/FYP/src/bird_data/clips/species/prunella_modularis/XC991429__s1000__e4000.wav,
prunella_modularis,991429,Prunella modularis,/Users/justyna-przy/Projects/ISE/FYP/src/bird_data/raw/prunella_modularis/XC991429.mp3,7.0,10.0,-36.77932732402202,-37.36612679266615,species,Prunella modularis,Dunnock,0.9568840265274048,0.9568840265274048,species,0,,,
prunella_modularis,991429,Prunella modularis,/Users/justyna-przy/Projects/ISE/FYP/src/bird_data/raw/prunella_modularis/XC991429.mp3,10.0,13.0,-34.410904917796074,-37.36612679266615,species,Prunella modularis,Dunnock,0.9461119771003723,0.9461119771003723,species,1,rand_species,/Users/justyna-przy/Projects/ISE/FYP/src/bird_data/clips/species/prunella_modularis/XC991429__s10000__e13000.wav,
prunella_modularis,991429,Prunella modularis,/Users/justyna-przy/Projects/ISE/FYP/src/bird_data/raw/prunella_modularis/XC991429.mp3,16.0,19.0,-24.173565300893678,-37.36612679266615,species,Prunella modularis,Dunnock,0.9948087930679321,0.9948087930679321,species,1,rand_species,/Users/justyna-przy/Projects/ISE/FYP/src/bird_data/clips/species/prunella_modularis/XC991429__s16000__e19000.wav,
prunella_modularis,982393,Prunella modularis,/Users/justyna-przy/Projects/ISE/FYP/src/bird_data/raw/prunella_modularis/XC982393.mp3,1.0,4.0,-34.85620063542438,-40.0,species,Prunella modularis,Dunnock,0.9870077967643738,0.9870077967643738,species,0,,,
prunella_modularis,982393,Prunella modularis,/Users/justyna-przy/Projects/ISE/FYP/src/bird_data/raw/prunella_modularis/XC982393.mp3,4.0,7.0,-33.79297906115615,-40.0,species,Prunella modularis,Dunnock,0.8691161274909973,0.8691161274909973,species,1,rand_species,/Users/justyna-przy/Projects/ISE/FYP/src/bird_data/clips/species/prunella_modularis/XC982393__s4000__e7000.wav,
prunella_modularis,982393,Prunella modularis,/Users/justyna-przy/Projects/ISE/FYP/src/bird_data/raw/prunella_modularis/XC982393.mp3,7.0,10.0,-22.975529125903268,-40.0,species,Prunella modularis,Dunnock,0.9990572333335876,0.9990572333335876,species,0,,,
prunella_modularis,982393,Prunella modularis,/Users/justyna-przy/Projects/ISE/FYP/src/bird_data/raw/prunella_modularis/XC982393.mp3,16.0,19.0,-26.093780064087554,-40.0,species,Prunella modularis,Dunnock,0.9856330752372742,0.9856330752372742,species,1,rand_species,/Users/justyna-przy/Projects/ISE/FYP/src/bird_data/clips/species/prunella_modularis/XC982393__s16000__e19000.wav,
prunella_modularis,982393,Prunella modularis,/Users/justyna-przy/Projects/ISE/FYP/src/bird_data/raw/prunella_modularis/XC982393.mp3,19.0,22.0,-28.24346257634154,-40.0,species,Prunella modularis,Dunnock,0.9880107045173645,0.9880107045173645,species,0,,,
prunella_modularis,982393,Prunella modularis,/Users/justyna-przy/Projects/ISE/FYP/src/bird_data/raw/prunella_modularis/XC982393.mp3,28.0,31.0,-27.421096686659876,-40.0,species,Prunella modularis,Dunnock,0.9527482390403748,0.9527482390403748,species,0,,,
prunella_modularis,982393,Prunella modularis,/Users/justyna-przy/Projects/ISE/FYP/src/bird_data/raw/prunella_modularis/XC982393.mp3,31.0,34.0,-27.567443769251714,-40.0,species,Prunella modularis,Dunnock,0.9057939052581787,0.9057939052581787,species,1,rand_species,/Users/justyna-przy/Projects/ISE/FYP/src/bird_data/clips/species/prunella_modularis/XC982393__s31000__e34000.wav,
prunella_modularis,981722,Prunella modularis,/Users/justyna-przy/Projects/ISE/FYP/src/bird_data/raw/prunella_modularis/XC981722.mp3,1.0,4.0,-20.793267416172494,-32.54507363736241,species,Prunella modularis,Dunnock,0.9991278052330017,0.9991278052330017,species,1,rand_species,/Users/justyna-przy/Projects/ISE/FYP/src/bird_data/clips/species/prunella_modularis/XC981722__s1000__e4000.wav,
prunella_modularis,981722,Prunella modularis,/Users/justyna-przy/Projects/ISE/FYP/src/bird_data/raw/prunella_modularis/XC981722.mp3,7.0,10.0,-26.209762721064394,-32.54507363736241,species,Prunella modularis,Dunnock,0.9539596438407898,0.9539596438407898,species,0,,,
prunella_modularis,981722,Prunella modularis,/Users/justyna-przy/Projects/ISE/FYP/src/bird_data/raw/prunella_modularis/XC981722.mp3,10.0,13.0,-21.112906887863595,-32.54507363736241,species,Prunella modularis,Dunnock,0.9972207546234131,0.9972207546234131,species,1,rand_species,/Users/justyna-przy/Projects/ISE/FYP/src/bird_data/clips/species/prunella_modularis/XC981722__s10000__e13000.wav,
prunella_modularis,981722,Prunella modularis,/Users/justyna-przy/Projects/ISE/FYP/src/bird_data/raw/prunella_modularis/XC981722.mp3,16.0,19.0,-22.633420456824393,-32.54507363736241,species,Prunella modularis,Dunnock,0.9877086877822876,0.9877086877822876,species,0,,,
prunella_modularis,981722,Prunella modularis,/Users/justyna-przy/Projects/ISE/FYP/src/bird_data/raw/prunella_modularis/XC981722.mp3,19.0,22.0,-21.559542957400886,-32.54507363736241,species,Prunella modularis,Dunnock,0.9936354160308838,0.9936354160308838,species,0,,,
prunella_modularis,981722,Prunella modularis,/Users/justyna-przy/Projects/ISE/FYP/src/bird_data/raw/prunella_modularis/XC981722.mp3,25.0,28.0,-16.17671221137191,-32.54507363736241,species,Prunella modularis,Dunnock,0.9980173110961914,0.9980173110961914,species,1,rand_species,/Users/justyna-przy/Projects/ISE/FYP/src/bird_data/clips/species/prunella_modularis/XC981722__s25000__e28000.wav,
prunella_modularis,979685,Prunella modularis,/Users/justyna-przy/Projects/ISE/FYP/src/bird_data/raw/prunella_modularis/XC979685.mp3,1.0,4.0,-27.38490219635077,-40.0,species,Prunella modularis,Dunnock,0.48924607038497925,0.48924607038497925,species,1,rand_species,/Users/justyna-przy/Projects/ISE/FYP/src/bird_data/clips/species/prunella_modularis/XC979685__s1000__e4000.wav,
prunella_modularis,979685,Prunella modularis,/Users/justyna-przy/Projects/ISE/FYP/src/bird_data/raw/prunella_modularis/XC979685.mp3,4.0,7.0,-28.080532022868,-40.0,drop,Melozone crissalis,California Towhee,0.22068561613559723,0.22068561613559723,drop,0,,,
prunella_modularis,979685,Prunella modularis,/Users/justyna-przy/Projects/ISE/FYP/src/bird_data/raw/prunella_modularis/XC979685.mp3,7.0,10.0,-25.276584741111034,-40.0,species,Prunella modularis,Dunnock,0.787194550037384,0.787194550037384,species,1,rand_species,/Users/justyna-przy/Projects/ISE/FYP/src/bird_data/clips/species/prunella_modularis/XC979685__s7000__e10000.wav,
prunella_modularis,950744,Prunella modularis,/Users/justyna-przy/Projects/ISE/FYP/src/bird_data/raw/prunella_modularis/XC950744.mp3,4.0,7.0,-26.74255399030571,-27.837846712612084,species,Prunella modularis,Dunnock,0.9948855042457581,0.9948855042457581,species,1,rand_species,/Users/justyna-przy/Projects/ISE/FYP/src/bird_data/clips/species/prunella_modularis/XC950744__s4000__e7000.wav,
prunella_modularis,950744,Prunella modularis,/Users/justyna-przy/Projects/ISE/FYP/src/bird_data/raw/prunella_modularis/XC950744.mp3,7.0,10.0,-26.911529445916948,-27.837846712612084,species,Prunella modularis,Dunnock,0.9922730326652527,0.9922730326652527,species,1,rand_species,/Users/justyna-przy/Projects/ISE/FYP/src/bird_data/clips/species/prunella_modularis/XC950744__s7000__e10000.wav,
prunella_modularis,950639,Prunella modularis,/Users/justyna-przy/Projects/ISE/FYP/src/bird_data/raw/prunella_modularis/XC950639.mp3,1.0,4.0,-18.11642642662584,-25.353521148289623,species,Prunella modularis,Dunnock,0.9989420771598816,0.9989420771598816,species,0,,,
prunella_modularis,950639,Prunella modularis,/Users/justyna-przy/Projects/ISE/FYP/src/bird_data/raw/prunella_modularis/XC950639.mp3,4.0,7.0,-21.732551303082527,-25.353521148289623,species,Prunella modularis,Dunnock,0.9970123767852783,0.9970123767852783,species,0,,,
prunella_modularis,950639,Prunella modularis,/Users/justyna-przy/Projects/ISE/FYP/src/bird_data/raw/prunella_modularis/XC950639.mp3,7.0,10.0,-20.053602617906243,-25.353521148289623,species,Prunella modularis,Dunnock,0.9983938336372375,0.9983938336372375,species,0,,,
prunella_modularis,950639,Prunella modularis,/Users/justyna-przy/Projects/ISE/FYP/src/bird_data/raw/prunella_modularis/XC950639.mp3,10.0,13.0,-19.550521664737232,-25.353521148289623,species,Prunella modularis,Dunnock,0.9972168207168579,0.9972168207168579,species,1,rand_species,/Users/justyna-przy/Projects/ISE/FYP/src/bird_data/clips/species/prunella_modularis/XC950639__s10000__e13000.wav,
prunella_modularis,950639,Prunella modularis,/Users/justyna-przy/Projects/ISE/FYP/src/bird_data/raw/prunella_modularis/XC950639.mp3,13.0,16.0,-20.860892584748207,-25.353521148289623,species,Prunella modularis,Dunnock,0.9991925358772278,0.9991925358772278,species,1,rand_species,/Users/justyna-przy/Projects/ISE/FYP/src/bird_data/clips/species/prunella_modularis/XC950639__s13000__e16000.wav,
prunella_modularis,950639,Prunella modularis,/Users/justyna-przy/Projects/ISE/FYP/src/bird_data/raw/prunella_modularis/XC950639.mp3,16.0,19.0,-19.428782385989926,-25.353521148289623,species,Prunella modularis,Dunnock,0.9982049465179443,0.9982049465179443,species,0,,,
prunella_modularis,950639,Prunella modularis,/Users/justyna-przy/Projects/ISE/FYP/src/bird_data/raw/prunella_modularis/XC950639.mp3,19.0,22.0,-20.380952890728487,-25.353521148289623,species,Prunella modularis,Dunnock,0.9943220615386963,0.9943220615386963,species,0,,,
prunella_modularis,950639,Prunella modularis,/Users/justyna-przy/Projects/ISE/FYP/src/bird_data/raw/prunella_modularis/XC950639.mp3,22.0,25.0,-23.723238434960265,-25.353521148289623,species,Prunella modularis,Dunnock,0.9912887811660767,0.9912887811660767,species,0,,,
prunella_modularis,950639,Prunella modularis,/Users/justyna-przy/Projects/ISE/FYP/src/bird_data/raw/prunella_modularis/XC950639.mp3,25.0,28.0,-17.557643614045343,-25.353521148289623,species,Prunella modularis,Dunnock,0.9975433349609375,0.9975433349609375,species,0,,,
prunella_modularis,950639,Prunella modularis,/Users/justyna-przy/Projects/ISE/FYP/src/bird_data/raw/prunella_modularis/XC950639.mp3,31.0,34.0,-25.27511287545989,-25.353521148289623,species,Prunella modularis,Dunnock,0.9839821457862854,0.9839821457862854,species,1,rand_species,/Users/justyna-przy/Projects/ISE/FYP/src/bird_data/clips/species/prunella_modularis/XC950639__s31000__e34000.wav,
prunella_modularis,950639,Prunella modularis,/Users/justyna-przy/Projects/ISE/FYP/src/bird_data/raw/prunella_modularis/XC950639.mp3,34.0,37.0,-20.004331016836247,-25.353521148289623,species,Prunella modularis,Dunnock,0.9891374707221985,0.9891374707221985,species,0,,,
prunella_modularis,947572,Prunella modularis,/Users/justyna-przy/Projects/ISE/FYP/src/bird_data/raw/prunella_modularis/XC947572.mp3,7.0,10.0,-18.064374215076285,-40.0,species,Prunella modularis,Dunnock,0.9995179176330566,0.9995179176330566,species,1,rand_species,/Users/justyna-przy/Projects/ISE/FYP/src/bird_data/clips/species/prunella_modularis/XC947572__s7000__e10000.wav,
prunella_modularis,947572,Prunella modularis,/Users/justyna-przy/Projects/ISE/FYP/src/bird_data/raw/prunella_modularis/XC947572.mp3,13.0,16.0,-21.012158259563442,-40.0,species,Prunella modularis,Dunnock,0.9989652633666992,0.9989652633666992,species,1,rand_species,/Users/justyna-przy/Projects/ISE/FYP/src/bird_data/clips/species/prunella_modularis/XC947572__s13000__e16000.wav,
prunella_modularis,943768,Prunella modularis,/Users/justyna-przy/Projects/ISE/FYP/src/bird_data/raw/prunella_modularis/XC943768.mp3,1.0,4.0,-23.794997236814773,-40.0,drop,Certhia brachydactyla,Short-toed Treecreeper,0.4324529469013214,0.4324529469013214,drop,0,,,
prunella_modularis,943768,Prunella modularis,/Users/justyna-przy/Projects/ISE/FYP/src/bird_data/raw/prunella_modularis/XC943768.mp3,4.0,7.0,-26.358280109279253,-40.0,drop,Pnoepyga pusilla,Pygmy Cupwing,0.8584640026092529,0.8584640026092529,drop,0,,,
prunella_modularis,943768,Prunella modularis,/Users/justyna-przy/Projects/ISE/FYP/src/bird_data/raw/prunella_modularis/XC943768.mp3,7.0,10.0,-27.823886705133756,-40.0,species,Prunella modularis,Dunnock,0.9890820980072021,0.9890820980072021,species,1,rand_species,/Users/justyna-przy/Projects/ISE/FYP/src/bird_data/clips/species/prunella_modularis/XC943768__s7000__e10000.wav,
prunella_modularis,943156,Prunella modularis,/Users/justyna-przy/Projects/ISE/FYP/src/bird_data/raw/prunella_modularis/XC943156.mp3,4.0,7.0,-38.82945553806232,-40.0,species,Prunella modularis,Dunnock,0.9986490607261658,0.9986490607261658,species,1,rand_species,/Users/justyna-przy/Projects/ISE/FYP/src/bird_data/clips/species/prunella_modularis/XC943156__s4000__e7000.wav,
prunella_modularis,943156,Prunella modularis,/Users/justyna-przy/Projects/ISE/FYP/src/bird_data/raw/prunella_modularis/XC943156.mp3,7.0,10.0,-35.940536183876354,-40.0,species,Prunella modularis,Dunnock,0.9921659231185913,0.9921659231185913,species,1,rand_species,/Users/justyna-przy/Projects/ISE/FYP/src/bird_data/clips/species/prunella_modularis/XC943156__s7000__e10000.wav,
prunella_modularis,943151,Prunella modularis,/Users/justyna-przy/Projects/ISE/FYP/src/bird_data/raw/prunella_modularis/XC943151.mp3,1.0,4.0,-37.63000102260439,-40.0,species,Prunella modularis,Dunnock,0.9992121458053589,0.9992121458053589,species,1,rand_species,/Users/justyna-przy/Projects/ISE/FYP/src/bird_data/clips/species/prunella_modularis/XC943151__s1000__e4000.wav,
prunella_modularis,943151,Prunella modularis,/Users/justyna-przy/Projects/ISE/FYP/src/bird_data/raw/prunella_modularis/XC943151.mp3,10.0,13.0,-37.32346405338949,-40.0,species,Prunella modularis,Dunnock,0.9998049139976501,0.9998049139976501,species,1,rand_species,/Users/justyna-przy/Projects/ISE/FYP/src/bird_data/clips/species/prunella_modularis/XC943151__s10000__e13000.wav,
prunella_modularis,943140,Prunella modularis,/Users/justyna-przy/Projects/ISE/FYP/src/bird_data/raw/prunella_modularis/XC943140.mp3,1.0,4.0,-36.666070109378616,-40.0,species,Prunella modularis,Dunnock,0.9995740056037903,0.9995740056037903,species,1,rand_species,/Users/justyna-przy/Projects/ISE/FYP/src/bird_data/clips/species/prunella_modularis/XC943140__s1000__e4000.wav,
prunella_modularis,943140,Prunella modularis,/Users/justyna-przy/Projects/ISE/FYP/src/bird_data/raw/prunella_modularis/XC943140.mp3,7.0,10.0,-39.04037714835643,-40.0,species,Prunella modularis,Dunnock,0.9992239475250244,0.9992239475250244,species,1,rand_species,/Users/justyna-przy/Projects/ISE/FYP/src/bird_data/clips/species/prunella_modularis/XC943140__s7000__e10000.wav,
prunella_modularis,943140,Prunella modularis,/Users/justyna-przy/Projects/ISE/FYP/src/bird_data/raw/prunella_modularis/XC943140.mp3,10.0,13.0,-26.691059752871094,-40.0,species,Prunella modularis,Dunnock,0.9993994235992432,0.9993994235992432,species,1,rand_species,/Users/justyna-przy/Projects/ISE/FYP/src/bird_data/clips/species/prunella_modularis/XC943140__s10000__e13000.wav,
prunella_modularis,920602,Prunella modularis,/Users/justyna-przy/Projects/ISE/FYP/src/bird_data/raw/prunella_modularis/XC920602.mp3,1.0,4.0,-24.14067347693863,-40.0,species,Prunella modularis,Dunnock,0.9957524538040161,0.9957524538040161,species,1,rand_species,/Users/justyna-przy/Projects/ISE/FYP/src/bird_data/clips/species/prunella_modularis/XC920602__s1000__e4000.wav,
prunella_modularis,920602,Prunella modularis,/Users/justyna-przy/Projects/ISE/FYP/src/bird_data/raw/prunella_modularis/XC920602.mp3,7.0,10.0,-24.711709676252944,-40.0,species,Prunella modularis,Dunnock,0.9582343697547913,0.9582343697547913,species,1,rand_species,/Users/justyna-przy/Projects/ISE/FYP/src/bird_data/clips/species/prunella_modularis/XC920602__s7000__e10000.wav,
prunella_modularis,920602,Prunella modularis,/Users/justyna-przy/Projects/ISE/FYP/src/bird_data/raw/prunella_modularis/XC920602.mp3,13.0,16.0,-29.19904858955958,-40.0,species,Prunella modularis,Dunnock,0.9882130026817322,0.9882130026817322,species,1,rand_species,/Users/justyna-przy/Projects/ISE/FYP/src/bird_data/clips/species/prunella_modularis/XC920602__s13000__e16000.wav,
prunella_modularis,907066,Prunella modularis,/Users/justyna-przy/Projects/ISE/FYP/src/bird_data/raw/prunella_modularis/XC907066.mp3,1.0,4.0,-26.683964184750828,-37.606856901629044,species,Prunella modularis,Dunnock,0.9868500232696533,0.9868500232696533,species,0,,,
prunella_modularis,907066,Prunella modularis,/Users/justyna-przy/Projects/ISE/FYP/src/bird_data/raw/prunella_modularis/XC907066.mp3,4.0,7.0,-34.02638391982885,-37.606856901629044,species,Prunella modularis,Dunnock,0.8397620320320129,0.8397620320320129,species,0,,,
prunella_modularis,907066,Prunella modularis,/Users/justyna-przy/Projects/ISE/FYP/src/bird_data/raw/prunella_modularis/XC907066.mp3,10.0,13.0,-32.43407894133343,-37.606856901629044,species,Prunella modularis,Dunnock,0.5864046812057495,0.5864046812057495,species,0,,,
prunella_modularis,907066,Prunella modularis,/Users/justyna-przy/Projects/ISE/FYP/src/bird_data/raw/prunella_modularis/XC907066.mp3,13.0,16.0,-30.404614535438895,-37.606856901629044,species,Prunella modularis,Dunnock,0.9286473393440247,0.9286473393440247,species,0,,,
prunella_modularis,907066,Prunella modularis,/Users/justyna-przy/Projects/ISE/FYP/src/bird_data/raw/prunella_modularis/XC907066.mp3,16.0,19.0,-31.647062767857403,-37.606856901629044,species,Prunella modularis,Dunnock,0.4361908733844757,0.4361908733844757,species,1,rand_species,/Users/justyna-przy/Projects/ISE/FYP/src/bird_data/clips/species/prunella_modularis/XC907066__s16000__e19000.wav,
prunella_modularis,907066,Prunella modularis,/Users/justyna-przy/Projects/ISE/FYP/src/bird_data/raw/prunella_modularis/XC907066.mp3,19.0,22.0,-28.607285481716282,-37.606856901629044,species,Prunella modularis,Dunnock,0.9712971448898315,0.9712971448898315,species,1,rand_species,/Users/justyna-przy/Projects/ISE/FYP/src/bird_data/clips/species/prunella_modularis/XC907066__s19000__e22000.wav,
prunella_modularis,907066,Prunella modularis,/Users/justyna-przy/Projects/ISE/FYP/src/bird_data/raw/prunella_modularis/XC907066.mp3,22.0,25.0,-28.92952009459046,-37.606856901629044,species,Prunella modularis,Dunnock,0.9393187761306763,0.9393187761306763,species,0,,,
prunella_modularis,907066,Prunella modularis,/Users/justyna-przy/Projects/ISE/FYP/src/bird_data/raw/prunella_modularis/XC907066.mp3,25.0,28.0,-31.733630283860617,-37.606856901629044,non_bird,,,0.0,0.0,non_bird,1,nonbird_lowconf,/Users/justyna-przy/Projects/ISE/FYP/src/bird_data/clips/non_bird/prunella_modularis/XC907066__s25000__e28000.wav,
prunella_modularis,907066,Prunella modularis,/Users/justyna-przy/Projects/ISE/FYP/src/bird_data/raw/prunella_modularis/XC907066.mp3,34.0,37.0,-31.692874953901047,-37.606856901629044,species,Prunella modularis,Dunnock,0.9383354187011719,0.9383354187011719,species,1,rand_species,/Users/justyna-przy/Projects/ISE/FYP/src/bird_data/clips/species/prunella_modularis/XC907066__s34000__e37000.wav,
prunella_modularis,907066,Prunella modularis,/Users/justyna-przy/Projects/ISE/FYP/src/bird_data/raw/prunella_modularis/XC907066.mp3,37.0,40.0,-34.25960499003132,-37.606856901629044,non_bird,,,0.0,0.0,non_bird,1,nonbird_lowconf,/Users/justyna-przy/Projects/ISE/FYP/src/bird_data/clips/non_bird/prunella_modularis/XC907066__s37000__e40000.wav,
prunella_modularis,907066,Prunella modularis,/Users/justyna-przy/Projects/ISE/FYP/src/bird_data/raw/prunella_modularis/XC907066.mp3,46.0,49.0,-34.51317439498125,-37.606856901629044,non_bird,,,0.0,0.0,non_bird,0,,,
prunella_modularis,900945,Prunella modularis,/Users/justyna-przy/Projects/ISE/FYP/src/bird_data/raw/prunella_modularis/XC900945.mp3,1.0,4.0,-37.16231100886047,-40.0,species,Prunella modularis,Dunnock,0.9559585452079773,0.9559585452079773,species,0,,,
prunella_modularis,900945,Prunella modularis,/Users/justyna-przy/Projects/ISE/FYP/src/bird_data/raw/prunella_modularis/XC900945.mp3,7.0,10.0,-36.184873832455374,-40.0,species,Prunella modularis,Dunnock,0.9867208003997803,0.9867208003997803,species,1,rand_species,/Users/justyna-przy/Projects/ISE/FYP/src/bird_data/clips/species/prunella_modularis/XC900945__s7000__e10000.wav,
prunella_modularis,900945,Prunella modularis,/Users/justyna-przy/Projects/ISE/FYP/src/bird_data/raw/prunella_modularis/XC900945.mp3,16.0,19.0,-38.47981635285188,-40.0,species,Prunella modularis,Dunnock,0.9741252064704895,0.9741252064704895,species,0,,,
prunella_modularis,900945,Prunella modularis,/Users/justyna-przy/Projects/ISE/FYP/src/bird_data/raw/prunella_modularis/XC900945.mp3,22.0,25.0,-34.770023343306626,-40.0,species,Prunella modularis,Dunnock,0.9894254207611084,0.9894254207611084,species,0,,,
prunella_modularis,900945,Prunella modularis,/Users/justyna-przy/Projects/ISE/FYP/src/bird_data/raw/prunella_modularis/XC900945.mp3,37.0,40.0,-30.94311081343403,-40.0,species,Prunella modularis,Dunnock,0.9915253520011902,0.9915253520011902,species,0,,,
prunella_modularis,900945,Prunella modularis,/Users/justyna-przy/Projects/ISE/FYP/src/bird_data/raw/prunella_modularis/XC900945.mp3,40.0,43.0,-30.8793502673139,-40.0,species,Prunella modularis,Dunnock,0.9977172613143921,0.9977172613143921,species,1,rand_species,/Users/justyna-przy/Projects/ISE/FYP/src/bird_data/clips/species/prunella_modularis/XC900945__s40000__e43000.wav,
prunella_modularis,900945,Prunella modularis,/Users/justyna-przy/Projects/ISE/FYP/src/bird_data/raw/prunella_modularis/XC900945.mp3,55.0,58.0,-36.80388048293695,-40.0,species,Prunella modularis,Dunnock,0.9963968396186829,0.9963968396186829,species,1,rand_species,/Users/justyna-przy/Projects/ISE/FYP/src/bird_data/clips/species/prunella_modularis/XC900945__s55000__e58000.wav,
prunella_modularis,881318,Prunella modularis,/Users/justyna-przy/Projects/ISE/FYP/src/bird_data/raw/prunella_modularis/XC881318.mp3,1.0,4.0,-31.81414603833624,-40.0,species,Prunella modularis,Dunnock,0.9976181387901306,0.9976181387901306,species,1,rand_species,/Users/justyna-przy/Projects/ISE/FYP/src/bird_data/clips/species/prunella_modularis/XC881318__s1000__e4000.wav,
prunella_modularis,881318,Prunella modularis,/Users/justyna-przy/Projects/ISE/FYP/src/bird_data/raw/prunella_modularis/XC881318.mp3,4.0,7.0,-38.93902998149326,-40.0,species,Prunella modularis,Dunnock,0.9715326428413391,0.9715326428413391,species,0,,,
prunella_modularis,881318,Prunella modularis,/Users/justyna-przy/Projects/ISE/FYP/src/bird_data/raw/prunella_modularis/XC881318.mp3,10.0,13.0,-29.82803460438159,-40.0,species,Prunella modularis,Dunnock,0.9973823428153992,0.9973823428153992,species,0,,,
prunella_modularis,881318,Prunella modularis,/Users/justyna-przy/Projects/ISE/FYP/src/bird_data/raw/prunella_modularis/XC881318.mp3,16.0,19.0,-30.68917848744322,-40.0,species,Prunella modularis,Dunnock,0.9899606704711914,0.9899606704711914,species,1,rand_species,/Users/justyna-przy/Projects/ISE/FYP/src/bird_data/clips/species/prunella_modularis/XC881318__s16000__e19000.wav,
prunella_modularis,881318,Prunella modularis,/Users/justyna-przy/Projects/ISE/FYP/src/bird_data/raw/prunella_modularis/XC881318.mp3,25.0,28.0,-32.718798797977044,-40.0,species,Prunella modularis,Dunnock,0.9864099621772766,0.9864099621772766,species,0,,,
prunella_modularis,881318,Prunella modularis,/Users/justyna-przy/Projects/ISE/FYP/src/bird_data/raw/prunella_modularis/XC881318.mp3,28.0,31.0,-22.44286755921848,-40.0,species,Prunella modularis,Dunnock,0.999451220035553,0.999451220035553,species,0,,,
prunella_modularis,881318,Prunella modularis,/Users/justyna-przy/Projects/ISE/FYP/src/bird_data/raw/prunella_modularis/XC881318.mp3,34.0,37.0,-29.452248158569777,-40.0,species,Prunella modularis,Dunnock,0.9986817240715027,0.9986817240715027,species,0,,,
prunella_modularis,881318,Prunella modularis,/Users/justyna-przy/Projects/ISE/FYP/src/bird_data/raw/prunella_modularis/XC881318.mp3,37.0,40.0,-29.283268227193567,-40.0,species,Prunella modularis,Dunnock,0.9957460761070251,0.9957460761070251,species,0,,,
prunella_modularis,881318,Prunella modularis,/Users/justyna-przy/Projects/ISE/FYP/src/bird_data/raw/prunella_modularis/XC881318.mp3,43.0,46.0,-26.520075226440202,-40.0,species,Prunella modularis,Dunnock,0.9994348883628845,0.9994348883628845,species,1,rand_species,/Users/justyna-przy/Projects/ISE/FYP/src/bird_data/clips/species/prunella_modularis/XC881318__s43000__e46000.wav,
prunella_modularis,881318,Prunella modularis,/Users/justyna-przy/Projects/ISE/FYP/src/bird_data/raw/prunella_modularis/XC881318.mp3,46.0,49.0,-29.3480187439919,-40.0,species,Prunella modularis,Dunnock,0.9953945279121399,0.9953945279121399,species,0,,,
prunella_modularis,881318,Prunella modularis,/Users/justyna-przy/Projects/ISE/FYP/src/bird_data/raw/prunella_modularis/XC881318.mp3,52.0,55.0,-23.844072534095254,-40.0,species,Prunella modularis,Dunnock,0.999721348285675,0.999721348285675,species,0,,,
prunella_modularis,864134,Prunella modularis,/Users/justyna-przy/Projects/ISE/FYP/src/bird_data/raw/prunella_modularis/XC864134.mp3,1.0,4.0,-24.015082231991055,-26.19066096690627,species,Prunella modularis,Dunnock,0.8546278476715088,0.8546278476715088,species,1,rand_species,/Users/justyna-przy/Projects/ISE/FYP/src/bird_data/clips/species/prunella_modularis/XC864134__s1000__e4000.wav,
prunella_modularis,864134,Prunella modularis,/Users/justyna-przy/Projects/ISE/FYP/src/bird_data/raw/prunella_modularis/XC864134.mp3,4.0,7.0,-24.641701856367053,-26.19066096690627,species,Prunella modularis,Dunnock,0.9122862219810486,0.9122862219810486,species,1,rand_species,/Users/justyna-przy/Projects/ISE/FYP/src/bird_data/clips/species/prunella_modularis/XC864134__s4000__e7000.wav,
prunella_modularis,864134,Prunella modularis,/Users/justyna-przy/Projects/ISE/FYP/src/bird_data/raw/prunella_modularis/XC864134.mp3,10.0,13.0,-26.158518961681743,-26.19066096690627,species,Prunella modularis,Dunnock,0.9930710196495056,0.9930710196495056,species,0,,,
prunella_modularis,864134,Prunella modularis,/Users/justyna-przy/Projects/ISE/FYP/src/bird_data/raw/prunella_modularis/XC864134.mp3,13.0,16.0,-25.65109683972487,-26.19066096690627,species,Prunella modularis,Dunnock,0.9570366144180298,0.9570366144180298,species,1,rand_species,/Users/justyna-przy/Projects/ISE/FYP/src/bird_data/clips/species/prunella_modularis/XC864134__s13000__e16000.wav,
prunella_modularis,864134,Prunella modularis,/Users/justyna-przy/Projects/ISE/FYP/src/bird_data/raw/prunella_modularis/XC864134.mp3,16.0,19.0,-25.270534342900604,-26.19066096690627,species,Prunella modularis,Dunnock,0.9757054448127747,0.9757054448127747,species,0,,,
prunella_modularis,864134,Prunella modularis,/Users/justyna-przy/Projects/ISE/FYP/src/bird_data/raw/prunella_modularis/XC864134.mp3,22.0,25.0,-25.935214026597443,-26.19066096690627,species,Prunella modularis,Dunnock,0.9608278870582581,0.9608278870582581,species,0,,,
prunella_modularis,864134,Prunella modularis,/Users/justyna-przy/Projects/ISE/FYP/src/bird_data/raw/prunella_modularis/XC864134.mp3,28.0,31.0,-22.378094942166552,-26.19066096690627,species,Prunella modularis,Dunnock,0.9785940647125244,0.9785940647125244,species,0,,,
prunella_modularis,862478,Prunella modularis,/Users/justyna-przy/Projects/ISE/FYP/src/bird_data/raw/prunella_modularis/XC862478.mp3,1.0,4.0,-21.384673302359975,-33.777440795636494,species,Prunella modularis,Dunnock,0.9940208792686462,0.9940208792686462,species,1,rand_species,/Users/justyna-przy/Projects/ISE/FYP/src/bird_data/clips/species/prunella_modularis/XC862478__s1000__e4000.wav,
prunella_modularis,862478,Prunella modularis,/Users/justyna-przy/Projects/ISE/FYP/src/bird_data/raw/prunella_modularis/XC862478.mp3,7.0,10.0,-22.19039655603851,-33.777440795636494,species,Prunella modularis,Dunnock,0.9974013566970825,0.9974013566970825,species,1,rand_species,/Users/justyna-przy/Projects/ISE/FYP/src/bird_data/clips/species/prunella_modularis/XC862478__s7000__e10000.wav,
prunella_modularis,862478,Prunella modularis,/Users/justyna-przy/Projects/ISE/FYP/src/bird_data/raw/prunella_modularis/XC862478.mp3,13.0,16.0,-23.883923427103994,-33.777440795636494,species,Prunella modularis,Dunnock,0.9958827495574951,0.9958827495574951,species,0,,,
prunella_modularis,862478,Prunella modularis,/Users/justyna-przy/Projects/ISE/FYP/src/bird_data/raw/prunella_modularis/XC862478.mp3,16.0,19.0,-32.8509551590223,-33.777440795636494,species,Prunella modularis,Dunnock,0.8906968832015991,0.8906968832015991,species,1,rand_species,/Users/justyna-przy/Projects/ISE/FYP/src/bird_data/clips/species/prunella_modularis/XC862478__s16000__e19000.wav,
prunella_modularis,858670,Prunella modularis,/Users/justyna-przy/Projects/ISE/FYP/src/bird_data/raw/prunella_modularis/XC858670.mp3,1.0,4.0,-33.17160026219482,-40.0,species,Prunella modularis,Dunnock,0.9835172891616821,0.9835172891616821,species,1,rand_species,/Users/justyna-przy/Projects/ISE/FYP/src/bird_data/clips/species/prunella_modularis/XC858670__s1000__e4000.wav,
prunella_modularis,858670,Prunella modularis,/Users/justyna-przy/Projects/ISE/FYP/src/bird_data/raw/prunella_modularis/XC858670.mp3,7.0,10.0,-31.093918862444,-40.0,species,Prunella modularis,Dunnock,0.9969375133514404,0.9969375133514404,species,1,rand_species,/Users/justyna-przy/Projects/ISE/FYP/src/bird_data/clips/species/prunella_modularis/XC858670__s7000__e10000.wav,
prunella_modularis,858670,Prunella modularis,/Users/justyna-przy/Projects/ISE/FYP/src/bird_data/raw/prunella_modularis/XC858670.mp3,10.0,13.0,-34.03901670494838,-40.0,species,Prunella modularis,Dunnock,0.9895486831665039,0.9895486831665039,species,1,rand_species,/Users/justyna-przy/Projects/ISE/FYP/src/bird_data/clips/species/prunella_modularis/XC858670__s10000__e13000.wav,
prunella_modularis,858293,Prunella modularis,/Users/justyna-przy/Projects/ISE/FYP/src/bird_data/raw/prunella_modularis/XC858293.mp3,1.0,4.0,-34.47866185604663,-40.0,species,Prunella modularis,Dunnock,0.9991376399993896,0.9991376399993896,species,1,rand_species,/Users/justyna-przy/Projects/ISE/FYP/src/bird_data/clips/species/prunella_modularis/XC858293__s1000__e4000.wav,
prunella_modularis,858293,Prunella modularis,/Users/justyna-przy/Projects/ISE/FYP/src/bird_data/raw/prunella_modularis/XC858293.mp3,7.0,10.0,-32.45496323498196,-40.0,species,Prunella modularis,Dunnock,0.9994888305664062,0.9994888305664062,species,0,,,
prunella_modularis,858293,Prunella modularis,/Users/justyna-przy/Projects/ISE/FYP/src/bird_data/raw/prunella_modularis/XC858293.mp3,10.0,13.0,-36.34877011217781,-40.0,species,Prunella modularis,Dunnock,0.9911370277404785,0.9911370277404785,species,0,,,
prunella_modularis,858293,Prunella modularis,/Users/justyna-przy/Projects/ISE/FYP/src/bird_data/raw/prunella_modularis/XC858293.mp3,13.0,16.0,-33.971457686480285,-40.0,species,Prunella modularis,Dunnock,0.9933786392211914,0.9933786392211914,species,0,,,
prunella_modularis,858293,Prunella modularis,/Users/justyna-przy/Projects/ISE/FYP/src/bird_data/raw/prunella_modularis/XC858293.mp3,16.0,19.0,-38.8852371137171,-40.0,species,Prunella modularis,Dunnock,0.8577576875686646,0.8577576875686646,species,1,rand_species,/Users/justyna-przy/Projects/ISE/FYP/src/bird_data/clips/species/prunella_modularis/XC858293__s16000__e19000.wav,
prunella_modularis,858293,Prunella modularis,/Users/justyna-przy/Projects/ISE/FYP/src/bird_data/raw/prunella_modularis/XC858293.mp3,19.0,22.0,-38.03663861770553,-40.0,species,Prunella modularis,Dunnock,0.9823973178863525,0.9823973178863525,species,1,rand_species,/Users/justyna-przy/Projects/ISE/FYP/src/bird_data/clips/species/prunella_modularis/XC858293__s19000__e22000.wav,
prunella_modularis,858293,Prunella modularis,/Users/justyna-przy/Projects/ISE/FYP/src/bird_data/raw/prunella_modularis/XC858293.mp3,22.0,25.0,-34.96109322260786,-40.0,species,Prunella modularis,Dunnock,0.9962273836135864,0.9962273836135864,species,0,,,
prunella_modularis,858293,Prunella modularis,/Users/justyna-przy/Projects/ISE/FYP/src/bird_data/raw/prunella_modularis/XC858293.mp3,28.0,31.0,-33.40843452295505,-40.0,species,Prunella modularis,Dunnock,0.9971535205841064,0.9971535205841064,species,0,,,
prunella_modularis,858293,Prunella modularis,/Users/justyna-przy/Projects/ISE/FYP/src/bird_data/raw/prunella_modularis/XC858293.mp3,34.0,37.0,-36.1390276944926,-40.0,species,Prunella modularis,Dunnock,0.9965584874153137,0.9965584874153137,species,0,,,
prunella_modularis,858293,Prunella modularis,/Users/justyna-przy/Projects/ISE/FYP/src/bird_data/raw/prunella_modularis/XC858293.mp3,43.0,46.0,-34.278375443663975,-40.0,species,Prunella modularis,Dunnock,0.9979907274246216,0.9979907274246216,species,0,,,
prunella_modularis,858293,Prunella modularis,/Users/justyna-przy/Projects/ISE/FYP/src/bird_data/raw/prunella_modularis/XC858293.mp3,49.0,52.0,-34.90031176220911,-40.0,species,Prunella modularis,Dunnock,0.9924684166908264,0.9924684166908264,species,0,,,
prunella_modularis,858293,Prunella modularis,/Users/justyna-przy/Projects/ISE/FYP/src/bird_data/raw/prunella_modularis/XC858293.mp3,52.0,55.0,-38.04118707735111,-40.0,species,Prunella modularis,Dunnock,0.9860566854476929,0.9860566854476929,species,0,,,
prunella_modularis,858293,Prunella modularis,/Users/justyna-przy/Projects/ISE/FYP/src/bird_data/raw/prunella_modularis/XC858293.mp3,55.0,58.0,-33.738130056733006,-40.0,species,Prunella modularis,Dunnock,0.9966187477111816,0.9966187477111816,species,0,,,
prunella_modularis,852947,Prunella modularis,/Users/justyna-przy/Projects/ISE/FYP/src/bird_data/raw/prunella_modularis/XC852947.mp3,1.0,4.0,-29.09728536036217,-29.205116674194354,drop,Pnoepyga pusilla,Pygmy Cupwing,0.8920324444770813,0.8920324444770813,drop,0,,,
prunella_modularis,852947,Prunella modularis,/Users/justyna-przy/Projects/ISE/FYP/src/bird_data/raw/prunella_modularis/XC852947.mp3,4.0,7.0,-24.36617944573296,-29.205116674194354,drop,Pnoepyga pusilla,Pygmy Cupwing,0.9001125693321228,0.9001125693321228,drop,0,,,
prunella_modularis,852947,Prunella modularis,/Users/justyna-przy/Projects/ISE/FYP/src/bird_data/raw/prunella_modularis/XC852947.mp3,7.0,10.0,-23.751015263345018,-29.205116674194354,species,Prunella modularis,Dunnock,0.8890717625617981,0.8890717625617981,species,1,rand_species,/Users/justyna-przy/Projects/ISE/FYP/src/bird_data/clips/species/prunella_modularis/XC852947__s7000__e10000.wav,
prunella_modularis,830195,Prunella modularis,/Users/justyna-przy/Projects/ISE/FYP/src/bird_data/raw/prunella_modularis/XC830195.mp3,1.0,4.0,-27.602577586569154,-40.0,species,Prunella modularis,Dunnock,0.9977566599845886,0.9977566599845886,species,1,rand_species,/Users/justyna-przy/Projects/ISE/FYP/src/bird_data/clips/species/prunella_modularis/XC830195__s1000__e4000.wav,
prunella_modularis,830195,Prunella modularis,/Users/justyna-przy/Projects/ISE/FYP/src/bird_data/raw/prunella_modularis/XC830195.mp3,4.0,7.0,-36.29417822172079,-40.0,species,Prunella modularis,Dunnock,0.9893102645874023,0.9893102645874023,species,1,rand_species,/Users/justyna-przy/Projects/ISE/FYP/src/bird_data/clips/species/prunella_modularis/XC830195__s4000__e7000.wav,
prunella_modularis,830195,Prunella modularis,/Users/justyna-przy/Projects/ISE/FYP/src/bird_data/raw/prunella_modularis/XC830195.mp3,7.0,10.0,-35.84926450669225,-40.0,species,Prunella modularis,Dunnock,0.9085773825645447,0.9085773825645447,species,1,rand_species,/Users/justyna-przy/Projects/ISE/FYP/src/bird_data/clips/species/prunella_modularis/XC830195__s7000__e10000.wav,
prunella_modularis,809658,Prunella modularis,/Users/justyna-przy/Projects/ISE/FYP/src/bird_data/raw/prunella_modularis/XC809658.mp3,1.0,4.0,-21.965317023846026,-32.48100801445852,species,Prunella modularis,Dunnock,0.9942362904548645,0.9942362904548645,species,1,rand_species,/Users/justyna-przy/Projects/ISE/FYP/src/bird_data/clips/species/prunella_modularis/XC809658__s1000__e4000.wav,
prunella_modularis,809658,Prunella modularis,/Users/justyna-przy/Projects/ISE/FYP/src/bird_data/raw/prunella_modularis/XC809658.mp3,4.0,7.0,-28.065941991353206,-32.48100801445852,species,Prunella modularis,Dunnock,0.9963043928146362,0.9963043928146362,species,1,rand_species,/Users/justyna-przy/Projects/ISE/FYP/src/bird_data/clips/species/prunella_modularis/XC809658__s4000__e7000.wav,
prunella_modularis,799635,Prunella modularis,/Users/justyna-przy/Projects/ISE/FYP/src/bird_data/raw/prunella_modularis/XC799635.mp3,1.0,4.0,-36.43798788038401,-40.0,species,Prunella modularis,Dunnock,0.5795612931251526,0.5795612931251526,species,1,rand_species,/Users/justyna-przy/Projects/ISE/FYP/src/bird_data/clips/species/prunella_modularis/XC799635__s1000__e4000.wav,
prunella_modularis,799635,Prunella modularis,/Users/justyna-przy/Projects/ISE/FYP/src/bird_data/raw/prunella_modularis/XC799635.mp3,4.0,7.0,-25.810151707817248,-40.0,species,Prunella modularis,Dunnock,0.9985640645027161,0.9985640645027161,species,1,rand_species,/Users/justyna-przy/Projects/ISE/FYP/src/bird_data/clips/species/prunella_modularis/XC799635__s4000__e7000.wav,
prunella_modularis,799635,Prunella modularis,/Users/justyna-przy/Projects/ISE/FYP/src/bird_data/raw/prunella_modularis/XC799635.mp3,13.0,16.0,-30.362895169063727,-40.0,species,Prunella modularis,Dunnock,0.806282103061676,0.806282103061676,species,1,rand_species,/Users/justyna-przy/Projects/ISE/FYP/src/bird_data/clips/species/prunella_modularis/XC799635__s13000__e16000.wav,
prunella_modularis,793860,Prunella modularis,/Users/justyna-przy/Projects/ISE/FYP/src/bird_data/raw/prunella_modularis/XC793860.mp3,1.0,4.0,-21.042086095895414,-40.0,species,Prunella modularis,Dunnock,0.9941229224205017,0.9941229224205017,species,1,rand_species,/Users/justyna-przy/Projects/ISE/FYP/src/bird_data/clips/species/prunella_modularis/XC793860__s1000__e4000.wav,
prunella_modularis,793860,Prunella modularis,/Users/justyna-przy/Projects/ISE/FYP/src/bird_data/raw/prunella_modularis/XC793860.mp3,10.0,13.0,-22.91203072110715,-40.0,species,Prunella modularis,Dunnock,0.9949672818183899,0.9949672818183899,species,1,rand_species,/Users/justyna-przy/Projects/ISE/FYP/src/bird_data/clips/species/prunella_modularis/XC793860__s10000__e13000.wav,
prunella_modularis,793860,Prunella modularis,/Users/justyna-przy/Projects/ISE/FYP/src/bird_data/raw/prunella_modularis/XC793860.mp3,19.0,22.0,-21.804804208131102,-40.0,species,Prunella modularis,Dunnock,0.9980568289756775,0.9980568289756775,species,1,rand_species,/Users/justyna-przy/Projects/ISE/FYP/src/bird_data/clips/species/prunella_modularis/XC793860__s19000__e22000.wav,
prunella_modularis,793859,Prunella modularis,/Users/justyna-przy/Projects/ISE/FYP/src/bird_data/raw/prunella_modularis/XC793859.mp3,1.0,4.0,-20.594050426173443,-29.873765693943334,species,Prunella modularis,Dunnock,0.9986925721168518,0.9986925721168518,species,1,rand_species,/Users/justyna-przy/Projects/ISE/FYP/src/bird_data/clips/species/prunella_modularis/XC793859__s1000__e4000.wav,
prunella_modularis,793859,Prunella modularis,/Users/justyna-przy/Projects/ISE/FYP/src/bird_data/raw/prunella_modularis/XC793859.mp3,7.0,10.0,-21.60952564248362,-29.873765693943334,species,Prunella modularis,Dunnock,0.9933413863182068,0.9933413863182068,species,0,,,
prunella_modularis,793859,Prunella modularis,/Users/justyna-przy/Projects/ISE/FYP/src/bird_data/raw/prunella_modularis/XC793859.mp3,13.0,16.0,-21.65335481583064,-29.873765693943334,species,Prunella modularis,Dunnock,0.9984777569770813,0.9984777569770813,species,1,rand_species,/Users/justyna-przy/Projects/ISE/FYP/src/bird_data/clips/species/prunella_modularis/XC793859__s13000__e16000.wav,
prunella_modularis,793859,Prunella modularis,/Users/justyna-przy/Projects/ISE/FYP/src/bird_data/raw/prunella_modularis/XC793859.mp3,19.0,22.0,-24.13487492872116,-29.873765693943334,species,Prunella modularis,Dunnock,0.9962186217308044,0.9962186217308044,species,1,rand_species,/Users/justyna-przy/Projects/ISE/FYP/src/bird_data/clips/species/prunella_modularis/XC793859__s19000__e22000.wav,
prunella_modularis,793859,Prunella modularis,/Users/justyna-przy/Projects/ISE/FYP/src/bird_data/raw/prunella_modularis/XC793859.mp3,22.0,25.0,-29.729833382886383,-29.873765693943334,drop,Prunella modularis,Dunnock,0.17057153582572937,0.17057153582572937,drop,0,,,
prunella_modularis,793859,Prunella modularis,/Users/justyna-przy/Projects/ISE/FYP/src/bird_data/raw/prunella_modularis/XC793859.mp3,25.0,28.0,-24.84421201131477,-29.873765693943334,species,Prunella modularis,Dunnock,0.9921091198921204,0.9921091198921204,species,0,,,
prunella_modularis,792453,Prunella modularis,/Users/justyna-przy/Projects/ISE/FYP/src/bird_data/raw/prunella_modularis/XC792453.mp3,1.0,4.0,-37.174052248700306,-40.0,species,Prunella modularis,Dunnock,0.9953190684318542,0.9953190684318542,species,0,,,
prunella_modularis,792453,Prunella modularis,/Users/justyna-przy/Projects/ISE/FYP/src/bird_data/raw/prunella_modularis/XC792453.mp3,7.0,10.0,-36.266931984422015,-40.0,species,Prunella modularis,Dunnock,0.9976078271865845,0.9976078271865845,species,0,,,
prunella_modularis,792453,Prunella modularis,/Users/justyna-przy/Projects/ISE/FYP/src/bird_data/raw/prunella_modularis/XC792453.mp3,13.0,16.0,-37.75127801821824,-40.0,species,Prunella modularis,Dunnock,0.9973330497741699,0.9973330497741699,species,0,,,
prunella_modularis,792453,Prunella modularis,/Users/justyna-przy/Projects/ISE/FYP/src/bird_data/raw/prunella_modularis/XC792453.mp3,16.0,19.0,-36.551439987971165,-40.0,species,Prunella modularis,Dunnock,0.9926700592041016,0.9926700592041016,species,0,,,
prunella_modularis,792453,Prunella modularis,/Users/justyna-przy/Projects/ISE/FYP/src/bird_data/raw/prunella_modularis/XC792453.mp3,22.0,25.0,-37.55963586544719,-40.0,species,Prunella modularis,Dunnock,0.9861598610877991,0.9861598610877991,species,1,rand_species,/Users/justyna-przy/Projects/ISE/FYP/src/bird_data/clips/species/prunella_modularis/XC792453__s22000__e25000.wav,
prunella_modularis,792453,Prunella modularis,/Users/justyna-przy/Projects/ISE/FYP/src/bird_data/raw/prunella_modularis/XC792453.mp3,25.0,28.0,-39.53756290396519,-40.0,species,Prunella modularis,Dunnock,0.8041203618049622,0.8041203618049622,species,0,,,
prunella_modularis,792453,Prunella modularis,/Users/justyna-przy/Projects/ISE/FYP/src/bird_data/raw/prunella_modularis/XC792453.mp3,28.0,31.0,-35.992577280992414,-40.0,species,Prunella modularis,Dunnock,0.9933224320411682,0.9933224320411682,species,1,rand_species,/Users/justyna-przy/Projects/ISE/FYP/src/bird_data/clips/species/prunella_modularis/XC792453__s28000__e31000.wav,
prunella_modularis,792453,Prunella modularis,/Users/justyna-przy/Projects/ISE/FYP/src/bird_data/raw/prunella_modularis/XC792453.mp3,31.0,34.0,-36.78477764867614,-40.0,species,Prunella modularis,Dunnock,0.9945114850997925,0.9945114850997925,species,1,rand_species,/Users/justyna-przy/Projects/ISE/FYP/src/bird_data/clips/species/prunella_modularis/XC792453__s31000__e34000.wav,
prunella_modularis,779064,Prunella modularis,/Users/justyna-przy/Projects/ISE/FYP/src/bird_data/raw/prunella_modularis/XC779064.mp3,1.0,4.0,-26.965983518808084,-35.48584503988713,species,Prunella modularis,Dunnock,0.9817795157432556,0.9817795157432556,species,0,,,
prunella_modularis,779064,Prunella modularis,/Users/justyna-przy/Projects/ISE/FYP/src/bird_data/raw/prunella_modularis/XC779064.mp3,7.0,10.0,-24.829895431082765,-35.48584503988713,species,Prunella modularis,Dunnock,0.9987572431564331,0.9987572431564331,species,1,rand_species,/Users/justyna-przy/Projects/ISE/FYP/src/bird_data/clips/species/prunella_modularis/XC779064__s7000__e10000.wav,
prunella_modularis,779064,Prunella modularis,/Users/justyna-przy/Projects/ISE/FYP/src/bird_data/raw/prunella_modularis/XC779064.mp3,13.0,16.0,-34.87997912418363,-35.48584503988713,species,Prunella modularis,Dunnock,0.6587032079696655,0.6587032079696655,species,1,rand_species,/Users/justyna-przy/Projects/ISE/FYP/src/bird_data/clips/species/prunella_modularis/XC779064__s13000__e16000.wav,
prunella_modularis,779064,Prunella modularis,/Users/justyna-przy/Projects/ISE/FYP/src/bird_data/raw/prunella_modularis/XC779064.mp3,16.0,19.0,-25.676223816246754,-35.48584503988713,species,Prunella modularis,Dunnock,0.9910649657249451,0.9910649657249451,species,0,,,
prunella_modularis,779064,Prunella modularis,/Users/justyna-przy/Projects/ISE/FYP/src/bird_data/raw/prunella_modularis/XC779064.mp3,22.0,25.0,-24.932606448835042,-35.48584503988713,species,Prunella modularis,Dunnock,0.9955750703811646,0.9955750703811646,species,0,,,
prunella_modularis,779064,Prunella modularis,/Users/justyna-przy/Projects/ISE/FYP/src/bird_data/raw/prunella_modularis/XC779064.mp3,28.0,31.0,-24.483621602708197,-35.48584503988713,species,Prunella modularis,Dunnock,0.9906651973724365,0.9906651973724365,species,0,,,
prunella_modularis,779064,Prunella modularis,/Users/justyna-przy/Projects/ISE/FYP/src/bird_data/raw/prunella_modularis/XC779064.mp3,31.0,34.0,-29.746333362952868,-35.48584503988713,species,Prunella modularis,Dunnock,0.7733872532844543,0.7733872532844543,species,1,rand_species,/Users/justyna-przy/Projects/ISE/FYP/src/bird_data/clips/species/prunella_modularis/XC779064__s31000__e34000.wav,
prunella_modularis,779064,Prunella modularis,/Users/justyna-przy/Projects/ISE/FYP/src/bird_data/raw/prunella_modularis/XC779064.mp3,34.0,37.0,-31.47034577141229,-35.48584503988713,species,Prunella modularis,Dunnock,0.954203188419342,0.954203188419342,species,0,,,
prunella_modularis,779064,Prunella modularis,/Users/justyna-przy/Projects/ISE/FYP/src/bird_data/raw/prunella_modularis/XC779064.mp3,37.0,40.0,-31.208971335494894,-35.48584503988713,species,Prunella modularis,Dunnock,0.9983335137367249,0.9983335137367249,species,0,,,
prunella_modularis,779064,Prunella modularis,/Users/justyna-przy/Projects/ISE/FYP/src/bird_data/raw/prunella_modularis/XC779064.mp3,40.0,43.0,-30.930325647207425,-35.48584503988713,species,Prunella modularis,Dunnock,0.8689848780632019,0.8689848780632019,species,0,,,
prunella_modularis,777225,Prunella modularis,/Users/justyna-przy/Projects/ISE/FYP/src/bird_data/raw/prunella_modularis/XC777225.mp3,1.0,4.0,-32.075711356070144,-40.0,species,Prunella modularis,Dunnock,0.9996216297149658,0.9996216297149658,species,1,rand_species,/Users/justyna-przy/Projects/ISE/FYP/src/bird_data/clips/species/prunella_modularis/XC777225__s1000__e4000.wav,
prunella_modularis,777225,Prunella modularis,/Users/justyna-przy/Projects/ISE/FYP/src/bird_data/raw/prunella_modularis/XC777225.mp3,7.0,10.0,-33.636215785325476,-40.0,species,Prunella modularis,Dunnock,0.9974846839904785,0.9974846839904785,species,1,rand_species,/Users/justyna-przy/Projects/ISE/FYP/src/bird_data/clips/species/prunella_modularis/XC777225__s7000__e10000.wav,
prunella_modularis,777225,Prunella modularis,/Users/justyna-przy/Projects/ISE/FYP/src/bird_data/raw/prunella_modularis/XC777225.mp3,13.0,16.0,-30.378185401084416,-40.0,species,Prunella modularis,Dunnock,0.9993504881858826,0.9993504881858826,species,1,rand_species,/Users/justyna-przy/Projects/ISE/FYP/src/bird_data/clips/species/prunella_modularis/XC777225__s13000__e16000.wav,
prunella_modularis,761839,Prunella modularis,/Users/justyna-przy/Projects/ISE/FYP/src/bird_data/raw/prunella_modularis/XC761839.mp3,4.0,7.0,-43.21925566143432,-40.0,species,Prunella modularis,Dunnock,0.6412056088447571,0.6412056088447571,species,1,rand_species,/Users/justyna-przy/Projects/ISE/FYP/src/bird_data/clips/species/prunella_modularis/XC761839__s4000__e7000.wav,
prunella_modularis,755698,Prunella modularis,/Users/justyna-przy/Projects/ISE/FYP/src/bird_data/raw/prunella_modularis/XC755698.mp3,1.0,4.0,-33.98715006988831,-34.84777592315785,species,Prunella modularis,Dunnock,0.9816362857818604,0.9816362857818604,species,0,,,
prunella_modularis,755698,Prunella modularis,/Users/justyna-przy/Projects/ISE/FYP/src/bird_data/raw/prunella_modularis/XC755698.mp3,10.0,13.0,-34.641664770277806,-34.84777592315785,species,Prunella modularis,Dunnock,0.9889032244682312,0.9889032244682312,species,1,rand_species,/Users/justyna-przy/Projects/ISE/FYP/src/bird_data/clips/species/prunella_modularis/XC755698__s10000__e13000.wav,
prunella_modularis,755698,Prunella modularis,/Users/justyna-przy/Projects/ISE/FYP/src/bird_data/raw/prunella_modularis/XC755698.mp3,16.0,19.0,-30.65566299495176,-34.84777592315785,species,Prunella modularis,Dunnock,0.9907653331756592,0.9907653331756592,species,0,,,
prunella_modularis,755698,Prunella modularis,/Users/justyna-przy/Projects/ISE/FYP/src/bird_data/raw/prunella_modularis/XC755698.mp3,19.0,22.0,-33.629071042404085,-34.84777592315785,species,Prunella modularis,Dunnock,0.9811363816261292,0.9811363816261292,species,0,,,
prunella_modularis,755698,Prunella modularis,/Users/justyna-przy/Projects/ISE/FYP/src/bird_data/raw/prunella_modularis/XC755698.mp3,22.0,25.0,-31.6526917769964,-34.84777592315785,species,Prunella modularis,Dunnock,0.9832337498664856,0.9832337498664856,species,0,,,
prunella_modularis,755698,Prunella modularis,/Users/justyna-przy/Projects/ISE/FYP/src/bird_data/raw/prunella_modularis/XC755698.mp3,25.0,28.0,-30.62102549613865,-34.84777592315785,species,Prunella modularis,Dunnock,0.985164999961853,0.985164999961853,species,1,rand_species,/Users/justyna-przy/Projects/ISE/FYP/src/bird_data/clips/species/prunella_modularis/XC755698__s25000__e28000.wav,
prunella_modularis,755698,Prunella modularis,/Users/justyna-przy/Projects/ISE/FYP/src/bird_data/raw/prunella_modularis/XC755698.mp3,28.0,31.0,-29.82655805813345,-34.84777592315785,species,Prunella modularis,Dunnock,0.9789678454399109,0.9789678454399109,species,0,,,
prunella_modularis,755698,Prunella modularis,/Users/justyna-przy/Projects/ISE/FYP/src/bird_data/raw/prunella_modularis/XC755698.mp3,31.0,34.0,-32.32359040515355,-34.84777592315785,species,Prunella modularis,Dunnock,0.9279770255088806,0.9279770255088806,species,1,rand_species,/Users/justyna-przy/Projects/ISE/FYP/src/bird_data/clips/species/prunella_modularis/XC755698__s31000__e34000.wav,
prunella_modularis,755698,Prunella modularis,/Users/justyna-przy/Projects/ISE/FYP/src/bird_data/raw/prunella_modularis/XC755698.mp3,34.0,37.0,-34.66210978771729,-34.84777592315785,species,Prunella modularis,Dunnock,0.9834367036819458,0.9834367036819458,species,0,,,
prunella_modularis,747349,Prunella modularis,/Users/justyna-przy/Projects/ISE/FYP/src/bird_data/raw/prunella_modularis/XC747349.mp3,4.0,7.0,-28.61367435987958,-31.054410560299157,species,Prunella modularis,Dunnock,0.9079756140708923,0.9079756140708923,species,0,,,
prunella_modularis,747349,Prunella modularis,/Users/justyna-przy/Projects/ISE/FYP/src/bird_data/raw/prunella_modularis/XC747349.mp3,7.0,10.0,-25.064366320824124,-31.054410560299157,species,Prunella modularis,Dunnock,0.9916046857833862,0.9916046857833862,species,1,rand_species,/Users/justyna-przy/Projects/ISE/FYP/src/bird_data/clips/species/prunella_modularis/XC747349__s7000__e10000.wav,
prunella_modularis,747349,Prunella modularis,/Users/justyna-przy/Projects/ISE/FYP/src/bird_data/raw/prunella_modularis/XC747349.mp3,10.0,13.0,-29.956648019581145,-31.054410560299157,species,Prunella modularis,Dunnock,0.9976469874382019,0.9976469874382019,species,0,,,
prunella_modularis,747349,Prunella modularis,/Users/justyna-przy/Projects/ISE/FYP/src/bird_data/raw/prunella_modularis/XC747349.mp3,13.0,16.0,-28.059238797621262,-31.054410560299157,species,Prunella modularis,Dunnock,0.9977917671203613,0.9977917671203613,species,1,rand_species,/Users/justyna-przy/Projects/ISE/FYP/src/bird_data/clips/species/prunella_modularis/XC747349__s13000__e16000.wav,
prunella_modularis,747349,Prunella modularis,/Users/justyna-przy/Projects/ISE/FYP/src/bird_data/raw/prunella_modularis/XC747349.mp3,22.0,25.0,-30.566452574178577,-31.054410560299157,species,Prunella modularis,Dunnock,0.9989629983901978,0.9989629983901978,species,1,rand_species,/Users/justyna-przy/Projects/ISE/FYP/src/bird_data/clips/species/prunella_modularis/XC747349__s22000__e25000.wav,
prunella_modularis,747349,Prunella modularis,/Users/justyna-przy/Projects/ISE/FYP/src/bird_data/raw/prunella_modularis/XC747349.mp3,25.0,28.0,-23.724535044678305,-31.054410560299157,species,Prunella modularis,Dunnock,0.9989174604415894,0.9989174604415894,species,0,,,
prunella_modularis,723299,Prunella modularis,/Users/justyna-przy/Projects/ISE/FYP/src/bird_data/raw/prunella_modularis/XC723299.mp3,1.0,4.0,-27.430047138009463,-40.0,species,Prunella modularis,Dunnock,0.9956692457199097,0.9956692457199097,species,0,,,
prunella_modularis,723299,Prunella modularis,/Users/justyna-przy/Projects/ISE/FYP/src/bird_data/raw/prunella_modularis/XC723299.mp3,4.0,7.0,-31.78793991216466,-40.0,species,Prunella modularis,Dunnock,0.9606831073760986,0.9606831073760986,species,1,rand_species,/Users/justyna-przy/Projects/ISE/FYP/src/bird_data/clips/species/prunella_modularis/XC723299__s4000__e7000.wav,
prunella_modularis,723299,Prunella modularis,/Users/justyna-przy/Projects/ISE/FYP/src/bird_data/raw/prunella_modularis/XC723299.mp3,10.0,13.0,-25.402701829580884,-40.0,species,Prunella modularis,Dunnock,0.9974606037139893,0.9974606037139893,species,1,rand_species,/Users/justyna-przy/Projects/ISE/FYP/src/bird_data/clips/species/prunella_modularis/XC723299__s10000__e13000.wav,
prunella_modularis,723299,Prunella modularis,/Users/justyna-przy/Projects/ISE/FYP/src/bird_data/raw/prunella_modularis/XC723299.mp3,16.0,19.0,-39.215177055876815,-40.0,species,Prunella modularis,Dunnock,0.8501818180084229,0.8501818180084229,species,0,,,
prunella_modularis,723299,Prunella modularis,/Users/justyna-przy/Projects/ISE/FYP/src/bird_data/raw/prunella_modularis/XC723299.mp3,19.0,22.0,-33.086784492489855,-40.0,species,Prunella modularis,Dunnock,0.9875138401985168,0.9875138401985168,species,0,,,
prunella_modularis,723299,Prunella modularis,/Users/justyna-przy/Projects/ISE/FYP/src/bird_data/raw/prunella_modularis/XC723299.mp3,25.0,28.0,-36.54492591094515,-40.0,species,Prunella modularis,Dunnock,0.9820773601531982,0.9820773601531982,species,1,rand_species,/Users/justyna-przy/Projects/ISE/FYP/src/bird_data/clips/species/prunella_modularis/XC723299__s25000__e28000.wav,
prunella_modularis,722965,Prunella modularis,/Users/justyna-przy/Projects/ISE/FYP/src/bird_data/raw/prunella_modularis/XC722965.mp3,1.0,4.0,-21.02078922209424,-27.789438977762607,species,Prunella modularis,Dunnock,0.9993546605110168,0.9993546605110168,species,1,rand_species,/Users/justyna-przy/Projects/ISE/FYP/src/bird_data/clips/species/prunella_modularis/XC722965__s1000__e4000.wav,
prunella_modularis,722965,Prunella modularis,/Users/justyna-przy/Projects/ISE/FYP/src/bird_data/raw/prunella_modularis/XC722965.mp3,10.0,13.0,-22.232827981987903,-27.789438977762607,species,Prunella modularis,Dunnock,0.8938449621200562,0.8938449621200562,species,0,,,
prunella_modularis,722965,Prunella modularis,/Users/justyna-przy/Projects/ISE/FYP/src/bird_data/raw/prunella_modularis/XC722965.mp3,13.0,16.0,-21.733116967880694,-27.789438977762607,species,Prunella modularis,Dunnock,0.9946069121360779,0.9946069121360779,species,1,rand_species,/Users/justyna-przy/Projects/ISE/FYP/src/bird_data/clips/species/prunella_modularis/XC722965__s13000__e16000.wav,
prunella_modularis,722965,Prunella modularis,/Users/justyna-przy/Projects/ISE/FYP/src/bird_data/raw/prunella_modularis/XC722965.mp3,16.0,19.0,-27.09983835894188,-27.789438977762607,drop,Periparus ater,Coal Tit,0.26914793252944946,0.26914793252944946,drop,0,,,
prunella_modularis,722965,Prunella modularis,/Users/justyna-przy/Projects/ISE/FYP/src/bird_data/raw/prunella_modularis/XC722965.mp3,19.0,22.0,-17.161703328120222,-27.789438977762607,species,Prunella modularis,Dunnock,0.9967405200004578,0.9967405200004578,species,1,rand_species,/Users/justyna-przy/Projects/ISE/FYP/src/bird_data/clips/species/prunella_modularis/XC722965__s19000__e22000.wav,
prunella_modularis,721265,Prunella modularis,/Users/justyna-przy/Projects/ISE/FYP/src/bird_data/raw/prunella_modularis/XC721265.mp3,1.0,4.0,-23.754827399211486,-40.0,species,Prunella modularis,Dunnock,0.9925532937049866,0.9925532937049866,species,1,rand_species,/Users/justyna-przy/Projects/ISE/FYP/src/bird_data/clips/species/prunella_modularis/XC721265__s1000__e4000.wav,
prunella_modularis,721265,Prunella modularis,/Users/justyna-przy/Projects/ISE/FYP/src/bird_data/raw/prunella_modularis/XC721265.mp3,7.0,10.0,-22.794242576215396,-40.0,species,Prunella modularis,Dunnock,0.9874308109283447,0.9874308109283447,species,1,rand_species,/Users/justyna-przy/Projects/ISE/FYP/src/bird_data/clips/species/prunella_modularis/XC721265__s7000__e10000.wav,
prunella_modularis,721265,Prunella modularis,/Users/justyna-przy/Projects/ISE/FYP/src/bird_data/raw/prunella_modularis/XC721265.mp3,13.0,16.0,-33.469825098805266,-40.0,species,Prunella modularis,Dunnock,0.8958494663238525,0.8958494663238525,species,0,,,
prunella_modularis,721265,Prunella modularis,/Users/justyna-przy/Projects/ISE/FYP/src/bird_data/raw/prunella_modularis/XC721265.mp3,16.0,19.0,-36.37598580264963,-40.0,drop,Prunella modularis,Dunnock,0.11961214244365692,0.11961214244365692,drop,0,,,
prunella_modularis,721265,Prunella modularis,/Users/justyna-przy/Projects/ISE/FYP/src/bird_data/raw/prunella_modularis/XC721265.mp3,22.0,25.0,-30.711907774220613,-40.0,species,Prunella modularis,Dunnock,0.9594506025314331,0.9594506025314331,species,0,,,
prunella_modularis,721265,Prunella modularis,/Users/justyna-przy/Projects/ISE/FYP/src/bird_data/raw/prunella_modularis/XC721265.mp3,25.0,28.0,-26.65779206665548,-40.0,species,Prunella modularis,Dunnock,0.9414190053939819,0.9414190053939819,species,0,,,
prunella_modularis,721265,Prunella modularis,/Users/justyna-przy/Projects/ISE/FYP/src/bird_data/raw/prunella_modularis/XC721265.mp3,31.0,34.0,-25.421499030377312,-40.0,species,Prunella modularis,Dunnock,0.9873485565185547,0.9873485565185547,species,0,,,
prunella_modularis,721265,Prunella modularis,/Users/justyna-przy/Projects/ISE/FYP/src/bird_data/raw/prunella_modularis/XC721265.mp3,37.0,40.0,-28.98418043721978,-40.0,species,Prunella modularis,Dunnock,0.9535857439041138,0.9535857439041138,species,0,,,
prunella_modularis,721265,Prunella modularis,/Users/justyna-przy/Projects/ISE/FYP/src/bird_data/raw/prunella_modularis/XC721265.mp3,46.0,49.0,-37.992377155675406,-40.0,species,Prunella modularis,Dunnock,0.7283953428268433,0.7283953428268433,species,1,rand_species,/Users/justyna-przy/Projects/ISE/FYP/src/bird_data/clips/species/prunella_modularis/XC721265__s46000__e49000.wav,
prunella_modularis,721265,Prunella modularis,/Users/justyna-przy/Projects/ISE/FYP/src/bird_data/raw/prunella_modularis/XC721265.mp3,52.0,55.0,-36.13198068345895,-40.0,species,Prunella modularis,Dunnock,0.9828088879585266,0.9828088879585266,species,0,,,
prunella_modularis,711857,Prunella modularis,/Users/justyna-przy/Projects/ISE/FYP/src/bird_data/raw/prunella_modularis/XC711857.mp3,1.0,4.0,-17.518197011265947,-36.01376954897502,species,Prunella modularis,Dunnock,0.9912500381469727,0.9912500381469727,species,0,,,
prunella_modularis,711857,Prunella modularis,/Users/justyna-przy/Projects/ISE/FYP/src/bird_data/raw/prunella_modularis/XC711857.mp3,4.0,7.0,-17.58832433225349,-36.01376954897502,species,Prunella modularis,Dunnock,0.9737889766693115,0.9737889766693115,species,0,,,
prunella_modularis,711857,Prunella modularis,/Users/justyna-przy/Projects/ISE/FYP/src/bird_data/raw/prunella_modularis/XC711857.mp3,10.0,13.0,-35.42747005715698,-36.01376954897502,drop,Cinclus cinclus,White-throated Dipper,0.6250292062759399,0.6250292062759399,drop,0,,,
prunella_modularis,711857,Prunella modularis,/Users/justyna-przy/Projects/ISE/FYP/src/bird_data/raw/prunella_modularis/XC711857.mp3,22.0,25.0,-25.803660689377864,-36.01376954897502,species,Prunella modularis,Dunnock,0.8406882882118225,0.8406882882118225,species,1,rand_species,/Users/justyna-przy/Projects/ISE/FYP/src/bird_data/clips/species/prunella_modularis/XC711857__s22000__e25000.wav,
prunella_modularis,711857,Prunella modularis,/Users/justyna-przy/Projects/ISE/FYP/src/bird_data/raw/prunella_modularis/XC711857.mp3,25.0,28.0,-18.641321570822143,-36.01376954897502,species,Prunella modularis,Dunnock,0.9927451014518738,0.9927451014518738,species,0,,,
prunella_modularis,711857,Prunella modularis,/Users/justyna-przy/Projects/ISE/FYP/src/bird_data/raw/prunella_modularis/XC711857.mp3,28.0,31.0,-35.71505110537051,-36.01376954897502,species,Prunella modularis,Dunnock,0.581305742263794,0.581305742263794,species,0,,,
prunella_modularis,711857,Prunella modularis,/Users/justyna-przy/Projects/ISE/FYP/src/bird_data/raw/prunella_modularis/XC711857.mp3,31.0,34.0,-27.41389357655843,-36.01376954897502,species,Prunella modularis,Dunnock,0.9666852951049805,0.9666852951049805,species,0,,,
prunella_modularis,711857,Prunella modularis,/Users/justyna-przy/Projects/ISE/FYP/src/bird_data/raw/prunella_modularis/XC711857.mp3,37.0,40.0,-26.39400737792149,-36.01376954897502,species,Prunella modularis,Dunnock,0.9963145852088928,0.9963145852088928,species,1,rand_species,/Users/justyna-przy/Projects/ISE/FYP/src/bird_data/clips/species/prunella_modularis/XC711857__s37000__e40000.wav,
prunella_modularis,711857,Prunella modularis,/Users/justyna-przy/Projects/ISE/FYP/src/bird_data/raw/prunella_modularis/XC711857.mp3,40.0,43.0,-29.535484772143068,-36.01376954897502,species,Prunella modularis,Dunnock,0.8686134219169617,0.8686134219169617,species,0,,,
prunella_modularis,711857,Prunella modularis,/Users/justyna-przy/Projects/ISE/FYP/src/bird_data/raw/prunella_modularis/XC711857.mp3,43.0,46.0,-32.59599360535771,-36.01376954897502,species,Prunella modularis,Dunnock,0.9633962512016296,0.9633962512016296,species,1,rand_species,/Users/justyna-przy/Projects/ISE/FYP/src/bird_data/clips/species/prunella_modularis/XC711857__s43000__e46000.wav,
prunella_modularis,709859,Prunella modularis,/Users/justyna-przy/Projects/ISE/FYP/src/bird_data/raw/prunella_modularis/XC709859.mp3,13.0,16.0,-35.35248328341529,-40.0,species,Prunella modularis,Dunnock,0.9895533323287964,0.9895533323287964,species,1,rand_species,/Users/justyna-przy/Projects/ISE/FYP/src/bird_data/clips/species/prunella_modularis/XC709859__s13000__e16000.wav,
prunella_modularis,709859,Prunella modularis,/Users/justyna-przy/Projects/ISE/FYP/src/bird_data/raw/prunella_modularis/XC709859.mp3,19.0,22.0,-37.798141591835325,-40.0,species,Prunella modularis,Dunnock,0.9921535849571228,0.9921535849571228,species,1,rand_species,/Users/justyna-przy/Projects/ISE/FYP/src/bird_data/clips/species/prunella_modularis/XC709859__s19000__e22000.wav,
prunella_modularis,709859,Prunella modularis,/Users/justyna-przy/Projects/ISE/FYP/src/bird_data/raw/prunella_modularis/XC709859.mp3,28.0,31.0,-39.140287804730406,-40.0,species,Prunella modularis,Dunnock,0.9905861020088196,0.9905861020088196,species,1,rand_species,/Users/justyna-przy/Projects/ISE/FYP/src/bird_data/clips/species/prunella_modularis/XC709859__s28000__e31000.wav,
prunella_modularis,706715,Prunella modularis,/Users/justyna-przy/Projects/ISE/FYP/src/bird_data/raw/prunella_modularis/XC706715.mp3,1.0,4.0,-33.59910886141192,-40.0,species,Prunella modularis,Dunnock,0.9534147381782532,0.9534147381782532,species,1,rand_species,/Users/justyna-przy/Projects/ISE/FYP/src/bird_data/clips/species/prunella_modularis/XC706715__s1000__e4000.wav,
prunella_modularis,706715,Prunella modularis,/Users/justyna-przy/Projects/ISE/FYP/src/bird_data/raw/prunella_modularis/XC706715.mp3,10.0,13.0,-35.74961301036082,-40.0,species,Prunella modularis,Dunnock,0.9614791870117188,0.9614791870117188,species,1,rand_species,/Users/justyna-przy/Projects/ISE/FYP/src/bird_data/clips/species/prunella_modularis/XC706715__s10000__e13000.wav,
prunella_modularis,706715,Prunella modularis,/Users/justyna-przy/Projects/ISE/FYP/src/bird_data/raw/prunella_modularis/XC706715.mp3,19.0,22.0,-39.062354139300254,-40.0,species,Prunella modularis,Dunnock,0.8667837381362915,0.8667837381362915,species,1,rand_species,/Users/justyna-przy/Projects/ISE/FYP/src/bird_data/clips/species/prunella_modularis/XC706715__s19000__e22000.wav,
prunella_modularis,692654,Prunella modularis,/Users/justyna-przy/Projects/ISE/FYP/src/bird_data/raw/prunella_modularis/XC692654.mp3,1.0,4.0,-31.950179110145985,-40.0,species,Prunella modularis,Dunnock,0.9769273996353149,0.9769273996353149,species,0,,,
prunella_modularis,692654,Prunella modularis,/Users/justyna-przy/Projects/ISE/FYP/src/bird_data/raw/prunella_modularis/XC692654.mp3,4.0,7.0,-24.04727825008367,-40.0,species,Prunella modularis,Dunnock,0.9870456457138062,0.9870456457138062,species,1,rand_species,/Users/justyna-przy/Projects/ISE/FYP/src/bird_data/clips/species/prunella_modularis/XC692654__s4000__e7000.wav,
prunella_modularis,692654,Prunella modularis,/Users/justyna-przy/Projects/ISE/FYP/src/bird_data/raw/prunella_modularis/XC692654.mp3,7.0,10.0,-28.0991222447385,-40.0,species,Prunella modularis,Dunnock,0.894127368927002,0.894127368927002,species,0,,,
prunella_modularis,692654,Prunella modularis,/Users/justyna-przy/Projects/ISE/FYP/src/bird_data/raw/prunella_modularis/XC692654.mp3,10.0,13.0,-28.431036149072252,-40.0,species,Prunella modularis,Dunnock,0.6539047360420227,0.6539047360420227,species,1,rand_species,/Users/justyna-przy/Projects/ISE/FYP/src/bird_data/clips/species/prunella_modularis/XC692654__s10000__e13000.wav,
prunella_modularis,692654,Prunella modularis,/Users/justyna-przy/Projects/ISE/FYP/src/bird_data/raw/prunella_modularis/XC692654.mp3,16.0,19.0,-30.156088939663018,-40.0,species,Prunella modularis,Dunnock,0.9752087593078613,0.9752087593078613,species,1,rand_species,/Users/justyna-przy/Projects/ISE/FYP/src/bird_data/clips/species/prunella_modularis/XC692654__s16000__e19000.wav,
prunella_modularis,692654,Prunella modularis,/Users/justyna-przy/Projects/ISE/FYP/src/bird_data/raw/prunella_modularis/XC692654.mp3,22.0,25.0,-35.34537443221965,-40.0,drop,Prunella modularis,Dunnock,0.18566372990608215,0.18566372990608215,drop,0,,,
prunella_modularis,692654,Prunella modularis,/Users/justyna-przy/Projects/ISE/FYP/src/bird_data/raw/prunella_modularis/XC692654.mp3,28.0,31.0,-29.474303979619375,-40.0,species,Prunella modularis,Dunnock,0.9954183101654053,0.9954183101654053,species,0,,,
prunella_modularis,692654,Prunella modularis,/Users/justyna-przy/Projects/ISE/FYP/src/bird_data/raw/prunella_modularis/XC692654.mp3,46.0,49.0,-38.76756625769935,-40.0,species,Prunella modularis,Dunnock,0.9198694825172424,0.9198694825172424,species,0,,,
prunella_modularis,691755,Prunella modularis,/Users/justyna-przy/Projects/ISE/FYP/src/bird_data/raw/prunella_modularis/XC691755.mp3,4.0,7.0,-31.816999930964123,-40.0,species,Prunella modularis,Dunnock,0.997277557849884,0.997277557849884,species,0,,,
prunella_modularis,691755,Prunella modularis,/Users/justyna-przy/Projects/ISE/FYP/src/bird_data/raw/prunella_modularis/XC691755.mp3,7.0,10.0,-33.10989353303143,-40.0,species,Prunella modularis,Dunnock,0.9829181432723999,0.9829181432723999,species,1,rand_species,/Users/justyna-przy/Projects/ISE/FYP/src/bird_data/clips/species/prunella_modularis/XC691755__s7000__e10000.wav,
prunella_modularis,691755,Prunella modularis,/Users/justyna-przy/Projects/ISE/FYP/src/bird_data/raw/prunella_modularis/XC691755.mp3,13.0,16.0,-33.74702360006788,-40.0,species,Prunella modularis,Dunnock,0.977669894695282,0.977669894695282,species,0,,,
prunella_modularis,691755,Prunella modularis,/Users/justyna-przy/Projects/ISE/FYP/src/bird_data/raw/prunella_modularis/XC691755.mp3,19.0,22.0,-32.79703859261785,-40.0,species,Prunella modularis,Dunnock,0.9946381449699402,0.9946381449699402,species,1,rand_species,/Users/justyna-przy/Projects/ISE/FYP/src/bird_data/clips/species/prunella_modularis/XC691755__s19000__e22000.wav,
prunella_modularis,691755,Prunella modularis,/Users/justyna-przy/Projects/ISE/FYP/src/bird_data/raw/prunella_modularis/XC691755.mp3,22.0,25.0,-32.58467323399467,-40.0,species,Prunella modularis,Dunnock,0.9991462230682373,0.9991462230682373,species,1,rand_species,/Users/justyna-przy/Projects/ISE/FYP/src/bird_data/clips/species/prunella_modularis/XC691755__s22000__e25000.wav,
prunella_modularis,691755,Prunella modularis,/Users/justyna-przy/Projects/ISE/FYP/src/bird_data/raw/prunella_modularis/XC691755.mp3,28.0,31.0,-36.95543451936226,-40.0,species,Prunella modularis,Dunnock,0.999180018901825,0.999180018901825,species,0,,,
prunella_modularis,670204,Prunella modularis,/Users/justyna-przy/Projects/ISE/FYP/src/bird_data/raw/prunella_modularis/XC670204.mp3,1.0,4.0,-37.29029211331558,-40.0,species,Prunella modularis,Dunnock,0.6404627561569214,0.6404627561569214,species,1,rand_species,/Users/justyna-przy/Projects/ISE/FYP/src/bird_data/clips/species/prunella_modularis/XC670204__s1000__e4000.wav,
prunella_modularis,670204,Prunella modularis,/Users/justyna-przy/Projects/ISE/FYP/src/bird_data/raw/prunella_modularis/XC670204.mp3,7.0,10.0,-33.744624170093935,-40.0,species,Prunella modularis,Dunnock,0.978588342666626,0.978588342666626,species,1,rand_species,/Users/justyna-przy/Projects/ISE/FYP/src/bird_data/clips/species/prunella_modularis/XC670204__s7000__e10000.wav,
prunella_modularis,659943,Prunella modularis,/Users/justyna-przy/Projects/ISE/FYP/src/bird_data/raw/prunella_modularis/XC659943.mp3,1.0,4.0,-19.312922274131093,-30.441512996517737,species,Prunella modularis,Dunnock,0.9963926672935486,0.9963926672935486,species,0,,,
prunella_modularis,659943,Prunella modularis,/Users/justyna-przy/Projects/ISE/FYP/src/bird_data/raw/prunella_modularis/XC659943.mp3,4.0,7.0,-22.052093079677178,-30.441512996517737,species,Prunella modularis,Dunnock,0.9702834486961365,0.9702834486961365,species,0,,,
prunella_modularis,659943,Prunella modularis,/Users/justyna-przy/Projects/ISE/FYP/src/bird_data/raw/prunella_modularis/XC659943.mp3,10.0,13.0,-20.92514503178064,-30.441512996517737,species,Prunella modularis,Dunnock,0.9974798560142517,0.9974798560142517,species,1,rand_species,/Users/justyna-przy/Projects/ISE/FYP/src/bird_data/clips/species/prunella_modularis/XC659943__s10000__e13000.wav,
prunella_modularis,659943,Prunella modularis,/Users/justyna-przy/Projects/ISE/FYP/src/bird_data/raw/prunella_modularis/XC659943.mp3,13.0,16.0,-30.039828861284104,-30.441512996517737,species,Prunella modularis,Dunnock,0.6092281341552734,0.6092281341552734,species,1,rand_species,/Users/justyna-przy/Projects/ISE/FYP/src/bird_data/clips/species/prunella_modularis/XC659943__s13000__e16000.wav,
prunella_modularis,659943,Prunella modularis,/Users/justyna-przy/Projects/ISE/FYP/src/bird_data/raw/prunella_modularis/XC659943.mp3,19.0,22.0,-24.931736922147746,-30.441512996517737,species,Prunella modularis,Dunnock,0.9660786986351013,0.9660786986351013,species,1,rand_species,/Users/justyna-przy/Projects/ISE/FYP/src/bird_data/clips/species/prunella_modularis/XC659943__s19000__e22000.wav,
prunella_modularis,643140,Prunella modularis,/Users/justyna-przy/Projects/ISE/FYP/src/bird_data/raw/prunella_modularis/XC643140.mp3,1.0,4.0,-38.994776236845034,-40.0,species,Prunella modularis,Dunnock,0.9901025295257568,0.9901025295257568,species,1,rand_species,/Users/justyna-przy/Projects/ISE/FYP/src/bird_data/clips/species/prunella_modularis/XC643140__s1000__e4000.wav,
prunella_modularis,642763,Prunella modularis,/Users/justyna-przy/Projects/ISE/FYP/src/bird_data/raw/prunella_modularis/XC642763.mp3,1.0,4.0,-27.16561084938318,-40.0,species,Prunella modularis,Dunnock,0.4426112771034241,0.4426112771034241,species,0,,,
prunella_modularis,642763,Prunella modularis,/Users/justyna-przy/Projects/ISE/FYP/src/bird_data/raw/prunella_modularis/XC642763.mp3,10.0,13.0,-25.937627684886948,-40.0,species,Prunella modularis,Dunnock,0.8550497889518738,0.8550497889518738,species,1,rand_species,/Users/justyna-przy/Projects/ISE/FYP/src/bird_data/clips/species/prunella_modularis/XC642763__s10000__e13000.wav,
prunella_modularis,642763,Prunella modularis,/Users/justyna-przy/Projects/ISE/FYP/src/bird_data/raw/prunella_modularis/XC642763.mp3,13.0,16.0,-23.619399424684957,-40.0,species,Prunella modularis,Dunnock,0.9188671112060547,0.9188671112060547,species,1,rand_species,/Users/justyna-przy/Projects/ISE/FYP/src/bird_data/clips/species/prunella_modularis/XC642763__s13000__e16000.wav,
prunella_modularis,642763,Prunella modularis,/Users/justyna-przy/Projects/ISE/FYP/src/bird_data/raw/prunella_modularis/XC642763.mp3,19.0,22.0,-25.877495445213622,-40.0,species,Prunella modularis,Dunnock,0.9027040004730225,0.9027040004730225,species,0,,,
prunella_modularis,642763,Prunella modularis,/Users/justyna-przy/Projects/ISE/FYP/src/bird_data/raw/prunella_modularis/XC642763.mp3,25.0,28.0,-26.760851098853582,-40.0,species,Prunella modularis,Dunnock,0.5518748760223389,0.5518748760223389,species,0,,,
prunella_modularis,642763,Prunella modularis,/Users/justyna-przy/Projects/ISE/FYP/src/bird_data/raw/prunella_modularis/XC642763.mp3,28.0,31.0,-26.821886663672064,-40.0,species,Prunella modularis,Dunnock,0.9851754307746887,0.9851754307746887,species,0,,,
prunella_modularis,642763,Prunella modularis,/Users/justyna-przy/Projects/ISE/FYP/src/bird_data/raw/prunella_modularis/XC642763.mp3,31.0,34.0,-28.589626522467654,-40.0,species,Prunella modularis,Dunnock,0.3488055169582367,0.3488055169582367,species,1,rand_species,/Users/justyna-przy/Projects/ISE/FYP/src/bird_data/clips/species/prunella_modularis/XC642763__s31000__e34000.wav,
prunella_modularis,642763,Prunella modularis,/Users/justyna-przy/Projects/ISE/FYP/src/bird_data/raw/prunella_modularis/XC642763.mp3,34.0,37.0,-25.808076959037134,-40.0,species,Prunella modularis,Dunnock,0.7326144576072693,0.7326144576072693,species,0,,,
prunella_modularis,642763,Prunella modularis,/Users/justyna-przy/Projects/ISE/FYP/src/bird_data/raw/prunella_modularis/XC642763.mp3,40.0,43.0,-25.92648853849131,-40.0,species,Prunella modularis,Dunnock,0.6298379302024841,0.6298379302024841,species,0,,,
prunella_modularis,642763,Prunella modularis,/Users/justyna-przy/Projects/ISE/FYP/src/bird_data/raw/prunella_modularis/XC642763.mp3,46.0,49.0,-35.844758089331464,-40.0,drop,Prunella modularis,Dunnock,0.2118934839963913,0.2118934839963913,drop,0,,,
prunella_modularis,642763,Prunella modularis,/Users/justyna-przy/Projects/ISE/FYP/src/bird_data/raw/prunella_modularis/XC642763.mp3,49.0,52.0,-30.72243349141145,-40.0,species,Prunella modularis,Dunnock,0.8703181743621826,0.8703181743621826,species,0,,,
prunella_modularis,628910,Prunella modularis,/Users/justyna-przy/Projects/ISE/FYP/src/bird_data/raw/prunella_modularis/XC628910.mp3,1.0,4.0,-23.89495972150577,-40.0,species,Prunella modularis,Dunnock,0.9972447156906128,0.9972447156906128,species,0,,,
prunella_modularis,628910,Prunella modularis,/Users/justyna-przy/Projects/ISE/FYP/src/bird_data/raw/prunella_modularis/XC628910.mp3,13.0,16.0,-24.72563748555151,-40.0,species,Prunella modularis,Dunnock,0.9929066896438599,0.9929066896438599,species,0,,,
prunella_modularis,628910,Prunella modularis,/Users/justyna-przy/Projects/ISE/FYP/src/bird_data/raw/prunella_modularis/XC628910.mp3,16.0,19.0,-26.754305301906058,-40.0,species,Prunella modularis,Dunnock,0.9549450874328613,0.9549450874328613,species,0,,,
prunella_modularis,628910,Prunella modularis,/Users/justyna-przy/Projects/ISE/FYP/src/bird_data/raw/prunella_modularis/XC628910.mp3,22.0,25.0,-27.545020045551656,-40.0,species,Prunella modularis,Dunnock,0.9972879886627197,0.9972879886627197,species,0,,,
prunella_modularis,628910,Prunella modularis,/Users/justyna-przy/Projects/ISE/FYP/src/bird_data/raw/prunella_modularis/XC628910.mp3,25.0,28.0,-27.10860448497387,-40.0,species,Prunella modularis,Dunnock,0.9667969346046448,0.9667969346046448,species,0,,,
prunella_modularis,628910,Prunella modularis,/Users/justyna-przy/Projects/ISE/FYP/src/bird_data/raw/prunella_modularis/XC628910.mp3,31.0,34.0,-36.797601264094595,-40.0,species,Prunella modularis,Dunnock,0.5876529812812805,0.5876529812812805,species,1,rand_species,/Users/justyna-przy/Projects/ISE/FYP/src/bird_data/clips/species/prunella_modularis/XC628910__s31000__e34000.wav,
prunella_modularis,628910,Prunella modularis,/Users/justyna-przy/Projects/ISE/FYP/src/bird_data/raw/prunella_modularis/XC628910.mp3,34.0,37.0,-26.488022300862344,-40.0,species,Prunella modularis,Dunnock,0.9997324347496033,0.9997324347496033,species,0,,,
prunella_modularis,628910,Prunella modularis,/Users/justyna-przy/Projects/ISE/FYP/src/bird_data/raw/prunella_modularis/XC628910.mp3,40.0,43.0,-30.437469859591207,-40.0,species,Prunella modularis,Dunnock,0.9902614951133728,0.9902614951133728,species,1,rand_species,/Users/justyna-przy/Projects/ISE/FYP/src/bird_data/clips/species/prunella_modularis/XC628910__s40000__e43000.wav,
prunella_modularis,628910,Prunella modularis,/Users/justyna-przy/Projects/ISE/FYP/src/bird_data/raw/prunella_modularis/XC628910.mp3,43.0,46.0,-28.008013635818735,-40.0,species,Prunella modularis,Dunnock,0.9993877410888672,0.9993877410888672,species,0,,,
prunella_modularis,628910,Prunella modularis,/Users/justyna-przy/Projects/ISE/FYP/src/bird_data/raw/prunella_modularis/XC628910.mp3,55.0,58.0,-31.664789254940008,-40.0,species,Prunella modularis,Dunnock,0.9960657954216003,0.9960657954216003,species,1,rand_species,/Users/justyna-przy/Projects/ISE/FYP/src/bird_data/clips/species/prunella_modularis/XC628910__s55000__e58000.wav,
prunella_modularis,624280,Prunella modularis,/Users/justyna-przy/Projects/ISE/FYP/src/bird_data/raw/prunella_modularis/XC624280.mp3,1.0,4.0,-39.298316140929124,-40.0,species,Prunella modularis,Dunnock,0.9664217829704285,0.9664217829704285,species,1,rand_species,/Users/justyna-przy/Projects/ISE/FYP/src/bird_data/clips/species/prunella_modularis/XC624280__s1000__e4000.wav,
prunella_modularis,624280,Prunella modularis,/Users/justyna-przy/Projects/ISE/FYP/src/bird_data/raw/prunella_modularis/XC624280.mp3,4.0,7.0,-36.59873688631069,-40.0,species,Prunella modularis,Dunnock,0.9381769895553589,0.9381769895553589,species,1,rand_species,/Users/justyna-przy/Projects/ISE/FYP/src/bird_data/clips/species/prunella_modularis/XC624280__s4000__e7000.wav,
prunella_modularis,624280,Prunella modularis,/Users/justyna-przy/Projects/ISE/FYP/src/bird_data/raw/prunella_modularis/XC624280.mp3,10.0,13.0,-33.670170572004785,-40.0,species,Prunella modularis,Dunnock,0.9611978530883789,0.9611978530883789,species,0,,,
prunella_modularis,624280,Prunella modularis,/Users/justyna-przy/Projects/ISE/FYP/src/bird_data/raw/prunella_modularis/XC624280.mp3,16.0,19.0,-36.061792924516396,-40.0,species,Prunella modularis,Dunnock,0.9950356483459473,0.9950356483459473,species,0,,,
prunella_modularis,624280,Prunella modularis,/Users/justyna-przy/Projects/ISE/FYP/src/bird_data/raw/prunella_modularis/XC624280.mp3,19.0,22.0,-36.24521473971069,-40.0,species,Prunella modularis,Dunnock,0.9418553113937378,0.9418553113937378,species,1,rand_species,/Users/justyna-przy/Projects/ISE/FYP/src/bird_data/clips/species/prunella_modularis/XC624280__s19000__e22000.wav,
prunella_modularis,624280,Prunella modularis,/Users/justyna-przy/Projects/ISE/FYP/src/bird_data/raw/prunella_modularis/XC624280.mp3,25.0,28.0,-35.73958969171252,-40.0,species,Prunella modularis,Dunnock,0.9935289025306702,0.9935289025306702,species,0,,,
prunella_modularis,616865,Prunella modularis,/Users/justyna-przy/Projects/ISE/FYP/src/bird_data/raw/prunella_modularis/XC616865.mp3,1.0,4.0,-18.965369785848388,-40.0,species,Prunella modularis,Dunnock,0.9900751709938049,0.9900751709938049,species,1,rand_species,/Users/justyna-przy/Projects/ISE/FYP/src/bird_data/clips/species/prunella_modularis/XC616865__s1000__e4000.wav,
prunella_modularis,616865,Prunella modularis,/Users/justyna-przy/Projects/ISE/FYP/src/bird_data/raw/prunella_modularis/XC616865.mp3,10.0,13.0,-20.84455629068013,-40.0,species,Prunella modularis,Dunnock,0.973280131816864,0.973280131816864,species,0,,,
prunella_modularis,616865,Prunella modularis,/Users/justyna-przy/Projects/ISE/FYP/src/bird_data/raw/prunella_modularis/XC616865.mp3,13.0,16.0,-26.317604932569367,-40.0,species,Prunella modularis,Dunnock,0.7031421065330505,0.7031421065330505,species,1,rand_species,/Users/justyna-przy/Projects/ISE/FYP/src/bird_data/clips/species/prunella_modularis/XC616865__s13000__e16000.wav,
prunella_modularis,616865,Prunella modularis,/Users/justyna-przy/Projects/ISE/FYP/src/bird_data/raw/prunella_modularis/XC616865.mp3,19.0,22.0,-23.906260672094625,-40.0,species,Prunella modularis,Dunnock,0.9556170105934143,0.9556170105934143,species,0,,,
prunella_modularis,616865,Prunella modularis,/Users/justyna-przy/Projects/ISE/FYP/src/bird_data/raw/prunella_modularis/XC616865.mp3,28.0,31.0,-28.646790011357034,-40.0,species,Prunella modularis,Dunnock,0.33562764525413513,0.33562764525413513,species,1,rand_species,/Users/justyna-przy/Projects/ISE/FYP/src/bird_data/clips/species/prunella_modularis/XC616865__s28000__e31000.wav,
prunella_modularis,616865,Prunella modularis,/Users/justyna-przy/Projects/ISE/FYP/src/bird_data/raw/prunella_modularis/XC616865.mp3,31.0,34.0,-25.593482931393762,-40.0,species,Prunella modularis,Dunnock,0.9672616720199585,0.9672616720199585,species,0,,,
prunella_modularis,616864,Prunella modularis,/Users/justyna-przy/Projects/ISE/FYP/src/bird_data/raw/prunella_modularis/XC616864.mp3,1.0,4.0,-32.4791540007301,-40.0,species,Prunella modularis,Dunnock,0.9981613755226135,0.9981613755226135,species,0,,,
prunella_modularis,616864,Prunella modularis,/Users/justyna-przy/Projects/ISE/FYP/src/bird_data/raw/prunella_modularis/XC616864.mp3,4.0,7.0,-34.611895858733746,-40.0,species,Prunella modularis,Dunnock,0.6169519424438477,0.6169519424438477,species,1,rand_species,/Users/justyna-przy/Projects/ISE/FYP/src/bird_data/clips/species/prunella_modularis/XC616864__s4000__e7000.wav,
prunella_modularis,616864,Prunella modularis,/Users/justyna-przy/Projects/ISE/FYP/src/bird_data/raw/prunella_modularis/XC616864.mp3,10.0,13.0,-26.482209106311995,-40.0,species,Prunella modularis,Dunnock,0.9773226976394653,0.9773226976394653,species,0,,,
prunella_modularis,616864,Prunella modularis,/Users/justyna-przy/Projects/ISE/FYP/src/bird_data/raw/prunella_modularis/XC616864.mp3,13.0,16.0,-29.826934192488388,-40.0,species,Prunella modularis,Dunnock,0.9545524716377258,0.9545524716377258,species,0,,,
prunella_modularis,616864,Prunella modularis,/Users/justyna-przy/Projects/ISE/FYP/src/bird_data/raw/prunella_modularis/XC616864.mp3,19.0,22.0,-28.923440682957104,-40.0,species,Prunella modularis,Dunnock,0.9639246463775635,0.9639246463775635,species,0,,,
prunella_modularis,616864,Prunella modularis,/Users/justyna-przy/Projects/ISE/FYP/src/bird_data/raw/prunella_modularis/XC616864.mp3,22.0,25.0,-29.013416460621066,-40.0,species,Prunella modularis,Dunnock,0.8594688773155212,0.8594688773155212,species,0,,,
prunella_modularis,616864,Prunella modularis,/Users/justyna-przy/Projects/ISE/FYP/src/bird_data/raw/prunella_modularis/XC616864.mp3,28.0,31.0,-27.42974267876515,-40.0,species,Prunella modularis,Dunnock,0.9618157744407654,0.9618157744407654,species,0,,,
prunella_modularis,616864,Prunella modularis,/Users/justyna-przy/Projects/ISE/FYP/src/bird_data/raw/prunella_modularis/XC616864.mp3,37.0,40.0,-24.123510504214423,-40.0,species,Prunella modularis,Dunnock,0.9147214889526367,0.9147214889526367,species,1,rand_species,/Users/justyna-przy/Projects/ISE/FYP/src/bird_data/clips/species/prunella_modularis/XC616864__s37000__e40000.wav,
prunella_modularis,616864,Prunella modularis,/Users/justyna-przy/Projects/ISE/FYP/src/bird_data/raw/prunella_modularis/XC616864.mp3,43.0,46.0,-27.435061594496013,-40.0,species,Prunella modularis,Dunnock,0.7188445329666138,0.7188445329666138,species,0,,,
prunella_modularis,616864,Prunella modularis,/Users/justyna-przy/Projects/ISE/FYP/src/bird_data/raw/prunella_modularis/XC616864.mp3,46.0,49.0,-24.353687508966022,-40.0,species,Prunella modularis,Dunnock,0.5290456414222717,0.5290456414222717,species,1,rand_species,/Users/justyna-przy/Projects/ISE/FYP/src/bird_data/clips/species/prunella_modularis/XC616864__s46000__e49000.wav,
prunella_modularis,595074,Prunella modularis,/Users/justyna-przy/Projects/ISE/FYP/src/bird_data/raw/prunella_modularis/XC595074.mp3,7.0,10.0,-28.96704824568176,-37.69759722476826,drop,Alcedo atthis,Common Kingfisher,0.46616679430007935,0.46616679430007935,drop,0,,,
prunella_modularis,595074,Prunella modularis,/Users/justyna-przy/Projects/ISE/FYP/src/bird_data/raw/prunella_modularis/XC595074.mp3,10.0,13.0,-30.570271699905128,-37.69759722476826,drop,Alcedo atthis,Common Kingfisher,0.8957622051239014,0.8957622051239014,drop,0,,,
prunella_modularis,595074,Prunella modularis,/Users/justyna-przy/Projects/ISE/FYP/src/bird_data/raw/prunella_modularis/XC595074.mp3,13.0,16.0,-33.825079234991136,-37.69759722476826,species,Prunella modularis,Dunnock,0.9922692775726318,0.9922692775726318,species,1,rand_species,/Users/justyna-przy/Projects/ISE/FYP/src/bird_data/clips/species/prunella_modularis/XC595074__s13000__e16000.wav,
prunella_modularis,595074,Prunella modularis,/Users/justyna-przy/Projects/ISE/FYP/src/bird_data/raw/prunella_modularis/XC595074.mp3,16.0,19.0,-35.57060625093281,-37.69759722476826,species,Prunella modularis,Dunnock,0.9884030222892761,0.9884030222892761,species,1,rand_species,/Users/justyna-przy/Projects/ISE/FYP/src/bird_data/clips/species/prunella_modularis/XC595074__s16000__e19000.wav,
prunella_modularis,594759,Prunella modularis,/Users/justyna-przy/Projects/ISE/FYP/src/bird_data/raw/prunella_modularis/XC594759.mp3,1.0,4.0,-30.63562848028394,-38.56565117665927,species,Prunella modularis,Dunnock,0.9830676913261414,0.9830676913261414,species,1,rand_species,/Users/justyna-przy/Projects/ISE/FYP/src/bird_data/clips/species/prunella_modularis/XC594759__s1000__e4000.wav,
prunella_modularis,594759,Prunella modularis,/Users/justyna-przy/Projects/ISE/FYP/src/bird_data/raw/prunella_modularis/XC594759.mp3,4.0,7.0,-38.10189807234726,-38.56565117665927,species,Prunella modularis,Dunnock,0.885181725025177,0.885181725025177,species,1,rand_species,/Users/justyna-przy/Projects/ISE/FYP/src/bird_data/clips/species/prunella_modularis/XC594759__s4000__e7000.wav,
prunella_modularis,594759,Prunella modularis,/Users/justyna-przy/Projects/ISE/FYP/src/bird_data/raw/prunella_modularis/XC594759.mp3,10.0,13.0,-38.3517747764048,-38.56565117665927,species,Prunella modularis,Dunnock,0.7101323008537292,0.7101323008537292,species,1,rand_species,/Users/justyna-przy/Projects/ISE/FYP/src/bird_data/clips/species/prunella_modularis/XC594759__s10000__e13000.wav,
prunella_modularis,594545,Prunella modularis,/Users/justyna-przy/Projects/ISE/FYP/src/bird_data/raw/prunella_modularis/XC594545.mp3,1.0,4.0,-32.14162927210161,-40.0,species,Prunella modularis,Dunnock,0.8331863880157471,0.8331863880157471,species,1,rand_species,/Users/justyna-przy/Projects/ISE/FYP/src/bird_data/clips/species/prunella_modularis/XC594545__s1000__e4000.wav,
prunella_modularis,594545,Prunella modularis,/Users/justyna-przy/Projects/ISE/FYP/src/bird_data/raw/prunella_modularis/XC594545.mp3,4.0,7.0,-37.30893332809873,-40.0,species,Prunella modularis,Dunnock,0.6787218451499939,0.6787218451499939,species,1,rand_species,/Users/justyna-przy/Projects/ISE/FYP/src/bird_data/clips/species/prunella_modularis/XC594545__s4000__e7000.wav,
prunella_modularis,594545,Prunella modularis,/Users/justyna-przy/Projects/ISE/FYP/src/bird_data/raw/prunella_modularis/XC594545.mp3,7.0,10.0,-39.21814632355725,-40.0,species,Prunella modularis,Dunnock,0.9255032539367676,0.9255032539367676,species,1,rand_species,/Users/justyna-przy/Projects/ISE/FYP/src/bird_data/clips/species/prunella_modularis/XC594545__s7000__e10000.wav,
prunella_modularis,594411,Prunella modularis,/Users/justyna-przy/Projects/ISE/FYP/src/bird_data/raw/prunella_modularis/XC594411.mp3,1.0,4.0,-33.94129083343425,-38.144894549831534,species,Prunella modularis,Dunnock,0.972334623336792,0.972334623336792,species,1,rand_species,/Users/justyna-przy/Projects/ISE/FYP/src/bird_data/clips/species/prunella_modularis/XC594411__s1000__e4000.wav,
prunella_modularis,594411,Prunella modularis,/Users/justyna-przy/Projects/ISE/FYP/src/bird_data/raw/prunella_modularis/XC594411.mp3,4.0,7.0,-38.00297079299607,-38.144894549831534,drop,Pnoepyga pusilla,Pygmy Cupwing,0.542899489402771,0.542899489402771,drop,0,,,
prunella_modularis,594408,Prunella modularis,/Users/justyna-przy/Projects/ISE/FYP/src/bird_data/raw/prunella_modularis/XC594408.mp3,4.0,7.0,-39.61790174395158,-40.0,species,Prunella modularis,Dunnock,0.7757895588874817,0.7757895588874817,species,1,rand_species,/Users/justyna-przy/Projects/ISE/FYP/src/bird_data/clips/species/prunella_modularis/XC594408__s4000__e7000.wav,
prunella_modularis,594406,Prunella modularis,/Users/justyna-przy/Projects/ISE/FYP/src/bird_data/raw/prunella_modularis/XC594406.mp3,1.0,4.0,-35.407584817537575,-35.407584817537575,species,Prunella modularis,Dunnock,0.5714721083641052,0.5714721083641052,species,1,rand_species,/Users/justyna-przy/Projects/ISE/FYP/src/bird_data/clips/species/prunella_modularis/XC594406__s1000__e4000.wav,
prunella_modularis,594403,Prunella modularis,/Users/justyna-przy/Projects/ISE/FYP/src/bird_data/raw/prunella_modularis/XC594403.mp3,1.0,4.0,-45.48272824181887,-40.0,species,Prunella modularis,Dunnock,0.8750947713851929,0.8750947713851929,species,1,rand_species,/Users/justyna-przy/Projects/ISE/FYP/src/bird_data/clips/species/prunella_modularis/XC594403__s1000__e4000.wav,
prunella_modularis,594402,Prunella modularis,/Users/justyna-przy/Projects/ISE/FYP/src/bird_data/raw/prunella_modularis/XC594402.mp3,4.0,7.0,-39.5116717280398,-40.0,drop,Pnoepyga pusilla,Pygmy Cupwing,0.9044867157936096,0.9044867157936096,drop,0,,,
prunella_modularis,594399,Prunella modularis,/Users/justyna-przy/Projects/ISE/FYP/src/bird_data/raw/prunella_modularis/XC594399.mp3,1.0,4.0,-33.90190062360536,-37.55518338167122,species,Prunella modularis,Dunnock,0.5900363326072693,0.5900363326072693,species,1,rand_species,/Users/justyna-przy/Projects/ISE/FYP/src/bird_data/clips/species/prunella_modularis/XC594399__s1000__e4000.wav,
prunella_modularis,594397,Prunella modularis,/Users/justyna-przy/Projects/ISE/FYP/src/bird_data/raw/prunella_modularis/XC594397.mp3,1.0,4.0,-35.17771477168429,-35.653995452146816,species,Prunella modularis,Dunnock,0.9883512854576111,0.9883512854576111,species,1,rand_species,/Users/justyna-przy/Projects/ISE/FYP/src/bird_data/clips/species/prunella_modularis/XC594397__s1000__e4000.wav,
prunella_modularis,594397,Prunella modularis,/Users/justyna-przy/Projects/ISE/FYP/src/bird_data/raw/prunella_modularis/XC594397.mp3,4.0,7.0,-34.90226731006472,-35.653995452146816,species,Prunella modularis,Dunnock,0.9734998345375061,0.9734998345375061,species,1,rand_species,/Users/justyna-przy/Projects/ISE/FYP/src/bird_data/clips/species/prunella_modularis/XC594397__s4000__e7000.wav,
prunella_modularis,588651,Prunella modularis,/Users/justyna-przy/Projects/ISE/FYP/src/bird_data/raw/prunella_modularis/XC588651.mp3,1.0,4.0,-33.495339998442105,-40.0,species,Prunella modularis,Dunnock,0.9950863718986511,0.9950863718986511,species,0,,,
prunella_modularis,588651,Prunella modularis,/Users/justyna-przy/Projects/ISE/FYP/src/bird_data/raw/prunella_modularis/XC588651.mp3,4.0,7.0,-32.14155202077034,-40.0,species,Prunella modularis,Dunnock,0.9909325838088989,0.9909325838088989,species,1,rand_species,/Users/justyna-przy/Projects/ISE/FYP/src/bird_data/clips/species/prunella_modularis/XC588651__s4000__e7000.wav,
prunella_modularis,588651,Prunella modularis,/Users/justyna-przy/Projects/ISE/FYP/src/bird_data/raw/prunella_modularis/XC588651.mp3,16.0,19.0,-39.40653334055688,-40.0,species,Prunella modularis,Dunnock,0.9981583952903748,0.9981583952903748,species,0,,,
prunella_modularis,588651,Prunella modularis,/Users/justyna-przy/Projects/ISE/FYP/src/bird_data/raw/prunella_modularis/XC588651.mp3,19.0,22.0,-24.966826238227327,-40.0,species,Prunella modularis,Dunnock,0.9960022568702698,0.9960022568702698,species,0,,,
prunella_modularis,588651,Prunella modularis,/Users/justyna-przy/Projects/ISE/FYP/src/bird_data/raw/prunella_modularis/XC588651.mp3,22.0,25.0,-37.33367670505558,-40.0,species,Prunella modularis,Dunnock,0.9563375115394592,0.9563375115394592,species,1,rand_species,/Users/justyna-przy/Projects/ISE/FYP/src/bird_data/clips/species/prunella_modularis/XC588651__s22000__e25000.wav,
prunella_modularis,588651,Prunella modularis,/Users/justyna-przy/Projects/ISE/FYP/src/bird_data/raw/prunella_modularis/XC588651.mp3,25.0,28.0,-31.915776993940568,-40.0,species,Prunella modularis,Dunnock,0.9907103180885315,0.9907103180885315,species,0,,,
prunella_modularis,588651,Prunella modularis,/Users/justyna-przy/Projects/ISE/FYP/src/bird_data/raw/prunella_modularis/XC588651.mp3,40.0,43.0,-36.67440650135285,-40.0,species,Prunella modularis,Dunnock,0.9988545179367065,0.9988545179367065,species,0,,,
prunella_modularis,588651,Prunella modularis,/Users/justyna-przy/Projects/ISE/FYP/src/bird_data/raw/prunella_modularis/XC588651.mp3,46.0,49.0,-36.70006846703672,-40.0,species,Prunella modularis,Dunnock,0.9990789890289307,0.9990789890289307,species,0,,,
prunella_modularis,588651,Prunella modularis,/Users/justyna-przy/Projects/ISE/FYP/src/bird_data/raw/prunella_modularis/XC588651.mp3,52.0,55.0,-39.96124963264896,-40.0,species,Prunella modularis,Dunnock,0.9991868138313293,0.9991868138313293,species,1,rand_species,/Users/justyna-przy/Projects/ISE/FYP/src/bird_data/clips/species/prunella_modularis/XC588651__s52000__e55000.wav,
prunella_modularis,579435,Prunella modularis,/Users/justyna-przy/Projects/ISE/FYP/src/bird_data/raw/prunella_modularis/XC579435.mp3,1.0,4.0,-26.446302134816136,-26.446302134816136,species,Prunella modularis,Dunnock,0.997565746307373,0.997565746307373,species,1,rand_species,/Users/justyna-przy/Projects/ISE/FYP/src/bird_data/clips/species/prunella_modularis/XC579435__s1000__e4000.wav,
prunella_modularis,562689,Prunella modularis,/Users/justyna-przy/Projects/ISE/FYP/src/bird_data/raw/prunella_modularis/XC562689.mp3,1.0,4.0,-16.873232219833834,-33.913679175093606,species,Prunella modularis,Dunnock,0.9863389730453491,0.9863389730453491,species,1,rand_species,/Users/justyna-przy/Projects/ISE/FYP/src/bird_data/clips/species/prunella_modularis/XC562689__s1000__e4000.wav,
prunella_modularis,562689,Prunella modularis,/Users/justyna-przy/Projects/ISE/FYP/src/bird_data/raw/prunella_modularis/XC562689.mp3,4.0,7.0,-22.15467688343557,-33.913679175093606,species,Prunella modularis,Dunnock,0.6324928402900696,0.6324928402900696,species,1,rand_species,/Users/justyna-przy/Projects/ISE/FYP/src/bird_data/clips/species/prunella_modularis/XC562689__s4000__e7000.wav,
prunella_modularis,562689,Prunella modularis,/Users/justyna-przy/Projects/ISE/FYP/src/bird_data/raw/prunella_modularis/XC562689.mp3,7.0,10.0,-28.919331375086283,-33.913679175093606,non_bird,,,0.0,0.0,non_bird,1,nonbird_lowconf,/Users/justyna-przy/Projects/ISE/FYP/src/bird_data/clips/non_bird/prunella_modularis/XC562689__s7000__e10000.wav,
prunella_modularis,562689,Prunella modularis,/Users/justyna-przy/Projects/ISE/FYP/src/bird_data/raw/prunella_modularis/XC562689.mp3,10.0,13.0,-20.95666462119989,-33.913679175093606,species,Prunella modularis,Dunnock,0.9120523929595947,0.9120523929595947,species,0,,,
prunella_modularis,562689,Prunella modularis,/Users/justyna-przy/Projects/ISE/FYP/src/bird_data/raw/prunella_modularis/XC562689.mp3,16.0,19.0,-18.65260689822615,-33.913679175093606,species,Prunella modularis,Dunnock,0.9583855867385864,0.9583855867385864,species,1,rand_species,/Users/justyna-przy/Projects/ISE/FYP/src/bird_data/clips/species/prunella_modularis/XC562689__s16000__e19000.wav,
prunella_modularis,562689,Prunella modularis,/Users/justyna-przy/Projects/ISE/FYP/src/bird_data/raw/prunella_modularis/XC562689.mp3,25.0,28.0,-30.59704283805706,-33.913679175093606,species,Prunella modularis,Dunnock,0.9931427240371704,0.9931427240371704,species,0,,,
prunella_modularis,562688,Prunella modularis,/Users/justyna-przy/Projects/ISE/FYP/src/bird_data/raw/prunella_modularis/XC562688.mp3,1.0,4.0,-21.534574890782537,-32.36409070306582,species,Prunella modularis,Dunnock,0.9767613410949707,0.9767613410949707,species,1,rand_species,/Users/justyna-przy/Projects/ISE/FYP/src/bird_data/clips/species/prunella_modularis/XC562688__s1000__e4000.wav,
prunella_modularis,562688,Prunella modularis,/Users/justyna-przy/Projects/ISE/FYP/src/bird_data/raw/prunella_modularis/XC562688.mp3,7.0,10.0,-23.765142706893066,-32.36409070306582,species,Prunella modularis,Dunnock,0.9850218892097473,0.9850218892097473,species,0,,,
prunella_modularis,562688,Prunella modularis,/Users/justyna-przy/Projects/ISE/FYP/src/bird_data/raw/prunella_modularis/XC562688.mp3,10.0,13.0,-23.728166581939334,-32.36409070306582,species,Prunella modularis,Dunnock,0.9850996136665344,0.9850996136665344,species,0,,,
prunella_modularis,562688,Prunella modularis,/Users/justyna-przy/Projects/ISE/FYP/src/bird_data/raw/prunella_modularis/XC562688.mp3,13.0,16.0,-30.609022048332584,-32.36409070306582,species,Prunella modularis,Dunnock,0.4147658050060272,0.4147658050060272,species,0,,,
prunella_modularis,562688,Prunella modularis,/Users/justyna-przy/Projects/ISE/FYP/src/bird_data/raw/prunella_modularis/XC562688.mp3,22.0,25.0,-18.86248768577642,-32.36409070306582,species,Prunella modularis,Dunnock,0.9911949634552002,0.9911949634552002,species,0,,,
prunella_modularis,562688,Prunella modularis,/Users/justyna-przy/Projects/ISE/FYP/src/bird_data/raw/prunella_modularis/XC562688.mp3,28.0,31.0,-25.9881257688501,-32.36409070306582,species,Prunella modularis,Dunnock,0.9759975075721741,0.9759975075721741,species,0,,,
prunella_modularis,562688,Prunella modularis,/Users/justyna-przy/Projects/ISE/FYP/src/bird_data/raw/prunella_modularis/XC562688.mp3,31.0,34.0,-30.972309351290498,-32.36409070306582,species,Prunella modularis,Dunnock,0.9284806251525879,0.9284806251525879,species,0,,,
prunella_modularis,562688,Prunella modularis,/Users/justyna-przy/Projects/ISE/FYP/src/bird_data/raw/prunella_modularis/XC562688.mp3,34.0,37.0,-32.082435369698594,-32.36409070306582,species,Prunella modularis,Dunnock,0.8350516557693481,0.8350516557693481,species,0,,,
prunella_modularis,562688,Prunella modularis,/Users/justyna-przy/Projects/ISE/FYP/src/bird_data/raw/prunella_modularis/XC562688.mp3,37.0,40.0,-32.24785831618885,-32.36409070306582,species,Prunella modularis,Dunnock,0.638624370098114,0.638624370098114,species,1,rand_species,/Users/justyna-przy/Projects/ISE/FYP/src/bird_data/clips/species/prunella_modularis/XC562688__s37000__e40000.wav,
prunella_modularis,562688,Prunella modularis,/Users/justyna-przy/Projects/ISE/FYP/src/bird_data/raw/prunella_modularis/XC562688.mp3,40.0,43.0,-24.938709286801032,-32.36409070306582,species,Prunella modularis,Dunnock,0.6106688380241394,0.6106688380241394,species,1,rand_species,/Users/justyna-przy/Projects/ISE/FYP/src/bird_data/clips/species/prunella_modularis/XC562688__s40000__e43000.wav,
prunella_modularis,551733,Prunella modularis,/Users/justyna-przy/Projects/ISE/FYP/src/bird_data/raw/prunella_modularis/XC551733.mp3,1.0,4.0,-20.640655395874585,-39.57627327027642,species,Prunella modularis,Dunnock,0.9961013793945312,0.9961013793945312,species,1,rand_species,/Users/justyna-przy/Projects/ISE/FYP/src/bird_data/clips/species/prunella_modularis/XC551733__s1000__e4000.wav,
prunella_modularis,551733,Prunella modularis,/Users/justyna-przy/Projects/ISE/FYP/src/bird_data/raw/prunella_modularis/XC551733.mp3,7.0,10.0,-19.03343907621206,-39.57627327027642,species,Prunella modularis,Dunnock,0.9978712797164917,0.9978712797164917,species,1,rand_species,/Users/justyna-przy/Projects/ISE/FYP/src/bird_data/clips/species/prunella_modularis/XC551733__s7000__e10000.wav,
prunella_modularis,551733,Prunella modularis,/Users/justyna-przy/Projects/ISE/FYP/src/bird_data/raw/prunella_modularis/XC551733.mp3,13.0,16.0,-29.942343760022794,-39.57627327027642,species,Prunella modularis,Dunnock,0.9310945868492126,0.9310945868492126,species,0,,,
prunella_modularis,551733,Prunella modularis,/Users/justyna-przy/Projects/ISE/FYP/src/bird_data/raw/prunella_modularis/XC551733.mp3,16.0,19.0,-22.32853288759977,-39.57627327027642,species,Prunella modularis,Dunnock,0.9827097654342651,0.9827097654342651,species,1,rand_species,/Users/justyna-przy/Projects/ISE/FYP/src/bird_data/clips/species/prunella_modularis/XC551733__s16000__e19000.wav,
prunella_modularis,551733,Prunella modularis,/Users/justyna-przy/Projects/ISE/FYP/src/bird_data/raw/prunella_modularis/XC551733.mp3,22.0,25.0,-24.150053965802947,-39.57627327027642,species,Prunella modularis,Dunnock,0.9994989633560181,0.9994989633560181,species,0,,,
prunella_modularis,547351,Prunella modularis,/Users/justyna-przy/Projects/ISE/FYP/src/bird_data/raw/prunella_modularis/XC547351.mp3,1.0,4.0,-22.272845975125755,-34.37872654876448,species,Prunella modularis,Dunnock,0.9961144924163818,0.9961144924163818,species,0,,,
prunella_modularis,547351,Prunella modularis,/Users/justyna-przy/Projects/ISE/FYP/src/bird_data/raw/prunella_modularis/XC547351.mp3,4.0,7.0,-29.144628577847836,-34.37872654876448,species,Prunella modularis,Dunnock,0.8943567872047424,0.8943567872047424,species,0,,,
prunella_modularis,547351,Prunella modularis,/Users/justyna-przy/Projects/ISE/FYP/src/bird_data/raw/prunella_modularis/XC547351.mp3,7.0,10.0,-23.496637013671982,-34.37872654876448,species,Prunella modularis,Dunnock,0.9830847382545471,0.9830847382545471,species,0,,,
prunella_modularis,547351,Prunella modularis,/Users/justyna-przy/Projects/ISE/FYP/src/bird_data/raw/prunella_modularis/XC547351.mp3,10.0,13.0,-18.613669285621683,-34.37872654876448,species,Prunella modularis,Dunnock,0.9929637312889099,0.9929637312889099,species,0,,,
prunella_modularis,547351,Prunella modularis,/Users/justyna-przy/Projects/ISE/FYP/src/bird_data/raw/prunella_modularis/XC547351.mp3,16.0,19.0,-17.805846671925543,-34.37872654876448,species,Prunella modularis,Dunnock,0.9972493052482605,0.9972493052482605,species,0,,,
prunella_modularis,547351,Prunella modularis,/Users/justyna-przy/Projects/ISE/FYP/src/bird_data/raw/prunella_modularis/XC547351.mp3,22.0,25.0,-17.755821938437244,-34.37872654876448,species,Prunella modularis,Dunnock,0.9880716800689697,0.9880716800689697,species,1,rand_species,/Users/justyna-przy/Projects/ISE/FYP/src/bird_data/clips/species/prunella_modularis/XC547351__s22000__e25000.wav,
prunella_modularis,547351,Prunella modularis,/Users/justyna-przy/Projects/ISE/FYP/src/bird_data/raw/prunella_modularis/XC547351.mp3,25.0,28.0,-24.203772399953355,-34.37872654876448,species,Prunella modularis,Dunnock,0.9977614879608154,0.9977614879608154,species,1,rand_species,/Users/justyna-przy/Projects/ISE/FYP/src/bird_data/clips/species/prunella_modularis/XC547351__s25000__e28000.wav,
prunella_modularis,547351,Prunella modularis,/Users/justyna-przy/Projects/ISE/FYP/src/bird_data/raw/prunella_modularis/XC547351.mp3,28.0,31.0,-25.902617228667655,-34.37872654876448,species,Prunella modularis,Dunnock,0.9776372909545898,0.9776372909545898,species,1,rand_species,/Users/justyna-przy/Projects/ISE/FYP/src/bird_data/clips/species/prunella_modularis/XC547351__s28000__e31000.wav,
prunella_modularis,547351,Prunella modularis,/Users/justyna-przy/Projects/ISE/FYP/src/bird_data/raw/prunella_modularis/XC547351.mp3,31.0,34.0,-17.5183322068326,-34.37872654876448,species,Prunella modularis,Dunnock,0.9972219467163086,0.9972219467163086,species,0,,,
prunella_modularis,547351,Prunella modularis,/Users/justyna-przy/Projects/ISE/FYP/src/bird_data/raw/prunella_modularis/XC547351.mp3,37.0,40.0,-19.667663465496542,-34.37872654876448,species,Prunella modularis,Dunnock,0.990319013595581,0.990319013595581,species,0,,,
prunella_modularis,547351,Prunella modularis,/Users/justyna-przy/Projects/ISE/FYP/src/bird_data/raw/prunella_modularis/XC547351.mp3,43.0,46.0,-19.067033681066224,-34.37872654876448,species,Prunella modularis,Dunnock,0.9934949278831482,0.9934949278831482,species,0,,,
prunella_modularis,547351,Prunella modularis,/Users/justyna-przy/Projects/ISE/FYP/src/bird_data/raw/prunella_modularis/XC547351.mp3,49.0,52.0,-21.503723744817584,-34.37872654876448,species,Prunella modularis,Dunnock,0.9940770864486694,0.9940770864486694,species,0,,,
prunella_modularis,535399,Prunella modularis,/Users/justyna-przy/Projects/ISE/FYP/src/bird_data/raw/prunella_modularis/XC535399.mp3,1.0,4.0,-17.376232399155693,-31.422583733856655,species,Prunella modularis,Dunnock,0.9971181154251099,0.9971181154251099,species,1,rand_species,/Users/justyna-przy/Projects/ISE/FYP/src/bird_data/clips/species/prunella_modularis/XC535399__s1000__e4000.wav,
prunella_modularis,528667,Prunella modularis,/Users/justyna-przy/Projects/ISE/FYP/src/bird_data/raw/prunella_modularis/XC528667.mp3,1.0,4.0,-26.09726186139386,-40.0,species,Prunella modularis,Dunnock,0.98847496509552,0.98847496509552,species,0,,,
prunella_modularis,528667,Prunella modularis,/Users/justyna-przy/Projects/ISE/FYP/src/bird_data/raw/prunella_modularis/XC528667.mp3,7.0,10.0,-32.609471671252805,-40.0,species,Prunella modularis,Dunnock,0.9862703680992126,0.9862703680992126,species,1,rand_species,/Users/justyna-przy/Projects/ISE/FYP/src/bird_data/clips/species/prunella_modularis/XC528667__s7000__e10000.wav,
prunella_modularis,528667,Prunella modularis,/Users/justyna-przy/Projects/ISE/FYP/src/bird_data/raw/prunella_modularis/XC528667.mp3,10.0,13.0,-30.91743531405573,-40.0,species,Prunella modularis,Dunnock,0.8773965835571289,0.8773965835571289,species,0,,,
prunella_modularis,528667,Prunella modularis,/Users/justyna-przy/Projects/ISE/FYP/src/bird_data/raw/prunella_modularis/XC528667.mp3,13.0,16.0,-33.06990001963944,-40.0,species,Prunella modularis,Dunnock,0.8843438625335693,0.8843438625335693,species,1,rand_species,/Users/justyna-przy/Projects/ISE/FYP/src/bird_data/clips/species/prunella_modularis/XC528667__s13000__e16000.wav,
prunella_modularis,528667,Prunella modularis,/Users/justyna-przy/Projects/ISE/FYP/src/bird_data/raw/prunella_modularis/XC528667.mp3,16.0,19.0,-30.955808024555886,-40.0,species,Prunella modularis,Dunnock,0.9699497818946838,0.9699497818946838,species,0,,,
prunella_modularis,528667,Prunella modularis,/Users/justyna-przy/Projects/ISE/FYP/src/bird_data/raw/prunella_modularis/XC528667.mp3,22.0,25.0,-37.6632320371195,-40.0,species,Prunella modularis,Dunnock,0.9501115679740906,0.9501115679740906,species,1,rand_species,/Users/justyna-przy/Projects/ISE/FYP/src/bird_data/clips/species/prunella_modularis/XC528667__s22000__e25000.wav,
prunella_modularis,528667,Prunella modularis,/Users/justyna-przy/Projects/ISE/FYP/src/bird_data/raw/prunella_modularis/XC528667.mp3,28.0,31.0,-34.58517717495861,-40.0,species,Prunella modularis,Dunnock,0.7491315007209778,0.7491315007209778,species,0,,,
prunella_modularis,528667,Prunella modularis,/Users/justyna-przy/Projects/ISE/FYP/src/bird_data/raw/prunella_modularis/XC528667.mp3,34.0,37.0,-38.02261838484105,-40.0,species,Prunella modularis,Dunnock,0.9354890584945679,0.9354890584945679,species,0,,,
prunella_modularis,527434,Prunella modularis,/Users/justyna-przy/Projects/ISE/FYP/src/bird_data/raw/prunella_modularis/XC527434.mp3,1.0,4.0,-32.73483711076471,-40.0,drop,Prunella modularis,Dunnock,0.21538768708705902,0.21538768708705902,drop,0,,,
prunella_modularis,527434,Prunella modularis,/Users/justyna-przy/Projects/ISE/FYP/src/bird_data/raw/prunella_modularis/XC527434.mp3,10.0,13.0,-34.12022774902405,-40.0,drop,Prunella modularis,Dunnock,0.22244642674922943,0.22244642674922943,drop,0,,,
prunella_modularis,527434,Prunella modularis,/Users/justyna-przy/Projects/ISE/FYP/src/bird_data/raw/prunella_modularis/XC527434.mp3,13.0,16.0,-36.598417544234216,-40.0,species,Prunella modularis,Dunnock,0.8514589667320251,0.8514589667320251,species,1,rand_species,/Users/justyna-przy/Projects/ISE/FYP/src/bird_data/clips/species/prunella_modularis/XC527434__s13000__e16000.wav,
prunella_modularis,527434,Prunella modularis,/Users/justyna-przy/Projects/ISE/FYP/src/bird_data/raw/prunella_modularis/XC527434.mp3,16.0,19.0,-31.597193577467895,-40.0,species,Prunella modularis,Dunnock,0.7974641919136047,0.7974641919136047,species,1,rand_species,/Users/justyna-przy/Projects/ISE/FYP/src/bird_data/clips/species/prunella_modularis/XC527434__s16000__e19000.wav,
prunella_modularis,527434,Prunella modularis,/Users/justyna-przy/Projects/ISE/FYP/src/bird_data/raw/prunella_modularis/XC527434.mp3,19.0,22.0,-34.22185675556213,-40.0,species,Prunella modularis,Dunnock,0.9555434584617615,0.9555434584617615,species,1,rand_species,/Users/justyna-przy/Projects/ISE/FYP/src/bird_data/clips/species/prunella_modularis/XC527434__s19000__e22000.wav,
prunella_modularis,499120,Prunella modularis,/Users/justyna-przy/Projects/ISE/FYP/src/bird_data/raw/prunella_modularis/XC499120.mp3,1.0,4.0,-34.69550850589744,-34.69550850589744,species,Prunella modularis,Dunnock,0.9506859183311462,0.9506859183311462,species,1,rand_species,/Users/justyna-przy/Projects/ISE/FYP/src/bird_data/clips/species/prunella_modularis/XC499120__s1000__e4000.wav,
prunella_modularis,483787,Prunella modularis,/Users/justyna-przy/Projects/ISE/FYP/src/bird_data/raw/prunella_modularis/XC483787.mp3,1.0,4.0,-26.12169782550735,-40.0,species,Prunella modularis,Dunnock,0.9960823655128479,0.9960823655128479,species,1,rand_species,/Users/justyna-przy/Projects/ISE/FYP/src/bird_data/clips/species/prunella_modularis/XC483787__s1000__e4000.wav,
prunella_modularis,483787,Prunella modularis,/Users/justyna-przy/Projects/ISE/FYP/src/bird_data/raw/prunella_modularis/XC483787.mp3,4.0,7.0,-29.314947661504604,-40.0,species,Prunella modularis,Dunnock,0.9382563233375549,0.9382563233375549,species,1,rand_species,/Users/justyna-przy/Projects/ISE/FYP/src/bird_data/clips/species/prunella_modularis/XC483787__s4000__e7000.wav,
prunella_modularis,483787,Prunella modularis,/Users/justyna-przy/Projects/ISE/FYP/src/bird_data/raw/prunella_modularis/XC483787.mp3,10.0,13.0,-30.69413643362164,-40.0,species,Prunella modularis,Dunnock,0.9974294304847717,0.9974294304847717,species,1,rand_species,/Users/justyna-przy/Projects/ISE/FYP/src/bird_data/clips/species/prunella_modularis/XC483787__s10000__e13000.wav,
prunella_modularis,483787,Prunella modularis,/Users/justyna-przy/Projects/ISE/FYP/src/bird_data/raw/prunella_modularis/XC483787.mp3,16.0,19.0,-38.58772782910436,-40.0,species,Prunella modularis,Dunnock,0.9846127033233643,0.9846127033233643,species,0,,,
prunella_modularis,483786,Prunella modularis,/Users/justyna-przy/Projects/ISE/FYP/src/bird_data/raw/prunella_modularis/XC483786.mp3,1.0,4.0,-23.004858511549727,-40.0,species,Prunella modularis,Dunnock,0.9964749217033386,0.9964749217033386,species,1,rand_species,/Users/justyna-przy/Projects/ISE/FYP/src/bird_data/clips/species/prunella_modularis/XC483786__s1000__e4000.wav,
prunella_modularis,483786,Prunella modularis,/Users/justyna-przy/Projects/ISE/FYP/src/bird_data/raw/prunella_modularis/XC483786.mp3,4.0,7.0,-23.83567979312433,-40.0,species,Prunella modularis,Dunnock,0.9767978191375732,0.9767978191375732,species,0,,,
prunella_modularis,483786,Prunella modularis,/Users/justyna-przy/Projects/ISE/FYP/src/bird_data/raw/prunella_modularis/XC483786.mp3,10.0,13.0,-24.490013722253615,-40.0,species,Prunella modularis,Dunnock,0.9963185787200928,0.9963185787200928,species,0,,,
prunella_modularis,483786,Prunella modularis,/Users/justyna-przy/Projects/ISE/FYP/src/bird_data/raw/prunella_modularis/XC483786.mp3,13.0,16.0,-32.87393087104623,-40.0,species,Prunella modularis,Dunnock,0.33324456214904785,0.33324456214904785,species,1,rand_species,/Users/justyna-przy/Projects/ISE/FYP/src/bird_data/clips/species/prunella_modularis/XC483786__s13000__e16000.wav,
prunella_modularis,483786,Prunella modularis,/Users/justyna-przy/Projects/ISE/FYP/src/bird_data/raw/prunella_modularis/XC483786.mp3,19.0,22.0,-27.446038628707562,-40.0,species,Prunella modularis,Dunnock,0.9969255328178406,0.9969255328178406,species,1,rand_species,/Users/justyna-przy/Projects/ISE/FYP/src/bird_data/clips/species/prunella_modularis/XC483786__s19000__e22000.wav,
prunella_modularis,483786,Prunella modularis,/Users/justyna-przy/Projects/ISE/FYP/src/bird_data/raw/prunella_modularis/XC483786.mp3,25.0,28.0,-36.16075421437833,-40.0,species,Prunella modularis,Dunnock,0.998034656047821,0.998034656047821,species,0,,,
prunella_modularis,481333,Prunella modularis,/Users/justyna-przy/Projects/ISE/FYP/src/bird_data/raw/prunella_modularis/XC481333.mp3,1.0,4.0,-23.183781109265343,-40.0,species,Prunella modularis,Dunnock,0.98667973279953,0.98667973279953,species,1,rand_species,/Users/justyna-przy/Projects/ISE/FYP/src/bird_data/clips/species/prunella_modularis/XC481333__s1000__e4000.wav,
prunella_modularis,481333,Prunella modularis,/Users/justyna-przy/Projects/ISE/FYP/src/bird_data/raw/prunella_modularis/XC481333.mp3,10.0,13.0,-28.092748289894615,-40.0,species,Prunella modularis,Dunnock,0.9785686135292053,0.9785686135292053,species,0,,,
prunella_modularis,481333,Prunella modularis,/Users/justyna-przy/Projects/ISE/FYP/src/bird_data/raw/prunella_modularis/XC481333.mp3,13.0,16.0,-30.251035109826773,-40.0,species,Prunella modularis,Dunnock,0.967828631401062,0.967828631401062,species,1,rand_species,/Users/justyna-przy/Projects/ISE/FYP/src/bird_data/clips/species/prunella_modularis/XC481333__s13000__e16000.wav,
prunella_modularis,481333,Prunella modularis,/Users/justyna-przy/Projects/ISE/FYP/src/bird_data/raw/prunella_modularis/XC481333.mp3,22.0,25.0,-22.018282706424827,-40.0,species,Prunella modularis,Dunnock,0.9782423377037048,0.9782423377037048,species,0,,,
prunella_modularis,481333,Prunella modularis,/Users/justyna-przy/Projects/ISE/FYP/src/bird_data/raw/prunella_modularis/XC481333.mp3,25.0,28.0,-31.569872948889717,-40.0,drop,Motacilla flava,Western Yellow Wagtail,0.3975774645805359,0.3975774645805359,drop,0,,,
prunella_modularis,481333,Prunella modularis,/Users/justyna-przy/Projects/ISE/FYP/src/bird_data/raw/prunella_modularis/XC481333.mp3,31.0,34.0,-19.88542523059053,-40.0,species,Prunella modularis,Dunnock,0.9766206741333008,0.9766206741333008,species,0,,,
prunella_modularis,481333,Prunella modularis,/Users/justyna-przy/Projects/ISE/FYP/src/bird_data/raw/prunella_modularis/XC481333.mp3,40.0,43.0,-19.40591572928765,-40.0,species,Prunella modularis,Dunnock,0.994707465171814,0.994707465171814,species,1,rand_species,/Users/justyna-przy/Projects/ISE/FYP/src/bird_data/clips/species/prunella_modularis/XC481333__s40000__e43000.wav,
prunella_modularis,470435,Prunella modularis,/Users/justyna-przy/Projects/ISE/FYP/src/bird_data/raw/prunella_modularis/XC470435.mp3,1.0,4.0,-26.964714384118317,-35.49067511272526,species,Prunella modularis,Dunnock,0.9850028157234192,0.9850028157234192,species,0,,,
prunella_modularis,470435,Prunella modularis,/Users/justyna-przy/Projects/ISE/FYP/src/bird_data/raw/prunella_modularis/XC470435.mp3,7.0,10.0,-24.828171827755796,-35.49067511272526,species,Prunella modularis,Dunnock,0.9985117316246033,0.9985117316246033,species,1,rand_species,/Users/justyna-przy/Projects/ISE/FYP/src/bird_data/clips/species/prunella_modularis/XC470435__s7000__e10000.wav,
prunella_modularis,470435,Prunella modularis,/Users/justyna-przy/Projects/ISE/FYP/src/bird_data/raw/prunella_modularis/XC470435.mp3,13.0,16.0,-34.88648258241072,-35.49067511272526,species,Prunella modularis,Dunnock,0.4546603560447693,0.4546603560447693,species,0,,,
prunella_modularis,470435,Prunella modularis,/Users/justyna-przy/Projects/ISE/FYP/src/bird_data/raw/prunella_modularis/XC470435.mp3,16.0,19.0,-25.673136168994844,-35.49067511272526,species,Prunella modularis,Dunnock,0.9924182891845703,0.9924182891845703,species,1,rand_species,/Users/justyna-przy/Projects/ISE/FYP/src/bird_data/clips/species/prunella_modularis/XC470435__s16000__e19000.wav,
prunella_modularis,470435,Prunella modularis,/Users/justyna-przy/Projects/ISE/FYP/src/bird_data/raw/prunella_modularis/XC470435.mp3,22.0,25.0,-24.930478746109443,-35.49067511272526,species,Prunella modularis,Dunnock,0.9960920214653015,0.9960920214653015,species,0,,,
prunella_modularis,470435,Prunella modularis,/Users/justyna-przy/Projects/ISE/FYP/src/bird_data/raw/prunella_modularis/XC470435.mp3,28.0,31.0,-24.48481071773613,-35.49067511272526,species,Prunella modularis,Dunnock,0.9918640851974487,0.9918640851974487,species,0,,,
prunella_modularis,470435,Prunella modularis,/Users/justyna-przy/Projects/ISE/FYP/src/bird_data/raw/prunella_modularis/XC470435.mp3,31.0,34.0,-29.731574334662255,-35.49067511272526,species,Prunella modularis,Dunnock,0.8386352062225342,0.8386352062225342,species,0,,,
prunella_modularis,470435,Prunella modularis,/Users/justyna-przy/Projects/ISE/FYP/src/bird_data/raw/prunella_modularis/XC470435.mp3,34.0,37.0,-31.50227068546585,-35.49067511272526,species,Prunella modularis,Dunnock,0.9786054491996765,0.9786054491996765,species,1,rand_species,/Users/justyna-przy/Projects/ISE/FYP/src/bird_data/clips/species/prunella_modularis/XC470435__s34000__e37000.wav,
prunella_modularis,470435,Prunella modularis,/Users/justyna-przy/Projects/ISE/FYP/src/bird_data/raw/prunella_modularis/XC470435.mp3,37.0,40.0,-31.180063564335644,-35.49067511272526,species,Prunella modularis,Dunnock,0.9981821775436401,0.9981821775436401,species,0,,,
prunella_modularis,470435,Prunella modularis,/Users/justyna-przy/Projects/ISE/FYP/src/bird_data/raw/prunella_modularis/XC470435.mp3,40.0,43.0,-30.955847432602653,-35.49067511272526,species,Prunella modularis,Dunnock,0.7982447743415833,0.7982447743415833,species,0,,,
prunella_modularis,470432,Prunella modularis,/Users/justyna-przy/Projects/ISE/FYP/src/bird_data/raw/prunella_modularis/XC470432.mp3,1.0,4.0,-27.861324844971573,-40.0,species,Prunella modularis,Dunnock,0.9941390752792358,0.9941390752792358,species,0,,,
prunella_modularis,470432,Prunella modularis,/Users/justyna-przy/Projects/ISE/FYP/src/bird_data/raw/prunella_modularis/XC470432.mp3,7.0,10.0,-31.39545412971444,-40.0,species,Prunella modularis,Dunnock,0.9712472558021545,0.9712472558021545,species,1,rand_species,/Users/justyna-przy/Projects/ISE/FYP/src/bird_data/clips/species/prunella_modularis/XC470432__s7000__e10000.wav,
prunella_modularis,470432,Prunella modularis,/Users/justyna-przy/Projects/ISE/FYP/src/bird_data/raw/prunella_modularis/XC470432.mp3,10.0,13.0,-28.45194830664954,-40.0,species,Prunella modularis,Dunnock,0.9462317824363708,0.9462317824363708,species,1,rand_species,/Users/justyna-przy/Projects/ISE/FYP/src/bird_data/clips/species/prunella_modularis/XC470432__s10000__e13000.wav,
prunella_modularis,470432,Prunella modularis,/Users/justyna-przy/Projects/ISE/FYP/src/bird_data/raw/prunella_modularis/XC470432.mp3,19.0,22.0,-22.979763399768167,-40.0,species,Prunella modularis,Dunnock,0.9863063097000122,0.9863063097000122,species,0,,,
prunella_modularis,470432,Prunella modularis,/Users/justyna-przy/Projects/ISE/FYP/src/bird_data/raw/prunella_modularis/XC470432.mp3,28.0,31.0,-25.532917912865784,-40.0,species,Prunella modularis,Dunnock,0.9389637112617493,0.9389637112617493,species,1,rand_species,/Users/justyna-przy/Projects/ISE/FYP/src/bird_data/clips/species/prunella_modularis/XC470432__s28000__e31000.wav,
prunella_modularis,470432,Prunella modularis,/Users/justyna-przy/Projects/ISE/FYP/src/bird_data/raw/prunella_modularis/XC470432.mp3,37.0,40.0,-27.05596569540422,-40.0,species,Prunella modularis,Dunnock,0.5577003359794617,0.5577003359794617,species,0,,,
prunella_modularis,464498,Prunella modularis,/Users/justyna-przy/Projects/ISE/FYP/src/bird_data/raw/prunella_modularis/XC464498.mp3,4.0,7.0,-18.444346903020346,-30.235913473610275,species,Prunella modularis,Dunnock,0.9133650064468384,0.9133650064468384,species,1,rand_species,/Users/justyna-przy/Projects/ISE/FYP/src/bird_data/clips/species/prunella_modularis/XC464498__s4000__e7000.wav,
prunella_modularis,462029,Prunella modularis,/Users/justyna-przy/Projects/ISE/FYP/src/bird_data/raw/prunella_modularis/XC462029.mp3,1.0,4.0,-14.444599155862445,-22.786199742342117,species,Prunella modularis,Dunnock,0.9935742020606995,0.9935742020606995,species,0,,,
prunella_modularis,462029,Prunella modularis,/Users/justyna-przy/Projects/ISE/FYP/src/bird_data/raw/prunella_modularis/XC462029.mp3,7.0,10.0,-17.827589897511896,-22.786199742342117,species,Prunella modularis,Dunnock,0.9838805794715881,0.9838805794715881,species,1,rand_species,/Users/justyna-przy/Projects/ISE/FYP/src/bird_data/clips/species/prunella_modularis/XC462029__s7000__e10000.wav,
prunella_modularis,462029,Prunella modularis,/Users/justyna-przy/Projects/ISE/FYP/src/bird_data/raw/prunella_modularis/XC462029.mp3,13.0,16.0,-18.19003911639998,-22.786199742342117,species,Prunella modularis,Dunnock,0.9917386174201965,0.9917386174201965,species,1,rand_species,/Users/justyna-przy/Projects/ISE/FYP/src/bird_data/clips/species/prunella_modularis/XC462029__s13000__e16000.wav,
prunella_modularis,462029,Prunella modularis,/Users/justyna-przy/Projects/ISE/FYP/src/bird_data/raw/prunella_modularis/XC462029.mp3,19.0,22.0,-22.224163411803133,-22.786199742342117,species,Prunella modularis,Dunnock,0.9878420829772949,0.9878420829772949,species,1,rand_species,/Users/justyna-przy/Projects/ISE/FYP/src/bird_data/clips/species/prunella_modularis/XC462029__s19000__e22000.wav,
prunella_modularis,462029,Prunella modularis,/Users/justyna-przy/Projects/ISE/FYP/src/bird_data/raw/prunella_modularis/XC462029.mp3,22.0,25.0,-20.802767299692064,-22.786199742342117,species,Prunella modularis,Dunnock,0.9955986738204956,0.9955986738204956,species,0,,,
prunella_modularis,462029,Prunella modularis,/Users/justyna-przy/Projects/ISE/FYP/src/bird_data/raw/prunella_modularis/XC462029.mp3,25.0,28.0,-19.93926933300655,-22.786199742342117,species,Prunella modularis,Dunnock,0.9762799143791199,0.9762799143791199,species,0,,,
prunella_modularis,454684,Prunella modularis,/Users/justyna-przy/Projects/ISE/FYP/src/bird_data/raw/prunella_modularis/XC454684.mp3,1.0,4.0,-17.832611657988352,-40.0,species,Prunella modularis,Dunnock,0.9981693029403687,0.9981693029403687,species,1,rand_species,/Users/justyna-przy/Projects/ISE/FYP/src/bird_data/clips/species/prunella_modularis/XC454684__s1000__e4000.wav,
prunella_modularis,454684,Prunella modularis,/Users/justyna-przy/Projects/ISE/FYP/src/bird_data/raw/prunella_modularis/XC454684.mp3,13.0,16.0,-24.06556316664139,-40.0,species,Prunella modularis,Dunnock,0.8752363920211792,0.8752363920211792,species,0,,,
prunella_modularis,454684,Prunella modularis,/Users/justyna-przy/Projects/ISE/FYP/src/bird_data/raw/prunella_modularis/XC454684.mp3,25.0,28.0,-18.62507725813305,-40.0,species,Prunella modularis,Dunnock,0.9985315799713135,0.9985315799713135,species,1,rand_species,/Users/justyna-przy/Projects/ISE/FYP/src/bird_data/clips/species/prunella_modularis/XC454684__s25000__e28000.wav,
prunella_modularis,454684,Prunella modularis,/Users/justyna-przy/Projects/ISE/FYP/src/bird_data/raw/prunella_modularis/XC454684.mp3,31.0,34.0,-20.747806971397132,-40.0,species,Prunella modularis,Dunnock,0.988378643989563,0.988378643989563,species,1,rand_species,/Users/justyna-przy/Projects/ISE/FYP/src/bird_data/clips/species/prunella_modularis/XC454684__s31000__e34000.wav,
prunella_modularis,434107,Prunella modularis,/Users/justyna-przy/Projects/ISE/FYP/src/bird_data/raw/prunella_modularis/XC434107.mp3,7.0,10.0,-37.869645865664374,-40.0,species,Prunella modularis,Dunnock,0.9966070652008057,0.9966070652008057,species,0,,,
prunella_modularis,434107,Prunella modularis,/Users/justyna-przy/Projects/ISE/FYP/src/bird_data/raw/prunella_modularis/XC434107.mp3,10.0,13.0,-39.26296140163558,-40.0,species,Prunella modularis,Dunnock,0.9984423518180847,0.9984423518180847,species,1,rand_species,/Users/justyna-przy/Projects/ISE/FYP/src/bird_data/clips/species/prunella_modularis/XC434107__s10000__e13000.wav,
prunella_modularis,434107,Prunella modularis,/Users/justyna-przy/Projects/ISE/FYP/src/bird_data/raw/prunella_modularis/XC434107.mp3,16.0,19.0,-37.78291572027784,-40.0,species,Prunella modularis,Dunnock,0.9984526634216309,0.9984526634216309,species,1,rand_species,/Users/justyna-przy/Projects/ISE/FYP/src/bird_data/clips/species/prunella_modularis/XC434107__s16000__e19000.wav,
prunella_modularis,434107,Prunella modularis,/Users/justyna-przy/Projects/ISE/FYP/src/bird_data/raw/prunella_modularis/XC434107.mp3,19.0,22.0,-38.17016744016237,-40.0,species,Prunella modularis,Dunnock,0.8590354919433594,0.8590354919433594,species,1,rand_species,/Users/justyna-przy/Projects/ISE/FYP/src/bird_data/clips/species/prunella_modularis/XC434107__s19000__e22000.wav,
prunella_modularis,420704,Prunella modularis,/Users/justyna-przy/Projects/ISE/FYP/src/bird_data/raw/prunella_modularis/XC420704.mp3,1.0,4.0,-23.004858511549727,-40.0,species,Prunella modularis,Dunnock,0.9964749217033386,0.9964749217033386,species,1,rand_species,/Users/justyna-przy/Projects/ISE/FYP/src/bird_data/clips/species/prunella_modularis/XC420704__s1000__e4000.wav,
prunella_modularis,420704,Prunella modularis,/Users/justyna-przy/Projects/ISE/FYP/src/bird_data/raw/prunella_modularis/XC420704.mp3,4.0,7.0,-23.83567979312433,-40.0,species,Prunella modularis,Dunnock,0.9767978191375732,0.9767978191375732,species,1,rand_species,/Users/justyna-przy/Projects/ISE/FYP/src/bird_data/clips/species/prunella_modularis/XC420704__s4000__e7000.wav,
prunella_modularis,420704,Prunella modularis,/Users/justyna-przy/Projects/ISE/FYP/src/bird_data/raw/prunella_modularis/XC420704.mp3,10.0,13.0,-24.490013722253615,-40.0,species,Prunella modularis,Dunnock,0.9963185787200928,0.9963185787200928,species,0,,,
prunella_modularis,420704,Prunella modularis,/Users/justyna-przy/Projects/ISE/FYP/src/bird_data/raw/prunella_modularis/XC420704.mp3,13.0,16.0,-32.87393087104623,-40.0,species,Prunella modularis,Dunnock,0.33324456214904785,0.33324456214904785,species,0,,,
prunella_modularis,420704,Prunella modularis,/Users/justyna-przy/Projects/ISE/FYP/src/bird_data/raw/prunella_modularis/XC420704.mp3,19.0,22.0,-27.446038628707562,-40.0,species,Prunella modularis,Dunnock,0.9969255328178406,0.9969255328178406,species,1,rand_species,/Users/justyna-przy/Projects/ISE/FYP/src/bird_data/clips/species/prunella_modularis/XC420704__s19000__e22000.wav,
prunella_modularis,420704,Prunella modularis,/Users/justyna-przy/Projects/ISE/FYP/src/bird_data/raw/prunella_modularis/XC420704.mp3,25.0,28.0,-36.16075421437833,-40.0,species,Prunella modularis,Dunnock,0.998034656047821,0.998034656047821,species,0,,,
prunella_modularis,410877,Prunella modularis,/Users/justyna-przy/Projects/ISE/FYP/src/bird_data/raw/prunella_modularis/XC410877.mp3,1.0,4.0,-35.95451617434145,-40.0,species,Prunella modularis,Dunnock,0.9258642792701721,0.9258642792701721,species,0,,,
prunella_modularis,410877,Prunella modularis,/Users/justyna-przy/Projects/ISE/FYP/src/bird_data/raw/prunella_modularis/XC410877.mp3,4.0,7.0,-32.5069628369004,-40.0,species,Prunella modularis,Dunnock,0.9908304214477539,0.9908304214477539,species,0,,,
prunella_modularis,410877,Prunella modularis,/Users/justyna-przy/Projects/ISE/FYP/src/bird_data/raw/prunella_modularis/XC410877.mp3,10.0,13.0,-39.055694177974146,-40.0,drop,Prunella modularis,Dunnock,0.28759482502937317,0.28759482502937317,drop,0,,,
prunella_modularis,410877,Prunella modularis,/Users/justyna-przy/Projects/ISE/FYP/src/bird_data/raw/prunella_modularis/XC410877.mp3,13.0,16.0,-33.73462882387073,-40.0,species,Prunella modularis,Dunnock,0.9886717796325684,0.9886717796325684,species,1,rand_species,/Users/justyna-przy/Projects/ISE/FYP/src/bird_data/clips/species/prunella_modularis/XC410877__s13000__e16000.wav,
prunella_modularis,410877,Prunella modularis,/Users/justyna-przy/Projects/ISE/FYP/src/bird_data/raw/prunella_modularis/XC410877.mp3,19.0,22.0,-34.99555117105543,-40.0,species,Prunella modularis,Dunnock,0.9759759306907654,0.9759759306907654,species,1,rand_species,/Users/justyna-przy/Projects/ISE/FYP/src/bird_data/clips/species/prunella_modularis/XC410877__s19000__e22000.wav,
prunella_modularis,410877,Prunella modularis,/Users/justyna-przy/Projects/ISE/FYP/src/bird_data/raw/prunella_modularis/XC410877.mp3,25.0,28.0,-35.84983135946733,-40.0,species,Prunella modularis,Dunnock,0.9790599346160889,0.9790599346160889,species,0,,,
prunella_modularis,410877,Prunella modularis,/Users/justyna-przy/Projects/ISE/FYP/src/bird_data/raw/prunella_modularis/XC410877.mp3,34.0,37.0,-35.94888514715614,-40.0,species,Prunella modularis,Dunnock,0.98799729347229,0.98799729347229,species,0,,,
prunella_modularis,410877,Prunella modularis,/Users/justyna-przy/Projects/ISE/FYP/src/bird_data/raw/prunella_modularis/XC410877.mp3,43.0,46.0,-36.87438539482632,-40.0,species,Prunella modularis,Dunnock,0.9935570359230042,0.9935570359230042,species,1,rand_species,/Users/justyna-przy/Projects/ISE/FYP/src/bird_data/clips/species/prunella_modularis/XC410877__s43000__e46000.wav,
prunella_modularis,408901,Prunella modularis,/Users/justyna-przy/Projects/ISE/FYP/src/bird_data/raw/prunella_modularis/XC408901.mp3,1.0,4.0,-23.23735002517537,-25.370190972090214,species,Prunella modularis,Dunnock,0.9721927642822266,0.9721927642822266,species,1,rand_species,/Users/justyna-przy/Projects/ISE/FYP/src/bird_data/clips/species/prunella_modularis/XC408901__s1000__e4000.wav,
prunella_modularis,408901,Prunella modularis,/Users/justyna-przy/Projects/ISE/FYP/src/bird_data/raw/prunella_modularis/XC408901.mp3,4.0,7.0,-20.91217883066177,-25.370190972090214,species,Prunella modularis,Dunnock,0.9783429503440857,0.9783429503440857,species,1,rand_species,/Users/justyna-przy/Projects/ISE/FYP/src/bird_data/clips/species/prunella_modularis/XC408901__s4000__e7000.wav,
prunella_modularis,384476,Prunella modularis,/Users/justyna-przy/Projects/ISE/FYP/src/bird_data/raw/prunella_modularis/XC384476.mp3,1.0,4.0,-21.497251083173996,-40.0,species,Prunella modularis,Dunnock,0.9985663294792175,0.9985663294792175,species,1,rand_species,/Users/justyna-przy/Projects/ISE/FYP/src/bird_data/clips/species/prunella_modularis/XC384476__s1000__e4000.wav,
prunella_modularis,384476,Prunella modularis,/Users/justyna-przy/Projects/ISE/FYP/src/bird_data/raw/prunella_modularis/XC384476.mp3,4.0,7.0,-25.095493774141776,-40.0,species,Prunella modularis,Dunnock,0.9853217601776123,0.9853217601776123,species,1,rand_species,/Users/justyna-przy/Projects/ISE/FYP/src/bird_data/clips/species/prunella_modularis/XC384476__s4000__e7000.wav,
prunella_modularis,384476,Prunella modularis,/Users/justyna-przy/Projects/ISE/FYP/src/bird_data/raw/prunella_modularis/XC384476.mp3,10.0,13.0,-20.436991863909064,-40.0,species,Prunella modularis,Dunnock,0.9948623776435852,0.9948623776435852,species,0,,,
prunella_modularis,384476,Prunella modularis,/Users/justyna-przy/Projects/ISE/FYP/src/bird_data/raw/prunella_modularis/XC384476.mp3,13.0,16.0,-22.313303426262323,-40.0,species,Prunella modularis,Dunnock,0.9709277749061584,0.9709277749061584,species,0,,,
prunella_modularis,384476,Prunella modularis,/Users/justyna-przy/Projects/ISE/FYP/src/bird_data/raw/prunella_modularis/XC384476.mp3,25.0,28.0,-18.560884638328158,-40.0,species,Prunella modularis,Dunnock,0.9996551275253296,0.9996551275253296,species,1,rand_species,/Users/justyna-przy/Projects/ISE/FYP/src/bird_data/clips/species/prunella_modularis/XC384476__s25000__e28000.wav,
prunella_modularis,383539,Prunella modularis,/Users/justyna-przy/Projects/ISE/FYP/src/bird_data/raw/prunella_modularis/XC383539.mp3,4.0,7.0,-26.62017773600467,-29.0661032677142,species,Prunella modularis,Dunnock,0.7737887501716614,0.7737887501716614,species,1,rand_species,/Users/justyna-przy/Projects/ISE/FYP/src/bird_data/clips/species/prunella_modularis/XC383539__s4000__e7000.wav,
prunella_modularis,383539,Prunella modularis,/Users/justyna-przy/Projects/ISE/FYP/src/bird_data/raw/prunella_modularis/XC383539.mp3,10.0,13.0,-27.99337993749177,-29.0661032677142,species,Prunella modularis,Dunnock,0.9164766669273376,0.9164766669273376,species,1,rand_species,/Users/justyna-przy/Projects/ISE/FYP/src/bird_data/clips/species/prunella_modularis/XC383539__s10000__e13000.wav,
prunella_modularis,383539,Prunella modularis,/Users/justyna-przy/Projects/ISE/FYP/src/bird_data/raw/prunella_modularis/XC383539.mp3,13.0,16.0,-26.57566964827254,-29.0661032677142,drop,Alcedo atthis,Common Kingfisher,0.6173115968704224,0.6173115968704224,drop,0,,,
prunella_modularis,383539,Prunella modularis,/Users/justyna-przy/Projects/ISE/FYP/src/bird_data/raw/prunella_modularis/XC383539.mp3,16.0,19.0,-25.871206457275015,-29.0661032677142,drop,Pnoepyga pusilla,Pygmy Cupwing,0.8453962802886963,0.8453962802886963,drop,0,,,
prunella_modularis,383539,Prunella modularis,/Users/justyna-przy/Projects/ISE/FYP/src/bird_data/raw/prunella_modularis/XC383539.mp3,19.0,22.0,-28.178147643086064,-29.0661032677142,drop,Pnoepyga pusilla,Pygmy Cupwing,0.7782117128372192,0.7782117128372192,drop,0,,,
prunella_modularis,383539,Prunella modularis,/Users/justyna-przy/Projects/ISE/FYP/src/bird_data/raw/prunella_modularis/XC383539.mp3,22.0,25.0,-28.877793633171276,-29.0661032677142,species,Prunella modularis,Dunnock,0.7429711818695068,0.7429711818695068,species,0,,,
prunella_modularis,383539,Prunella modularis,/Users/justyna-przy/Projects/ISE/FYP/src/bird_data/raw/prunella_modularis/XC383539.mp3,28.0,31.0,-28.77219663787023,-29.0661032677142,species,Prunella modularis,Dunnock,0.3229617476463318,0.3229617476463318,species,1,rand_species,/Users/justyna-przy/Projects/ISE/FYP/src/bird_data/clips/species/prunella_modularis/XC383539__s28000__e31000.wav,
prunella_modularis,383539,Prunella modularis,/Users/justyna-przy/Projects/ISE/FYP/src/bird_data/raw/prunella_modularis/XC383539.mp3,34.0,37.0,-26.826862306606714,-29.0661032677142,species,Prunella modularis,Dunnock,0.642666220664978,0.642666220664978,species,0,,,
prunella_modularis,383539,Prunella modularis,/Users/justyna-przy/Projects/ISE/FYP/src/bird_data/raw/prunella_modularis/XC383539.mp3,37.0,40.0,-27.288231572873304,-29.0661032677142,drop,Alcedo atthis,Common Kingfisher,0.8016366362571716,0.8016366362571716,drop,0,,,
prunella_modularis,383539,Prunella modularis,/Users/justyna-przy/Projects/ISE/FYP/src/bird_data/raw/prunella_modularis/XC383539.mp3,40.0,43.0,-27.15432236145965,-29.0661032677142,drop,Pnoepyga pusilla,Pygmy Cupwing,0.8426085710525513,0.8426085710525513,drop,0,,,
prunella_modularis,374616,Prunella modularis,/Users/justyna-przy/Projects/ISE/FYP/src/bird_data/raw/prunella_modularis/XC374616.mp3,1.0,4.0,-24.538423520117085,-39.36305201813481,species,Prunella modularis,Dunnock,0.9926066398620605,0.9926066398620605,species,1,rand_species,/Users/justyna-przy/Projects/ISE/FYP/src/bird_data/clips/species/prunella_modularis/XC374616__s1000__e4000.wav,
prunella_modularis,374616,Prunella modularis,/Users/justyna-przy/Projects/ISE/FYP/src/bird_data/raw/prunella_modularis/XC374616.mp3,7.0,10.0,-22.71799953919249,-39.36305201813481,species,Prunella modularis,Dunnock,0.9991450309753418,0.9991450309753418,species,1,rand_species,/Users/justyna-przy/Projects/ISE/FYP/src/bird_data/clips/species/prunella_modularis/XC374616__s7000__e10000.wav,
prunella_modularis,374616,Prunella modularis,/Users/justyna-przy/Projects/ISE/FYP/src/bird_data/raw/prunella_modularis/XC374616.mp3,10.0,13.0,-25.34812993381824,-39.36305201813481,species,Prunella modularis,Dunnock,0.9974564909934998,0.9974564909934998,species,0,,,
prunella_modularis,374616,Prunella modularis,/Users/justyna-przy/Projects/ISE/FYP/src/bird_data/raw/prunella_modularis/XC374616.mp3,16.0,19.0,-22.735016410926345,-39.36305201813481,species,Prunella modularis,Dunnock,0.9996695518493652,0.9996695518493652,species,1,rand_species,/Users/justyna-przy/Projects/ISE/FYP/src/bird_data/clips/species/prunella_modularis/XC374616__s16000__e19000.wav,
prunella_modularis,374616,Prunella modularis,/Users/justyna-przy/Projects/ISE/FYP/src/bird_data/raw/prunella_modularis/XC374616.mp3,22.0,25.0,-32.70584663835248,-39.36305201813481,species,Prunella modularis,Dunnock,0.9110892415046692,0.9110892415046692,species,0,,,
prunella_modularis,374616,Prunella modularis,/Users/justyna-przy/Projects/ISE/FYP/src/bird_data/raw/prunella_modularis/XC374616.mp3,25.0,28.0,-24.700370909468276,-39.36305201813481,species,Prunella modularis,Dunnock,0.9852399826049805,0.9852399826049805,species,0,,,
prunella_modularis,363574,Prunella modularis,/Users/justyna-przy/Projects/ISE/FYP/src/bird_data/raw/prunella_modularis/XC363574.mp3,1.0,4.0,-18.835086006174542,-37.61970659296834,species,Prunella modularis,Dunnock,0.997338593006134,0.997338593006134,species,1,rand_species,/Users/justyna-przy/Projects/ISE/FYP/src/bird_data/clips/species/prunella_modularis/XC363574__s1000__e4000.wav,
prunella_modularis,363574,Prunella modularis,/Users/justyna-przy/Projects/ISE/FYP/src/bird_data/raw/prunella_modularis/XC363574.mp3,7.0,10.0,-17.08085038929008,-37.61970659296834,species,Prunella modularis,Dunnock,0.9984240531921387,0.9984240531921387,species,0,,,
prunella_modularis,363574,Prunella modularis,/Users/justyna-przy/Projects/ISE/FYP/src/bird_data/raw/prunella_modularis/XC363574.mp3,10.0,13.0,-34.79975154062811,-37.61970659296834,species,Prunella modularis,Dunnock,0.44185397028923035,0.44185397028923035,species,0,,,
prunella_modularis,363574,Prunella modularis,/Users/justyna-przy/Projects/ISE/FYP/src/bird_data/raw/prunella_modularis/XC363574.mp3,13.0,16.0,-28.697640265858006,-37.61970659296834,species,Prunella modularis,Dunnock,0.9603700637817383,0.9603700637817383,species,0,,,
prunella_modularis,363574,Prunella modularis,/Users/justyna-przy/Projects/ISE/FYP/src/bird_data/raw/prunella_modularis/XC363574.mp3,16.0,19.0,-21.173022076416693,-37.61970659296834,species,Prunella modularis,Dunnock,0.9954859614372253,0.9954859614372253,species,0,,,
prunella_modularis,363574,Prunella modularis,/Users/justyna-przy/Projects/ISE/FYP/src/bird_data/raw/prunella_modularis/XC363574.mp3,22.0,25.0,-29.181948698949395,-37.61970659296834,species,Prunella modularis,Dunnock,0.9901760220527649,0.9901760220527649,species,1,rand_species,/Users/justyna-przy/Projects/ISE/FYP/src/bird_data/clips/species/prunella_modularis/XC363574__s22000__e25000.wav,
prunella_modularis,363574,Prunella modularis,/Users/justyna-przy/Projects/ISE/FYP/src/bird_data/raw/prunella_modularis/XC363574.mp3,28.0,31.0,-22.29657210818995,-37.61970659296834,species,Prunella modularis,Dunnock,0.9969136714935303,0.9969136714935303,species,1,rand_species,/Users/justyna-przy/Projects/ISE/FYP/src/bird_data/clips/species/prunella_modularis/XC363574__s28000__e31000.wav,
prunella_modularis,363574,Prunella modularis,/Users/justyna-przy/Projects/ISE/FYP/src/bird_data/raw/prunella_modularis/XC363574.mp3,34.0,37.0,-29.98259019972182,-37.61970659296834,species,Prunella modularis,Dunnock,0.9955896139144897,0.9955896139144897,species,0,,,
prunella_modularis,352357,Prunella modularis,/Users/justyna-przy/Projects/ISE/FYP/src/bird_data/raw/prunella_modularis/XC352357.mp3,1.0,4.0,-28.45543970849618,-40.0,species,Prunella modularis,Dunnock,0.9972392320632935,0.9972392320632935,species,0,,,
prunella_modularis,352357,Prunella modularis,/Users/justyna-przy/Projects/ISE/FYP/src/bird_data/raw/prunella_modularis/XC352357.mp3,4.0,7.0,-26.74469068914352,-40.0,species,Prunella modularis,Dunnock,0.9872360825538635,0.9872360825538635,species,0,,,
prunella_modularis,352357,Prunella modularis,/Users/justyna-przy/Projects/ISE/FYP/src/bird_data/raw/prunella_modularis/XC352357.mp3,10.0,13.0,-24.977055506311643,-40.0,species,Prunella modularis,Dunnock,0.9825642704963684,0.9825642704963684,species,1,rand_species,/Users/justyna-przy/Projects/ISE/FYP/src/bird_data/clips/species/prunella_modularis/XC352357__s10000__e13000.wav,
prunella_modularis,352357,Prunella modularis,/Users/justyna-przy/Projects/ISE/FYP/src/bird_data/raw/prunella_modularis/XC352357.mp3,13.0,16.0,-24.645987621646817,-40.0,species,Prunella modularis,Dunnock,0.9774051308631897,0.9774051308631897,species,0,,,
prunella_modularis,352357,Prunella modularis,/Users/justyna-przy/Projects/ISE/FYP/src/bird_data/raw/prunella_modularis/XC352357.mp3,19.0,22.0,-26.907316350842088,-40.0,species,Prunella modularis,Dunnock,0.986112654209137,0.986112654209137,species,0,,,
prunella_modularis,352357,Prunella modularis,/Users/justyna-przy/Projects/ISE/FYP/src/bird_data/raw/prunella_modularis/XC352357.mp3,28.0,31.0,-22.697030125809555,-40.0,species,Prunella modularis,Dunnock,0.9990683197975159,0.9990683197975159,species,0,,,
prunella_modularis,352357,Prunella modularis,/Users/justyna-przy/Projects/ISE/FYP/src/bird_data/raw/prunella_modularis/XC352357.mp3,31.0,34.0,-28.945507094179792,-40.0,species,Prunella modularis,Dunnock,0.8785526752471924,0.8785526752471924,species,0,,,
prunella_modularis,352357,Prunella modularis,/Users/justyna-przy/Projects/ISE/FYP/src/bird_data/raw/prunella_modularis/XC352357.mp3,34.0,37.0,-34.0947519077102,-40.0,species,Prunella modularis,Dunnock,0.9867799878120422,0.9867799878120422,species,1,rand_species,/Users/justyna-przy/Projects/ISE/FYP/src/bird_data/clips/species/prunella_modularis/XC352357__s34000__e37000.wav,
prunella_modularis,352357,Prunella modularis,/Users/justyna-przy/Projects/ISE/FYP/src/bird_data/raw/prunella_modularis/XC352357.mp3,37.0,40.0,-24.860087658229887,-40.0,species,Prunella modularis,Dunnock,0.9988749623298645,0.9988749623298645,species,1,rand_species,/Users/justyna-przy/Projects/ISE/FYP/src/bird_data/clips/species/prunella_modularis/XC352357__s37000__e40000.wav,
prunella_modularis,352357,Prunella modularis,/Users/justyna-przy/Projects/ISE/FYP/src/bird_data/raw/prunella_modularis/XC352357.mp3,43.0,46.0,-33.07215798595007,-40.0,species,Prunella modularis,Dunnock,0.9559489488601685,0.9559489488601685,species,0,,,
prunella_modularis,352355,Prunella modularis,/Users/justyna-przy/Projects/ISE/FYP/src/bird_data/raw/prunella_modularis/XC352355.mp3,1.0,4.0,-28.135776847051982,-38.32069234308838,species,Prunella modularis,Dunnock,0.8964506983757019,0.8964506983757019,species,0,,,
prunella_modularis,352355,Prunella modularis,/Users/justyna-przy/Projects/ISE/FYP/src/bird_data/raw/prunella_modularis/XC352355.mp3,4.0,7.0,-32.732589458844345,-38.32069234308838,species,Prunella modularis,Dunnock,0.4722502827644348,0.4722502827644348,species,0,,,
prunella_modularis,352355,Prunella modularis,/Users/justyna-przy/Projects/ISE/FYP/src/bird_data/raw/prunella_modularis/XC352355.mp3,10.0,13.0,-27.91529888488009,-38.32069234308838,species,Prunella modularis,Dunnock,0.9897170066833496,0.9897170066833496,species,1,rand_species,/Users/justyna-przy/Projects/ISE/FYP/src/bird_data/clips/species/prunella_modularis/XC352355__s10000__e13000.wav,
prunella_modularis,352355,Prunella modularis,/Users/justyna-przy/Projects/ISE/FYP/src/bird_data/raw/prunella_modularis/XC352355.mp3,16.0,19.0,-35.84429383953512,-38.32069234308838,species,Prunella modularis,Dunnock,0.9576001763343811,0.9576001763343811,species,1,rand_species,/Users/justyna-przy/Projects/ISE/FYP/src/bird_data/clips/species/prunella_modularis/XC352355__s16000__e19000.wav,
prunella_modularis,352355,Prunella modularis,/Users/justyna-przy/Projects/ISE/FYP/src/bird_data/raw/prunella_modularis/XC352355.mp3,19.0,22.0,-26.318506342358138,-38.32069234308838,species,Prunella modularis,Dunnock,0.9625512361526489,0.9625512361526489,species,1,rand_species,/Users/justyna-przy/Projects/ISE/FYP/src/bird_data/clips/species/prunella_modularis/XC352355__s19000__e22000.wav,
prunella_modularis,352355,Prunella modularis,/Users/justyna-przy/Projects/ISE/FYP/src/bird_data/raw/prunella_modularis/XC352355.mp3,28.0,31.0,-25.736036132496668,-38.32069234308838,species,Prunella modularis,Dunnock,0.9975355863571167,0.9975355863571167,species,0,,,
prunella_modularis,352355,Prunella modularis,/Users/justyna-przy/Projects/ISE/FYP/src/bird_data/raw/prunella_modularis/XC352355.mp3,31.0,34.0,-37.667257579182085,-38.32069234308838,drop,Turdus philomelos,Song Thrush,0.8686832189559937,0.8686832189559937,drop,0,,,
prunella_modularis,352355,Prunella modularis,/Users/justyna-przy/Projects/ISE/FYP/src/bird_data/raw/prunella_modularis/XC352355.mp3,34.0,37.0,-32.164882354254665,-38.32069234308838,species,Prunella modularis,Dunnock,0.964857816696167,0.964857816696167,species,0,,,
prunella_modularis,352355,Prunella modularis,/Users/justyna-przy/Projects/ISE/FYP/src/bird_data/raw/prunella_modularis/XC352355.mp3,37.0,40.0,-28.10612122975175,-38.32069234308838,species,Prunella modularis,Dunnock,0.9682685136795044,0.9682685136795044,species,0,,,
prunella_modularis,324765,Prunella modularis,/Users/justyna-przy/Projects/ISE/FYP/src/bird_data/raw/prunella_modularis/XC324765.mp3,1.0,4.0,-15.780422032669549,-30.58093666954296,species,Prunella modularis,Dunnock,0.9985212683677673,0.9985212683677673,species,0,,,
prunella_modularis,324765,Prunella modularis,/Users/justyna-przy/Projects/ISE/FYP/src/bird_data/raw/prunella_modularis/XC324765.mp3,4.0,7.0,-30.58093666954296,-30.58093666954296,drop,Cyanistes caeruleus,Eurasian Blue Tit,0.9004320502281189,0.9004320502281189,drop,0,,,
prunella_modularis,324765,Prunella modularis,/Users/justyna-przy/Projects/ISE/FYP/src/bird_data/raw/prunella_modularis/XC324765.mp3,7.0,10.0,-23.91647509752524,-30.58093666954296,species,Prunella modularis,Dunnock,0.9982615113258362,0.9982615113258362,species,1,rand_species,/Users/justyna-przy/Projects/ISE/FYP/src/bird_data/clips/species/prunella_modularis/XC324765__s7000__e10000.wav,
prunella_modularis,324765,Prunella modularis,/Users/justyna-przy/Projects/ISE/FYP/src/bird_data/raw/prunella_modularis/XC324765.mp3,10.0,13.0,-20.051193026537568,-30.58093666954296,species,Prunella modularis,Dunnock,0.985112726688385,0.985112726688385,species,0,,,
prunella_modularis,324765,Prunella modularis,/Users/justyna-przy/Projects/ISE/FYP/src/bird_data/raw/prunella_modularis/XC324765.mp3,16.0,19.0,-25.355775130777598,-30.58093666954296,species,Prunella modularis,Dunnock,0.9767420887947083,0.9767420887947083,species,1,rand_species,/Users/justyna-przy/Projects/ISE/FYP/src/bird_data/clips/species/prunella_modularis/XC324765__s16000__e19000.wav,
prunella_modularis,324765,Prunella modularis,/Users/justyna-przy/Projects/ISE/FYP/src/bird_data/raw/prunella_modularis/XC324765.mp3,19.0,22.0,-21.254817331208468,-30.58093666954296,species,Prunella modularis,Dunnock,0.9900189638137817,0.9900189638137817,species,0,,,
prunella_modularis,324765,Prunella modularis,/Users/justyna-przy/Projects/ISE/FYP/src/bird_data/raw/prunella_modularis/XC324765.mp3,28.0,31.0,-27.40243958577431,-30.58093666954296,drop,Saxicola rubicola,European Stonechat,0.5375763177871704,0.5375763177871704,drop,0,,,
prunella_modularis,324765,Prunella modularis,/Users/justyna-przy/Projects/ISE/FYP/src/bird_data/raw/prunella_modularis/XC324765.mp3,31.0,34.0,-21.339421028508482,-30.58093666954296,species,Prunella modularis,Dunnock,0.977033257484436,0.977033257484436,species,1,rand_species,/Users/justyna-przy/Projects/ISE/FYP/src/bird_data/clips/species/prunella_modularis/XC324765__s31000__e34000.wav,
prunella_modularis,319889,Prunella modularis,/Users/justyna-przy/Projects/ISE/FYP/src/bird_data/raw/prunella_modularis/XC319889.mp3,1.0,4.0,-23.443215073423232,-26.802911107308905,species,Prunella modularis,Dunnock,0.9996860027313232,0.9996860027313232,species,1,rand_species,/Users/justyna-przy/Projects/ISE/FYP/src/bird_data/clips/species/prunella_modularis/XC319889__s1000__e4000.wav,
prunella_modularis,319889,Prunella modularis,/Users/justyna-przy/Projects/ISE/FYP/src/bird_data/raw/prunella_modularis/XC319889.mp3,4.0,7.0,-23.73807904139334,-26.802911107308905,species,Prunella modularis,Dunnock,0.9672181010246277,0.9672181010246277,species,1,rand_species,/Users/justyna-przy/Projects/ISE/FYP/src/bird_data/clips/species/prunella_modularis/XC319889__s4000__e7000.wav,
prunella_modularis,319889,Prunella modularis,/Users/justyna-przy/Projects/ISE/FYP/src/bird_data/raw/prunella_modularis/XC319889.mp3,10.0,13.0,-24.01961855809962,-26.802911107308905,species,Prunella modularis,Dunnock,0.9942487478256226,0.9942487478256226,species,1,rand_species,/Users/justyna-przy/Projects/ISE/FYP/src/bird_data/clips/species/prunella_modularis/XC319889__s10000__e13000.wav,
prunella_modularis,319887,Prunella modularis,/Users/justyna-przy/Projects/ISE/FYP/src/bird_data/raw/prunella_modularis/XC319887.mp3,1.0,4.0,-31.023292052251836,-38.95709056285719,drop,Alcedo atthis,Common Kingfisher,0.7781165838241577,0.7781165838241577,drop,0,,,
prunella_modularis,319887,Prunella modularis,/Users/justyna-przy/Projects/ISE/FYP/src/bird_data/raw/prunella_modularis/XC319887.mp3,7.0,10.0,-27.871322261584307,-38.95709056285719,drop,Alcedo atthis,Common Kingfisher,0.8982627391815186,0.8982627391815186,drop,0,,,
prunella_modularis,319869,Prunella modularis,/Users/justyna-przy/Projects/ISE/FYP/src/bird_data/raw/prunella_modularis/XC319869.mp3,1.0,4.0,-24.01824733885252,-40.0,species,Prunella modularis,Dunnock,0.9985126852989197,0.9985126852989197,species,1,rand_species,/Users/justyna-przy/Projects/ISE/FYP/src/bird_data/clips/species/prunella_modularis/XC319869__s1000__e4000.wav,
prunella_modularis,319869,Prunella modularis,/Users/justyna-przy/Projects/ISE/FYP/src/bird_data/raw/prunella_modularis/XC319869.mp3,7.0,10.0,-25.54116236444955,-40.0,species,Prunella modularis,Dunnock,0.99677973985672,0.99677973985672,species,1,rand_species,/Users/justyna-przy/Projects/ISE/FYP/src/bird_data/clips/species/prunella_modularis/XC319869__s7000__e10000.wav,
prunella_modularis,319869,Prunella modularis,/Users/justyna-przy/Projects/ISE/FYP/src/bird_data/raw/prunella_modularis/XC319869.mp3,10.0,13.0,-32.75853132728255,-40.0,species,Prunella modularis,Dunnock,0.9055713415145874,0.9055713415145874,species,1,rand_species,/Users/justyna-przy/Projects/ISE/FYP/src/bird_data/clips/species/prunella_modularis/XC319869__s10000__e13000.wav,
prunella_modularis,319869,Prunella modularis,/Users/justyna-przy/Projects/ISE/FYP/src/bird_data/raw/prunella_modularis/XC319869.mp3,16.0,19.0,-24.25544131887473,-40.0,species,Prunella modularis,Dunnock,0.998393714427948,0.998393714427948,species,0,,,
prunella_modularis,281383,Prunella modularis,/Users/justyna-przy/Projects/ISE/FYP/src/bird_data/raw/prunella_modularis/XC281383.mp3,4.0,7.0,-34.574310652459815,-40.0,species,Prunella modularis,Dunnock,0.9998672008514404,0.9998672008514404,species,1,rand_species,/Users/justyna-przy/Projects/ISE/FYP/src/bird_data/clips/species/prunella_modularis/XC281383__s4000__e7000.wav,
prunella_modularis,281382,Prunella modularis,/Users/justyna-przy/Projects/ISE/FYP/src/bird_data/raw/prunella_modularis/XC281382.mp3,1.0,4.0,-30.3445124026117,-38.876755990742765,species,Prunella modularis,Dunnock,0.9944887161254883,0.9944887161254883,species,1,rand_species,/Users/justyna-przy/Projects/ISE/FYP/src/bird_data/clips/species/prunella_modularis/XC281382__s1000__e4000.wav,
prunella_modularis,281382,Prunella modularis,/Users/justyna-przy/Projects/ISE/FYP/src/bird_data/raw/prunella_modularis/XC281382.mp3,4.0,7.0,-35.84105079934229,-38.876755990742765,species,Prunella modularis,Dunnock,0.9858264327049255,0.9858264327049255,species,0,,,
prunella_modularis,281382,Prunella modularis,/Users/justyna-przy/Projects/ISE/FYP/src/bird_data/raw/prunella_modularis/XC281382.mp3,7.0,10.0,-28.573873501715834,-38.876755990742765,species,Prunella modularis,Dunnock,0.9942631125450134,0.9942631125450134,species,0,,,
prunella_modularis,281382,Prunella modularis,/Users/justyna-przy/Projects/ISE/FYP/src/bird_data/raw/prunella_modularis/XC281382.mp3,10.0,13.0,-37.9438565858358,-38.876755990742765,species,Prunella modularis,Dunnock,0.9668490886688232,0.9668490886688232,species,0,,,
prunella_modularis,281382,Prunella modularis,/Users/justyna-przy/Projects/ISE/FYP/src/bird_data/raw/prunella_modularis/XC281382.mp3,13.0,16.0,-31.905242556145677,-38.876755990742765,species,Prunella modularis,Dunnock,0.9896656274795532,0.9896656274795532,species,0,,,
prunella_modularis,281382,Prunella modularis,/Users/justyna-przy/Projects/ISE/FYP/src/bird_data/raw/prunella_modularis/XC281382.mp3,16.0,19.0,-34.34873880197379,-38.876755990742765,species,Prunella modularis,Dunnock,0.988332211971283,0.988332211971283,species,0,,,
prunella_modularis,281382,Prunella modularis,/Users/justyna-przy/Projects/ISE/FYP/src/bird_data/raw/prunella_modularis/XC281382.mp3,19.0,22.0,-32.197024119978636,-38.876755990742765,species,Prunella modularis,Dunnock,0.9175618290901184,0.9175618290901184,species,1,rand_species,/Users/justyna-przy/Projects/ISE/FYP/src/bird_data/clips/species/prunella_modularis/XC281382__s19000__e22000.wav,
prunella_modularis,281382,Prunella modularis,/Users/justyna-przy/Projects/ISE/FYP/src/bird_data/raw/prunella_modularis/XC281382.mp3,25.0,28.0,-35.73598939476746,-38.876755990742765,species,Prunella modularis,Dunnock,0.9975782036781311,0.9975782036781311,species,1,rand_species,/Users/justyna-przy/Projects/ISE/FYP/src/bird_data/clips/species/prunella_modularis/XC281382__s25000__e28000.wav,
prunella_modularis,281382,Prunella modularis,/Users/justyna-przy/Projects/ISE/FYP/src/bird_data/raw/prunella_modularis/XC281382.mp3,28.0,31.0,-36.401883129517415,-38.876755990742765,species,Prunella modularis,Dunnock,0.9940642714500427,0.9940642714500427,species,0,,,
prunella_modularis,281382,Prunella modularis,/Users/justyna-przy/Projects/ISE/FYP/src/bird_data/raw/prunella_modularis/XC281382.mp3,34.0,37.0,-38.031434725150774,-38.876755990742765,species,Prunella modularis,Dunnock,0.9836695194244385,0.9836695194244385,species,0,,,
prunella_modularis,281382,Prunella modularis,/Users/justyna-przy/Projects/ISE/FYP/src/bird_data/raw/prunella_modularis/XC281382.mp3,40.0,43.0,-38.11094888531363,-38.876755990742765,species,Prunella modularis,Dunnock,0.9984421133995056,0.9984421133995056,species,0,,,
prunella_modularis,281379,Prunella modularis,/Users/justyna-przy/Projects/ISE/FYP/src/bird_data/raw/prunella_modularis/XC281379.mp3,1.0,4.0,-32.20375636304075,-34.116399948532894,species,Prunella modularis,Dunnock,0.9818312525749207,0.9818312525749207,species,0,,,
prunella_modularis,281379,Prunella modularis,/Users/justyna-przy/Projects/ISE/FYP/src/bird_data/raw/prunella_modularis/XC281379.mp3,7.0,10.0,-30.622594011905427,-34.116399948532894,species,Prunella modularis,Dunnock,0.9934530258178711,0.9934530258178711,species,0,,,
prunella_modularis,281379,Prunella modularis,/Users/justyna-przy/Projects/ISE/FYP/src/bird_data/raw/prunella_modularis/XC281379.mp3,10.0,13.0,-27.71371042180268,-34.116399948532894,species,Prunella modularis,Dunnock,0.9724519848823547,0.9724519848823547,species,0,,,
prunella_modularis,281379,Prunella modularis,/Users/justyna-przy/Projects/ISE/FYP/src/bird_data/raw/prunella_modularis/XC281379.mp3,13.0,16.0,-27.312975335981985,-34.116399948532894,species,Prunella modularis,Dunnock,0.9612511396408081,0.9612511396408081,species,0,,,
prunella_modularis,281379,Prunella modularis,/Users/justyna-przy/Projects/ISE/FYP/src/bird_data/raw/prunella_modularis/XC281379.mp3,16.0,19.0,-33.80187428393149,-34.116399948532894,drop,Phoenicurus ochruros,Black Redstart,0.1664123237133026,0.1664123237133026,drop,0,,,
prunella_modularis,281379,Prunella modularis,/Users/justyna-przy/Projects/ISE/FYP/src/bird_data/raw/prunella_modularis/XC281379.mp3,19.0,22.0,-30.73199898539408,-34.116399948532894,species,Prunella modularis,Dunnock,0.9910275340080261,0.9910275340080261,species,1,rand_species,/Users/justyna-przy/Projects/ISE/FYP/src/bird_data/clips/species/prunella_modularis/XC281379__s19000__e22000.wav,
prunella_modularis,281379,Prunella modularis,/Users/justyna-przy/Projects/ISE/FYP/src/bird_data/raw/prunella_modularis/XC281379.mp3,25.0,28.0,-28.1487143568717,-34.116399948532894,species,Prunella modularis,Dunnock,0.9728587865829468,0.9728587865829468,species,1,rand_species,/Users/justyna-przy/Projects/ISE/FYP/src/bird_data/clips/species/prunella_modularis/XC281379__s25000__e28000.wav,
prunella_modularis,281379,Prunella modularis,/Users/justyna-przy/Projects/ISE/FYP/src/bird_data/raw/prunella_modularis/XC281379.mp3,28.0,31.0,-31.495698355755245,-34.116399948532894,species,Prunella modularis,Dunnock,0.5327117443084717,0.5327117443084717,species,0,,,
prunella_modularis,281379,Prunella modularis,/Users/justyna-przy/Projects/ISE/FYP/src/bird_data/raw/prunella_modularis/XC281379.mp3,34.0,37.0,-29.931956638105266,-34.116399948532894,species,Prunella modularis,Dunnock,0.9907666444778442,0.9907666444778442,species,0,,,
prunella_modularis,281379,Prunella modularis,/Users/justyna-przy/Projects/ISE/FYP/src/bird_data/raw/prunella_modularis/XC281379.mp3,40.0,43.0,-33.39884493012674,-34.116399948532894,species,Prunella modularis,Dunnock,0.8573582172393799,0.8573582172393799,species,1,rand_species,/Users/justyna-przy/Projects/ISE/FYP/src/bird_data/clips/species/prunella_modularis/XC281379__s40000__e43000.wav,
prunella_modularis,270206,Prunella modularis,/Users/justyna-przy/Projects/ISE/FYP/src/bird_data/raw/prunella_modularis/XC270206.mp3,1.0,4.0,-16.888423409794942,-40.0,species,Prunella modularis,Dunnock,0.9821199774742126,0.9821199774742126,species,1,rand_species,/Users/justyna-przy/Projects/ISE/FYP/src/bird_data/clips/species/prunella_modularis/XC270206__s1000__e4000.wav,
prunella_modularis,270206,Prunella modularis,/Users/justyna-przy/Projects/ISE/FYP/src/bird_data/raw/prunella_modularis/XC270206.mp3,10.0,13.0,-18.602132477829194,-40.0,species,Prunella modularis,Dunnock,0.9652940630912781,0.9652940630912781,species,1,rand_species,/Users/justyna-przy/Projects/ISE/FYP/src/bird_data/clips/species/prunella_modularis/XC270206__s10000__e13000.wav,
prunella_modularis,270206,Prunella modularis,/Users/justyna-przy/Projects/ISE/FYP/src/bird_data/raw/prunella_modularis/XC270206.mp3,16.0,19.0,-25.235095212700994,-40.0,species,Prunella modularis,Dunnock,0.8908840417861938,0.8908840417861938,species,0,,,
prunella_modularis,270206,Prunella modularis,/Users/justyna-przy/Projects/ISE/FYP/src/bird_data/raw/prunella_modularis/XC270206.mp3,25.0,28.0,-21.333089225932934,-40.0,species,Prunella modularis,Dunnock,0.9916673302650452,0.9916673302650452,species,0,,,
prunella_modularis,270206,Prunella modularis,/Users/justyna-przy/Projects/ISE/FYP/src/bird_data/raw/prunella_modularis/XC270206.mp3,31.0,34.0,-21.484109083100314,-40.0,species,Prunella modularis,Dunnock,0.9920220375061035,0.9920220375061035,species,1,rand_species,/Users/justyna-przy/Projects/ISE/FYP/src/bird_data/clips/species/prunella_modularis/XC270206__s31000__e34000.wav,
prunella_modularis,270206,Prunella modularis,/Users/justyna-przy/Projects/ISE/FYP/src/bird_data/raw/prunella_modularis/XC270206.mp3,34.0,37.0,-25.491928935526804,-40.0,species,Prunella modularis,Dunnock,0.9849768877029419,0.9849768877029419,species,0,,,
prunella_modularis,270206,Prunella modularis,/Users/justyna-przy/Projects/ISE/FYP/src/bird_data/raw/prunella_modularis/XC270206.mp3,37.0,40.0,-24.40395628235471,-40.0,drop,Saxicola rubicola,European Stonechat,0.9130011200904846,0.9130011200904846,drop,0,,,
prunella_modularis,270206,Prunella modularis,/Users/justyna-przy/Projects/ISE/FYP/src/bird_data/raw/prunella_modularis/XC270206.mp3,40.0,43.0,-17.632553676930755,-40.0,species,Prunella modularis,Dunnock,0.9810373187065125,0.9810373187065125,species,0,,,
prunella_modularis,270206,Prunella modularis,/Users/justyna-przy/Projects/ISE/FYP/src/bird_data/raw/prunella_modularis/XC270206.mp3,46.0,49.0,-17.99558176121623,-40.0,species,Prunella modularis,Dunnock,0.9982524514198303,0.9982524514198303,species,0,,,
prunella_modularis,247270,Prunella modularis,/Users/justyna-przy/Projects/ISE/FYP/src/bird_data/raw/prunella_modularis/XC247270.mp3,1.0,4.0,-26.802190980625753,-31.908266114563993,species,Prunella modularis,Dunnock,0.9807409644126892,0.9807409644126892,species,1,rand_species,/Users/justyna-przy/Projects/ISE/FYP/src/bird_data/clips/species/prunella_modularis/XC247270__s1000__e4000.wav,
prunella_modularis,247270,Prunella modularis,/Users/justyna-przy/Projects/ISE/FYP/src/bird_data/raw/prunella_modularis/XC247270.mp3,7.0,10.0,-26.247673303376388,-31.908266114563993,species,Prunella modularis,Dunnock,0.9885357022285461,0.9885357022285461,species,0,,,
prunella_modularis,247270,Prunella modularis,/Users/justyna-przy/Projects/ISE/FYP/src/bird_data/raw/prunella_modularis/XC247270.mp3,10.0,13.0,-31.908266114563993,-31.908266114563993,species,Prunella modularis,Dunnock,0.43525469303131104,0.43525469303131104,species,0,,,
prunella_modularis,247270,Prunella modularis,/Users/justyna-przy/Projects/ISE/FYP/src/bird_data/raw/prunella_modularis/XC247270.mp3,16.0,19.0,-27.725418024328135,-31.908266114563993,species,Prunella modularis,Dunnock,0.9831849932670593,0.9831849932670593,species,0,,,
prunella_modularis,247270,Prunella modularis,/Users/justyna-przy/Projects/ISE/FYP/src/bird_data/raw/prunella_modularis/XC247270.mp3,19.0,22.0,-27.89974614294715,-31.908266114563993,species,Prunella modularis,Dunnock,0.9747553467750549,0.9747553467750549,species,0,,,
prunella_modularis,247270,Prunella modularis,/Users/justyna-przy/Projects/ISE/FYP/src/bird_data/raw/prunella_modularis/XC247270.mp3,22.0,25.0,-30.84058941856832,-31.908266114563993,species,Prunella modularis,Dunnock,0.9870629906654358,0.9870629906654358,species,0,,,
prunella_modularis,247270,Prunella modularis,/Users/justyna-przy/Projects/ISE/FYP/src/bird_data/raw/prunella_modularis/XC247270.mp3,25.0,28.0,-29.72400794837356,-31.908266114563993,species,Prunella modularis,Dunnock,0.9643722176551819,0.9643722176551819,species,1,rand_species,/Users/justyna-przy/Projects/ISE/FYP/src/bird_data/clips/species/prunella_modularis/XC247270__s25000__e28000.wav,
prunella_modularis,247270,Prunella modularis,/Users/justyna-przy/Projects/ISE/FYP/src/bird_data/raw/prunella_modularis/XC247270.mp3,31.0,34.0,-27.525861950680607,-31.908266114563993,species,Prunella modularis,Dunnock,0.9866442084312439,0.9866442084312439,species,1,rand_species,/Users/justyna-przy/Projects/ISE/FYP/src/bird_data/clips/species/prunella_modularis/XC247270__s31000__e34000.wav,
prunella_modularis,197009,Prunella modularis,/Users/justyna-przy/Projects/ISE/FYP/src/bird_data/raw/prunella_modularis/XC197009.mp3,1.0,4.0,-26.381052047941576,-40.0,species,Prunella modularis,Dunnock,0.9281928539276123,0.9281928539276123,species,1,rand_species,/Users/justyna-przy/Projects/ISE/FYP/src/bird_data/clips/species/prunella_modularis/XC197009__s1000__e4000.wav,
prunella_modularis,197009,Prunella modularis,/Users/justyna-przy/Projects/ISE/FYP/src/bird_data/raw/prunella_modularis/XC197009.mp3,4.0,7.0,-23.168609156180597,-40.0,species,Prunella modularis,Dunnock,0.9814887642860413,0.9814887642860413,species,0,,,
prunella_modularis,197009,Prunella modularis,/Users/justyna-przy/Projects/ISE/FYP/src/bird_data/raw/prunella_modularis/XC197009.mp3,10.0,13.0,-22.985363944025114,-40.0,species,Prunella modularis,Dunnock,0.9478979706764221,0.9478979706764221,species,0,,,
prunella_modularis,197009,Prunella modularis,/Users/justyna-przy/Projects/ISE/FYP/src/bird_data/raw/prunella_modularis/XC197009.mp3,16.0,19.0,-26.95933759047943,-40.0,species,Prunella modularis,Dunnock,0.9860104322433472,0.9860104322433472,species,0,,,
prunella_modularis,197009,Prunella modularis,/Users/justyna-przy/Projects/ISE/FYP/src/bird_data/raw/prunella_modularis/XC197009.mp3,19.0,22.0,-25.67172734765519,-40.0,species,Prunella modularis,Dunnock,0.9322739839553833,0.9322739839553833,species,0,,,
prunella_modularis,197009,Prunella modularis,/Users/justyna-przy/Projects/ISE/FYP/src/bird_data/raw/prunella_modularis/XC197009.mp3,25.0,28.0,-35.02865288872948,-40.0,species,Prunella modularis,Dunnock,0.9690757989883423,0.9690757989883423,species,1,rand_species,/Users/justyna-przy/Projects/ISE/FYP/src/bird_data/clips/species/prunella_modularis/XC197009__s25000__e28000.wav,
prunella_modularis,197009,Prunella modularis,/Users/justyna-przy/Projects/ISE/FYP/src/bird_data/raw/prunella_modularis/XC197009.mp3,28.0,31.0,-21.219152111195307,-40.0,species,Prunella modularis,Dunnock,0.9904617667198181,0.9904617667198181,species,1,rand_species,/Users/justyna-przy/Projects/ISE/FYP/src/bird_data/clips/species/prunella_modularis/XC197009__s28000__e31000.wav,
prunella_modularis,197009,Prunella modularis,/Users/justyna-przy/Projects/ISE/FYP/src/bird_data/raw/prunella_modularis/XC197009.mp3,34.0,37.0,-26.73863573066553,-40.0,species,Prunella modularis,Dunnock,0.9139460325241089,0.9139460325241089,species,0,,,
prunella_modularis,197009,Prunella modularis,/Users/justyna-przy/Projects/ISE/FYP/src/bird_data/raw/prunella_modularis/XC197009.mp3,37.0,40.0,-22.836234930130217,-40.0,species,Prunella modularis,Dunnock,0.7065959572792053,0.7065959572792053,species,0,,,
prunella_modularis,180292,Prunella modularis,/Users/justyna-przy/Projects/ISE/FYP/src/bird_data/raw/prunella_modularis/XC180292.mp3,1.0,4.0,-25.20811668380377,-29.70384099646621,species,Prunella modularis,Dunnock,0.9226101040840149,0.9226101040840149,species,0,,,
prunella_modularis,180292,Prunella modularis,/Users/justyna-przy/Projects/ISE/FYP/src/bird_data/raw/prunella_modularis/XC180292.mp3,4.0,7.0,-29.02465357190918,-29.70384099646621,species,Prunella modularis,Dunnock,0.969838559627533,0.969838559627533,species,1,rand_species,/Users/justyna-przy/Projects/ISE/FYP/src/bird_data/clips/species/prunella_modularis/XC180292__s4000__e7000.wav,
prunella_modularis,180292,Prunella modularis,/Users/justyna-przy/Projects/ISE/FYP/src/bird_data/raw/prunella_modularis/XC180292.mp3,7.0,10.0,-29.102199463190942,-29.70384099646621,species,Prunella modularis,Dunnock,0.8218004107475281,0.8218004107475281,species,0,,,
prunella_modularis,180292,Prunella modularis,/Users/justyna-przy/Projects/ISE/FYP/src/bird_data/raw/prunella_modularis/XC180292.mp3,16.0,19.0,-26.5468381460316,-29.70384099646621,species,Prunella modularis,Dunnock,0.9924660921096802,0.9924660921096802,species,0,,,
prunella_modularis,180292,Prunella modularis,/Users/justyna-przy/Projects/ISE/FYP/src/bird_data/raw/prunella_modularis/XC180292.mp3,19.0,22.0,-27.914846545519648,-29.70384099646621,species,Prunella modularis,Dunnock,0.9582215547561646,0.9582215547561646,species,0,,,
prunella_modularis,180292,Prunella modularis,/Users/justyna-przy/Projects/ISE/FYP/src/bird_data/raw/prunella_modularis/XC180292.mp3,22.0,25.0,-27.789281462857964,-29.70384099646621,species,Prunella modularis,Dunnock,0.9982278943061829,0.9982278943061829,species,1,rand_species,/Users/justyna-przy/Projects/ISE/FYP/src/bird_data/clips/species/prunella_modularis/XC180292__s22000__e25000.wav,
prunella_modularis,180292,Prunella modularis,/Users/justyna-przy/Projects/ISE/FYP/src/bird_data/raw/prunella_modularis/XC180292.mp3,25.0,28.0,-29.70384099646621,-29.70384099646621,species,Prunella modularis,Dunnock,0.9755065441131592,0.9755065441131592,species,1,rand_species,/Users/justyna-przy/Projects/ISE/FYP/src/bird_data/clips/species/prunella_modularis/XC180292__s25000__e28000.wav,
prunella_modularis,180292,Prunella modularis,/Users/justyna-przy/Projects/ISE/FYP/src/bird_data/raw/prunella_modularis/XC180292.mp3,31.0,34.0,-29.13289264488672,-29.70384099646621,species,Prunella modularis,Dunnock,0.9996371269226074,0.9996371269226074,species,0,,,
prunella_modularis,161548,Prunella modularis,/Users/justyna-przy/Projects/ISE/FYP/src/bird_data/raw/prunella_modularis/XC161548.mp3,1.0,4.0,-25.758321830516092,-28.869619512221668,species,Prunella modularis,Dunnock,0.998387336730957,0.998387336730957,species,1,rand_species,/Users/justyna-przy/Projects/ISE/FYP/src/bird_data/clips/species/prunella_modularis/XC161548__s1000__e4000.wav,
prunella_modularis,161548,Prunella modularis,/Users/justyna-przy/Projects/ISE/FYP/src/bird_data/raw/prunella_modularis/XC161548.mp3,4.0,7.0,-27.861546422635392,-28.869619512221668,species,Prunella modularis,Dunnock,0.9906806349754333,0.9906806349754333,species,0,,,
prunella_modularis,161548,Prunella modularis,/Users/justyna-przy/Projects/ISE/FYP/src/bird_data/raw/prunella_modularis/XC161548.mp3,7.0,10.0,-21.545692502657147,-28.869619512221668,species,Prunella modularis,Dunnock,0.9974377155303955,0.9974377155303955,species,0,,,
prunella_modularis,161548,Prunella modularis,/Users/justyna-przy/Projects/ISE/FYP/src/bird_data/raw/prunella_modularis/XC161548.mp3,10.0,13.0,-25.24101980299433,-28.869619512221668,species,Prunella modularis,Dunnock,0.9769608378410339,0.9769608378410339,species,0,,,
prunella_modularis,161548,Prunella modularis,/Users/justyna-przy/Projects/ISE/FYP/src/bird_data/raw/prunella_modularis/XC161548.mp3,13.0,16.0,-23.890387750796872,-28.869619512221668,species,Prunella modularis,Dunnock,0.9832825660705566,0.9832825660705566,species,0,,,
prunella_modularis,161548,Prunella modularis,/Users/justyna-przy/Projects/ISE/FYP/src/bird_data/raw/prunella_modularis/XC161548.mp3,16.0,19.0,-21.81008891938211,-28.869619512221668,species,Prunella modularis,Dunnock,0.996211051940918,0.996211051940918,species,1,rand_species,/Users/justyna-przy/Projects/ISE/FYP/src/bird_data/clips/species/prunella_modularis/XC161548__s16000__e19000.wav,
prunella_modularis,161548,Prunella modularis,/Users/justyna-przy/Projects/ISE/FYP/src/bird_data/raw/prunella_modularis/XC161548.mp3,22.0,25.0,-23.81218101294928,-28.869619512221668,species,Prunella modularis,Dunnock,0.972233235836029,0.972233235836029,species,0,,,
prunella_modularis,161548,Prunella modularis,/Users/justyna-przy/Projects/ISE/FYP/src/bird_data/raw/prunella_modularis/XC161548.mp3,28.0,31.0,-19.649761116741512,-28.869619512221668,species,Prunella modularis,Dunnock,0.9970306158065796,0.9970306158065796,species,0,,,
prunella_modularis,161548,Prunella modularis,/Users/justyna-przy/Projects/ISE/FYP/src/bird_data/raw/prunella_modularis/XC161548.mp3,34.0,37.0,-27.99762534087239,-28.869619512221668,species,Prunella modularis,Dunnock,0.9836224913597107,0.9836224913597107,species,1,rand_species,/Users/justyna-przy/Projects/ISE/FYP/src/bird_data/clips/species/prunella_modularis/XC161548__s34000__e37000.wav,
prunella_modularis,161544,Prunella modularis,/Users/justyna-przy/Projects/ISE/FYP/src/bird_data/raw/prunella_modularis/XC161544.mp3,1.0,4.0,-22.39395769811796,-40.0,species,Prunella modularis,Dunnock,0.9962624907493591,0.9962624907493591,species,1,rand_species,/Users/justyna-przy/Projects/ISE/FYP/src/bird_data/clips/species/prunella_modularis/XC161544__s1000__e4000.wav,
prunella_modularis,161544,Prunella modularis,/Users/justyna-przy/Projects/ISE/FYP/src/bird_data/raw/prunella_modularis/XC161544.mp3,7.0,10.0,-23.970948658269215,-40.0,species,Prunella modularis,Dunnock,0.9851071238517761,0.9851071238517761,species,0,,,
prunella_modularis,161544,Prunella modularis,/Users/justyna-przy/Projects/ISE/FYP/src/bird_data/raw/prunella_modularis/XC161544.mp3,10.0,13.0,-26.861685576377923,-40.0,drop,Lophophanes cristatus,Crested Tit,0.1324627548456192,0.1324627548456192,drop,0,,,
prunella_modularis,161544,Prunella modularis,/Users/justyna-przy/Projects/ISE/FYP/src/bird_data/raw/prunella_modularis/XC161544.mp3,13.0,16.0,-22.941722684069997,-40.0,species,Prunella modularis,Dunnock,0.9970845580101013,0.9970845580101013,species,1,rand_species,/Users/justyna-przy/Projects/ISE/FYP/src/bird_data/clips/species/prunella_modularis/XC161544__s13000__e16000.wav,
prunella_modularis,161544,Prunella modularis,/Users/justyna-przy/Projects/ISE/FYP/src/bird_data/raw/prunella_modularis/XC161544.mp3,22.0,25.0,-25.035037410911794,-40.0,species,Prunella modularis,Dunnock,0.9986200332641602,0.9986200332641602,species,0,,,
prunella_modularis,161544,Prunella modularis,/Users/justyna-przy/Projects/ISE/FYP/src/bird_data/raw/prunella_modularis/XC161544.mp3,28.0,31.0,-27.600283533605854,-40.0,species,Prunella modularis,Dunnock,0.934820830821991,0.934820830821991,species,0,,,
prunella_modularis,161544,Prunella modularis,/Users/justyna-przy/Projects/ISE/FYP/src/bird_data/raw/prunella_modularis/XC161544.mp3,34.0,37.0,-28.279113497556374,-40.0,species,Prunella modularis,Dunnock,0.9980244636535645,0.9980244636535645,species,1,rand_species,/Users/justyna-przy/Projects/ISE/FYP/src/bird_data/clips/species/prunella_modularis/XC161544__s34000__e37000.wav,
prunella_modularis,161544,Prunella modularis,/Users/justyna-przy/Projects/ISE/FYP/src/bird_data/raw/prunella_modularis/XC161544.mp3,40.0,43.0,-22.770944329764905,-40.0,species,Prunella modularis,Dunnock,0.9978749752044678,0.9978749752044678,species,0,,,
prunella_modularis,149206,Prunella modularis,/Users/justyna-przy/Projects/ISE/FYP/src/bird_data/raw/prunella_modularis/XC149206.mp3,4.0,7.0,-38.672285281094766,-40.0,species,Prunella modularis,Dunnock,0.9094887971878052,0.9094887971878052,species,1,rand_species,/Users/justyna-przy/Projects/ISE/FYP/src/bird_data/clips/species/prunella_modularis/XC149206__s4000__e7000.wav,
prunella_modularis,149206,Prunella modularis,/Users/justyna-przy/Projects/ISE/FYP/src/bird_data/raw/prunella_modularis/XC149206.mp3,7.0,10.0,-39.231727559335845,-40.0,species,Prunella modularis,Dunnock,0.835869312286377,0.835869312286377,species,1,rand_species,/Users/justyna-przy/Projects/ISE/FYP/src/bird_data/clips/species/prunella_modularis/XC149206__s7000__e10000.wav,
prunella_modularis,149206,Prunella modularis,/Users/justyna-przy/Projects/ISE/FYP/src/bird_data/raw/prunella_modularis/XC149206.mp3,10.0,13.0,-39.99995885162132,-40.0,species,Prunella modularis,Dunnock,0.9937326312065125,0.9937326312065125,species,1,rand_species,/Users/justyna-przy/Projects/ISE/FYP/src/bird_data/clips/species/prunella_modularis/XC149206__s10000__e13000.wav,
prunella_modularis,143131,Prunella modularis,/Users/justyna-przy/Projects/ISE/FYP/src/bird_data/raw/prunella_modularis/XC143131.mp3,1.0,4.0,-17.0093622207496,-25.490154161664076,species,Prunella modularis,Dunnock,0.9628458023071289,0.9628458023071289,species,0,,,
prunella_modularis,143131,Prunella modularis,/Users/justyna-przy/Projects/ISE/FYP/src/bird_data/raw/prunella_modularis/XC143131.mp3,7.0,10.0,-20.007559912181566,-25.490154161664076,species,Prunella modularis,Dunnock,0.9389262199401855,0.9389262199401855,species,1,rand_species,/Users/justyna-przy/Projects/ISE/FYP/src/bird_data/clips/species/prunella_modularis/XC143131__s7000__e10000.wav,
prunella_modularis,143131,Prunella modularis,/Users/justyna-przy/Projects/ISE/FYP/src/bird_data/raw/prunella_modularis/XC143131.mp3,13.0,16.0,-17.4585973496678,-25.490154161664076,species,Prunella modularis,Dunnock,0.9908583760261536,0.9908583760261536,species,0,,,
prunella_modularis,143131,Prunella modularis,/Users/justyna-przy/Projects/ISE/FYP/src/bird_data/raw/prunella_modularis/XC143131.mp3,19.0,22.0,-16.92909240237157,-25.490154161664076,species,Prunella modularis,Dunnock,0.9747470617294312,0.9747470617294312,species,1,rand_species,/Users/justyna-przy/Projects/ISE/FYP/src/bird_data/clips/species/prunella_modularis/XC143131__s19000__e22000.wav,
prunella_modularis,143131,Prunella modularis,/Users/justyna-przy/Projects/ISE/FYP/src/bird_data/raw/prunella_modularis/XC143131.mp3,25.0,28.0,-17.13501700291473,-25.490154161664076,species,Prunella modularis,Dunnock,0.9145288467407227,0.9145288467407227,species,0,,,
prunella_modularis,143131,Prunella modularis,/Users/justyna-przy/Projects/ISE/FYP/src/bird_data/raw/prunella_modularis/XC143131.mp3,31.0,34.0,-19.186067664397292,-25.490154161664076,non_bird,,,0.0,0.0,non_bird,1,nonbird_lowconf,/Users/justyna-przy/Projects/ISE/FYP/src/bird_data/clips/non_bird/prunella_modularis/XC143131__s31000__e34000.wav,
prunella_modularis,143131,Prunella modularis,/Users/justyna-przy/Projects/ISE/FYP/src/bird_data/raw/prunella_modularis/XC143131.mp3,34.0,37.0,-19.04024379876694,-25.490154161664076,species,Prunella modularis,Dunnock,0.9893476963043213,0.9893476963043213,species,0,,,
prunella_modularis,143131,Prunella modularis,/Users/justyna-przy/Projects/ISE/FYP/src/bird_data/raw/prunella_modularis/XC143131.mp3,37.0,40.0,-23.314338697569866,-25.490154161664076,non_bird,,,0.0,0.0,non_bird,1,nonbird_lowconf,/Users/justyna-przy/Projects/ISE/FYP/src/bird_data/clips/non_bird/prunella_modularis/XC143131__s37000__e40000.wav,
prunella_modularis,143131,Prunella modularis,/Users/justyna-przy/Projects/ISE/FYP/src/bird_data/raw/prunella_modularis/XC143131.mp3,40.0,43.0,-22.036383011467606,-25.490154161664076,species,Prunella modularis,Dunnock,0.9750962853431702,0.9750962853431702,species,1,rand_species,/Users/justyna-przy/Projects/ISE/FYP/src/bird_data/clips/species/prunella_modularis/XC143131__s40000__e43000.wav,
prunella_modularis,143131,Prunella modularis,/Users/justyna-przy/Projects/ISE/FYP/src/bird_data/raw/prunella_modularis/XC143131.mp3,43.0,46.0,-18.91408850840716,-25.490154161664076,species,Prunella modularis,Dunnock,0.9559203386306763,0.9559203386306763,species,0,,,
prunella_modularis,143131,Prunella modularis,/Users/justyna-przy/Projects/ISE/FYP/src/bird_data/raw/prunella_modularis/XC143131.mp3,49.0,52.0,-24.613425239453047,-25.490154161664076,species,Prunella modularis,Dunnock,0.5621722936630249,0.5621722936630249,species,0,,,
prunella_modularis,143131,Prunella modularis,/Users/justyna-przy/Projects/ISE/FYP/src/bird_data/raw/prunella_modularis/XC143131.mp3,52.0,55.0,-22.678020703026522,-25.490154161664076,species,Prunella modularis,Dunnock,0.9602469801902771,0.9602469801902771,species,0,,,
prunella_modularis,143131,Prunella modularis,/Users/justyna-przy/Projects/ISE/FYP/src/bird_data/raw/prunella_modularis/XC143131.mp3,55.0,58.0,-24.07109276277547,-25.490154161664076,species,Prunella modularis,Dunnock,0.3793851435184479,0.3793851435184479,species,0,,,
prunella_modularis,142419,Prunella modularis,/Users/justyna-przy/Projects/ISE/FYP/src/bird_data/raw/prunella_modularis/XC142419.mp3,1.0,4.0,-24.80565031966274,-35.54903901836773,species,Prunella modularis,Dunnock,0.9994838237762451,0.9994838237762451,species,0,,,
prunella_modularis,142419,Prunella modularis,/Users/justyna-przy/Projects/ISE/FYP/src/bird_data/raw/prunella_modularis/XC142419.mp3,7.0,10.0,-26.758366609285517,-35.54903901836773,species,Prunella modularis,Dunnock,0.9172954559326172,0.9172954559326172,species,0,,,
prunella_modularis,142419,Prunella modularis,/Users/justyna-przy/Projects/ISE/FYP/src/bird_data/raw/prunella_modularis/XC142419.mp3,10.0,13.0,-27.190848416924467,-35.54903901836773,species,Prunella modularis,Dunnock,0.9970710277557373,0.9970710277557373,species,0,,,
prunella_modularis,142419,Prunella modularis,/Users/justyna-przy/Projects/ISE/FYP/src/bird_data/raw/prunella_modularis/XC142419.mp3,13.0,16.0,-23.32708376870855,-35.54903901836773,species,Prunella modularis,Dunnock,0.9986494183540344,0.9986494183540344,species,0,,,
prunella_modularis,142419,Prunella modularis,/Users/justyna-przy/Projects/ISE/FYP/src/bird_data/raw/prunella_modularis/XC142419.mp3,16.0,19.0,-32.42993205915749,-35.54903901836773,drop,Prunella modularis,Dunnock,0.15807271003723145,0.15807271003723145,drop,0,,,
prunella_modularis,142419,Prunella modularis,/Users/justyna-przy/Projects/ISE/FYP/src/bird_data/raw/prunella_modularis/XC142419.mp3,19.0,22.0,-34.733090968640255,-35.54903901836773,species,Prunella modularis,Dunnock,0.5896000862121582,0.5896000862121582,species,0,,,
prunella_modularis,142419,Prunella modularis,/Users/justyna-przy/Projects/ISE/FYP/src/bird_data/raw/prunella_modularis/XC142419.mp3,22.0,25.0,-23.13797579817487,-35.54903901836773,species,Prunella modularis,Dunnock,0.9986912608146667,0.9986912608146667,species,1,rand_species,/Users/justyna-przy/Projects/ISE/FYP/src/bird_data/clips/species/prunella_modularis/XC142419__s22000__e25000.wav,
prunella_modularis,142419,Prunella modularis,/Users/justyna-przy/Projects/ISE/FYP/src/bird_data/raw/prunella_modularis/XC142419.mp3,25.0,28.0,-33.827045523522024,-35.54903901836773,species,Prunella modularis,Dunnock,0.3868090808391571,0.3868090808391571,species,1,rand_species,/Users/justyna-przy/Projects/ISE/FYP/src/bird_data/clips/species/prunella_modularis/XC142419__s25000__e28000.wav,
prunella_modularis,142419,Prunella modularis,/Users/justyna-przy/Projects/ISE/FYP/src/bird_data/raw/prunella_modularis/XC142419.mp3,28.0,31.0,-23.53143339803576,-35.54903901836773,species,Prunella modularis,Dunnock,0.9988337159156799,0.9988337159156799,species,0,,,
prunella_modularis,142419,Prunella modularis,/Users/justyna-przy/Projects/ISE/FYP/src/bird_data/raw/prunella_modularis/XC142419.mp3,31.0,34.0,-23.07144140519914,-35.54903901836773,species,Prunella modularis,Dunnock,0.999297022819519,0.999297022819519,species,1,rand_species,/Users/justyna-przy/Projects/ISE/FYP/src/bird_data/clips/species/prunella_modularis/XC142419__s31000__e34000.wav,
prunella_modularis,142419,Prunella modularis,/Users/justyna-przy/Projects/ISE/FYP/src/bird_data/raw/prunella_modularis/XC142419.mp3,37.0,40.0,-27.287344997742427,-35.54903901836773,species,Prunella modularis,Dunnock,0.9566649198532104,0.9566649198532104,species,0,,,
prunella_modularis,142419,Prunella modularis,/Users/justyna-przy/Projects/ISE/FYP/src/bird_data/raw/prunella_modularis/XC142419.mp3,49.0,52.0,-26.082373805275573,-35.54903901836773,species,Prunella modularis,Dunnock,0.993533730506897,0.993533730506897,species,0,,,
prunella_modularis,142419,Prunella modularis,/Users/justyna-przy/Projects/ISE/FYP/src/bird_data/raw/prunella_modularis/XC142419.mp3,52.0,55.0,-30.388841145218407,-35.54903901836773,species,Prunella modularis,Dunnock,0.9288316965103149,0.9288316965103149,species,0,,,
prunella_modularis,138317,Prunella modularis,/Users/justyna-przy/Projects/ISE/FYP/src/bird_data/raw/prunella_modularis/XC138317.mp3,1.0,4.0,-22.178595919523314,-22.178595919523314,species,Prunella modularis,Dunnock,0.9573785066604614,0.9573785066604614,species,1,rand_species,/Users/justyna-przy/Projects/ISE/FYP/src/bird_data/clips/species/prunella_modularis/XC138317__s1000__e4000.wav,
prunella_modularis,132703,Prunella modularis,/Users/justyna-przy/Projects/ISE/FYP/src/bird_data/raw/prunella_modularis/XC132703.mp3,1.0,4.0,-19.637149227783517,-25.87836993262171,species,Prunella modularis,Dunnock,0.9927853345870972,0.9927853345870972,species,1,rand_species,/Users/justyna-przy/Projects/ISE/FYP/src/bird_data/clips/species/prunella_modularis/XC132703__s1000__e4000.wav,
prunella_modularis,132703,Prunella modularis,/Users/justyna-przy/Projects/ISE/FYP/src/bird_data/raw/prunella_modularis/XC132703.mp3,7.0,10.0,-21.771973593643498,-25.87836993262171,species,Prunella modularis,Dunnock,0.9763418436050415,0.9763418436050415,species,0,,,
prunella_modularis,132703,Prunella modularis,/Users/justyna-przy/Projects/ISE/FYP/src/bird_data/raw/prunella_modularis/XC132703.mp3,10.0,13.0,-23.22391225249693,-25.87836993262171,drop,Ficedula hypoleuca,European Pied Flycatcher,0.877680242061615,0.877680242061615,drop,0,,,
prunella_modularis,132703,Prunella modularis,/Users/justyna-przy/Projects/ISE/FYP/src/bird_data/raw/prunella_modularis/XC132703.mp3,13.0,16.0,-19.72852492119123,-25.87836993262171,species,Prunella modularis,Dunnock,0.9856625199317932,0.9856625199317932,species,1,rand_species,/Users/justyna-przy/Projects/ISE/FYP/src/bird_data/clips/species/prunella_modularis/XC132703__s13000__e16000.wav,
prunella_modularis,132703,Prunella modularis,/Users/justyna-przy/Projects/ISE/FYP/src/bird_data/raw/prunella_modularis/XC132703.mp3,22.0,25.0,-18.923585307866656,-25.87836993262171,species,Prunella modularis,Dunnock,0.9805243015289307,0.9805243015289307,species,1,rand_species,/Users/justyna-przy/Projects/ISE/FYP/src/bird_data/clips/species/prunella_modularis/XC132703__s22000__e25000.wav,
prunella_modularis,132379,Prunella modularis,/Users/justyna-przy/Projects/ISE/FYP/src/bird_data/raw/prunella_modularis/XC132379.mp3,4.0,7.0,-24.78701374146681,-35.449863045633656,species,Prunella modularis,Dunnock,0.9948480129241943,0.9948480129241943,species,1,rand_species,/Users/justyna-przy/Projects/ISE/FYP/src/bird_data/clips/species/prunella_modularis/XC132379__s4000__e7000.wav,
prunella_modularis,132379,Prunella modularis,/Users/justyna-przy/Projects/ISE/FYP/src/bird_data/raw/prunella_modularis/XC132379.mp3,10.0,13.0,-21.794379681772305,-35.449863045633656,species,Prunella modularis,Dunnock,0.9941708445549011,0.9941708445549011,species,0,,,
prunella_modularis,132379,Prunella modularis,/Users/justyna-przy/Projects/ISE/FYP/src/bird_data/raw/prunella_modularis/XC132379.mp3,13.0,16.0,-35.449863045633656,-35.449863045633656,drop,Carpodacus sibiricus,Long-tailed Rosefinch,0.11771892011165619,0.11771892011165619,drop,0,,,
prunella_modularis,132379,Prunella modularis,/Users/justyna-przy/Projects/ISE/FYP/src/bird_data/raw/prunella_modularis/XC132379.mp3,16.0,19.0,-23.44082488678229,-35.449863045633656,species,Prunella modularis,Dunnock,0.9671404957771301,0.9671404957771301,species,0,,,
prunella_modularis,132379,Prunella modularis,/Users/justyna-przy/Projects/ISE/FYP/src/bird_data/raw/prunella_modularis/XC132379.mp3,19.0,22.0,-23.825967029288716,-35.449863045633656,species,Prunella modularis,Dunnock,0.9979283809661865,0.9979283809661865,species,0,,,
prunella_modularis,132379,Prunella modularis,/Users/justyna-przy/Projects/ISE/FYP/src/bird_data/raw/prunella_modularis/XC132379.mp3,22.0,25.0,-28.261461977850644,-35.449863045633656,species,Prunella modularis,Dunnock,0.9189292192459106,0.9189292192459106,species,0,,,
prunella_modularis,132379,Prunella modularis,/Users/justyna-przy/Projects/ISE/FYP/src/bird_data/raw/prunella_modularis/XC132379.mp3,25.0,28.0,-22.2690997342561,-35.449863045633656,species,Prunella modularis,Dunnock,0.997505247592926,0.997505247592926,species,1,rand_species,/Users/justyna-przy/Projects/ISE/FYP/src/bird_data/clips/species/prunella_modularis/XC132379__s25000__e28000.wav,
prunella_modularis,132379,Prunella modularis,/Users/justyna-przy/Projects/ISE/FYP/src/bird_data/raw/prunella_modularis/XC132379.mp3,31.0,34.0,-23.879361306388557,-35.449863045633656,species,Prunella modularis,Dunnock,0.9987094402313232,0.9987094402313232,species,1,rand_species,/Users/justyna-przy/Projects/ISE/FYP/src/bird_data/clips/species/prunella_modularis/XC132379__s31000__e34000.wav,
prunella_modularis,129186,Prunella modularis,/Users/justyna-przy/Projects/ISE/FYP/src/bird_data/raw/prunella_modularis/XC129186.mp3,1.0,4.0,-42.07465671474289,-40.0,drop,Prunella modularis,Dunnock,0.2635761797428131,0.2635761797428131,drop,0,,,
prunella_modularis,122730,Prunella modularis,/Users/justyna-przy/Projects/ISE/FYP/src/bird_data/raw/prunella_modularis/XC122730.mp3,1.0,4.0,-20.167678116897847,-32.38391227800222,species,Prunella modularis,Dunnock,0.9437815546989441,0.9437815546989441,species,1,rand_species,/Users/justyna-przy/Projects/ISE/FYP/src/bird_data/clips/species/prunella_modularis/XC122730__s1000__e4000.wav,
prunella_modularis,122730,Prunella modularis,/Users/justyna-przy/Projects/ISE/FYP/src/bird_data/raw/prunella_modularis/XC122730.mp3,4.0,7.0,-18.588203001810896,-32.38391227800222,species,Prunella modularis,Dunnock,0.9981679916381836,0.9981679916381836,species,0,,,
prunella_modularis,122730,Prunella modularis,/Users/justyna-przy/Projects/ISE/FYP/src/bird_data/raw/prunella_modularis/XC122730.mp3,7.0,10.0,-28.004188433103906,-32.38391227800222,species,Prunella modularis,Dunnock,0.9915814995765686,0.9915814995765686,species,1,rand_species,/Users/justyna-przy/Projects/ISE/FYP/src/bird_data/clips/species/prunella_modularis/XC122730__s7000__e10000.wav,
prunella_modularis,122730,Prunella modularis,/Users/justyna-przy/Projects/ISE/FYP/src/bird_data/raw/prunella_modularis/XC122730.mp3,10.0,13.0,-28.847187943140312,-32.38391227800222,species,Prunella modularis,Dunnock,0.991869330406189,0.991869330406189,species,0,,,
prunella_modularis,122730,Prunella modularis,/Users/justyna-przy/Projects/ISE/FYP/src/bird_data/raw/prunella_modularis/XC122730.mp3,13.0,16.0,-27.467922786652316,-32.38391227800222,species,Prunella modularis,Dunnock,0.9853361248970032,0.9853361248970032,species,0,,,
prunella_modularis,122730,Prunella modularis,/Users/justyna-przy/Projects/ISE/FYP/src/bird_data/raw/prunella_modularis/XC122730.mp3,16.0,19.0,-31.331973106968675,-32.38391227800222,species,Prunella modularis,Dunnock,0.9936349391937256,0.9936349391937256,species,1,rand_species,/Users/justyna-przy/Projects/ISE/FYP/src/bird_data/clips/species/prunella_modularis/XC122730__s16000__e19000.wav,
prunella_modularis,111910,Prunella modularis,/Users/justyna-przy/Projects/ISE/FYP/src/bird_data/raw/prunella_modularis/XC111910.mp3,1.0,4.0,-24.06074870055488,-35.04447406566234,species,Prunella modularis,Dunnock,0.997438907623291,0.997438907623291,species,0,,,
prunella_modularis,111910,Prunella modularis,/Users/justyna-przy/Projects/ISE/FYP/src/bird_data/raw/prunella_modularis/XC111910.mp3,7.0,10.0,-24.662910530166045,-35.04447406566234,species,Prunella modularis,Dunnock,0.9740208983421326,0.9740208983421326,species,0,,,
prunella_modularis,111910,Prunella modularis,/Users/justyna-przy/Projects/ISE/FYP/src/bird_data/raw/prunella_modularis/XC111910.mp3,10.0,13.0,-25.09701871942542,-35.04447406566234,species,Prunella modularis,Dunnock,0.9927264451980591,0.9927264451980591,species,1,rand_species,/Users/justyna-przy/Projects/ISE/FYP/src/bird_data/clips/species/prunella_modularis/XC111910__s10000__e13000.wav,
prunella_modularis,111910,Prunella modularis,/Users/justyna-przy/Projects/ISE/FYP/src/bird_data/raw/prunella_modularis/XC111910.mp3,16.0,19.0,-25.86924490412208,-35.04447406566234,species,Prunella modularis,Dunnock,0.9373519420623779,0.9373519420623779,species,0,,,
prunella_modularis,111910,Prunella modularis,/Users/justyna-przy/Projects/ISE/FYP/src/bird_data/raw/prunella_modularis/XC111910.mp3,19.0,22.0,-26.646922363616753,-35.04447406566234,species,Prunella modularis,Dunnock,0.9901753067970276,0.9901753067970276,species,0,,,
prunella_modularis,111910,Prunella modularis,/Users/justyna-przy/Projects/ISE/FYP/src/bird_data/raw/prunella_modularis/XC111910.mp3,25.0,28.0,-27.334414209932554,-35.04447406566234,species,Prunella modularis,Dunnock,0.9897000789642334,0.9897000789642334,species,0,,,
prunella_modularis,111910,Prunella modularis,/Users/justyna-przy/Projects/ISE/FYP/src/bird_data/raw/prunella_modularis/XC111910.mp3,28.0,31.0,-34.3763069679897,-35.04447406566234,species,Prunella modularis,Dunnock,0.400770366191864,0.400770366191864,species,1,rand_species,/Users/justyna-przy/Projects/ISE/FYP/src/bird_data/clips/species/prunella_modularis/XC111910__s28000__e31000.wav,
prunella_modularis,111910,Prunella modularis,/Users/justyna-przy/Projects/ISE/FYP/src/bird_data/raw/prunella_modularis/XC111910.mp3,34.0,37.0,-21.630657912159702,-35.04447406566234,species,Prunella modularis,Dunnock,0.9973725080490112,0.9973725080490112,species,0,,,
prunella_modularis,111910,Prunella modularis,/Users/justyna-przy/Projects/ISE/FYP/src/bird_data/raw/prunella_modularis/XC111910.mp3,37.0,40.0,-25.34142203787399,-35.04447406566234,species,Prunella modularis,Dunnock,0.7877330183982849,0.7877330183982849,species,0,,,
prunella_modularis,111910,Prunella modularis,/Users/justyna-przy/Projects/ISE/FYP/src/bird_data/raw/prunella_modularis/XC111910.mp3,43.0,46.0,-20.921895369824114,-35.04447406566234,species,Prunella modularis,Dunnock,0.9972054362297058,0.9972054362297058,species,0,,,
prunella_modularis,111910,Prunella modularis,/Users/justyna-przy/Projects/ISE/FYP/src/bird_data/raw/prunella_modularis/XC111910.mp3,46.0,49.0,-28.202077092803485,-35.04447406566234,species,Prunella modularis,Dunnock,0.30326467752456665,0.30326467752456665,species,0,,,
prunella_modularis,111910,Prunella modularis,/Users/justyna-przy/Projects/ISE/FYP/src/bird_data/raw/prunella_modularis/XC111910.mp3,49.0,52.0,-24.182651966443697,-35.04447406566234,species,Prunella modularis,Dunnock,0.9930849075317383,0.9930849075317383,species,1,rand_species,/Users/justyna-przy/Projects/ISE/FYP/src/bird_data/clips/species/prunella_modularis/XC111910__s49000__e52000.wav,
prunella_modularis,42331,Prunella modularis,/Users/justyna-przy/Projects/ISE/FYP/src/bird_data/raw/prunella_modularis/XC42331.mp3,1.0,4.0,-24.907135676842607,-31.132696527623064,species,Prunella modularis,Dunnock,0.9723331928253174,0.9723331928253174,species,0,,,
prunella_modularis,42331,Prunella modularis,/Users/justyna-przy/Projects/ISE/FYP/src/bird_data/raw/prunella_modularis/XC42331.mp3,7.0,10.0,-23.014472060077562,-31.132696527623064,species,Prunella modularis,Dunnock,0.9759063720703125,0.9759063720703125,species,0,,,
prunella_modularis,42331,Prunella modularis,/Users/justyna-przy/Projects/ISE/FYP/src/bird_data/raw/prunella_modularis/XC42331.mp3,10.0,13.0,-25.658365481514696,-31.132696527623064,species,Prunella modularis,Dunnock,0.970011830329895,0.970011830329895,species,0,,,
prunella_modularis,42331,Prunella modularis,/Users/justyna-przy/Projects/ISE/FYP/src/bird_data/raw/prunella_modularis/XC42331.mp3,13.0,16.0,-28.83048545065444,-31.132696527623064,species,Prunella modularis,Dunnock,0.6972000598907471,0.6972000598907471,species,0,,,
prunella_modularis,42331,Prunella modularis,/Users/justyna-przy/Projects/ISE/FYP/src/bird_data/raw/prunella_modularis/XC42331.mp3,16.0,19.0,-16.802942983430746,-31.132696527623064,species,Prunella modularis,Dunnock,0.9903095364570618,0.9903095364570618,species,0,,,
prunella_modularis,42331,Prunella modularis,/Users/justyna-przy/Projects/ISE/FYP/src/bird_data/raw/prunella_modularis/XC42331.mp3,19.0,22.0,-27.790915025099707,-31.132696527623064,species,Prunella modularis,Dunnock,0.3935425281524658,0.3935425281524658,species,0,,,
prunella_modularis,42331,Prunella modularis,/Users/justyna-przy/Projects/ISE/FYP/src/bird_data/raw/prunella_modularis/XC42331.mp3,25.0,28.0,-21.956076098819462,-31.132696527623064,species,Prunella modularis,Dunnock,0.9750139117240906,0.9750139117240906,species,1,rand_species,/Users/justyna-przy/Projects/ISE/FYP/src/bird_data/clips/species/prunella_modularis/XC42331__s25000__e28000.wav,
prunella_modularis,42331,Prunella modularis,/Users/justyna-przy/Projects/ISE/FYP/src/bird_data/raw/prunella_modularis/XC42331.mp3,28.0,31.0,-22.309337920893626,-31.132696527623064,species,Prunella modularis,Dunnock,0.9820762872695923,0.9820762872695923,species,1,rand_species,/Users/justyna-przy/Projects/ISE/FYP/src/bird_data/clips/species/prunella_modularis/XC42331__s28000__e31000.wav,
prunella_modularis,42331,Prunella modularis,/Users/justyna-przy/Projects/ISE/FYP/src/bird_data/raw/prunella_modularis/XC42331.mp3,31.0,34.0,-25.992172418532917,-31.132696527623064,species,Prunella modularis,Dunnock,0.9473917484283447,0.9473917484283447,species,0,,,
prunella_modularis,42331,Prunella modularis,/Users/justyna-przy/Projects/ISE/FYP/src/bird_data/raw/prunella_modularis/XC42331.mp3,34.0,37.0,-31.065389116932508,-31.132696527623064,species,Prunella modularis,Dunnock,0.9697485566139221,0.9697485566139221,species,1,rand_species,/Users/justyna-przy/Projects/ISE/FYP/src/bird_data/clips/species/prunella_modularis/XC42331__s34000__e37000.wav,
prunella_modularis,42331,Prunella modularis,/Users/justyna-przy/Projects/ISE/FYP/src/bird_data/raw/prunella_modularis/XC42331.mp3,40.0,43.0,-29.793125185184223,-31.132696527623064,species,Prunella modularis,Dunnock,0.9845539927482605,0.9845539927482605,species,0,,,
prunella_modularis,1086299,Prunella modularis,/Users/justyna-przy/Projects/ISE/FYP/src/bird_data/raw/prunella_modularis/XC1086299.mp3,1.0,4.0,-34.40514628876614,-40.0,species,Prunella modularis,Dunnock,0.9980595707893372,0.9980595707893372,species,1,rand_species,/Users/justyna-przy/Projects/ISE/FYP/src/bird_data/clips/species/prunella_modularis/XC1086299__s1000__e4000.wav,
prunella_modularis,1086091,Prunella modularis,/Users/justyna-przy/Projects/ISE/FYP/src/bird_data/raw/prunella_modularis/XC1086091.mp3,1.0,4.0,-23.591186364267006,-35.235417248598296,species,Prunella modularis,Dunnock,0.9757940769195557,0.9757940769195557,species,1,rand_species,/Users/justyna-przy/Projects/ISE/FYP/src/bird_data/clips/species/prunella_modularis/XC1086091__s1000__e4000.wav,
prunella_modularis,1086091,Prunella modularis,/Users/justyna-przy/Projects/ISE/FYP/src/bird_data/raw/prunella_modularis/XC1086091.mp3,4.0,7.0,-16.540865591435995,-35.235417248598296,species,Prunella modularis,Dunnock,0.9636378288269043,0.9636378288269043,species,0,,,
prunella_modularis,1086091,Prunella modularis,/Users/justyna-przy/Projects/ISE/FYP/src/bird_data/raw/prunella_modularis/XC1086091.mp3,10.0,13.0,-34.425881960480254,-35.235417248598296,species,Prunella modularis,Dunnock,0.406973659992218,0.406973659992218,species,1,rand_species,/Users/justyna-przy/Projects/ISE/FYP/src/bird_data/clips/species/prunella_modularis/XC1086091__s10000__e13000.wav,
prunella_modularis,1086091,Prunella modularis,/Users/justyna-przy/Projects/ISE/FYP/src/bird_data/raw/prunella_modularis/XC1086091.mp3,13.0,16.0,-34.054338070281204,-35.235417248598296,species,Prunella modularis,Dunnock,0.9659869074821472,0.9659869074821472,species,1,rand_species,/Users/justyna-przy/Projects/ISE/FYP/src/bird_data/clips/species/prunella_modularis/XC1086091__s13000__e16000.wav,
prunella_modularis,1086091,Prunella modularis,/Users/justyna-przy/Projects/ISE/FYP/src/bird_data/raw/prunella_modularis/XC1086091.mp3,19.0,22.0,-34.7250572521814,-35.235417248598296,species,Prunella modularis,Dunnock,0.9767739772796631,0.9767739772796631,species,0,,,
prunella_modularis,1083322,Prunella modularis,/Users/justyna-przy/Projects/ISE/FYP/src/bird_data/raw/prunella_modularis/XC1083322.mp3,1.0,4.0,-23.3135027692365,-31.89307509657778,species,Prunella modularis,Dunnock,0.9946033358573914,0.9946033358573914,species,1,rand_species,/Users/justyna-przy/Projects/ISE/FYP/src/bird_data/clips/species/prunella_modularis/XC1083322__s1000__e4000.wav,
prunella_modularis,1083322,Prunella modularis,/Users/justyna-przy/Projects/ISE/FYP/src/bird_data/raw/prunella_modularis/XC1083322.mp3,4.0,7.0,-23.77202672377877,-31.89307509657778,species,Prunella modularis,Dunnock,0.8634814023971558,0.8634814023971558,species,0,,,
prunella_modularis,1083322,Prunella modularis,/Users/justyna-przy/Projects/ISE/FYP/src/bird_data/raw/prunella_modularis/XC1083322.mp3,7.0,10.0,-28.011493813054695,-31.89307509657778,species,Prunella modularis,Dunnock,0.9678818583488464,0.9678818583488464,species,1,rand_species,/Users/justyna-przy/Projects/ISE/FYP/src/bird_data/clips/species/prunella_modularis/XC1083322__s7000__e10000.wav,
prunella_modularis,1083322,Prunella modularis,/Users/justyna-przy/Projects/ISE/FYP/src/bird_data/raw/prunella_modularis/XC1083322.mp3,10.0,13.0,-30.695577976764746,-31.89307509657778,species,Prunella modularis,Dunnock,0.9440863132476807,0.9440863132476807,species,1,rand_species,/Users/justyna-przy/Projects/ISE/FYP/src/bird_data/clips/species/prunella_modularis/XC1083322__s10000__e13000.wav,
prunella_modularis,1083321,Prunella modularis,/Users/justyna-przy/Projects/ISE/FYP/src/bird_data/raw/prunella_modularis/XC1083321.mp3,1.0,4.0,-22.74338781814006,-34.742129307334416,species,Prunella modularis,Dunnock,0.9696005582809448,0.9696005582809448,species,0,,,
prunella_modularis,1083321,Prunella modularis,/Users/justyna-przy/Projects/ISE/FYP/src/bird_data/raw/prunella_modularis/XC1083321.mp3,7.0,10.0,-34.191402652161116,-34.742129307334416,species,Prunella modularis,Dunnock,0.5570892691612244,0.5570892691612244,species,1,rand_species,/Users/justyna-przy/Projects/ISE/FYP/src/bird_data/clips/species/prunella_modularis/XC1083321__s7000__e10000.wav,
prunella_modularis,1083321,Prunella modularis,/Users/justyna-przy/Projects/ISE/FYP/src/bird_data/raw/prunella_modularis/XC1083321.mp3,10.0,13.0,-27.190506319131543,-34.742129307334416,species,Prunella modularis,Dunnock,0.7142208218574524,0.7142208218574524,species,1,rand_species,/Users/justyna-przy/Projects/ISE/FYP/src/bird_data/clips/species/prunella_modularis/XC1083321__s10000__e13000.wav,
prunella_modularis,1083321,Prunella modularis,/Users/justyna-przy/Projects/ISE/FYP/src/bird_data/raw/prunella_modularis/XC1083321.mp3,13.0,16.0,-26.8581379518059,-34.742129307334416,species,Prunella modularis,Dunnock,0.9318456649780273,0.9318456649780273,species,1,rand_species,/Users/justyna-przy/Projects/ISE/FYP/src/bird_data/clips/species/prunella_modularis/XC1083321__s13000__e16000.wav,
prunella_modularis,1083321,Prunella modularis,/Users/justyna-przy/Projects/ISE/FYP/src/bird_data/raw/prunella_modularis/XC1083321.mp3,19.0,22.0,-29.5868135276451,-34.742129307334416,species,Prunella modularis,Dunnock,0.7637994885444641,0.7637994885444641,species,0,,,
prunella_modularis,1083318,Prunella modularis,/Users/justyna-przy/Projects/ISE/FYP/src/bird_data/raw/prunella_modularis/XC1083318.mp3,4.0,7.0,-40.850352096845135,-40.0,drop,Larus argentatus,Herring Gull,0.7122749090194702,0.7122749090194702,drop,0,,,
prunella_modularis,1082753,Prunella modularis,/Users/justyna-przy/Projects/ISE/FYP/src/bird_data/raw/prunella_modularis/XC1082753.mp3,1.0,4.0,-25.27172105018163,-40.0,species,Prunella modularis,Dunnock,0.9595822691917419,0.9595822691917419,species,0,,,
prunella_modularis,1082753,Prunella modularis,/Users/justyna-przy/Projects/ISE/FYP/src/bird_data/raw/prunella_modularis/XC1082753.mp3,4.0,7.0,-33.057646276385086,-40.0,drop,Prunella modularis,Dunnock,0.2988888621330261,0.2988888621330261,drop,0,,,
prunella_modularis,1082753,Prunella modularis,/Users/justyna-przy/Projects/ISE/FYP/src/bird_data/raw/prunella_modularis/XC1082753.mp3,7.0,10.0,-33.09995372289099,-40.0,species,Prunella modularis,Dunnock,0.9524551630020142,0.9524551630020142,species,0,,,
prunella_modularis,1082753,Prunella modularis,/Users/justyna-przy/Projects/ISE/FYP/src/bird_data/raw/prunella_modularis/XC1082753.mp3,16.0,19.0,-23.142487025039138,-40.0,species,Prunella modularis,Dunnock,0.9969215989112854,0.9969215989112854,species,1,rand_species,/Users/justyna-przy/Projects/ISE/FYP/src/bird_data/clips/species/prunella_modularis/XC1082753__s16000__e19000.wav,
prunella_modularis,1082753,Prunella modularis,/Users/justyna-przy/Projects/ISE/FYP/src/bird_data/raw/prunella_modularis/XC1082753.mp3,22.0,25.0,-24.307338146390094,-40.0,species,Prunella modularis,Dunnock,0.989888608455658,0.989888608455658,species,0,,,
prunella_modularis,1082753,Prunella modularis,/Users/justyna-przy/Projects/ISE/FYP/src/bird_data/raw/prunella_modularis/XC1082753.mp3,28.0,31.0,-21.355340728187606,-40.0,species,Prunella modularis,Dunnock,0.9941098690032959,0.9941098690032959,species,1,rand_species,/Users/justyna-przy/Projects/ISE/FYP/src/bird_data/clips/species/prunella_modularis/XC1082753__s28000__e31000.wav,
prunella_modularis,1082753,Prunella modularis,/Users/justyna-przy/Projects/ISE/FYP/src/bird_data/raw/prunella_modularis/XC1082753.mp3,34.0,37.0,-21.16847967265889,-40.0,species,Prunella modularis,Dunnock,0.9772736430168152,0.9772736430168152,species,0,,,
prunella_modularis,1082753,Prunella modularis,/Users/justyna-przy/Projects/ISE/FYP/src/bird_data/raw/prunella_modularis/XC1082753.mp3,40.0,43.0,-20.763948715762638,-40.0,species,Prunella modularis,Dunnock,0.996535062789917,0.996535062789917,species,0,,,
prunella_modularis,1082753,Prunella modularis,/Users/justyna-przy/Projects/ISE/FYP/src/bird_data/raw/prunella_modularis/XC1082753.mp3,46.0,49.0,-23.815681697163843,-40.0,species,Prunella modularis,Dunnock,0.8995681405067444,0.8995681405067444,species,0,,,
prunella_modularis,1082753,Prunella modularis,/Users/justyna-przy/Projects/ISE/FYP/src/bird_data/raw/prunella_modularis/XC1082753.mp3,49.0,52.0,-23.094109994490303,-40.0,species,Prunella modularis,Dunnock,0.9928843975067139,0.9928843975067139,species,1,rand_species,/Users/justyna-przy/Projects/ISE/FYP/src/bird_data/clips/species/prunella_modularis/XC1082753__s49000__e52000.wav,
prunella_modularis,1082753,Prunella modularis,/Users/justyna-przy/Projects/ISE/FYP/src/bird_data/raw/prunella_modularis/XC1082753.mp3,55.0,58.0,-24.669220541454415,-40.0,species,Prunella modularis,Dunnock,0.9704511761665344,0.9704511761665344,species,0,,,
prunella_modularis,1082391,Prunella modularis,/Users/justyna-przy/Projects/ISE/FYP/src/bird_data/raw/prunella_modularis/XC1082391.mp3,1.0,4.0,-24.740234886175998,-27.3814059067523,drop,Emberiza spodocephala,Black-faced Bunting,0.4844733774662018,0.4844733774662018,drop,0,,,
prunella_modularis,1082391,Prunella modularis,/Users/justyna-przy/Projects/ISE/FYP/src/bird_data/raw/prunella_modularis/XC1082391.mp3,4.0,7.0,-24.602748794591825,-27.3814059067523,drop,Emberiza spodocephala,Black-faced Bunting,0.1349250078201294,0.1349250078201294,drop,0,,,
prunella_modularis,1082391,Prunella modularis,/Users/justyna-przy/Projects/ISE/FYP/src/bird_data/raw/prunella_modularis/XC1082391.mp3,7.0,10.0,-13.648372898225903,-27.3814059067523,species,Prunella modularis,Dunnock,0.5314778089523315,0.5314778089523315,species,1,rand_species,/Users/justyna-przy/Projects/ISE/FYP/src/bird_data/clips/species/prunella_modularis/XC1082391__s7000__e10000.wav,
prunella_modularis,1082391,Prunella modularis,/Users/justyna-przy/Projects/ISE/FYP/src/bird_data/raw/prunella_modularis/XC1082391.mp3,10.0,13.0,-23.009191298738116,-27.3814059067523,species,Prunella modularis,Dunnock,0.490926593542099,0.490926593542099,species,1,rand_species,/Users/justyna-przy/Projects/ISE/FYP/src/bird_data/clips/species/prunella_modularis/XC1082391__s10000__e13000.wav,
prunella_modularis,1082391,Prunella modularis,/Users/justyna-przy/Projects/ISE/FYP/src/bird_data/raw/prunella_modularis/XC1082391.mp3,13.0,16.0,-26.95179909781644,-27.3814059067523,species,Prunella modularis,Dunnock,0.66574627161026,0.66574627161026,species,1,rand_species,/Users/justyna-przy/Projects/ISE/FYP/src/bird_data/clips/species/prunella_modularis/XC1082391__s13000__e16000.wav,
prunella_modularis,1082391,Prunella modularis,/Users/justyna-przy/Projects/ISE/FYP/src/bird_data/raw/prunella_modularis/XC1082391.mp3,19.0,22.0,-25.924073493182618,-27.3814059067523,drop,Prunella modularis,Dunnock,0.24501672387123108,0.24501672387123108,drop,0,,,
prunella_modularis,1082391,Prunella modularis,/Users/justyna-przy/Projects/ISE/FYP/src/bird_data/raw/prunella_modularis/XC1082391.mp3,22.0,25.0,-26.734336327241067,-27.3814059067523,drop,Cinclus cinclus,White-throated Dipper,0.29040879011154175,0.29040879011154175,drop,0,,,
prunella_modularis,1082391,Prunella modularis,/Users/justyna-przy/Projects/ISE/FYP/src/bird_data/raw/prunella_modularis/XC1082391.mp3,31.0,34.0,-16.18036757855843,-27.3814059067523,drop,Emberiza godlewskii,Godlewski's Bunting,0.39540913701057434,0.39540913701057434,drop,0,,,
prunella_modularis,1080714,Prunella modularis,/Users/justyna-przy/Projects/ISE/FYP/src/bird_data/raw/prunella_modularis/XC1080714.mp3,1.0,4.0,-23.569135356537593,-23.569135356537593,species,Prunella modularis,Dunnock,0.9442950487136841,0.9442950487136841,species,1,rand_species,/Users/justyna-przy/Projects/ISE/FYP/src/bird_data/clips/species/prunella_modularis/XC1080714__s1000__e4000.wav,
prunella_modularis,1079117,Prunella modularis,/Users/justyna-przy/Projects/ISE/FYP/src/bird_data/raw/prunella_modularis/XC1079117.mp3,1.0,4.0,-25.320983070016148,-31.79109896687431,species,Prunella modularis,Dunnock,0.9840006828308105,0.9840006828308105,species,0,,,
prunella_modularis,1079117,Prunella modularis,/Users/justyna-przy/Projects/ISE/FYP/src/bird_data/raw/prunella_modularis/XC1079117.mp3,4.0,7.0,-26.453151015176783,-31.79109896687431,species,Prunella modularis,Dunnock,0.9610739350318909,0.9610739350318909,species,1,rand_species,/Users/justyna-przy/Projects/ISE/FYP/src/bird_data/clips/species/prunella_modularis/XC1079117__s4000__e7000.wav,
prunella_modularis,1079117,Prunella modularis,/Users/justyna-przy/Projects/ISE/FYP/src/bird_data/raw/prunella_modularis/XC1079117.mp3,7.0,10.0,-29.54384781295144,-31.79109896687431,drop,Erithacus rubecula,European Robin,0.29637861251831055,0.29637861251831055,drop,0,,,
prunella_modularis,1079117,Prunella modularis,/Users/justyna-przy/Projects/ISE/FYP/src/bird_data/raw/prunella_modularis/XC1079117.mp3,13.0,16.0,-30.795826879478867,-31.79109896687431,species,Prunella modularis,Dunnock,0.9811288118362427,0.9811288118362427,species,1,rand_species,/Users/justyna-przy/Projects/ISE/FYP/src/bird_data/clips/species/prunella_modularis/XC1079117__s13000__e16000.wav,
prunella_modularis,1079117,Prunella modularis,/Users/justyna-przy/Projects/ISE/FYP/src/bird_data/raw/prunella_modularis/XC1079117.mp3,19.0,22.0,-31.655511054870026,-31.79109896687431,species,Prunella modularis,Dunnock,0.9974587559700012,0.9974587559700012,species,1,rand_species,/Users/justyna-przy/Projects/ISE/FYP/src/bird_data/clips/species/prunella_modularis/XC1079117__s19000__e22000.wav,
prunella_modularis,1079117,Prunella modularis,/Users/justyna-przy/Projects/ISE/FYP/src/bird_data/raw/prunella_modularis/XC1079117.mp3,25.0,28.0,-27.880094982162582,-31.79109896687431,species,Prunella modularis,Dunnock,0.9983580708503723,0.9983580708503723,species,0,,,
prunella_modularis,1079117,Prunella modularis,/Users/justyna-przy/Projects/ISE/FYP/src/bird_data/raw/prunella_modularis/XC1079117.mp3,28.0,31.0,-30.343890679012596,-31.79109896687431,drop,Erithacus rubecula,European Robin,0.42953675985336304,0.42953675985336304,drop,0,,,
prunella_modularis,1077360,Prunella modularis,/Users/justyna-przy/Projects/ISE/FYP/src/bird_data/raw/prunella_modularis/XC1077360.mp3,7.0,10.0,-24.194962568229165,-27.956561599200395,species,Prunella modularis,Dunnock,0.9973067045211792,0.9973067045211792,species,0,,,
prunella_modularis,1077360,Prunella modularis,/Users/justyna-przy/Projects/ISE/FYP/src/bird_data/raw/prunella_modularis/XC1077360.mp3,10.0,13.0,-26.415133342171316,-27.956561599200395,species,Prunella modularis,Dunnock,0.693031907081604,0.693031907081604,species,1,rand_species,/Users/justyna-przy/Projects/ISE/FYP/src/bird_data/clips/species/prunella_modularis/XC1077360__s10000__e13000.wav,
prunella_modularis,1077360,Prunella modularis,/Users/justyna-przy/Projects/ISE/FYP/src/bird_data/raw/prunella_modularis/XC1077360.mp3,13.0,16.0,-22.44783806330824,-27.956561599200395,species,Prunella modularis,Dunnock,0.9852354526519775,0.9852354526519775,species,0,,,
prunella_modularis,1077360,Prunella modularis,/Users/justyna-przy/Projects/ISE/FYP/src/bird_data/raw/prunella_modularis/XC1077360.mp3,16.0,19.0,-23.47454638338382,-27.956561599200395,species,Prunella modularis,Dunnock,0.9495699405670166,0.9495699405670166,species,0,,,
prunella_modularis,1077360,Prunella modularis,/Users/justyna-przy/Projects/ISE/FYP/src/bird_data/raw/prunella_modularis/XC1077360.mp3,22.0,25.0,-22.346433183166575,-27.956561599200395,species,Prunella modularis,Dunnock,0.9896838665008545,0.9896838665008545,species,1,rand_species,/Users/justyna-przy/Projects/ISE/FYP/src/bird_data/clips/species/prunella_modularis/XC1077360__s22000__e25000.wav,
prunella_modularis,1077360,Prunella modularis,/Users/justyna-przy/Projects/ISE/FYP/src/bird_data/raw/prunella_modularis/XC1077360.mp3,25.0,28.0,-24.28081942088753,-27.956561599200395,species,Prunella modularis,Dunnock,0.9130216240882874,0.9130216240882874,species,1,rand_species,/Users/justyna-przy/Projects/ISE/FYP/src/bird_data/clips/species/prunella_modularis/XC1077360__s25000__e28000.wav,
prunella_modularis,1072424,Prunella modularis,/Users/justyna-przy/Projects/ISE/FYP/src/bird_data/raw/prunella_modularis/XC1072424.mp3,1.0,4.0,-38.12122101504678,-40.0,drop,Turdus philomelos,Song Thrush,0.11300886422395706,0.11300886422395706,drop,0,,,
prunella_modularis,1072424,Prunella modularis,/Users/justyna-przy/Projects/ISE/FYP/src/bird_data/raw/prunella_modularis/XC1072424.mp3,10.0,13.0,-34.562704149677906,-40.0,species,Prunella modularis,Dunnock,0.99660325050354,0.99660325050354,species,1,rand_species,/Users/justyna-przy/Projects/ISE/FYP/src/bird_data/clips/species/prunella_modularis/XC1072424__s10000__e13000.wav,
prunella_modularis,1072424,Prunella modularis,/Users/justyna-przy/Projects/ISE/FYP/src/bird_data/raw/prunella_modularis/XC1072424.mp3,13.0,16.0,-39.25735483890796,-40.0,species,Prunella modularis,Dunnock,0.9984685778617859,0.9984685778617859,species,1,rand_species,/Users/justyna-przy/Projects/ISE/FYP/src/bird_data/clips/species/prunella_modularis/XC1072424__s13000__e16000.wav,
prunella_modularis,1071369,Prunella modularis,/Users/justyna-przy/Projects/ISE/FYP/src/bird_data/raw/prunella_modularis/XC1071369.mp3,13.0,16.0,-42.38290994834827,-40.0,species,Prunella modularis,Dunnock,0.9730126857757568,0.9730126857757568,species,1,rand_species,/Users/justyna-przy/Projects/ISE/FYP/src/bird_data/clips/species/prunella_modularis/XC1071369__s13000__e16000.wav,
prunella_modularis,1054258,Prunella modularis,/Users/justyna-przy/Projects/ISE/FYP/src/bird_data/raw/prunella_modularis/XC1054258.mp3,1.0,4.0,-48.89545150093565,-40.0,species,Prunella modularis,Dunnock,0.5267472267150879,0.5267472267150879,species,1,rand_species,/Users/justyna-przy/Projects/ISE/FYP/src/bird_data/clips/species/prunella_modularis/XC1054258__s1000__e4000.wav,
prunella_modularis,1043944,Prunella modularis,/Users/justyna-przy/Projects/ISE/FYP/src/bird_data/raw/prunella_modularis/XC1043944.mp3,1.0,4.0,-36.78315822289639,-40.0,drop,Troglodytes rufociliatus,Rufous-browed Wren,0.5631513595581055,0.5631513595581055,drop,0,,,
prunella_modularis,1043944,Prunella modularis,/Users/justyna-przy/Projects/ISE/FYP/src/bird_data/raw/prunella_modularis/XC1043944.mp3,10.0,13.0,-37.05624066305563,-40.0,non_bird,,,0.0,0.0,non_bird,1,nonbird_lowconf,/Users/justyna-przy/Projects/ISE/FYP/src/bird_data/clips/non_bird/prunella_modularis/XC1043944__s10000__e13000.wav,
prunella_modularis,1043944,Prunella modularis,/Users/justyna-przy/Projects/ISE/FYP/src/bird_data/raw/prunella_modularis/XC1043944.mp3,16.0,19.0,-36.54606614687539,-40.0,drop,Troglodytes troglodytes,Eurasian Wren,0.6707146167755127,0.6707146167755127,drop,0,,,
prunella_modularis,1043944,Prunella modularis,/Users/justyna-przy/Projects/ISE/FYP/src/bird_data/raw/prunella_modularis/XC1043944.mp3,25.0,28.0,-38.84129295451474,-40.0,drop,Troglodytes pacificus,Pacific Wren,0.2901589870452881,0.2901589870452881,drop,0,,,
prunella_modularis,1043944,Prunella modularis,/Users/justyna-przy/Projects/ISE/FYP/src/bird_data/raw/prunella_modularis/XC1043944.mp3,28.0,31.0,-35.428330222517,-40.0,non_bird,,,0.0,0.0,non_bird,1,nonbird_lowconf,/Users/justyna-przy/Projects/ISE/FYP/src/bird_data/clips/non_bird/prunella_modularis/XC1043944__s28000__e31000.wav,
prunella_modularis,1043944,Prunella modularis,/Users/justyna-przy/Projects/ISE/FYP/src/bird_data/raw/prunella_modularis/XC1043944.mp3,31.0,34.0,-35.83016464668462,-40.0,non_bird,,,0.0,0.0,non_bird,0,,,
prunella_modularis,1043944,Prunella modularis,/Users/justyna-przy/Projects/ISE/FYP/src/bird_data/raw/prunella_modularis/XC1043944.mp3,34.0,37.0,-37.193695555370866,-40.0,drop,Phylloscopus inornatus,Yellow-browed Warbler,0.10512915998697281,0.10512915998697281,drop,0,,,
prunella_modularis,1043944,Prunella modularis,/Users/justyna-przy/Projects/ISE/FYP/src/bird_data/raw/prunella_modularis/XC1043944.mp3,49.0,52.0,-35.787220135820725,-40.0,drop,Lophophanes cristatus,Crested Tit,0.13788984715938568,0.13788984715938568,drop,0,,,
prunella_modularis,1039140,Prunella modularis,/Users/justyna-przy/Projects/ISE/FYP/src/bird_data/raw/prunella_modularis/XC1039140.mp3,1.0,4.0,-41.99702412922048,-40.0,species,Prunella modularis,Dunnock,0.9855344295501709,0.9855344295501709,species,1,rand_species,/Users/justyna-przy/Projects/ISE/FYP/src/bird_data/clips/species/prunella_modularis/XC1039140__s1000__e4000.wav,
prunella_modularis,1024200,Prunella modularis,/Users/justyna-przy/Projects/ISE/FYP/src/bird_data/raw/prunella_modularis/XC1024200.mp3,4.0,7.0,-30.481560227789796,-34.35998455548735,drop,Anthus trivialis,Tree Pipit,0.1778639554977417,0.1778639554977417,drop,0,,,
prunella_modularis,1024200,Prunella modularis,/Users/justyna-przy/Projects/ISE/FYP/src/bird_data/raw/prunella_modularis/XC1024200.mp3,7.0,10.0,-32.87782711644248,-34.35998455548735,drop,Prunella modularis,Dunnock,0.17152352631092072,0.17152352631092072,drop,0,,,
prunella_modularis,1024200,Prunella modularis,/Users/justyna-przy/Projects/ISE/FYP/src/bird_data/raw/prunella_modularis/XC1024200.mp3,10.0,13.0,-33.69303995048823,-34.35998455548735,species,Prunella modularis,Dunnock,0.5298852324485779,0.5298852324485779,species,1,rand_species,/Users/justyna-przy/Projects/ISE/FYP/src/bird_data/clips/species/prunella_modularis/XC1024200__s10000__e13000.wav,
prunella_modularis,1024200,Prunella modularis,/Users/justyna-przy/Projects/ISE/FYP/src/bird_data/raw/prunella_modularis/XC1024200.mp3,13.0,16.0,-33.25256915885819,-34.35998455548735,drop,Coccothraustes coccothraustes,Hawfinch,0.10958527028560638,0.10958527028560638,drop,0,,,
prunella_modularis,1024200,Prunella modularis,/Users/justyna-przy/Projects/ISE/FYP/src/bird_data/raw/prunella_modularis/XC1024200.mp3,16.0,19.0,-32.58459676257349,-34.35998455548735,drop,Anthus trivialis,Tree Pipit,0.7204794883728027,0.7204794883728027,drop,0,,,
prunella_modularis,1024200,Prunella modularis,/Users/justyna-przy/Projects/ISE/FYP/src/bird_data/raw/prunella_modularis/XC1024200.mp3,22.0,25.0,-33.32566509911888,-34.35998455548735,drop,Alcedo atthis,Common Kingfisher,0.1455620676279068,0.1455620676279068,drop,0,,,
prunella_modularis,1024199,Prunella modularis,/Users/justyna-przy/Projects/ISE/FYP/src/bird_data/raw/prunella_modularis/XC1024199.mp3,1.0,4.0,-34.889729401056776,-35.62734636710756,drop,Anthus trivialis,Tree Pipit,0.5004131197929382,0.5004131197929382,drop,0,,,
prunella_modularis,1024199,Prunella modularis,/Users/justyna-przy/Projects/ISE/FYP/src/bird_data/raw/prunella_modularis/XC1024199.mp3,4.0,7.0,-34.32130161126106,-35.62734636710756,drop,Alcedo atthis,Common Kingfisher,0.49402064085006714,0.49402064085006714,drop,0,,,
prunella_modularis,1024199,Prunella modularis,/Users/justyna-przy/Projects/ISE/FYP/src/bird_data/raw/prunella_modularis/XC1024199.mp3,7.0,10.0,-35.32182593669515,-35.62734636710756,species,Prunella modularis,Dunnock,0.7677111029624939,0.7677111029624939,species,0,,,
prunella_modularis,1024199,Prunella modularis,/Users/justyna-przy/Projects/ISE/FYP/src/bird_data/raw/prunella_modularis/XC1024199.mp3,10.0,13.0,-34.3114046555059,-35.62734636710756,drop,Prunella modularis,Dunnock,0.23798511922359467,0.23798511922359467,drop,0,,,
prunella_modularis,1024199,Prunella modularis,/Users/justyna-przy/Projects/ISE/FYP/src/bird_data/raw/prunella_modularis/XC1024199.mp3,13.0,16.0,-32.20358624604525,-35.62734636710756,drop,Anthus trivialis,Tree Pipit,0.65889972448349,0.65889972448349,drop,0,,,
prunella_modularis,1024199,Prunella modularis,/Users/justyna-przy/Projects/ISE/FYP/src/bird_data/raw/prunella_modularis/XC1024199.mp3,16.0,19.0,-34.0713753990445,-35.62734636710756,drop,Anthus trivialis,Tree Pipit,0.5943900942802429,0.5943900942802429,drop,0,,,
prunella_modularis,1024199,Prunella modularis,/Users/justyna-przy/Projects/ISE/FYP/src/bird_data/raw/prunella_modularis/XC1024199.mp3,19.0,22.0,-34.503509323191345,-35.62734636710756,drop,Alcedo atthis,Common Kingfisher,0.7918021082878113,0.7918021082878113,drop,0,,,
prunella_modularis,1024199,Prunella modularis,/Users/justyna-przy/Projects/ISE/FYP/src/bird_data/raw/prunella_modularis/XC1024199.mp3,22.0,25.0,-30.84251828488691,-35.62734636710756,species,Prunella modularis,Dunnock,0.658827543258667,0.658827543258667,species,0,,,
prunella_modularis,1024199,Prunella modularis,/Users/justyna-przy/Projects/ISE/FYP/src/bird_data/raw/prunella_modularis/XC1024199.mp3,25.0,28.0,-34.67016692487909,-35.62734636710756,species,Prunella modularis,Dunnock,0.8176535367965698,0.8176535367965698,species,1,rand_species,/Users/justyna-przy/Projects/ISE/FYP/src/bird_data/clips/species/prunella_modularis/XC1024199__s25000__e28000.wav,
prunella_modularis,1024199,Prunella modularis,/Users/justyna-przy/Projects/ISE/FYP/src/bird_data/raw/prunella_modularis/XC1024199.mp3,28.0,31.0,-31.851525128306967,-35.62734636710756,species,Prunella modularis,Dunnock,0.8835675716400146,0.8835675716400146,species,1,rand_species,/Users/justyna-przy/Projects/ISE/FYP/src/bird_data/clips/species/prunella_modularis/XC1024199__s28000__e31000.wav,
prunella_modularis,1024199,Prunella modularis,/Users/justyna-przy/Projects/ISE/FYP/src/bird_data/raw/prunella_modularis/XC1024199.mp3,43.0,46.0,-33.8883663935598,-35.62734636710756,species,Prunella modularis,Dunnock,0.7466880083084106,0.7466880083084106,species,1,rand_species,/Users/justyna-przy/Projects/ISE/FYP/src/bird_data/clips/species/prunella_modularis/XC1024199__s43000__e46000.wav,
prunella_modularis,1010364,Prunella modularis,/Users/justyna-przy/Projects/ISE/FYP/src/bird_data/raw/prunella_modularis/XC1010364.mp3,1.0,4.0,-26.737208216422985,-35.30667001203795,drop,Cinnyris asiaticus,Purple Sunbird,0.1341400444507599,0.1341400444507599,drop,0,,,
prunella_modularis,1010364,Prunella modularis,/Users/justyna-przy/Projects/ISE/FYP/src/bird_data/raw/prunella_modularis/XC1010364.mp3,4.0,7.0,-24.395463371633696,-35.30667001203795,drop,Engine,Engine,0.15697504580020905,0.15697504580020905,drop,0,,,
prunella_modularis,1010364,Prunella modularis,/Users/justyna-przy/Projects/ISE/FYP/src/bird_data/raw/prunella_modularis/XC1010364.mp3,7.0,10.0,-23.3290877651441,-35.30667001203795,drop,Cinnyris asiaticus,Purple Sunbird,0.24345748126506805,0.24345748126506805,drop,0,,,
prunella_modularis,1010364,Prunella modularis,/Users/justyna-przy/Projects/ISE/FYP/src/bird_data/raw/prunella_modularis/XC1010364.mp3,10.0,13.0,-21.91345395835919,-35.30667001203795,drop,Psaltriparus minimus,Bushtit,0.5787088871002197,0.5787088871002197,drop,0,,,
prunella_modularis,1010364,Prunella modularis,/Users/justyna-przy/Projects/ISE/FYP/src/bird_data/raw/prunella_modularis/XC1010364.mp3,13.0,16.0,-27.392198002789737,-35.30667001203795,drop,Psaltriparus minimus,Bushtit,0.13421574234962463,0.13421574234962463,drop,0,,,
prunella_modularis,1010364,Prunella modularis,/Users/justyna-przy/Projects/ISE/FYP/src/bird_data/raw/prunella_modularis/XC1010364.mp3,16.0,19.0,-28.906584742436085,-35.30667001203795,species,Prunella modularis,Dunnock,0.3430827558040619,0.3430827558040619,species,1,rand_species,/Users/justyna-przy/Projects/ISE/FYP/src/bird_data/clips/species/prunella_modularis/XC1010364__s16000__e19000.wav,
prunella_modularis,1010364,Prunella modularis,/Users/justyna-przy/Projects/ISE/FYP/src/bird_data/raw/prunella_modularis/XC1010364.mp3,19.0,22.0,-31.294165741417928,-35.30667001203795,species,Prunella modularis,Dunnock,0.5636550784111023,0.5636550784111023,species,1,rand_species,/Users/justyna-przy/Projects/ISE/FYP/src/bird_data/clips/species/prunella_modularis/XC1010364__s19000__e22000.wav,
prunella_modularis,1010364,Prunella modularis,/Users/justyna-przy/Projects/ISE/FYP/src/bird_data/raw/prunella_modularis/XC1010364.mp3,22.0,25.0,-35.110127236703754,-35.30667001203795,species,Prunella modularis,Dunnock,0.45492616295814514,0.45492616295814514,species,1,rand_species,/Users/justyna-przy/Projects/ISE/FYP/src/bird_data/clips/species/prunella_modularis/XC1010364__s22000__e25000.wav,
prunella_modularis,1010364,Prunella modularis,/Users/justyna-przy/Projects/ISE/FYP/src/bird_data/raw/prunella_modularis/XC1010364.mp3,25.0,28.0,-34.183725239020134,-35.30667001203795,species,Prunella modularis,Dunnock,0.9049277901649475,0.9049277901649475,species,0,,,
prunella_modularis,1010001,Prunella modularis,/Users/justyna-przy/Projects/ISE/FYP/src/bird_data/raw/prunella_modularis/XC1010001.mp3,7.0,10.0,-38.252430920972294,-40.0,drop,Prunella modularis,Dunnock,0.2749374806880951,0.2749374806880951,drop,0,,,
prunella_modularis,1010001,Prunella modularis,/Users/justyna-przy/Projects/ISE/FYP/src/bird_data/raw/prunella_modularis/XC1010001.mp3,16.0,19.0,-38.932285748013115,-40.0,drop,Certhia brachydactyla,Short-toed Treecreeper,0.7127216458320618,0.7127216458320618,drop,0,,,
prunella_modularis,982512,Prunella modularis,/Users/justyna-przy/Projects/ISE/FYP/src/bird_data/raw/prunella_modularis/XC982512.mp3,1.0,4.0,-28.494039561474366,-34.280258822186894,species,Prunella modularis,Dunnock,0.8104192018508911,0.8104192018508911,species,1,rand_species,/Users/justyna-przy/Projects/ISE/FYP/src/bird_data/clips/species/prunella_modularis/XC982512__s1000__e4000.wav,
prunella_modularis,982512,Prunella modularis,/Users/justyna-przy/Projects/ISE/FYP/src/bird_data/raw/prunella_modularis/XC982512.mp3,4.0,7.0,-24.451814028694695,-34.280258822186894,species,Prunella modularis,Dunnock,0.9875962734222412,0.9875962734222412,species,0,,,
prunella_modularis,982512,Prunella modularis,/Users/justyna-przy/Projects/ISE/FYP/src/bird_data/raw/prunella_modularis/XC982512.mp3,7.0,10.0,-34.16455968991869,-34.280258822186894,drop,Curruca communis,Greater Whitethroat,0.5783328413963318,0.5783328413963318,drop,0,,,
prunella_modularis,982512,Prunella modularis,/Users/justyna-przy/Projects/ISE/FYP/src/bird_data/raw/prunella_modularis/XC982512.mp3,10.0,13.0,-26.41263001299371,-34.280258822186894,species,Prunella modularis,Dunnock,0.9882678389549255,0.9882678389549255,species,0,,,
prunella_modularis,982512,Prunella modularis,/Users/justyna-przy/Projects/ISE/FYP/src/bird_data/raw/prunella_modularis/XC982512.mp3,16.0,19.0,-25.822172262251414,-34.280258822186894,species,Prunella modularis,Dunnock,0.9947519898414612,0.9947519898414612,species,0,,,
prunella_modularis,982512,Prunella modularis,/Users/justyna-przy/Projects/ISE/FYP/src/bird_data/raw/prunella_modularis/XC982512.mp3,22.0,25.0,-27.718643523537303,-34.280258822186894,species,Prunella modularis,Dunnock,0.9904250502586365,0.9904250502586365,species,1,rand_species,/Users/justyna-przy/Projects/ISE/FYP/src/bird_data/clips/species/prunella_modularis/XC982512__s22000__e25000.wav,
prunella_modularis,982512,Prunella modularis,/Users/justyna-przy/Projects/ISE/FYP/src/bird_data/raw/prunella_modularis/XC982512.mp3,25.0,28.0,-32.389767408087955,-34.280258822186894,drop,Periparus ater,Coal Tit,0.16492976248264313,0.16492976248264313,drop,0,,,
prunella_modularis,982512,Prunella modularis,/Users/justyna-przy/Projects/ISE/FYP/src/bird_data/raw/prunella_modularis/XC982512.mp3,31.0,34.0,-27.216810853834513,-34.280258822186894,species,Prunella modularis,Dunnock,0.9637389183044434,0.9637389183044434,species,1,rand_species,/Users/justyna-przy/Projects/ISE/FYP/src/bird_data/clips/species/prunella_modularis/XC982512__s31000__e34000.wav,
prunella_modularis,982512,Prunella modularis,/Users/justyna-przy/Projects/ISE/FYP/src/bird_data/raw/prunella_modularis/XC982512.mp3,37.0,40.0,-25.90460612919251,-34.280258822186894,species,Prunella modularis,Dunnock,0.9529294967651367,0.9529294967651367,species,0,,,
prunella_modularis,958828,Prunella modularis,/Users/justyna-przy/Projects/ISE/FYP/src/bird_data/raw/prunella_modularis/XC958828.mp3,1.0,4.0,-41.87148275348527,-40.0,drop,Numenius arquata,Eurasian Curlew,0.3828074336051941,0.3828074336051941,drop,0,,,
prunella_modularis,945829,Prunella modularis,/Users/justyna-przy/Projects/ISE/FYP/src/bird_data/raw/prunella_modularis/XC945829.mp3,4.0,7.0,-45.02860862911008,-40.0,species,Prunella modularis,Dunnock,0.9952372312545776,0.9952372312545776,species,1,rand_species,/Users/justyna-przy/Projects/ISE/FYP/src/bird_data/clips/species/prunella_modularis/XC945829__s4000__e7000.wav,
prunella_modularis,941241,Prunella modularis,/Users/justyna-przy/Projects/ISE/FYP/src/bird_data/raw/prunella_modularis/XC941241.mp3,7.0,10.0,-58.17985486055893,-40.0,species,Prunella modularis,Dunnock,0.9912460446357727,0.9912460446357727,species,1,rand_species,/Users/justyna-przy/Projects/ISE/FYP/src/bird_data/clips/species/prunella_modularis/XC941241__s7000__e10000.wav,
prunella_modularis,936615,Prunella modularis,/Users/justyna-przy/Projects/ISE/FYP/src/bird_data/raw/prunella_modularis/XC936615.mp3,1.0,4.0,-14.179467597107685,-14.318792096019667,species,Prunella modularis,Dunnock,0.3374468684196472,0.3374468684196472,species,1,rand_species,/Users/justyna-przy/Projects/ISE/FYP/src/bird_data/clips/species/prunella_modularis/XC936615__s1000__e4000.wav,
prunella_modularis,936615,Prunella modularis,/Users/justyna-przy/Projects/ISE/FYP/src/bird_data/raw/prunella_modularis/XC936615.mp3,7.0,10.0,-13.274281825026987,-14.318792096019667,species,Prunella modularis,Dunnock,0.8410464525222778,0.8410464525222778,species,1,rand_species,/Users/justyna-przy/Projects/ISE/FYP/src/bird_data/clips/species/prunella_modularis/XC936615__s7000__e10000.wav,
prunella_modularis,936615,Prunella modularis,/Users/justyna-przy/Projects/ISE/FYP/src/bird_data/raw/prunella_modularis/XC936615.mp3,13.0,16.0,-12.056586602498792,-14.318792096019667,species,Prunella modularis,Dunnock,0.9837027788162231,0.9837027788162231,species,0,,,
prunella_modularis,936615,Prunella modularis,/Users/justyna-przy/Projects/ISE/FYP/src/bird_data/raw/prunella_modularis/XC936615.mp3,16.0,19.0,-11.438697797159996,-14.318792096019667,species,Prunella modularis,Dunnock,0.33166489005088806,0.33166489005088806,species,1,rand_species,/Users/justyna-przy/Projects/ISE/FYP/src/bird_data/clips/species/prunella_modularis/XC936615__s16000__e19000.wav,
prunella_modularis,921668,Prunella modularis,/Users/justyna-przy/Projects/ISE/FYP/src/bird_data/raw/prunella_modularis/XC921668.mp3,7.0,10.0,-38.76115370269238,-40.0,species,Prunella modularis,Dunnock,0.426544725894928,0.426544725894928,species,1,rand_species,/Users/justyna-przy/Projects/ISE/FYP/src/bird_data/clips/species/prunella_modularis/XC921668__s7000__e10000.wav,
prunella_modularis,921668,Prunella modularis,/Users/justyna-przy/Projects/ISE/FYP/src/bird_data/raw/prunella_modularis/XC921668.mp3,16.0,19.0,-39.51431421063533,-40.0,species,Prunella modularis,Dunnock,0.859943151473999,0.859943151473999,species,1,rand_species,/Users/justyna-przy/Projects/ISE/FYP/src/bird_data/clips/species/prunella_modularis/XC921668__s16000__e19000.wav,
prunella_modularis,908638,Prunella modularis,/Users/justyna-przy/Projects/ISE/FYP/src/bird_data/raw/prunella_modularis/XC908638.mp3,1.0,4.0,-28.89467032153432,-31.86802348232188,species,Prunella modularis,Dunnock,0.54105144739151,0.54105144739151,species,0,,,
prunella_modularis,908638,Prunella modularis,/Users/justyna-przy/Projects/ISE/FYP/src/bird_data/raw/prunella_modularis/XC908638.mp3,4.0,7.0,-29.97104624262791,-31.86802348232188,drop,Troglodytes troglodytes,Eurasian Wren,0.2643309533596039,0.2643309533596039,drop,0,,,
prunella_modularis,908638,Prunella modularis,/Users/justyna-przy/Projects/ISE/FYP/src/bird_data/raw/prunella_modularis/XC908638.mp3,7.0,10.0,-31.86802348232188,-31.86802348232188,drop,Emberiza spodocephala,Black-faced Bunting,0.3498690128326416,0.3498690128326416,drop,0,,,
prunella_modularis,908638,Prunella modularis,/Users/justyna-przy/Projects/ISE/FYP/src/bird_data/raw/prunella_modularis/XC908638.mp3,10.0,13.0,-28.90426368747688,-31.86802348232188,species,Prunella modularis,Dunnock,0.8774760365486145,0.8774760365486145,species,1,rand_species,/Users/justyna-przy/Projects/ISE/FYP/src/bird_data/clips/species/prunella_modularis/XC908638__s10000__e13000.wav,
prunella_modularis,908638,Prunella modularis,/Users/justyna-przy/Projects/ISE/FYP/src/bird_data/raw/prunella_modularis/XC908638.mp3,13.0,16.0,-20.085328774089017,-31.86802348232188,drop,Prinia socialis,Ashy Prinia,0.2360404133796692,0.2360404133796692,drop,0,,,
prunella_modularis,908638,Prunella modularis,/Users/justyna-przy/Projects/ISE/FYP/src/bird_data/raw/prunella_modularis/XC908638.mp3,19.0,22.0,-31.841299114608972,-31.86802348232188,drop,Emberiza spodocephala,Black-faced Bunting,0.8705803751945496,0.8705803751945496,drop,0,,,
prunella_modularis,908638,Prunella modularis,/Users/justyna-przy/Projects/ISE/FYP/src/bird_data/raw/prunella_modularis/XC908638.mp3,22.0,25.0,-31.29677239588251,-31.86802348232188,species,Prunella modularis,Dunnock,0.5836724638938904,0.5836724638938904,species,1,rand_species,/Users/justyna-przy/Projects/ISE/FYP/src/bird_data/clips/species/prunella_modularis/XC908638__s22000__e25000.wav,
prunella_modularis,908638,Prunella modularis,/Users/justyna-przy/Projects/ISE/FYP/src/bird_data/raw/prunella_modularis/XC908638.mp3,25.0,28.0,-31.659409416826747,-31.86802348232188,species,Prunella modularis,Dunnock,0.41203612089157104,0.41203612089157104,species,1,rand_species,/Users/justyna-przy/Projects/ISE/FYP/src/bird_data/clips/species/prunella_modularis/XC908638__s25000__e28000.wav,
prunella_modularis,882574,Prunella modularis,/Users/justyna-przy/Projects/ISE/FYP/src/bird_data/raw/prunella_modularis/XC882574.mp3,1.0,4.0,-34.95672960259316,-40.0,species,Prunella modularis,Dunnock,0.9542255997657776,0.9542255997657776,species,1,rand_species,/Users/justyna-przy/Projects/ISE/FYP/src/bird_data/clips/species/prunella_modularis/XC882574__s1000__e4000.wav,
prunella_modularis,882574,Prunella modularis,/Users/justyna-przy/Projects/ISE/FYP/src/bird_data/raw/prunella_modularis/XC882574.mp3,4.0,7.0,-34.44600058066193,-40.0,species,Prunella modularis,Dunnock,0.932048499584198,0.932048499584198,species,1,rand_species,/Users/justyna-przy/Projects/ISE/FYP/src/bird_data/clips/species/prunella_modularis/XC882574__s4000__e7000.wav,
prunella_modularis,882574,Prunella modularis,/Users/justyna-przy/Projects/ISE/FYP/src/bird_data/raw/prunella_modularis/XC882574.mp3,13.0,16.0,-36.47642890632637,-40.0,species,Prunella modularis,Dunnock,0.9946295022964478,0.9946295022964478,species,0,,,
prunella_modularis,882574,Prunella modularis,/Users/justyna-przy/Projects/ISE/FYP/src/bird_data/raw/prunella_modularis/XC882574.mp3,16.0,19.0,-38.46682216509276,-40.0,species,Prunella modularis,Dunnock,0.9380624294281006,0.9380624294281006,species,1,rand_species,/Users/justyna-przy/Projects/ISE/FYP/src/bird_data/clips/species/prunella_modularis/XC882574__s16000__e19000.wav,
prunella_modularis,882572,Prunella modularis,/Users/justyna-przy/Projects/ISE/FYP/src/bird_data/raw/prunella_modularis/XC882572.mp3,1.0,4.0,-33.11836476733772,-40.0,species,Prunella modularis,Dunnock,0.9992979764938354,0.9992979764938354,species,1,rand_species,/Users/justyna-przy/Projects/ISE/FYP/src/bird_data/clips/species/prunella_modularis/XC882572__s1000__e4000.wav,
prunella_modularis,882572,Prunella modularis,/Users/justyna-przy/Projects/ISE/FYP/src/bird_data/raw/prunella_modularis/XC882572.mp3,7.0,10.0,-35.496741733462855,-40.0,species,Prunella modularis,Dunnock,0.995563268661499,0.995563268661499,species,1,rand_species,/Users/justyna-przy/Projects/ISE/FYP/src/bird_data/clips/species/prunella_modularis/XC882572__s7000__e10000.wav,
prunella_modularis,882572,Prunella modularis,/Users/justyna-przy/Projects/ISE/FYP/src/bird_data/raw/prunella_modularis/XC882572.mp3,10.0,13.0,-35.81271798684345,-40.0,species,Prunella modularis,Dunnock,0.9993313550949097,0.9993313550949097,species,1,rand_species,/Users/justyna-przy/Projects/ISE/FYP/src/bird_data/clips/species/prunella_modularis/XC882572__s10000__e13000.wav,
prunella_modularis,882572,Prunella modularis,/Users/justyna-przy/Projects/ISE/FYP/src/bird_data/raw/prunella_modularis/XC882572.mp3,16.0,19.0,-39.02968111500042,-40.0,species,Prunella modularis,Dunnock,0.9768785834312439,0.9768785834312439,species,0,,,
prunella_modularis,882572,Prunella modularis,/Users/justyna-przy/Projects/ISE/FYP/src/bird_data/raw/prunella_modularis/XC882572.mp3,19.0,22.0,-39.736440086446,-40.0,species,Prunella modularis,Dunnock,0.9974489808082581,0.9974489808082581,species,0,,,
prunella_modularis,880937,Prunella modularis,/Users/justyna-przy/Projects/ISE/FYP/src/bird_data/raw/prunella_modularis/XC880937.mp3,1.0,4.0,-22.30818137472756,-32.32975076798296,species,Prunella modularis,Dunnock,0.9995039701461792,0.9995039701461792,species,0,,,
prunella_modularis,880937,Prunella modularis,/Users/justyna-przy/Projects/ISE/FYP/src/bird_data/raw/prunella_modularis/XC880937.mp3,7.0,10.0,-24.442603418274622,-32.32975076798296,species,Prunella modularis,Dunnock,0.9695582389831543,0.9695582389831543,species,1,rand_species,/Users/justyna-przy/Projects/ISE/FYP/src/bird_data/clips/species/prunella_modularis/XC880937__s7000__e10000.wav,
prunella_modularis,880937,Prunella modularis,/Users/justyna-przy/Projects/ISE/FYP/src/bird_data/raw/prunella_modularis/XC880937.mp3,10.0,13.0,-31.530578135481395,-32.32975076798296,species,Prunella modularis,Dunnock,0.9659827947616577,0.9659827947616577,species,0,,,
prunella_modularis,880937,Prunella modularis,/Users/justyna-przy/Projects/ISE/FYP/src/bird_data/raw/prunella_modularis/XC880937.mp3,13.0,16.0,-22.315431325011254,-32.32975076798296,species,Prunella modularis,Dunnock,0.9905673861503601,0.9905673861503601,species,0,,,
prunella_modularis,880937,Prunella modularis,/Users/justyna-przy/Projects/ISE/FYP/src/bird_data/raw/prunella_modularis/XC880937.mp3,16.0,19.0,-24.47790603734621,-32.32975076798296,species,Prunella modularis,Dunnock,0.9967412352561951,0.9967412352561951,species,0,,,
prunella_modularis,880937,Prunella modularis,/Users/justyna-przy/Projects/ISE/FYP/src/bird_data/raw/prunella_modularis/XC880937.mp3,19.0,22.0,-28.85838237876099,-32.32975076798296,species,Prunella modularis,Dunnock,0.983065128326416,0.983065128326416,species,0,,,
prunella_modularis,880937,Prunella modularis,/Users/justyna-przy/Projects/ISE/FYP/src/bird_data/raw/prunella_modularis/XC880937.mp3,22.0,25.0,-24.729835470319607,-32.32975076798296,species,Prunella modularis,Dunnock,0.9972825050354004,0.9972825050354004,species,0,,,
prunella_modularis,880937,Prunella modularis,/Users/justyna-przy/Projects/ISE/FYP/src/bird_data/raw/prunella_modularis/XC880937.mp3,25.0,28.0,-28.355840866380404,-32.32975076798296,species,Prunella modularis,Dunnock,0.9217934608459473,0.9217934608459473,species,1,rand_species,/Users/justyna-przy/Projects/ISE/FYP/src/bird_data/clips/species/prunella_modularis/XC880937__s25000__e28000.wav,
prunella_modularis,880937,Prunella modularis,/Users/justyna-przy/Projects/ISE/FYP/src/bird_data/raw/prunella_modularis/XC880937.mp3,31.0,34.0,-19.929468175412534,-32.32975076798296,species,Prunella modularis,Dunnock,0.9995444416999817,0.9995444416999817,species,0,,,
prunella_modularis,880937,Prunella modularis,/Users/justyna-przy/Projects/ISE/FYP/src/bird_data/raw/prunella_modularis/XC880937.mp3,40.0,43.0,-21.79075226411923,-32.32975076798296,species,Prunella modularis,Dunnock,0.9979532957077026,0.9979532957077026,species,0,,,
prunella_modularis,880937,Prunella modularis,/Users/justyna-przy/Projects/ISE/FYP/src/bird_data/raw/prunella_modularis/XC880937.mp3,43.0,46.0,-24.438532784107373,-32.32975076798296,species,Prunella modularis,Dunnock,0.9581795334815979,0.9581795334815979,species,0,,,
prunella_modularis,880937,Prunella modularis,/Users/justyna-przy/Projects/ISE/FYP/src/bird_data/raw/prunella_modularis/XC880937.mp3,49.0,52.0,-21.73551829322332,-32.32975076798296,species,Prunella modularis,Dunnock,0.9990863800048828,0.9990863800048828,species,1,rand_species,/Users/justyna-przy/Projects/ISE/FYP/src/bird_data/clips/species/prunella_modularis/XC880937__s49000__e52000.wav,
prunella_modularis,878713,Prunella modularis,/Users/justyna-przy/Projects/ISE/FYP/src/bird_data/raw/prunella_modularis/XC878713.mp3,1.0,4.0,-24.822894820183542,-31.71732721021868,species,Prunella modularis,Dunnock,0.9972785115242004,0.9972785115242004,species,1,rand_species,/Users/justyna-przy/Projects/ISE/FYP/src/bird_data/clips/species/prunella_modularis/XC878713__s1000__e4000.wav,
prunella_modularis,878713,Prunella modularis,/Users/justyna-przy/Projects/ISE/FYP/src/bird_data/raw/prunella_modularis/XC878713.mp3,4.0,7.0,-31.55936812181046,-31.71732721021868,species,Prunella modularis,Dunnock,0.9202042818069458,0.9202042818069458,species,1,rand_species,/Users/justyna-przy/Projects/ISE/FYP/src/bird_data/clips/species/prunella_modularis/XC878713__s4000__e7000.wav,
prunella_modularis,877805,Prunella modularis,/Users/justyna-przy/Projects/ISE/FYP/src/bird_data/raw/prunella_modularis/XC877805.mp3,1.0,4.0,-15.297467406029181,-40.0,species,Prunella modularis,Dunnock,0.9977254271507263,0.9977254271507263,species,1,rand_species,/Users/justyna-przy/Projects/ISE/FYP/src/bird_data/clips/species/prunella_modularis/XC877805__s1000__e4000.wav,
prunella_modularis,877805,Prunella modularis,/Users/justyna-przy/Projects/ISE/FYP/src/bird_data/raw/prunella_modularis/XC877805.mp3,7.0,10.0,-20.2369809627846,-40.0,species,Prunella modularis,Dunnock,0.994117259979248,0.994117259979248,species,1,rand_species,/Users/justyna-przy/Projects/ISE/FYP/src/bird_data/clips/species/prunella_modularis/XC877805__s7000__e10000.wav,
prunella_modularis,877805,Prunella modularis,/Users/justyna-przy/Projects/ISE/FYP/src/bird_data/raw/prunella_modularis/XC877805.mp3,13.0,16.0,-23.09104905436925,-40.0,species,Prunella modularis,Dunnock,0.9968056678771973,0.9968056678771973,species,0,,,
prunella_modularis,877805,Prunella modularis,/Users/justyna-przy/Projects/ISE/FYP/src/bird_data/raw/prunella_modularis/XC877805.mp3,19.0,22.0,-39.03355596446938,-40.0,drop,Anthus trivialis,Tree Pipit,0.19315773248672485,0.19315773248672485,drop,0,,,
prunella_modularis,877805,Prunella modularis,/Users/justyna-przy/Projects/ISE/FYP/src/bird_data/raw/prunella_modularis/XC877805.mp3,22.0,25.0,-16.94934685274752,-40.0,species,Prunella modularis,Dunnock,0.999115526676178,0.999115526676178,species,1,rand_species,/Users/justyna-przy/Projects/ISE/FYP/src/bird_data/clips/species/prunella_modularis/XC877805__s22000__e25000.wav,
prunella_modularis,865970,Prunella modularis,/Users/justyna-przy/Projects/ISE/FYP/src/bird_data/raw/prunella_modularis/XC865970.mp3,1.0,4.0,-31.02546630674073,-36.56414065474722,species,Prunella modularis,Dunnock,0.9839159846305847,0.9839159846305847,species,1,rand_species,/Users/justyna-przy/Projects/ISE/FYP/src/bird_data/clips/species/prunella_modularis/XC865970__s1000__e4000.wav,
prunella_modularis,865970,Prunella modularis,/Users/justyna-przy/Projects/ISE/FYP/src/bird_data/raw/prunella_modularis/XC865970.mp3,4.0,7.0,-30.449997024395323,-36.56414065474722,species,Prunella modularis,Dunnock,0.9943610429763794,0.9943610429763794,species,0,,,
prunella_modularis,865970,Prunella modularis,/Users/justyna-przy/Projects/ISE/FYP/src/bird_data/raw/prunella_modularis/XC865970.mp3,7.0,10.0,-36.37760409116103,-36.56414065474722,species,Prunella modularis,Dunnock,0.9971219897270203,0.9971219897270203,species,0,,,
prunella_modularis,865970,Prunella modularis,/Users/justyna-przy/Projects/ISE/FYP/src/bird_data/raw/prunella_modularis/XC865970.mp3,22.0,25.0,-35.60111659594594,-36.56414065474722,species,Prunella modularis,Dunnock,0.9785430431365967,0.9785430431365967,species,1,rand_species,/Users/justyna-przy/Projects/ISE/FYP/src/bird_data/clips/species/prunella_modularis/XC865970__s22000__e25000.wav,
prunella_modularis,865970,Prunella modularis,/Users/justyna-przy/Projects/ISE/FYP/src/bird_data/raw/prunella_modularis/XC865970.mp3,25.0,28.0,-28.239595788152386,-36.56414065474722,species,Prunella modularis,Dunnock,0.973116397857666,0.973116397857666,species,0,,,
prunella_modularis,865970,Prunella modularis,/Users/justyna-przy/Projects/ISE/FYP/src/bird_data/raw/prunella_modularis/XC865970.mp3,28.0,31.0,-28.685591054439364,-36.56414065474722,species,Prunella modularis,Dunnock,0.9845261573791504,0.9845261573791504,species,1,rand_species,/Users/justyna-przy/Projects/ISE/FYP/src/bird_data/clips/species/prunella_modularis/XC865970__s28000__e31000.wav,
prunella_modularis,865970,Prunella modularis,/Users/justyna-przy/Projects/ISE/FYP/src/bird_data/raw/prunella_modularis/XC865970.mp3,31.0,34.0,-35.22934223263041,-36.56414065474722,drop,Certhia brachydactyla,Short-toed Treecreeper,0.8126545548439026,0.8126545548439026,drop,0,,,
prunella_modularis,865970,Prunella modularis,/Users/justyna-przy/Projects/ISE/FYP/src/bird_data/raw/prunella_modularis/XC865970.mp3,34.0,37.0,-29.486816477215076,-36.56414065474722,species,Prunella modularis,Dunnock,0.8856300115585327,0.8856300115585327,species,0,,,
prunella_modularis,865970,Prunella modularis,/Users/justyna-przy/Projects/ISE/FYP/src/bird_data/raw/prunella_modularis/XC865970.mp3,37.0,40.0,-32.33189690815007,-36.56414065474722,drop,Certhia brachydactyla,Short-toed Treecreeper,0.5244582295417786,0.5244582295417786,drop,0,,,
prunella_modularis,857518,Prunella modularis,/Users/justyna-przy/Projects/ISE/FYP/src/bird_data/raw/prunella_modularis/XC857518.mp3,1.0,4.0,-37.047681257765,-37.917960002976294,drop,Certhia brachydactyla,Short-toed Treecreeper,0.28065457940101624,0.28065457940101624,drop,0,,,
prunella_modularis,844391,Prunella modularis,/Users/justyna-przy/Projects/ISE/FYP/src/bird_data/raw/prunella_modularis/XC844391.mp3,1.0,4.0,-29.88805271055409,-40.0,species,Prunella modularis,Dunnock,0.9675865769386292,0.9675865769386292,species,1,rand_species,/Users/justyna-przy/Projects/ISE/FYP/src/bird_data/clips/species/prunella_modularis/XC844391__s1000__e4000.wav,
prunella_modularis,844391,Prunella modularis,/Users/justyna-przy/Projects/ISE/FYP/src/bird_data/raw/prunella_modularis/XC844391.mp3,7.0,10.0,-38.575349850847786,-40.0,species,Prunella modularis,Dunnock,0.9938629865646362,0.9938629865646362,species,1,rand_species,/Users/justyna-przy/Projects/ISE/FYP/src/bird_data/clips/species/prunella_modularis/XC844391__s7000__e10000.wav,
prunella_modularis,829421,Prunella modularis,/Users/justyna-przy/Projects/ISE/FYP/src/bird_data/raw/prunella_modularis/XC829421.mp3,1.0,4.0,-23.566885908920572,-24.924498698333927,non_bird,,,0.0,0.0,non_bird,1,nonbird_lowconf,/Users/justyna-przy/Projects/ISE/FYP/src/bird_data/clips/non_bird/prunella_modularis/XC829421__s1000__e4000.wav,
prunella_modularis,829421,Prunella modularis,/Users/justyna-przy/Projects/ISE/FYP/src/bird_data/raw/prunella_modularis/XC829421.mp3,4.0,7.0,-22.39482645490742,-24.924498698333927,non_bird,,,0.0,0.0,non_bird,1,nonbird_lowconf,/Users/justyna-przy/Projects/ISE/FYP/src/bird_data/clips/non_bird/prunella_modularis/XC829421__s4000__e7000.wav,
prunella_modularis,829421,Prunella modularis,/Users/justyna-przy/Projects/ISE/FYP/src/bird_data/raw/prunella_modularis/XC829421.mp3,7.0,10.0,-24.89647378618734,-24.924498698333927,drop,Muscicapa striata,Spotted Flycatcher,0.9138880968093872,0.9138880968093872,drop,0,,,
prunella_modularis,822155,Prunella modularis,/Users/justyna-przy/Projects/ISE/FYP/src/bird_data/raw/prunella_modularis/XC822155.mp3,1.0,4.0,-35.42179032581569,-40.0,species,Prunella modularis,Dunnock,0.9034824967384338,0.9034824967384338,species,1,rand_species,/Users/justyna-przy/Projects/ISE/FYP/src/bird_data/clips/species/prunella_modularis/XC822155__s1000__e4000.wav,
prunella_modularis,822155,Prunella modularis,/Users/justyna-przy/Projects/ISE/FYP/src/bird_data/raw/prunella_modularis/XC822155.mp3,7.0,10.0,-32.251409955429956,-40.0,species,Prunella modularis,Dunnock,0.9992978572845459,0.9992978572845459,species,0,,,
prunella_modularis,822155,Prunella modularis,/Users/justyna-przy/Projects/ISE/FYP/src/bird_data/raw/prunella_modularis/XC822155.mp3,19.0,22.0,-37.60735136535955,-40.0,species,Prunella modularis,Dunnock,0.9995593428611755,0.9995593428611755,species,1,rand_species,/Users/justyna-przy/Projects/ISE/FYP/src/bird_data/clips/species/prunella_modularis/XC822155__s19000__e22000.wav,
prunella_modularis,822155,Prunella modularis,/Users/justyna-przy/Projects/ISE/FYP/src/bird_data/raw/prunella_modularis/XC822155.mp3,28.0,31.0,-32.10437120433952,-40.0,species,Prunella modularis,Dunnock,0.9985700845718384,0.9985700845718384,species,0,,,
prunella_modularis,822155,Prunella modularis,/Users/justyna-przy/Projects/ISE/FYP/src/bird_data/raw/prunella_modularis/XC822155.mp3,34.0,37.0,-35.10353523969818,-40.0,species,Prunella modularis,Dunnock,0.9981266856193542,0.9981266856193542,species,1,rand_species,/Users/justyna-przy/Projects/ISE/FYP/src/bird_data/clips/species/prunella_modularis/XC822155__s34000__e37000.wav,
prunella_modularis,815145,Prunella modularis,/Users/justyna-przy/Projects/ISE/FYP/src/bird_data/raw/prunella_modularis/XC815145.mp3,1.0,4.0,-45.41320440348427,-40.0,species,Prunella modularis,Dunnock,0.990836501121521,0.990836501121521,species,1,rand_species,/Users/justyna-przy/Projects/ISE/FYP/src/bird_data/clips/species/prunella_modularis/XC815145__s1000__e4000.wav,
prunella_modularis,813867,Prunella modularis,/Users/justyna-przy/Projects/ISE/FYP/src/bird_data/raw/prunella_modularis/XC813867.mp3,4.0,7.0,-17.258681891950054,-27.396725073723516,drop,Fringilla coelebs,Common Chaffinch,0.7673947215080261,0.7673947215080261,drop,0,,,
prunella_modularis,813867,Prunella modularis,/Users/justyna-przy/Projects/ISE/FYP/src/bird_data/raw/prunella_modularis/XC813867.mp3,7.0,10.0,-27.396725073723516,-27.396725073723516,drop,Regulus ignicapilla,Common Firecrest,0.6798525452613831,0.6798525452613831,drop,0,,,
prunella_modularis,813867,Prunella modularis,/Users/justyna-przy/Projects/ISE/FYP/src/bird_data/raw/prunella_modularis/XC813867.mp3,10.0,13.0,-22.2260839440439,-27.396725073723516,drop,Regulus ignicapilla,Common Firecrest,0.3104582130908966,0.3104582130908966,drop,0,,,
prunella_modularis,813867,Prunella modularis,/Users/justyna-przy/Projects/ISE/FYP/src/bird_data/raw/prunella_modularis/XC813867.mp3,13.0,16.0,-19.29234140125515,-27.396725073723516,drop,Fringilla coelebs,Common Chaffinch,0.7929127216339111,0.7929127216339111,drop,0,,,
prunella_modularis,813867,Prunella modularis,/Users/justyna-przy/Projects/ISE/FYP/src/bird_data/raw/prunella_modularis/XC813867.mp3,19.0,22.0,-17.788506246297146,-27.396725073723516,drop,Fringilla coelebs,Common Chaffinch,0.3208659887313843,0.3208659887313843,drop,0,,,
prunella_modularis,813867,Prunella modularis,/Users/justyna-przy/Projects/ISE/FYP/src/bird_data/raw/prunella_modularis/XC813867.mp3,22.0,25.0,-24.930467329738384,-27.396725073723516,drop,Fringilla coelebs,Common Chaffinch,0.6418405175209045,0.6418405175209045,drop,0,,,
prunella_modularis,813867,Prunella modularis,/Users/justyna-przy/Projects/ISE/FYP/src/bird_data/raw/prunella_modularis/XC813867.mp3,25.0,28.0,-21.348493155142215,-27.396725073723516,drop,Fringilla coelebs,Common Chaffinch,0.3496362268924713,0.3496362268924713,drop,0,,,
prunella_modularis,813867,Prunella modularis,/Users/justyna-przy/Projects/ISE/FYP/src/bird_data/raw/prunella_modularis/XC813867.mp3,28.0,31.0,-18.16142674969386,-27.396725073723516,drop,Fringilla coelebs,Common Chaffinch,0.8643708825111389,0.8643708825111389,drop,0,,,
prunella_modularis,813865,Prunella modularis,/Users/justyna-przy/Projects/ISE/FYP/src/bird_data/raw/prunella_modularis/XC813865.mp3,4.0,7.0,-29.250533346858095,-30.80515737174211,drop,Pyrrhula pyrrhula,Eurasian Bullfinch,0.20470891892910004,0.20470891892910004,drop,0,,,
prunella_modularis,813865,Prunella modularis,/Users/justyna-przy/Projects/ISE/FYP/src/bird_data/raw/prunella_modularis/XC813865.mp3,7.0,10.0,-29.76446793147376,-30.80515737174211,drop,Regulus ignicapilla,Common Firecrest,0.34552985429763794,0.34552985429763794,drop,0,,,
prunella_modularis,813865,Prunella modularis,/Users/justyna-przy/Projects/ISE/FYP/src/bird_data/raw/prunella_modularis/XC813865.mp3,10.0,13.0,-28.910021006330993,-30.80515737174211,drop,Turdus philomelos,Song Thrush,0.15979520976543427,0.15979520976543427,drop,0,,,
prunella_modularis,813865,Prunella modularis,/Users/justyna-przy/Projects/ISE/FYP/src/bird_data/raw/prunella_modularis/XC813865.mp3,13.0,16.0,-29.717000790747207,-30.80515737174211,drop,Turdus philomelos,Song Thrush,0.8056767582893372,0.8056767582893372,drop,0,,,
prunella_modularis,812102,Prunella modularis,/Users/justyna-przy/Projects/ISE/FYP/src/bird_data/raw/prunella_modularis/XC812102.mp3,1.0,4.0,-24.435652931066176,-27.27211428653739,species,Prunella modularis,Dunnock,0.9689950942993164,0.9689950942993164,species,1,rand_species,/Users/justyna-przy/Projects/ISE/FYP/src/bird_data/clips/species/prunella_modularis/XC812102__s1000__e4000.wav,
prunella_modularis,812102,Prunella modularis,/Users/justyna-przy/Projects/ISE/FYP/src/bird_data/raw/prunella_modularis/XC812102.mp3,16.0,19.0,-25.39697614922527,-27.27211428653739,species,Prunella modularis,Dunnock,0.8771876692771912,0.8771876692771912,species,0,,,
prunella_modularis,812102,Prunella modularis,/Users/justyna-przy/Projects/ISE/FYP/src/bird_data/raw/prunella_modularis/XC812102.mp3,19.0,22.0,-26.305447053653722,-27.27211428653739,species,Prunella modularis,Dunnock,0.631218671798706,0.631218671798706,species,1,rand_species,/Users/justyna-przy/Projects/ISE/FYP/src/bird_data/clips/species/prunella_modularis/XC812102__s19000__e22000.wav,
prunella_modularis,812102,Prunella modularis,/Users/justyna-przy/Projects/ISE/FYP/src/bird_data/raw/prunella_modularis/XC812102.mp3,22.0,25.0,-16.1817242487031,-27.27211428653739,species,Prunella modularis,Dunnock,0.8688411116600037,0.8688411116600037,species,1,rand_species,/Users/justyna-przy/Projects/ISE/FYP/src/bird_data/clips/species/prunella_modularis/XC812102__s22000__e25000.wav,
prunella_modularis,812102,Prunella modularis,/Users/justyna-przy/Projects/ISE/FYP/src/bird_data/raw/prunella_modularis/XC812102.mp3,25.0,28.0,-16.33912607596852,-27.27211428653739,drop,Aegithalos caudatus,Long-tailed Tit,0.7575010657310486,0.7575010657310486,drop,0,,,
prunella_modularis,812102,Prunella modularis,/Users/justyna-przy/Projects/ISE/FYP/src/bird_data/raw/prunella_modularis/XC812102.mp3,28.0,31.0,-18.782804509211772,-27.27211428653739,species,Prunella modularis,Dunnock,0.7789365649223328,0.7789365649223328,species,0,,,
prunella_modularis,812102,Prunella modularis,/Users/justyna-przy/Projects/ISE/FYP/src/bird_data/raw/prunella_modularis/XC812102.mp3,31.0,34.0,-16.11955392183068,-27.27211428653739,drop,Aegithalos caudatus,Long-tailed Tit,0.605630099773407,0.605630099773407,drop,0,,,
prunella_modularis,812102,Prunella modularis,/Users/justyna-przy/Projects/ISE/FYP/src/bird_data/raw/prunella_modularis/XC812102.mp3,34.0,37.0,-22.758528634287934,-27.27211428653739,drop,Aegithalos caudatus,Long-tailed Tit,0.3989238739013672,0.3989238739013672,drop,0,,,
prunella_modularis,812102,Prunella modularis,/Users/justyna-przy/Projects/ISE/FYP/src/bird_data/raw/prunella_modularis/XC812102.mp3,37.0,40.0,-26.8076846068968,-27.27211428653739,drop,Aegithalos caudatus,Long-tailed Tit,0.6772563457489014,0.6772563457489014,drop,0,,,
prunella_modularis,812102,Prunella modularis,/Users/justyna-przy/Projects/ISE/FYP/src/bird_data/raw/prunella_modularis/XC812102.mp3,43.0,46.0,-26.523285799885684,-27.27211428653739,drop,Amandava amandava,Red Avadavat,0.7572359442710876,0.7572359442710876,drop,0,,,
prunella_modularis,812100,Prunella modularis,/Users/justyna-przy/Projects/ISE/FYP/src/bird_data/raw/prunella_modularis/XC812100.mp3,1.0,4.0,-33.742729978484284,-33.89762173234364,species,Prunella modularis,Dunnock,0.8943963050842285,0.8943963050842285,species,1,rand_species,/Users/justyna-przy/Projects/ISE/FYP/src/bird_data/clips/species/prunella_modularis/XC812100__s1000__e4000.wav,
prunella_modularis,812100,Prunella modularis,/Users/justyna-przy/Projects/ISE/FYP/src/bird_data/raw/prunella_modularis/XC812100.mp3,7.0,10.0,-33.62016311749458,-33.89762173234364,species,Prunella modularis,Dunnock,0.9177517294883728,0.9177517294883728,species,0,,,
prunella_modularis,812100,Prunella modularis,/Users/justyna-przy/Projects/ISE/FYP/src/bird_data/raw/prunella_modularis/XC812100.mp3,10.0,13.0,-33.534053913084705,-33.89762173234364,species,Prunella modularis,Dunnock,0.48427948355674744,0.48427948355674744,species,1,rand_species,/Users/justyna-przy/Projects/ISE/FYP/src/bird_data/clips/species/prunella_modularis/XC812100__s10000__e13000.wav,
prunella_modularis,812100,Prunella modularis,/Users/justyna-przy/Projects/ISE/FYP/src/bird_data/raw/prunella_modularis/XC812100.mp3,13.0,16.0,-32.727880877460855,-33.89762173234364,drop,Corvus frugilegus,Rook,0.23333686590194702,0.23333686590194702,drop,0,,,
prunella_modularis,812100,Prunella modularis,/Users/justyna-przy/Projects/ISE/FYP/src/bird_data/raw/prunella_modularis/XC812100.mp3,16.0,19.0,-33.0114225862487,-33.89762173234364,species,Prunella modularis,Dunnock,0.7965075373649597,0.7965075373649597,species,1,rand_species,/Users/justyna-przy/Projects/ISE/FYP/src/bird_data/clips/species/prunella_modularis/XC812100__s16000__e19000.wav,
prunella_modularis,812100,Prunella modularis,/Users/justyna-przy/Projects/ISE/FYP/src/bird_data/raw/prunella_modularis/XC812100.mp3,19.0,22.0,-33.86189891670987,-33.89762173234364,drop,Saxicola rubicola,European Stonechat,0.22093868255615234,0.22093868255615234,drop,0,,,
prunella_modularis,812100,Prunella modularis,/Users/justyna-przy/Projects/ISE/FYP/src/bird_data/raw/prunella_modularis/XC812100.mp3,25.0,28.0,-33.678701733368285,-33.89762173234364,drop,Prunella modularis,Dunnock,0.2590543329715729,0.2590543329715729,drop,0,,,
prunella_modularis,812100,Prunella modularis,/Users/justyna-przy/Projects/ISE/FYP/src/bird_data/raw/prunella_modularis/XC812100.mp3,28.0,31.0,-33.894386658050124,-33.89762173234364,drop,Corvus frugilegus,Rook,0.20450295507907867,0.20450295507907867,drop,0,,,
prunella_modularis,812100,Prunella modularis,/Users/justyna-przy/Projects/ISE/FYP/src/bird_data/raw/prunella_modularis/XC812100.mp3,31.0,34.0,-33.46071237024921,-33.89762173234364,species,Prunella modularis,Dunnock,0.9115076065063477,0.9115076065063477,species,0,,,
prunella_modularis,812100,Prunella modularis,/Users/justyna-przy/Projects/ISE/FYP/src/bird_data/raw/prunella_modularis/XC812100.mp3,43.0,46.0,-33.82310703539424,-33.89762173234364,drop,Corvus frugilegus,Rook,0.6934284567832947,0.6934284567832947,drop,0,,,
prunella_modularis,812100,Prunella modularis,/Users/justyna-przy/Projects/ISE/FYP/src/bird_data/raw/prunella_modularis/XC812100.mp3,46.0,49.0,-33.375139384531145,-33.89762173234364,species,Prunella modularis,Dunnock,0.5870846509933472,0.5870846509933472,species,0,,,
prunella_modularis,791649,Prunella modularis,/Users/justyna-przy/Projects/ISE/FYP/src/bird_data/raw/prunella_modularis/XC791649.mp3,4.0,7.0,-37.75807251532184,-40.0,species,Prunella modularis,Dunnock,0.9986353516578674,0.9986353516578674,species,0,,,
prunella_modularis,791649,Prunella modularis,/Users/justyna-przy/Projects/ISE/FYP/src/bird_data/raw/prunella_modularis/XC791649.mp3,10.0,13.0,-38.22817024179181,-40.0,species,Prunella modularis,Dunnock,0.9987284541130066,0.9987284541130066,species,1,rand_species,/Users/justyna-przy/Projects/ISE/FYP/src/bird_data/clips/species/prunella_modularis/XC791649__s10000__e13000.wav,
prunella_modularis,791649,Prunella modularis,/Users/justyna-przy/Projects/ISE/FYP/src/bird_data/raw/prunella_modularis/XC791649.mp3,16.0,19.0,-36.06377532167927,-40.0,species,Prunella modularis,Dunnock,0.9988736510276794,0.9988736510276794,species,1,rand_species,/Users/justyna-przy/Projects/ISE/FYP/src/bird_data/clips/species/prunella_modularis/XC791649__s16000__e19000.wav,
prunella_modularis,791649,Prunella modularis,/Users/justyna-przy/Projects/ISE/FYP/src/bird_data/raw/prunella_modularis/XC791649.mp3,19.0,22.0,-39.684529876639786,-40.0,species,Prunella modularis,Dunnock,0.9987084865570068,0.9987084865570068,species,0,,,
prunella_modularis,791649,Prunella modularis,/Users/justyna-przy/Projects/ISE/FYP/src/bird_data/raw/prunella_modularis/XC791649.mp3,25.0,28.0,-36.29520838572642,-40.0,species,Prunella modularis,Dunnock,0.9911439418792725,0.9911439418792725,species,1,rand_species,/Users/justyna-przy/Projects/ISE/FYP/src/bird_data/clips/species/prunella_modularis/XC791649__s25000__e28000.wav,
prunella_modularis,788928,Prunella modularis,/Users/justyna-przy/Projects/ISE/FYP/src/bird_data/raw/prunella_modularis/XC788928.mp3,1.0,4.0,-32.953550425271736,-35.937769270184845,species,Prunella modularis,Dunnock,0.9259210824966431,0.9259210824966431,species,0,,,
prunella_modularis,788928,Prunella modularis,/Users/justyna-przy/Projects/ISE/FYP/src/bird_data/raw/prunella_modularis/XC788928.mp3,4.0,7.0,-31.671339510552293,-35.937769270184845,species,Prunella modularis,Dunnock,0.9802933931350708,0.9802933931350708,species,1,rand_species,/Users/justyna-przy/Projects/ISE/FYP/src/bird_data/clips/species/prunella_modularis/XC788928__s4000__e7000.wav,
prunella_modularis,788928,Prunella modularis,/Users/justyna-przy/Projects/ISE/FYP/src/bird_data/raw/prunella_modularis/XC788928.mp3,7.0,10.0,-30.163512759127194,-35.937769270184845,species,Prunella modularis,Dunnock,0.9759834408760071,0.9759834408760071,species,1,rand_species,/Users/justyna-przy/Projects/ISE/FYP/src/bird_data/clips/species/prunella_modularis/XC788928__s7000__e10000.wav,
prunella_modularis,788928,Prunella modularis,/Users/justyna-przy/Projects/ISE/FYP/src/bird_data/raw/prunella_modularis/XC788928.mp3,10.0,13.0,-29.584447783887775,-35.937769270184845,species,Prunella modularis,Dunnock,0.9906421303749084,0.9906421303749084,species,0,,,
prunella_modularis,788928,Prunella modularis,/Users/justyna-przy/Projects/ISE/FYP/src/bird_data/raw/prunella_modularis/XC788928.mp3,16.0,19.0,-35.053716248173934,-35.937769270184845,species,Prunella modularis,Dunnock,0.9599734544754028,0.9599734544754028,species,1,rand_species,/Users/justyna-przy/Projects/ISE/FYP/src/bird_data/clips/species/prunella_modularis/XC788928__s16000__e19000.wav,
prunella_modularis,788928,Prunella modularis,/Users/justyna-przy/Projects/ISE/FYP/src/bird_data/raw/prunella_modularis/XC788928.mp3,25.0,28.0,-33.684130328804756,-35.937769270184845,species,Prunella modularis,Dunnock,0.9838733077049255,0.9838733077049255,species,0,,,
prunella_modularis,786659,Prunella modularis,/Users/justyna-przy/Projects/ISE/FYP/src/bird_data/raw/prunella_modularis/XC786659.mp3,1.0,4.0,-40.44027669151795,-40.0,species,Prunella modularis,Dunnock,0.9636765718460083,0.9636765718460083,species,1,rand_species,/Users/justyna-przy/Projects/ISE/FYP/src/bird_data/clips/species/prunella_modularis/XC786659__s1000__e4000.wav,
prunella_modularis,785800,Prunella modularis,/Users/justyna-przy/Projects/ISE/FYP/src/bird_data/raw/prunella_modularis/XC785800.mp3,1.0,4.0,-32.682940002495556,-38.21983534583778,species,Prunella modularis,Dunnock,0.9542859792709351,0.9542859792709351,species,1,rand_species,/Users/justyna-przy/Projects/ISE/FYP/src/bird_data/clips/species/prunella_modularis/XC785800__s1000__e4000.wav,
prunella_modularis,785800,Prunella modularis,/Users/justyna-przy/Projects/ISE/FYP/src/bird_data/raw/prunella_modularis/XC785800.mp3,4.0,7.0,-37.38465986041753,-38.21983534583778,species,Prunella modularis,Dunnock,0.8444193005561829,0.8444193005561829,species,1,rand_species,/Users/justyna-przy/Projects/ISE/FYP/src/bird_data/clips/species/prunella_modularis/XC785800__s4000__e7000.wav,
prunella_modularis,785800,Prunella modularis,/Users/justyna-przy/Projects/ISE/FYP/src/bird_data/raw/prunella_modularis/XC785800.mp3,7.0,10.0,-37.2454493577324,-38.21983534583778,species,Prunella modularis,Dunnock,0.9715173244476318,0.9715173244476318,species,1,rand_species,/Users/justyna-przy/Projects/ISE/FYP/src/bird_data/clips/species/prunella_modularis/XC785800__s7000__e10000.wav,
prunella_modularis,785800,Prunella modularis,/Users/justyna-przy/Projects/ISE/FYP/src/bird_data/raw/prunella_modularis/XC785800.mp3,13.0,16.0,-34.71798562025402,-38.21983534583778,species,Prunella modularis,Dunnock,0.9910109043121338,0.9910109043121338,species,0,,,
prunella_modularis,785800,Prunella modularis,/Users/justyna-przy/Projects/ISE/FYP/src/bird_data/raw/prunella_modularis/XC785800.mp3,19.0,22.0,-34.45982164910514,-38.21983534583778,species,Prunella modularis,Dunnock,0.950421154499054,0.950421154499054,species,0,,,
prunella_modularis,780833,Prunella modularis,/Users/justyna-przy/Projects/ISE/FYP/src/bird_data/raw/prunella_modularis/XC780833.mp3,1.0,4.0,-21.680341997691507,-30.65647769057146,species,Prunella modularis,Dunnock,0.896456241607666,0.896456241607666,species,0,,,
prunella_modularis,780833,Prunella modularis,/Users/justyna-przy/Projects/ISE/FYP/src/bird_data/raw/prunella_modularis/XC780833.mp3,7.0,10.0,-27.773306369212882,-30.65647769057146,species,Prunella modularis,Dunnock,0.9841446876525879,0.9841446876525879,species,0,,,
prunella_modularis,780833,Prunella modularis,/Users/justyna-przy/Projects/ISE/FYP/src/bird_data/raw/prunella_modularis/XC780833.mp3,13.0,16.0,-25.897250427997164,-30.65647769057146,species,Prunella modularis,Dunnock,0.7905709743499756,0.7905709743499756,species,1,rand_species,/Users/justyna-przy/Projects/ISE/FYP/src/bird_data/clips/species/prunella_modularis/XC780833__s13000__e16000.wav,
prunella_modularis,780833,Prunella modularis,/Users/justyna-przy/Projects/ISE/FYP/src/bird_data/raw/prunella_modularis/XC780833.mp3,16.0,19.0,-25.709050503794938,-30.65647769057146,species,Prunella modularis,Dunnock,0.945165753364563,0.945165753364563,species,0,,,
prunella_modularis,780833,Prunella modularis,/Users/justyna-przy/Projects/ISE/FYP/src/bird_data/raw/prunella_modularis/XC780833.mp3,19.0,22.0,-28.552335213402934,-30.65647769057146,species,Prunella modularis,Dunnock,0.9264692068099976,0.9264692068099976,species,1,rand_species,/Users/justyna-przy/Projects/ISE/FYP/src/bird_data/clips/species/prunella_modularis/XC780833__s19000__e22000.wav,
prunella_modularis,780833,Prunella modularis,/Users/justyna-przy/Projects/ISE/FYP/src/bird_data/raw/prunella_modularis/XC780833.mp3,22.0,25.0,-24.467922986754623,-30.65647769057146,species,Prunella modularis,Dunnock,0.8751781582832336,0.8751781582832336,species,0,,,
prunella_modularis,780833,Prunella modularis,/Users/justyna-przy/Projects/ISE/FYP/src/bird_data/raw/prunella_modularis/XC780833.mp3,28.0,31.0,-21.741275801598846,-30.65647769057146,species,Prunella modularis,Dunnock,0.9978600144386292,0.9978600144386292,species,1,rand_species,/Users/justyna-przy/Projects/ISE/FYP/src/bird_data/clips/species/prunella_modularis/XC780833__s28000__e31000.wav,
prunella_modularis,780833,Prunella modularis,/Users/justyna-przy/Projects/ISE/FYP/src/bird_data/raw/prunella_modularis/XC780833.mp3,31.0,34.0,-28.912457354044424,-30.65647769057146,species,Prunella modularis,Dunnock,0.7883414626121521,0.7883414626121521,species,0,,,
prunella_modularis,780833,Prunella modularis,/Users/justyna-przy/Projects/ISE/FYP/src/bird_data/raw/prunella_modularis/XC780833.mp3,34.0,37.0,-23.62612169378266,-30.65647769057146,species,Prunella modularis,Dunnock,0.9715032577514648,0.9715032577514648,species,0,,,
prunella_modularis,780833,Prunella modularis,/Users/justyna-przy/Projects/ISE/FYP/src/bird_data/raw/prunella_modularis/XC780833.mp3,40.0,43.0,-29.430151416890684,-30.65647769057146,drop,Prunella modularis,Dunnock,0.17997431755065918,0.17997431755065918,drop,0,,,
prunella_modularis,779939,Prunella modularis,/Users/justyna-przy/Projects/ISE/FYP/src/bird_data/raw/prunella_modularis/XC779939.mp3,4.0,7.0,-42.1075455752823,-40.0,species,Prunella modularis,Dunnock,0.9976981282234192,0.9976981282234192,species,1,rand_species,/Users/justyna-przy/Projects/ISE/FYP/src/bird_data/clips/species/prunella_modularis/XC779939__s4000__e7000.wav,
prunella_modularis,779938,Prunella modularis,/Users/justyna-przy/Projects/ISE/FYP/src/bird_data/raw/prunella_modularis/XC779938.mp3,16.0,19.0,-39.65259354761894,-40.0,species,Prunella modularis,Dunnock,0.9786623120307922,0.9786623120307922,species,1,rand_species,/Users/justyna-przy/Projects/ISE/FYP/src/bird_data/clips/species/prunella_modularis/XC779938__s16000__e19000.wav,
prunella_modularis,779938,Prunella modularis,/Users/justyna-przy/Projects/ISE/FYP/src/bird_data/raw/prunella_modularis/XC779938.mp3,19.0,22.0,-39.46597898038426,-40.0,species,Prunella modularis,Dunnock,0.9816527962684631,0.9816527962684631,species,1,rand_species,/Users/justyna-przy/Projects/ISE/FYP/src/bird_data/clips/species/prunella_modularis/XC779938__s19000__e22000.wav,
prunella_modularis,778233,Prunella modularis,/Users/justyna-przy/Projects/ISE/FYP/src/bird_data/raw/prunella_modularis/XC778233.mp3,1.0,4.0,-35.40293199856685,-40.0,species,Prunella modularis,Dunnock,0.9954196214675903,0.9954196214675903,species,1,rand_species,/Users/justyna-przy/Projects/ISE/FYP/src/bird_data/clips/species/prunella_modularis/XC778233__s1000__e4000.wav,
prunella_modularis,778232,Prunella modularis,/Users/justyna-przy/Projects/ISE/FYP/src/bird_data/raw/prunella_modularis/XC778232.mp3,1.0,4.0,-41.02417959078247,-40.0,species,Prunella modularis,Dunnock,0.9469587802886963,0.9469587802886963,species,1,rand_species,/Users/justyna-przy/Projects/ISE/FYP/src/bird_data/clips/species/prunella_modularis/XC778232__s1000__e4000.wav,
prunella_modularis,778231,Prunella modularis,/Users/justyna-przy/Projects/ISE/FYP/src/bird_data/raw/prunella_modularis/XC778231.mp3,7.0,10.0,-45.929856678493046,-40.0,drop,Coccothraustes coccothraustes,Hawfinch,0.6363465189933777,0.6363465189933777,drop,0,,,
prunella_modularis,775191,Prunella modularis,/Users/justyna-przy/Projects/ISE/FYP/src/bird_data/raw/prunella_modularis/XC775191.mp3,1.0,4.0,-35.927750883813346,-37.07294799737568,species,Prunella modularis,Dunnock,0.9772826433181763,0.9772826433181763,species,0,,,
prunella_modularis,775191,Prunella modularis,/Users/justyna-przy/Projects/ISE/FYP/src/bird_data/raw/prunella_modularis/XC775191.mp3,4.0,7.0,-36.99838592153368,-37.07294799737568,non_bird,,,0.0,0.0,non_bird,1,nonbird_lowconf,/Users/justyna-przy/Projects/ISE/FYP/src/bird_data/clips/non_bird/prunella_modularis/XC775191__s4000__e7000.wav,
prunella_modularis,775191,Prunella modularis,/Users/justyna-przy/Projects/ISE/FYP/src/bird_data/raw/prunella_modularis/XC775191.mp3,7.0,10.0,-37.06253380806076,-37.07294799737568,species,Prunella modularis,Dunnock,0.9632150530815125,0.9632150530815125,species,1,rand_species,/Users/justyna-przy/Projects/ISE/FYP/src/bird_data/clips/species/prunella_modularis/XC775191__s7000__e10000.wav,
prunella_modularis,775191,Prunella modularis,/Users/justyna-przy/Projects/ISE/FYP/src/bird_data/raw/prunella_modularis/XC775191.mp3,10.0,13.0,-36.885369404134956,-37.07294799737568,species,Prunella modularis,Dunnock,0.9833471179008484,0.9833471179008484,species,0,,,
prunella_modularis,775191,Prunella modularis,/Users/justyna-przy/Projects/ISE/FYP/src/bird_data/raw/prunella_modularis/XC775191.mp3,13.0,16.0,-36.70757205594338,-37.07294799737568,species,Prunella modularis,Dunnock,0.9958354234695435,0.9958354234695435,species,1,rand_species,/Users/justyna-przy/Projects/ISE/FYP/src/bird_data/clips/species/prunella_modularis/XC775191__s13000__e16000.wav,
prunella_modularis,775191,Prunella modularis,/Users/justyna-przy/Projects/ISE/FYP/src/bird_data/raw/prunella_modularis/XC775191.mp3,22.0,25.0,-36.81504024556209,-37.07294799737568,species,Prunella modularis,Dunnock,0.6818607449531555,0.6818607449531555,species,0,,,
prunella_modularis,775191,Prunella modularis,/Users/justyna-przy/Projects/ISE/FYP/src/bird_data/raw/prunella_modularis/XC775191.mp3,28.0,31.0,-37.0224629052163,-37.07294799737568,drop,Coccothraustes coccothraustes,Hawfinch,0.6733148694038391,0.6733148694038391,drop,0,,,
prunella_modularis,775191,Prunella modularis,/Users/justyna-przy/Projects/ISE/FYP/src/bird_data/raw/prunella_modularis/XC775191.mp3,31.0,34.0,-36.28610746508026,-37.07294799737568,species,Prunella modularis,Dunnock,0.9746870398521423,0.9746870398521423,species,1,rand_species,/Users/justyna-przy/Projects/ISE/FYP/src/bird_data/clips/species/prunella_modularis/XC775191__s31000__e34000.wav,
prunella_modularis,774693,Prunella modularis,/Users/justyna-przy/Projects/ISE/FYP/src/bird_data/raw/prunella_modularis/XC774693.mp3,1.0,4.0,-25.390130532991453,-27.376301122738358,species,Prunella modularis,Dunnock,0.9911453127861023,0.9911453127861023,species,1,rand_species,/Users/justyna-przy/Projects/ISE/FYP/src/bird_data/clips/species/prunella_modularis/XC774693__s1000__e4000.wav,
prunella_modularis,774693,Prunella modularis,/Users/justyna-przy/Projects/ISE/FYP/src/bird_data/raw/prunella_modularis/XC774693.mp3,7.0,10.0,-21.708635927049528,-27.376301122738358,species,Prunella modularis,Dunnock,0.9631403088569641,0.9631403088569641,species,1,rand_species,/Users/justyna-przy/Projects/ISE/FYP/src/bird_data/clips/species/prunella_modularis/XC774693__s7000__e10000.wav,
prunella_modularis,773954,Prunella modularis,/Users/justyna-przy/Projects/ISE/FYP/src/bird_data/raw/prunella_modularis/XC773954.mp3,1.0,4.0,-15.884677813279062,-15.885848114178339,species,Prunella modularis,Dunnock,0.566816508769989,0.566816508769989,species,1,rand_species,/Users/justyna-przy/Projects/ISE/FYP/src/bird_data/clips/species/prunella_modularis/XC773954__s1000__e4000.wav,
prunella_modularis,773954,Prunella modularis,/Users/justyna-przy/Projects/ISE/FYP/src/bird_data/raw/prunella_modularis/XC773954.mp3,7.0,10.0,-15.88571423185698,-15.885848114178339,drop,Tringa totanus,Common Redshank,0.9056808352470398,0.9056808352470398,drop,0,,,
prunella_modularis,773954,Prunella modularis,/Users/justyna-przy/Projects/ISE/FYP/src/bird_data/raw/prunella_modularis/XC773954.mp3,10.0,13.0,-15.875923963784453,-15.885848114178339,drop,Cygnus cygnus,Whooper Swan,0.9709285497665405,0.9709285497665405,drop,0,,,
prunella_modularis,773953,Prunella modularis,/Users/justyna-przy/Projects/ISE/FYP/src/bird_data/raw/prunella_modularis/XC773953.mp3,1.0,4.0,-15.480459577374308,-15.799755921197058,species,Prunella modularis,Dunnock,0.9772748947143555,0.9772748947143555,species,0,,,
prunella_modularis,773953,Prunella modularis,/Users/justyna-przy/Projects/ISE/FYP/src/bird_data/raw/prunella_modularis/XC773953.mp3,4.0,7.0,-15.568643556681538,-15.799755921197058,species,Prunella modularis,Dunnock,0.9971780776977539,0.9971780776977539,species,1,rand_species,/Users/justyna-przy/Projects/ISE/FYP/src/bird_data/clips/species/prunella_modularis/XC773953__s4000__e7000.wav,
prunella_modularis,773953,Prunella modularis,/Users/justyna-przy/Projects/ISE/FYP/src/bird_data/raw/prunella_modularis/XC773953.mp3,7.0,10.0,-15.703557657403968,-15.799755921197058,species,Prunella modularis,Dunnock,0.9733413457870483,0.9733413457870483,species,1,rand_species,/Users/justyna-przy/Projects/ISE/FYP/src/bird_data/clips/species/prunella_modularis/XC773953__s7000__e10000.wav,
prunella_modularis,773953,Prunella modularis,/Users/justyna-przy/Projects/ISE/FYP/src/bird_data/raw/prunella_modularis/XC773953.mp3,10.0,13.0,-15.728959548015533,-15.799755921197058,species,Prunella modularis,Dunnock,0.9913581609725952,0.9913581609725952,species,1,rand_species,/Users/justyna-przy/Projects/ISE/FYP/src/bird_data/clips/species/prunella_modularis/XC773953__s10000__e13000.wav,
prunella_modularis,773953,Prunella modularis,/Users/justyna-przy/Projects/ISE/FYP/src/bird_data/raw/prunella_modularis/XC773953.mp3,13.0,16.0,-15.799404125773485,-15.799755921197058,species,Prunella modularis,Dunnock,0.6206380128860474,0.6206380128860474,species,0,,,
prunella_modularis,773952,Prunella modularis,/Users/justyna-przy/Projects/ISE/FYP/src/bird_data/raw/prunella_modularis/XC773952.mp3,1.0,4.0,-15.894551376595516,-15.913528186868406,drop,Ardea cinerea,Gray Heron,0.8615612983703613,0.8615612983703613,drop,0,,,
prunella_modularis,773952,Prunella modularis,/Users/justyna-przy/Projects/ISE/FYP/src/bird_data/raw/prunella_modularis/XC773952.mp3,4.0,7.0,-15.905619554174155,-15.913528186868406,species,Prunella modularis,Dunnock,0.9828222393989563,0.9828222393989563,species,1,rand_species,/Users/justyna-przy/Projects/ISE/FYP/src/bird_data/clips/species/prunella_modularis/XC773952__s4000__e7000.wav,
prunella_modularis,773952,Prunella modularis,/Users/justyna-przy/Projects/ISE/FYP/src/bird_data/raw/prunella_modularis/XC773952.mp3,7.0,10.0,-15.893976152410179,-15.913528186868406,species,Prunella modularis,Dunnock,0.9918660521507263,0.9918660521507263,species,1,rand_species,/Users/justyna-przy/Projects/ISE/FYP/src/bird_data/clips/species/prunella_modularis/XC773952__s7000__e10000.wav,
prunella_modularis,773952,Prunella modularis,/Users/justyna-przy/Projects/ISE/FYP/src/bird_data/raw/prunella_modularis/XC773952.mp3,10.0,13.0,-15.853209012072336,-15.913528186868406,species,Prunella modularis,Dunnock,0.9895761013031006,0.9895761013031006,species,0,,,
prunella_modularis,773952,Prunella modularis,/Users/justyna-przy/Projects/ISE/FYP/src/bird_data/raw/prunella_modularis/XC773952.mp3,13.0,16.0,-15.91190668015903,-15.913528186868406,drop,Schoenicola platyurus,Broad-tailed Grassbird,0.15809863805770874,0.15809863805770874,drop,0,,,
prunella_modularis,773952,Prunella modularis,/Users/justyna-przy/Projects/ISE/FYP/src/bird_data/raw/prunella_modularis/XC773952.mp3,16.0,19.0,-15.902890354206889,-15.913528186868406,species,Prunella modularis,Dunnock,0.9859791398048401,0.9859791398048401,species,0,,,
prunella_modularis,773952,Prunella modularis,/Users/justyna-przy/Projects/ISE/FYP/src/bird_data/raw/prunella_modularis/XC773952.mp3,19.0,22.0,-15.894289979676872,-15.913528186868406,species,Prunella modularis,Dunnock,0.9843394756317139,0.9843394756317139,species,0,,,
prunella_modularis,773952,Prunella modularis,/Users/justyna-przy/Projects/ISE/FYP/src/bird_data/raw/prunella_modularis/XC773952.mp3,22.0,25.0,-15.907570662172585,-15.913528186868406,species,Prunella modularis,Dunnock,0.8992908000946045,0.8992908000946045,species,1,rand_species,/Users/justyna-przy/Projects/ISE/FYP/src/bird_data/clips/species/prunella_modularis/XC773952__s22000__e25000.wav,
prunella_modularis,773952,Prunella modularis,/Users/justyna-przy/Projects/ISE/FYP/src/bird_data/raw/prunella_modularis/XC773952.mp3,25.0,28.0,-15.908715677837108,-15.913528186868406,species,Prunella modularis,Dunnock,0.9879283308982849,0.9879283308982849,species,0,,,
prunella_modularis,773952,Prunella modularis,/Users/justyna-przy/Projects/ISE/FYP/src/bird_data/raw/prunella_modularis/XC773952.mp3,34.0,37.0,-15.912491986127172,-15.913528186868406,non_bird,,,0.0,0.0,non_bird,1,nonbird_lowconf,/Users/justyna-przy/Projects/ISE/FYP/src/bird_data/clips/non_bird/prunella_modularis/XC773952__s34000__e37000.wav,
prunella_modularis,773950,Prunella modularis,/Users/justyna-przy/Projects/ISE/FYP/src/bird_data/raw/prunella_modularis/XC773950.mp3,1.0,4.0,-15.84809404600433,-15.854518295944745,species,Prunella modularis,Dunnock,0.9851316809654236,0.9851316809654236,species,1,rand_species,/Users/justyna-przy/Projects/ISE/FYP/src/bird_data/clips/species/prunella_modularis/XC773950__s1000__e4000.wav,
prunella_modularis,773950,Prunella modularis,/Users/justyna-przy/Projects/ISE/FYP/src/bird_data/raw/prunella_modularis/XC773950.mp3,7.0,10.0,-15.85015668778418,-15.854518295944745,non_bird,,,0.0,0.0,non_bird,1,nonbird_lowconf,/Users/justyna-przy/Projects/ISE/FYP/src/bird_data/clips/non_bird/prunella_modularis/XC773950__s7000__e10000.wav,
prunella_modularis,773946,Prunella modularis,/Users/justyna-przy/Projects/ISE/FYP/src/bird_data/raw/prunella_modularis/XC773946.mp3,1.0,4.0,-15.981002846243841,-15.989643712820625,species,Prunella modularis,Dunnock,0.9558678269386292,0.9558678269386292,species,0,,,
prunella_modularis,773946,Prunella modularis,/Users/justyna-przy/Projects/ISE/FYP/src/bird_data/raw/prunella_modularis/XC773946.mp3,4.0,7.0,-15.96090633216069,-15.989643712820625,species,Prunella modularis,Dunnock,0.9942787885665894,0.9942787885665894,species,1,rand_species,/Users/justyna-przy/Projects/ISE/FYP/src/bird_data/clips/species/prunella_modularis/XC773946__s4000__e7000.wav,
prunella_modularis,773946,Prunella modularis,/Users/justyna-przy/Projects/ISE/FYP/src/bird_data/raw/prunella_modularis/XC773946.mp3,7.0,10.0,-15.92787687035629,-15.989643712820625,species,Prunella modularis,Dunnock,0.998993456363678,0.998993456363678,species,1,rand_species,/Users/justyna-przy/Projects/ISE/FYP/src/bird_data/clips/species/prunella_modularis/XC773946__s7000__e10000.wav,
prunella_modularis,773946,Prunella modularis,/Users/justyna-przy/Projects/ISE/FYP/src/bird_data/raw/prunella_modularis/XC773946.mp3,10.0,13.0,-15.987058573472101,-15.989643712820625,species,Prunella modularis,Dunnock,0.997733473777771,0.997733473777771,species,1,rand_species,/Users/justyna-przy/Projects/ISE/FYP/src/bird_data/clips/species/prunella_modularis/XC773946__s10000__e13000.wav,
prunella_modularis,773946,Prunella modularis,/Users/justyna-przy/Projects/ISE/FYP/src/bird_data/raw/prunella_modularis/XC773946.mp3,13.0,16.0,-15.989587593907348,-15.989643712820625,species,Prunella modularis,Dunnock,0.994653582572937,0.994653582572937,species,0,,,
prunella_modularis,767171,Prunella modularis,/Users/justyna-przy/Projects/ISE/FYP/src/bird_data/raw/prunella_modularis/XC767171.mp3,1.0,4.0,-34.384671892197815,-35.7357448885857,drop,Cyanistes caeruleus,Eurasian Blue Tit,0.7838895916938782,0.7838895916938782,drop,0,,,
prunella_modularis,767136,Prunella modularis,/Users/justyna-przy/Projects/ISE/FYP/src/bird_data/raw/prunella_modularis/XC767136.mp3,4.0,7.0,-34.260800612880736,-37.10308581089041,species,Prunella modularis,Dunnock,0.9989981055259705,0.9989981055259705,species,1,rand_species,/Users/justyna-przy/Projects/ISE/FYP/src/bird_data/clips/species/prunella_modularis/XC767136__s4000__e7000.wav,
prunella_modularis,767136,Prunella modularis,/Users/justyna-przy/Projects/ISE/FYP/src/bird_data/raw/prunella_modularis/XC767136.mp3,10.0,13.0,-33.59273343046456,-37.10308581089041,species,Prunella modularis,Dunnock,0.9983030557632446,0.9983030557632446,species,1,rand_species,/Users/justyna-przy/Projects/ISE/FYP/src/bird_data/clips/species/prunella_modularis/XC767136__s10000__e13000.wav,
prunella_modularis,767136,Prunella modularis,/Users/justyna-przy/Projects/ISE/FYP/src/bird_data/raw/prunella_modularis/XC767136.mp3,13.0,16.0,-36.52411276564877,-37.10308581089041,species,Prunella modularis,Dunnock,0.9973316192626953,0.9973316192626953,species,1,rand_species,/Users/justyna-przy/Projects/ISE/FYP/src/bird_data/clips/species/prunella_modularis/XC767136__s13000__e16000.wav,
prunella_modularis,767136,Prunella modularis,/Users/justyna-przy/Projects/ISE/FYP/src/bird_data/raw/prunella_modularis/XC767136.mp3,16.0,19.0,-32.687342634343445,-37.10308581089041,species,Prunella modularis,Dunnock,0.9973750114440918,0.9973750114440918,species,0,,,
prunella_modularis,767136,Prunella modularis,/Users/justyna-przy/Projects/ISE/FYP/src/bird_data/raw/prunella_modularis/XC767136.mp3,19.0,22.0,-37.0343217862839,-37.10308581089041,species,Prunella modularis,Dunnock,0.9822264909744263,0.9822264909744263,species,0,,,
prunella_modularis,763892,Prunella modularis,/Users/justyna-przy/Projects/ISE/FYP/src/bird_data/raw/prunella_modularis/XC763892.mp3,1.0,4.0,-44.6820986912504,-40.0,species,Prunella modularis,Dunnock,0.926679253578186,0.926679253578186,species,1,rand_species,/Users/justyna-przy/Projects/ISE/FYP/src/bird_data/clips/species/prunella_modularis/XC763892__s1000__e4000.wav,
prunella_modularis,763047,Prunella modularis,/Users/justyna-przy/Projects/ISE/FYP/src/bird_data/raw/prunella_modularis/XC763047.mp3,7.0,10.0,-38.68829602027695,-39.02232155353598,species,Prunella modularis,Dunnock,0.4782481789588928,0.4782481789588928,species,1,rand_species,/Users/justyna-przy/Projects/ISE/FYP/src/bird_data/clips/species/prunella_modularis/XC763047__s7000__e10000.wav,
prunella_modularis,763047,Prunella modularis,/Users/justyna-przy/Projects/ISE/FYP/src/bird_data/raw/prunella_modularis/XC763047.mp3,13.0,16.0,-38.66269922608354,-39.02232155353598,species,Prunella modularis,Dunnock,0.57746422290802,0.57746422290802,species,1,rand_species,/Users/justyna-przy/Projects/ISE/FYP/src/bird_data/clips/species/prunella_modularis/XC763047__s13000__e16000.wav,
prunella_modularis,763047,Prunella modularis,/Users/justyna-przy/Projects/ISE/FYP/src/bird_data/raw/prunella_modularis/XC763047.mp3,19.0,22.0,-38.034922994886706,-39.02232155353598,species,Prunella modularis,Dunnock,0.9330030679702759,0.9330030679702759,species,0,,,
prunella_modularis,763047,Prunella modularis,/Users/justyna-przy/Projects/ISE/FYP/src/bird_data/raw/prunella_modularis/XC763047.mp3,22.0,25.0,-38.14871015854693,-39.02232155353598,species,Prunella modularis,Dunnock,0.5358731746673584,0.5358731746673584,species,0,,,
prunella_modularis,763047,Prunella modularis,/Users/justyna-przy/Projects/ISE/FYP/src/bird_data/raw/prunella_modularis/XC763047.mp3,25.0,28.0,-38.86367336663811,-39.02232155353598,drop,Corvus frugilegus,Rook,0.4364207088947296,0.4364207088947296,drop,0,,,
prunella_modularis,763047,Prunella modularis,/Users/justyna-przy/Projects/ISE/FYP/src/bird_data/raw/prunella_modularis/XC763047.mp3,28.0,31.0,-38.42539521056573,-39.02232155353598,species,Prunella modularis,Dunnock,0.8355810046195984,0.8355810046195984,species,0,,,
prunella_modularis,763047,Prunella modularis,/Users/justyna-przy/Projects/ISE/FYP/src/bird_data/raw/prunella_modularis/XC763047.mp3,31.0,34.0,-38.75867737605043,-39.02232155353598,species,Prunella modularis,Dunnock,0.601742148399353,0.601742148399353,species,1,rand_species,/Users/justyna-przy/Projects/ISE/FYP/src/bird_data/clips/species/prunella_modularis/XC763047__s31000__e34000.wav,
prunella_modularis,763047,Prunella modularis,/Users/justyna-przy/Projects/ISE/FYP/src/bird_data/raw/prunella_modularis/XC763047.mp3,34.0,37.0,-39.01845490066757,-39.02232155353598,drop,Prunella modularis,Dunnock,0.19802972674369812,0.19802972674369812,drop,0,,,
prunella_modularis,763047,Prunella modularis,/Users/justyna-przy/Projects/ISE/FYP/src/bird_data/raw/prunella_modularis/XC763047.mp3,37.0,40.0,-38.961772366238286,-39.02232155353598,species,Prunella modularis,Dunnock,0.49568042159080505,0.49568042159080505,species,0,,,
prunella_modularis,762386,Prunella modularis,/Users/justyna-przy/Projects/ISE/FYP/src/bird_data/raw/prunella_modularis/XC762386.mp3,10.0,13.0,-41.48128342700325,-40.0,species,Prunella modularis,Dunnock,0.9079979658126831,0.9079979658126831,species,1,rand_species,/Users/justyna-przy/Projects/ISE/FYP/src/bird_data/clips/species/prunella_modularis/XC762386__s10000__e13000.wav,
prunella_modularis,761028,Prunella modularis,/Users/justyna-przy/Projects/ISE/FYP/src/bird_data/raw/prunella_modularis/XC761028.mp3,1.0,4.0,-34.84837683107963,-35.133140741035795,species,Prunella modularis,Dunnock,0.7918689846992493,0.7918689846992493,species,1,rand_species,/Users/justyna-przy/Projects/ISE/FYP/src/bird_data/clips/species/prunella_modularis/XC761028__s1000__e4000.wav,
prunella_modularis,761028,Prunella modularis,/Users/justyna-przy/Projects/ISE/FYP/src/bird_data/raw/prunella_modularis/XC761028.mp3,4.0,7.0,-34.95283778865215,-35.133140741035795,species,Prunella modularis,Dunnock,0.42796093225479126,0.42796093225479126,species,1,rand_species,/Users/justyna-przy/Projects/ISE/FYP/src/bird_data/clips/species/prunella_modularis/XC761028__s4000__e7000.wav,
prunella_modularis,761028,Prunella modularis,/Users/justyna-przy/Projects/ISE/FYP/src/bird_data/raw/prunella_modularis/XC761028.mp3,7.0,10.0,-35.12040791103446,-35.133140741035795,species,Prunella modularis,Dunnock,0.8995196223258972,0.8995196223258972,species,1,rand_species,/Users/justyna-przy/Projects/ISE/FYP/src/bird_data/clips/species/prunella_modularis/XC761028__s7000__e10000.wav,
prunella_modularis,759893,Prunella modularis,/Users/justyna-przy/Projects/ISE/FYP/src/bird_data/raw/prunella_modularis/XC759893.mp3,1.0,4.0,-23.034916859691666,-23.36620540052573,species,Prunella modularis,Dunnock,0.9819158315658569,0.9819158315658569,species,0,,,
prunella_modularis,759893,Prunella modularis,/Users/justyna-przy/Projects/ISE/FYP/src/bird_data/raw/prunella_modularis/XC759893.mp3,4.0,7.0,-23.339962591658715,-23.36620540052573,non_bird,,,0.0,0.0,non_bird,1,nonbird_lowconf,/Users/justyna-przy/Projects/ISE/FYP/src/bird_data/clips/non_bird/prunella_modularis/XC759893__s4000__e7000.wav,
prunella_modularis,759893,Prunella modularis,/Users/justyna-przy/Projects/ISE/FYP/src/bird_data/raw/prunella_modularis/XC759893.mp3,7.0,10.0,-20.390888716432034,-23.36620540052573,species,Prunella modularis,Dunnock,0.9935763478279114,0.9935763478279114,species,1,rand_species,/Users/justyna-przy/Projects/ISE/FYP/src/bird_data/clips/species/prunella_modularis/XC759893__s7000__e10000.wav,
prunella_modularis,759893,Prunella modularis,/Users/justyna-przy/Projects/ISE/FYP/src/bird_data/raw/prunella_modularis/XC759893.mp3,13.0,16.0,-20.9757856535567,-23.36620540052573,species,Prunella modularis,Dunnock,0.9875994920730591,0.9875994920730591,species,1,rand_species,/Users/justyna-przy/Projects/ISE/FYP/src/bird_data/clips/species/prunella_modularis/XC759893__s13000__e16000.wav,
prunella_modularis,759893,Prunella modularis,/Users/justyna-przy/Projects/ISE/FYP/src/bird_data/raw/prunella_modularis/XC759893.mp3,16.0,19.0,-20.989107570553237,-23.36620540052573,species,Prunella modularis,Dunnock,0.9456488490104675,0.9456488490104675,species,0,,,
prunella_modularis,759893,Prunella modularis,/Users/justyna-przy/Projects/ISE/FYP/src/bird_data/raw/prunella_modularis/XC759893.mp3,22.0,25.0,-22.37426306346937,-23.36620540052573,species,Prunella modularis,Dunnock,0.9667292833328247,0.9667292833328247,species,0,,,
prunella_modularis,759893,Prunella modularis,/Users/justyna-przy/Projects/ISE/FYP/src/bird_data/raw/prunella_modularis/XC759893.mp3,25.0,28.0,-22.906041369550664,-23.36620540052573,species,Prunella modularis,Dunnock,0.977397084236145,0.977397084236145,species,0,,,
prunella_modularis,759893,Prunella modularis,/Users/justyna-przy/Projects/ISE/FYP/src/bird_data/raw/prunella_modularis/XC759893.mp3,28.0,31.0,-20.88966045220929,-23.36620540052573,non_bird,,,0.0,0.0,non_bird,1,nonbird_lowconf,/Users/justyna-przy/Projects/ISE/FYP/src/bird_data/clips/non_bird/prunella_modularis/XC759893__s28000__e31000.wav,
prunella_modularis,759893,Prunella modularis,/Users/justyna-przy/Projects/ISE/FYP/src/bird_data/raw/prunella_modularis/XC759893.mp3,31.0,34.0,-21.01145951529915,-23.36620540052573,non_bird,,,0.0,0.0,non_bird,0,,,
prunella_modularis,759893,Prunella modularis,/Users/justyna-przy/Projects/ISE/FYP/src/bird_data/raw/prunella_modularis/XC759893.mp3,37.0,40.0,-21.637485528657294,-23.36620540052573,species,Prunella modularis,Dunnock,0.9645581841468811,0.9645581841468811,species,0,,,
prunella_modularis,759893,Prunella modularis,/Users/justyna-przy/Projects/ISE/FYP/src/bird_data/raw/prunella_modularis/XC759893.mp3,40.0,43.0,-20.239173905271016,-23.36620540052573,species,Prunella modularis,Dunnock,0.954377293586731,0.954377293586731,species,1,rand_species,/Users/justyna-przy/Projects/ISE/FYP/src/bird_data/clips/species/prunella_modularis/XC759893__s40000__e43000.wav,
prunella_modularis,759893,Prunella modularis,/Users/justyna-przy/Projects/ISE/FYP/src/bird_data/raw/prunella_modularis/XC759893.mp3,49.0,52.0,-20.629368752495573,-23.36620540052573,species,Prunella modularis,Dunnock,0.9218816757202148,0.9218816757202148,species,0,,,
prunella_modularis,753277,Prunella modularis,/Users/justyna-przy/Projects/ISE/FYP/src/bird_data/raw/prunella_modularis/XC753277.mp3,4.0,7.0,-28.098549252164133,-28.597626352812497,species,Prunella modularis,Dunnock,0.7993484735488892,0.7993484735488892,species,1,rand_species,/Users/justyna-przy/Projects/ISE/FYP/src/bird_data/clips/species/prunella_modularis/XC753277__s4000__e7000.wav,
prunella_modularis,753277,Prunella modularis,/Users/justyna-przy/Projects/ISE/FYP/src/bird_data/raw/prunella_modularis/XC753277.mp3,7.0,10.0,-25.162610246810505,-28.597626352812497,drop,Carduelis carduelis,European Goldfinch,0.91292804479599,0.91292804479599,drop,0,,,
prunella_modularis,753277,Prunella modularis,/Users/justyna-przy/Projects/ISE/FYP/src/bird_data/raw/prunella_modularis/XC753277.mp3,10.0,13.0,-25.454701213292466,-28.597626352812497,species,Prunella modularis,Dunnock,0.938390851020813,0.938390851020813,species,1,rand_species,/Users/justyna-przy/Projects/ISE/FYP/src/bird_data/clips/species/prunella_modularis/XC753277__s10000__e13000.wav,
prunella_modularis,753277,Prunella modularis,/Users/justyna-przy/Projects/ISE/FYP/src/bird_data/raw/prunella_modularis/XC753277.mp3,16.0,19.0,-22.384304063533772,-28.597626352812497,species,Prunella modularis,Dunnock,0.7693398594856262,0.7693398594856262,species,1,rand_species,/Users/justyna-przy/Projects/ISE/FYP/src/bird_data/clips/species/prunella_modularis/XC753277__s16000__e19000.wav,
prunella_modularis,738871,Prunella modularis,/Users/justyna-przy/Projects/ISE/FYP/src/bird_data/raw/prunella_modularis/XC738871.mp3,1.0,4.0,-36.80883586853048,-40.0,drop,Prunella modularis,Dunnock,0.1637772172689438,0.1637772172689438,drop,0,,,
prunella_modularis,738871,Prunella modularis,/Users/justyna-przy/Projects/ISE/FYP/src/bird_data/raw/prunella_modularis/XC738871.mp3,4.0,7.0,-36.29024455239784,-40.0,species,Prunella modularis,Dunnock,0.6921696066856384,0.6921696066856384,species,1,rand_species,/Users/justyna-przy/Projects/ISE/FYP/src/bird_data/clips/species/prunella_modularis/XC738871__s4000__e7000.wav,
prunella_modularis,738871,Prunella modularis,/Users/justyna-przy/Projects/ISE/FYP/src/bird_data/raw/prunella_modularis/XC738871.mp3,13.0,16.0,-39.365195832047526,-40.0,species,Prunella modularis,Dunnock,0.7623510956764221,0.7623510956764221,species,1,rand_species,/Users/justyna-przy/Projects/ISE/FYP/src/bird_data/clips/species/prunella_modularis/XC738871__s13000__e16000.wav,
prunella_modularis,738871,Prunella modularis,/Users/justyna-przy/Projects/ISE/FYP/src/bird_data/raw/prunella_modularis/XC738871.mp3,22.0,25.0,-39.30580033491765,-40.0,species,Prunella modularis,Dunnock,0.9788711071014404,0.9788711071014404,species,0,,,
prunella_modularis,738871,Prunella modularis,/Users/justyna-przy/Projects/ISE/FYP/src/bird_data/raw/prunella_modularis/XC738871.mp3,31.0,34.0,-37.951258401436675,-40.0,species,Prunella modularis,Dunnock,0.9569278955459595,0.9569278955459595,species,1,rand_species,/Users/justyna-przy/Projects/ISE/FYP/src/bird_data/clips/species/prunella_modularis/XC738871__s31000__e34000.wav,
prunella_modularis,735144,Prunella modularis,/Users/justyna-przy/Projects/ISE/FYP/src/bird_data/raw/prunella_modularis/XC735144.mp3,13.0,16.0,-40.171661448269504,-40.0,species,Prunella modularis,Dunnock,0.3683382570743561,0.3683382570743561,species,1,rand_species,/Users/justyna-przy/Projects/ISE/FYP/src/bird_data/clips/species/prunella_modularis/XC735144__s13000__e16000.wav,
prunella_modularis,735143,Prunella modularis,/Users/justyna-przy/Projects/ISE/FYP/src/bird_data/raw/prunella_modularis/XC735143.mp3,4.0,7.0,-30.226739342043633,-37.570085429394005,species,Prunella modularis,Dunnock,0.9979405999183655,0.9979405999183655,species,1,rand_species,/Users/justyna-przy/Projects/ISE/FYP/src/bird_data/clips/species/prunella_modularis/XC735143__s4000__e7000.wav,
prunella_modularis,735143,Prunella modularis,/Users/justyna-przy/Projects/ISE/FYP/src/bird_data/raw/prunella_modularis/XC735143.mp3,7.0,10.0,-35.45277729599745,-37.570085429394005,species,Prunella modularis,Dunnock,0.9952768087387085,0.9952768087387085,species,0,,,
prunella_modularis,735143,Prunella modularis,/Users/justyna-przy/Projects/ISE/FYP/src/bird_data/raw/prunella_modularis/XC735143.mp3,10.0,13.0,-33.890672947807715,-37.570085429394005,species,Prunella modularis,Dunnock,0.9933691620826721,0.9933691620826721,species,1,rand_species,/Users/justyna-przy/Projects/ISE/FYP/src/bird_data/clips/species/prunella_modularis/XC735143__s10000__e13000.wav,
prunella_modularis,735143,Prunella modularis,/Users/justyna-przy/Projects/ISE/FYP/src/bird_data/raw/prunella_modularis/XC735143.mp3,16.0,19.0,-35.775722727458245,-37.570085429394005,species,Prunella modularis,Dunnock,0.9827386736869812,0.9827386736869812,species,1,rand_species,/Users/justyna-przy/Projects/ISE/FYP/src/bird_data/clips/species/prunella_modularis/XC735143__s16000__e19000.wav,
prunella_modularis,735143,Prunella modularis,/Users/justyna-przy/Projects/ISE/FYP/src/bird_data/raw/prunella_modularis/XC735143.mp3,19.0,22.0,-37.34147914337162,-37.570085429394005,species,Prunella modularis,Dunnock,0.9572954773902893,0.9572954773902893,species,0,,,
prunella_modularis,722207,Prunella modularis,/Users/justyna-przy/Projects/ISE/FYP/src/bird_data/raw/prunella_modularis/XC722207.mp3,1.0,4.0,-23.802911568861145,-30.981166021667136,species,Prunella modularis,Dunnock,0.9768856763839722,0.9768856763839722,species,1,rand_species,/Users/justyna-przy/Projects/ISE/FYP/src/bird_data/clips/species/prunella_modularis/XC722207__s1000__e4000.wav,
prunella_modularis,722207,Prunella modularis,/Users/justyna-przy/Projects/ISE/FYP/src/bird_data/raw/prunella_modularis/XC722207.mp3,7.0,10.0,-29.02604013926714,-30.981166021667136,species,Prunella modularis,Dunnock,0.5608100295066833,0.5608100295066833,species,1,rand_species,/Users/justyna-przy/Projects/ISE/FYP/src/bird_data/clips/species/prunella_modularis/XC722207__s7000__e10000.wav,
prunella_modularis,722207,Prunella modularis,/Users/justyna-przy/Projects/ISE/FYP/src/bird_data/raw/prunella_modularis/XC722207.mp3,10.0,13.0,-18.755380698050047,-30.981166021667136,species,Prunella modularis,Dunnock,0.9965672492980957,0.9965672492980957,species,1,rand_species,/Users/justyna-przy/Projects/ISE/FYP/src/bird_data/clips/species/prunella_modularis/XC722207__s10000__e13000.wav,
prunella_modularis,713873,Prunella modularis,/Users/justyna-przy/Projects/ISE/FYP/src/bird_data/raw/prunella_modularis/XC713873.mp3,1.0,4.0,-16.914268191920353,-16.914268191920353,species,Prunella modularis,Dunnock,0.9594075679779053,0.9594075679779053,species,1,rand_species,/Users/justyna-przy/Projects/ISE/FYP/src/bird_data/clips/species/prunella_modularis/XC713873__s1000__e4000.wav,
prunella_modularis,713430,Prunella modularis,/Users/justyna-przy/Projects/ISE/FYP/src/bird_data/raw/prunella_modularis/XC713430.mp3,4.0,7.0,-38.166145645497274,-38.28412874086213,non_bird,,,0.0,0.0,non_bird,1,nonbird_lowconf,/Users/justyna-przy/Projects/ISE/FYP/src/bird_data/clips/non_bird/prunella_modularis/XC713430__s4000__e7000.wav,
prunella_modularis,712527,Prunella modularis,/Users/justyna-przy/Projects/ISE/FYP/src/bird_data/raw/prunella_modularis/XC712527.mp3,1.0,4.0,-29.678192380131993,-40.0,drop,Prunella modularis,Dunnock,0.17088980972766876,0.17088980972766876,drop,0,,,
prunella_modularis,712527,Prunella modularis,/Users/justyna-przy/Projects/ISE/FYP/src/bird_data/raw/prunella_modularis/XC712527.mp3,7.0,10.0,-29.99995439485701,-40.0,species,Prunella modularis,Dunnock,0.7454448342323303,0.7454448342323303,species,0,,,
prunella_modularis,712527,Prunella modularis,/Users/justyna-przy/Projects/ISE/FYP/src/bird_data/raw/prunella_modularis/XC712527.mp3,10.0,13.0,-24.210297506515044,-40.0,species,Prunella modularis,Dunnock,0.9588546752929688,0.9588546752929688,species,1,rand_species,/Users/justyna-przy/Projects/ISE/FYP/src/bird_data/clips/species/prunella_modularis/XC712527__s10000__e13000.wav,
prunella_modularis,712527,Prunella modularis,/Users/justyna-przy/Projects/ISE/FYP/src/bird_data/raw/prunella_modularis/XC712527.mp3,22.0,25.0,-34.18910352208593,-40.0,species,Prunella modularis,Dunnock,0.5048684477806091,0.5048684477806091,species,0,,,
prunella_modularis,712527,Prunella modularis,/Users/justyna-przy/Projects/ISE/FYP/src/bird_data/raw/prunella_modularis/XC712527.mp3,25.0,28.0,-22.042658717065173,-40.0,species,Prunella modularis,Dunnock,0.9849335551261902,0.9849335551261902,species,1,rand_species,/Users/justyna-przy/Projects/ISE/FYP/src/bird_data/clips/species/prunella_modularis/XC712527__s25000__e28000.wav,
prunella_modularis,712527,Prunella modularis,/Users/justyna-przy/Projects/ISE/FYP/src/bird_data/raw/prunella_modularis/XC712527.mp3,31.0,34.0,-24.230639541101134,-40.0,species,Prunella modularis,Dunnock,0.8115467429161072,0.8115467429161072,species,0,,,
prunella_modularis,712527,Prunella modularis,/Users/justyna-przy/Projects/ISE/FYP/src/bird_data/raw/prunella_modularis/XC712527.mp3,34.0,37.0,-26.004804928495957,-40.0,species,Prunella modularis,Dunnock,0.8111064434051514,0.8111064434051514,species,1,rand_species,/Users/justyna-przy/Projects/ISE/FYP/src/bird_data/clips/species/prunella_modularis/XC712527__s34000__e37000.wav,
prunella_modularis,712527,Prunella modularis,/Users/justyna-przy/Projects/ISE/FYP/src/bird_data/raw/prunella_modularis/XC712527.mp3,40.0,43.0,-24.333414227925214,-40.0,species,Prunella modularis,Dunnock,0.915741503238678,0.915741503238678,species,0,,,
prunella_modularis,712527,Prunella modularis,/Users/justyna-przy/Projects/ISE/FYP/src/bird_data/raw/prunella_modularis/XC712527.mp3,43.0,46.0,-36.102006325931285,-40.0,drop,Prunella modularis,Dunnock,0.27149903774261475,0.27149903774261475,drop,0,,,
prunella_modularis,712527,Prunella modularis,/Users/justyna-przy/Projects/ISE/FYP/src/bird_data/raw/prunella_modularis/XC712527.mp3,49.0,52.0,-24.00617987592542,-40.0,species,Prunella modularis,Dunnock,0.9251194000244141,0.9251194000244141,species,0,,,
prunella_modularis,711007,Prunella modularis,/Users/justyna-przy/Projects/ISE/FYP/src/bird_data/raw/prunella_modularis/XC711007.mp3,4.0,7.0,-47.34231420931665,-40.0,species,Prunella modularis,Dunnock,0.7603986263275146,0.7603986263275146,species,1,rand_species,/Users/justyna-przy/Projects/ISE/FYP/src/bird_data/clips/species/prunella_modularis/XC711007__s4000__e7000.wav,
prunella_modularis,706901,Prunella modularis,/Users/justyna-przy/Projects/ISE/FYP/src/bird_data/raw/prunella_modularis/XC706901.mp3,1.0,4.0,-31.82415012883996,-33.40463345791683,non_bird,,,0.0,0.0,non_bird,1,nonbird_lowconf,/Users/justyna-przy/Projects/ISE/FYP/src/bird_data/clips/non_bird/prunella_modularis/XC706901__s1000__e4000.wav,
prunella_modularis,706901,Prunella modularis,/Users/justyna-przy/Projects/ISE/FYP/src/bird_data/raw/prunella_modularis/XC706901.mp3,4.0,7.0,-29.587840997673975,-33.40463345791683,drop,Parus major,Great Tit,0.25943782925605774,0.25943782925605774,drop,0,,,
prunella_modularis,706901,Prunella modularis,/Users/justyna-przy/Projects/ISE/FYP/src/bird_data/raw/prunella_modularis/XC706901.mp3,10.0,13.0,-30.151660911714476,-33.40463345791683,non_bird,,,0.0,0.0,non_bird,1,nonbird_lowconf,/Users/justyna-przy/Projects/ISE/FYP/src/bird_data/clips/non_bird/prunella_modularis/XC706901__s10000__e13000.wav,
prunella_modularis,706901,Prunella modularis,/Users/justyna-przy/Projects/ISE/FYP/src/bird_data/raw/prunella_modularis/XC706901.mp3,13.0,16.0,-33.39690891581324,-33.40463345791683,drop,Prunella modularis,Dunnock,0.20357264578342438,0.20357264578342438,drop,0,,,
prunella_modularis,706901,Prunella modularis,/Users/justyna-przy/Projects/ISE/FYP/src/bird_data/raw/prunella_modularis/XC706901.mp3,16.0,19.0,-30.50420144024158,-33.40463345791683,non_bird,,,0.0,0.0,non_bird,0,,,
prunella_modularis,706901,Prunella modularis,/Users/justyna-przy/Projects/ISE/FYP/src/bird_data/raw/prunella_modularis/XC706901.mp3,22.0,25.0,-30.46211169277903,-33.40463345791683,drop,Phoenicurus frontalis,Blue-fronted Redstart,0.10666932165622711,0.10666932165622711,drop,0,,,
prunella_modularis,706901,Prunella modularis,/Users/justyna-przy/Projects/ISE/FYP/src/bird_data/raw/prunella_modularis/XC706901.mp3,25.0,28.0,-27.973523327615887,-33.40463345791683,drop,Luscinia svecica,Bluethroat,0.17215244472026825,0.17215244472026825,drop,0,,,
prunella_modularis,706901,Prunella modularis,/Users/justyna-przy/Projects/ISE/FYP/src/bird_data/raw/prunella_modularis/XC706901.mp3,28.0,31.0,-31.02625163595125,-33.40463345791683,species,Prunella modularis,Dunnock,0.5095552802085876,0.5095552802085876,species,1,rand_species,/Users/justyna-przy/Projects/ISE/FYP/src/bird_data/clips/species/prunella_modularis/XC706901__s28000__e31000.wav,
prunella_modularis,706901,Prunella modularis,/Users/justyna-przy/Projects/ISE/FYP/src/bird_data/raw/prunella_modularis/XC706901.mp3,31.0,34.0,-29.55796231865979,-33.40463345791683,drop,Prunella modularis,Dunnock,0.2068440318107605,0.2068440318107605,drop,0,,,
prunella_modularis,703806,Prunella modularis,/Users/justyna-przy/Projects/ISE/FYP/src/bird_data/raw/prunella_modularis/XC703806.mp3,1.0,4.0,-34.320909521385985,-40.0,drop,Alcedo atthis,Common Kingfisher,0.6958582997322083,0.6958582997322083,drop,0,,,
prunella_modularis,703806,Prunella modularis,/Users/justyna-przy/Projects/ISE/FYP/src/bird_data/raw/prunella_modularis/XC703806.mp3,16.0,19.0,-29.88924878625597,-40.0,species,Prunella modularis,Dunnock,0.8032680153846741,0.8032680153846741,species,1,rand_species,/Users/justyna-przy/Projects/ISE/FYP/src/bird_data/clips/species/prunella_modularis/XC703806__s16000__e19000.wav,
prunella_modularis,703806,Prunella modularis,/Users/justyna-przy/Projects/ISE/FYP/src/bird_data/raw/prunella_modularis/XC703806.mp3,19.0,22.0,-38.307083750589385,-40.0,drop,Poecile palustris,Marsh Tit,0.1655132919549942,0.1655132919549942,drop,0,,,
prunella_modularis,703806,Prunella modularis,/Users/justyna-przy/Projects/ISE/FYP/src/bird_data/raw/prunella_modularis/XC703806.mp3,25.0,28.0,-39.37168059316947,-40.0,drop,Poecile montanus,Willow Tit,0.1251540184020996,0.1251540184020996,drop,0,,,
prunella_modularis,703806,Prunella modularis,/Users/justyna-przy/Projects/ISE/FYP/src/bird_data/raw/prunella_modularis/XC703806.mp3,28.0,31.0,-36.45524600921356,-40.0,drop,Aegithalos caudatus,Long-tailed Tit,0.29521358013153076,0.29521358013153076,drop,0,,,
prunella_modularis,703806,Prunella modularis,/Users/justyna-przy/Projects/ISE/FYP/src/bird_data/raw/prunella_modularis/XC703806.mp3,31.0,34.0,-34.27349053599175,-40.0,non_bird,,,0.0,0.0,non_bird,1,nonbird_lowconf,/Users/justyna-przy/Projects/ISE/FYP/src/bird_data/clips/non_bird/prunella_modularis/XC703806__s31000__e34000.wav,
prunella_modularis,703806,Prunella modularis,/Users/justyna-przy/Projects/ISE/FYP/src/bird_data/raw/prunella_modularis/XC703806.mp3,34.0,37.0,-34.867059371613934,-40.0,drop,Poecile montanus,Willow Tit,0.13890892267227173,0.13890892267227173,drop,0,,,
prunella_modularis,703806,Prunella modularis,/Users/justyna-przy/Projects/ISE/FYP/src/bird_data/raw/prunella_modularis/XC703806.mp3,37.0,40.0,-29.460062146155956,-40.0,species,Prunella modularis,Dunnock,0.8398888111114502,0.8398888111114502,species,1,rand_species,/Users/justyna-przy/Projects/ISE/FYP/src/bird_data/clips/species/prunella_modularis/XC703806__s37000__e40000.wav,
prunella_modularis,703806,Prunella modularis,/Users/justyna-przy/Projects/ISE/FYP/src/bird_data/raw/prunella_modularis/XC703806.mp3,40.0,43.0,-28.355534340337268,-40.0,species,Prunella modularis,Dunnock,0.8843873739242554,0.8843873739242554,species,1,rand_species,/Users/justyna-przy/Projects/ISE/FYP/src/bird_data/clips/species/prunella_modularis/XC703806__s40000__e43000.wav,
prunella_modularis,703801,Prunella modularis,/Users/justyna-przy/Projects/ISE/FYP/src/bird_data/raw/prunella_modularis/XC703801.mp3,4.0,7.0,-27.92467856265168,-33.640099048535674,drop,Periparus ater,Coal Tit,0.486457884311676,0.486457884311676,drop,0,,,
prunella_modularis,703801,Prunella modularis,/Users/justyna-przy/Projects/ISE/FYP/src/bird_data/raw/prunella_modularis/XC703801.mp3,7.0,10.0,-26.29106268493379,-33.640099048535674,drop,Periparus ater,Coal Tit,0.22049196064472198,0.22049196064472198,drop,0,,,
prunella_modularis,703801,Prunella modularis,/Users/justyna-przy/Projects/ISE/FYP/src/bird_data/raw/prunella_modularis/XC703801.mp3,10.0,13.0,-29.341440165044013,-33.640099048535674,drop,Melanospiza bicolor,Black-faced Grassquit,0.11924631148576736,0.11924631148576736,drop,0,,,
prunella_modularis,703801,Prunella modularis,/Users/justyna-przy/Projects/ISE/FYP/src/bird_data/raw/prunella_modularis/XC703801.mp3,13.0,16.0,-27.815299442549424,-33.640099048535674,non_bird,,,0.0,0.0,non_bird,1,nonbird_lowconf,/Users/justyna-przy/Projects/ISE/FYP/src/bird_data/clips/non_bird/prunella_modularis/XC703801__s13000__e16000.wav,
prunella_modularis,703801,Prunella modularis,/Users/justyna-przy/Projects/ISE/FYP/src/bird_data/raw/prunella_modularis/XC703801.mp3,19.0,22.0,-32.524192582507816,-33.640099048535674,non_bird,,,0.0,0.0,non_bird,1,nonbird_lowconf,/Users/justyna-przy/Projects/ISE/FYP/src/bird_data/clips/non_bird/prunella_modularis/XC703801__s19000__e22000.wav,
prunella_modularis,703801,Prunella modularis,/Users/justyna-przy/Projects/ISE/FYP/src/bird_data/raw/prunella_modularis/XC703801.mp3,22.0,25.0,-33.486395370352895,-33.640099048535674,non_bird,,,0.0,0.0,non_bird,0,,,
prunella_modularis,703801,Prunella modularis,/Users/justyna-przy/Projects/ISE/FYP/src/bird_data/raw/prunella_modularis/XC703801.mp3,25.0,28.0,-33.55298052899628,-33.640099048535674,drop,Agelaius phoeniceus,Red-winged Blackbird,0.24678906798362732,0.24678906798362732,drop,0,,,
prunella_modularis,694117,Prunella modularis,/Users/justyna-przy/Projects/ISE/FYP/src/bird_data/raw/prunella_modularis/XC694117.mp3,1.0,4.0,-38.91806303212933,-40.0,species,Prunella modularis,Dunnock,0.9876965880393982,0.9876965880393982,species,1,rand_species,/Users/justyna-przy/Projects/ISE/FYP/src/bird_data/clips/species/prunella_modularis/XC694117__s1000__e4000.wav,
prunella_modularis,694117,Prunella modularis,/Users/justyna-przy/Projects/ISE/FYP/src/bird_data/raw/prunella_modularis/XC694117.mp3,22.0,25.0,-39.6454546051817,-40.0,species,Prunella modularis,Dunnock,0.8844027519226074,0.8844027519226074,species,1,rand_species,/Users/justyna-przy/Projects/ISE/FYP/src/bird_data/clips/species/prunella_modularis/XC694117__s22000__e25000.wav,
prunella_modularis,692913,Prunella modularis,/Users/justyna-przy/Projects/ISE/FYP/src/bird_data/raw/prunella_modularis/XC692913.mp3,1.0,4.0,-22.704752647343767,-22.735326917291847,species,Prunella modularis,Dunnock,0.9554508328437805,0.9554508328437805,species,1,rand_species,/Users/justyna-przy/Projects/ISE/FYP/src/bird_data/clips/species/prunella_modularis/XC692913__s1000__e4000.wav,
prunella_modularis,692913,Prunella modularis,/Users/justyna-przy/Projects/ISE/FYP/src/bird_data/raw/prunella_modularis/XC692913.mp3,4.0,7.0,-22.668870776257535,-22.735326917291847,species,Prunella modularis,Dunnock,0.9163914322853088,0.9163914322853088,species,1,rand_species,/Users/justyna-przy/Projects/ISE/FYP/src/bird_data/clips/species/prunella_modularis/XC692913__s4000__e7000.wav,
prunella_modularis,692913,Prunella modularis,/Users/justyna-przy/Projects/ISE/FYP/src/bird_data/raw/prunella_modularis/XC692913.mp3,7.0,10.0,-22.718146437286705,-22.735326917291847,species,Prunella modularis,Dunnock,0.4979276955127716,0.4979276955127716,species,1,rand_species,/Users/justyna-przy/Projects/ISE/FYP/src/bird_data/clips/species/prunella_modularis/XC692913__s7000__e10000.wav,
prunella_modularis,692912,Prunella modularis,/Users/justyna-przy/Projects/ISE/FYP/src/bird_data/raw/prunella_modularis/XC692912.mp3,1.0,4.0,-16.793076647699728,-16.923632985048286,drop,Periparus ater,Coal Tit,0.19874709844589233,0.19874709844589233,drop,0,,,
prunella_modularis,692912,Prunella modularis,/Users/justyna-przy/Projects/ISE/FYP/src/bird_data/raw/prunella_modularis/XC692912.mp3,4.0,7.0,-16.889825649770223,-16.923632985048286,drop,Prunella modularis,Dunnock,0.15347354114055634,0.15347354114055634,drop,0,,,
prunella_modularis,692912,Prunella modularis,/Users/justyna-przy/Projects/ISE/FYP/src/bird_data/raw/prunella_modularis/XC692912.mp3,7.0,10.0,-16.90566677277427,-16.923632985048286,species,Prunella modularis,Dunnock,0.7296664714813232,0.7296664714813232,species,1,rand_species,/Users/justyna-przy/Projects/ISE/FYP/src/bird_data/clips/species/prunella_modularis/XC692912__s7000__e10000.wav,
prunella_modularis,692911,Prunella modularis,/Users/justyna-przy/Projects/ISE/FYP/src/bird_data/raw/prunella_modularis/XC692911.mp3,1.0,4.0,-17.2316079478898,-17.25076848791637,drop,Chroicocephalus ridibundus,Black-headed Gull,0.9490087032318115,0.9490087032318115,drop,0,,,
prunella_modularis,692911,Prunella modularis,/Users/justyna-przy/Projects/ISE/FYP/src/bird_data/raw/prunella_modularis/XC692911.mp3,7.0,10.0,-17.24409436132422,-17.25076848791637,drop,Cyanistes caeruleus,Eurasian Blue Tit,0.5966179966926575,0.5966179966926575,drop,0,,,
prunella_modularis,692911,Prunella modularis,/Users/justyna-przy/Projects/ISE/FYP/src/bird_data/raw/prunella_modularis/XC692911.mp3,13.0,16.0,-17.24134013835561,-17.25076848791637,species,Prunella modularis,Dunnock,0.8370587229728699,0.8370587229728699,species,1,rand_species,/Users/justyna-przy/Projects/ISE/FYP/src/bird_data/clips/species/prunella_modularis/XC692911__s13000__e16000.wav,
prunella_modularis,692911,Prunella modularis,/Users/justyna-przy/Projects/ISE/FYP/src/bird_data/raw/prunella_modularis/XC692911.mp3,19.0,22.0,-17.244749359842007,-17.25076848791637,species,Prunella modularis,Dunnock,0.9770973920822144,0.9770973920822144,species,1,rand_species,/Users/justyna-przy/Projects/ISE/FYP/src/bird_data/clips/species/prunella_modularis/XC692911__s19000__e22000.wav,
prunella_modularis,692911,Prunella modularis,/Users/justyna-przy/Projects/ISE/FYP/src/bird_data/raw/prunella_modularis/XC692911.mp3,22.0,25.0,-17.24756217390657,-17.25076848791637,non_bird,,,0.0,0.0,non_bird,1,nonbird_lowconf,/Users/justyna-przy/Projects/ISE/FYP/src/bird_data/clips/non_bird/prunella_modularis/XC692911__s22000__e25000.wav,
prunella_modularis,692910,Prunella modularis,/Users/justyna-przy/Projects/ISE/FYP/src/bird_data/raw/prunella_modularis/XC692910.mp3,1.0,4.0,-16.77232868058188,-16.876637619410214,species,Prunella modularis,Dunnock,0.9713625311851501,0.9713625311851501,species,1,rand_species,/Users/justyna-przy/Projects/ISE/FYP/src/bird_data/clips/species/prunella_modularis/XC692910__s1000__e4000.wav,
prunella_modularis,692910,Prunella modularis,/Users/justyna-przy/Projects/ISE/FYP/src/bird_data/raw/prunella_modularis/XC692910.mp3,4.0,7.0,-16.842240039401716,-16.876637619410214,species,Prunella modularis,Dunnock,0.9878284931182861,0.9878284931182861,species,0,,,
prunella_modularis,692910,Prunella modularis,/Users/justyna-przy/Projects/ISE/FYP/src/bird_data/raw/prunella_modularis/XC692910.mp3,7.0,10.0,-16.622034074647726,-16.876637619410214,species,Prunella modularis,Dunnock,0.9835928678512573,0.9835928678512573,species,1,rand_species,/Users/justyna-przy/Projects/ISE/FYP/src/bird_data/clips/species/prunella_modularis/XC692910__s7000__e10000.wav,
prunella_modularis,692910,Prunella modularis,/Users/justyna-przy/Projects/ISE/FYP/src/bird_data/raw/prunella_modularis/XC692910.mp3,16.0,19.0,-16.603952953913872,-16.876637619410214,species,Prunella modularis,Dunnock,0.9750738143920898,0.9750738143920898,species,1,rand_species,/Users/justyna-przy/Projects/ISE/FYP/src/bird_data/clips/species/prunella_modularis/XC692910__s16000__e19000.wav,
prunella_modularis,691838,Prunella modularis,/Users/justyna-przy/Projects/ISE/FYP/src/bird_data/raw/prunella_modularis/XC691838.mp3,4.0,7.0,-45.30376057713909,-40.0,species,Prunella modularis,Dunnock,0.46958887577056885,0.46958887577056885,species,1,rand_species,/Users/justyna-przy/Projects/ISE/FYP/src/bird_data/clips/species/prunella_modularis/XC691838__s4000__e7000.wav,
prunella_modularis,686170,Prunella modularis,/Users/justyna-przy/Projects/ISE/FYP/src/bird_data/raw/prunella_modularis/XC686170.mp3,1.0,4.0,-30.493005309865,-40.0,species,Prunella modularis,Dunnock,0.4203900098800659,0.4203900098800659,species,1,rand_species,/Users/justyna-przy/Projects/ISE/FYP/src/bird_data/clips/species/prunella_modularis/XC686170__s1000__e4000.wav,
prunella_modularis,686170,Prunella modularis,/Users/justyna-przy/Projects/ISE/FYP/src/bird_data/raw/prunella_modularis/XC686170.mp3,4.0,7.0,-29.86143420104197,-40.0,species,Prunella modularis,Dunnock,0.893724799156189,0.893724799156189,species,1,rand_species,/Users/justyna-przy/Projects/ISE/FYP/src/bird_data/clips/species/prunella_modularis/XC686170__s4000__e7000.wav,
prunella_modularis,686170,Prunella modularis,/Users/justyna-przy/Projects/ISE/FYP/src/bird_data/raw/prunella_modularis/XC686170.mp3,7.0,10.0,-33.93022450898791,-40.0,species,Prunella modularis,Dunnock,0.6832085847854614,0.6832085847854614,species,1,rand_species,/Users/justyna-przy/Projects/ISE/FYP/src/bird_data/clips/species/prunella_modularis/XC686170__s7000__e10000.wav,
prunella_modularis,686168,Prunella modularis,/Users/justyna-przy/Projects/ISE/FYP/src/bird_data/raw/prunella_modularis/XC686168.mp3,4.0,7.0,-30.02287112644932,-34.766436153540035,drop,Anthus trivialis,Tree Pipit,0.22165735065937042,0.22165735065937042,drop,0,,,
prunella_modularis,686168,Prunella modularis,/Users/justyna-przy/Projects/ISE/FYP/src/bird_data/raw/prunella_modularis/XC686168.mp3,7.0,10.0,-30.014347774575242,-34.766436153540035,species,Prunella modularis,Dunnock,0.7973141074180603,0.7973141074180603,species,1,rand_species,/Users/justyna-przy/Projects/ISE/FYP/src/bird_data/clips/species/prunella_modularis/XC686168__s7000__e10000.wav,
prunella_modularis,686168,Prunella modularis,/Users/justyna-przy/Projects/ISE/FYP/src/bird_data/raw/prunella_modularis/XC686168.mp3,10.0,13.0,-31.3578713105029,-34.766436153540035,species,Prunella modularis,Dunnock,0.3741026818752289,0.3741026818752289,species,1,rand_species,/Users/justyna-przy/Projects/ISE/FYP/src/bird_data/clips/species/prunella_modularis/XC686168__s10000__e13000.wav,
prunella_modularis,686168,Prunella modularis,/Users/justyna-przy/Projects/ISE/FYP/src/bird_data/raw/prunella_modularis/XC686168.mp3,13.0,16.0,-31.523872778208805,-34.766436153540035,species,Prunella modularis,Dunnock,0.7101244926452637,0.7101244926452637,species,0,,,
prunella_modularis,686168,Prunella modularis,/Users/justyna-przy/Projects/ISE/FYP/src/bird_data/raw/prunella_modularis/XC686168.mp3,16.0,19.0,-30.06131665612413,-34.766436153540035,drop,Alcedo atthis,Common Kingfisher,0.16457073390483856,0.16457073390483856,drop,0,,,
prunella_modularis,686168,Prunella modularis,/Users/justyna-przy/Projects/ISE/FYP/src/bird_data/raw/prunella_modularis/XC686168.mp3,19.0,22.0,-32.55252990557347,-34.766436153540035,drop,Phylloscopus tenellipes,Pale-legged Leaf Warbler,0.9127525687217712,0.9127525687217712,drop,0,,,
prunella_modularis,686168,Prunella modularis,/Users/justyna-przy/Projects/ISE/FYP/src/bird_data/raw/prunella_modularis/XC686168.mp3,22.0,25.0,-34.30900716719425,-34.766436153540035,drop,Phylloscopus tenellipes,Pale-legged Leaf Warbler,0.565820574760437,0.565820574760437,drop,0,,,
prunella_modularis,686168,Prunella modularis,/Users/justyna-przy/Projects/ISE/FYP/src/bird_data/raw/prunella_modularis/XC686168.mp3,25.0,28.0,-34.435936724511855,-34.766436153540035,non_bird,,,0.0,0.0,non_bird,1,nonbird_lowconf,/Users/justyna-przy/Projects/ISE/FYP/src/bird_data/clips/non_bird/prunella_modularis/XC686168__s25000__e28000.wav,
prunella_modularis,686168,Prunella modularis,/Users/justyna-przy/Projects/ISE/FYP/src/bird_data/raw/prunella_modularis/XC686168.mp3,28.0,31.0,-34.358193372668595,-34.766436153540035,non_bird,,,0.0,0.0,non_bird,1,nonbird_lowconf,/Users/justyna-przy/Projects/ISE/FYP/src/bird_data/clips/non_bird/prunella_modularis/XC686168__s28000__e31000.wav,
prunella_modularis,686168,Prunella modularis,/Users/justyna-przy/Projects/ISE/FYP/src/bird_data/raw/prunella_modularis/XC686168.mp3,31.0,34.0,-34.58127923149909,-34.766436153540035,species,Prunella modularis,Dunnock,0.48763972520828247,0.48763972520828247,species,1,rand_species,/Users/justyna-przy/Projects/ISE/FYP/src/bird_data/clips/species/prunella_modularis/XC686168__s31000__e34000.wav,
prunella_modularis,677462,Prunella modularis,/Users/justyna-przy/Projects/ISE/FYP/src/bird_data/raw/prunella_modularis/XC677462.mp3,7.0,10.0,-38.56540583904891,-40.0,species,Prunella modularis,Dunnock,0.9329780340194702,0.9329780340194702,species,1,rand_species,/Users/justyna-przy/Projects/ISE/FYP/src/bird_data/clips/species/prunella_modularis/XC677462__s7000__e10000.wav,
prunella_modularis,677462,Prunella modularis,/Users/justyna-przy/Projects/ISE/FYP/src/bird_data/raw/prunella_modularis/XC677462.mp3,10.0,13.0,-38.50801776274584,-40.0,species,Prunella modularis,Dunnock,0.9416112303733826,0.9416112303733826,species,1,rand_species,/Users/justyna-przy/Projects/ISE/FYP/src/bird_data/clips/species/prunella_modularis/XC677462__s10000__e13000.wav,
prunella_modularis,669729,Prunella modularis,/Users/justyna-przy/Projects/ISE/FYP/src/bird_data/raw/prunella_modularis/XC669729.mp3,1.0,4.0,-43.16273113764232,-40.0,species,Prunella modularis,Dunnock,0.9920469522476196,0.9920469522476196,species,1,rand_species,/Users/justyna-przy/Projects/ISE/FYP/src/bird_data/clips/species/prunella_modularis/XC669729__s1000__e4000.wav,
prunella_modularis,667655,Prunella modularis,/Users/justyna-przy/Projects/ISE/FYP/src/bird_data/raw/prunella_modularis/XC667655.mp3,1.0,4.0,-31.284554192928645,-31.401327065180208,drop,Phylloscopus trochilus,Willow Warbler,0.6063133478164673,0.6063133478164673,drop,0,,,
prunella_modularis,667655,Prunella modularis,/Users/justyna-przy/Projects/ISE/FYP/src/bird_data/raw/prunella_modularis/XC667655.mp3,4.0,7.0,-25.78469470028354,-31.401327065180208,species,Prunella modularis,Dunnock,0.4507225751876831,0.4507225751876831,species,1,rand_species,/Users/justyna-przy/Projects/ISE/FYP/src/bird_data/clips/species/prunella_modularis/XC667655__s4000__e7000.wav,
prunella_modularis,667655,Prunella modularis,/Users/justyna-przy/Projects/ISE/FYP/src/bird_data/raw/prunella_modularis/XC667655.mp3,7.0,10.0,-27.79119432438577,-31.401327065180208,species,Prunella modularis,Dunnock,0.9208974838256836,0.9208974838256836,species,1,rand_species,/Users/justyna-przy/Projects/ISE/FYP/src/bird_data/clips/species/prunella_modularis/XC667655__s7000__e10000.wav,
prunella_modularis,667655,Prunella modularis,/Users/justyna-przy/Projects/ISE/FYP/src/bird_data/raw/prunella_modularis/XC667655.mp3,10.0,13.0,-30.156467637441928,-31.401327065180208,drop,Cinclus cinclus,White-throated Dipper,0.4444498121738434,0.4444498121738434,drop,0,,,
prunella_modularis,658886,Prunella modularis,/Users/justyna-przy/Projects/ISE/FYP/src/bird_data/raw/prunella_modularis/XC658886.mp3,4.0,7.0,-34.319533981218605,-34.78718984748435,species,Prunella modularis,Dunnock,0.6519217491149902,0.6519217491149902,species,1,rand_species,/Users/justyna-przy/Projects/ISE/FYP/src/bird_data/clips/species/prunella_modularis/XC658886__s4000__e7000.wav,
prunella_modularis,658886,Prunella modularis,/Users/justyna-przy/Projects/ISE/FYP/src/bird_data/raw/prunella_modularis/XC658886.mp3,7.0,10.0,-34.67873917286084,-34.78718984748435,drop,Prunella modularis,Dunnock,0.2533749043941498,0.2533749043941498,drop,0,,,
prunella_modularis,658886,Prunella modularis,/Users/justyna-przy/Projects/ISE/FYP/src/bird_data/raw/prunella_modularis/XC658886.mp3,16.0,19.0,-34.07978549667958,-34.78718984748435,species,Prunella modularis,Dunnock,0.366859495639801,0.366859495639801,species,1,rand_species,/Users/justyna-przy/Projects/ISE/FYP/src/bird_data/clips/species/prunella_modularis/XC658886__s16000__e19000.wav,
prunella_modularis,658886,Prunella modularis,/Users/justyna-przy/Projects/ISE/FYP/src/bird_data/raw/prunella_modularis/XC658886.mp3,19.0,22.0,-33.78049011736491,-34.78718984748435,species,Prunella modularis,Dunnock,0.594136655330658,0.594136655330658,species,1,rand_species,/Users/justyna-przy/Projects/ISE/FYP/src/bird_data/clips/species/prunella_modularis/XC658886__s19000__e22000.wav,
prunella_modularis,658886,Prunella modularis,/Users/justyna-przy/Projects/ISE/FYP/src/bird_data/raw/prunella_modularis/XC658886.mp3,25.0,28.0,-32.90456660057625,-34.78718984748435,drop,Muscicapa striata,Spotted Flycatcher,0.8401798009872437,0.8401798009872437,drop,0,,,
prunella_modularis,658886,Prunella modularis,/Users/justyna-przy/Projects/ISE/FYP/src/bird_data/raw/prunella_modularis/XC658886.mp3,28.0,31.0,-31.73909380561575,-34.78718984748435,drop,Muscicapa striata,Spotted Flycatcher,0.7415290474891663,0.7415290474891663,drop,0,,,
prunella_modularis,658886,Prunella modularis,/Users/justyna-przy/Projects/ISE/FYP/src/bird_data/raw/prunella_modularis/XC658886.mp3,31.0,34.0,-31.605545466614892,-34.78718984748435,species,Prunella modularis,Dunnock,0.7547892332077026,0.7547892332077026,species,0,,,
prunella_modularis,658886,Prunella modularis,/Users/justyna-przy/Projects/ISE/FYP/src/bird_data/raw/prunella_modularis/XC658886.mp3,34.0,37.0,-32.50930993251915,-34.78718984748435,species,Prunella modularis,Dunnock,0.7380340099334717,0.7380340099334717,species,0,,,
prunella_modularis,658595,Prunella modularis,/Users/justyna-przy/Projects/ISE/FYP/src/bird_data/raw/prunella_modularis/XC658595.mp3,1.0,4.0,-26.736477329980243,-32.44007022318527,species,Prunella modularis,Dunnock,0.6127968430519104,0.6127968430519104,species,1,rand_species,/Users/justyna-przy/Projects/ISE/FYP/src/bird_data/clips/species/prunella_modularis/XC658595__s1000__e4000.wav,
prunella_modularis,658595,Prunella modularis,/Users/justyna-przy/Projects/ISE/FYP/src/bird_data/raw/prunella_modularis/XC658595.mp3,4.0,7.0,-22.872093927918527,-32.44007022318527,species,Prunella modularis,Dunnock,0.9075405597686768,0.9075405597686768,species,1,rand_species,/Users/justyna-przy/Projects/ISE/FYP/src/bird_data/clips/species/prunella_modularis/XC658595__s4000__e7000.wav,
prunella_modularis,658595,Prunella modularis,/Users/justyna-przy/Projects/ISE/FYP/src/bird_data/raw/prunella_modularis/XC658595.mp3,10.0,13.0,-32.1551496671573,-32.44007022318527,drop,Prunella modularis,Dunnock,0.1946740299463272,0.1946740299463272,drop,0,,,
prunella_modularis,657546,Prunella modularis,/Users/justyna-przy/Projects/ISE/FYP/src/bird_data/raw/prunella_modularis/XC657546.mp3,1.0,4.0,-50.9766206467637,-40.0,drop,Prunella modularis,Dunnock,0.2218373715877533,0.2218373715877533,drop,0,,,
prunella_modularis,637500,Prunella modularis,/Users/justyna-przy/Projects/ISE/FYP/src/bird_data/raw/prunella_modularis/XC637500.mp3,13.0,16.0,-39.32143821150964,-40.0,species,Prunella modularis,Dunnock,0.8640321493148804,0.8640321493148804,species,1,rand_species,/Users/justyna-przy/Projects/ISE/FYP/src/bird_data/clips/species/prunella_modularis/XC637500__s13000__e16000.wav,
prunella_modularis,637500,Prunella modularis,/Users/justyna-przy/Projects/ISE/FYP/src/bird_data/raw/prunella_modularis/XC637500.mp3,19.0,22.0,-39.86965701128656,-40.0,species,Prunella modularis,Dunnock,0.828270435333252,0.828270435333252,species,1,rand_species,/Users/justyna-przy/Projects/ISE/FYP/src/bird_data/clips/species/prunella_modularis/XC637500__s19000__e22000.wav,
prunella_modularis,637500,Prunella modularis,/Users/justyna-przy/Projects/ISE/FYP/src/bird_data/raw/prunella_modularis/XC637500.mp3,34.0,37.0,-39.935374925631024,-40.0,species,Prunella modularis,Dunnock,0.9210385084152222,0.9210385084152222,species,1,rand_species,/Users/justyna-przy/Projects/ISE/FYP/src/bird_data/clips/species/prunella_modularis/XC637500__s34000__e37000.wav,
prunella_modularis,635053,Prunella modularis,/Users/justyna-przy/Projects/ISE/FYP/src/bird_data/raw/prunella_modularis/XC635053.mp3,1.0,4.0,-9.641050605841453,-37.45798188915893,species,Prunella modularis,Dunnock,0.9869977235794067,0.9869977235794067,species,1,rand_species,/Users/justyna-przy/Projects/ISE/FYP/src/bird_data/clips/species/prunella_modularis/XC635053__s1000__e4000.wav,
prunella_modularis,635053,Prunella modularis,/Users/justyna-przy/Projects/ISE/FYP/src/bird_data/raw/prunella_modularis/XC635053.mp3,4.0,7.0,-36.86270665550964,-37.45798188915893,non_bird,,,0.0,0.0,non_bird,1,nonbird_lowconf,/Users/justyna-przy/Projects/ISE/FYP/src/bird_data/clips/non_bird/prunella_modularis/XC635053__s4000__e7000.wav,
prunella_modularis,635053,Prunella modularis,/Users/justyna-przy/Projects/ISE/FYP/src/bird_data/raw/prunella_modularis/XC635053.mp3,7.0,10.0,-10.841530489664047,-37.45798188915893,species,Prunella modularis,Dunnock,0.9897852540016174,0.9897852540016174,species,1,rand_species,/Users/justyna-przy/Projects/ISE/FYP/src/bird_data/clips/species/prunella_modularis/XC635053__s7000__e10000.wav,
prunella_modularis,635053,Prunella modularis,/Users/justyna-przy/Projects/ISE/FYP/src/bird_data/raw/prunella_modularis/XC635053.mp3,13.0,16.0,-12.563613831783119,-37.45798188915893,species,Prunella modularis,Dunnock,0.9832890629768372,0.9832890629768372,species,1,rand_species,/Users/justyna-przy/Projects/ISE/FYP/src/bird_data/clips/species/prunella_modularis/XC635053__s13000__e16000.wav,
prunella_modularis,635053,Prunella modularis,/Users/justyna-przy/Projects/ISE/FYP/src/bird_data/raw/prunella_modularis/XC635053.mp3,22.0,25.0,-36.79616124900848,-37.45798188915893,drop,Turdus pilaris,Fieldfare,0.1287565976381302,0.1287565976381302,drop,0,,,
prunella_modularis,635030,Prunella modularis,/Users/justyna-przy/Projects/ISE/FYP/src/bird_data/raw/prunella_modularis/XC635030.mp3,4.0,7.0,-32.81903106160375,-33.173710076448025,species,Prunella modularis,Dunnock,0.9976615905761719,0.9976615905761719,species,1,rand_species,/Users/justyna-przy/Projects/ISE/FYP/src/bird_data/clips/species/prunella_modularis/XC635030__s4000__e7000.wav,
prunella_modularis,631243,Prunella modularis,/Users/justyna-przy/Projects/ISE/FYP/src/bird_data/raw/prunella_modularis/XC631243.mp3,7.0,10.0,-25.61790602249711,-26.746603199986637,species,Prunella modularis,Dunnock,0.9810516834259033,0.9810516834259033,species,0,,,
prunella_modularis,631243,Prunella modularis,/Users/justyna-przy/Projects/ISE/FYP/src/bird_data/raw/prunella_modularis/XC631243.mp3,13.0,16.0,-24.77432765419713,-26.746603199986637,species,Prunella modularis,Dunnock,0.9791015386581421,0.9791015386581421,species,0,,,
prunella_modularis,631243,Prunella modularis,/Users/justyna-przy/Projects/ISE/FYP/src/bird_data/raw/prunella_modularis/XC631243.mp3,16.0,19.0,-25.028226312838044,-26.746603199986637,species,Prunella modularis,Dunnock,0.935890793800354,0.935890793800354,species,1,rand_species,/Users/justyna-przy/Projects/ISE/FYP/src/bird_data/clips/species/prunella_modularis/XC631243__s16000__e19000.wav,
prunella_modularis,631243,Prunella modularis,/Users/justyna-przy/Projects/ISE/FYP/src/bird_data/raw/prunella_modularis/XC631243.mp3,19.0,22.0,-22.037565293197602,-26.746603199986637,species,Prunella modularis,Dunnock,0.9984378218650818,0.9984378218650818,species,0,,,
prunella_modularis,631243,Prunella modularis,/Users/justyna-przy/Projects/ISE/FYP/src/bird_data/raw/prunella_modularis/XC631243.mp3,22.0,25.0,-25.555545369913872,-26.746603199986637,species,Prunella modularis,Dunnock,0.3751726448535919,0.3751726448535919,species,1,rand_species,/Users/justyna-przy/Projects/ISE/FYP/src/bird_data/clips/species/prunella_modularis/XC631243__s22000__e25000.wav,
prunella_modularis,631243,Prunella modularis,/Users/justyna-przy/Projects/ISE/FYP/src/bird_data/raw/prunella_modularis/XC631243.mp3,25.0,28.0,-21.711482059542067,-26.746603199986637,species,Prunella modularis,Dunnock,0.9960804581642151,0.9960804581642151,species,1,rand_species,/Users/justyna-przy/Projects/ISE/FYP/src/bird_data/clips/species/prunella_modularis/XC631243__s25000__e28000.wav,
prunella_modularis,630254,Prunella modularis,/Users/justyna-przy/Projects/ISE/FYP/src/bird_data/raw/prunella_modularis/XC630254.mp3,4.0,7.0,-35.04538424216874,-35.18694442375598,drop,Periparus ater,Coal Tit,0.4529024362564087,0.4529024362564087,drop,0,,,
prunella_modularis,630254,Prunella modularis,/Users/justyna-przy/Projects/ISE/FYP/src/bird_data/raw/prunella_modularis/XC630254.mp3,7.0,10.0,-28.961679737981143,-35.18694442375598,species,Prunella modularis,Dunnock,0.9614430665969849,0.9614430665969849,species,1,rand_species,/Users/justyna-przy/Projects/ISE/FYP/src/bird_data/clips/species/prunella_modularis/XC630254__s7000__e10000.wav,
prunella_modularis,629599,Prunella modularis,/Users/justyna-przy/Projects/ISE/FYP/src/bird_data/raw/prunella_modularis/XC629599.mp3,1.0,4.0,-29.078071700087452,-34.07198766891584,species,Prunella modularis,Dunnock,0.998350977897644,0.998350977897644,species,1,rand_species,/Users/justyna-przy/Projects/ISE/FYP/src/bird_data/clips/species/prunella_modularis/XC629599__s1000__e4000.wav,
prunella_modularis,629599,Prunella modularis,/Users/justyna-przy/Projects/ISE/FYP/src/bird_data/raw/prunella_modularis/XC629599.mp3,4.0,7.0,-34.01024711590588,-34.07198766891584,species,Prunella modularis,Dunnock,0.8741642832756042,0.8741642832756042,species,1,rand_species,/Users/justyna-przy/Projects/ISE/FYP/src/bird_data/clips/species/prunella_modularis/XC629599__s4000__e7000.wav,
prunella_modularis,629599,Prunella modularis,/Users/justyna-przy/Projects/ISE/FYP/src/bird_data/raw/prunella_modularis/XC629599.mp3,10.0,13.0,-31.197140177575967,-34.07198766891584,species,Prunella modularis,Dunnock,0.9807255864143372,0.9807255864143372,species,1,rand_species,/Users/justyna-przy/Projects/ISE/FYP/src/bird_data/clips/species/prunella_modularis/XC629599__s10000__e13000.wav,
prunella_modularis,628780,Prunella modularis,/Users/justyna-przy/Projects/ISE/FYP/src/bird_data/raw/prunella_modularis/XC628780.mp3,1.0,4.0,-42.37136263217096,-40.0,drop,Certhia brachydactyla,Short-toed Treecreeper,0.4047397971153259,0.4047397971153259,drop,0,,,
prunella_modularis,628569,Prunella modularis,/Users/justyna-przy/Projects/ISE/FYP/src/bird_data/raw/prunella_modularis/XC628569.mp3,1.0,4.0,-33.17544728439564,-38.86068334597331,drop,Phylloscopus collybita,Common Chiffchaff,0.4514045715332031,0.4514045715332031,drop,0,,,
prunella_modularis,628569,Prunella modularis,/Users/justyna-przy/Projects/ISE/FYP/src/bird_data/raw/prunella_modularis/XC628569.mp3,4.0,7.0,-34.875177141637245,-38.86068334597331,drop,Tringa ochropus,Green Sandpiper,0.7893057465553284,0.7893057465553284,drop,0,,,
prunella_modularis,628569,Prunella modularis,/Users/justyna-przy/Projects/ISE/FYP/src/bird_data/raw/prunella_modularis/XC628569.mp3,10.0,13.0,-36.670830025249806,-38.86068334597331,drop,Alcedo atthis,Common Kingfisher,0.19520455598831177,0.19520455598831177,drop,0,,,
prunella_modularis,628569,Prunella modularis,/Users/justyna-przy/Projects/ISE/FYP/src/bird_data/raw/prunella_modularis/XC628569.mp3,13.0,16.0,-35.52914348786708,-38.86068334597331,drop,Phylloscopus collybita,Common Chiffchaff,0.8826266527175903,0.8826266527175903,drop,0,,,
prunella_modularis,628569,Prunella modularis,/Users/justyna-przy/Projects/ISE/FYP/src/bird_data/raw/prunella_modularis/XC628569.mp3,16.0,19.0,-35.65335049276137,-38.86068334597331,drop,Phylloscopus collybita,Common Chiffchaff,0.23123805224895477,0.23123805224895477,drop,0,,,
prunella_modularis,628569,Prunella modularis,/Users/justyna-przy/Projects/ISE/FYP/src/bird_data/raw/prunella_modularis/XC628569.mp3,22.0,25.0,-33.09206278960298,-38.86068334597331,drop,Phylloscopus collybita,Common Chiffchaff,0.2148664891719818,0.2148664891719818,drop,0,,,
prunella_modularis,628569,Prunella modularis,/Users/justyna-przy/Projects/ISE/FYP/src/bird_data/raw/prunella_modularis/XC628569.mp3,28.0,31.0,-30.96926512416577,-38.86068334597331,drop,Periparus ater,Coal Tit,0.4199223816394806,0.4199223816394806,drop,0,,,
prunella_modularis,628569,Prunella modularis,/Users/justyna-przy/Projects/ISE/FYP/src/bird_data/raw/prunella_modularis/XC628569.mp3,34.0,37.0,-32.53724715793634,-38.86068334597331,drop,Magumma parva,Anianiau,0.5989704132080078,0.5989704132080078,drop,0,,,
prunella_modularis,624846,Prunella modularis,/Users/justyna-przy/Projects/ISE/FYP/src/bird_data/raw/prunella_modularis/XC624846.mp3,1.0,4.0,-46.737626225660954,-40.0,drop,Vireo atricapilla,Black-capped Vireo,0.13233809173107147,0.13233809173107147,drop,0,,,
prunella_modularis,618187,Prunella modularis,/Users/justyna-przy/Projects/ISE/FYP/src/bird_data/raw/prunella_modularis/XC618187.mp3,4.0,7.0,-29.71317064609494,-31.222079054723515,non_bird,,,0.0,0.0,non_bird,1,nonbird_lowconf,/Users/justyna-przy/Projects/ISE/FYP/src/bird_data/clips/non_bird/prunella_modularis/XC618187__s4000__e7000.wav,
prunella_modularis,618187,Prunella modularis,/Users/justyna-przy/Projects/ISE/FYP/src/bird_data/raw/prunella_modularis/XC618187.mp3,7.0,10.0,-28.94263836881427,-31.222079054723515,species,Prunella modularis,Dunnock,0.9543642401695251,0.9543642401695251,species,0,,,
prunella_modularis,618187,Prunella modularis,/Users/justyna-przy/Projects/ISE/FYP/src/bird_data/raw/prunella_modularis/XC618187.mp3,10.0,13.0,-29.44636779635371,-31.222079054723515,drop,Erithacus rubecula,European Robin,0.2701403796672821,0.2701403796672821,drop,0,,,
prunella_modularis,618187,Prunella modularis,/Users/justyna-przy/Projects/ISE/FYP/src/bird_data/raw/prunella_modularis/XC618187.mp3,13.0,16.0,-27.773096533031243,-31.222079054723515,species,Prunella modularis,Dunnock,0.9385736584663391,0.9385736584663391,species,1,rand_species,/Users/justyna-przy/Projects/ISE/FYP/src/bird_data/clips/species/prunella_modularis/XC618187__s13000__e16000.wav,
prunella_modularis,618187,Prunella modularis,/Users/justyna-przy/Projects/ISE/FYP/src/bird_data/raw/prunella_modularis/XC618187.mp3,16.0,19.0,-30.15765384448969,-31.222079054723515,drop,Emberiza schoeniclus,Reed Bunting,0.16213738918304443,0.16213738918304443,drop,0,,,
prunella_modularis,618187,Prunella modularis,/Users/justyna-przy/Projects/ISE/FYP/src/bird_data/raw/prunella_modularis/XC618187.mp3,19.0,22.0,-29.914748992195655,-31.222079054723515,non_bird,,,0.0,0.0,non_bird,1,nonbird_lowconf,/Users/justyna-przy/Projects/ISE/FYP/src/bird_data/clips/non_bird/prunella_modularis/XC618187__s19000__e22000.wav,
prunella_modularis,618187,Prunella modularis,/Users/justyna-przy/Projects/ISE/FYP/src/bird_data/raw/prunella_modularis/XC618187.mp3,22.0,25.0,-30.815060213886987,-31.222079054723515,species,Prunella modularis,Dunnock,0.7832939028739929,0.7832939028739929,species,1,rand_species,/Users/justyna-przy/Projects/ISE/FYP/src/bird_data/clips/species/prunella_modularis/XC618187__s22000__e25000.wav,
prunella_modularis,618187,Prunella modularis,/Users/justyna-przy/Projects/ISE/FYP/src/bird_data/raw/prunella_modularis/XC618187.mp3,25.0,28.0,-30.34123341871024,-31.222079054723515,drop,Cardellina canadensis,Canada Warbler,0.3366900384426117,0.3366900384426117,drop,0,,,
prunella_modularis,618187,Prunella modularis,/Users/justyna-przy/Projects/ISE/FYP/src/bird_data/raw/prunella_modularis/XC618187.mp3,28.0,31.0,-30.834522088962085,-31.222079054723515,species,Prunella modularis,Dunnock,0.9823613166809082,0.9823613166809082,species,0,,,
prunella_modularis,618187,Prunella modularis,/Users/justyna-przy/Projects/ISE/FYP/src/bird_data/raw/prunella_modularis/XC618187.mp3,40.0,43.0,-31.161361787296265,-31.222079054723515,drop,Delichon urbicum,Common House-Martin,0.140294149518013,0.140294149518013,drop,0,,,
prunella_modularis,618187,Prunella modularis,/Users/justyna-przy/Projects/ISE/FYP/src/bird_data/raw/prunella_modularis/XC618187.mp3,43.0,46.0,-30.958010009092256,-31.222079054723515,drop,Delichon urbicum,Common House-Martin,0.18729998171329498,0.18729998171329498,drop,0,,,
prunella_modularis,618187,Prunella modularis,/Users/justyna-przy/Projects/ISE/FYP/src/bird_data/raw/prunella_modularis/XC618187.mp3,46.0,49.0,-30.914959360707627,-31.222079054723515,species,Prunella modularis,Dunnock,0.9849440455436707,0.9849440455436707,species,1,rand_species,/Users/justyna-przy/Projects/ISE/FYP/src/bird_data/clips/species/prunella_modularis/XC618187__s46000__e49000.wav,
prunella_modularis,617873,Prunella modularis,/Users/justyna-przy/Projects/ISE/FYP/src/bird_data/raw/prunella_modularis/XC617873.mp3,4.0,7.0,-26.289256300448645,-29.8243491302166,species,Prunella modularis,Dunnock,0.7354018688201904,0.7354018688201904,species,0,,,
prunella_modularis,617873,Prunella modularis,/Users/justyna-przy/Projects/ISE/FYP/src/bird_data/raw/prunella_modularis/XC617873.mp3,10.0,13.0,-21.187527899218562,-29.8243491302166,species,Prunella modularis,Dunnock,0.9817128777503967,0.9817128777503967,species,0,,,
prunella_modularis,617873,Prunella modularis,/Users/justyna-przy/Projects/ISE/FYP/src/bird_data/raw/prunella_modularis/XC617873.mp3,19.0,22.0,-26.3191948520734,-29.8243491302166,species,Prunella modularis,Dunnock,0.967836856842041,0.967836856842041,species,1,rand_species,/Users/justyna-przy/Projects/ISE/FYP/src/bird_data/clips/species/prunella_modularis/XC617873__s19000__e22000.wav,
prunella_modularis,617873,Prunella modularis,/Users/justyna-przy/Projects/ISE/FYP/src/bird_data/raw/prunella_modularis/XC617873.mp3,22.0,25.0,-23.834124980613396,-29.8243491302166,species,Prunella modularis,Dunnock,0.9747461676597595,0.9747461676597595,species,1,rand_species,/Users/justyna-przy/Projects/ISE/FYP/src/bird_data/clips/species/prunella_modularis/XC617873__s22000__e25000.wav,
prunella_modularis,617873,Prunella modularis,/Users/justyna-przy/Projects/ISE/FYP/src/bird_data/raw/prunella_modularis/XC617873.mp3,25.0,28.0,-26.500883858992673,-29.8243491302166,species,Prunella modularis,Dunnock,0.7601271867752075,0.7601271867752075,species,0,,,
prunella_modularis,617873,Prunella modularis,/Users/justyna-przy/Projects/ISE/FYP/src/bird_data/raw/prunella_modularis/XC617873.mp3,28.0,31.0,-26.914435428351844,-29.8243491302166,species,Prunella modularis,Dunnock,0.9895274639129639,0.9895274639129639,species,0,,,
prunella_modularis,617873,Prunella modularis,/Users/justyna-przy/Projects/ISE/FYP/src/bird_data/raw/prunella_modularis/XC617873.mp3,31.0,34.0,-28.117059487824406,-29.8243491302166,species,Prunella modularis,Dunnock,0.9918547868728638,0.9918547868728638,species,0,,,
prunella_modularis,617873,Prunella modularis,/Users/justyna-przy/Projects/ISE/FYP/src/bird_data/raw/prunella_modularis/XC617873.mp3,37.0,40.0,-23.864253309852288,-29.8243491302166,species,Prunella modularis,Dunnock,0.9903520941734314,0.9903520941734314,species,0,,,
prunella_modularis,617873,Prunella modularis,/Users/justyna-przy/Projects/ISE/FYP/src/bird_data/raw/prunella_modularis/XC617873.mp3,40.0,43.0,-28.687824485319528,-29.8243491302166,species,Prunella modularis,Dunnock,0.6735460758209229,0.6735460758209229,species,0,,,
prunella_modularis,617873,Prunella modularis,/Users/justyna-przy/Projects/ISE/FYP/src/bird_data/raw/prunella_modularis/XC617873.mp3,43.0,46.0,-20.268007631311033,-29.8243491302166,species,Prunella modularis,Dunnock,0.9992713332176208,0.9992713332176208,species,1,rand_species,/Users/justyna-przy/Projects/ISE/FYP/src/bird_data/clips/species/prunella_modularis/XC617873__s43000__e46000.wav,
prunella_modularis,610864,Prunella modularis,/Users/justyna-przy/Projects/ISE/FYP/src/bird_data/raw/prunella_modularis/XC610864.mp3,1.0,4.0,-31.1829181819129,-33.224927906302646,drop,Myiothlypis flaveola,Flavescent Warbler,0.2084069699048996,0.2084069699048996,drop,0,,,
prunella_modularis,610864,Prunella modularis,/Users/justyna-przy/Projects/ISE/FYP/src/bird_data/raw/prunella_modularis/XC610864.mp3,7.0,10.0,-32.22821135687664,-33.224927906302646,species,Prunella modularis,Dunnock,0.9812565445899963,0.9812565445899963,species,1,rand_species,/Users/justyna-przy/Projects/ISE/FYP/src/bird_data/clips/species/prunella_modularis/XC610864__s7000__e10000.wav,
prunella_modularis,606232,Prunella modularis,/Users/justyna-przy/Projects/ISE/FYP/src/bird_data/raw/prunella_modularis/XC606232.mp3,1.0,4.0,-36.86747181010474,-38.22024870925836,non_bird,,,0.0,0.0,non_bird,1,nonbird_lowconf,/Users/justyna-przy/Projects/ISE/FYP/src/bird_data/clips/non_bird/prunella_modularis/XC606232__s1000__e4000.wav,
prunella_modularis,597532,Prunella modularis,/Users/justyna-przy/Projects/ISE/FYP/src/bird_data/raw/prunella_modularis/XC597532.mp3,7.0,10.0,-26.61211170287237,-27.19867932943506,species,Prunella modularis,Dunnock,0.874801516532898,0.874801516532898,species,0,,,
prunella_modularis,597532,Prunella modularis,/Users/justyna-przy/Projects/ISE/FYP/src/bird_data/raw/prunella_modularis/XC597532.mp3,10.0,13.0,-23.988931041463832,-27.19867932943506,species,Prunella modularis,Dunnock,0.9419794678688049,0.9419794678688049,species,0,,,
prunella_modularis,597532,Prunella modularis,/Users/justyna-przy/Projects/ISE/FYP/src/bird_data/raw/prunella_modularis/XC597532.mp3,13.0,16.0,-25.35144568124554,-27.19867932943506,species,Prunella modularis,Dunnock,0.7951126098632812,0.7951126098632812,species,0,,,
prunella_modularis,597532,Prunella modularis,/Users/justyna-przy/Projects/ISE/FYP/src/bird_data/raw/prunella_modularis/XC597532.mp3,16.0,19.0,-24.93933037741187,-27.19867932943506,species,Prunella modularis,Dunnock,0.9839494824409485,0.9839494824409485,species,1,rand_species,/Users/justyna-przy/Projects/ISE/FYP/src/bird_data/clips/species/prunella_modularis/XC597532__s16000__e19000.wav,
prunella_modularis,597532,Prunella modularis,/Users/justyna-przy/Projects/ISE/FYP/src/bird_data/raw/prunella_modularis/XC597532.mp3,22.0,25.0,-26.52432950896937,-27.19867932943506,drop,Auriparus flaviceps,Verdin,0.4928464889526367,0.4928464889526367,drop,0,,,
prunella_modularis,597532,Prunella modularis,/Users/justyna-przy/Projects/ISE/FYP/src/bird_data/raw/prunella_modularis/XC597532.mp3,25.0,28.0,-24.62991752008669,-27.19867932943506,species,Prunella modularis,Dunnock,0.9717581272125244,0.9717581272125244,species,0,,,
prunella_modularis,597532,Prunella modularis,/Users/justyna-przy/Projects/ISE/FYP/src/bird_data/raw/prunella_modularis/XC597532.mp3,28.0,31.0,-25.498296465589778,-27.19867932943506,species,Prunella modularis,Dunnock,0.8914210200309753,0.8914210200309753,species,0,,,
prunella_modularis,597532,Prunella modularis,/Users/justyna-przy/Projects/ISE/FYP/src/bird_data/raw/prunella_modularis/XC597532.mp3,34.0,37.0,-26.06972177670594,-27.19867932943506,species,Prunella modularis,Dunnock,0.8964892029762268,0.8964892029762268,species,1,rand_species,/Users/justyna-przy/Projects/ISE/FYP/src/bird_data/clips/species/prunella_modularis/XC597532__s34000__e37000.wav,
prunella_modularis,597532,Prunella modularis,/Users/justyna-przy/Projects/ISE/FYP/src/bird_data/raw/prunella_modularis/XC597532.mp3,40.0,43.0,-24.1267481601417,-27.19867932943506,species,Prunella modularis,Dunnock,0.98487788438797,0.98487788438797,species,1,rand_species,/Users/justyna-przy/Projects/ISE/FYP/src/bird_data/clips/species/prunella_modularis/XC597532__s40000__e43000.wav,
prunella_modularis,597532,Prunella modularis,/Users/justyna-przy/Projects/ISE/FYP/src/bird_data/raw/prunella_modularis/XC597532.mp3,43.0,46.0,-25.74083610087531,-27.19867932943506,species,Prunella modularis,Dunnock,0.9017885327339172,0.9017885327339172,species,0,,,
prunella_modularis,581070,Prunella modularis,/Users/justyna-przy/Projects/ISE/FYP/src/bird_data/raw/prunella_modularis/XC581070.mp3,1.0,4.0,-23.29839505979967,-40.0,species,Prunella modularis,Dunnock,0.9927223324775696,0.9927223324775696,species,1,rand_species,/Users/justyna-przy/Projects/ISE/FYP/src/bird_data/clips/species/prunella_modularis/XC581070__s1000__e4000.wav,
prunella_modularis,581070,Prunella modularis,/Users/justyna-przy/Projects/ISE/FYP/src/bird_data/raw/prunella_modularis/XC581070.mp3,4.0,7.0,-25.554262208481603,-40.0,species,Prunella modularis,Dunnock,0.9985983967781067,0.9985983967781067,species,1,rand_species,/Users/justyna-przy/Projects/ISE/FYP/src/bird_data/clips/species/prunella_modularis/XC581070__s4000__e7000.wav,
prunella_modularis,581070,Prunella modularis,/Users/justyna-przy/Projects/ISE/FYP/src/bird_data/raw/prunella_modularis/XC581070.mp3,16.0,19.0,-23.15934309149656,-40.0,species,Prunella modularis,Dunnock,0.9867181181907654,0.9867181181907654,species,1,rand_species,/Users/justyna-przy/Projects/ISE/FYP/src/bird_data/clips/species/prunella_modularis/XC581070__s16000__e19000.wav,
prunella_modularis,579450,Prunella modularis,/Users/justyna-przy/Projects/ISE/FYP/src/bird_data/raw/prunella_modularis/XC579450.mp3,7.0,10.0,-34.47256446463449,-40.0,species,Prunella modularis,Dunnock,0.9991323351860046,0.9991323351860046,species,1,rand_species,/Users/justyna-przy/Projects/ISE/FYP/src/bird_data/clips/species/prunella_modularis/XC579450__s7000__e10000.wav,
prunella_modularis,579450,Prunella modularis,/Users/justyna-przy/Projects/ISE/FYP/src/bird_data/raw/prunella_modularis/XC579450.mp3,10.0,13.0,-32.961989192156224,-40.0,species,Prunella modularis,Dunnock,0.9971843361854553,0.9971843361854553,species,1,rand_species,/Users/justyna-przy/Projects/ISE/FYP/src/bird_data/clips/species/prunella_modularis/XC579450__s10000__e13000.wav,
prunella_modularis,579450,Prunella modularis,/Users/justyna-przy/Projects/ISE/FYP/src/bird_data/raw/prunella_modularis/XC579450.mp3,13.0,16.0,-33.216700684248025,-40.0,species,Prunella modularis,Dunnock,0.9449986219406128,0.9449986219406128,species,1,rand_species,/Users/justyna-przy/Projects/ISE/FYP/src/bird_data/clips/species/prunella_modularis/XC579450__s13000__e16000.wav,
prunella_modularis,569896,Prunella modularis,/Users/justyna-przy/Projects/ISE/FYP/src/bird_data/raw/prunella_modularis/XC569896.mp3,4.0,7.0,-30.942660861909378,-35.64560734674357,species,Prunella modularis,Dunnock,0.7058423757553101,0.7058423757553101,species,1,rand_species,/Users/justyna-przy/Projects/ISE/FYP/src/bird_data/clips/species/prunella_modularis/XC569896__s4000__e7000.wav,
prunella_modularis,569896,Prunella modularis,/Users/justyna-przy/Projects/ISE/FYP/src/bird_data/raw/prunella_modularis/XC569896.mp3,7.0,10.0,-35.24100063590836,-35.64560734674357,species,Prunella modularis,Dunnock,0.5667756199836731,0.5667756199836731,species,1,rand_species,/Users/justyna-przy/Projects/ISE/FYP/src/bird_data/clips/species/prunella_modularis/XC569896__s7000__e10000.wav,
prunella_modularis,569896,Prunella modularis,/Users/justyna-przy/Projects/ISE/FYP/src/bird_data/raw/prunella_modularis/XC569896.mp3,10.0,13.0,-35.482099688586814,-35.64560734674357,species,Prunella modularis,Dunnock,0.5902315378189087,0.5902315378189087,species,1,rand_species,/Users/justyna-przy/Projects/ISE/FYP/src/bird_data/clips/species/prunella_modularis/XC569896__s10000__e13000.wav,
prunella_modularis,567541,Prunella modularis,/Users/justyna-przy/Projects/ISE/FYP/src/bird_data/raw/prunella_modularis/XC567541.mp3,1.0,4.0,-35.88118418825426,-35.88118418825426,non_bird,,,0.0,0.0,non_bird,1,nonbird_lowconf,/Users/justyna-przy/Projects/ISE/FYP/src/bird_data/clips/non_bird/prunella_modularis/XC567541__s1000__e4000.wav,
prunella_modularis,561933,Prunella modularis,/Users/justyna-przy/Projects/ISE/FYP/src/bird_data/raw/prunella_modularis/XC561933.mp3,4.0,7.0,-37.259117734376744,-37.724756204293605,drop,Anthus trivialis,Tree Pipit,0.23263680934906006,0.23263680934906006,drop,0,,,
prunella_modularis,561933,Prunella modularis,/Users/justyna-przy/Projects/ISE/FYP/src/bird_data/raw/prunella_modularis/XC561933.mp3,7.0,10.0,-35.30956362772613,-37.724756204293605,drop,Aegithalos caudatus,Long-tailed Tit,0.4301147162914276,0.4301147162914276,drop,0,,,
prunella_modularis,561933,Prunella modularis,/Users/justyna-przy/Projects/ISE/FYP/src/bird_data/raw/prunella_modularis/XC561933.mp3,13.0,16.0,-37.62521477431463,-37.724756204293605,non_bird,,,0.0,0.0,non_bird,1,nonbird_lowconf,/Users/justyna-przy/Projects/ISE/FYP/src/bird_data/clips/non_bird/prunella_modularis/XC561933__s13000__e16000.wav,
prunella_modularis,558672,Prunella modularis,/Users/justyna-przy/Projects/ISE/FYP/src/bird_data/raw/prunella_modularis/XC558672.mp3,1.0,4.0,-27.003614277640203,-27.439008007840034,drop,Psaltriparus minimus,Bushtit,0.1699652522802353,0.1699652522802353,drop,0,,,
prunella_modularis,558672,Prunella modularis,/Users/justyna-przy/Projects/ISE/FYP/src/bird_data/raw/prunella_modularis/XC558672.mp3,10.0,13.0,-24.79080897216493,-27.439008007840034,drop,Aegithalos caudatus,Long-tailed Tit,0.19845402240753174,0.19845402240753174,drop,0,,,
prunella_modularis,558672,Prunella modularis,/Users/justyna-przy/Projects/ISE/FYP/src/bird_data/raw/prunella_modularis/XC558672.mp3,13.0,16.0,-26.17612247001146,-27.439008007840034,drop,Amphispiza bilineata,Black-throated Sparrow,0.15920020639896393,0.15920020639896393,drop,0,,,
prunella_modularis,558672,Prunella modularis,/Users/justyna-przy/Projects/ISE/FYP/src/bird_data/raw/prunella_modularis/XC558672.mp3,16.0,19.0,-26.320793771438154,-27.439008007840034,drop,Carduelis carduelis,European Goldfinch,0.45985108613967896,0.45985108613967896,drop,0,,,
prunella_modularis,558672,Prunella modularis,/Users/justyna-przy/Projects/ISE/FYP/src/bird_data/raw/prunella_modularis/XC558672.mp3,19.0,22.0,-26.403219699220365,-27.439008007840034,drop,Aegithalos caudatus,Long-tailed Tit,0.4515303373336792,0.4515303373336792,drop,0,,,
prunella_modularis,558672,Prunella modularis,/Users/justyna-przy/Projects/ISE/FYP/src/bird_data/raw/prunella_modularis/XC558672.mp3,22.0,25.0,-26.42873040811644,-27.439008007840034,drop,Aegithalos caudatus,Long-tailed Tit,0.4815964102745056,0.4815964102745056,drop,0,,,
prunella_modularis,556062,Prunella modularis,/Users/justyna-przy/Projects/ISE/FYP/src/bird_data/raw/prunella_modularis/XC556062.mp3,1.0,4.0,-27.818667420629154,-29.810997077724846,species,Prunella modularis,Dunnock,0.9885683059692383,0.9885683059692383,species,1,rand_species,/Users/justyna-przy/Projects/ISE/FYP/src/bird_data/clips/species/prunella_modularis/XC556062__s1000__e4000.wav,
prunella_modularis,556062,Prunella modularis,/Users/justyna-przy/Projects/ISE/FYP/src/bird_data/raw/prunella_modularis/XC556062.mp3,7.0,10.0,-28.67812260165713,-29.810997077724846,species,Prunella modularis,Dunnock,0.9926334023475647,0.9926334023475647,species,1,rand_species,/Users/justyna-przy/Projects/ISE/FYP/src/bird_data/clips/species/prunella_modularis/XC556062__s7000__e10000.wav,
prunella_modularis,556062,Prunella modularis,/Users/justyna-przy/Projects/ISE/FYP/src/bird_data/raw/prunella_modularis/XC556062.mp3,13.0,16.0,-27.27637886953561,-29.810997077724846,species,Prunella modularis,Dunnock,0.9900363683700562,0.9900363683700562,species,1,rand_species,/Users/justyna-przy/Projects/ISE/FYP/src/bird_data/clips/species/prunella_modularis/XC556062__s13000__e16000.wav,
prunella_modularis,556062,Prunella modularis,/Users/justyna-przy/Projects/ISE/FYP/src/bird_data/raw/prunella_modularis/XC556062.mp3,16.0,19.0,-29.563128599327673,-29.810997077724846,non_bird,,,0.0,0.0,non_bird,1,nonbird_lowconf,/Users/justyna-przy/Projects/ISE/FYP/src/bird_data/clips/non_bird/prunella_modularis/XC556062__s16000__e19000.wav,
prunella_modularis,556062,Prunella modularis,/Users/justyna-przy/Projects/ISE/FYP/src/bird_data/raw/prunella_modularis/XC556062.mp3,19.0,22.0,-28.936040997038365,-29.810997077724846,species,Prunella modularis,Dunnock,0.9083517789840698,0.9083517789840698,species,0,,,
prunella_modularis,552783,Prunella modularis,/Users/justyna-przy/Projects/ISE/FYP/src/bird_data/raw/prunella_modularis/XC552783.mp3,1.0,4.0,-26.32226434043322,-40.0,species,Prunella modularis,Dunnock,0.9985827207565308,0.9985827207565308,species,1,rand_species,/Users/justyna-przy/Projects/ISE/FYP/src/bird_data/clips/species/prunella_modularis/XC552783__s1000__e4000.wav,
prunella_modularis,552783,Prunella modularis,/Users/justyna-przy/Projects/ISE/FYP/src/bird_data/raw/prunella_modularis/XC552783.mp3,4.0,7.0,-34.63420097815677,-40.0,species,Prunella modularis,Dunnock,0.93208247423172,0.93208247423172,species,1,rand_species,/Users/justyna-przy/Projects/ISE/FYP/src/bird_data/clips/species/prunella_modularis/XC552783__s4000__e7000.wav,
prunella_modularis,549505,Prunella modularis,/Users/justyna-przy/Projects/ISE/FYP/src/bird_data/raw/prunella_modularis/XC549505.mp3,1.0,4.0,-20.130910231187023,-22.157326767973505,species,Prunella modularis,Dunnock,0.9997383952140808,0.9997383952140808,species,1,rand_species,/Users/justyna-przy/Projects/ISE/FYP/src/bird_data/clips/species/prunella_modularis/XC549505__s1000__e4000.wav,
prunella_modularis,549505,Prunella modularis,/Users/justyna-przy/Projects/ISE/FYP/src/bird_data/raw/prunella_modularis/XC549505.mp3,7.0,10.0,-22.08713987450867,-22.157326767973505,species,Prunella modularis,Dunnock,0.999576985836029,0.999576985836029,species,1,rand_species,/Users/justyna-przy/Projects/ISE/FYP/src/bird_data/clips/species/prunella_modularis/XC549505__s7000__e10000.wav,
prunella_modularis,541370,Prunella modularis,/Users/justyna-przy/Projects/ISE/FYP/src/bird_data/raw/prunella_modularis/XC541370.mp3,1.0,4.0,-16.134899730682047,-19.866698535691384,species,Prunella modularis,Dunnock,0.9996047616004944,0.9996047616004944,species,1,rand_species,/Users/justyna-przy/Projects/ISE/FYP/src/bird_data/clips/species/prunella_modularis/XC541370__s1000__e4000.wav,
prunella_modularis,535320,Prunella modularis,/Users/justyna-przy/Projects/ISE/FYP/src/bird_data/raw/prunella_modularis/XC535320.mp3,1.0,4.0,-31.63098029116929,-33.6599339485614,species,Prunella modularis,Dunnock,0.8102678060531616,0.8102678060531616,species,1,rand_species,/Users/justyna-przy/Projects/ISE/FYP/src/bird_data/clips/species/prunella_modularis/XC535320__s1000__e4000.wav,
prunella_modularis,535320,Prunella modularis,/Users/justyna-przy/Projects/ISE/FYP/src/bird_data/raw/prunella_modularis/XC535320.mp3,4.0,7.0,-33.206676448636564,-33.6599339485614,drop,Ficedula hypoleuca,European Pied Flycatcher,0.2541809380054474,0.2541809380054474,drop,0,,,
prunella_modularis,535320,Prunella modularis,/Users/justyna-przy/Projects/ISE/FYP/src/bird_data/raw/prunella_modularis/XC535320.mp3,7.0,10.0,-31.151515128067516,-33.6599339485614,species,Prunella modularis,Dunnock,0.9201743006706238,0.9201743006706238,species,1,rand_species,/Users/justyna-przy/Projects/ISE/FYP/src/bird_data/clips/species/prunella_modularis/XC535320__s7000__e10000.wav,
prunella_modularis,535320,Prunella modularis,/Users/justyna-przy/Projects/ISE/FYP/src/bird_data/raw/prunella_modularis/XC535320.mp3,16.0,19.0,-33.3000640418143,-33.6599339485614,drop,Anthus hodgsoni,Olive-backed Pipit,0.22868844866752625,0.22868844866752625,drop,0,,,
prunella_modularis,535320,Prunella modularis,/Users/justyna-przy/Projects/ISE/FYP/src/bird_data/raw/prunella_modularis/XC535320.mp3,22.0,25.0,-32.23361928703977,-33.6599339485614,species,Prunella modularis,Dunnock,0.8676213026046753,0.8676213026046753,species,1,rand_species,/Users/justyna-przy/Projects/ISE/FYP/src/bird_data/clips/species/prunella_modularis/XC535320__s22000__e25000.wav,
prunella_modularis,520605,Prunella modularis,/Users/justyna-przy/Projects/ISE/FYP/src/bird_data/raw/prunella_modularis/XC520605.mp3,1.0,4.0,-30.823050316917644,-30.95336521119942,species,Prunella modularis,Dunnock,0.37184590101242065,0.37184590101242065,species,1,rand_species,/Users/justyna-przy/Projects/ISE/FYP/src/bird_data/clips/species/prunella_modularis/XC520605__s1000__e4000.wav,
prunella_modularis,520605,Prunella modularis,/Users/justyna-przy/Projects/ISE/FYP/src/bird_data/raw/prunella_modularis/XC520605.mp3,4.0,7.0,-26.19796214938679,-30.95336521119942,species,Prunella modularis,Dunnock,0.8329722881317139,0.8329722881317139,species,1,rand_species,/Users/justyna-przy/Projects/ISE/FYP/src/bird_data/clips/species/prunella_modularis/XC520605__s4000__e7000.wav,
prunella_modularis,520605,Prunella modularis,/Users/justyna-przy/Projects/ISE/FYP/src/bird_data/raw/prunella_modularis/XC520605.mp3,10.0,13.0,-29.728548972658363,-30.95336521119942,species,Prunella modularis,Dunnock,0.9050931930541992,0.9050931930541992,species,1,rand_species,/Users/justyna-przy/Projects/ISE/FYP/src/bird_data/clips/species/prunella_modularis/XC520605__s10000__e13000.wav,
prunella_modularis,520604,Prunella modularis,/Users/justyna-przy/Projects/ISE/FYP/src/bird_data/raw/prunella_modularis/XC520604.mp3,4.0,7.0,-28.54927565790514,-30.038253863909198,species,Prunella modularis,Dunnock,0.868258535861969,0.868258535861969,species,1,rand_species,/Users/justyna-przy/Projects/ISE/FYP/src/bird_data/clips/species/prunella_modularis/XC520604__s4000__e7000.wav,
prunella_modularis,520604,Prunella modularis,/Users/justyna-przy/Projects/ISE/FYP/src/bird_data/raw/prunella_modularis/XC520604.mp3,7.0,10.0,-29.986057810980654,-30.038253863909198,species,Prunella modularis,Dunnock,0.9839755296707153,0.9839755296707153,species,1,rand_species,/Users/justyna-przy/Projects/ISE/FYP/src/bird_data/clips/species/prunella_modularis/XC520604__s7000__e10000.wav,
prunella_modularis,507766,Prunella modularis,/Users/justyna-przy/Projects/ISE/FYP/src/bird_data/raw/prunella_modularis/XC507766.mp3,7.0,10.0,-30.61688902890131,-34.10811035131508,species,Prunella modularis,Dunnock,0.9896237254142761,0.9896237254142761,species,0,,,
prunella_modularis,507766,Prunella modularis,/Users/justyna-przy/Projects/ISE/FYP/src/bird_data/raw/prunella_modularis/XC507766.mp3,10.0,13.0,-15.195189938191767,-34.10811035131508,species,Prunella modularis,Dunnock,0.9406984448432922,0.9406984448432922,species,1,rand_species,/Users/justyna-przy/Projects/ISE/FYP/src/bird_data/clips/species/prunella_modularis/XC507766__s10000__e13000.wav,
prunella_modularis,507766,Prunella modularis,/Users/justyna-przy/Projects/ISE/FYP/src/bird_data/raw/prunella_modularis/XC507766.mp3,13.0,16.0,-20.204929622956456,-34.10811035131508,species,Prunella modularis,Dunnock,0.9774801135063171,0.9774801135063171,species,1,rand_species,/Users/justyna-przy/Projects/ISE/FYP/src/bird_data/clips/species/prunella_modularis/XC507766__s13000__e16000.wav,
prunella_modularis,507766,Prunella modularis,/Users/justyna-przy/Projects/ISE/FYP/src/bird_data/raw/prunella_modularis/XC507766.mp3,16.0,19.0,-26.574662518144258,-34.10811035131508,species,Prunella modularis,Dunnock,0.9799418449401855,0.9799418449401855,species,1,rand_species,/Users/justyna-przy/Projects/ISE/FYP/src/bird_data/clips/species/prunella_modularis/XC507766__s16000__e19000.wav,
prunella_modularis,499282,Prunella modularis,/Users/justyna-przy/Projects/ISE/FYP/src/bird_data/raw/prunella_modularis/XC499282.mp3,4.0,7.0,-41.93020404989231,-40.0,species,Prunella modularis,Dunnock,0.9958600401878357,0.9958600401878357,species,1,rand_species,/Users/justyna-przy/Projects/ISE/FYP/src/bird_data/clips/species/prunella_modularis/XC499282__s4000__e7000.wav,
prunella_modularis,463257,Prunella modularis,/Users/justyna-przy/Projects/ISE/FYP/src/bird_data/raw/prunella_modularis/XC463257.mp3,1.0,4.0,-30.828058840760804,-31.35028063053353,species,Prunella modularis,Dunnock,0.9037363529205322,0.9037363529205322,species,1,rand_species,/Users/justyna-przy/Projects/ISE/FYP/src/bird_data/clips/species/prunella_modularis/XC463257__s1000__e4000.wav,
prunella_modularis,458454,Prunella modularis,/Users/justyna-przy/Projects/ISE/FYP/src/bird_data/raw/prunella_modularis/XC458454.mp3,1.0,4.0,-29.616493177576587,-40.0,species,Prunella modularis,Dunnock,0.9948911666870117,0.9948911666870117,species,1,rand_species,/Users/justyna-przy/Projects/ISE/FYP/src/bird_data/clips/species/prunella_modularis/XC458454__s1000__e4000.wav,
prunella_modularis,458454,Prunella modularis,/Users/justyna-przy/Projects/ISE/FYP/src/bird_data/raw/prunella_modularis/XC458454.mp3,13.0,16.0,-35.52238813945615,-40.0,species,Prunella modularis,Dunnock,0.9806172847747803,0.9806172847747803,species,1,rand_species,/Users/justyna-przy/Projects/ISE/FYP/src/bird_data/clips/species/prunella_modularis/XC458454__s13000__e16000.wav,
prunella_modularis,453321,Prunella modularis,/Users/justyna-przy/Projects/ISE/FYP/src/bird_data/raw/prunella_modularis/XC453321.mp3,7.0,10.0,-49.21725968677116,-40.0,species,Prunella modularis,Dunnock,0.797549843788147,0.797549843788147,species,1,rand_species,/Users/justyna-przy/Projects/ISE/FYP/src/bird_data/clips/species/prunella_modularis/XC453321__s7000__e10000.wav,
prunella_modularis,448958,Prunella modularis,/Users/justyna-przy/Projects/ISE/FYP/src/bird_data/raw/prunella_modularis/XC448958.mp3,1.0,4.0,-25.844114685484897,-26.30620650606659,species,Prunella modularis,Dunnock,0.9295574426651001,0.9295574426651001,species,1,rand_species,/Users/justyna-przy/Projects/ISE/FYP/src/bird_data/clips/species/prunella_modularis/XC448958__s1000__e4000.wav,
prunella_modularis,448958,Prunella modularis,/Users/justyna-przy/Projects/ISE/FYP/src/bird_data/raw/prunella_modularis/XC448958.mp3,7.0,10.0,-23.75506970183985,-26.30620650606659,species,Prunella modularis,Dunnock,0.922632098197937,0.922632098197937,species,1,rand_species,/Users/justyna-przy/Projects/ISE/FYP/src/bird_data/clips/species/prunella_modularis/XC448958__s7000__e10000.wav,
prunella_modularis,448958,Prunella modularis,/Users/justyna-przy/Projects/ISE/FYP/src/bird_data/raw/prunella_modularis/XC448958.mp3,10.0,13.0,-23.046576211944775,-26.30620650606659,species,Prunella modularis,Dunnock,0.8513239026069641,0.8513239026069641,species,1,rand_species,/Users/justyna-przy/Projects/ISE/FYP/src/bird_data/clips/species/prunella_modularis/XC448958__s10000__e13000.wav,
prunella_modularis,447470,Prunella modularis,/Users/justyna-przy/Projects/ISE/FYP/src/bird_data/raw/prunella_modularis/XC447470.mp3,1.0,4.0,-17.750227988768582,-25.719181045175734,species,Prunella modularis,Dunnock,0.9957534074783325,0.9957534074783325,species,1,rand_species,/Users/justyna-przy/Projects/ISE/FYP/src/bird_data/clips/species/prunella_modularis/XC447470__s1000__e4000.wav,
prunella_modularis,410766,Prunella modularis,/Users/justyna-przy/Projects/ISE/FYP/src/bird_data/raw/prunella_modularis/XC410766.mp3,1.0,4.0,-22.156262746930327,-29.721750429693664,species,Prunella modularis,Dunnock,0.995175838470459,0.995175838470459,species,1,rand_species,/Users/justyna-przy/Projects/ISE/FYP/src/bird_data/clips/species/prunella_modularis/XC410766__s1000__e4000.wav,
prunella_modularis,410766,Prunella modularis,/Users/justyna-przy/Projects/ISE/FYP/src/bird_data/raw/prunella_modularis/XC410766.mp3,7.0,10.0,-21.72900093874016,-29.721750429693664,species,Prunella modularis,Dunnock,0.9742637872695923,0.9742637872695923,species,0,,,
prunella_modularis,410766,Prunella modularis,/Users/justyna-przy/Projects/ISE/FYP/src/bird_data/raw/prunella_modularis/XC410766.mp3,10.0,13.0,-26.235651987894585,-29.721750429693664,species,Prunella modularis,Dunnock,0.9589026570320129,0.9589026570320129,species,0,,,
prunella_modularis,410766,Prunella modularis,/Users/justyna-przy/Projects/ISE/FYP/src/bird_data/raw/prunella_modularis/XC410766.mp3,13.0,16.0,-23.55883756151135,-29.721750429693664,species,Prunella modularis,Dunnock,0.445417582988739,0.445417582988739,species,0,,,
prunella_modularis,410766,Prunella modularis,/Users/justyna-przy/Projects/ISE/FYP/src/bird_data/raw/prunella_modularis/XC410766.mp3,16.0,19.0,-24.473454892430276,-29.721750429693664,species,Prunella modularis,Dunnock,0.9967589974403381,0.9967589974403381,species,0,,,
prunella_modularis,410766,Prunella modularis,/Users/justyna-przy/Projects/ISE/FYP/src/bird_data/raw/prunella_modularis/XC410766.mp3,19.0,22.0,-23.531674407335007,-29.721750429693664,species,Prunella modularis,Dunnock,0.8406010866165161,0.8406010866165161,species,1,rand_species,/Users/justyna-przy/Projects/ISE/FYP/src/bird_data/clips/species/prunella_modularis/XC410766__s19000__e22000.wav,
prunella_modularis,410766,Prunella modularis,/Users/justyna-przy/Projects/ISE/FYP/src/bird_data/raw/prunella_modularis/XC410766.mp3,22.0,25.0,-28.238465410001012,-29.721750429693664,species,Prunella modularis,Dunnock,0.9735707640647888,0.9735707640647888,species,0,,,
prunella_modularis,410766,Prunella modularis,/Users/justyna-przy/Projects/ISE/FYP/src/bird_data/raw/prunella_modularis/XC410766.mp3,25.0,28.0,-24.032919511404284,-29.721750429693664,species,Prunella modularis,Dunnock,0.9517731666564941,0.9517731666564941,species,1,rand_species,/Users/justyna-przy/Projects/ISE/FYP/src/bird_data/clips/species/prunella_modularis/XC410766__s25000__e28000.wav,
prunella_modularis,410766,Prunella modularis,/Users/justyna-przy/Projects/ISE/FYP/src/bird_data/raw/prunella_modularis/XC410766.mp3,31.0,34.0,-23.55534043530718,-29.721750429693664,species,Prunella modularis,Dunnock,0.9950083494186401,0.9950083494186401,species,0,,,
prunella_modularis,410766,Prunella modularis,/Users/justyna-przy/Projects/ISE/FYP/src/bird_data/raw/prunella_modularis/XC410766.mp3,37.0,40.0,-28.037959276336156,-29.721750429693664,non_bird,,,0.0,0.0,non_bird,1,nonbird_lowconf,/Users/justyna-przy/Projects/ISE/FYP/src/bird_data/clips/non_bird/prunella_modularis/XC410766__s37000__e40000.wav,
prunella_modularis,407463,Prunella modularis,/Users/justyna-przy/Projects/ISE/FYP/src/bird_data/raw/prunella_modularis/XC407463.mp3,1.0,4.0,-42.52575641779024,-40.0,species,Prunella modularis,Dunnock,0.9125498533248901,0.9125498533248901,species,1,rand_species,/Users/justyna-przy/Projects/ISE/FYP/src/bird_data/clips/species/prunella_modularis/XC407463__s1000__e4000.wav,
prunella_modularis,405743,Prunella modularis,/Users/justyna-przy/Projects/ISE/FYP/src/bird_data/raw/prunella_modularis/XC405743.mp3,1.0,4.0,-32.54028510686364,-40.0,species,Prunella modularis,Dunnock,0.996285080909729,0.996285080909729,species,1,rand_species,/Users/justyna-przy/Projects/ISE/FYP/src/bird_data/clips/species/prunella_modularis/XC405743__s1000__e4000.wav,
prunella_modularis,405743,Prunella modularis,/Users/justyna-przy/Projects/ISE/FYP/src/bird_data/raw/prunella_modularis/XC405743.mp3,7.0,10.0,-33.45622356705766,-40.0,species,Prunella modularis,Dunnock,0.9977766871452332,0.9977766871452332,species,0,,,
prunella_modularis,405743,Prunella modularis,/Users/justyna-przy/Projects/ISE/FYP/src/bird_data/raw/prunella_modularis/XC405743.mp3,10.0,13.0,-39.448653833124176,-40.0,non_bird,,,0.0,0.0,non_bird,1,nonbird_lowconf,/Users/justyna-przy/Projects/ISE/FYP/src/bird_data/clips/non_bird/prunella_modularis/XC405743__s10000__e13000.wav,
prunella_modularis,405743,Prunella modularis,/Users/justyna-przy/Projects/ISE/FYP/src/bird_data/raw/prunella_modularis/XC405743.mp3,13.0,16.0,-34.84770631719609,-40.0,species,Prunella modularis,Dunnock,0.9956705570220947,0.9956705570220947,species,1,rand_species,/Users/justyna-przy/Projects/ISE/FYP/src/bird_data/clips/species/prunella_modularis/XC405743__s13000__e16000.wav,
prunella_modularis,405743,Prunella modularis,/Users/justyna-przy/Projects/ISE/FYP/src/bird_data/raw/prunella_modularis/XC405743.mp3,28.0,31.0,-38.722114097348076,-40.0,drop,Phylloscopus claudiae,Claudia's Leaf Warbler,0.18725307285785675,0.18725307285785675,drop,0,,,
prunella_modularis,405743,Prunella modularis,/Users/justyna-przy/Projects/ISE/FYP/src/bird_data/raw/prunella_modularis/XC405743.mp3,34.0,37.0,-39.04349954896055,-40.0,species,Prunella modularis,Dunnock,0.5914706587791443,0.5914706587791443,species,0,,,
prunella_modularis,405743,Prunella modularis,/Users/justyna-przy/Projects/ISE/FYP/src/bird_data/raw/prunella_modularis/XC405743.mp3,43.0,46.0,-37.12244090768646,-40.0,species,Prunella modularis,Dunnock,0.9658709168434143,0.9658709168434143,species,1,rand_species,/Users/justyna-przy/Projects/ISE/FYP/src/bird_data/clips/species/prunella_modularis/XC405743__s43000__e46000.wav,
prunella_modularis,395797,Prunella modularis,/Users/justyna-przy/Projects/ISE/FYP/src/bird_data/raw/prunella_modularis/XC395797.mp3,1.0,4.0,-45.615912670104315,-40.0,species,Prunella modularis,Dunnock,0.9980112314224243,0.9980112314224243,species,1,rand_species,/Users/justyna-przy/Projects/ISE/FYP/src/bird_data/clips/species/prunella_modularis/XC395797__s1000__e4000.wav,
prunella_modularis,395301,Prunella modularis,/Users/justyna-przy/Projects/ISE/FYP/src/bird_data/raw/prunella_modularis/XC395301.mp3,1.0,4.0,-26.0042603899393,-28.557011791173068,species,Prunella modularis,Dunnock,0.8503238558769226,0.8503238558769226,species,1,rand_species,/Users/justyna-przy/Projects/ISE/FYP/src/bird_data/clips/species/prunella_modularis/XC395301__s1000__e4000.wav,
prunella_modularis,395301,Prunella modularis,/Users/justyna-przy/Projects/ISE/FYP/src/bird_data/raw/prunella_modularis/XC395301.mp3,4.0,7.0,-25.62090487420058,-28.557011791173068,species,Prunella modularis,Dunnock,0.9615659117698669,0.9615659117698669,species,0,,,
prunella_modularis,395301,Prunella modularis,/Users/justyna-przy/Projects/ISE/FYP/src/bird_data/raw/prunella_modularis/XC395301.mp3,7.0,10.0,-27.13304778049303,-28.557011791173068,species,Prunella modularis,Dunnock,0.8380473256111145,0.8380473256111145,species,1,rand_species,/Users/justyna-przy/Projects/ISE/FYP/src/bird_data/clips/species/prunella_modularis/XC395301__s7000__e10000.wav,
prunella_modularis,395301,Prunella modularis,/Users/justyna-przy/Projects/ISE/FYP/src/bird_data/raw/prunella_modularis/XC395301.mp3,10.0,13.0,-28.12378273648665,-28.557011791173068,species,Prunella modularis,Dunnock,0.8358047008514404,0.8358047008514404,species,0,,,
prunella_modularis,395301,Prunella modularis,/Users/justyna-przy/Projects/ISE/FYP/src/bird_data/raw/prunella_modularis/XC395301.mp3,13.0,16.0,-26.383824973265103,-28.557011791173068,species,Prunella modularis,Dunnock,0.9874721169471741,0.9874721169471741,species,1,rand_species,/Users/justyna-przy/Projects/ISE/FYP/src/bird_data/clips/species/prunella_modularis/XC395301__s13000__e16000.wav,
prunella_modularis,395301,Prunella modularis,/Users/justyna-przy/Projects/ISE/FYP/src/bird_data/raw/prunella_modularis/XC395301.mp3,25.0,28.0,-28.543706621787454,-28.557011791173068,non_bird,,,0.0,0.0,non_bird,1,nonbird_lowconf,/Users/justyna-przy/Projects/ISE/FYP/src/bird_data/clips/non_bird/prunella_modularis/XC395301__s25000__e28000.wav,
prunella_modularis,383830,Prunella modularis,/Users/justyna-przy/Projects/ISE/FYP/src/bird_data/raw/prunella_modularis/XC383830.mp3,4.0,7.0,-54.23757509515811,-40.0,drop,Regulus ignicapilla,Common Firecrest,0.38010114431381226,0.38010114431381226,drop,0,,,
prunella_modularis,371122,Prunella modularis,/Users/justyna-przy/Projects/ISE/FYP/src/bird_data/raw/prunella_modularis/XC371122.mp3,1.0,4.0,-27.808667580494003,-37.473543316759816,species,Prunella modularis,Dunnock,0.7316092848777771,0.7316092848777771,species,1,rand_species,/Users/justyna-przy/Projects/ISE/FYP/src/bird_data/clips/species/prunella_modularis/XC371122__s1000__e4000.wav,
prunella_modularis,371122,Prunella modularis,/Users/justyna-przy/Projects/ISE/FYP/src/bird_data/raw/prunella_modularis/XC371122.mp3,7.0,10.0,-27.866765130725412,-37.473543316759816,species,Prunella modularis,Dunnock,0.9662518501281738,0.9662518501281738,species,0,,,
prunella_modularis,371122,Prunella modularis,/Users/justyna-przy/Projects/ISE/FYP/src/bird_data/raw/prunella_modularis/XC371122.mp3,13.0,16.0,-30.196708236293816,-37.473543316759816,species,Prunella modularis,Dunnock,0.932864248752594,0.932864248752594,species,0,,,
prunella_modularis,371122,Prunella modularis,/Users/justyna-przy/Projects/ISE/FYP/src/bird_data/raw/prunella_modularis/XC371122.mp3,16.0,19.0,-36.64837739787193,-37.473543316759816,drop,Prunella modularis,Dunnock,0.2527376413345337,0.2527376413345337,drop,0,,,
prunella_modularis,371122,Prunella modularis,/Users/justyna-przy/Projects/ISE/FYP/src/bird_data/raw/prunella_modularis/XC371122.mp3,19.0,22.0,-31.999771699693685,-37.473543316759816,species,Prunella modularis,Dunnock,0.9409751296043396,0.9409751296043396,species,0,,,
prunella_modularis,371122,Prunella modularis,/Users/justyna-przy/Projects/ISE/FYP/src/bird_data/raw/prunella_modularis/XC371122.mp3,25.0,28.0,-30.305279972170588,-37.473543316759816,species,Prunella modularis,Dunnock,0.5026698708534241,0.5026698708534241,species,1,rand_species,/Users/justyna-przy/Projects/ISE/FYP/src/bird_data/clips/species/prunella_modularis/XC371122__s25000__e28000.wav,
prunella_modularis,371122,Prunella modularis,/Users/justyna-przy/Projects/ISE/FYP/src/bird_data/raw/prunella_modularis/XC371122.mp3,28.0,31.0,-34.936810140155345,-37.473543316759816,species,Prunella modularis,Dunnock,0.9512906074523926,0.9512906074523926,species,0,,,
prunella_modularis,371122,Prunella modularis,/Users/justyna-przy/Projects/ISE/FYP/src/bird_data/raw/prunella_modularis/XC371122.mp3,31.0,34.0,-29.555952472696937,-37.473543316759816,species,Prunella modularis,Dunnock,0.9811258316040039,0.9811258316040039,species,0,,,
prunella_modularis,371122,Prunella modularis,/Users/justyna-przy/Projects/ISE/FYP/src/bird_data/raw/prunella_modularis/XC371122.mp3,37.0,40.0,-30.140103895104616,-37.473543316759816,species,Prunella modularis,Dunnock,0.9463780522346497,0.9463780522346497,species,1,rand_species,/Users/justyna-przy/Projects/ISE/FYP/src/bird_data/clips/species/prunella_modularis/XC371122__s37000__e40000.wav,
prunella_modularis,371122,Prunella modularis,/Users/justyna-przy/Projects/ISE/FYP/src/bird_data/raw/prunella_modularis/XC371122.mp3,40.0,43.0,-32.598305544181315,-37.473543316759816,species,Prunella modularis,Dunnock,0.9942479133605957,0.9942479133605957,species,0,,,
prunella_modularis,358852,Prunella modularis,/Users/justyna-przy/Projects/ISE/FYP/src/bird_data/raw/prunella_modularis/XC358852.mp3,10.0,13.0,-33.32704873939376,-40.0,species,Prunella modularis,Dunnock,0.9733319878578186,0.9733319878578186,species,1,rand_species,/Users/justyna-przy/Projects/ISE/FYP/src/bird_data/clips/species/prunella_modularis/XC358852__s10000__e13000.wav,
prunella_modularis,358852,Prunella modularis,/Users/justyna-przy/Projects/ISE/FYP/src/bird_data/raw/prunella_modularis/XC358852.mp3,13.0,16.0,-34.17682169547652,-40.0,drop,Erithacus rubecula,European Robin,0.6881563067436218,0.6881563067436218,drop,0,,,
prunella_modularis,358852,Prunella modularis,/Users/justyna-przy/Projects/ISE/FYP/src/bird_data/raw/prunella_modularis/XC358852.mp3,16.0,19.0,-32.36563520031909,-40.0,non_bird,,,0.0,0.0,non_bird,1,nonbird_lowconf,/Users/justyna-przy/Projects/ISE/FYP/src/bird_data/clips/non_bird/prunella_modularis/XC358852__s16000__e19000.wav,
prunella_modularis,358852,Prunella modularis,/Users/justyna-przy/Projects/ISE/FYP/src/bird_data/raw/prunella_modularis/XC358852.mp3,19.0,22.0,-36.70189270887881,-40.0,non_bird,,,0.0,0.0,non_bird,1,nonbird_lowconf,/Users/justyna-przy/Projects/ISE/FYP/src/bird_data/clips/non_bird/prunella_modularis/XC358852__s19000__e22000.wav,
prunella_modularis,358852,Prunella modularis,/Users/justyna-przy/Projects/ISE/FYP/src/bird_data/raw/prunella_modularis/XC358852.mp3,22.0,25.0,-33.52381576754374,-40.0,species,Prunella modularis,Dunnock,0.9983318448066711,0.9983318448066711,species,0,,,
prunella_modularis,358852,Prunella modularis,/Users/justyna-przy/Projects/ISE/FYP/src/bird_data/raw/prunella_modularis/XC358852.mp3,25.0,28.0,-35.4035438434843,-40.0,non_bird,,,0.0,0.0,non_bird,0,,,
prunella_modularis,358852,Prunella modularis,/Users/justyna-przy/Projects/ISE/FYP/src/bird_data/raw/prunella_modularis/XC358852.mp3,28.0,31.0,-33.88689999656717,-40.0,species,Prunella modularis,Dunnock,0.9986523985862732,0.9986523985862732,species,1,rand_species,/Users/justyna-przy/Projects/ISE/FYP/src/bird_data/clips/species/prunella_modularis/XC358852__s28000__e31000.wav,
prunella_modularis,358852,Prunella modularis,/Users/justyna-przy/Projects/ISE/FYP/src/bird_data/raw/prunella_modularis/XC358852.mp3,34.0,37.0,-39.916358848453626,-40.0,drop,Prunella modularis,Dunnock,0.1891990751028061,0.1891990751028061,drop,0,,,
prunella_modularis,358852,Prunella modularis,/Users/justyna-przy/Projects/ISE/FYP/src/bird_data/raw/prunella_modularis/XC358852.mp3,37.0,40.0,-36.827327571279454,-40.0,species,Prunella modularis,Dunnock,0.8842065334320068,0.8842065334320068,species,1,rand_species,/Users/justyna-przy/Projects/ISE/FYP/src/bird_data/clips/species/prunella_modularis/XC358852__s37000__e40000.wav,
prunella_modularis,358836,Prunella modularis,/Users/justyna-przy/Projects/ISE/FYP/src/bird_data/raw/prunella_modularis/XC358836.mp3,1.0,4.0,-35.3525022329725,-40.0,drop,Turdus philomelos,Song Thrush,0.18712323904037476,0.18712323904037476,drop,0,,,
prunella_modularis,358836,Prunella modularis,/Users/justyna-przy/Projects/ISE/FYP/src/bird_data/raw/prunella_modularis/XC358836.mp3,4.0,7.0,-27.148161536306276,-40.0,species,Prunella modularis,Dunnock,0.9992305040359497,0.9992305040359497,species,0,,,
prunella_modularis,358836,Prunella modularis,/Users/justyna-przy/Projects/ISE/FYP/src/bird_data/raw/prunella_modularis/XC358836.mp3,13.0,16.0,-31.29988311254847,-40.0,species,Prunella modularis,Dunnock,0.9976580142974854,0.9976580142974854,species,0,,,
prunella_modularis,358836,Prunella modularis,/Users/justyna-przy/Projects/ISE/FYP/src/bird_data/raw/prunella_modularis/XC358836.mp3,16.0,19.0,-35.277517423868005,-40.0,species,Prunella modularis,Dunnock,0.9659356474876404,0.9659356474876404,species,0,,,
prunella_modularis,358836,Prunella modularis,/Users/justyna-przy/Projects/ISE/FYP/src/bird_data/raw/prunella_modularis/XC358836.mp3,19.0,22.0,-39.799634574899,-40.0,drop,Corvus corone,Carrion Crow,0.2541798949241638,0.2541798949241638,drop,0,,,
prunella_modularis,358836,Prunella modularis,/Users/justyna-przy/Projects/ISE/FYP/src/bird_data/raw/prunella_modularis/XC358836.mp3,22.0,25.0,-30.24586578040985,-40.0,species,Prunella modularis,Dunnock,0.9967294931411743,0.9967294931411743,species,0,,,
prunella_modularis,358836,Prunella modularis,/Users/justyna-przy/Projects/ISE/FYP/src/bird_data/raw/prunella_modularis/XC358836.mp3,31.0,34.0,-32.08177476236007,-40.0,species,Prunella modularis,Dunnock,0.9988231062889099,0.9988231062889099,species,1,rand_species,/Users/justyna-przy/Projects/ISE/FYP/src/bird_data/clips/species/prunella_modularis/XC358836__s31000__e34000.wav,
prunella_modularis,358836,Prunella modularis,/Users/justyna-przy/Projects/ISE/FYP/src/bird_data/raw/prunella_modularis/XC358836.mp3,40.0,43.0,-31.059099767858008,-40.0,species,Prunella modularis,Dunnock,0.9996734857559204,0.9996734857559204,species,1,rand_species,/Users/justyna-przy/Projects/ISE/FYP/src/bird_data/clips/species/prunella_modularis/XC358836__s40000__e43000.wav,
prunella_modularis,358836,Prunella modularis,/Users/justyna-przy/Projects/ISE/FYP/src/bird_data/raw/prunella_modularis/XC358836.mp3,43.0,46.0,-39.94458792777644,-40.0,non_bird,,,0.0,0.0,non_bird,1,nonbird_lowconf,/Users/justyna-przy/Projects/ISE/FYP/src/bird_data/clips/non_bird/prunella_modularis/XC358836__s43000__e46000.wav,
prunella_modularis,358836,Prunella modularis,/Users/justyna-przy/Projects/ISE/FYP/src/bird_data/raw/prunella_modularis/XC358836.mp3,49.0,52.0,-32.45649321146361,-40.0,species,Prunella modularis,Dunnock,0.997407853603363,0.997407853603363,species,1,rand_species,/Users/justyna-przy/Projects/ISE/FYP/src/bird_data/clips/species/prunella_modularis/XC358836__s49000__e52000.wav,
prunella_modularis,358836,Prunella modularis,/Users/justyna-przy/Projects/ISE/FYP/src/bird_data/raw/prunella_modularis/XC358836.mp3,52.0,55.0,-39.77205711217773,-40.0,non_bird,,,0.0,0.0,non_bird,1,nonbird_lowconf,/Users/justyna-przy/Projects/ISE/FYP/src/bird_data/clips/non_bird/prunella_modularis/XC358836__s52000__e55000.wav,
prunella_modularis,353953,Prunella modularis,/Users/justyna-przy/Projects/ISE/FYP/src/bird_data/raw/prunella_modularis/XC353953.mp3,4.0,7.0,-39.003527181064264,-40.0,species,Prunella modularis,Dunnock,0.7366959452629089,0.7366959452629089,species,1,rand_species,/Users/justyna-przy/Projects/ISE/FYP/src/bird_data/clips/species/prunella_modularis/XC353953__s4000__e7000.wav,
prunella_modularis,329784,Prunella modularis,/Users/justyna-przy/Projects/ISE/FYP/src/bird_data/raw/prunella_modularis/XC329784.mp3,1.0,4.0,-48.959407802807846,-40.0,drop,Aegithalos caudatus,Long-tailed Tit,0.48859673738479614,0.48859673738479614,drop,0,,,
prunella_modularis,299745,Prunella modularis,/Users/justyna-przy/Projects/ISE/FYP/src/bird_data/raw/prunella_modularis/XC299745.mp3,1.0,4.0,-32.24531181391169,-40.0,species,Prunella modularis,Dunnock,0.5600135922431946,0.5600135922431946,species,1,rand_species,/Users/justyna-przy/Projects/ISE/FYP/src/bird_data/clips/species/prunella_modularis/XC299745__s1000__e4000.wav,
prunella_modularis,299745,Prunella modularis,/Users/justyna-przy/Projects/ISE/FYP/src/bird_data/raw/prunella_modularis/XC299745.mp3,4.0,7.0,-31.603419205484013,-40.0,species,Prunella modularis,Dunnock,0.8879116773605347,0.8879116773605347,species,1,rand_species,/Users/justyna-przy/Projects/ISE/FYP/src/bird_data/clips/species/prunella_modularis/XC299745__s4000__e7000.wav,
prunella_modularis,299745,Prunella modularis,/Users/justyna-przy/Projects/ISE/FYP/src/bird_data/raw/prunella_modularis/XC299745.mp3,16.0,19.0,-37.56258956657735,-40.0,drop,Emberiza schoeniclus,Reed Bunting,0.8605719208717346,0.8605719208717346,drop,0,,,
prunella_modularis,299745,Prunella modularis,/Users/justyna-przy/Projects/ISE/FYP/src/bird_data/raw/prunella_modularis/XC299745.mp3,19.0,22.0,-36.23156499632114,-40.0,species,Prunella modularis,Dunnock,0.6947620511054993,0.6947620511054993,species,1,rand_species,/Users/justyna-przy/Projects/ISE/FYP/src/bird_data/clips/species/prunella_modularis/XC299745__s19000__e22000.wav,
prunella_modularis,287681,Prunella modularis,/Users/justyna-przy/Projects/ISE/FYP/src/bird_data/raw/prunella_modularis/XC287681.mp3,1.0,4.0,-20.469140816043712,-31.282055304411255,species,Prunella modularis,Dunnock,0.9959319233894348,0.9959319233894348,species,1,rand_species,/Users/justyna-przy/Projects/ISE/FYP/src/bird_data/clips/species/prunella_modularis/XC287681__s1000__e4000.wav,
prunella_modularis,287681,Prunella modularis,/Users/justyna-przy/Projects/ISE/FYP/src/bird_data/raw/prunella_modularis/XC287681.mp3,4.0,7.0,-22.766943212270306,-31.282055304411255,species,Prunella modularis,Dunnock,0.9653183817863464,0.9653183817863464,species,1,rand_species,/Users/justyna-przy/Projects/ISE/FYP/src/bird_data/clips/species/prunella_modularis/XC287681__s4000__e7000.wav,
prunella_modularis,287681,Prunella modularis,/Users/justyna-przy/Projects/ISE/FYP/src/bird_data/raw/prunella_modularis/XC287681.mp3,7.0,10.0,-24.632210562639564,-31.282055304411255,drop,Emberiza citrinella,Yellowhammer,0.32565757632255554,0.32565757632255554,drop,0,,,
prunella_modularis,287681,Prunella modularis,/Users/justyna-przy/Projects/ISE/FYP/src/bird_data/raw/prunella_modularis/XC287681.mp3,10.0,13.0,-31.19198825590154,-31.282055304411255,drop,Passer montanus,Eurasian Tree Sparrow,0.7612085342407227,0.7612085342407227,drop,0,,,
prunella_modularis,287681,Prunella modularis,/Users/justyna-przy/Projects/ISE/FYP/src/bird_data/raw/prunella_modularis/XC287681.mp3,13.0,16.0,-29.805412426187885,-31.282055304411255,species,Prunella modularis,Dunnock,0.962699830532074,0.962699830532074,species,1,rand_species,/Users/justyna-przy/Projects/ISE/FYP/src/bird_data/clips/species/prunella_modularis/XC287681__s13000__e16000.wav,
prunella_modularis,287681,Prunella modularis,/Users/justyna-przy/Projects/ISE/FYP/src/bird_data/raw/prunella_modularis/XC287681.mp3,16.0,19.0,-29.773567876345904,-31.282055304411255,drop,Passer montanus,Eurasian Tree Sparrow,0.6896733045578003,0.6896733045578003,drop,0,,,
prunella_modularis,287681,Prunella modularis,/Users/justyna-przy/Projects/ISE/FYP/src/bird_data/raw/prunella_modularis/XC287681.mp3,19.0,22.0,-29.986843450460732,-31.282055304411255,species,Prunella modularis,Dunnock,0.38193279504776,0.38193279504776,species,0,,,
prunella_modularis,233190,Prunella modularis,/Users/justyna-przy/Projects/ISE/FYP/src/bird_data/raw/prunella_modularis/XC233190.mp3,1.0,4.0,-24.462091178365824,-25.392352693988144,species,Prunella modularis,Dunnock,0.955268919467926,0.955268919467926,species,1,rand_species,/Users/justyna-przy/Projects/ISE/FYP/src/bird_data/clips/species/prunella_modularis/XC233190__s1000__e4000.wav,
prunella_modularis,233190,Prunella modularis,/Users/justyna-przy/Projects/ISE/FYP/src/bird_data/raw/prunella_modularis/XC233190.mp3,4.0,7.0,-25.292782223938065,-25.392352693988144,species,Prunella modularis,Dunnock,0.8964061141014099,0.8964061141014099,species,0,,,
prunella_modularis,233190,Prunella modularis,/Users/justyna-przy/Projects/ISE/FYP/src/bird_data/raw/prunella_modularis/XC233190.mp3,7.0,10.0,-22.447859508842598,-25.392352693988144,species,Prunella modularis,Dunnock,0.6426827311515808,0.6426827311515808,species,0,,,
prunella_modularis,233190,Prunella modularis,/Users/justyna-przy/Projects/ISE/FYP/src/bird_data/raw/prunella_modularis/XC233190.mp3,13.0,16.0,-22.30657090857777,-25.392352693988144,species,Prunella modularis,Dunnock,0.7399104237556458,0.7399104237556458,species,1,rand_species,/Users/justyna-przy/Projects/ISE/FYP/src/bird_data/clips/species/prunella_modularis/XC233190__s13000__e16000.wav,
prunella_modularis,233190,Prunella modularis,/Users/justyna-przy/Projects/ISE/FYP/src/bird_data/raw/prunella_modularis/XC233190.mp3,19.0,22.0,-23.4361983542685,-25.392352693988144,species,Prunella modularis,Dunnock,0.9771658182144165,0.9771658182144165,species,1,rand_species,/Users/justyna-przy/Projects/ISE/FYP/src/bird_data/clips/species/prunella_modularis/XC233190__s19000__e22000.wav,
prunella_modularis,211890,Prunella modularis,/Users/justyna-przy/Projects/ISE/FYP/src/bird_data/raw/prunella_modularis/XC211890.mp3,1.0,4.0,-24.829951855958402,-40.0,species,Prunella modularis,Dunnock,0.9965529441833496,0.9965529441833496,species,0,,,
prunella_modularis,211890,Prunella modularis,/Users/justyna-przy/Projects/ISE/FYP/src/bird_data/raw/prunella_modularis/XC211890.mp3,4.0,7.0,-29.525689937454,-40.0,species,Prunella modularis,Dunnock,0.6638866662979126,0.6638866662979126,species,1,rand_species,/Users/justyna-przy/Projects/ISE/FYP/src/bird_data/clips/species/prunella_modularis/XC211890__s4000__e7000.wav,
prunella_modularis,211890,Prunella modularis,/Users/justyna-przy/Projects/ISE/FYP/src/bird_data/raw/prunella_modularis/XC211890.mp3,7.0,10.0,-29.48951564846822,-40.0,species,Prunella modularis,Dunnock,0.5511012673377991,0.5511012673377991,species,0,,,
prunella_modularis,211890,Prunella modularis,/Users/justyna-przy/Projects/ISE/FYP/src/bird_data/raw/prunella_modularis/XC211890.mp3,19.0,22.0,-34.7580313132119,-40.0,species,Prunella modularis,Dunnock,0.9922928810119629,0.9922928810119629,species,1,rand_species,/Users/justyna-przy/Projects/ISE/FYP/src/bird_data/clips/species/prunella_modularis/XC211890__s19000__e22000.wav,
prunella_modularis,211890,Prunella modularis,/Users/justyna-przy/Projects/ISE/FYP/src/bird_data/raw/prunella_modularis/XC211890.mp3,22.0,25.0,-37.27560864384855,-40.0,species,Prunella modularis,Dunnock,0.9644299745559692,0.9644299745559692,species,1,rand_species,/Users/justyna-przy/Projects/ISE/FYP/src/bird_data/clips/species/prunella_modularis/XC211890__s22000__e25000.wav,
prunella_modularis,211890,Prunella modularis,/Users/justyna-przy/Projects/ISE/FYP/src/bird_data/raw/prunella_modularis/XC211890.mp3,25.0,28.0,-36.02393977649231,-40.0,species,Prunella modularis,Dunnock,0.9964742064476013,0.9964742064476013,species,0,,,
prunella_modularis,205042,Prunella modularis,/Users/justyna-przy/Projects/ISE/FYP/src/bird_data/raw/prunella_modularis/XC205042.mp3,1.0,4.0,-34.59690930519846,-40.0,species,Prunella modularis,Dunnock,0.9641780853271484,0.9641780853271484,species,0,,,
prunella_modularis,205042,Prunella modularis,/Users/justyna-przy/Projects/ISE/FYP/src/bird_data/raw/prunella_modularis/XC205042.mp3,7.0,10.0,-27.545832266351916,-40.0,species,Prunella modularis,Dunnock,0.9265351891517639,0.9265351891517639,species,0,,,
prunella_modularis,205042,Prunella modularis,/Users/justyna-przy/Projects/ISE/FYP/src/bird_data/raw/prunella_modularis/XC205042.mp3,10.0,13.0,-25.150130284187888,-40.0,species,Prunella modularis,Dunnock,0.9933468103408813,0.9933468103408813,species,1,rand_species,/Users/justyna-przy/Projects/ISE/FYP/src/bird_data/clips/species/prunella_modularis/XC205042__s10000__e13000.wav,
prunella_modularis,205042,Prunella modularis,/Users/justyna-przy/Projects/ISE/FYP/src/bird_data/raw/prunella_modularis/XC205042.mp3,19.0,22.0,-24.283243585001596,-40.0,species,Prunella modularis,Dunnock,0.9902215003967285,0.9902215003967285,species,1,rand_species,/Users/justyna-przy/Projects/ISE/FYP/src/bird_data/clips/species/prunella_modularis/XC205042__s19000__e22000.wav,
prunella_modularis,205042,Prunella modularis,/Users/justyna-przy/Projects/ISE/FYP/src/bird_data/raw/prunella_modularis/XC205042.mp3,28.0,31.0,-26.953869729770787,-40.0,species,Prunella modularis,Dunnock,0.9923793077468872,0.9923793077468872,species,1,rand_species,/Users/justyna-przy/Projects/ISE/FYP/src/bird_data/clips/species/prunella_modularis/XC205042__s28000__e31000.wav,
prunella_modularis,204260,Prunella modularis,/Users/justyna-przy/Projects/ISE/FYP/src/bird_data/raw/prunella_modularis/XC204260.mp3,4.0,7.0,-30.82339342848627,-33.558632962310654,species,Prunella modularis,Dunnock,0.9978339076042175,0.9978339076042175,species,0,,,
prunella_modularis,204260,Prunella modularis,/Users/justyna-przy/Projects/ISE/FYP/src/bird_data/raw/prunella_modularis/XC204260.mp3,7.0,10.0,-30.71793948408093,-33.558632962310654,species,Prunella modularis,Dunnock,0.9906911253929138,0.9906911253929138,species,0,,,
prunella_modularis,204260,Prunella modularis,/Users/justyna-przy/Projects/ISE/FYP/src/bird_data/raw/prunella_modularis/XC204260.mp3,10.0,13.0,-26.73666285686827,-33.558632962310654,species,Prunella modularis,Dunnock,0.9973618388175964,0.9973618388175964,species,0,,,
prunella_modularis,204260,Prunella modularis,/Users/justyna-przy/Projects/ISE/FYP/src/bird_data/raw/prunella_modularis/XC204260.mp3,13.0,16.0,-29.050055704333545,-33.558632962310654,species,Prunella modularis,Dunnock,0.9970982074737549,0.9970982074737549,species,1,rand_species,/Users/justyna-przy/Projects/ISE/FYP/src/bird_data/clips/species/prunella_modularis/XC204260__s13000__e16000.wav,
prunella_modularis,204260,Prunella modularis,/Users/justyna-przy/Projects/ISE/FYP/src/bird_data/raw/prunella_modularis/XC204260.mp3,16.0,19.0,-32.63054977653941,-33.558632962310654,species,Prunella modularis,Dunnock,0.9921378493309021,0.9921378493309021,species,0,,,
prunella_modularis,204260,Prunella modularis,/Users/justyna-przy/Projects/ISE/FYP/src/bird_data/raw/prunella_modularis/XC204260.mp3,19.0,22.0,-32.37641587375674,-33.558632962310654,species,Prunella modularis,Dunnock,0.9960126876831055,0.9960126876831055,species,0,,,
prunella_modularis,204260,Prunella modularis,/Users/justyna-przy/Projects/ISE/FYP/src/bird_data/raw/prunella_modularis/XC204260.mp3,22.0,25.0,-31.799474588530828,-33.558632962310654,species,Prunella modularis,Dunnock,0.9977045655250549,0.9977045655250549,species,1,rand_species,/Users/justyna-przy/Projects/ISE/FYP/src/bird_data/clips/species/prunella_modularis/XC204260__s22000__e25000.wav,
prunella_modularis,204260,Prunella modularis,/Users/justyna-przy/Projects/ISE/FYP/src/bird_data/raw/prunella_modularis/XC204260.mp3,25.0,28.0,-30.90473838973336,-33.558632962310654,species,Prunella modularis,Dunnock,0.9939892292022705,0.9939892292022705,species,0,,,
prunella_modularis,204260,Prunella modularis,/Users/justyna-przy/Projects/ISE/FYP/src/bird_data/raw/prunella_modularis/XC204260.mp3,28.0,31.0,-31.83111039330504,-33.558632962310654,species,Prunella modularis,Dunnock,0.9698294997215271,0.9698294997215271,species,1,rand_species,/Users/justyna-przy/Projects/ISE/FYP/src/bird_data/clips/species/prunella_modularis/XC204260__s28000__e31000.wav,
prunella_modularis,196790,Prunella modularis,/Users/justyna-przy/Projects/ISE/FYP/src/bird_data/raw/prunella_modularis/XC196790.mp3,1.0,4.0,-29.11457128436068,-40.0,species,Prunella modularis,Dunnock,0.9530277848243713,0.9530277848243713,species,1,rand_species,/Users/justyna-przy/Projects/ISE/FYP/src/bird_data/clips/species/prunella_modularis/XC196790__s1000__e4000.wav,
prunella_modularis,196790,Prunella modularis,/Users/justyna-przy/Projects/ISE/FYP/src/bird_data/raw/prunella_modularis/XC196790.mp3,4.0,7.0,-30.617742642330334,-40.0,species,Prunella modularis,Dunnock,0.990965723991394,0.990965723991394,species,1,rand_species,/Users/justyna-przy/Projects/ISE/FYP/src/bird_data/clips/species/prunella_modularis/XC196790__s4000__e7000.wav,
prunella_modularis,196790,Prunella modularis,/Users/justyna-przy/Projects/ISE/FYP/src/bird_data/raw/prunella_modularis/XC196790.mp3,7.0,10.0,-28.251719211484346,-40.0,species,Prunella modularis,Dunnock,0.9395020604133606,0.9395020604133606,species,0,,,
prunella_modularis,196790,Prunella modularis,/Users/justyna-przy/Projects/ISE/FYP/src/bird_data/raw/prunella_modularis/XC196790.mp3,10.0,13.0,-34.34509569150404,-40.0,species,Prunella modularis,Dunnock,0.9945350885391235,0.9945350885391235,species,1,rand_species,/Users/justyna-przy/Projects/ISE/FYP/src/bird_data/clips/species/prunella_modularis/XC196790__s10000__e13000.wav,
prunella_modularis,196790,Prunella modularis,/Users/justyna-przy/Projects/ISE/FYP/src/bird_data/raw/prunella_modularis/XC196790.mp3,16.0,19.0,-31.851033801876593,-40.0,species,Prunella modularis,Dunnock,0.8766628503799438,0.8766628503799438,species,0,,,
prunella_modularis,196790,Prunella modularis,/Users/justyna-przy/Projects/ISE/FYP/src/bird_data/raw/prunella_modularis/XC196790.mp3,19.0,22.0,-39.62187312449735,-40.0,drop,Phylloscopus trochilus,Willow Warbler,0.49852415919303894,0.49852415919303894,drop,0,,,
prunella_modularis,196787,Prunella modularis,/Users/justyna-przy/Projects/ISE/FYP/src/bird_data/raw/prunella_modularis/XC196787.mp3,1.0,4.0,-23.99286955927963,-40.0,species,Prunella modularis,Dunnock,0.9987198114395142,0.9987198114395142,species,0,,,
prunella_modularis,196787,Prunella modularis,/Users/justyna-przy/Projects/ISE/FYP/src/bird_data/raw/prunella_modularis/XC196787.mp3,4.0,7.0,-25.585817148840754,-40.0,species,Prunella modularis,Dunnock,0.994905948638916,0.994905948638916,species,1,rand_species,/Users/justyna-przy/Projects/ISE/FYP/src/bird_data/clips/species/prunella_modularis/XC196787__s4000__e7000.wav,
prunella_modularis,196787,Prunella modularis,/Users/justyna-przy/Projects/ISE/FYP/src/bird_data/raw/prunella_modularis/XC196787.mp3,7.0,10.0,-26.07131317601455,-40.0,species,Prunella modularis,Dunnock,0.9972793459892273,0.9972793459892273,species,0,,,
prunella_modularis,196787,Prunella modularis,/Users/justyna-przy/Projects/ISE/FYP/src/bird_data/raw/prunella_modularis/XC196787.mp3,10.0,13.0,-26.791074825887083,-40.0,species,Prunella modularis,Dunnock,0.9958845973014832,0.9958845973014832,species,1,rand_species,/Users/justyna-przy/Projects/ISE/FYP/src/bird_data/clips/species/prunella_modularis/XC196787__s10000__e13000.wav,
prunella_modularis,196787,Prunella modularis,/Users/justyna-przy/Projects/ISE/FYP/src/bird_data/raw/prunella_modularis/XC196787.mp3,13.0,16.0,-25.642072709318484,-40.0,species,Prunella modularis,Dunnock,0.996917724609375,0.996917724609375,species,0,,,
prunella_modularis,196787,Prunella modularis,/Users/justyna-przy/Projects/ISE/FYP/src/bird_data/raw/prunella_modularis/XC196787.mp3,16.0,19.0,-24.079856973897304,-40.0,species,Prunella modularis,Dunnock,0.9803446531295776,0.9803446531295776,species,1,rand_species,/Users/justyna-przy/Projects/ISE/FYP/src/bird_data/clips/species/prunella_modularis/XC196787__s16000__e19000.wav,
prunella_modularis,196787,Prunella modularis,/Users/justyna-przy/Projects/ISE/FYP/src/bird_data/raw/prunella_modularis/XC196787.mp3,19.0,22.0,-28.575246387142855,-40.0,species,Prunella modularis,Dunnock,0.9985876083374023,0.9985876083374023,species,0,,,
prunella_modularis,196787,Prunella modularis,/Users/justyna-przy/Projects/ISE/FYP/src/bird_data/raw/prunella_modularis/XC196787.mp3,22.0,25.0,-24.547987071448254,-40.0,species,Prunella modularis,Dunnock,0.9970638155937195,0.9970638155937195,species,0,,,
prunella_modularis,187054,Prunella modularis,/Users/justyna-przy/Projects/ISE/FYP/src/bird_data/raw/prunella_modularis/XC187054.mp3,16.0,19.0,-39.145321477153566,-40.0,species,Prunella modularis,Dunnock,0.9755699634552002,0.9755699634552002,species,1,rand_species,/Users/justyna-przy/Projects/ISE/FYP/src/bird_data/clips/species/prunella_modularis/XC187054__s16000__e19000.wav,
prunella_modularis,186038,Prunella modularis,/Users/justyna-przy/Projects/ISE/FYP/src/bird_data/raw/prunella_modularis/XC186038.mp3,1.0,4.0,-41.908239925225075,-40.0,species,Prunella modularis,Dunnock,0.8837570548057556,0.8837570548057556,species,1,rand_species,/Users/justyna-przy/Projects/ISE/FYP/src/bird_data/clips/species/prunella_modularis/XC186038__s1000__e4000.wav,
prunella_modularis,183444,Prunella modularis,/Users/justyna-przy/Projects/ISE/FYP/src/bird_data/raw/prunella_modularis/XC183444.mp3,1.0,4.0,-20.41879558837024,-20.41879558837024,species,Prunella modularis,Dunnock,0.9987806677818298,0.9987806677818298,species,1,rand_species,/Users/justyna-przy/Projects/ISE/FYP/src/bird_data/clips/species/prunella_modularis/XC183444__s1000__e4000.wav,
prunella_modularis,177694,Prunella modularis,/Users/justyna-przy/Projects/ISE/FYP/src/bird_data/raw/prunella_modularis/XC177694.mp3,1.0,4.0,-28.66077698169481,-37.96628943068684,drop,Motacilla alba,White Wagtail,0.2639007568359375,0.2639007568359375,drop,0,,,
prunella_modularis,177694,Prunella modularis,/Users/justyna-przy/Projects/ISE/FYP/src/bird_data/raw/prunella_modularis/XC177694.mp3,4.0,7.0,-31.309084543816216,-37.96628943068684,drop,Prunella modularis,Dunnock,0.16167521476745605,0.16167521476745605,drop,0,,,
prunella_modularis,177694,Prunella modularis,/Users/justyna-przy/Projects/ISE/FYP/src/bird_data/raw/prunella_modularis/XC177694.mp3,7.0,10.0,-27.200738051955774,-37.96628943068684,species,Prunella modularis,Dunnock,0.9986997842788696,0.9986997842788696,species,0,,,
prunella_modularis,177694,Prunella modularis,/Users/justyna-przy/Projects/ISE/FYP/src/bird_data/raw/prunella_modularis/XC177694.mp3,10.0,13.0,-30.901328394817497,-37.96628943068684,species,Prunella modularis,Dunnock,0.9910222291946411,0.9910222291946411,species,0,,,
prunella_modularis,177694,Prunella modularis,/Users/justyna-przy/Projects/ISE/FYP/src/bird_data/raw/prunella_modularis/XC177694.mp3,19.0,22.0,-31.92777918258799,-37.96628943068684,species,Prunella modularis,Dunnock,0.9987642765045166,0.9987642765045166,species,0,,,
prunella_modularis,177694,Prunella modularis,/Users/justyna-przy/Projects/ISE/FYP/src/bird_data/raw/prunella_modularis/XC177694.mp3,25.0,28.0,-29.65480502383851,-37.96628943068684,species,Prunella modularis,Dunnock,0.9991427659988403,0.9991427659988403,species,1,rand_species,/Users/justyna-przy/Projects/ISE/FYP/src/bird_data/clips/species/prunella_modularis/XC177694__s25000__e28000.wav,
prunella_modularis,177694,Prunella modularis,/Users/justyna-przy/Projects/ISE/FYP/src/bird_data/raw/prunella_modularis/XC177694.mp3,28.0,31.0,-37.5535318824682,-37.96628943068684,species,Prunella modularis,Dunnock,0.8542826771736145,0.8542826771736145,species,0,,,
prunella_modularis,177694,Prunella modularis,/Users/justyna-przy/Projects/ISE/FYP/src/bird_data/raw/prunella_modularis/XC177694.mp3,31.0,34.0,-35.00899511659099,-37.96628943068684,species,Prunella modularis,Dunnock,0.994810938835144,0.994810938835144,species,0,,,
prunella_modularis,177694,Prunella modularis,/Users/justyna-przy/Projects/ISE/FYP/src/bird_data/raw/prunella_modularis/XC177694.mp3,37.0,40.0,-28.599713332999404,-37.96628943068684,species,Prunella modularis,Dunnock,0.999286949634552,0.999286949634552,species,1,rand_species,/Users/justyna-przy/Projects/ISE/FYP/src/bird_data/clips/species/prunella_modularis/XC177694__s37000__e40000.wav,
prunella_modularis,177694,Prunella modularis,/Users/justyna-przy/Projects/ISE/FYP/src/bird_data/raw/prunella_modularis/XC177694.mp3,43.0,46.0,-36.82826517803262,-37.96628943068684,drop,Buteo buteo,Common Buzzard,0.12840591371059418,0.12840591371059418,drop,0,,,
prunella_modularis,177694,Prunella modularis,/Users/justyna-przy/Projects/ISE/FYP/src/bird_data/raw/prunella_modularis/XC177694.mp3,46.0,49.0,-33.84072807764565,-37.96628943068684,non_bird,,,0.0,0.0,non_bird,1,nonbird_lowconf,/Users/justyna-przy/Projects/ISE/FYP/src/bird_data/clips/non_bird/prunella_modularis/XC177694__s46000__e49000.wav,
prunella_modularis,177694,Prunella modularis,/Users/justyna-przy/Projects/ISE/FYP/src/bird_data/raw/prunella_modularis/XC177694.mp3,49.0,52.0,-34.85323289617517,-37.96628943068684,species,Prunella modularis,Dunnock,0.9958030581474304,0.9958030581474304,species,1,rand_species,/Users/justyna-przy/Projects/ISE/FYP/src/bird_data/clips/species/prunella_modularis/XC177694__s49000__e52000.wav,
prunella_modularis,177643,Prunella modularis,/Users/justyna-przy/Projects/ISE/FYP/src/bird_data/raw/prunella_modularis/XC177643.mp3,1.0,4.0,-33.63640863180894,-40.0,species,Prunella modularis,Dunnock,0.8659276366233826,0.8659276366233826,species,0,,,
prunella_modularis,177643,Prunella modularis,/Users/justyna-przy/Projects/ISE/FYP/src/bird_data/raw/prunella_modularis/XC177643.mp3,7.0,10.0,-38.399749680168306,-40.0,species,Prunella modularis,Dunnock,0.9944809675216675,0.9944809675216675,species,0,,,
prunella_modularis,177643,Prunella modularis,/Users/justyna-przy/Projects/ISE/FYP/src/bird_data/raw/prunella_modularis/XC177643.mp3,10.0,13.0,-34.127404050101184,-40.0,species,Prunella modularis,Dunnock,0.9933000802993774,0.9933000802993774,species,1,rand_species,/Users/justyna-przy/Projects/ISE/FYP/src/bird_data/clips/species/prunella_modularis/XC177643__s10000__e13000.wav,
prunella_modularis,177643,Prunella modularis,/Users/justyna-przy/Projects/ISE/FYP/src/bird_data/raw/prunella_modularis/XC177643.mp3,16.0,19.0,-31.976116337181743,-40.0,species,Prunella modularis,Dunnock,0.9980188608169556,0.9980188608169556,species,0,,,
prunella_modularis,177643,Prunella modularis,/Users/justyna-przy/Projects/ISE/FYP/src/bird_data/raw/prunella_modularis/XC177643.mp3,19.0,22.0,-38.2919738739696,-40.0,species,Prunella modularis,Dunnock,0.9807743430137634,0.9807743430137634,species,0,,,
prunella_modularis,177643,Prunella modularis,/Users/justyna-przy/Projects/ISE/FYP/src/bird_data/raw/prunella_modularis/XC177643.mp3,22.0,25.0,-34.115040652657214,-40.0,species,Prunella modularis,Dunnock,0.9961661100387573,0.9961661100387573,species,0,,,
prunella_modularis,177643,Prunella modularis,/Users/justyna-przy/Projects/ISE/FYP/src/bird_data/raw/prunella_modularis/XC177643.mp3,25.0,28.0,-29.383691189349502,-40.0,species,Prunella modularis,Dunnock,0.9985480904579163,0.9985480904579163,species,0,,,
prunella_modularis,177643,Prunella modularis,/Users/justyna-przy/Projects/ISE/FYP/src/bird_data/raw/prunella_modularis/XC177643.mp3,31.0,34.0,-33.10965494385136,-40.0,species,Prunella modularis,Dunnock,0.9916260242462158,0.9916260242462158,species,0,,,
prunella_modularis,177643,Prunella modularis,/Users/justyna-przy/Projects/ISE/FYP/src/bird_data/raw/prunella_modularis/XC177643.mp3,37.0,40.0,-39.73210694215032,-40.0,species,Prunella modularis,Dunnock,0.9511528611183167,0.9511528611183167,species,1,rand_species,/Users/justyna-przy/Projects/ISE/FYP/src/bird_data/clips/species/prunella_modularis/XC177643__s37000__e40000.wav,
prunella_modularis,177643,Prunella modularis,/Users/justyna-przy/Projects/ISE/FYP/src/bird_data/raw/prunella_modularis/XC177643.mp3,40.0,43.0,-38.47482808587053,-40.0,species,Prunella modularis,Dunnock,0.9893044233322144,0.9893044233322144,species,1,rand_species,/Users/justyna-przy/Projects/ISE/FYP/src/bird_data/clips/species/prunella_modularis/XC177643__s40000__e43000.wav,
prunella_modularis,177401,Prunella modularis,/Users/justyna-przy/Projects/ISE/FYP/src/bird_data/raw/prunella_modularis/XC177401.mp3,1.0,4.0,-35.46104716777067,-38.99013794053793,non_bird,,,0.0,0.0,non_bird,1,nonbird_lowconf,/Users/justyna-przy/Projects/ISE/FYP/src/bird_data/clips/non_bird/prunella_modularis/XC177401__s1000__e4000.wav,
prunella_modularis,177401,Prunella modularis,/Users/justyna-przy/Projects/ISE/FYP/src/bird_data/raw/prunella_modularis/XC177401.mp3,4.0,7.0,-30.726188339823896,-38.99013794053793,drop,Anthus pratensis,Meadow Pipit,0.4664958119392395,0.4664958119392395,drop,0,,,
prunella_modularis,177401,Prunella modularis,/Users/justyna-przy/Projects/ISE/FYP/src/bird_data/raw/prunella_modularis/XC177401.mp3,7.0,10.0,-35.78100964517426,-38.99013794053793,drop,Cinclus cinclus,White-throated Dipper,0.22995728254318237,0.22995728254318237,drop,0,,,
prunella_modularis,177401,Prunella modularis,/Users/justyna-przy/Projects/ISE/FYP/src/bird_data/raw/prunella_modularis/XC177401.mp3,10.0,13.0,-38.572111925324386,-38.99013794053793,drop,Cinclus cinclus,White-throated Dipper,0.7381582260131836,0.7381582260131836,drop,0,,,
prunella_modularis,177401,Prunella modularis,/Users/justyna-przy/Projects/ISE/FYP/src/bird_data/raw/prunella_modularis/XC177401.mp3,13.0,16.0,-37.65574483092704,-38.99013794053793,drop,Luscinia svecica,Bluethroat,0.13530561327934265,0.13530561327934265,drop,0,,,
prunella_modularis,177401,Prunella modularis,/Users/justyna-przy/Projects/ISE/FYP/src/bird_data/raw/prunella_modularis/XC177401.mp3,16.0,19.0,-38.690054552255276,-38.99013794053793,non_bird,,,0.0,0.0,non_bird,1,nonbird_lowconf,/Users/justyna-przy/Projects/ISE/FYP/src/bird_data/clips/non_bird/prunella_modularis/XC177401__s16000__e19000.wav,
prunella_modularis,177401,Prunella modularis,/Users/justyna-przy/Projects/ISE/FYP/src/bird_data/raw/prunella_modularis/XC177401.mp3,22.0,25.0,-36.965129136905446,-38.99013794053793,drop,Eremophila alpestris,Horned Lark,0.22614426910877228,0.22614426910877228,drop,0,,,
prunella_modularis,176493,Prunella modularis,/Users/justyna-przy/Projects/ISE/FYP/src/bird_data/raw/prunella_modularis/XC176493.mp3,1.0,4.0,-34.13946535967084,-40.0,species,Prunella modularis,Dunnock,0.9161509871482849,0.9161509871482849,species,0,,,
prunella_modularis,176493,Prunella modularis,/Users/justyna-przy/Projects/ISE/FYP/src/bird_data/raw/prunella_modularis/XC176493.mp3,7.0,10.0,-31.291259492840325,-40.0,species,Prunella modularis,Dunnock,0.6612452864646912,0.6612452864646912,species,1,rand_species,/Users/justyna-przy/Projects/ISE/FYP/src/bird_data/clips/species/prunella_modularis/XC176493__s7000__e10000.wav,
prunella_modularis,176493,Prunella modularis,/Users/justyna-przy/Projects/ISE/FYP/src/bird_data/raw/prunella_modularis/XC176493.mp3,10.0,13.0,-27.65933186906757,-40.0,drop,Saxicola rubetra,Whinchat,0.2054567039012909,0.2054567039012909,drop,0,,,
prunella_modularis,176493,Prunella modularis,/Users/justyna-przy/Projects/ISE/FYP/src/bird_data/raw/prunella_modularis/XC176493.mp3,13.0,16.0,-32.72674632357668,-40.0,species,Prunella modularis,Dunnock,0.6809696555137634,0.6809696555137634,species,1,rand_species,/Users/justyna-przy/Projects/ISE/FYP/src/bird_data/clips/species/prunella_modularis/XC176493__s13000__e16000.wav,
prunella_modularis,176493,Prunella modularis,/Users/justyna-przy/Projects/ISE/FYP/src/bird_data/raw/prunella_modularis/XC176493.mp3,16.0,19.0,-31.718396947024505,-40.0,species,Prunella modularis,Dunnock,0.9911711812019348,0.9911711812019348,species,0,,,
prunella_modularis,176493,Prunella modularis,/Users/justyna-przy/Projects/ISE/FYP/src/bird_data/raw/prunella_modularis/XC176493.mp3,19.0,22.0,-15.710041363583972,-40.0,species,Prunella modularis,Dunnock,0.9993118047714233,0.9993118047714233,species,0,,,
prunella_modularis,176493,Prunella modularis,/Users/justyna-przy/Projects/ISE/FYP/src/bird_data/raw/prunella_modularis/XC176493.mp3,22.0,25.0,-27.390139920947412,-40.0,species,Prunella modularis,Dunnock,0.9659830927848816,0.9659830927848816,species,0,,,
prunella_modularis,176493,Prunella modularis,/Users/justyna-przy/Projects/ISE/FYP/src/bird_data/raw/prunella_modularis/XC176493.mp3,28.0,31.0,-17.20829546051677,-40.0,species,Prunella modularis,Dunnock,0.9994438290596008,0.9994438290596008,species,0,,,
prunella_modularis,176493,Prunella modularis,/Users/justyna-przy/Projects/ISE/FYP/src/bird_data/raw/prunella_modularis/XC176493.mp3,34.0,37.0,-26.84372357761777,-40.0,drop,Saxicola rubicola,European Stonechat,0.30210644006729126,0.30210644006729126,drop,0,,,
prunella_modularis,176493,Prunella modularis,/Users/justyna-przy/Projects/ISE/FYP/src/bird_data/raw/prunella_modularis/XC176493.mp3,37.0,40.0,-18.098289547237453,-40.0,species,Prunella modularis,Dunnock,0.9983652234077454,0.9983652234077454,species,1,rand_species,/Users/justyna-przy/Projects/ISE/FYP/src/bird_data/clips/species/prunella_modularis/XC176493__s37000__e40000.wav,
prunella_modularis,176493,Prunella modularis,/Users/justyna-przy/Projects/ISE/FYP/src/bird_data/raw/prunella_modularis/XC176493.mp3,43.0,46.0,-19.97096426752614,-40.0,species,Prunella modularis,Dunnock,0.9990668892860413,0.9990668892860413,species,0,,,
prunella_modularis,176493,Prunella modularis,/Users/justyna-przy/Projects/ISE/FYP/src/bird_data/raw/prunella_modularis/XC176493.mp3,49.0,52.0,-23.526466985712524,-40.0,species,Prunella modularis,Dunnock,0.9985727071762085,0.9985727071762085,species,0,,,
prunella_modularis,167166,Prunella modularis,/Users/justyna-przy/Projects/ISE/FYP/src/bird_data/raw/prunella_modularis/XC167166.mp3,13.0,16.0,-39.588445306321276,-40.0,species,Prunella modularis,Dunnock,0.9801106452941895,0.9801106452941895,species,1,rand_species,/Users/justyna-przy/Projects/ISE/FYP/src/bird_data/clips/species/prunella_modularis/XC167166__s13000__e16000.wav,
prunella_modularis,148703,Prunella modularis,/Users/justyna-przy/Projects/ISE/FYP/src/bird_data/raw/prunella_modularis/XC148703.mp3,4.0,7.0,-25.51810992909909,-25.74900878824934,species,Prunella modularis,Dunnock,0.9864889979362488,0.9864889979362488,species,0,,,
prunella_modularis,148703,Prunella modularis,/Users/justyna-przy/Projects/ISE/FYP/src/bird_data/raw/prunella_modularis/XC148703.mp3,7.0,10.0,-25.540316074014925,-25.74900878824934,species,Prunella modularis,Dunnock,0.9966585636138916,0.9966585636138916,species,1,rand_species,/Users/justyna-przy/Projects/ISE/FYP/src/bird_data/clips/species/prunella_modularis/XC148703__s7000__e10000.wav,
prunella_modularis,148703,Prunella modularis,/Users/justyna-przy/Projects/ISE/FYP/src/bird_data/raw/prunella_modularis/XC148703.mp3,10.0,13.0,-24.968418768858193,-25.74900878824934,species,Prunella modularis,Dunnock,0.9915804266929626,0.9915804266929626,species,0,,,
prunella_modularis,148703,Prunella modularis,/Users/justyna-przy/Projects/ISE/FYP/src/bird_data/raw/prunella_modularis/XC148703.mp3,19.0,22.0,-25.42635306145343,-25.74900878824934,species,Prunella modularis,Dunnock,0.9899922013282776,0.9899922013282776,species,1,rand_species,/Users/justyna-przy/Projects/ISE/FYP/src/bird_data/clips/species/prunella_modularis/XC148703__s19000__e22000.wav,
prunella_modularis,148703,Prunella modularis,/Users/justyna-przy/Projects/ISE/FYP/src/bird_data/raw/prunella_modularis/XC148703.mp3,22.0,25.0,-25.5291212052953,-25.74900878824934,drop,Prunella modularis,Dunnock,0.16161370277404785,0.16161370277404785,drop,0,,,
prunella_modularis,148703,Prunella modularis,/Users/justyna-przy/Projects/ISE/FYP/src/bird_data/raw/prunella_modularis/XC148703.mp3,25.0,28.0,-25.138235306404432,-25.74900878824934,species,Prunella modularis,Dunnock,0.9957647323608398,0.9957647323608398,species,0,,,
prunella_modularis,148703,Prunella modularis,/Users/justyna-przy/Projects/ISE/FYP/src/bird_data/raw/prunella_modularis/XC148703.mp3,28.0,31.0,-25.148072713181104,-25.74900878824934,non_bird,,,0.0,0.0,non_bird,1,nonbird_lowconf,/Users/justyna-przy/Projects/ISE/FYP/src/bird_data/clips/non_bird/prunella_modularis/XC148703__s28000__e31000.wav,
prunella_modularis,148703,Prunella modularis,/Users/justyna-przy/Projects/ISE/FYP/src/bird_data/raw/prunella_modularis/XC148703.mp3,31.0,34.0,-25.74900878824934,-25.74900878824934,species,Prunella modularis,Dunnock,0.5620954632759094,0.5620954632759094,species,1,rand_species,/Users/justyna-przy/Projects/ISE/FYP/src/bird_data/clips/species/prunella_modularis/XC148703__s31000__e34000.wav,
prunella_modularis,146747,Prunella modularis,/Users/justyna-przy/Projects/ISE/FYP/src/bird_data/raw/prunella_modularis/XC146747.mp3,1.0,4.0,-36.25129448908924,-36.25129448908924,species,Prunella modularis,Dunnock,0.6810334324836731,0.6810334324836731,species,1,rand_species,/Users/justyna-przy/Projects/ISE/FYP/src/bird_data/clips/species/prunella_modularis/XC146747__s1000__e4000.wav,
prunella_modularis,133851,Prunella modularis,/Users/justyna-przy/Projects/ISE/FYP/src/bird_data/raw/prunella_modularis/XC133851.mp3,1.0,4.0,-23.11548345932173,-33.44163538463775,species,Prunella modularis,Dunnock,0.9796361923217773,0.9796361923217773,species,0,,,
prunella_modularis,133851,Prunella modularis,/Users/justyna-przy/Projects/ISE/FYP/src/bird_data/raw/prunella_modularis/XC133851.mp3,7.0,10.0,-28.341911634359526,-33.44163538463775,species,Prunella modularis,Dunnock,0.8098922371864319,0.8098922371864319,species,0,,,
prunella_modularis,133851,Prunella modularis,/Users/justyna-przy/Projects/ISE/FYP/src/bird_data/raw/prunella_modularis/XC133851.mp3,10.0,13.0,-24.392937935544523,-33.44163538463775,species,Prunella modularis,Dunnock,0.9503247737884521,0.9503247737884521,species,1,rand_species,/Users/justyna-przy/Projects/ISE/FYP/src/bird_data/clips/species/prunella_modularis/XC133851__s10000__e13000.wav,
prunella_modularis,133851,Prunella modularis,/Users/justyna-przy/Projects/ISE/FYP/src/bird_data/raw/prunella_modularis/XC133851.mp3,16.0,19.0,-31.000534503899175,-33.44163538463775,species,Prunella modularis,Dunnock,0.5852777361869812,0.5852777361869812,species,1,rand_species,/Users/justyna-przy/Projects/ISE/FYP/src/bird_data/clips/species/prunella_modularis/XC133851__s16000__e19000.wav,
prunella_modularis,133851,Prunella modularis,/Users/justyna-przy/Projects/ISE/FYP/src/bird_data/raw/prunella_modularis/XC133851.mp3,19.0,22.0,-27.114638213655304,-33.44163538463775,species,Prunella modularis,Dunnock,0.9225245714187622,0.9225245714187622,species,0,,,
prunella_modularis,133851,Prunella modularis,/Users/justyna-przy/Projects/ISE/FYP/src/bird_data/raw/prunella_modularis/XC133851.mp3,22.0,25.0,-30.5425872436646,-33.44163538463775,species,Prunella modularis,Dunnock,0.987176239490509,0.987176239490509,species,1,rand_species,/Users/justyna-przy/Projects/ISE/FYP/src/bird_data/clips/species/prunella_modularis/XC133851__s22000__e25000.wav,
prunella_modularis,133851,Prunella modularis,/Users/justyna-przy/Projects/ISE/FYP/src/bird_data/raw/prunella_modularis/XC133851.mp3,28.0,31.0,-32.75916252165112,-33.44163538463775,species,Prunella modularis,Dunnock,0.9014424681663513,0.9014424681663513,species,0,,,
prunella_modularis,133850,Prunella modularis,/Users/justyna-przy/Projects/ISE/FYP/src/bird_data/raw/prunella_modularis/XC133850.mp3,1.0,4.0,-13.307221806387874,-32.57200393815874,species,Prunella modularis,Dunnock,0.9957024455070496,0.9957024455070496,species,1,rand_species,/Users/justyna-przy/Projects/ISE/FYP/src/bird_data/clips/species/prunella_modularis/XC133850__s1000__e4000.wav,
prunella_modularis,133850,Prunella modularis,/Users/justyna-przy/Projects/ISE/FYP/src/bird_data/raw/prunella_modularis/XC133850.mp3,7.0,10.0,-17.76863523964537,-32.57200393815874,species,Prunella modularis,Dunnock,0.9952050447463989,0.9952050447463989,species,0,,,
prunella_modularis,133850,Prunella modularis,/Users/justyna-przy/Projects/ISE/FYP/src/bird_data/raw/prunella_modularis/XC133850.mp3,10.0,13.0,-19.111597032322997,-32.57200393815874,species,Prunella modularis,Dunnock,0.9822246432304382,0.9822246432304382,species,1,rand_species,/Users/justyna-przy/Projects/ISE/FYP/src/bird_data/clips/species/prunella_modularis/XC133850__s10000__e13000.wav,
prunella_modularis,133850,Prunella modularis,/Users/justyna-przy/Projects/ISE/FYP/src/bird_data/raw/prunella_modularis/XC133850.mp3,16.0,19.0,-23.18457289764972,-32.57200393815874,species,Prunella modularis,Dunnock,0.9959725737571716,0.9959725737571716,species,1,rand_species,/Users/justyna-przy/Projects/ISE/FYP/src/bird_data/clips/species/prunella_modularis/XC133850__s16000__e19000.wav,
prunella_modularis,122559,Prunella modularis,/Users/justyna-przy/Projects/ISE/FYP/src/bird_data/raw/prunella_modularis/XC122559.mp3,1.0,4.0,-19.686620826685473,-25.279918734822694,species,Prunella modularis,Dunnock,0.9937573671340942,0.9937573671340942,species,1,rand_species,/Users/justyna-przy/Projects/ISE/FYP/src/bird_data/clips/species/prunella_modularis/XC122559__s1000__e4000.wav,
prunella_modularis,122559,Prunella modularis,/Users/justyna-przy/Projects/ISE/FYP/src/bird_data/raw/prunella_modularis/XC122559.mp3,7.0,10.0,-22.115004398714987,-25.279918734822694,species,Prunella modularis,Dunnock,0.9898021817207336,0.9898021817207336,species,1,rand_species,/Users/justyna-przy/Projects/ISE/FYP/src/bird_data/clips/species/prunella_modularis/XC122559__s7000__e10000.wav,
prunella_modularis,122559,Prunella modularis,/Users/justyna-przy/Projects/ISE/FYP/src/bird_data/raw/prunella_modularis/XC122559.mp3,13.0,16.0,-24.833389386425967,-25.279918734822694,species,Prunella modularis,Dunnock,0.8080596923828125,0.8080596923828125,species,0,,,
prunella_modularis,122559,Prunella modularis,/Users/justyna-przy/Projects/ISE/FYP/src/bird_data/raw/prunella_modularis/XC122559.mp3,19.0,22.0,-24.161654864270282,-25.279918734822694,species,Prunella modularis,Dunnock,0.3421664237976074,0.3421664237976074,species,0,,,
prunella_modularis,122559,Prunella modularis,/Users/justyna-przy/Projects/ISE/FYP/src/bird_data/raw/prunella_modularis/XC122559.mp3,22.0,25.0,-21.183687618485468,-25.279918734822694,species,Prunella modularis,Dunnock,0.9821313619613647,0.9821313619613647,species,1,rand_species,/Users/justyna-przy/Projects/ISE/FYP/src/bird_data/clips/species/prunella_modularis/XC122559__s22000__e25000.wav,
prunella_modularis,94669,Prunella modularis,/Users/justyna-przy/Projects/ISE/FYP/src/bird_data/raw/prunella_modularis/XC94669.mp3,1.0,4.0,-38.51225898406102,-40.0,species,Prunella modularis,Dunnock,0.9774845242500305,0.9774845242500305,species,1,rand_species,/Users/justyna-przy/Projects/ISE/FYP/src/bird_data/clips/species/prunella_modularis/XC94669__s1000__e4000.wav,
prunella_modularis,94668,Prunella modularis,/Users/justyna-przy/Projects/ISE/FYP/src/bird_data/raw/prunella_modularis/XC94668.mp3,1.0,4.0,-40.97351547254378,-40.0,species,Prunella modularis,Dunnock,0.928792417049408,0.928792417049408,species,1,rand_species,/Users/justyna-przy/Projects/ISE/FYP/src/bird_data/clips/species/prunella_modularis/XC94668__s1000__e4000.wav,
prunella_modularis,94582,Prunella modularis,/Users/justyna-przy/Projects/ISE/FYP/src/bird_data/raw/prunella_modularis/XC94582.mp3,1.0,4.0,-30.090557303671517,-31.185460974074147,species,Prunella modularis,Dunnock,0.9947879314422607,0.9947879314422607,species,1,rand_species,/Users/justyna-przy/Projects/ISE/FYP/src/bird_data/clips/species/prunella_modularis/XC94582__s1000__e4000.wav,
prunella_modularis,94582,Prunella modularis,/Users/justyna-przy/Projects/ISE/FYP/src/bird_data/raw/prunella_modularis/XC94582.mp3,4.0,7.0,-30.918968427928768,-31.185460974074147,non_bird,,,0.0,0.0,non_bird,1,nonbird_lowconf,/Users/justyna-przy/Projects/ISE/FYP/src/bird_data/clips/non_bird/prunella_modularis/XC94582__s4000__e7000.wav,
prunella_modularis,94582,Prunella modularis,/Users/justyna-przy/Projects/ISE/FYP/src/bird_data/raw/prunella_modularis/XC94582.mp3,7.0,10.0,-28.87025607779865,-31.185460974074147,species,Prunella modularis,Dunnock,0.6856180429458618,0.6856180429458618,species,1,rand_species,/Users/justyna-przy/Projects/ISE/FYP/src/bird_data/clips/species/prunella_modularis/XC94582__s7000__e10000.wav,
prunella_modularis,94582,Prunella modularis,/Users/justyna-przy/Projects/ISE/FYP/src/bird_data/raw/prunella_modularis/XC94582.mp3,19.0,22.0,-24.906751985927333,-31.185460974074147,non_bird,,,0.0,0.0,non_bird,1,nonbird_lowconf,/Users/justyna-przy/Projects/ISE/FYP/src/bird_data/clips/non_bird/prunella_modularis/XC94582__s19000__e22000.wav,
prunella_modularis,94582,Prunella modularis,/Users/justyna-przy/Projects/ISE/FYP/src/bird_data/raw/prunella_modularis/XC94582.mp3,22.0,25.0,-29.185029859941135,-31.185460974074147,drop,Saxicola rubicola,European Stonechat,0.600633442401886,0.600633442401886,drop,0,,,
prunella_modularis,93848,Prunella modularis,/Users/justyna-przy/Projects/ISE/FYP/src/bird_data/raw/prunella_modularis/XC93848.mp3,1.0,4.0,-30.694531573318827,-31.52615652533436,species,Prunella modularis,Dunnock,0.8272994756698608,0.8272994756698608,species,1,rand_species,/Users/justyna-przy/Projects/ISE/FYP/src/bird_data/clips/species/prunella_modularis/XC93848__s1000__e4000.wav,
prunella_modularis,93848,Prunella modularis,/Users/justyna-przy/Projects/ISE/FYP/src/bird_data/raw/prunella_modularis/XC93848.mp3,7.0,10.0,-31.519221168912924,-31.52615652533436,species,Prunella modularis,Dunnock,0.9941138625144958,0.9941138625144958,species,1,rand_species,/Users/justyna-przy/Projects/ISE/FYP/src/bird_data/clips/species/prunella_modularis/XC93848__s7000__e10000.wav,
prunella_modularis,87913,Prunella modularis,/Users/justyna-przy/Projects/ISE/FYP/src/bird_data/raw/prunella_modularis/XC87913.mp3,1.0,4.0,-27.137668418775572,-31.25870564452489,species,Prunella modularis,Dunnock,0.995392918586731,0.995392918586731,species,0,,,
prunella_modularis,87913,Prunella modularis,/Users/justyna-przy/Projects/ISE/FYP/src/bird_data/raw/prunella_modularis/XC87913.mp3,4.0,7.0,-29.395457151971968,-31.25870564452489,species,Prunella modularis,Dunnock,0.9961236119270325,0.9961236119270325,species,0,,,
prunella_modularis,87913,Prunella modularis,/Users/justyna-przy/Projects/ISE/FYP/src/bird_data/raw/prunella_modularis/XC87913.mp3,7.0,10.0,-28.04086920829205,-31.25870564452489,species,Prunella modularis,Dunnock,0.9965338706970215,0.9965338706970215,species,1,rand_species,/Users/justyna-przy/Projects/ISE/FYP/src/bird_data/clips/species/prunella_modularis/XC87913__s7000__e10000.wav,
prunella_modularis,87913,Prunella modularis,/Users/justyna-przy/Projects/ISE/FYP/src/bird_data/raw/prunella_modularis/XC87913.mp3,10.0,13.0,-30.745246179335453,-31.25870564452489,drop,Spinus spinus,Eurasian Siskin,0.9274808764457703,0.9274808764457703,drop,0,,,
prunella_modularis,87913,Prunella modularis,/Users/justyna-przy/Projects/ISE/FYP/src/bird_data/raw/prunella_modularis/XC87913.mp3,16.0,19.0,-29.02815425730996,-31.25870564452489,species,Prunella modularis,Dunnock,0.9281584620475769,0.9281584620475769,species,0,,,
prunella_modularis,87913,Prunella modularis,/Users/justyna-przy/Projects/ISE/FYP/src/bird_data/raw/prunella_modularis/XC87913.mp3,19.0,22.0,-28.471780676146846,-31.25870564452489,species,Prunella modularis,Dunnock,0.9815948009490967,0.9815948009490967,species,1,rand_species,/Users/justyna-przy/Projects/ISE/FYP/src/bird_data/clips/species/prunella_modularis/XC87913__s19000__e22000.wav,
prunella_modularis,87913,Prunella modularis,/Users/justyna-przy/Projects/ISE/FYP/src/bird_data/raw/prunella_modularis/XC87913.mp3,31.0,34.0,-30.7494096640634,-31.25870564452489,species,Prunella modularis,Dunnock,0.9958339929580688,0.9958339929580688,species,0,,,
prunella_modularis,87913,Prunella modularis,/Users/justyna-przy/Projects/ISE/FYP/src/bird_data/raw/prunella_modularis/XC87913.mp3,34.0,37.0,-25.367398720747314,-31.25870564452489,species,Prunella modularis,Dunnock,0.9979875087738037,0.9979875087738037,species,1,rand_species,/Users/justyna-przy/Projects/ISE/FYP/src/bird_data/clips/species/prunella_modularis/XC87913__s34000__e37000.wav,
prunella_modularis,87299,Prunella modularis,/Users/justyna-przy/Projects/ISE/FYP/src/bird_data/raw/prunella_modularis/XC87299.mp3,1.0,4.0,-30.805395000978283,-39.55712646713506,species,Prunella modularis,Dunnock,0.5857620239257812,0.5857620239257812,species,1,rand_species,/Users/justyna-przy/Projects/ISE/FYP/src/bird_data/clips/species/prunella_modularis/XC87299__s1000__e4000.wav,
prunella_modularis,87299,Prunella modularis,/Users/justyna-przy/Projects/ISE/FYP/src/bird_data/raw/prunella_modularis/XC87299.mp3,4.0,7.0,-30.444200170663596,-39.55712646713506,species,Prunella modularis,Dunnock,0.4476619362831116,0.4476619362831116,species,0,,,
prunella_modularis,87299,Prunella modularis,/Users/justyna-przy/Projects/ISE/FYP/src/bird_data/raw/prunella_modularis/XC87299.mp3,7.0,10.0,-31.437603786015785,-39.55712646713506,non_bird,,,0.0,0.0,non_bird,1,nonbird_lowconf,/Users/justyna-przy/Projects/ISE/FYP/src/bird_data/clips/non_bird/prunella_modularis/XC87299__s7000__e10000.wav,
prunella_modularis,87299,Prunella modularis,/Users/justyna-przy/Projects/ISE/FYP/src/bird_data/raw/prunella_modularis/XC87299.mp3,10.0,13.0,-34.727422502436006,-39.55712646713506,drop,Dicaeum hirundinaceum,Mistletoebird,0.14546018838882446,0.14546018838882446,drop,0,,,
prunella_modularis,87299,Prunella modularis,/Users/justyna-przy/Projects/ISE/FYP/src/bird_data/raw/prunella_modularis/XC87299.mp3,13.0,16.0,-32.9242016421882,-39.55712646713506,drop,Prunella modularis,Dunnock,0.24400077760219574,0.24400077760219574,drop,0,,,
prunella_modularis,87299,Prunella modularis,/Users/justyna-przy/Projects/ISE/FYP/src/bird_data/raw/prunella_modularis/XC87299.mp3,19.0,22.0,-38.662260248711874,-39.55712646713506,drop,Phoenicurus auroreus,Daurian Redstart,0.2090217024087906,0.2090217024087906,drop,0,,,
prunella_modularis,87299,Prunella modularis,/Users/justyna-przy/Projects/ISE/FYP/src/bird_data/raw/prunella_modularis/XC87299.mp3,28.0,31.0,-37.88024224638675,-39.55712646713506,species,Prunella modularis,Dunnock,0.5599631667137146,0.5599631667137146,species,1,rand_species,/Users/justyna-przy/Projects/ISE/FYP/src/bird_data/clips/species/prunella_modularis/XC87299__s28000__e31000.wav,
prunella_modularis,87299,Prunella modularis,/Users/justyna-przy/Projects/ISE/FYP/src/bird_data/raw/prunella_modularis/XC87299.mp3,34.0,37.0,-35.62329569157484,-39.55712646713506,non_bird,,,0.0,0.0,non_bird,1,nonbird_lowconf,/Users/justyna-przy/Projects/ISE/FYP/src/bird_data/clips/non_bird/prunella_modularis/XC87299__s34000__e37000.wav,
prunella_modularis,87299,Prunella modularis,/Users/justyna-przy/Projects/ISE/FYP/src/bird_data/raw/prunella_modularis/XC87299.mp3,40.0,43.0,-33.830554793382916,-39.55712646713506,species,Prunella modularis,Dunnock,0.8389779329299927,0.8389779329299927,species,0,,,
prunella_modularis,87299,Prunella modularis,/Users/justyna-przy/Projects/ISE/FYP/src/bird_data/raw/prunella_modularis/XC87299.mp3,43.0,46.0,-31.520479679894656,-39.55712646713506,species,Prunella modularis,Dunnock,0.9608371257781982,0.9608371257781982,species,0,,,
prunella_modularis,87299,Prunella modularis,/Users/justyna-przy/Projects/ISE/FYP/src/bird_data/raw/prunella_modularis/XC87299.mp3,46.0,49.0,-36.07302288750062,-39.55712646713506,drop,Acanthiza chrysorrhoa,Yellow-rumped Thornbill,0.15930402278900146,0.15930402278900146,drop,0,,,
prunella_modularis,87299,Prunella modularis,/Users/justyna-przy/Projects/ISE/FYP/src/bird_data/raw/prunella_modularis/XC87299.mp3,52.0,55.0,-31.017362679016493,-39.55712646713506,species,Prunella modularis,Dunnock,0.9090198874473572,0.9090198874473572,species,1,rand_species,/Users/justyna-przy/Projects/ISE/FYP/src/bird_data/clips/species/prunella_modularis/XC87299__s52000__e55000.wav,
prunella_modularis,87299,Prunella modularis,/Users/justyna-przy/Projects/ISE/FYP/src/bird_data/raw/prunella_modularis/XC87299.mp3,55.0,58.0,-30.170111765433873,-39.55712646713506,species,Prunella modularis,Dunnock,0.8947840929031372,0.8947840929031372,species,0,,,
prunella_modularis,83273,Prunella modularis,/Users/justyna-przy/Projects/ISE/FYP/src/bird_data/raw/prunella_modularis/XC83273.mp3,1.0,4.0,-20.347816523989067,-22.907554287809152,non_bird,,,0.0,0.0,non_bird,1,nonbird_lowconf,/Users/justyna-przy/Projects/ISE/FYP/src/bird_data/clips/non_bird/prunella_modularis/XC83273__s1000__e4000.wav,
prunella_modularis,83273,Prunella modularis,/Users/justyna-przy/Projects/ISE/FYP/src/bird_data/raw/prunella_modularis/XC83273.mp3,4.0,7.0,-17.16997724434544,-22.907554287809152,drop,Pnoepyga pusilla,Pygmy Cupwing,0.9450820684432983,0.9450820684432983,drop,0,,,
prunella_modularis,83273,Prunella modularis,/Users/justyna-przy/Projects/ISE/FYP/src/bird_data/raw/prunella_modularis/XC83273.mp3,7.0,10.0,-18.315819327736904,-22.907554287809152,non_bird,,,0.0,0.0,non_bird,1,nonbird_lowconf,/Users/justyna-przy/Projects/ISE/FYP/src/bird_data/clips/non_bird/prunella_modularis/XC83273__s7000__e10000.wav,
prunella_modularis,70133,Prunella modularis,/Users/justyna-przy/Projects/ISE/FYP/src/bird_data/raw/prunella_modularis/XC70133.mp3,1.0,4.0,-36.563725749039634,-39.92588383860094,species,Prunella modularis,Dunnock,0.7697518467903137,0.7697518467903137,species,1,rand_species,/Users/justyna-przy/Projects/ISE/FYP/src/bird_data/clips/species/prunella_modularis/XC70133__s1000__e4000.wav,
prunella_modularis,70133,Prunella modularis,/Users/justyna-przy/Projects/ISE/FYP/src/bird_data/raw/prunella_modularis/XC70133.mp3,7.0,10.0,-35.50773659410561,-39.92588383860094,species,Prunella modularis,Dunnock,0.9563681483268738,0.9563681483268738,species,1,rand_species,/Users/justyna-przy/Projects/ISE/FYP/src/bird_data/clips/species/prunella_modularis/XC70133__s7000__e10000.wav,
prunella_modularis,70132,Prunella modularis,/Users/justyna-przy/Projects/ISE/FYP/src/bird_data/raw/prunella_modularis/XC70132.mp3,1.0,4.0,-21.07669685606321,-40.0,species,Prunella modularis,Dunnock,0.9990435242652893,0.9990435242652893,species,0,,,
prunella_modularis,70132,Prunella modularis,/Users/justyna-przy/Projects/ISE/FYP/src/bird_data/raw/prunella_modularis/XC70132.mp3,13.0,16.0,-22.19541293579364,-40.0,species,Prunella modularis,Dunnock,0.9940816760063171,0.9940816760063171,species,1,rand_species,/Users/justyna-przy/Projects/ISE/FYP/src/bird_data/clips/species/prunella_modularis/XC70132__s13000__e16000.wav,
prunella_modularis,70132,Prunella modularis,/Users/justyna-przy/Projects/ISE/FYP/src/bird_data/raw/prunella_modularis/XC70132.mp3,19.0,22.0,-24.02711063448369,-40.0,species,Prunella modularis,Dunnock,0.975906252861023,0.975906252861023,species,0,,,
prunella_modularis,70132,Prunella modularis,/Users/justyna-przy/Projects/ISE/FYP/src/bird_data/raw/prunella_modularis/XC70132.mp3,22.0,25.0,-29.962433990678367,-40.0,species,Prunella modularis,Dunnock,0.6625264286994934,0.6625264286994934,species,1,rand_species,/Users/justyna-przy/Projects/ISE/FYP/src/bird_data/clips/species/prunella_modularis/XC70132__s22000__e25000.wav,
prunella_modularis,70132,Prunella modularis,/Users/justyna-przy/Projects/ISE/FYP/src/bird_data/raw/prunella_modularis/XC70132.mp3,34.0,37.0,-28.117307458370018,-40.0,species,Prunella modularis,Dunnock,0.964296281337738,0.964296281337738,species,0,,,
prunella_modularis,70132,Prunella modularis,/Users/justyna-przy/Projects/ISE/FYP/src/bird_data/raw/prunella_modularis/XC70132.mp3,37.0,40.0,-27.48918089940875,-40.0,species,Prunella modularis,Dunnock,0.9950763583183289,0.9950763583183289,species,1,rand_species,/Users/justyna-przy/Projects/ISE/FYP/src/bird_data/clips/species/prunella_modularis/XC70132__s37000__e40000.wav,
prunella_modularis,70132,Prunella modularis,/Users/justyna-przy/Projects/ISE/FYP/src/bird_data/raw/prunella_modularis/XC70132.mp3,40.0,43.0,-24.81504079835284,-40.0,species,Prunella modularis,Dunnock,0.9525099992752075,0.9525099992752075,species,0,,,
prunella_modularis,70132,Prunella modularis,/Users/justyna-przy/Projects/ISE/FYP/src/bird_data/raw/prunella_modularis/XC70132.mp3,43.0,46.0,-26.71912209986218,-40.0,species,Prunella modularis,Dunnock,0.9804996848106384,0.9804996848106384,species,0,,,
prunella_modularis,70132,Prunella modularis,/Users/justyna-przy/Projects/ISE/FYP/src/bird_data/raw/prunella_modularis/XC70132.mp3,49.0,52.0,-27.690633438688742,-40.0,species,Prunella modularis,Dunnock,0.9701512455940247,0.9701512455940247,species,0,,,
prunella_modularis,65713,Prunella modularis,/Users/justyna-przy/Projects/ISE/FYP/src/bird_data/raw/prunella_modularis/XC65713.mp3,1.0,4.0,-34.40825204074012,-40.0,species,Prunella modularis,Dunnock,0.8106449842453003,0.8106449842453003,species,0,,,
prunella_modularis,65713,Prunella modularis,/Users/justyna-przy/Projects/ISE/FYP/src/bird_data/raw/prunella_modularis/XC65713.mp3,4.0,7.0,-38.04947750451468,-40.0,drop,Emberiza citrinella,Yellowhammer,0.4254125654697418,0.4254125654697418,drop,0,,,
prunella_modularis,65713,Prunella modularis,/Users/justyna-przy/Projects/ISE/FYP/src/bird_data/raw/prunella_modularis/XC65713.mp3,7.0,10.0,-37.980520497165905,-40.0,species,Prunella modularis,Dunnock,0.8508902788162231,0.8508902788162231,species,1,rand_species,/Users/justyna-przy/Projects/ISE/FYP/src/bird_data/clips/species/prunella_modularis/XC65713__s7000__e10000.wav,
prunella_modularis,65713,Prunella modularis,/Users/justyna-przy/Projects/ISE/FYP/src/bird_data/raw/prunella_modularis/XC65713.mp3,10.0,13.0,-33.82521433354284,-40.0,species,Prunella modularis,Dunnock,0.9768367409706116,0.9768367409706116,species,1,rand_species,/Users/justyna-przy/Projects/ISE/FYP/src/bird_data/clips/species/prunella_modularis/XC65713__s10000__e13000.wav,
prunella_modularis,65713,Prunella modularis,/Users/justyna-przy/Projects/ISE/FYP/src/bird_data/raw/prunella_modularis/XC65713.mp3,13.0,16.0,-37.0650698837536,-40.0,species,Prunella modularis,Dunnock,0.8430796265602112,0.8430796265602112,species,0,,,
prunella_modularis,65713,Prunella modularis,/Users/justyna-przy/Projects/ISE/FYP/src/bird_data/raw/prunella_modularis/XC65713.mp3,19.0,22.0,-39.39632482587274,-40.0,species,Prunella modularis,Dunnock,0.3425813913345337,0.3425813913345337,species,1,rand_species,/Users/justyna-przy/Projects/ISE/FYP/src/bird_data/clips/species/prunella_modularis/XC65713__s19000__e22000.wav,
prunella_modularis,65713,Prunella modularis,/Users/justyna-przy/Projects/ISE/FYP/src/bird_data/raw/prunella_modularis/XC65713.mp3,28.0,31.0,-39.54400191282562,-40.0,drop,Pnoepyga pusilla,Pygmy Cupwing,0.5380684733390808,0.5380684733390808,drop,0,,,
prunella_modularis,65125,Prunella modularis,/Users/justyna-przy/Projects/ISE/FYP/src/bird_data/raw/prunella_modularis/XC65125.mp3,1.0,4.0,-28.862260981245456,-32.795344444027066,species,Prunella modularis,Dunnock,0.7957240343093872,0.7957240343093872,species,0,,,
prunella_modularis,65125,Prunella modularis,/Users/justyna-przy/Projects/ISE/FYP/src/bird_data/raw/prunella_modularis/XC65125.mp3,4.0,7.0,-30.82382711840245,-32.795344444027066,species,Prunella modularis,Dunnock,0.8786678910255432,0.8786678910255432,species,0,,,
prunella_modularis,65125,Prunella modularis,/Users/justyna-przy/Projects/ISE/FYP/src/bird_data/raw/prunella_modularis/XC65125.mp3,7.0,10.0,-30.04286385710412,-32.795344444027066,species,Prunella modularis,Dunnock,0.5831358432769775,0.5831358432769775,species,0,,,
prunella_modularis,65125,Prunella modularis,/Users/justyna-przy/Projects/ISE/FYP/src/bird_data/raw/prunella_modularis/XC65125.mp3,10.0,13.0,-29.726393177358336,-32.795344444027066,species,Prunella modularis,Dunnock,0.557913601398468,0.557913601398468,species,1,rand_species,/Users/justyna-przy/Projects/ISE/FYP/src/bird_data/clips/species/prunella_modularis/XC65125__s10000__e13000.wav,
prunella_modularis,65125,Prunella modularis,/Users/justyna-przy/Projects/ISE/FYP/src/bird_data/raw/prunella_modularis/XC65125.mp3,13.0,16.0,-31.697311991195246,-32.795344444027066,drop,Motacilla clara,Mountain Wagtail,0.37153705954551697,0.37153705954551697,drop,0,,,
prunella_modularis,65125,Prunella modularis,/Users/justyna-przy/Projects/ISE/FYP/src/bird_data/raw/prunella_modularis/XC65125.mp3,16.0,19.0,-32.47227569747433,-32.795344444027066,drop,Prunella modularis,Dunnock,0.24426054954528809,0.24426054954528809,drop,0,,,
prunella_modularis,65125,Prunella modularis,/Users/justyna-przy/Projects/ISE/FYP/src/bird_data/raw/prunella_modularis/XC65125.mp3,19.0,22.0,-31.68656439875814,-32.795344444027066,drop,Alcedo atthis,Common Kingfisher,0.19981233775615692,0.19981233775615692,drop,0,,,
prunella_modularis,65125,Prunella modularis,/Users/justyna-przy/Projects/ISE/FYP/src/bird_data/raw/prunella_modularis/XC65125.mp3,25.0,28.0,-28.47663401477603,-32.795344444027066,species,Prunella modularis,Dunnock,0.9433406591415405,0.9433406591415405,species,1,rand_species,/Users/justyna-przy/Projects/ISE/FYP/src/bird_data/clips/species/prunella_modularis/XC65125__s25000__e28000.wav,
prunella_modularis,65125,Prunella modularis,/Users/justyna-przy/Projects/ISE/FYP/src/bird_data/raw/prunella_modularis/XC65125.mp3,31.0,34.0,-28.83784623687804,-32.795344444027066,species,Prunella modularis,Dunnock,0.9351593255996704,0.9351593255996704,species,1,rand_species,/Users/justyna-przy/Projects/ISE/FYP/src/bird_data/clips/species/prunella_modularis/XC65125__s31000__e34000.wav,
prunella_modularis,41303,Prunella modularis,/Users/justyna-przy/Projects/ISE/FYP/src/bird_data/raw/prunella_modularis/XC41303.mp3,1.0,4.0,-26.63024826059194,-26.63024826059194,species,Prunella modularis,Dunnock,0.9955743551254272,0.9955743551254272,species,1,rand_species,/Users/justyna-przy/Projects/ISE/FYP/src/bird_data/clips/species/prunella_modularis/XC41303__s1000__e4000.wav,
prunella_modularis,29270,Prunella modularis,/Users/justyna-przy/Projects/ISE/FYP/src/bird_data/raw/prunella_modularis/XC29270.mp3,4.0,7.0,-31.875866620410616,-34.33168573377779,drop,Auriparus flaviceps,Verdin,0.2951034903526306,0.2951034903526306,drop,0,,,
prunella_modularis,29270,Prunella modularis,/Users/justyna-przy/Projects/ISE/FYP/src/bird_data/raw/prunella_modularis/XC29270.mp3,7.0,10.0,-34.27389806460709,-34.33168573377779,species,Prunella modularis,Dunnock,0.6555206179618835,0.6555206179618835,species,1,rand_species,/Users/justyna-przy/Projects/ISE/FYP/src/bird_data/clips/species/prunella_modularis/XC29270__s7000__e10000.wav,
prunella_modularis,25934,Prunella modularis,/Users/justyna-przy/Projects/ISE/FYP/src/bird_data/raw/prunella_modularis/XC25934.mp3,4.0,7.0,-27.627874821116627,-28.284309899338915,species,Prunella modularis,Dunnock,0.9730701446533203,0.9730701446533203,species,1,rand_species,/Users/justyna-przy/Projects/ISE/FYP/src/bird_data/clips/species/prunella_modularis/XC25934__s4000__e7000.wav,
prunella_modularis,25934,Prunella modularis,/Users/justyna-przy/Projects/ISE/FYP/src/bird_data/raw/prunella_modularis/XC25934.mp3,7.0,10.0,-25.993147765693323,-28.284309899338915,drop,Prunella modularis,Dunnock,0.19595204293727875,0.19595204293727875,drop,0,,,
prunella_modularis,1088281,Prunella modularis,/Users/justyna-przy/Projects/ISE/FYP/src/bird_data/raw/prunella_modularis/XC1088281.mp3,4.0,7.0,-24.32220872512541,-32.243518307141734,species,Prunella modularis,Dunnock,0.9887290000915527,0.9887290000915527,species,1,rand_species,/Users/justyna-przy/Projects/ISE/FYP/src/bird_data/clips/species/prunella_modularis/XC1088281__s4000__e7000.wav,
prunella_modularis,1088281,Prunella modularis,/Users/justyna-przy/Projects/ISE/FYP/src/bird_data/raw/prunella_modularis/XC1088281.mp3,7.0,10.0,-30.11502308765497,-32.243518307141734,species,Prunella modularis,Dunnock,0.7032584547996521,0.7032584547996521,species,1,rand_species,/Users/justyna-przy/Projects/ISE/FYP/src/bird_data/clips/species/prunella_modularis/XC1088281__s7000__e10000.wav,
prunella_modularis,1085597,Prunella modularis,/Users/justyna-przy/Projects/ISE/FYP/src/bird_data/raw/prunella_modularis/XC1085597.mp3,1.0,4.0,-22.138041946934578,-32.84747713746366,species,Prunella modularis,Dunnock,0.9947133660316467,0.9947133660316467,species,1,rand_species,/Users/justyna-przy/Projects/ISE/FYP/src/bird_data/clips/species/prunella_modularis/XC1085597__s1000__e4000.wav,
prunella_modularis,1085597,Prunella modularis,/Users/justyna-przy/Projects/ISE/FYP/src/bird_data/raw/prunella_modularis/XC1085597.mp3,7.0,10.0,-19.5860028423759,-32.84747713746366,species,Prunella modularis,Dunnock,0.9969608187675476,0.9969608187675476,species,1,rand_species,/Users/justyna-przy/Projects/ISE/FYP/src/bird_data/clips/species/prunella_modularis/XC1085597__s7000__e10000.wav,
prunella_modularis,1085597,Prunella modularis,/Users/justyna-przy/Projects/ISE/FYP/src/bird_data/raw/prunella_modularis/XC1085597.mp3,13.0,16.0,-25.806541269398345,-32.84747713746366,species,Prunella modularis,Dunnock,0.9530603885650635,0.9530603885650635,species,1,rand_species,/Users/justyna-przy/Projects/ISE/FYP/src/bird_data/clips/species/prunella_modularis/XC1085597__s13000__e16000.wav,
prunella_modularis,1084500,Prunella modularis,/Users/justyna-przy/Projects/ISE/FYP/src/bird_data/raw/prunella_modularis/XC1084500.mp3,1.0,4.0,-27.45182536722573,-28.239038484866306,species,Prunella modularis,Dunnock,0.9510442614555359,0.9510442614555359,species,1,rand_species,/Users/justyna-przy/Projects/ISE/FYP/src/bird_data/clips/species/prunella_modularis/XC1084500__s1000__e4000.wav,
prunella_modularis,1084500,Prunella modularis,/Users/justyna-przy/Projects/ISE/FYP/src/bird_data/raw/prunella_modularis/XC1084500.mp3,7.0,10.0,-28.13088001518761,-28.239038484866306,drop,Parus major,Great Tit,0.1866501122713089,0.1866501122713089,drop,0,,,
prunella_modularis,1082577,Prunella modularis,/Users/justyna-przy/Projects/ISE/FYP/src/bird_data/raw/prunella_modularis/XC1082577.mp3,7.0,10.0,-39.211312688866315,-40.0,species,Prunella modularis,Dunnock,0.6481732726097107,0.6481732726097107,species,1,rand_species,/Users/justyna-przy/Projects/ISE/FYP/src/bird_data/clips/species/prunella_modularis/XC1082577__s7000__e10000.wav,
prunella_modularis,1082577,Prunella modularis,/Users/justyna-przy/Projects/ISE/FYP/src/bird_data/raw/prunella_modularis/XC1082577.mp3,10.0,13.0,-39.24142779903989,-40.0,drop,Prunella modularis,Dunnock,0.253462016582489,0.253462016582489,drop,0,,,
prunella_modularis,1082577,Prunella modularis,/Users/justyna-przy/Projects/ISE/FYP/src/bird_data/raw/prunella_modularis/XC1082577.mp3,13.0,16.0,-37.85060931704915,-40.0,species,Prunella modularis,Dunnock,0.6271005272865295,0.6271005272865295,species,1,rand_species,/Users/justyna-przy/Projects/ISE/FYP/src/bird_data/clips/species/prunella_modularis/XC1082577__s13000__e16000.wav,
prunella_modularis,1082577,Prunella modularis,/Users/justyna-przy/Projects/ISE/FYP/src/bird_data/raw/prunella_modularis/XC1082577.mp3,16.0,19.0,-34.39066631391559,-40.0,drop,Prunella modularis,Dunnock,0.21347355842590332,0.21347355842590332,drop,0,,,
prunella_modularis,1082577,Prunella modularis,/Users/justyna-przy/Projects/ISE/FYP/src/bird_data/raw/prunella_modularis/XC1082577.mp3,19.0,22.0,-35.450446584068246,-40.0,species,Prunella modularis,Dunnock,0.9931348562240601,0.9931348562240601,species,1,rand_species,/Users/justyna-przy/Projects/ISE/FYP/src/bird_data/clips/species/prunella_modularis/XC1082577__s19000__e22000.wav,
prunella_modularis,1082577,Prunella modularis,/Users/justyna-przy/Projects/ISE/FYP/src/bird_data/raw/prunella_modularis/XC1082577.mp3,28.0,31.0,-35.118000528254775,-40.0,drop,Prunella modularis,Dunnock,0.23897261917591095,0.23897261917591095,drop,0,,,
prunella_modularis,1082577,Prunella modularis,/Users/justyna-przy/Projects/ISE/FYP/src/bird_data/raw/prunella_modularis/XC1082577.mp3,31.0,34.0,-38.84935910492129,-40.0,species,Prunella modularis,Dunnock,0.5758074522018433,0.5758074522018433,species,0,,,
prunella_modularis,1082577,Prunella modularis,/Users/justyna-przy/Projects/ISE/FYP/src/bird_data/raw/prunella_modularis/XC1082577.mp3,40.0,43.0,-38.2109463454928,-40.0,species,Prunella modularis,Dunnock,0.744982898235321,0.744982898235321,species,0,,,
prunella_modularis,1079756,Prunella modularis,/Users/justyna-przy/Projects/ISE/FYP/src/bird_data/raw/prunella_modularis/XC1079756.mp3,1.0,4.0,-39.1438120953069,-40.0,non_bird,,,0.0,0.0,non_bird,1,nonbird_lowconf,/Users/justyna-przy/Projects/ISE/FYP/src/bird_data/clips/non_bird/prunella_modularis/XC1079756__s1000__e4000.wav,
prunella_modularis,1079756,Prunella modularis,/Users/justyna-przy/Projects/ISE/FYP/src/bird_data/raw/prunella_modularis/XC1079756.mp3,10.0,13.0,-36.981707323641984,-40.0,drop,Curruca iberiae,Western Subalpine Warbler,0.17444057762622833,0.17444057762622833,drop,0,,,
prunella_modularis,1079756,Prunella modularis,/Users/justyna-przy/Projects/ISE/FYP/src/bird_data/raw/prunella_modularis/XC1079756.mp3,16.0,19.0,-35.60655289234238,-40.0,non_bird,,,0.0,0.0,non_bird,1,nonbird_lowconf,/Users/justyna-przy/Projects/ISE/FYP/src/bird_data/clips/non_bird/prunella_modularis/XC1079756__s16000__e19000.wav,
prunella_modularis,1079756,Prunella modularis,/Users/justyna-przy/Projects/ISE/FYP/src/bird_data/raw/prunella_modularis/XC1079756.mp3,22.0,25.0,-35.770081127271325,-40.0,non_bird,,,0.0,0.0,non_bird,0,,,
prunella_modularis,1078725,Prunella modularis,/Users/justyna-przy/Projects/ISE/FYP/src/bird_data/raw/prunella_modularis/XC1078725.mp3,4.0,7.0,-24.105395047526493,-27.330197671367717,species,Prunella modularis,Dunnock,0.9248479604721069,0.9248479604721069,species,1,rand_species,/Users/justyna-przy/Projects/ISE/FYP/src/bird_data/clips/species/prunella_modularis/XC1078725__s4000__e7000.wav,
prunella_modularis,1078725,Prunella modularis,/Users/justyna-przy/Projects/ISE/FYP/src/bird_data/raw/prunella_modularis/XC1078725.mp3,7.0,10.0,-22.787219688881834,-27.330197671367717,species,Prunella modularis,Dunnock,0.9616245627403259,0.9616245627403259,species,0,,,
prunella_modularis,1078725,Prunella modularis,/Users/justyna-przy/Projects/ISE/FYP/src/bird_data/raw/prunella_modularis/XC1078725.mp3,13.0,16.0,-25.631656846057172,-27.330197671367717,species,Prunella modularis,Dunnock,0.9579991102218628,0.9579991102218628,species,1,rand_species,/Users/justyna-przy/Projects/ISE/FYP/src/bird_data/clips/species/prunella_modularis/XC1078725__s13000__e16000.wav,
prunella_modularis,1078725,Prunella modularis,/Users/justyna-przy/Projects/ISE/FYP/src/bird_data/raw/prunella_modularis/XC1078725.mp3,19.0,22.0,-23.735678961624092,-27.330197671367717,species,Prunella modularis,Dunnock,0.8985949158668518,0.8985949158668518,species,1,rand_species,/Users/justyna-przy/Projects/ISE/FYP/src/bird_data/clips/species/prunella_modularis/XC1078725__s19000__e22000.wav,
prunella_modularis,1078725,Prunella modularis,/Users/justyna-przy/Projects/ISE/FYP/src/bird_data/raw/prunella_modularis/XC1078725.mp3,22.0,25.0,-23.47937016707398,-27.330197671367717,species,Prunella modularis,Dunnock,0.9699656367301941,0.9699656367301941,species,0,,,
prunella_modularis,1076167,Prunella modularis,/Users/justyna-przy/Projects/ISE/FYP/src/bird_data/raw/prunella_modularis/XC1076167.mp3,19.0,22.0,-61.8007459529123,-40.0,species,Prunella modularis,Dunnock,0.9333144426345825,0.9333144426345825,species,1,rand_species,/Users/justyna-przy/Projects/ISE/FYP/src/bird_data/clips/species/prunella_modularis/XC1076167__s19000__e22000.wav,
prunella_modularis,1075166,Prunella modularis,/Users/justyna-przy/Projects/ISE/FYP/src/bird_data/raw/prunella_modularis/XC1075166.mp3,1.0,4.0,-26.762041453554563,-40.0,species,Prunella modularis,Dunnock,0.9648651480674744,0.9648651480674744,species,1,rand_species,/Users/justyna-przy/Projects/ISE/FYP/src/bird_data/clips/species/prunella_modularis/XC1075166__s1000__e4000.wav,
prunella_modularis,1075166,Prunella modularis,/Users/justyna-przy/Projects/ISE/FYP/src/bird_data/raw/prunella_modularis/XC1075166.mp3,13.0,16.0,-29.58977136973803,-40.0,species,Prunella modularis,Dunnock,0.9864895343780518,0.9864895343780518,species,1,rand_species,/Users/justyna-przy/Projects/ISE/FYP/src/bird_data/clips/species/prunella_modularis/XC1075166__s13000__e16000.wav,
prunella_modularis,1075166,Prunella modularis,/Users/justyna-przy/Projects/ISE/FYP/src/bird_data/raw/prunella_modularis/XC1075166.mp3,16.0,19.0,-39.00745748511442,-40.0,drop,Remiz pendulinus,Eurasian Penduline-Tit,0.38360604643821716,0.38360604643821716,drop,0,,,
prunella_modularis,1074557,Prunella modularis,/Users/justyna-przy/Projects/ISE/FYP/src/bird_data/raw/prunella_modularis/XC1074557.mp3,25.0,28.0,-38.194906459949586,-40.0,species,Prunella modularis,Dunnock,0.970422089099884,0.970422089099884,species,1,rand_species,/Users/justyna-przy/Projects/ISE/FYP/src/bird_data/clips/species/prunella_modularis/XC1074557__s25000__e28000.wav,
prunella_modularis,1074557,Prunella modularis,/Users/justyna-przy/Projects/ISE/FYP/src/bird_data/raw/prunella_modularis/XC1074557.mp3,28.0,31.0,-32.11161392469934,-40.0,species,Prunella modularis,Dunnock,0.993198037147522,0.993198037147522,species,1,rand_species,/Users/justyna-przy/Projects/ISE/FYP/src/bird_data/clips/species/prunella_modularis/XC1074557__s28000__e31000.wav,
prunella_modularis,1073289,Prunella modularis,/Users/justyna-przy/Projects/ISE/FYP/src/bird_data/raw/prunella_modularis/XC1073289.mp3,4.0,7.0,-36.43522593833134,-37.218372877157364,species,Prunella modularis,Dunnock,0.9567893743515015,0.9567893743515015,species,1,rand_species,/Users/justyna-przy/Projects/ISE/FYP/src/bird_data/clips/species/prunella_modularis/XC1073289__s4000__e7000.wav,
prunella_modularis,1073289,Prunella modularis,/Users/justyna-przy/Projects/ISE/FYP/src/bird_data/raw/prunella_modularis/XC1073289.mp3,7.0,10.0,-24.56315649216438,-37.218372877157364,non_bird,,,0.0,0.0,non_bird,1,nonbird_lowconf,/Users/justyna-przy/Projects/ISE/FYP/src/bird_data/clips/non_bird/prunella_modularis/XC1073289__s7000__e10000.wav,
prunella_modularis,1071799,Prunella modularis,/Users/justyna-przy/Projects/ISE/FYP/src/bird_data/raw/prunella_modularis/XC1071799.mp3,1.0,4.0,-29.055357981894872,-35.601408196596964,non_bird,,,0.0,0.0,non_bird,1,nonbird_lowconf,/Users/justyna-przy/Projects/ISE/FYP/src/bird_data/clips/non_bird/prunella_modularis/XC1071799__s1000__e4000.wav,
prunella_modularis,1071799,Prunella modularis,/Users/justyna-przy/Projects/ISE/FYP/src/bird_data/raw/prunella_modularis/XC1071799.mp3,4.0,7.0,-30.138693943963347,-35.601408196596964,species,Prunella modularis,Dunnock,0.4177696704864502,0.4177696704864502,species,1,rand_species,/Users/justyna-przy/Projects/ISE/FYP/src/bird_data/clips/species/prunella_modularis/XC1071799__s4000__e7000.wav,
prunella_modularis,1071799,Prunella modularis,/Users/justyna-przy/Projects/ISE/FYP/src/bird_data/raw/prunella_modularis/XC1071799.mp3,7.0,10.0,-28.325782571773175,-35.601408196596964,species,Prunella modularis,Dunnock,0.8229082226753235,0.8229082226753235,species,0,,,
prunella_modularis,1071799,Prunella modularis,/Users/justyna-przy/Projects/ISE/FYP/src/bird_data/raw/prunella_modularis/XC1071799.mp3,10.0,13.0,-32.77976123752984,-35.601408196596964,drop,Anthus hodgsoni,Olive-backed Pipit,0.3461604118347168,0.3461604118347168,drop,0,,,
prunella_modularis,1071799,Prunella modularis,/Users/justyna-przy/Projects/ISE/FYP/src/bird_data/raw/prunella_modularis/XC1071799.mp3,16.0,19.0,-28.406000003289613,-35.601408196596964,species,Prunella modularis,Dunnock,0.877078652381897,0.877078652381897,species,1,rand_species,/Users/justyna-przy/Projects/ISE/FYP/src/bird_data/clips/species/prunella_modularis/XC1071799__s16000__e19000.wav,
prunella_modularis,1071799,Prunella modularis,/Users/justyna-przy/Projects/ISE/FYP/src/bird_data/raw/prunella_modularis/XC1071799.mp3,22.0,25.0,-27.850724520485773,-35.601408196596964,species,Prunella modularis,Dunnock,0.8315898776054382,0.8315898776054382,species,1,rand_species,/Users/justyna-przy/Projects/ISE/FYP/src/bird_data/clips/species/prunella_modularis/XC1071799__s22000__e25000.wav,
prunella_modularis,1071799,Prunella modularis,/Users/justyna-przy/Projects/ISE/FYP/src/bird_data/raw/prunella_modularis/XC1071799.mp3,28.0,31.0,-34.91558104913222,-35.601408196596964,drop,Prunella modularis,Dunnock,0.18474826216697693,0.18474826216697693,drop,0,,,
prunella_modularis,1071798,Prunella modularis,/Users/justyna-przy/Projects/ISE/FYP/src/bird_data/raw/prunella_modularis/XC1071798.mp3,1.0,4.0,-32.41712889207915,-33.4509859089868,species,Prunella modularis,Dunnock,0.9794354438781738,0.9794354438781738,species,1,rand_species,/Users/justyna-przy/Projects/ISE/FYP/src/bird_data/clips/species/prunella_modularis/XC1071798__s1000__e4000.wav,
prunella_modularis,1071798,Prunella modularis,/Users/justyna-przy/Projects/ISE/FYP/src/bird_data/raw/prunella_modularis/XC1071798.mp3,10.0,13.0,-24.992348156996428,-33.4509859089868,species,Prunella modularis,Dunnock,0.9870360493659973,0.9870360493659973,species,0,,,
prunella_modularis,1071798,Prunella modularis,/Users/justyna-przy/Projects/ISE/FYP/src/bird_data/raw/prunella_modularis/XC1071798.mp3,16.0,19.0,-25.92175253330264,-33.4509859089868,species,Prunella modularis,Dunnock,0.9980891346931458,0.9980891346931458,species,0,,,
prunella_modularis,1071798,Prunella modularis,/Users/justyna-przy/Projects/ISE/FYP/src/bird_data/raw/prunella_modularis/XC1071798.mp3,19.0,22.0,-26.42954642092605,-33.4509859089868,species,Prunella modularis,Dunnock,0.9915560483932495,0.9915560483932495,species,1,rand_species,/Users/justyna-przy/Projects/ISE/FYP/src/bird_data/clips/species/prunella_modularis/XC1071798__s19000__e22000.wav,
prunella_modularis,1071798,Prunella modularis,/Users/justyna-przy/Projects/ISE/FYP/src/bird_data/raw/prunella_modularis/XC1071798.mp3,22.0,25.0,-31.48066576081241,-33.4509859089868,species,Prunella modularis,Dunnock,0.9877588152885437,0.9877588152885437,species,1,rand_species,/Users/justyna-przy/Projects/ISE/FYP/src/bird_data/clips/species/prunella_modularis/XC1071798__s22000__e25000.wav,
prunella_modularis,1071798,Prunella modularis,/Users/justyna-przy/Projects/ISE/FYP/src/bird_data/raw/prunella_modularis/XC1071798.mp3,25.0,28.0,-33.45091724737439,-33.4509859089868,drop,Troglodytes troglodytes,Eurasian Wren,0.9098248481750488,0.9098248481750488,drop,0,,,
prunella_modularis,1071798,Prunella modularis,/Users/justyna-przy/Projects/ISE/FYP/src/bird_data/raw/prunella_modularis/XC1071798.mp3,28.0,31.0,-30.21334528155144,-33.4509859089868,species,Prunella modularis,Dunnock,0.9941182136535645,0.9941182136535645,species,0,,,
prunella_modularis,1071798,Prunella modularis,/Users/justyna-przy/Projects/ISE/FYP/src/bird_data/raw/prunella_modularis/XC1071798.mp3,34.0,37.0,-33.33845565885444,-33.4509859089868,species,Prunella modularis,Dunnock,0.5851492285728455,0.5851492285728455,species,0,,,
prunella_modularis,1071798,Prunella modularis,/Users/justyna-przy/Projects/ISE/FYP/src/bird_data/raw/prunella_modularis/XC1071798.mp3,37.0,40.0,-33.35721489486758,-33.4509859089868,species,Prunella modularis,Dunnock,0.9796642065048218,0.9796642065048218,species,0,,,
prunella_modularis,1071798,Prunella modularis,/Users/justyna-przy/Projects/ISE/FYP/src/bird_data/raw/prunella_modularis/XC1071798.mp3,40.0,43.0,-31.320661853918228,-33.4509859089868,species,Prunella modularis,Dunnock,0.9814255237579346,0.9814255237579346,species,0,,,
prunella_modularis,1071789,Prunella modularis,/Users/justyna-przy/Projects/ISE/FYP/src/bird_data/raw/prunella_modularis/XC1071789.mp3,4.0,7.0,-33.114674016241764,-33.28053595111535,species,Prunella modularis,Dunnock,0.9259862899780273,0.9259862899780273,species,1,rand_species,/Users/justyna-przy/Projects/ISE/FYP/src/bird_data/clips/species/prunella_modularis/XC1071789__s4000__e7000.wav,
prunella_modularis,1071789,Prunella modularis,/Users/justyna-przy/Projects/ISE/FYP/src/bird_data/raw/prunella_modularis/XC1071789.mp3,7.0,10.0,-33.20781846606384,-33.28053595111535,species,Prunella modularis,Dunnock,0.7900162935256958,0.7900162935256958,species,1,rand_species,/Users/justyna-przy/Projects/ISE/FYP/src/bird_data/clips/species/prunella_modularis/XC1071789__s7000__e10000.wav,
prunella_modularis,1071789,Prunella modularis,/Users/justyna-przy/Projects/ISE/FYP/src/bird_data/raw/prunella_modularis/XC1071789.mp3,10.0,13.0,-32.067795458514794,-33.28053595111535,species,Prunella modularis,Dunnock,0.6393927931785583,0.6393927931785583,species,1,rand_species,/Users/justyna-przy/Projects/ISE/FYP/src/bird_data/clips/species/prunella_modularis/XC1071789__s10000__e13000.wav,
prunella_modularis,1068681,Prunella modularis,/Users/justyna-przy/Projects/ISE/FYP/src/bird_data/raw/prunella_modularis/XC1068681.mp3,7.0,10.0,-51.219650492776665,-40.0,species,Prunella modularis,Dunnock,0.3319615125656128,0.3319615125656128,species,1,rand_species,/Users/justyna-przy/Projects/ISE/FYP/src/bird_data/clips/species/prunella_modularis/XC1068681__s7000__e10000.wav,
prunella_modularis,1068639,Prunella modularis,/Users/justyna-przy/Projects/ISE/FYP/src/bird_data/raw/prunella_modularis/XC1068639.mp3,13.0,16.0,-42.38949401178435,-40.0,species,Prunella modularis,Dunnock,0.9935374855995178,0.9935374855995178,species,1,rand_species,/Users/justyna-przy/Projects/ISE/FYP/src/bird_data/clips/species/prunella_modularis/XC1068639__s13000__e16000.wav,
prunella_modularis,1068475,Prunella modularis,/Users/justyna-przy/Projects/ISE/FYP/src/bird_data/raw/prunella_modularis/XC1068475.mp3,1.0,4.0,-29.373165317155298,-38.660180763974466,species,Prunella modularis,Dunnock,0.9889094233512878,0.9889094233512878,species,0,,,
prunella_modularis,1068475,Prunella modularis,/Users/justyna-przy/Projects/ISE/FYP/src/bird_data/raw/prunella_modularis/XC1068475.mp3,4.0,7.0,-24.927120126149262,-38.660180763974466,species,Prunella modularis,Dunnock,0.995399534702301,0.995399534702301,species,1,rand_species,/Users/justyna-przy/Projects/ISE/FYP/src/bird_data/clips/species/prunella_modularis/XC1068475__s4000__e7000.wav,
prunella_modularis,1068475,Prunella modularis,/Users/justyna-przy/Projects/ISE/FYP/src/bird_data/raw/prunella_modularis/XC1068475.mp3,7.0,10.0,-32.09884963979914,-38.660180763974466,species,Prunella modularis,Dunnock,0.9936972260475159,0.9936972260475159,species,1,rand_species,/Users/justyna-przy/Projects/ISE/FYP/src/bird_data/clips/species/prunella_modularis/XC1068475__s7000__e10000.wav,
prunella_modularis,1068475,Prunella modularis,/Users/justyna-przy/Projects/ISE/FYP/src/bird_data/raw/prunella_modularis/XC1068475.mp3,10.0,13.0,-29.527332302472665,-38.660180763974466,species,Prunella modularis,Dunnock,0.9910626411437988,0.9910626411437988,species,0,,,
prunella_modularis,1068475,Prunella modularis,/Users/justyna-przy/Projects/ISE/FYP/src/bird_data/raw/prunella_modularis/XC1068475.mp3,13.0,16.0,-36.34448398058693,-38.660180763974466,species,Prunella modularis,Dunnock,0.9891570806503296,0.9891570806503296,species,1,rand_species,/Users/justyna-przy/Projects/ISE/FYP/src/bird_data/clips/species/prunella_modularis/XC1068475__s13000__e16000.wav,
prunella_modularis,1068221,Prunella modularis,/Users/justyna-przy/Projects/ISE/FYP/src/bird_data/raw/prunella_modularis/XC1068221.mp3,1.0,4.0,-20.8730345854556,-35.513488190957894,species,Prunella modularis,Dunnock,0.7357578873634338,0.7357578873634338,species,1,rand_species,/Users/justyna-przy/Projects/ISE/FYP/src/bird_data/clips/species/prunella_modularis/XC1068221__s1000__e4000.wav,
prunella_modularis,1068221,Prunella modularis,/Users/justyna-przy/Projects/ISE/FYP/src/bird_data/raw/prunella_modularis/XC1068221.mp3,7.0,10.0,-25.08220242695492,-35.513488190957894,drop,Coccothraustes coccothraustes,Hawfinch,0.7492136359214783,0.7492136359214783,drop,0,,,
prunella_modularis,1068221,Prunella modularis,/Users/justyna-przy/Projects/ISE/FYP/src/bird_data/raw/prunella_modularis/XC1068221.mp3,10.0,13.0,-23.005040525626175,-35.513488190957894,drop,Prunella modularis,Dunnock,0.11799079924821854,0.11799079924821854,drop,0,,,
prunella_modularis,1067398,Prunella modularis,/Users/justyna-przy/Projects/ISE/FYP/src/bird_data/raw/prunella_modularis/XC1067398.mp3,1.0,4.0,-32.53340207508434,-40.0,species,Prunella modularis,Dunnock,0.8877076506614685,0.8877076506614685,species,1,rand_species,/Users/justyna-przy/Projects/ISE/FYP/src/bird_data/clips/species/prunella_modularis/XC1067398__s1000__e4000.wav,
prunella_modularis,1067398,Prunella modularis,/Users/justyna-przy/Projects/ISE/FYP/src/bird_data/raw/prunella_modularis/XC1067398.mp3,4.0,7.0,-38.98931272059731,-40.0,species,Prunella modularis,Dunnock,0.7612659931182861,0.7612659931182861,species,0,,,
prunella_modularis,1067398,Prunella modularis,/Users/justyna-przy/Projects/ISE/FYP/src/bird_data/raw/prunella_modularis/XC1067398.mp3,7.0,10.0,-37.206139041781846,-40.0,species,Prunella modularis,Dunnock,0.46140190958976746,0.46140190958976746,species,1,rand_species,/Users/justyna-przy/Projects/ISE/FYP/src/bird_data/clips/species/prunella_modularis/XC1067398__s7000__e10000.wav,
prunella_modularis,1067398,Prunella modularis,/Users/justyna-przy/Projects/ISE/FYP/src/bird_data/raw/prunella_modularis/XC1067398.mp3,10.0,13.0,-35.90143720892698,-40.0,non_bird,,,0.0,0.0,non_bird,1,nonbird_lowconf,/Users/justyna-przy/Projects/ISE/FYP/src/bird_data/clips/non_bird/prunella_modularis/XC1067398__s10000__e13000.wav,
prunella_modularis,1067398,Prunella modularis,/Users/justyna-przy/Projects/ISE/FYP/src/bird_data/raw/prunella_modularis/XC1067398.mp3,13.0,16.0,-33.84832483158438,-40.0,species,Prunella modularis,Dunnock,0.43207231163978577,0.43207231163978577,species,1,rand_species,/Users/justyna-przy/Projects/ISE/FYP/src/bird_data/clips/species/prunella_modularis/XC1067398__s13000__e16000.wav,
prunella_modularis,1067398,Prunella modularis,/Users/justyna-przy/Projects/ISE/FYP/src/bird_data/raw/prunella_modularis/XC1067398.mp3,16.0,19.0,-39.98393816291599,-40.0,drop,Troglodytes troglodytes,Eurasian Wren,0.912746012210846,0.912746012210846,drop,0,,,
prunella_modularis,1067398,Prunella modularis,/Users/justyna-przy/Projects/ISE/FYP/src/bird_data/raw/prunella_modularis/XC1067398.mp3,19.0,22.0,-36.048738710974455,-40.0,species,Prunella modularis,Dunnock,0.6467941403388977,0.6467941403388977,species,0,,,
prunella_modularis,1067398,Prunella modularis,/Users/justyna-przy/Projects/ISE/FYP/src/bird_data/raw/prunella_modularis/XC1067398.mp3,28.0,31.0,-35.71273388646034,-40.0,species,Prunella modularis,Dunnock,0.7056273818016052,0.7056273818016052,species,0,,,
prunella_modularis,1067397,Prunella modularis,/Users/justyna-przy/Projects/ISE/FYP/src/bird_data/raw/prunella_modularis/XC1067397.mp3,1.0,4.0,-30.901470285673383,-36.687334340707174,species,Prunella modularis,Dunnock,0.9483524560928345,0.9483524560928345,species,1,rand_species,/Users/justyna-przy/Projects/ISE/FYP/src/bird_data/clips/species/prunella_modularis/XC1067397__s1000__e4000.wav,
prunella_modularis,1067397,Prunella modularis,/Users/justyna-przy/Projects/ISE/FYP/src/bird_data/raw/prunella_modularis/XC1067397.mp3,4.0,7.0,-32.4853722916778,-36.687334340707174,species,Prunella modularis,Dunnock,0.6370687484741211,0.6370687484741211,species,1,rand_species,/Users/justyna-przy/Projects/ISE/FYP/src/bird_data/clips/species/prunella_modularis/XC1067397__s4000__e7000.wav,
prunella_modularis,1067397,Prunella modularis,/Users/justyna-przy/Projects/ISE/FYP/src/bird_data/raw/prunella_modularis/XC1067397.mp3,13.0,16.0,-36.23429176130293,-36.687334340707174,species,Prunella modularis,Dunnock,0.8513458967208862,0.8513458967208862,species,0,,,
prunella_modularis,1067397,Prunella modularis,/Users/justyna-przy/Projects/ISE/FYP/src/bird_data/raw/prunella_modularis/XC1067397.mp3,16.0,19.0,-32.833222237606606,-36.687334340707174,species,Prunella modularis,Dunnock,0.9590988159179688,0.9590988159179688,species,1,rand_species,/Users/justyna-przy/Projects/ISE/FYP/src/bird_data/clips/species/prunella_modularis/XC1067397__s16000__e19000.wav,
prunella_modularis,1051829,Prunella modularis,/Users/justyna-przy/Projects/ISE/FYP/src/bird_data/raw/prunella_modularis/XC1051829.mp3,1.0,4.0,-35.112177605897585,-35.112177605897585,species,Prunella modularis,Dunnock,0.9008217453956604,0.9008217453956604,species,1,rand_species,/Users/justyna-przy/Projects/ISE/FYP/src/bird_data/clips/species/prunella_modularis/XC1051829__s1000__e4000.wav,
prunella_modularis,1051829,Prunella modularis,/Users/justyna-przy/Projects/ISE/FYP/src/bird_data/raw/prunella_modularis/XC1051829.mp3,4.0,7.0,-28.319633106694738,-35.112177605897585,species,Prunella modularis,Dunnock,0.9532601237297058,0.9532601237297058,species,0,,,
prunella_modularis,1051829,Prunella modularis,/Users/justyna-przy/Projects/ISE/FYP/src/bird_data/raw/prunella_modularis/XC1051829.mp3,7.0,10.0,-32.628063758829256,-35.112177605897585,species,Prunella modularis,Dunnock,0.8417117595672607,0.8417117595672607,species,1,rand_species,/Users/justyna-przy/Projects/ISE/FYP/src/bird_data/clips/species/prunella_modularis/XC1051829__s7000__e10000.wav,
prunella_modularis,1051829,Prunella modularis,/Users/justyna-przy/Projects/ISE/FYP/src/bird_data/raw/prunella_modularis/XC1051829.mp3,10.0,13.0,-34.56572396622412,-35.112177605897585,species,Prunella modularis,Dunnock,0.9244691133499146,0.9244691133499146,species,0,,,
prunella_modularis,1051829,Prunella modularis,/Users/justyna-przy/Projects/ISE/FYP/src/bird_data/raw/prunella_modularis/XC1051829.mp3,16.0,19.0,-31.863719684486924,-35.112177605897585,species,Prunella modularis,Dunnock,0.915407121181488,0.915407121181488,species,1,rand_species,/Users/justyna-przy/Projects/ISE/FYP/src/bird_data/clips/species/prunella_modularis/XC1051829__s16000__e19000.wav,
prunella_modularis,1051829,Prunella modularis,/Users/justyna-przy/Projects/ISE/FYP/src/bird_data/raw/prunella_modularis/XC1051829.mp3,19.0,22.0,-33.6920287583979,-35.112177605897585,species,Prunella modularis,Dunnock,0.481429785490036,0.481429785490036,species,0,,,
prunella_modularis,1051829,Prunella modularis,/Users/justyna-przy/Projects/ISE/FYP/src/bird_data/raw/prunella_modularis/XC1051829.mp3,25.0,28.0,-32.56422837394718,-35.112177605897585,drop,Prunella modularis,Dunnock,0.2432243376970291,0.2432243376970291,drop,0,,,
prunella_modularis,1051829,Prunella modularis,/Users/justyna-przy/Projects/ISE/FYP/src/bird_data/raw/prunella_modularis/XC1051829.mp3,28.0,31.0,-32.99471561342253,-35.112177605897585,species,Prunella modularis,Dunnock,0.7671719789505005,0.7671719789505005,species,0,,,
prunella_modularis,1050337,Prunella modularis,/Users/justyna-przy/Projects/ISE/FYP/src/bird_data/raw/prunella_modularis/XC1050337.mp3,1.0,4.0,-33.42843507940596,-34.59709427010629,species,Prunella modularis,Dunnock,0.9987829327583313,0.9987829327583313,species,1,rand_species,/Users/justyna-przy/Projects/ISE/FYP/src/bird_data/clips/species/prunella_modularis/XC1050337__s1000__e4000.wav,
prunella_modularis,1050337,Prunella modularis,/Users/justyna-przy/Projects/ISE/FYP/src/bird_data/raw/prunella_modularis/XC1050337.mp3,4.0,7.0,-33.77841023971207,-34.59709427010629,species,Prunella modularis,Dunnock,0.9924644231796265,0.9924644231796265,species,1,rand_species,/Users/justyna-przy/Projects/ISE/FYP/src/bird_data/clips/species/prunella_modularis/XC1050337__s4000__e7000.wav,
prunella_modularis,1050337,Prunella modularis,/Users/justyna-przy/Projects/ISE/FYP/src/bird_data/raw/prunella_modularis/XC1050337.mp3,7.0,10.0,-33.23813639797158,-34.59709427010629,species,Prunella modularis,Dunnock,0.9666293859481812,0.9666293859481812,species,0,,,
prunella_modularis,1050337,Prunella modularis,/Users/justyna-przy/Projects/ISE/FYP/src/bird_data/raw/prunella_modularis/XC1050337.mp3,16.0,19.0,-31.176601181879988,-34.59709427010629,species,Prunella modularis,Dunnock,0.9965852499008179,0.9965852499008179,species,1,rand_species,/Users/justyna-przy/Projects/ISE/FYP/src/bird_data/clips/species/prunella_modularis/XC1050337__s16000__e19000.wav,
prunella_modularis,1050337,Prunella modularis,/Users/justyna-przy/Projects/ISE/FYP/src/bird_data/raw/prunella_modularis/XC1050337.mp3,19.0,22.0,-34.239196186458784,-34.59709427010629,species,Prunella modularis,Dunnock,0.9851619601249695,0.9851619601249695,species,0,,,
prunella_modularis,1047257,Prunella modularis,/Users/justyna-przy/Projects/ISE/FYP/src/bird_data/raw/prunella_modularis/XC1047257.mp3,1.0,4.0,-33.839381935907134,-37.436649691627906,species,Prunella modularis,Dunnock,0.7176448702812195,0.7176448702812195,species,1,rand_species,/Users/justyna-przy/Projects/ISE/FYP/src/bird_data/clips/species/prunella_modularis/XC1047257__s1000__e4000.wav,
prunella_modularis,1047257,Prunella modularis,/Users/justyna-przy/Projects/ISE/FYP/src/bird_data/raw/prunella_modularis/XC1047257.mp3,4.0,7.0,-34.13612475532733,-37.436649691627906,species,Prunella modularis,Dunnock,0.8470847010612488,0.8470847010612488,species,1,rand_species,/Users/justyna-przy/Projects/ISE/FYP/src/bird_data/clips/species/prunella_modularis/XC1047257__s4000__e7000.wav,
prunella_modularis,1047257,Prunella modularis,/Users/justyna-przy/Projects/ISE/FYP/src/bird_data/raw/prunella_modularis/XC1047257.mp3,7.0,10.0,-37.391529885263004,-37.436649691627906,drop,Cyanistes caeruleus,Eurasian Blue Tit,0.24379900097846985,0.24379900097846985,drop,0,,,
prunella_modularis,1046632,Prunella modularis,/Users/justyna-przy/Projects/ISE/FYP/src/bird_data/raw/prunella_modularis/XC1046632.mp3,16.0,19.0,-56.51191428704007,-40.0,drop,Prunella modularis,Dunnock,0.1469067484140396,0.1469067484140396,drop,0,,,
prunella_modularis,1045943,Prunella modularis,/Users/justyna-przy/Projects/ISE/FYP/src/bird_data/raw/prunella_modularis/XC1045943.mp3,1.0,4.0,-33.19854826165943,-33.19854826165943,species,Prunella modularis,Dunnock,0.8742604851722717,0.8742604851722717,species,1,rand_species,/Users/justyna-przy/Projects/ISE/FYP/src/bird_data/clips/species/prunella_modularis/XC1045943__s1000__e4000.wav,
prunella_modularis,1042491,Prunella modularis,/Users/justyna-przy/Projects/ISE/FYP/src/bird_data/raw/prunella_modularis/XC1042491.mp3,1.0,4.0,-27.73765163818071,-28.84358924070354,species,Prunella modularis,Dunnock,0.8120219111442566,0.8120219111442566,species,1,rand_species,/Users/justyna-przy/Projects/ISE/FYP/src/bird_data/clips/species/prunella_modularis/XC1042491__s1000__e4000.wav,
prunella_modularis,1042491,Prunella modularis,/Users/justyna-przy/Projects/ISE/FYP/src/bird_data/raw/prunella_modularis/XC1042491.mp3,4.0,7.0,-22.784864233283436,-28.84358924070354,drop,Prunella modularis,Dunnock,0.13762935996055603,0.13762935996055603,drop,0,,,
prunella_modularis,1042491,Prunella modularis,/Users/justyna-przy/Projects/ISE/FYP/src/bird_data/raw/prunella_modularis/XC1042491.mp3,7.0,10.0,-27.731516916567934,-28.84358924070354,species,Prunella modularis,Dunnock,0.6068928837776184,0.6068928837776184,species,1,rand_species,/Users/justyna-przy/Projects/ISE/FYP/src/bird_data/clips/species/prunella_modularis/XC1042491__s7000__e10000.wav,
prunella_modularis,1041576,Prunella modularis,/Users/justyna-przy/Projects/ISE/FYP/src/bird_data/raw/prunella_modularis/XC1041576.mp3,1.0,4.0,-21.538602106302758,-21.538602106302758,species,Prunella modularis,Dunnock,0.9757192730903625,0.9757192730903625,species,1,rand_species,/Users/justyna-przy/Projects/ISE/FYP/src/bird_data/clips/species/prunella_modularis/XC1041576__s1000__e4000.wav,
prunella_modularis,1022743,Prunella modularis,/Users/justyna-przy/Projects/ISE/FYP/src/bird_data/raw/prunella_modularis/XC1022743.mp3,1.0,4.0,-19.673001111879238,-23.056276559718047,species,Prunella modularis,Dunnock,0.7381435036659241,0.7381435036659241,species,0,,,
prunella_modularis,1022743,Prunella modularis,/Users/justyna-przy/Projects/ISE/FYP/src/bird_data/raw/prunella_modularis/XC1022743.mp3,4.0,7.0,-21.037365147987003,-23.056276559718047,species,Prunella modularis,Dunnock,0.9935896396636963,0.9935896396636963,species,1,rand_species,/Users/justyna-przy/Projects/ISE/FYP/src/bird_data/clips/species/prunella_modularis/XC1022743__s4000__e7000.wav,
prunella_modularis,1022743,Prunella modularis,/Users/justyna-przy/Projects/ISE/FYP/src/bird_data/raw/prunella_modularis/XC1022743.mp3,7.0,10.0,-18.373850734383176,-23.056276559718047,species,Prunella modularis,Dunnock,0.9863802790641785,0.9863802790641785,species,0,,,
prunella_modularis,1022743,Prunella modularis,/Users/justyna-przy/Projects/ISE/FYP/src/bird_data/raw/prunella_modularis/XC1022743.mp3,13.0,16.0,-20.036838534843934,-23.056276559718047,species,Prunella modularis,Dunnock,0.9967870712280273,0.9967870712280273,species,0,,,
prunella_modularis,1022743,Prunella modularis,/Users/justyna-przy/Projects/ISE/FYP/src/bird_data/raw/prunella_modularis/XC1022743.mp3,16.0,19.0,-21.315521886045083,-23.056276559718047,species,Prunella modularis,Dunnock,0.9974935054779053,0.9974935054779053,species,0,,,
prunella_modularis,1022743,Prunella modularis,/Users/justyna-przy/Projects/ISE/FYP/src/bird_data/raw/prunella_modularis/XC1022743.mp3,19.0,22.0,-21.28341346343828,-23.056276559718047,species,Prunella modularis,Dunnock,0.938528299331665,0.938528299331665,species,0,,,
prunella_modularis,1022743,Prunella modularis,/Users/justyna-przy/Projects/ISE/FYP/src/bird_data/raw/prunella_modularis/XC1022743.mp3,25.0,28.0,-20.683641228324113,-23.056276559718047,species,Prunella modularis,Dunnock,0.939677894115448,0.939677894115448,species,0,,,
prunella_modularis,1022743,Prunella modularis,/Users/justyna-przy/Projects/ISE/FYP/src/bird_data/raw/prunella_modularis/XC1022743.mp3,28.0,31.0,-23.05117537398868,-23.056276559718047,drop,Prunella modularis,Dunnock,0.11411843448877335,0.11411843448877335,drop,0,,,
prunella_modularis,1022743,Prunella modularis,/Users/justyna-przy/Projects/ISE/FYP/src/bird_data/raw/prunella_modularis/XC1022743.mp3,34.0,37.0,-20.49058679422229,-23.056276559718047,species,Prunella modularis,Dunnock,0.998678982257843,0.998678982257843,species,1,rand_species,/Users/justyna-przy/Projects/ISE/FYP/src/bird_data/clips/species/prunella_modularis/XC1022743__s34000__e37000.wav,
prunella_modularis,1022743,Prunella modularis,/Users/justyna-przy/Projects/ISE/FYP/src/bird_data/raw/prunella_modularis/XC1022743.mp3,40.0,43.0,-19.2594148109248,-23.056276559718047,species,Prunella modularis,Dunnock,0.9699603319168091,0.9699603319168091,species,1,rand_species,/Users/justyna-przy/Projects/ISE/FYP/src/bird_data/clips/species/prunella_modularis/XC1022743__s40000__e43000.wav,
prunella_modularis,1002032,Prunella modularis,/Users/justyna-przy/Projects/ISE/FYP/src/bird_data/raw/prunella_modularis/XC1002032.mp3,1.0,4.0,-21.590711495843962,-31.406827025615822,species,Prunella modularis,Dunnock,0.9854206442832947,0.9854206442832947,species,1,rand_species,/Users/justyna-przy/Projects/ISE/FYP/src/bird_data/clips/species/prunella_modularis/XC1002032__s1000__e4000.wav,
prunella_modularis,1002032,Prunella modularis,/Users/justyna-przy/Projects/ISE/FYP/src/bird_data/raw/prunella_modularis/XC1002032.mp3,7.0,10.0,-25.677275670392184,-31.406827025615822,species,Prunella modularis,Dunnock,0.8547598719596863,0.8547598719596863,species,0,,,
prunella_modularis,1002032,Prunella modularis,/Users/justyna-przy/Projects/ISE/FYP/src/bird_data/raw/prunella_modularis/XC1002032.mp3,16.0,19.0,-30.01276850970962,-31.406827025615822,species,Prunella modularis,Dunnock,0.9821244478225708,0.9821244478225708,species,0,,,
prunella_modularis,1002032,Prunella modularis,/Users/justyna-przy/Projects/ISE/FYP/src/bird_data/raw/prunella_modularis/XC1002032.mp3,19.0,22.0,-22.312332149153058,-31.406827025615822,species,Prunella modularis,Dunnock,0.9744239449501038,0.9744239449501038,species,1,rand_species,/Users/justyna-przy/Projects/ISE/FYP/src/bird_data/clips/species/prunella_modularis/XC1002032__s19000__e22000.wav,
prunella_modularis,1002032,Prunella modularis,/Users/justyna-przy/Projects/ISE/FYP/src/bird_data/raw/prunella_modularis/XC1002032.mp3,22.0,25.0,-31.26815574799751,-31.406827025615822,non_bird,,,0.0,0.0,non_bird,1,nonbird_lowconf,/Users/justyna-przy/Projects/ISE/FYP/src/bird_data/clips/non_bird/prunella_modularis/XC1002032__s22000__e25000.wav,
prunella_modularis,1002032,Prunella modularis,/Users/justyna-przy/Projects/ISE/FYP/src/bird_data/raw/prunella_modularis/XC1002032.mp3,25.0,28.0,-24.56087504050882,-31.406827025615822,species,Prunella modularis,Dunnock,0.9846193194389343,0.9846193194389343,species,0,,,
prunella_modularis,1002032,Prunella modularis,/Users/justyna-przy/Projects/ISE/FYP/src/bird_data/raw/prunella_modularis/XC1002032.mp3,31.0,34.0,-24.724189183181622,-31.406827025615822,species,Prunella modularis,Dunnock,0.986588180065155,0.986588180065155,species,1,rand_species,/Users/justyna-przy/Projects/ISE/FYP/src/bird_data/clips/species/prunella_modularis/XC1002032__s31000__e34000.wav,
prunella_modularis,1002032,Prunella modularis,/Users/justyna-przy/Projects/ISE/FYP/src/bird_data/raw/prunella_modularis/XC1002032.mp3,34.0,37.0,-25.923944214701642,-31.406827025615822,species,Prunella modularis,Dunnock,0.9295212626457214,0.9295212626457214,species,0,,,
prunella_modularis,1002032,Prunella modularis,/Users/justyna-przy/Projects/ISE/FYP/src/bird_data/raw/prunella_modularis/XC1002032.mp3,37.0,40.0,-29.55712312467933,-31.406827025615822,species,Prunella modularis,Dunnock,0.9910257458686829,0.9910257458686829,species,0,,,
prunella_modularis,1002032,Prunella modularis,/Users/justyna-przy/Projects/ISE/FYP/src/bird_data/raw/prunella_modularis/XC1002032.mp3,40.0,43.0,-29.84565515494176,-31.406827025615822,species,Prunella modularis,Dunnock,0.8824529051780701,0.8824529051780701,species,0,,,
prunella_modularis,996635,Prunella modularis,/Users/justyna-przy/Projects/ISE/FYP/src/bird_data/raw/prunella_modularis/XC996635.mp3,1.0,4.0,-27.68187047296362,-31.961531925849634,non_bird,,,0.0,0.0,non_bird,1,nonbird_lowconf,/Users/justyna-przy/Projects/ISE/FYP/src/bird_data/clips/non_bird/prunella_modularis/XC996635__s1000__e4000.wav,
prunella_modularis,996635,Prunella modularis,/Users/justyna-przy/Projects/ISE/FYP/src/bird_data/raw/prunella_modularis/XC996635.mp3,7.0,10.0,-21.51517558962354,-31.961531925849634,species,Prunella modularis,Dunnock,0.8722872138023376,0.8722872138023376,species,0,,,
prunella_modularis,996635,Prunella modularis,/Users/justyna-przy/Projects/ISE/FYP/src/bird_data/raw/prunella_modularis/XC996635.mp3,10.0,13.0,-21.471554986710938,-31.961531925849634,drop,Cinclus cinclus,White-throated Dipper,0.36900973320007324,0.36900973320007324,drop,0,,,
prunella_modularis,996635,Prunella modularis,/Users/justyna-przy/Projects/ISE/FYP/src/bird_data/raw/prunella_modularis/XC996635.mp3,13.0,16.0,-23.298729975735096,-31.961531925849634,species,Prunella modularis,Dunnock,0.4735397398471832,0.4735397398471832,species,1,rand_species,/Users/justyna-przy/Projects/ISE/FYP/src/bird_data/clips/species/prunella_modularis/XC996635__s13000__e16000.wav,
prunella_modularis,996635,Prunella modularis,/Users/justyna-przy/Projects/ISE/FYP/src/bird_data/raw/prunella_modularis/XC996635.mp3,16.0,19.0,-20.17579568128187,-31.961531925849634,drop,Emberiza spodocephala,Black-faced Bunting,0.3103480935096741,0.3103480935096741,drop,0,,,
prunella_modularis,996635,Prunella modularis,/Users/justyna-przy/Projects/ISE/FYP/src/bird_data/raw/prunella_modularis/XC996635.mp3,19.0,22.0,-27.545768242391784,-31.961531925849634,drop,Emberiza spodocephala,Black-faced Bunting,0.7334278225898743,0.7334278225898743,drop,0,,,
prunella_modularis,996635,Prunella modularis,/Users/justyna-przy/Projects/ISE/FYP/src/bird_data/raw/prunella_modularis/XC996635.mp3,22.0,25.0,-22.733110309303605,-31.961531925849634,species,Prunella modularis,Dunnock,0.46570396423339844,0.46570396423339844,species,0,,,
prunella_modularis,996635,Prunella modularis,/Users/justyna-przy/Projects/ISE/FYP/src/bird_data/raw/prunella_modularis/XC996635.mp3,25.0,28.0,-24.94613842995562,-31.961531925849634,species,Prunella modularis,Dunnock,0.5144975781440735,0.5144975781440735,species,1,rand_species,/Users/justyna-przy/Projects/ISE/FYP/src/bird_data/clips/species/prunella_modularis/XC996635__s25000__e28000.wav,
prunella_modularis,996635,Prunella modularis,/Users/justyna-przy/Projects/ISE/FYP/src/bird_data/raw/prunella_modularis/XC996635.mp3,31.0,34.0,-17.597869907250022,-31.961531925849634,species,Prunella modularis,Dunnock,0.631899893283844,0.631899893283844,species,1,rand_species,/Users/justyna-przy/Projects/ISE/FYP/src/bird_data/clips/species/prunella_modularis/XC996635__s31000__e34000.wav,
prunella_modularis,996635,Prunella modularis,/Users/justyna-przy/Projects/ISE/FYP/src/bird_data/raw/prunella_modularis/XC996635.mp3,34.0,37.0,-17.81488866487258,-31.961531925849634,drop,Emberiza spodocephala,Black-faced Bunting,0.42952385544776917,0.42952385544776917,drop,0,,,
prunella_modularis,996635,Prunella modularis,/Users/justyna-przy/Projects/ISE/FYP/src/bird_data/raw/prunella_modularis/XC996635.mp3,37.0,40.0,-27.81943399315629,-31.961531925849634,drop,Emberiza spodocephala,Black-faced Bunting,0.5272777676582336,0.5272777676582336,drop,0,,,
prunella_modularis,996635,Prunella modularis,/Users/justyna-przy/Projects/ISE/FYP/src/bird_data/raw/prunella_modularis/XC996635.mp3,49.0,52.0,-30.302437958594297,-31.961531925849634,drop,Emberiza spodocephala,Black-faced Bunting,0.915885865688324,0.915885865688324,drop,0,,,
prunella_modularis,996635,Prunella modularis,/Users/justyna-przy/Projects/ISE/FYP/src/bird_data/raw/prunella_modularis/XC996635.mp3,52.0,55.0,-25.13537631809276,-31.961531925849634,drop,Emberiza spodocephala,Black-faced Bunting,0.18709224462509155,0.18709224462509155,drop,0,,,
prunella_modularis,996535,Prunella modularis,/Users/justyna-przy/Projects/ISE/FYP/src/bird_data/raw/prunella_modularis/XC996535.mp3,1.0,4.0,-21.725506491269453,-29.158400145480172,drop,Prunella modularis,Dunnock,0.14182870090007782,0.14182870090007782,drop,0,,,
prunella_modularis,996535,Prunella modularis,/Users/justyna-przy/Projects/ISE/FYP/src/bird_data/raw/prunella_modularis/XC996535.mp3,7.0,10.0,-28.75262790847593,-29.158400145480172,non_bird,,,0.0,0.0,non_bird,1,nonbird_lowconf,/Users/justyna-przy/Projects/ISE/FYP/src/bird_data/clips/non_bird/prunella_modularis/XC996535__s7000__e10000.wav,
prunella_modularis,996535,Prunella modularis,/Users/justyna-przy/Projects/ISE/FYP/src/bird_data/raw/prunella_modularis/XC996535.mp3,10.0,13.0,-26.429067521322054,-29.158400145480172,drop,Spinus spinus,Eurasian Siskin,0.2083958387374878,0.2083958387374878,drop,0,,,
prunella_modularis,996442,Prunella modularis,/Users/justyna-przy/Projects/ISE/FYP/src/bird_data/raw/prunella_modularis/XC996442.mp3,1.0,4.0,-18.754494189015425,-35.02885808379317,species,Prunella modularis,Dunnock,0.9915347695350647,0.9915347695350647,species,0,,,
prunella_modularis,996442,Prunella modularis,/Users/justyna-przy/Projects/ISE/FYP/src/bird_data/raw/prunella_modularis/XC996442.mp3,7.0,10.0,-20.856562612792917,-35.02885808379317,species,Prunella modularis,Dunnock,0.989421010017395,0.989421010017395,species,0,,,
prunella_modularis,996442,Prunella modularis,/Users/justyna-przy/Projects/ISE/FYP/src/bird_data/raw/prunella_modularis/XC996442.mp3,10.0,13.0,-34.34753270160921,-35.02885808379317,species,Prunella modularis,Dunnock,0.5415822267532349,0.5415822267532349,species,0,,,
prunella_modularis,996442,Prunella modularis,/Users/justyna-przy/Projects/ISE/FYP/src/bird_data/raw/prunella_modularis/XC996442.mp3,13.0,16.0,-32.57569485568049,-35.02885808379317,species,Prunella modularis,Dunnock,0.989080548286438,0.989080548286438,species,1,rand_species,/Users/justyna-przy/Projects/ISE/FYP/src/bird_data/clips/species/prunella_modularis/XC996442__s13000__e16000.wav,
prunella_modularis,996442,Prunella modularis,/Users/justyna-przy/Projects/ISE/FYP/src/bird_data/raw/prunella_modularis/XC996442.mp3,16.0,19.0,-28.231956693248485,-35.02885808379317,species,Prunella modularis,Dunnock,0.9885215759277344,0.9885215759277344,species,0,,,
prunella_modularis,996442,Prunella modularis,/Users/justyna-przy/Projects/ISE/FYP/src/bird_data/raw/prunella_modularis/XC996442.mp3,19.0,22.0,-34.8579108787606,-35.02885808379317,species,Prunella modularis,Dunnock,0.666756808757782,0.666756808757782,species,0,,,
prunella_modularis,996442,Prunella modularis,/Users/justyna-przy/Projects/ISE/FYP/src/bird_data/raw/prunella_modularis/XC996442.mp3,22.0,25.0,-19.701370477763557,-35.02885808379317,species,Prunella modularis,Dunnock,0.9893993735313416,0.9893993735313416,species,0,,,
prunella_modularis,996442,Prunella modularis,/Users/justyna-przy/Projects/ISE/FYP/src/bird_data/raw/prunella_modularis/XC996442.mp3,28.0,31.0,-22.67778992153228,-35.02885808379317,species,Prunella modularis,Dunnock,0.9806246161460876,0.9806246161460876,species,1,rand_species,/Users/justyna-przy/Projects/ISE/FYP/src/bird_data/clips/species/prunella_modularis/XC996442__s28000__e31000.wav,
prunella_modularis,996442,Prunella modularis,/Users/justyna-przy/Projects/ISE/FYP/src/bird_data/raw/prunella_modularis/XC996442.mp3,37.0,40.0,-27.609690283880084,-35.02885808379317,species,Prunella modularis,Dunnock,0.9837241172790527,0.9837241172790527,species,1,rand_species,/Users/justyna-przy/Projects/ISE/FYP/src/bird_data/clips/species/prunella_modularis/XC996442__s37000__e40000.wav,
prunella_modularis,996442,Prunella modularis,/Users/justyna-przy/Projects/ISE/FYP/src/bird_data/raw/prunella_modularis/XC996442.mp3,43.0,46.0,-23.157383458754985,-35.02885808379317,species,Prunella modularis,Dunnock,0.9949643611907959,0.9949643611907959,species,0,,,
prunella_modularis,995161,Prunella modularis,/Users/justyna-przy/Projects/ISE/FYP/src/bird_data/raw/prunella_modularis/XC995161.mp3,4.0,7.0,-29.08291785772823,-29.286498650322656,drop,Phylloscopus borealis,Arctic Warbler,0.9642532467842102,0.9642532467842102,drop,0,,,
prunella_modularis,995161,Prunella modularis,/Users/justyna-przy/Projects/ISE/FYP/src/bird_data/raw/prunella_modularis/XC995161.mp3,10.0,13.0,-28.79582243607937,-29.286498650322656,drop,Phylloscopus borealis,Arctic Warbler,0.9761096239089966,0.9761096239089966,drop,0,,,
prunella_modularis,995161,Prunella modularis,/Users/justyna-przy/Projects/ISE/FYP/src/bird_data/raw/prunella_modularis/XC995161.mp3,16.0,19.0,-27.975014423923046,-29.286498650322656,drop,Phylloscopus borealis,Arctic Warbler,0.6233368515968323,0.6233368515968323,drop,0,,,
prunella_modularis,995161,Prunella modularis,/Users/justyna-przy/Projects/ISE/FYP/src/bird_data/raw/prunella_modularis/XC995161.mp3,19.0,22.0,-27.445399623491518,-29.286498650322656,drop,Cettia brunnifrons,Gray-sided Bush Warbler,0.8149604797363281,0.8149604797363281,drop,0,,,
prunella_modularis,995161,Prunella modularis,/Users/justyna-przy/Projects/ISE/FYP/src/bird_data/raw/prunella_modularis/XC995161.mp3,22.0,25.0,-27.301580069717737,-29.286498650322656,drop,Phylloscopus borealis,Arctic Warbler,0.8989002108573914,0.8989002108573914,drop,0,,,
prunella_modularis,995161,Prunella modularis,/Users/justyna-przy/Projects/ISE/FYP/src/bird_data/raw/prunella_modularis/XC995161.mp3,25.0,28.0,-29.286498650322656,-29.286498650322656,drop,Cettia brunnifrons,Gray-sided Bush Warbler,0.587962806224823,0.587962806224823,drop,0,,,
prunella_modularis,995161,Prunella modularis,/Users/justyna-przy/Projects/ISE/FYP/src/bird_data/raw/prunella_modularis/XC995161.mp3,28.0,31.0,-26.87710323635408,-29.286498650322656,drop,Cettia brunnifrons,Gray-sided Bush Warbler,0.9440551400184631,0.9440551400184631,drop,0,,,
prunella_modularis,995161,Prunella modularis,/Users/justyna-przy/Projects/ISE/FYP/src/bird_data/raw/prunella_modularis/XC995161.mp3,31.0,34.0,-26.034510370026318,-29.286498650322656,drop,Cettia brunnifrons,Gray-sided Bush Warbler,0.8798220753669739,0.8798220753669739,drop,0,,,
prunella_modularis,993541,Prunella modularis,/Users/justyna-przy/Projects/ISE/FYP/src/bird_data/raw/prunella_modularis/XC993541.mp3,1.0,4.0,-22.135640107991538,-33.3203471266258,species,Prunella modularis,Dunnock,0.9968950748443604,0.9968950748443604,species,0,,,
prunella_modularis,993541,Prunella modularis,/Users/justyna-przy/Projects/ISE/FYP/src/bird_data/raw/prunella_modularis/XC993541.mp3,7.0,10.0,-23.014523336455035,-33.3203471266258,species,Prunella modularis,Dunnock,0.9808382987976074,0.9808382987976074,species,1,rand_species,/Users/justyna-przy/Projects/ISE/FYP/src/bird_data/clips/species/prunella_modularis/XC993541__s7000__e10000.wav,
prunella_modularis,993541,Prunella modularis,/Users/justyna-przy/Projects/ISE/FYP/src/bird_data/raw/prunella_modularis/XC993541.mp3,10.0,13.0,-27.798889694813063,-33.3203471266258,species,Prunella modularis,Dunnock,0.5757308602333069,0.5757308602333069,species,1,rand_species,/Users/justyna-przy/Projects/ISE/FYP/src/bird_data/clips/species/prunella_modularis/XC993541__s10000__e13000.wav,
prunella_modularis,993541,Prunella modularis,/Users/justyna-przy/Projects/ISE/FYP/src/bird_data/raw/prunella_modularis/XC993541.mp3,16.0,19.0,-30.654375349664633,-33.3203471266258,species,Prunella modularis,Dunnock,0.9378399848937988,0.9378399848937988,species,1,rand_species,/Users/justyna-przy/Projects/ISE/FYP/src/bird_data/clips/species/prunella_modularis/XC993541__s16000__e19000.wav,
prunella_modularis,993541,Prunella modularis,/Users/justyna-przy/Projects/ISE/FYP/src/bird_data/raw/prunella_modularis/XC993541.mp3,19.0,22.0,-24.422959526603982,-33.3203471266258,species,Prunella modularis,Dunnock,0.9738604426383972,0.9738604426383972,species,0,,,
prunella_modularis,993540,Prunella modularis,/Users/justyna-przy/Projects/ISE/FYP/src/bird_data/raw/prunella_modularis/XC993540.mp3,1.0,4.0,-27.54825163795331,-37.0376024375669,species,Prunella modularis,Dunnock,0.967216432094574,0.967216432094574,species,0,,,
prunella_modularis,993540,Prunella modularis,/Users/justyna-przy/Projects/ISE/FYP/src/bird_data/raw/prunella_modularis/XC993540.mp3,10.0,13.0,-25.522536108008097,-37.0376024375669,species,Prunella modularis,Dunnock,0.7534306049346924,0.7534306049346924,species,1,rand_species,/Users/justyna-przy/Projects/ISE/FYP/src/bird_data/clips/species/prunella_modularis/XC993540__s10000__e13000.wav,
prunella_modularis,993540,Prunella modularis,/Users/justyna-przy/Projects/ISE/FYP/src/bird_data/raw/prunella_modularis/XC993540.mp3,13.0,16.0,-32.05232415925805,-37.0376024375669,drop,Ficedula parva,Red-breasted Flycatcher,0.2773858904838562,0.2773858904838562,drop,0,,,
prunella_modularis,993540,Prunella modularis,/Users/justyna-przy/Projects/ISE/FYP/src/bird_data/raw/prunella_modularis/XC993540.mp3,16.0,19.0,-30.940766074690625,-37.0376024375669,species,Prunella modularis,Dunnock,0.33446794748306274,0.33446794748306274,species,0,,,
prunella_modularis,993540,Prunella modularis,/Users/justyna-przy/Projects/ISE/FYP/src/bird_data/raw/prunella_modularis/XC993540.mp3,19.0,22.0,-24.035051985720955,-37.0376024375669,species,Prunella modularis,Dunnock,0.9949422478675842,0.9949422478675842,species,0,,,
prunella_modularis,993540,Prunella modularis,/Users/justyna-przy/Projects/ISE/FYP/src/bird_data/raw/prunella_modularis/XC993540.mp3,25.0,28.0,-33.34538551573707,-37.0376024375669,species,Prunella modularis,Dunnock,0.4358992874622345,0.4358992874622345,species,1,rand_species,/Users/justyna-przy/Projects/ISE/FYP/src/bird_data/clips/species/prunella_modularis/XC993540__s25000__e28000.wav,
prunella_modularis,993540,Prunella modularis,/Users/justyna-przy/Projects/ISE/FYP/src/bird_data/raw/prunella_modularis/XC993540.mp3,28.0,31.0,-34.734793906743406,-37.0376024375669,drop,Ficedula albicollis,Collared Flycatcher,0.17045611143112183,0.17045611143112183,drop,0,,,
prunella_modularis,993540,Prunella modularis,/Users/justyna-przy/Projects/ISE/FYP/src/bird_data/raw/prunella_modularis/XC993540.mp3,34.0,37.0,-27.00073988904503,-37.0376024375669,species,Prunella modularis,Dunnock,0.9255526065826416,0.9255526065826416,species,1,rand_species,/Users/justyna-przy/Projects/ISE/FYP/src/bird_data/clips/species/prunella_modularis/XC993540__s34000__e37000.wav,
prunella_modularis,991873,Prunella modularis,/Users/justyna-przy/Projects/ISE/FYP/src/bird_data/raw/prunella_modularis/XC991873.mp3,1.0,4.0,-24.672143991207726,-40.0,species,Prunella modularis,Dunnock,0.9929057359695435,0.9929057359695435,species,1,rand_species,/Users/justyna-przy/Projects/ISE/FYP/src/bird_data/clips/species/prunella_modularis/XC991873__s1000__e4000.wav,
prunella_modularis,991873,Prunella modularis,/Users/justyna-przy/Projects/ISE/FYP/src/bird_data/raw/prunella_modularis/XC991873.mp3,4.0,7.0,-35.66665736989628,-40.0,drop,Emberiza schoeniclus,Reed Bunting,0.3307882845401764,0.3307882845401764,drop,0,,,
prunella_modularis,991873,Prunella modularis,/Users/justyna-przy/Projects/ISE/FYP/src/bird_data/raw/prunella_modularis/XC991873.mp3,7.0,10.0,-27.234338484403008,-40.0,species,Prunella modularis,Dunnock,0.9566900730133057,0.9566900730133057,species,1,rand_species,/Users/justyna-przy/Projects/ISE/FYP/src/bird_data/clips/species/prunella_modularis/XC991873__s7000__e10000.wav,
prunella_modularis,991873,Prunella modularis,/Users/justyna-przy/Projects/ISE/FYP/src/bird_data/raw/prunella_modularis/XC991873.mp3,13.0,16.0,-22.14654973155114,-40.0,species,Prunella modularis,Dunnock,0.984014093875885,0.984014093875885,species,0,,,
prunella_modularis,991873,Prunella modularis,/Users/justyna-przy/Projects/ISE/FYP/src/bird_data/raw/prunella_modularis/XC991873.mp3,19.0,22.0,-24.393983761243856,-40.0,species,Prunella modularis,Dunnock,0.9802758693695068,0.9802758693695068,species,0,,,
prunella_modularis,991873,Prunella modularis,/Users/justyna-przy/Projects/ISE/FYP/src/bird_data/raw/prunella_modularis/XC991873.mp3,31.0,34.0,-27.196595748807706,-40.0,species,Prunella modularis,Dunnock,0.9890505075454712,0.9890505075454712,species,1,rand_species,/Users/justyna-przy/Projects/ISE/FYP/src/bird_data/clips/species/prunella_modularis/XC991873__s31000__e34000.wav,
