xc_id,sci_name,common_name,recordist,country,date,time,length_s,quality,type,method,animal_seen,also,sampling_rate,xc_url,file_url,local_path
996479,Spinus spinus,Eurasian Siskin,Lars Edenius,Sweden,2025-05-10,05:00,28,A,song,field recording,yes,"[""Gallinago gallinago""]",48000,https://xeno-canto.org/996479,https://xeno-canto.org/996479/download,
991447,Spinus spinus,Eurasian Siskin,Lars Edenius,Sweden,2025-04-23,14:00,28,A,call,field recording,yes,[],48000,https://xeno-canto.org/991447,https://xeno-canto.org/991447/download,
991446,Spinus spinus,Eurasian Siskin,Lars Edenius,Sweden,2025-04-23,14:00,52,A,song,field recording,yes,[],48000,https://xeno-canto.org/991446,https://xeno-canto.org/991446/download,
991444,Spinus spinus,Eurasian Siskin,Lars Edenius,Sweden,2025-04-23,14:00,27,A,song,field recording,yes,"[""Cyanistes caeruleus"", ""Erithacus rubecula""]",48000,https://xeno-canto.org/991444,https://xeno-canto.org/991444/download,
980284,Spinus spinus,Eurasian Siskin,Lars Edenius,Sweden,2025-03-14,14:00,29,A,song,field recording,yes,[],48000,https://xeno-canto.org/980284,https://xeno-canto.org/980284/download,
980283,Spinus spinus,Eurasian Siskin,Lars Edenius,Sweden,2025-03-14,14:00,43,A,song,field recording,yes,[],48000,https://xeno-canto.org/980283,https://xeno-canto.org/980283/download,
950882,Spinus spinus,Eurasian Siskin,Ulf Elman,Sweden,2024-11-24,14:46,8,A,call,field recording,yes,[],48000,https://xeno-canto.org/950882,https://xeno-canto.org/950882/download,
898595,Spinus spinus,Eurasian Siskin,Pia,Sweden,2024-04-27,06:12,47,A,"song, subsong",unknown,yes,"[""Dendrocopos major"", ""Passer domesticus""]",44100,https://xeno-canto.org/898595,https://xeno-canto.org/898595/download,
812821,Spinus spinus,Eurasian Siskin,Thomas Bergman,Sweden,2023-06-28,06:52,30,A,"call, tyuee",field recording,no,"[""Fringilla coelebs"", ""Turdus philomelos"", ""Fringilla montifringilla""]",48000,https://xeno-canto.org/812821,https://xeno-canto.org/812821/download,
793470,Spinus spinus,Eurasian Siskin,Lars Edenius,Sweden,2023-04-15,09:30,50,A,song,field recording,yes,[],48000,https://xeno-canto.org/793470,https://xeno-canto.org/793470/download,
793450,Spinus spinus,Eurasian Siskin,Lars Edenius,Sweden,2023-04-15,07:00,18,A,song,field recording,no,[],48000,https://xeno-canto.org/793450,https://xeno-canto.org/793450/download,
780084,Spinus spinus,Eurasian Siskin,Frode Falkenberg,Norway,2023-02-13,12:00,58,A,"call, chatter",field recording,yes,[],44100,https://xeno-canto.org/780084,https://xeno-canto.org/780084/download,
717381,Spinus spinus,Eurasian Siskin,Shaun Micklewright,United Kingdom,2022-02-12,13:00,25,A,call,field recording,yes,[],44100,https://xeno-canto.org/717381,https://xeno-canto.org/717381/download,
714644,Spinus spinus,Eurasian Siskin,Lars Edenius,Sweden,2022-04-11,07:00,27,A,song,field recording,yes,"[""Turdus merula""]",48000,https://xeno-canto.org/714644,https://xeno-canto.org/714644/download,
712654,Spinus spinus,Eurasian Siskin,Lars Edenius,Sweden,2022-03-30,17:30,35,A,"call, flight call",field recording,no,[],44100,https://xeno-canto.org/712654,https://xeno-canto.org/712654/download,
712648,Spinus spinus,Eurasian Siskin,Lars Edenius,Sweden,2022-03-30,17:00,30,A,call,field recording,no,[],44100,https://xeno-canto.org/712648,https://xeno-canto.org/712648/download,
712218,Spinus spinus,Eurasian Siskin,Lars Edenius,Sweden,2022-03-31,09:00,7,A,song,field recording,yes,"[""Picus canus""]",48000,https://xeno-canto.org/712218,https://xeno-canto.org/712218/download,
711220,Spinus spinus,Eurasian Siskin,Lars Edenius,Sweden,2022-03-27,08:00,39,A,call,field recording,yes,[],48000,https://xeno-canto.org/711220,https://xeno-canto.org/711220/download,
703974,Spinus spinus,Eurasian Siskin,Lars Edenius,Sweden,2022-02-23,13:00,13,A,call,field recording,yes,[],44100,https://xeno-canto.org/703974,https://xeno-canto.org/703974/download,
703787,Spinus spinus,Eurasian Siskin,Lars Edenius,Sweden,2022-02-22,13:30,13,A,call,field recording,yes,[],44100,https://xeno-canto.org/703787,https://xeno-canto.org/703787/download,
702709,Spinus spinus,Eurasian Siskin,Lars Edenius,Sweden,2022-02-16,13:00,25,A,song,field recording,yes,[],48000,https://xeno-canto.org/702709,https://xeno-canto.org/702709/download,
702167,Spinus spinus,Eurasian Siskin,Lars Edenius,Sweden,2022-02-14,12:00,31,A,song,field recording,yes,[],48000,https://xeno-canto.org/702167,https://xeno-canto.org/702167/download,
700176,Spinus spinus,Eurasian Siskin,Lars Edenius,Sweden,2022-02-03,11:00,54,A,song,field recording,yes,[],48000,https://xeno-canto.org/700176,https://xeno-canto.org/700176/download,
670927,Spinus spinus,Eurasian Siskin,Lars Edenius,Sweden,2021-08-28,18:00,29,A,call,field recording,yes,[],48000,https://xeno-canto.org/670927,https://xeno-canto.org/670927/download,
665065,Spinus spinus,Eurasian Siskin,Thomas Bergman,Sweden,2021-07-26,07:16,44,A,"alarm call, call",field recording,yes,"[""Loxia curvirostra""]",48000,https://xeno-canto.org/665065,https://xeno-canto.org/665065/download,
662108,Spinus spinus,Eurasian Siskin,Lars Edenius,Sweden,2021-07-08,14:00,23,A,call,field recording,yes,"[""Motacilla flava""]",48000,https://xeno-canto.org/662108,https://xeno-canto.org/662108/download,
646606,Spinus spinus,Eurasian Siskin,Lars Edenius,Sweden,2021-05-08,19:00,35,A,song,field recording,yes,"[""Turdus philomelos""]",48000,https://xeno-canto.org/646606,https://xeno-canto.org/646606/download,
618881,Spinus spinus,Eurasian Siskin,Niels Van Doninck,Belgium,2020-11-11,12:45,44,A,"call, song",field recording,yes,"[""Cyanistes caeruleus""]",48000,https://xeno-canto.org/618881,https://xeno-canto.org/618881/download,
596746,Spinus spinus,Eurasian Siskin,Niels Van Doninck,Norway,2020-06-09,12:25,9,A,"call, flight call",field recording,yes,"[""Phylloscopus trochilus"", ""Fringilla montifringilla""]",48000,https://xeno-canto.org/596746,https://xeno-canto.org/596746/download,
596745,Spinus spinus,Eurasian Siskin,Niels Van Doninck,Norway,2020-06-09,12:25,6,A,flight call,field recording,yes,[],48000,https://xeno-canto.org/596745,https://xeno-canto.org/596745/download,
594920,Spinus spinus,Eurasian Siskin,Simon Elliott,United Kingdom,2003-03-15,08:00,48,A,call,field recording,yes,"[""Fringilla coelebs"", ""Erithacus rubecula""]",44100,https://xeno-canto.org/594920,https://xeno-canto.org/594920/download,
486265,Spinus spinus,Eurasian Siskin,Lars Edenius,Sweden,2019-07-10,20:30,20,A,"call, song",field recording,yes,[],48000,https://xeno-canto.org/486265,https://xeno-canto.org/486265/download,
447579,Spinus spinus,Eurasian Siskin,Twan Mols,Netherlands,2018-12-26,12:00,32,A,call,field recording,unknown,[],44100,https://xeno-canto.org/447579,https://xeno-canto.org/447579/download,
366719,Spinus spinus,Eurasian Siskin,Timo Schnabel,Belgium,2015-04-19,11:46,45,A,"call, song",field recording,yes,[],44100,https://xeno-canto.org/366719,https://xeno-canto.org/366719/download,
302811,Spinus spinus,Eurasian Siskin,Terje Kolaas,Norway,2016-02-09,13:00,44,A,song,field recording,yes,[],48000,https://xeno-canto.org/302811,https://xeno-canto.org/302811/download,
126735,Spinus spinus,Eurasian Siskin,Jarek Matusiak,Poland,2013-03-03,16:30,14,A,agriesion,field recording,yes,[],44100,https://xeno-canto.org/126735,https://xeno-canto.org/126735/download,
121690,Spinus spinus,Eurasian Siskin,Jarek Matusiak,Poland,2013-02-16,13:00,38,A,"call, flight call",field recording,yes,[],48000,https://xeno-canto.org/121690,https://xeno-canto.org/121690/download,
64716,Spinus spinus,Eurasian Siskin,Patrik Åberg,Sweden,2010-04-24,08:57,50,A,call,field recording,unknown,"[""Fringilla coelebs""]",44100,https://xeno-canto.org/64716,https://xeno-canto.org/64716/download,
45857,Spinus spinus,Eurasian Siskin,Jarek Matusiak,Poland,2010-02-27,11:00,19,A,"call, allarm call of flock",field recording,unknown,[],44100,https://xeno-canto.org/45857,https://xeno-canto.org/45857/download,
45856,Spinus spinus,Eurasian Siskin,Jarek Matusiak,Poland,2010-02-27,11:00,43,A,subsong,field recording,unknown,[],44100,https://xeno-canto.org/45856,https://xeno-canto.org/45856/download,
41187,Spinus spinus,Eurasian Siskin,Jarek Matusiak,Poland,2009-11-29,10:00,32,A,"call, subsong, call and subsong",field recording,unknown,[],44100,https://xeno-canto.org/41187,https://xeno-canto.org/41187/download,
41045,Spinus spinus,Eurasian Siskin,Jarek Matusiak,Poland,2009-11-22,14:20,41,A,"call, call in flock",field recording,unknown,[],24000,https://xeno-canto.org/41045,https://xeno-canto.org/41045/download,
41042,Spinus spinus,Eurasian Siskin,Jarek Matusiak,Poland,2009-11-22,14:30,28,A,call,field recording,unknown,[],48000,https://xeno-canto.org/41042,https://xeno-canto.org/41042/download,
27604,Spinus spinus,Eurasian Siskin,Patrik Åberg,Sweden,2008-10-04,?,27,A,call,field recording,unknown,[],44100,https://xeno-canto.org/27604,https://xeno-canto.org/27604/download,
1088019,Spinus spinus,Eurasian Siskin,Paul Kelly,Ireland,2026-03-14,07:30,11,B,flight call,field recording,no,"[""Cyanistes caeruleus""]",44100,https://xeno-canto.org/1088019,https://xeno-canto.org/1088019/download,
1088018,Spinus spinus,Eurasian Siskin,Paul Kelly,Ireland,2026-03-14,07:30,9,B,flight call,field recording,no,[],44100,https://xeno-canto.org/1088018,https://xeno-canto.org/1088018/download,
1088017,Spinus spinus,Eurasian Siskin,Paul Kelly,Ireland,2026-03-14,07:30,10,B,flight call,field recording,no,[],44100,https://xeno-canto.org/1088017,https://xeno-canto.org/1088017/download,
1085581,Spinus spinus,Eurasian Siskin,Petter Westberg,Sweden,2025-06-22,08:00,34,B,song,field recording,yes,"[""Fringilla coelebs"", ""Phylloscopus trochilus"", ""Fringilla montifringilla""]",96000,https://xeno-canto.org/1085581,https://xeno-canto.org/1085581/download,
1084303,Spinus spinus,Eurasian Siskin,Paul Kelly,Ireland,2026-02-28,08:00,7,B,flight call,field recording,no,[],44100,https://xeno-canto.org/1084303,https://xeno-canto.org/1084303/download,
1084017,Spinus spinus,Eurasian Siskin,Anthony McGeehan ,United Kingdom,2026-02-28,09:30,31,B,"call, flight call, song",field recording,yes,[],48000,https://xeno-canto.org/1084017,https://xeno-canto.org/1084017/download,
1080440,Spinus spinus,Eurasian Siskin,Marc Anderson,Sweden,2022-06-02,19:30,32,B,flight call,field recording,no,"[""Gallinago gallinago""]",48000,https://xeno-canto.org/1080440,https://xeno-canto.org/1080440/download,
1079983,Spinus spinus,Eurasian Siskin,Marc Anderson,Sweden,2022-05-30,16:00,10,B,call,field recording,no,[],44100,https://xeno-canto.org/1079983,https://xeno-canto.org/1079983/download,
1079835,Spinus spinus,Eurasian Siskin,Marc Anderson,Sweden,2022-06-01,07:00,42,B,"call, song",field recording,no,[],44100,https://xeno-canto.org/1079835,https://xeno-canto.org/1079835/download,
1079834,Spinus spinus,Eurasian Siskin,Marc Anderson,Sweden,2022-06-01,07:00,25,B,song,field recording,no,[],44100,https://xeno-canto.org/1079834,https://xeno-canto.org/1079834/download,
1079833,Spinus spinus,Eurasian Siskin,Marc Anderson,Sweden,2022-06-01,07:00,17,B,"call, song",field recording,no,[],44100,https://xeno-canto.org/1079833,https://xeno-canto.org/1079833/download,
1079832,Spinus spinus,Eurasian Siskin,Marc Anderson,Sweden,2022-06-01,07:00,50,B,song,field recording,no,[],48000,https://xeno-canto.org/1079832,https://xeno-canto.org/1079832/download,
1079831,Spinus spinus,Eurasian Siskin,Marc Anderson,Sweden,2022-06-01,07:00,49,B,call,field recording,no,[],48000,https://xeno-canto.org/1079831,https://xeno-canto.org/1079831/download,
1079830,Spinus spinus,Eurasian Siskin,Marc Anderson,Sweden,2022-06-01,07:00,30,B,call,field recording,no,[],44100,https://xeno-canto.org/1079830,https://xeno-canto.org/1079830/download,
1074902,Spinus spinus,Eurasian Siskin,Denis Dujardin,France,2026-01-17,08:30,16,B,call,field recording,no,[],48000,https://xeno-canto.org/1074902,https://xeno-canto.org/1074902/download,
1063275,Spinus spinus,Eurasian Siskin,Steen Knarberg,Denmark,2025-01-10,14:52,7,B,uncertain,field recording,no,[],48000,https://xeno-canto.org/1063275,https://xeno-canto.org/1063275/download,
1059848,Spinus spinus,Eurasian Siskin,Jorge Leitão,Portugal,2025-11-26,11:34,19,B,flight call,field recording,yes,[],44100,https://xeno-canto.org/1059848,https://xeno-canto.org/1059848/download,
1055444,Spinus spinus,Eurasian Siskin,Stanislas Wroza,France,2025-10-14,10:31,29,B,flight call,field recording,unknown,[],44100,https://xeno-canto.org/1055444,https://xeno-canto.org/1055444/download,
1055016,Spinus spinus,Eurasian Siskin,Stanislas Wroza,France,2025-09-29,11:41,30,B,flight call,field recording,unknown,[],44100,https://xeno-canto.org/1055016,https://xeno-canto.org/1055016/download,
1054686,Spinus spinus,Eurasian Siskin,João Tomás,Spain,2025-11-14,8:00,14,B,"call, flight call",field recording,yes,[],44100,https://xeno-canto.org/1054686,https://xeno-canto.org/1054686/download,
1052148,Spinus spinus,Eurasian Siskin,Cédric PEIGNOT,France,2025-10-28,09:05,33,B,"call, flight call",field recording,no,"[""Erithacus rubecula"", ""Linaria cannabina"", ""Passer domesticus""]",48000,https://xeno-canto.org/1052148,https://xeno-canto.org/1052148/download,
1052002,Spinus spinus,Eurasian Siskin,Karol Łanocha,Poland,2025-11-02,13:08,11,B,"alarm call, call, flight call",field recording,yes,[],44100,https://xeno-canto.org/1052002,https://xeno-canto.org/1052002/download,
1051167,Spinus spinus,Eurasian Siskin,Lucien Hueber,France,2024-10-26,09:00,18,B,flight call,field recording,yes,[],44100,https://xeno-canto.org/1051167,https://xeno-canto.org/1051167/download,
1051111,Spinus spinus,Eurasian Siskin,Cédric PEIGNOT,France,2025-10-13,09:57,13,B,"call, flight call",field recording,no,[],48000,https://xeno-canto.org/1051111,https://xeno-canto.org/1051111/download,
1051098,Spinus spinus,Eurasian Siskin,David Tattersley,United Kingdom,2025-10-29,06:58,16,B,flight call,field recording,no,[],48000,https://xeno-canto.org/1051098,https://xeno-canto.org/1051098/download,
1051062,Spinus spinus,Eurasian Siskin,Karol Łanocha,Poland,2025-10-28,13:15,18,B,flight call,field recording,no,"[""Turdus pilaris""]",44100,https://xeno-canto.org/1051062,https://xeno-canto.org/1051062/download,
1051047,Spinus spinus,Eurasian Siskin,Karol Łanocha,Poland,2025-10-28,13:22,9,B,"call, flight call",field recording,no,[],44100,https://xeno-canto.org/1051047,https://xeno-canto.org/1051047/download,
1051018,Spinus spinus,Eurasian Siskin,Karol Łanocha,Poland,2025-10-28,14:39,5,B,"call, flight call",field recording,no,[],44100,https://xeno-canto.org/1051018,https://xeno-canto.org/1051018/download,
1041695,Spinus spinus,Eurasian Siskin,David Darrell-Lambert,United Kingdom,2025-09-14,18:00,4,B,flight call,field recording,yes,[],32000,https://xeno-canto.org/1041695,https://xeno-canto.org/1041695/download,
1041694,Spinus spinus,Eurasian Siskin,David Darrell-Lambert,United Kingdom,2025-09-14,18:00,5,B,flight call,field recording,yes,[],32000,https://xeno-canto.org/1041694,https://xeno-canto.org/1041694/download,
1036675,Spinus spinus,Eurasian Siskin,Esperanza Poveda,Sweden,2025-04-09,?,11,B,"flight call, song",field recording,no,[],48000,https://xeno-canto.org/1036675,https://xeno-canto.org/1036675/download,
1036674,Spinus spinus,Eurasian Siskin,Esperanza Poveda,Sweden,2025-04-09,?,20,B,flight call,field recording,no,[],48000,https://xeno-canto.org/1036674,https://xeno-canto.org/1036674/download,
1036673,Spinus spinus,Eurasian Siskin,Esperanza Poveda,Sweden,2025-04-09,?,12,B,flight call,field recording,no,[],48000,https://xeno-canto.org/1036673,https://xeno-canto.org/1036673/download,
1036671,Spinus spinus,Eurasian Siskin,Esperanza Poveda,Sweden,2025-04-09,?,22,B,flight call,field recording,no,[],48000,https://xeno-canto.org/1036671,https://xeno-canto.org/1036671/download,
1036670,Spinus spinus,Eurasian Siskin,Esperanza Poveda,Sweden,2025-04-09,?,21,B,"flight call, song",field recording,no,[],48000,https://xeno-canto.org/1036670,https://xeno-canto.org/1036670/download,
1036668,Spinus spinus,Eurasian Siskin,Esperanza Poveda,Sweden,2025-04-09,?,35,B,flight call,field recording,no,[],48000,https://xeno-canto.org/1036668,https://xeno-canto.org/1036668/download,
1034412,Spinus spinus,Eurasian Siskin,Sidney Martin,Norway,2025-08-20,17:00,7,B,call,field recording,no,[],44100,https://xeno-canto.org/1034412,https://xeno-canto.org/1034412/download,
1032813,Spinus spinus,Eurasian Siskin,Esperanza Poveda,Sweden,2025-04-06,?,14,B,flight call,field recording,no,"[""Dryocopus martius""]",44100,https://xeno-canto.org/1032813,https://xeno-canto.org/1032813/download,
1032812,Spinus spinus,Eurasian Siskin,Esperanza Poveda,Sweden,2025-04-06,?,23,B,flight call,field recording,no,[],44100,https://xeno-canto.org/1032812,https://xeno-canto.org/1032812/download,
1032808,Spinus spinus,Eurasian Siskin,Esperanza Poveda,Sweden,2025-04-06,?,33,B,"call, flight call",field recording,no,[],44100,https://xeno-canto.org/1032808,https://xeno-canto.org/1032808/download,
1032807,Spinus spinus,Eurasian Siskin,Esperanza Poveda,Sweden,2025-04-06,?,21,B,"flight call, song",field recording,no,"[""Dryocopus martius""]",44100,https://xeno-canto.org/1032807,https://xeno-canto.org/1032807/download,
1032805,Spinus spinus,Eurasian Siskin,Esperanza Poveda,Sweden,2025-04-06,?,36,B,flight call,field recording,no,[],44100,https://xeno-canto.org/1032805,https://xeno-canto.org/1032805/download,
1032804,Spinus spinus,Eurasian Siskin,Esperanza Poveda,Sweden,2025-04-06,?,24,B,flight call,field recording,no,[],44100,https://xeno-canto.org/1032804,https://xeno-canto.org/1032804/download,
1031934,Spinus spinus,Eurasian Siskin,Esperanza Poveda,Sweden,2025-04-05,?,20,B,flight call,field recording,no,[],44100,https://xeno-canto.org/1031934,https://xeno-canto.org/1031934/download,
1031932,Spinus spinus,Eurasian Siskin,Esperanza Poveda,Sweden,2025-04-05,?,14,B,flight call,field recording,no,[],44100,https://xeno-canto.org/1031932,https://xeno-canto.org/1031932/download,
1031927,Spinus spinus,Eurasian Siskin,Esperanza Poveda,Sweden,2025-04-05,?,30,B,flight call,field recording,no,[],44100,https://xeno-canto.org/1031927,https://xeno-canto.org/1031927/download,
1031234,Spinus spinus,Eurasian Siskin,Esperanza Poveda,Sweden,2025-04-08,?,55,B,"flight call, song",field recording,no,[],44100,https://xeno-canto.org/1031234,https://xeno-canto.org/1031234/download,
1030957,Spinus spinus,Eurasian Siskin,Esperanza Poveda,Sweden,2025-04-07,?,32,B,"flight call, song",field recording,no,"[""Fringilla coelebs""]",44100,https://xeno-canto.org/1030957,https://xeno-canto.org/1030957/download,
1028628,Spinus spinus,Eurasian Siskin,Esperanza Poveda,Sweden,2025-04-03,?,24,B,"call, flight call",field recording,no,[],44100,https://xeno-canto.org/1028628,https://xeno-canto.org/1028628/download,
1024805,Spinus spinus,Eurasian Siskin,Working group for animal ecology and planning Ltd.,Germany,2025-03-27,05:53,6,B,"call, flight call",field recording,no,"[""Turdus viscivorus"", ""Fringilla coelebs"", ""Turdus merula"", ""Erithacus rubecula""]",44100,https://xeno-canto.org/1024805,https://xeno-canto.org/1024805/download,
1008992,Spinus spinus,Eurasian Siskin,Rafael Costas,Spain,2025-05-29,18:31,3,B,"call, flight call",field recording,no,[],48000,https://xeno-canto.org/1008992,https://xeno-canto.org/1008992/download,
1000088,Spinus spinus,Eurasian Siskin,Paul Archer,Ireland,2025-04-11,12:30,12,B,flight call,field recording,yes,[],48000,https://xeno-canto.org/1000088,https://xeno-canto.org/1000088/download,
994456,Spinus spinus,Eurasian Siskin,Johan Södercrantz,Sweden,2024-05-25,07:45,33,B,song,field recording,no,"[""Turdus viscivorus"", ""Fringilla coelebs"", ""Cuculus canorus"", ""Muscicapa striata"", ""Ficedula hypoleuca"", ""Anthus trivialis"", ""Phoenicurus phoenicurus""]",48000,https://xeno-canto.org/994456,https://xeno-canto.org/994456/download,
992562,Spinus spinus,Eurasian Siskin,Daniel Goris,Belgium,2025-04-27,04:52,7,B,"call, flight call, nocturnal flight call",field recording,no,[],44100,https://xeno-canto.org/992562,https://xeno-canto.org/992562/download,
989678,Spinus spinus,Eurasian Siskin,András Schmidt,Sweden,2008-05-10,03:45,2,B,call,field recording,unknown,[],44100,https://xeno-canto.org/989678,https://xeno-canto.org/989678/download,
987612,Spinus spinus,Eurasian Siskin,András Schmidt,Sweden,2008-05-08,17:00,8,B,song,field recording,unknown,[],44100,https://xeno-canto.org/987612,https://xeno-canto.org/987612/download,
986525,Spinus spinus,Eurasian Siskin,David Darrell-Lambert,United Kingdom,2024-06-23,09:30,5,B,song,field recording,yes,[],48000,https://xeno-canto.org/986525,https://xeno-canto.org/986525/download,
983073,Spinus spinus,Eurasian Siskin,Kelle Moreau,Belgium,2025-03-22,15:15,14,B,song,field recording,yes,"[""Turdus viscivorus"", ""Erithacus rubecula""]",44100,https://xeno-canto.org/983073,https://xeno-canto.org/983073/download,
982926,Spinus spinus,Eurasian Siskin,Beatrix Saadi-Varchmin,Germany,2025-03-17,09:12,10,B,"song, group song",field recording,yes,[],44100,https://xeno-canto.org/982926,https://xeno-canto.org/982926/download,
982538,Spinus spinus,Eurasian Siskin,Kelle Moreau,Belgium,2025-03-22,12:06,14,B,call,field recording,yes,[],44100,https://xeno-canto.org/982538,https://xeno-canto.org/982538/download,
980035,Spinus spinus,Eurasian Siskin,Beatrix Saadi-Varchmin,Germany,2025-03-06,16:53,18,B,"call, flight call",field recording,yes,[],44100,https://xeno-canto.org/980035,https://xeno-canto.org/980035/download,
978674,Spinus spinus,Eurasian Siskin,Magnus Wadstein,Sweden,2024-03-18,11:00,41,B,"imitation, song",field recording,yes,[],44100,https://xeno-canto.org/978674,https://xeno-canto.org/978674/download,
978673,Spinus spinus,Eurasian Siskin,Magnus Wadstein,Sweden,2024-03-18,11:00,23,B,"imitation, song",field recording,yes,[],44100,https://xeno-canto.org/978673,https://xeno-canto.org/978673/download,
978596,Spinus spinus,Eurasian Siskin,Lennart Jeppsson,Sweden,2025-03-07,11:00,58,B,"call, song",field recording,yes,"[""Regulus regulus""]",48000,https://xeno-canto.org/978596,https://xeno-canto.org/978596/download,
976573,Spinus spinus,Eurasian Siskin,Lars Edenius,Sweden,2025-02-28,08:00,37,B,song,field recording,no,"[""Dryobates minor""]",48000,https://xeno-canto.org/976573,https://xeno-canto.org/976573/download,
972323,Spinus spinus,Eurasian Siskin,Florian Straub,Switzerland,2024-11-13,11:03,3,B,flight call,field recording,no,[],48000,https://xeno-canto.org/972323,https://xeno-canto.org/972323/download,
972321,Spinus spinus,Eurasian Siskin,Florian Straub,Switzerland,2024-11-17,09:13,12,B,flight call,field recording,no,[],48000,https://xeno-canto.org/972321,https://xeno-canto.org/972321/download,
965088,Spinus spinus,Eurasian Siskin,Evan van Wezel,Netherlands,2025-01-29,15:58,14,B,flight call,in the hand,yes,"[""Regulus regulus""]",48000,https://xeno-canto.org/965088,https://xeno-canto.org/965088/download,
950883,Spinus spinus,Eurasian Siskin,Ulf Elman,Sweden,2024-11-24,14:32,12,B,call,field recording,yes,[],48000,https://xeno-canto.org/950883,https://xeno-canto.org/950883/download,
950695,Spinus spinus,Eurasian Siskin,Sven Kransel,Germany,2024-10-25,12:30,14,B,"call, flight call",field recording,no,"[""Fringilla coelebs"", ""Fringilla montifringilla""]",44100,https://xeno-canto.org/950695,https://xeno-canto.org/950695/download,
950677,Spinus spinus,Eurasian Siskin,Sven Kransel,Germany,2024-10-23,06:55,24,B,flight call,field recording,no,[],44100,https://xeno-canto.org/950677,https://xeno-canto.org/950677/download,
949793,Spinus spinus,Eurasian Siskin,David Tattersley,Portugal,2024-11-11,06:51,17,B,call,field recording,no,[],48000,https://xeno-canto.org/949793,https://xeno-canto.org/949793/download,
949153,Spinus spinus,Eurasian Siskin,Frederik Fluyt,Belgium,2024-11-14,23:15,3,B,nocturnal flight call,field recording,no,[],44100,https://xeno-canto.org/949153,https://xeno-canto.org/949153/download,
946720,Spinus spinus,Eurasian Siskin,Bregt Desmet,Belgium,2024-11-07,09:36,6,B,flight call,field recording,no,[],48000,https://xeno-canto.org/946720,https://xeno-canto.org/946720/download,
944141,Spinus spinus,Eurasian Siskin,Frank Holzapfel,Germany,2024-10-12,07:23,3,B,flight call,field recording,no,[],48000,https://xeno-canto.org/944141,https://xeno-canto.org/944141/download,
942797,Spinus spinus,Eurasian Siskin,Karol Łanocha,Poland,2024-10-08,13:53,3,B,flight call,field recording,no,"[""Sitta europaea""]",44100,https://xeno-canto.org/942797,https://xeno-canto.org/942797/download,
942213,Spinus spinus,Eurasian Siskin,Steve Flynn,United Kingdom,2024-10-23,11:34,4,B,flight call,field recording,no,[],48000,https://xeno-canto.org/942213,https://xeno-canto.org/942213/download,
936728,Spinus spinus,Eurasian Siskin,Ulf Elman,Sweden,2024-09-30,08:27,34,B,call,field recording,yes,[],48000,https://xeno-canto.org/936728,https://xeno-canto.org/936728/download,
936652,Spinus spinus,Eurasian Siskin,Aku Kalliomäki,Finland,2024-09-28,09:30,36,B,"alarm call, call, flight call",field recording,yes,[],48000,https://xeno-canto.org/936652,https://xeno-canto.org/936652/download,
935852,Spinus spinus,Eurasian Siskin,Abe Bakker,Netherlands,2024-09-25,08:00,4,B,flight call,field recording,no,[],48000,https://xeno-canto.org/935852,https://xeno-canto.org/935852/download,
933333,Spinus spinus,Eurasian Siskin,Martin Billard,France,2024-08-25,10:07,16,B,"begging call, call",field recording,yes,[],32000,https://xeno-canto.org/933333,https://xeno-canto.org/933333/download,
933332,Spinus spinus,Eurasian Siskin,Martin Billard,France,2024-08-25,10:05,9,B,"begging call, call",field recording,yes,"[""Sitta europaea""]",32000,https://xeno-canto.org/933332,https://xeno-canto.org/933332/download,
932926,Spinus spinus,Eurasian Siskin,Johannes Dag Mayer,Germany,2024-01-09,13:13,15,B,call,field recording,no,"[""Larus michahellis"", ""Anas platyrhynchos""]",48000,https://xeno-canto.org/932926,https://xeno-canto.org/932926/download,
926183,Spinus spinus,Eurasian Siskin,Samir Hellal,Finland,2024-08-03,?,14,B,,field recording,no,[],48000,https://xeno-canto.org/926183,https://xeno-canto.org/926183/download,
921706,Spinus spinus,Eurasian Siskin,Paul Driver,United Kingdom,2024-07-01,07:58,7,B,flight call,field recording,yes,[],44100,https://xeno-canto.org/921706,https://xeno-canto.org/921706/download,
915371,Spinus spinus,Eurasian Siskin,Arjun Dutta,United Kingdom,2021-10-11,07:30,9,B,"call, flight call",field recording,no,[],44100,https://xeno-canto.org/915371,https://xeno-canto.org/915371/download,
908530,Spinus spinus,Eurasian Siskin,Nelson Conceição,Portugal,2024-02-11,07:47,56,B,"call, flight call",field recording,yes,"[""Fringilla coelebs"", ""Turdus philomelos""]",48000,https://xeno-canto.org/908530,https://xeno-canto.org/908530/download,
903510,Spinus spinus,Eurasian Siskin,Stanislas Wroza,France,2024-04-30,07:30,52,B,flight call,field recording,unknown,[],48000,https://xeno-canto.org/903510,https://xeno-canto.org/903510/download,
903488,Spinus spinus,Eurasian Siskin,Stanislas Wroza,France,2024-04-29,07:30,15,B,flight call,field recording,unknown,[],48000,https://xeno-canto.org/903488,https://xeno-canto.org/903488/download,
893790,Spinus spinus,Eurasian Siskin,Tristan Guillebot de Nerville,France,2021-10-13,13:00,10,B,flight call,field recording,no,[],44100,https://xeno-canto.org/893790,https://xeno-canto.org/893790/download,
891033,Spinus spinus,Eurasian Siskin,Ingemar Gard,Sweden,2024-03-29,16:30,20,B,call,field recording,yes,[],44100,https://xeno-canto.org/891033,https://xeno-canto.org/891033/download,
890006,Spinus spinus,Eurasian Siskin,Stuart Fisher,United Kingdom,2024-03-26,07:00,16,B,call,field recording,yes,"[""Acanthis cabaret"", ""Corvus corone"", ""Erithacus rubecula"", ""Troglodytes troglodytes"", ""Phasianus colchicus""]",44100,https://xeno-canto.org/890006,https://xeno-canto.org/890006/download,
884992,Spinus spinus,Eurasian Siskin,Paul Driver,United Kingdom,2024-03-21,07:55,14,B,call,field recording,yes,[],48000,https://xeno-canto.org/884992,https://xeno-canto.org/884992/download,
884062,Spinus spinus,Eurasian Siskin,Martin Billard,France,2024-03-20,11:29,30,B,"call, song, subsong",field recording,yes,[],44100,https://xeno-canto.org/884062,https://xeno-canto.org/884062/download,
884061,Spinus spinus,Eurasian Siskin,Martin Billard,France,2024-03-20,11:28,24,B,"call, song, subsong",field recording,yes,[],44100,https://xeno-canto.org/884061,https://xeno-canto.org/884061/download,
882385,Spinus spinus,Eurasian Siskin,Alan Dalton,Sweden,2023-10-03,08:00,25,B,"call, flight call",field recording,no,"[""Regulus regulus"", ""Fringilla coelebs""]",24000,https://xeno-canto.org/882385,https://xeno-canto.org/882385/download,
882384,Spinus spinus,Eurasian Siskin,Alan Dalton,Sweden,2023-10-03,10:00,31,B,"call, flight call",field recording,no,"[""Cyanistes caeruleus"", ""Carduelis carduelis"", ""Chloris chloris""]",24000,https://xeno-canto.org/882384,https://xeno-canto.org/882384/download,
882382,Spinus spinus,Eurasian Siskin,Alan Dalton,Sweden,2023-10-03,08:00,41,B,"call, flight call",field recording,no,[],24000,https://xeno-canto.org/882382,https://xeno-canto.org/882382/download,
882379,Spinus spinus,Eurasian Siskin,Alan Dalton,Sweden,2023-10-03,07:30,23,B,"call, flight call",field recording,no,"[""Fringilla coelebs""]",24000,https://xeno-canto.org/882379,https://xeno-canto.org/882379/download,
882376,Spinus spinus,Eurasian Siskin,Alan Dalton,Sweden,2023-09-29,08:00,25,B,"call, flight call",field recording,no,"[""Cyanistes caeruleus"", ""Fringilla coelebs"", ""Fringilla montifringilla""]",24000,https://xeno-canto.org/882376,https://xeno-canto.org/882376/download,
882362,Spinus spinus,Eurasian Siskin,Alan Dalton,Sweden,2023-10-15,11:00,30,B,"call, flight call",field recording,no,[],24000,https://xeno-canto.org/882362,https://xeno-canto.org/882362/download,
880707,Spinus spinus,Eurasian Siskin,Frantz Barrault,France,2024-03-10,14:35,49,B,"call, flight call, song, subsong",field recording,yes,"[""Turdus merula"", ""Corvus corone"", ""Coloeus monedula""]",44100,https://xeno-canto.org/880707,https://xeno-canto.org/880707/download,
880703,Spinus spinus,Eurasian Siskin,Frantz Barrault,France,2024-03-10,14:30,47,B,"call, flight call, song, subsong",field recording,yes,"[""Cyanistes caeruleus""]",44100,https://xeno-canto.org/880703,https://xeno-canto.org/880703/download,
880480,Spinus spinus,Eurasian Siskin,Luca Baghino,Italy,2024-03-09,16:30,28,B,subsong,field recording,yes,"[""Cyanistes caeruleus"", ""Parus major""]",48000,https://xeno-canto.org/880480,https://xeno-canto.org/880480/download,
871417,Spinus spinus,Eurasian Siskin,FREDERIC Lionel,Spain,2024-01-16,15:00,24,B,"call, song",field recording,yes,"[""Serinus serinus""]",48000,https://xeno-canto.org/871417,https://xeno-canto.org/871417/download,
871416,Spinus spinus,Eurasian Siskin,Xavier Riera,Spain,2024-02-03,14:39,38,B,song,field recording,yes,[],44100,https://xeno-canto.org/871416,https://xeno-canto.org/871416/download,
871123,Spinus spinus,Eurasian Siskin,Jocce Ekstrom,Sweden,2024-02-04,07:55,52,B,song,field recording,no,"[""Chloris chloris""]",44100,https://xeno-canto.org/871123,https://xeno-canto.org/871123/download,
864210,Spinus spinus,Eurasian Siskin,Xavier Riera,Spain,2024-01-27,09:46,15,B,flight call,field recording,yes,[],44100,https://xeno-canto.org/864210,https://xeno-canto.org/864210/download,
864018,Spinus spinus,Eurasian Siskin,Rubén Barone,Italy,2024-01-13,11:30,12,B,call,field recording,yes,"[""Cyanistes caeruleus""]",44100,https://xeno-canto.org/864018,https://xeno-canto.org/864018/download,
863756,Spinus spinus,Eurasian Siskin,Rubén Barone,Italy,2024-01-13,10:30,23,B,call,field recording,yes,"[""Cyanistes caeruleus"", ""Turdus merula"", ""Garrulus glandarius"", ""Streptopelia decaocto""]",44100,https://xeno-canto.org/863756,https://xeno-canto.org/863756/download,
863241,Spinus spinus,Eurasian Siskin,Paul Coiffard,France,2024-01-20,08:20,20,B,"call, flight call",field recording,no,[],32000,https://xeno-canto.org/863241,https://xeno-canto.org/863241/download,
859474,Spinus spinus,Eurasian Siskin,Esperanza Poveda,Spain,2023-12-20,?,7,B,song,in the hand,yes,[],44100,https://xeno-canto.org/859474,https://xeno-canto.org/859474/download,
858237,Spinus spinus,Eurasian Siskin,Karol Łanocha,Poland,2023-12-30,14:19,9,B,flight call,field recording,no,[],44100,https://xeno-canto.org/858237,https://xeno-canto.org/858237/download,
855871,Spinus spinus,Eurasian Siskin,Christian Kerihuel,France,2023-12-15,16:00,59,B,call,field recording,no,[],44100,https://xeno-canto.org/855871,https://xeno-canto.org/855871/download,
845525,Spinus spinus,Eurasian Siskin,Karol Łanocha,Poland,2023-12-04,14:45,39,B,"call, flight call",field recording,yes,[],44100,https://xeno-canto.org/845525,https://xeno-canto.org/845525/download,
843138,Spinus spinus,Eurasian Siskin,Joost van Bruggen,Netherlands,2023-10-16,07:52,38,B,flight call,field recording,no,[],48000,https://xeno-canto.org/843138,https://xeno-canto.org/843138/download,
841494,Spinus spinus,Eurasian Siskin,Karol Łanocha,Poland,2023-11-11,14:10,12,B,call,field recording,no,[],44100,https://xeno-canto.org/841494,https://xeno-canto.org/841494/download,
841149,Spinus spinus,Eurasian Siskin,Johannes Dag Mayer,Germany,2023-10-24,08:15,22,B,"call, flight call",field recording,no,"[""Corvus corone""]",48000,https://xeno-canto.org/841149,https://xeno-canto.org/841149/download,
841148,Spinus spinus,Eurasian Siskin,Johannes Dag Mayer,Germany,2023-10-24,08:15,11,B,"call, flight call",field recording,no,[],48000,https://xeno-canto.org/841148,https://xeno-canto.org/841148/download,
841147,Spinus spinus,Eurasian Siskin,Johannes Dag Mayer,Germany,2023-10-24,08:15,49,B,"call, flight call",field recording,no,[],48000,https://xeno-canto.org/841147,https://xeno-canto.org/841147/download,
840911,Spinus spinus,Eurasian Siskin,Alain Verneau,France,2023-11-06,11:30,6,B,flight call,field recording,yes,[],44100,https://xeno-canto.org/840911,https://xeno-canto.org/840911/download,
840747,Spinus spinus,Eurasian Siskin,Gil Lissens,Belgium,2023-11-06,14:16,21,B,call,in the hand,yes,"[""Corvus corone""]",48000,https://xeno-canto.org/840747,https://xeno-canto.org/840747/download,
840030,Spinus spinus,Eurasian Siskin,Romuald Mikusek,Poland,2023-06-05,09:30,29,B,"imitation, song",field recording,yes,[],48000,https://xeno-canto.org/840030,https://xeno-canto.org/840030/download,
839277,Spinus spinus,Eurasian Siskin,Paul Coiffard,France,2023-10-10,22:48,20,B,"call, flight call, nocturnal flight call",field recording,no,[],32000,https://xeno-canto.org/839277,https://xeno-canto.org/839277/download,
837939,Spinus spinus,Eurasian Siskin,Gosse Hoekstra,Netherlands,2023-10-25,09:30,10,B,flight call,field recording,yes,"[""Erithacus rubecula""]",44100,https://xeno-canto.org/837939,https://xeno-canto.org/837939/download,
836303,Spinus spinus,Eurasian Siskin,Paul Kelly,Ireland,2023-10-10,19:00,17,B,call,field recording,no,[],44100,https://xeno-canto.org/836303,https://xeno-canto.org/836303/download,
836302,Spinus spinus,Eurasian Siskin,Paul Kelly,Ireland,2023-10-10,19:00,17,B,call,field recording,no,[],44100,https://xeno-canto.org/836302,https://xeno-canto.org/836302/download,
836118,Spinus spinus,Eurasian Siskin,Christian Kerihuel,France,2023-10-15,09:30,15,B,flight call,field recording,no,[],44100,https://xeno-canto.org/836118,https://xeno-canto.org/836118/download,
835293,Spinus spinus,Eurasian Siskin,Paul Kelly,Ireland,2023-10-08,08:00,12,B,"call, flight call",field recording,no,[],44100,https://xeno-canto.org/835293,https://xeno-canto.org/835293/download,
835249,Spinus spinus,Eurasian Siskin,Johannes Dag Mayer,Germany,2023-10-02,09:30,16,B,call,field recording,no,"[""Cyanistes caeruleus"", ""Turdus merula""]",48000,https://xeno-canto.org/835249,https://xeno-canto.org/835249/download,
833148,Spinus spinus,Eurasian Siskin,Martin Billard,France,2023-10-01,08:28,11,B,flight call,field recording,yes,"[""Anthus pratensis""]",44100,https://xeno-canto.org/833148,https://xeno-canto.org/833148/download,
828320,Spinus spinus,Eurasian Siskin,Esperanza Poveda,Spain,2022-11-02,?,42,B,"call, flight call",in the hand,yes,[],44100,https://xeno-canto.org/828320,https://xeno-canto.org/828320/download,
828319,Spinus spinus,Eurasian Siskin,Esperanza Poveda,Spain,2022-11-02,?,40,B,"call, flight call",in the hand,yes,[],44100,https://xeno-canto.org/828319,https://xeno-canto.org/828319/download,
819746,Spinus spinus,Eurasian Siskin,Grzegorz Lorek,Poland,2022-04-18,07:15,30,B,"call, song",field recording,yes,"[""Phylloscopus collybita""]",48000,https://xeno-canto.org/819746,https://xeno-canto.org/819746/download,
818611,Spinus spinus,Eurasian Siskin,Sven Normant,France,2023-06-28,11:00,6,B,flight call,in the hand,yes,"[""Fringilla coelebs""]",48000,https://xeno-canto.org/818611,https://xeno-canto.org/818611/download,
811641,Spinus spinus,Eurasian Siskin,Paul Driver,United Kingdom,2023-05-24,07:54,7,B,flight call,field recording,yes,[],48000,https://xeno-canto.org/811641,https://xeno-canto.org/811641/download,
811640,Spinus spinus,Eurasian Siskin,Paul Driver,United Kingdom,2023-05-24,07:54,29,B,flight call,field recording,yes,[],48000,https://xeno-canto.org/811640,https://xeno-canto.org/811640/download,
806486,Spinus spinus,Eurasian Siskin,Magnus Hallgren,Sweden,2023-06-03,05:25,8,B,flight call,field recording,no,[],48000,https://xeno-canto.org/806486,https://xeno-canto.org/806486/download,
798946,Spinus spinus,Eurasian Siskin,Romuald Mikusek,Poland,2023-05-04,19:00,20,B,song,field recording,yes,[],48000,https://xeno-canto.org/798946,https://xeno-canto.org/798946/download,
798944,Spinus spinus,Eurasian Siskin,Romuald Mikusek,Poland,2023-05-04,18:00,31,B,song,field recording,yes,[],48000,https://xeno-canto.org/798944,https://xeno-canto.org/798944/download,
797034,Spinus spinus,Eurasian Siskin,Lars Edenius,Sweden,2023-04-27,06:00,20,B,call,field recording,no,[],44100,https://xeno-canto.org/797034,https://xeno-canto.org/797034/download,
792761,Spinus spinus,Eurasian Siskin,Alan Dalton,Sweden,2022-10-21,10:00,25,B,flight call,field recording,no,"[""Fringilla coelebs""]",24000,https://xeno-canto.org/792761,https://xeno-canto.org/792761/download,
791473,Spinus spinus,Eurasian Siskin,Lars Edenius,Sweden,2023-04-07,10:00,30,B,flight call,field recording,no,[],48000,https://xeno-canto.org/791473,https://xeno-canto.org/791473/download,
791191,Spinus spinus,Eurasian Siskin,Lars Edenius,Sweden,2023-04-06,07:30,12,B,call,field recording,yes,[],48000,https://xeno-canto.org/791191,https://xeno-canto.org/791191/download,
790149,Spinus spinus,Eurasian Siskin,Johannes Dag Mayer,Germany,2012-11-24,08:38,22,B,call,field recording,no,"[""Corvus corax""]",22050,https://xeno-canto.org/790149,https://xeno-canto.org/790149/download,
790121,Spinus spinus,Eurasian Siskin,Carlos Pereira,Portugal,2022-11-20,12:42,14,B,flight call,field recording,unknown,"[""Cyanopica cooki"", ""Corvus corax""]",44100,https://xeno-canto.org/790121,https://xeno-canto.org/790121/download,
784627,Spinus spinus,Eurasian Siskin,Paul Kelly,Ireland,2023-03-04,05:30,7,B,nocturnal flight call,field recording,no,[],44100,https://xeno-canto.org/784627,https://xeno-canto.org/784627/download,
784209,Spinus spinus,Eurasian Siskin,Alan Dalton,Sweden,2023-03-05,12:30,54,B,song,field recording,yes,[],48000,https://xeno-canto.org/784209,https://xeno-canto.org/784209/download,
784082,Spinus spinus,Eurasian Siskin,Luca Forneris,Italy,2023-03-05,10:49,38,B,song,field recording,yes,"[""Cettia cetti""]",44100,https://xeno-canto.org/784082,https://xeno-canto.org/784082/download,
783747,Spinus spinus,Eurasian Siskin,Dimitri,Italy,2023-03-03,10:00,32,B,"call, song",field recording,yes,[],48000,https://xeno-canto.org/783747,https://xeno-canto.org/783747/download,
783746,Spinus spinus,Eurasian Siskin,Dimitri,Italy,2023-03-03,10:00,35,B,"call, song",field recording,yes,[],48000,https://xeno-canto.org/783746,https://xeno-canto.org/783746/download,
782177,Spinus spinus,Eurasian Siskin,Franek J,Poland,2023-02-23,07:00,37,B,uncertain,in the hand,yes,[],44100,https://xeno-canto.org/782177,https://xeno-canto.org/782177/download,
778329,Spinus spinus,Eurasian Siskin,Paul Driver,United Kingdom,2013-04-02,08:00,8,B,call,field recording,yes,[],44100,https://xeno-canto.org/778329,https://xeno-canto.org/778329/download,
778205,Spinus spinus,Eurasian Siskin,Paul Driver,United Kingdom,2016-12-14,09:03,31,B,"call, hawk alarm",field recording,yes,[],44100,https://xeno-canto.org/778205,https://xeno-canto.org/778205/download,
777610,Spinus spinus,Eurasian Siskin,Paul Kelly,Ireland,2023-01-28,23:30,7,B,nocturnal flight call,field recording,no,[],44100,https://xeno-canto.org/777610,https://xeno-canto.org/777610/download,
776513,Spinus spinus,Eurasian Siskin,Frank A. Roos,Netherlands,2021-11-11,13:30,2,B,call,field recording,no,[],44100,https://xeno-canto.org/776513,https://xeno-canto.org/776513/download,
776265,Spinus spinus,Eurasian Siskin,Dan Lombard,United Kingdom,2021-04-28,07:30,4,B,call,field recording,yes,[],44100,https://xeno-canto.org/776265,https://xeno-canto.org/776265/download,
775326,Spinus spinus,Eurasian Siskin,Dan Lombard,United Kingdom,2023-01-12,09:30,11,B,call,field recording,yes,[],44100,https://xeno-canto.org/775326,https://xeno-canto.org/775326/download,
769975,Spinus spinus,Eurasian Siskin,Michel Veldt,Netherlands,2020-09-30,18:10,28,B,"call, flight call",field recording,yes,[],48000,https://xeno-canto.org/769975,https://xeno-canto.org/769975/download,
759881,Spinus spinus,Eurasian Siskin,Karol Łanocha,Poland,2022-11-06,12:35,23,B,"call, flight call",field recording,no,[],44100,https://xeno-canto.org/759881,https://xeno-canto.org/759881/download,
759661,Spinus spinus,Eurasian Siskin,Romuald Mikusek,Poland,2022-10-18,12:20,12,B,flight call,field recording,no,[],48000,https://xeno-canto.org/759661,https://xeno-canto.org/759661/download,
759657,Spinus spinus,Eurasian Siskin,Romuald Mikusek,Poland,2022-10-18,11:30,6,B,flight call,field recording,no,"[""Anthus pratensis""]",48000,https://xeno-canto.org/759657,https://xeno-canto.org/759657/download,
759642,Spinus spinus,Eurasian Siskin,Romuald Mikusek,Poland,2022-10-18,10:35,10,B,flight call,field recording,no,[],48000,https://xeno-canto.org/759642,https://xeno-canto.org/759642/download,
759558,Spinus spinus,Eurasian Siskin,Romuald Mikusek,Poland,2022-10-05,08:30,23,B,"call, flight call",field recording,no,[],48000,https://xeno-canto.org/759558,https://xeno-canto.org/759558/download,
759551,Spinus spinus,Eurasian Siskin,Romuald Mikusek,Poland,2022-10-05,08:20,9,B,flight call,field recording,no,[],48000,https://xeno-canto.org/759551,https://xeno-canto.org/759551/download,
759517,Spinus spinus,Eurasian Siskin,Romuald Mikusek,Poland,2022-10-05,07:45,13,B,flight call,field recording,yes,"[""Garrulus glandarius""]",48000,https://xeno-canto.org/759517,https://xeno-canto.org/759517/download,
759515,Spinus spinus,Eurasian Siskin,Romuald Mikusek,Poland,2022-10-05,07:40,7,B,flight call,field recording,yes,"[""Fringilla coelebs""]",48000,https://xeno-canto.org/759515,https://xeno-canto.org/759515/download,
759508,Spinus spinus,Eurasian Siskin,Romuald Mikusek,Poland,2022-10-05,07:30,8,B,flight call,field recording,yes,"[""Fringilla coelebs""]",48000,https://xeno-canto.org/759508,https://xeno-canto.org/759508/download,
759506,Spinus spinus,Eurasian Siskin,Romuald Mikusek,Poland,2022-10-05,07:30,22,B,flight call,field recording,yes,"[""Fringilla coelebs""]",48000,https://xeno-canto.org/759506,https://xeno-canto.org/759506/download,
759503,Spinus spinus,Eurasian Siskin,Romuald Mikusek,Poland,2022-10-05,07:30,11,B,flight call,field recording,yes,[],48000,https://xeno-canto.org/759503,https://xeno-canto.org/759503/download,
758382,Spinus spinus,Eurasian Siskin,Christian Bøggild,Denmark,2022-10-23,14:50,11,B,flight call,field recording,yes,[],48000,https://xeno-canto.org/758382,https://xeno-canto.org/758382/download,
757357,Spinus spinus,Eurasian Siskin,Karol Łanocha,Poland,2022-10-21,14:01,2,B,flight call,field recording,no,[],44100,https://xeno-canto.org/757357,https://xeno-canto.org/757357/download,
745001,Spinus spinus,Eurasian Siskin,Gianluca Congi,Italy,2022-04-15,10:47,13,B,"call, subsong, chatter",field recording,yes,[],44100,https://xeno-canto.org/745001,https://xeno-canto.org/745001/download,
743774,Spinus spinus,Eurasian Siskin,Manuel Tacke,Denmark,2022-06-05,08:05,6,B,"call, flight call",field recording,yes,[],44100,https://xeno-canto.org/743774,https://xeno-canto.org/743774/download,
741177,Spinus spinus,Eurasian Siskin,Andrew Harrop,United Kingdom,2022-08-01,09:00,25,B,call,field recording,yes,[],44100,https://xeno-canto.org/741177,https://xeno-canto.org/741177/download,
732691,Spinus spinus,Eurasian Siskin,Corentin Rivière,France,2021-09-21,10:00,10,B,flight call,field recording,unknown,[],44100,https://xeno-canto.org/732691,https://xeno-canto.org/732691/download,
732316,Spinus spinus,Eurasian Siskin,Marc Anderson,Sweden,2022-06-01,03:30,22,B,call,field recording,no,[],44100,https://xeno-canto.org/732316,https://xeno-canto.org/732316/download,
722379,Spinus spinus,Eurasian Siskin,Steffen Hartmann,Germany,2022-04-22,06:29,13,B,flight call,field recording,yes,[],48000,https://xeno-canto.org/722379,https://xeno-canto.org/722379/download,
721679,Spinus spinus,Eurasian Siskin,Peter Kennerley,United Kingdom,2022-04-25,07:30,13,B,song,field recording,yes,[],44100,https://xeno-canto.org/721679,https://xeno-canto.org/721679/download,
718337,Spinus spinus,Eurasian Siskin,Chèvremont Fabian,Belgium,2021-10-27,10:10,17,B,flight call,field recording,unknown,[],44100,https://xeno-canto.org/718337,https://xeno-canto.org/718337/download,
717365,Spinus spinus,Eurasian Siskin,Dimitri,Italy,2022-04-22,14:00,16,B,song,field recording,yes,[],48000,https://xeno-canto.org/717365,https://xeno-canto.org/717365/download,
714415,Spinus spinus,Eurasian Siskin,Dimitri,Italy,2022-04-10,09:30,51,B,song,field recording,yes,[],48000,https://xeno-canto.org/714415,https://xeno-canto.org/714415/download,
712664,Spinus spinus,Eurasian Siskin,Hannu Varkki,Finland,2022-04-02,07:45,31,B,call,field recording,yes,"[""Parus major""]",48000,https://xeno-canto.org/712664,https://xeno-canto.org/712664/download,
710796,Spinus spinus,Eurasian Siskin,Lars Edenius,Sweden,2022-03-22,10:00,21,B,"call, song",field recording,no,[],44100,https://xeno-canto.org/710796,https://xeno-canto.org/710796/download,
710546,Spinus spinus,Eurasian Siskin,Nelson Conceição,Portugal,2022-03-20,10:18,5,B,flight call,field recording,yes,[],48000,https://xeno-canto.org/710546,https://xeno-canto.org/710546/download,
710178,Spinus spinus,Eurasian Siskin,Kim Falck,Sweden,2022-03-21,15:10,13,B,"flight call, song",field recording,yes,"[""Dendrocopos major""]",44100,https://xeno-canto.org/710178,https://xeno-canto.org/710178/download,
706842,Spinus spinus,Eurasian Siskin,Irish Wildlife Sounds,Ireland,2022-01-17,10:00,20,B,flight song,field recording,yes,[],44100,https://xeno-canto.org/706842,https://xeno-canto.org/706842/download,
705988,Spinus spinus,Eurasian Siskin,Susanne Kuijpers,Netherlands,2022-03-04,12:11,30,B,"call, song",field recording,yes,"[""Fringilla coelebs""]",44100,https://xeno-canto.org/705988,https://xeno-canto.org/705988/download,
704600,Spinus spinus,Eurasian Siskin,Sarah Loving,United Kingdom,2022-02-26,14:30,9,B,song,field recording,yes,[],48000,https://xeno-canto.org/704600,https://xeno-canto.org/704600/download,
704440,Spinus spinus,Eurasian Siskin,Cureau Hervé,France,2022-02-25,11:30,38,B,song,field recording,no,[],48000,https://xeno-canto.org/704440,https://xeno-canto.org/704440/download,
704211,Spinus spinus,Eurasian Siskin,Lars Edenius,Sweden,2022-02-24,12:00,35,B,song,field recording,yes,[],44100,https://xeno-canto.org/704211,https://xeno-canto.org/704211/download,
703942,Spinus spinus,Eurasian Siskin,Lars Edenius,Sweden,2022-02-23,09:00,17,B,song,field recording,yes,[],44100,https://xeno-canto.org/703942,https://xeno-canto.org/703942/download,
703941,Spinus spinus,Eurasian Siskin,Lars Edenius,Sweden,2022-02-23,09:00,15,B,song,field recording,yes,"[""Pica pica""]",44100,https://xeno-canto.org/703941,https://xeno-canto.org/703941/download,
703788,Spinus spinus,Eurasian Siskin,Lars Edenius,Sweden,2022-02-22,13:30,16,B,call,field recording,yes,[],44100,https://xeno-canto.org/703788,https://xeno-canto.org/703788/download,
703331,Spinus spinus,Eurasian Siskin,Karol Łanocha,Poland,2022-02-18,13:30,17,B,"call, song",field recording,yes,"[""Coccothraustes coccothraustes""]",44100,https://xeno-canto.org/703331,https://xeno-canto.org/703331/download,
702017,Spinus spinus,Eurasian Siskin,Tomasz Wałachowski,Poland,2022-02-13,08:00,11,B,call,field recording,yes,[],44100,https://xeno-canto.org/702017,https://xeno-canto.org/702017/download,
701695,Spinus spinus,Eurasian Siskin,Karol Łanocha,Poland,2022-02-11,13:40,21,B,"call, flight call",field recording,yes,[],24000,https://xeno-canto.org/701695,https://xeno-canto.org/701695/download,
701211,Spinus spinus,Eurasian Siskin,Katie,Ireland,2022-02-09,09:20,4,B,song,field recording,yes,"[""Cyanistes caeruleus"", ""Carduelis carduelis""]",44100,https://xeno-canto.org/701211,https://xeno-canto.org/701211/download,
700369,Spinus spinus,Eurasian Siskin,Karol Łanocha,Poland,2022-02-04,14:00,3,B,flight call,field recording,yes,[],44100,https://xeno-canto.org/700369,https://xeno-canto.org/700369/download,
700268,Spinus spinus,Eurasian Siskin,Romuald Mikusek,Poland,2020-11-09,07:10,12,B,flight call,field recording,no,[],24000,https://xeno-canto.org/700268,https://xeno-canto.org/700268/download,
700267,Spinus spinus,Eurasian Siskin,Romuald Mikusek,Poland,2020-11-09,07:00,2,B,flight call,field recording,no,[],24000,https://xeno-canto.org/700267,https://xeno-canto.org/700267/download,
699864,Spinus spinus,Eurasian Siskin,Lars Edenius,Sweden,2022-01-31,09:00,8,B,flight call,field recording,yes,[],48000,https://xeno-canto.org/699864,https://xeno-canto.org/699864/download,
699654,Spinus spinus,Eurasian Siskin,Grzegorz Lorek,Poland,2021-12-27,11:30,10,B,call,field recording,no,[],48000,https://xeno-canto.org/699654,https://xeno-canto.org/699654/download,
698746,Spinus spinus,Eurasian Siskin,Peter Boesman,Belgium,2022-01-24,11:30,22,B,call,field recording,unknown,[],44100,https://xeno-canto.org/698746,https://xeno-canto.org/698746/download,
698566,Spinus spinus,Eurasian Siskin,Dominique Guillerme,France,2020-03-28,12:42,17,B,song,field recording,yes,[],48000,https://xeno-canto.org/698566,https://xeno-canto.org/698566/download,
698367,Spinus spinus,Eurasian Siskin,Sergi,Spain,2022-01-23,07:40,35,B,flight call,field recording,no,[],44100,https://xeno-canto.org/698367,https://xeno-canto.org/698367/download,
696629,Spinus spinus,Eurasian Siskin,Shailesh Patel,United Kingdom,2022-01-11,10:04,20,B,"aberrant, song",field recording,yes,[],44100,https://xeno-canto.org/696629,https://xeno-canto.org/696629/download,
696475,Spinus spinus,Eurasian Siskin,Andrew Harrop,United Kingdom,2022-01-11,10:30,3,B,call,field recording,yes,[],44100,https://xeno-canto.org/696475,https://xeno-canto.org/696475/download,
695958,Spinus spinus,Eurasian Siskin,Oscar Vilches Mendoza,Spain,2021-11-13,07:30,16,B,nocturnal flight call,field recording,no,"[""Motacilla alba""]",44100,https://xeno-canto.org/695958,https://xeno-canto.org/695958/download,
690236,Spinus spinus,Eurasian Siskin,Jordi Calvet,Spain,2021-12-04,11:00,18,B,flight call,field recording,yes,"[""Fringilla coelebs""]",48000,https://xeno-canto.org/690236,https://xeno-canto.org/690236/download,
689763,Spinus spinus,Eurasian Siskin,Stanislas Wroza,France,2021-11-09,09:00,32,B,"call, flight call, polyphonic call",field recording,yes,[],48000,https://xeno-canto.org/689763,https://xeno-canto.org/689763/download,
689762,Spinus spinus,Eurasian Siskin,Stanislas Wroza,France,2021-11-09,09:00,56,B,"call, flight call, rising call",field recording,yes,[],48000,https://xeno-canto.org/689762,https://xeno-canto.org/689762/download,
688570,Spinus spinus,Eurasian Siskin,Hannu Varkki,Finland,2021-10-08,08:20,39,B,"call, flight call, excitement call",field recording,yes,"[""Parus major""]",48000,https://xeno-canto.org/688570,https://xeno-canto.org/688570/download,
688569,Spinus spinus,Eurasian Siskin,Hannu Varkki,Finland,2021-10-08,08:20,19,B,"call, flight call, excitement call",field recording,no,"[""Cyanistes caeruleus"", ""Larus argentatus"", ""Corvus cornix""]",48000,https://xeno-canto.org/688569,https://xeno-canto.org/688569/download,
688209,Spinus spinus,Eurasian Siskin,Lars Edenius,Sweden,2021-05-09,17:00,45,B,"call, song",field recording,no,"[""Turdus iliacus"", ""Turdus philomelos""]",48000,https://xeno-canto.org/688209,https://xeno-canto.org/688209/download,
687570,Spinus spinus,Eurasian Siskin,Irish Wildlife Sounds,Ireland,2021-10-29,09:00,34,B,flight call,field recording,yes,[],44100,https://xeno-canto.org/687570,https://xeno-canto.org/687570/download,
687569,Spinus spinus,Eurasian Siskin,Irish Wildlife Sounds,Ireland,2021-10-29,09:00,30,B,flight call,field recording,yes,[],44100,https://xeno-canto.org/687569,https://xeno-canto.org/687569/download,
687568,Spinus spinus,Eurasian Siskin,Irish Wildlife Sounds,Ireland,2021-10-29,09:00,10,B,flight call,field recording,yes,[],44100,https://xeno-canto.org/687568,https://xeno-canto.org/687568/download,
687567,Spinus spinus,Eurasian Siskin,Irish Wildlife Sounds,Ireland,2021-10-29,09:00,46,B,flight call,field recording,yes,[],44100,https://xeno-canto.org/687567,https://xeno-canto.org/687567/download,
687002,Spinus spinus,Eurasian Siskin,Jorge Leitão,Portugal,2021-11-13,12:09,25,B,"call, flight call",field recording,yes,"[""Cisticola juncidis"", ""Phylloscopus collybita""]",44100,https://xeno-canto.org/687002,https://xeno-canto.org/687002/download,
686999,Spinus spinus,Eurasian Siskin,Jorge Leitão,Portugal,2021-11-13,11:01,41,B,flight call,field recording,yes,"[""Cettia cetti"", ""Erithacus rubecula"", ""Certhia brachydactyla"", ""Chloris chloris""]",44100,https://xeno-canto.org/686999,https://xeno-canto.org/686999/download,
686998,Spinus spinus,Eurasian Siskin,Jorge Leitão,Portugal,2021-11-13,12:33,29,B,flight call,field recording,yes,[],44100,https://xeno-canto.org/686998,https://xeno-canto.org/686998/download,
686925,Spinus spinus,Eurasian Siskin,Niels Van Doninck,Norway,2021-06-03,14:15,42,B,"call, flight call",field recording,yes,"[""Fringilla coelebs"", ""Cuculus canorus"", ""Ficedula hypoleuca"", ""Larus canus""]",48000,https://xeno-canto.org/686925,https://xeno-canto.org/686925/download,
686920,Spinus spinus,Eurasian Siskin,Niels Van Doninck,Norway,2021-06-03,14:10,6,B,flight call,field recording,yes,"[""Saxicola rubetra""]",48000,https://xeno-canto.org/686920,https://xeno-canto.org/686920/download,
686917,Spinus spinus,Eurasian Siskin,Niels Van Doninck,Norway,2021-06-03,14:05,27,B,"alarm call, call",field recording,yes,"[""Fringilla coelebs"", ""Cuculus canorus"", ""Fringilla montifringilla"", ""Phylloscopus collybita""]",48000,https://xeno-canto.org/686917,https://xeno-canto.org/686917/download,
686740,Spinus spinus,Eurasian Siskin,Gianluca Congi,Italy,2021-03-01,16:53,14,B,"call, flight call",field recording,no,[],44100,https://xeno-canto.org/686740,https://xeno-canto.org/686740/download,
685940,Spinus spinus,Eurasian Siskin,Jorge Leitão,Portugal,2021-11-11,11:17,19,B,flight call,field recording,yes,[],44100,https://xeno-canto.org/685940,https://xeno-canto.org/685940/download,
685895,Spinus spinus,Eurasian Siskin,Christian Kerihuel,France,2021-11-12,08:00,14,B,flight call,field recording,unknown,[],44100,https://xeno-canto.org/685895,https://xeno-canto.org/685895/download,
685828,Spinus spinus,Eurasian Siskin,Dimitri,Italy,2021-11-11,15:00,39,B,call,field recording,yes,[],48000,https://xeno-canto.org/685828,https://xeno-canto.org/685828/download,
685083,Spinus spinus,Eurasian Siskin,W. Agster,Germany,2021-11-07,10:30,4,B,"call, flight call",field recording,yes,[],48000,https://xeno-canto.org/685083,https://xeno-canto.org/685083/download,
684367,Spinus spinus,Eurasian Siskin,Sergi,Spain,2021-11-04,06:40,13,B,nocturnal flight call,field recording,no,[],44100,https://xeno-canto.org/684367,https://xeno-canto.org/684367/download,
684104,Spinus spinus,Eurasian Siskin,Gosse Hoekstra,Netherlands,2021-10-29,11:00,27,B,flight call,field recording,no,[],44100,https://xeno-canto.org/684104,https://xeno-canto.org/684104/download,
683639,Spinus spinus,Eurasian Siskin,Maarten Sluijter,Netherlands,2021-10-28,10:14,12,B,flight call,field recording,yes,[],44100,https://xeno-canto.org/683639,https://xeno-canto.org/683639/download,
682965,Spinus spinus,Eurasian Siskin,Stanislas Wroza,France,2021-10-25,09:00,17,B,"flight call, bird in migration",field recording,yes,[],48000,https://xeno-canto.org/682965,https://xeno-canto.org/682965/download,
682911,Spinus spinus,Eurasian Siskin,Stanislas Wroza,France,2021-10-23,09:00,9,B,"call, flight call, bird in migration, buzzy nasal call",field recording,yes,[],48000,https://xeno-canto.org/682911,https://xeno-canto.org/682911/download,
682019,Spinus spinus,Eurasian Siskin,brickegickel,Germany,2021-10-14,12:00,2,B,flight call,field recording,no,[],44100,https://xeno-canto.org/682019,https://xeno-canto.org/682019/download,
681827,Spinus spinus,Eurasian Siskin,Georg Amann,Austria,2021-10-20,08:45,11,B,"call, flight call",field recording,unknown,"[""Fringilla montifringilla""]",44100,https://xeno-canto.org/681827,https://xeno-canto.org/681827/download,
681726,Spinus spinus,Eurasian Siskin,Jerome Fischer,Switzerland,2021-07-21,07:00,22,B,call,field recording,yes,[],48000,https://xeno-canto.org/681726,https://xeno-canto.org/681726/download,
681725,Spinus spinus,Eurasian Siskin,Jerome Fischer,Switzerland,2021-07-21,07:00,35,B,call,field recording,yes,[],48000,https://xeno-canto.org/681725,https://xeno-canto.org/681725/download,
681620,Spinus spinus,Eurasian Siskin,Guillaume Petitjean,France,2021-10-17,07:00,3,B,flight call,field recording,unknown,[],44100,https://xeno-canto.org/681620,https://xeno-canto.org/681620/download,
681232,Spinus spinus,Eurasian Siskin,Dimitri,Italy,2021-10-18,14:00,13,B,flight call,field recording,yes,[],48000,https://xeno-canto.org/681232,https://xeno-canto.org/681232/download,
680983,Spinus spinus,Eurasian Siskin,Feliu López i Gelats,Spain,2020-10-15,07:30,11,B,nocturnal flight call,field recording,no,"[""Turdus philomelos""]",44100,https://xeno-canto.org/680983,https://xeno-canto.org/680983/download,
680560,Spinus spinus,Eurasian Siskin,Ricardo Hevia,Spain,2021-10-15,07:00,18,B,nocturnal flight call,field recording,no,[],44100,https://xeno-canto.org/680560,https://xeno-canto.org/680560/download,
680400,Spinus spinus,Eurasian Siskin,Sergi,Spain,2021-10-11,07:31,12,B,"flight call, nocturnal flight call",field recording,no,[],44100,https://xeno-canto.org/680400,https://xeno-canto.org/680400/download,
679499,Spinus spinus,Eurasian Siskin,Lisette,Netherlands,2021-10-10,07:51,10,B,"call, flight call",field recording,yes,[],44100,https://xeno-canto.org/679499,https://xeno-canto.org/679499/download,
679437,Spinus spinus,Eurasian Siskin,Gianluca Congi,Italy,2021-02-21,11:15,17,B,"call, flight call, social call, various calls in flight",field recording,no,[],48000,https://xeno-canto.org/679437,https://xeno-canto.org/679437/download,
678356,Spinus spinus,Eurasian Siskin,Sergi,Spain,2021-10-02,09:05,18,B,flight call,field recording,no,[],44100,https://xeno-canto.org/678356,https://xeno-canto.org/678356/download,
672680,Spinus spinus,Eurasian Siskin,Giuseppe Speranza,Italy,2021-09-04,09:00,32,B,call,field recording,no,[],44100,https://xeno-canto.org/672680,https://xeno-canto.org/672680/download,
666913,Spinus spinus,Eurasian Siskin,Irish Wildlife Sounds,Ireland,2021-06-21,18:00,22,B,"imitation, song, mimicry/imitation",field recording,yes,[],44100,https://xeno-canto.org/666913,https://xeno-canto.org/666913/download,
666912,Spinus spinus,Eurasian Siskin,Irish Wildlife Sounds,Ireland,2021-06-21,18:00,15,B,"imitation, song, mimicry/imitation",field recording,yes,[],44100,https://xeno-canto.org/666912,https://xeno-canto.org/666912/download,
658652,Spinus spinus,Eurasian Siskin,Sean Morris,United Kingdom,2021-06-23,07:40,34,B,"call, song",field recording,yes,"[""Tringa nebularia"", ""Haematopus ostralegus"", ""Vanellus vanellus"", ""Corvus cornix""]",44100,https://xeno-canto.org/658652,https://xeno-canto.org/658652/download,
648381,Spinus spinus,Eurasian Siskin,Irish Wildlife Sounds,Ireland,2021-04-14,10:00,14,B,flight call,field recording,no,[],44100,https://xeno-canto.org/648381,https://xeno-canto.org/648381/download,
648379,Spinus spinus,Eurasian Siskin,Irish Wildlife Sounds,Ireland,2021-04-14,10:00,31,B,flight call,field recording,no,[],44100,https://xeno-canto.org/648379,https://xeno-canto.org/648379/download,
647080,Spinus spinus,Eurasian Siskin,Sean Morris,United Kingdom,2021-05-10,15:15,59,B,"call, song",field recording,yes,[],44100,https://xeno-canto.org/647080,https://xeno-canto.org/647080/download,
646673,Spinus spinus,Eurasian Siskin,Lars Edenius,Sweden,2021-05-08,20:00,31,B,song,field recording,yes,"[""Turdus philomelos""]",48000,https://xeno-canto.org/646673,https://xeno-canto.org/646673/download,
644290,Spinus spinus,Eurasian Siskin,Mark Pearson,United Kingdom,2021-04-20,21:20,17,B,"call, flight call, nocturnal flight call",field recording,no,[],44100,https://xeno-canto.org/644290,https://xeno-canto.org/644290/download,
641254,Spinus spinus,Eurasian Siskin,Peter Boesman,Belgium,2021-04-20,09:00,27,B,"call, song",field recording,unknown,[],44100,https://xeno-canto.org/641254,https://xeno-canto.org/641254/download,
641247,Spinus spinus,Eurasian Siskin,Peter Boesman,Belgium,2021-04-20,08:30,41,B,call,field recording,unknown,[],44100,https://xeno-canto.org/641247,https://xeno-canto.org/641247/download,
641246,Spinus spinus,Eurasian Siskin,Peter Boesman,Belgium,2021-04-20,08:30,23,B,call,field recording,unknown,[],44100,https://xeno-canto.org/641246,https://xeno-canto.org/641246/download,
641242,Spinus spinus,Eurasian Siskin,Peter Boesman,Belgium,2021-04-20,08:30,20,B,call,field recording,unknown,[],44100,https://xeno-canto.org/641242,https://xeno-canto.org/641242/download,
638901,Spinus spinus,Eurasian Siskin,Karol Łanocha,Poland,2021-04-02,12:20,25,B,"call, song",field recording,yes,[],24000,https://xeno-canto.org/638901,https://xeno-canto.org/638901/download,
638577,Spinus spinus,Eurasian Siskin,Sean Morris,United Kingdom,2021-04-12,15:08,25,B,flight call,field recording,no,"[""Anser anser""]",48000,https://xeno-canto.org/638577,https://xeno-canto.org/638577/download,
637100,Spinus spinus,Eurasian Siskin,Christian Bøggild,Denmark,2021-04-03,12:24,17,B,"call, song",field recording,yes,[],48000,https://xeno-canto.org/637100,https://xeno-canto.org/637100/download,
636908,Spinus spinus,Eurasian Siskin,Sławomir Karpicki-Ignatowski,Poland,2021-04-07,17:00,32,B,song,field recording,no,[],44100,https://xeno-canto.org/636908,https://xeno-canto.org/636908/download,
634247,Spinus spinus,Eurasian Siskin,Siméon Béasse,France,2020-11-11,09:30,12,B,uncertain,field recording,unknown,[],44100,https://xeno-canto.org/634247,https://xeno-canto.org/634247/download,
633583,Spinus spinus,Eurasian Siskin,Will Scott,United Kingdom,2021-03-30,07:30,7,B,flight call,field recording,yes,[],44100,https://xeno-canto.org/633583,https://xeno-canto.org/633583/download,
633558,Spinus spinus,Eurasian Siskin,julien Rochefort,France,2014-12-21,10:21,42,B,flight call,field recording,yes,[],44100,https://xeno-canto.org/633558,https://xeno-canto.org/633558/download,
632403,Spinus spinus,Eurasian Siskin,Micha Luhn,Germany,2021-03-26,15:00,37,B,song,field recording,yes,[],48000,https://xeno-canto.org/632403,https://xeno-canto.org/632403/download,
631706,Spinus spinus,Eurasian Siskin,Will Scott,United Kingdom,2021-03-25,07:30,7,B,flight call,field recording,yes,[],44100,https://xeno-canto.org/631706,https://xeno-canto.org/631706/download,
630398,Spinus spinus,Eurasian Siskin,Ireneusz Oleksik,Poland,2021-03-20,05:48,6,B,flight call,field recording,no,"[""Pica pica"", ""Streptopelia decaocto""]",44100,https://xeno-canto.org/630398,https://xeno-canto.org/630398/download,
630221,Spinus spinus,Eurasian Siskin,Marcin Urbański,Poland,2021-02-20,12:00,19,B,flight call,field recording,yes,[],44100,https://xeno-canto.org/630221,https://xeno-canto.org/630221/download,
629860,Spinus spinus,Eurasian Siskin,Simon Elliott,United Kingdom,2021-03-17,13:00,23,B,song,field recording,yes,"[""Fringilla coelebs""]",48000,https://xeno-canto.org/629860,https://xeno-canto.org/629860/download,
628552,Spinus spinus,Eurasian Siskin,Samuel Levy,United Kingdom,2021-03-03,08:03,54,B,"call, flight call, song",field recording,yes,"[""Erithacus rubecula""]",44100,https://xeno-canto.org/628552,https://xeno-canto.org/628552/download,
627780,Spinus spinus,Eurasian Siskin,Ireneusz Oleksik,Poland,2021-03-09,15:30,51,B,call,field recording,no,"[""Coccothraustes coccothraustes""]",48000,https://xeno-canto.org/627780,https://xeno-canto.org/627780/download,
627540,Spinus spinus,Eurasian Siskin,Stanislas Wroza,France,2021-03-07,08:00,23,B,"flight call, huge flock",field recording,yes,[],48000,https://xeno-canto.org/627540,https://xeno-canto.org/627540/download,
626694,Spinus spinus,Eurasian Siskin,Stanislas Wroza,France,2021-02-28,15:00,59,B,song,field recording,yes,[],48000,https://xeno-canto.org/626694,https://xeno-canto.org/626694/download,
626670,Spinus spinus,Eurasian Siskin,Stanislas Wroza,France,2021-02-26,15:00,11,B,"call, dry call",field recording,yes,[],48000,https://xeno-canto.org/626670,https://xeno-canto.org/626670/download,
625427,Spinus spinus,Eurasian Siskin,Charlie Bodin,France,2021-03-01,10:30,44,B,flight call,field recording,no,[],48000,https://xeno-canto.org/625427,https://xeno-canto.org/625427/download,
625136,Spinus spinus,Eurasian Siskin,Camille Monnet,France,2021-02-27,14:30,24,B,song,field recording,yes,[],44100,https://xeno-canto.org/625136,https://xeno-canto.org/625136/download,
623627,Spinus spinus,Eurasian Siskin,Frank Lambert,United Kingdom,2020-09-15,08:45,14,B,flight call,field recording,yes,[],44100,https://xeno-canto.org/623627,https://xeno-canto.org/623627/download,
623463,Spinus spinus,Eurasian Siskin,Peter Boesman,Belgium,2021-02-21,09:30,10,B,"call, flight call",field recording,unknown,[],44100,https://xeno-canto.org/623463,https://xeno-canto.org/623463/download,
623455,Spinus spinus,Eurasian Siskin,Peter Boesman,Belgium,2021-02-21,09:00,57,B,song,field recording,unknown,[],44100,https://xeno-canto.org/623455,https://xeno-canto.org/623455/download,
623342,Spinus spinus,Eurasian Siskin,Peter Boesman,Belgium,2021-02-19,08:45,45,B,"call, song",field recording,unknown,[],44100,https://xeno-canto.org/623342,https://xeno-canto.org/623342/download,
623337,Spinus spinus,Eurasian Siskin,Peter Boesman,Belgium,2021-02-19,08:00,13,B,flight call,field recording,unknown,[],44100,https://xeno-canto.org/623337,https://xeno-canto.org/623337/download,
622048,Spinus spinus,Eurasian Siskin,Karol Łanocha,Poland,2021-02-12,13:05,20,B,"call, flight call, song",field recording,yes,"[""Turdus merula""]",24000,https://xeno-canto.org/622048,https://xeno-canto.org/622048/download,
621411,Spinus spinus,Eurasian Siskin,Irish Wildlife Sounds,Ireland,2021-02-07,9:00,38,B,call,field recording,no,[],44100,https://xeno-canto.org/621411,https://xeno-canto.org/621411/download,
619309,Spinus spinus,Eurasian Siskin,Georg Amann,Austria,2021-02-03,09:50,39,B,"song, imitation?",field recording,yes,[],44100,https://xeno-canto.org/619309,https://xeno-canto.org/619309/download,
617158,Spinus spinus,Eurasian Siskin,Stanislas Wroza,France,2021-01-24,08:30,35,B,flight call,field recording,yes,[],48000,https://xeno-canto.org/617158,https://xeno-canto.org/617158/download,
615034,Spinus spinus,Eurasian Siskin,Paulo Alves,Portugal,2021-01-14,10:00,58,B,"call, flight call, song",field recording,yes,"[""Cyanistes caeruleus"", ""Fringilla coelebs""]",48000,https://xeno-canto.org/615034,https://xeno-canto.org/615034/download,
614221,Spinus spinus,Eurasian Siskin,Stanislas Wroza,France,2021-01-10,08:00,32,B,"call, flight call, social calls, various calls in flight",field recording,yes,[],48000,https://xeno-canto.org/614221,https://xeno-canto.org/614221/download,
613432,Spinus spinus,Eurasian Siskin,Calum Mckellar,United Kingdom,2020-01-04,10:32,22,B,flight call,field recording,yes,"[""Loxia curvirostra""]",44100,https://xeno-canto.org/613432,https://xeno-canto.org/613432/download,
612065,Spinus spinus,Eurasian Siskin,Ireneusz Oleksik,Poland,2021-01-01,15:03,31,B,"call, flight call",field recording,yes,[],48000,https://xeno-canto.org/612065,https://xeno-canto.org/612065/download,
608689,Spinus spinus,Eurasian Siskin,Luca Forneris,Italy,2020-12-07,07:34,11,B,call,field recording,no,"[""Fringilla coelebs"", ""Garrulus glandarius""]",44100,https://xeno-canto.org/608689,https://xeno-canto.org/608689/download,
606697,Spinus spinus,Eurasian Siskin,Nelson Conceição,Portugal,2020-11-19,10:36,6,B,flight call,field recording,no,[],48000,https://xeno-canto.org/606697,https://xeno-canto.org/606697/download,
605682,Spinus spinus,Eurasian Siskin,Hervé,France,2020-11-28,08:00,10,B,call,field recording,no,[],44100,https://xeno-canto.org/605682,https://xeno-canto.org/605682/download,
604857,Spinus spinus,Eurasian Siskin,Arjun Dutta,United Kingdom,2020-11-15,10:06,19,B,flight call,field recording,yes,[],44100,https://xeno-canto.org/604857,https://xeno-canto.org/604857/download,
602628,Spinus spinus,Eurasian Siskin,Stanislas Wroza,France,2020-11-14,07:30,41,B,"call, flight call, imitation, redpoll mimicry, various complex calls in fly",field recording,yes,[],48000,https://xeno-canto.org/602628,https://xeno-canto.org/602628/download,
601400,Spinus spinus,Eurasian Siskin,Frederik Fluyt,Belgium,2020-11-09,06:30,9,B,flight call,field recording,unknown,[],44100,https://xeno-canto.org/601400,https://xeno-canto.org/601400/download,
600225,Spinus spinus,Eurasian Siskin,Christian Kerihuel,France,2020-11-04,10:00,12,B,flight call,field recording,unknown,[],44100,https://xeno-canto.org/600225,https://xeno-canto.org/600225/download,
598126,Spinus spinus,Eurasian Siskin,Craig Brookes,United Kingdom,2020-10-22,10:50,19,B,flight call,field recording,yes,"[""Regulus regulus"", ""Fringilla coelebs"", ""Periparus ater""]",44100,https://xeno-canto.org/598126,https://xeno-canto.org/598126/download,
596744,Spinus spinus,Eurasian Siskin,Niels Van Doninck,Norway,2020-06-09,12:25,12,B,flight call,field recording,yes,"[""Anthus trivialis""]",48000,https://xeno-canto.org/596744,https://xeno-canto.org/596744/download,
596633,Spinus spinus,Eurasian Siskin,Alain Verneau,France,2020-10-19,09:00,7,B,flight call,field recording,yes,"[""Fringilla coelebs""]",44100,https://xeno-canto.org/596633,https://xeno-canto.org/596633/download,
594698,Spinus spinus,Eurasian Siskin,Peter Boesman,Netherlands,2020-10-09,09:30,24,B,flight call,field recording,unknown,[],44100,https://xeno-canto.org/594698,https://xeno-canto.org/594698/download,
594598,Spinus spinus,Eurasian Siskin,Lisette Cuperus,Netherlands,2020-10-11,16:38,15,B,"call, flight call",field recording,no,[],44100,https://xeno-canto.org/594598,https://xeno-canto.org/594598/download,
593613,Spinus spinus,Eurasian Siskin,Arjun Dutta,United Kingdom,2020-10-07,07:15,12,B,flight call,field recording,no,[],44100,https://xeno-canto.org/593613,https://xeno-canto.org/593613/download,
593360,Spinus spinus,Eurasian Siskin,Andrew Harrop,United Kingdom,2020-10-06,16:00,8,B,call,field recording,yes,[],44100,https://xeno-canto.org/593360,https://xeno-canto.org/593360/download,
592453,Spinus spinus,Eurasian Siskin,Ireneusz Oleksik,Poland,2020-10-03,06:14,6,B,flight call,field recording,no,[],48000,https://xeno-canto.org/592453,https://xeno-canto.org/592453/download,
591745,Spinus spinus,Eurasian Siskin,Krzysztof Deoniziak,Poland,2020-09-24,05:00,12,B,call,field recording,no,[],44100,https://xeno-canto.org/591745,https://xeno-canto.org/591745/download,
591259,Spinus spinus,Eurasian Siskin,Ireneusz Oleksik,Poland,2020-09-27,06:56,8,B,flight call,field recording,no,[],48000,https://xeno-canto.org/591259,https://xeno-canto.org/591259/download,
590294,Spinus spinus,Eurasian Siskin,John Sirrett,United Kingdom,2020-09-20,07:00,27,B,"flight call, song, anthropogenic",field recording,yes,[],48000,https://xeno-canto.org/590294,https://xeno-canto.org/590294/download,
587229,Spinus spinus,Eurasian Siskin,Stein Ø. Nilsen,Norway,2019-05-27,06:30,10,B,call,field recording,no,[],48000,https://xeno-canto.org/587229,https://xeno-canto.org/587229/download,
585885,Spinus spinus,Eurasian Siskin,Bodo Sonnenburg,Germany,2020-09-01,06:57,19,B,call,field recording,yes,"[""Picus viridis""]",48000,https://xeno-canto.org/585885,https://xeno-canto.org/585885/download,
585119,Spinus spinus,Eurasian Siskin,Ireneusz Oleksik,Poland,2020-08-27,18:25,8,B,call,field recording,no,[],44100,https://xeno-canto.org/585119,https://xeno-canto.org/585119/download,
584649,Spinus spinus,Eurasian Siskin,Lars Edenius,Sweden,2020-08-25,09:00,15,B,call,field recording,yes,[],48000,https://xeno-canto.org/584649,https://xeno-canto.org/584649/download,
579484,Spinus spinus,Eurasian Siskin,W. Agster,Germany,2020-07-15,08:45,20,B,call,field recording,yes,[],48000,https://xeno-canto.org/579484,https://xeno-canto.org/579484/download,
577727,Spinus spinus,Eurasian Siskin,Michał Jezierski,Poland,2020-06-30,11:53,8,B,call,field recording,yes,[],48000,https://xeno-canto.org/577727,https://xeno-canto.org/577727/download,
577457,Spinus spinus,Eurasian Siskin,Stanislas Wroza,France,2020-07-19,07:00,33,B,"call, song",field recording,yes,[],48000,https://xeno-canto.org/577457,https://xeno-canto.org/577457/download,
577430,Spinus spinus,Eurasian Siskin,Stanislas Wroza,France,2020-07-19,07:00,31,B,"call, song",field recording,yes,[],48000,https://xeno-canto.org/577430,https://xeno-canto.org/577430/download,
574305,Spinus spinus,Eurasian Siskin,Charlie Bodin,France,2020-07-05,07:30,5,B,"alarm call, flight call",field recording,yes,[],48000,https://xeno-canto.org/574305,https://xeno-canto.org/574305/download,
568851,Spinus spinus,Eurasian Siskin,Andrew Harrop,United Kingdom,2020-06-15,06:30,6,B,flight call,field recording,yes,[],44100,https://xeno-canto.org/568851,https://xeno-canto.org/568851/download,
567720,Spinus spinus,Eurasian Siskin,Stephan Risch,Germany,2020-01-20,11:05,14,B,song,field recording,unknown,[],32000,https://xeno-canto.org/567720,https://xeno-canto.org/567720/download,
565379,Spinus spinus,Eurasian Siskin,Rinse van der Vliet,Portugal,2016-03-13,10:13,46,B,song,field recording,yes,"[""Regulus regulus"", ""Fringilla coelebs""]",44100,https://xeno-canto.org/565379,https://xeno-canto.org/565379/download,
556767,Spinus spinus,Eurasian Siskin,Guillaume Bigayon,France,2019-03-30,14:00,7,B,call,field recording,yes,[],44100,https://xeno-canto.org/556767,https://xeno-canto.org/556767/download,
554309,Spinus spinus,Eurasian Siskin,Peter Stronach,United Kingdom,2020-05-04,11:30,23,B,call,field recording,yes,"[""Columba palumbus"", ""Fringilla coelebs"", ""Numenius arquata""]",44100,https://xeno-canto.org/554309,https://xeno-canto.org/554309/download,
552966,Spinus spinus,Eurasian Siskin,Romuald Mikusek,Poland,2020-01-16,13:15,19,B,"call, subsong",field recording,yes,[],48000,https://xeno-canto.org/552966,https://xeno-canto.org/552966/download,
541952,Spinus spinus,Eurasian Siskin,Romuald Mikusek,Poland,2020-01-16,13:00,47,B,"call, song",field recording,yes,[],48000,https://xeno-canto.org/541952,https://xeno-canto.org/541952/download,
541936,Spinus spinus,Eurasian Siskin,Romuald Mikusek,Poland,2020-01-16,13:00,29,B,"call, flight call, subsong",field recording,yes,[],48000,https://xeno-canto.org/541936,https://xeno-canto.org/541936/download,
541931,Spinus spinus,Eurasian Siskin,Romuald Mikusek,Poland,2020-01-16,13:00,43,B,"call, subsong",field recording,yes,"[""Parus major""]",48000,https://xeno-canto.org/541931,https://xeno-canto.org/541931/download,
541895,Spinus spinus,Eurasian Siskin,Romuald Mikusek,Poland,2020-01-16,12:30,8,B,subsong,field recording,yes,[],48000,https://xeno-canto.org/541895,https://xeno-canto.org/541895/download,
541287,Spinus spinus,Eurasian Siskin,maudoc,Italy,2020-04-04,07:00,52,B,song,field recording,yes,[],48000,https://xeno-canto.org/541287,https://xeno-canto.org/541287/download,
539629,Spinus spinus,Eurasian Siskin,Bram Vogels,Belgium,2019-10-14,00:00,12,B,flight call,field recording,yes,[],44100,https://xeno-canto.org/539629,https://xeno-canto.org/539629/download,
539301,Spinus spinus,Eurasian Siskin,Benoît Van Hecke,France,2020-03-28,14:00,15,B,call,field recording,unknown,[],48000,https://xeno-canto.org/539301,https://xeno-canto.org/539301/download,
538428,Spinus spinus,Eurasian Siskin,Bertrand Dallet,France,2018-12-28,09:00,40,B,flight call,field recording,no,"[""Regulus regulus""]",44100,https://xeno-canto.org/538428,https://xeno-canto.org/538428/download,
538341,Spinus spinus,Eurasian Siskin,Jorge Leitão,Netherlands,2020-03-13,10:32,14,B,"aberrant, call",field recording,no,[],44100,https://xeno-canto.org/538341,https://xeno-canto.org/538341/download,
535847,Spinus spinus,Eurasian Siskin,Stanislas Wroza,France,2018-02-18,08:00,45,B,flight call,field recording,no,[],44100,https://xeno-canto.org/535847,https://xeno-canto.org/535847/download,
535820,Spinus spinus,Eurasian Siskin,Stanislas Wroza,France,2018-03-17,09:00,7,B,"call, song",field recording,yes,[],44100,https://xeno-canto.org/535820,https://xeno-canto.org/535820/download,
535817,Spinus spinus,Eurasian Siskin,Stanislas Wroza,France,2018-03-17,09:00,17,B,"call, song, subsong",field recording,yes,[],44100,https://xeno-canto.org/535817,https://xeno-canto.org/535817/download,
535813,Spinus spinus,Eurasian Siskin,Stanislas Wroza,France,2018-03-17,09:00,54,B,"call, song",field recording,yes,[],44100,https://xeno-canto.org/535813,https://xeno-canto.org/535813/download,
535504,Spinus spinus,Eurasian Siskin,Stanislas Wroza,France,2020-03-14,07:30,9,B,flight call,field recording,yes,[],48000,https://xeno-canto.org/535504,https://xeno-canto.org/535504/download,
535503,Spinus spinus,Eurasian Siskin,Stanislas Wroza,France,2020-03-14,07:30,42,B,"call, flight call, song",field recording,yes,[],48000,https://xeno-canto.org/535503,https://xeno-canto.org/535503/download,
535501,Spinus spinus,Eurasian Siskin,Stanislas Wroza,France,2020-03-14,07:30,15,B,"call, flight call, song",field recording,yes,[],48000,https://xeno-canto.org/535501,https://xeno-canto.org/535501/download,
531237,Spinus spinus,Eurasian Siskin,Jorge Leitão,Portugal,2020-03-01,13:53,16,B,"alarm call, flock sound",field recording,yes,[],44100,https://xeno-canto.org/531237,https://xeno-canto.org/531237/download,
529918,Spinus spinus,Eurasian Siskin,Guido Ceccolini,Italy,2020-02-24,16:36,48,B,"call, song",field recording,yes,[],44100,https://xeno-canto.org/529918,https://xeno-canto.org/529918/download,
528925,Spinus spinus,Eurasian Siskin,Nelson Conceição,Portugal,2020-02-17,18:21,22,B,call,field recording,no,[],48000,https://xeno-canto.org/528925,https://xeno-canto.org/528925/download,
527817,Spinus spinus,Eurasian Siskin,Nelson Conceição,Portugal,2020-02-03,16:42,15,B,call,field recording,yes,"[""Cyanopica cooki"", ""Turdus merula"", ""Troglodytes troglodytes""]",48000,https://xeno-canto.org/527817,https://xeno-canto.org/527817/download,
527813,Spinus spinus,Eurasian Siskin,Nelson Conceição,Portugal,2020-02-03,16:32,7,B,call,field recording,no,"[""Fringilla coelebs""]",48000,https://xeno-canto.org/527813,https://xeno-canto.org/527813/download,
527479,Spinus spinus,Eurasian Siskin,Lars Edenius,Sweden,2020-02-12,13:00,25,B,"call, song",field recording,yes,[],48000,https://xeno-canto.org/527479,https://xeno-canto.org/527479/download,
523239,Spinus spinus,Eurasian Siskin,Stanislas Wroza,France,2019-10-27,08:00,16,B,flight call,field recording,yes,[],48000,https://xeno-canto.org/523239,https://xeno-canto.org/523239/download,
522667,Spinus spinus,Eurasian Siskin,Stanislas Wroza,France,2019-12-28,09:00,59,B,flight call,field recording,yes,[],48000,https://xeno-canto.org/522667,https://xeno-canto.org/522667/download,
522603,Spinus spinus,Eurasian Siskin,Stanislas Wroza,France,2020-01-25,09:00,29,B,"call, flight call, song",field recording,yes,[],48000,https://xeno-canto.org/522603,https://xeno-canto.org/522603/download,
522582,Spinus spinus,Eurasian Siskin,Stanislas Wroza,France,2020-01-25,09:00,30,B,flight call,field recording,yes,[],48000,https://xeno-canto.org/522582,https://xeno-canto.org/522582/download,
522549,Spinus spinus,Eurasian Siskin,Harry Hussey,Ireland,2017-10-25,14:46,5,B,flight call,field recording,yes,[],44100,https://xeno-canto.org/522549,https://xeno-canto.org/522549/download,
522316,Spinus spinus,Eurasian Siskin,Ireneusz Oleksik,Poland,2020-01-25,12:08,6,B,call,field recording,no,[],48000,https://xeno-canto.org/522316,https://xeno-canto.org/522316/download,
520642,Spinus spinus,Eurasian Siskin,Nelson Conceição,Portugal,2020-01-05,09:05,15,B,flight call,field recording,no,[],48000,https://xeno-canto.org/520642,https://xeno-canto.org/520642/download,
520616,Spinus spinus,Eurasian Siskin,Tanguy Loïs,France,2020-01-15,10:00,57,B,"call, subsong",field recording,yes,[],48000,https://xeno-canto.org/520616,https://xeno-canto.org/520616/download,
518825,Spinus spinus,Eurasian Siskin,Jorge Leitão,Portugal,2020-01-10,11:26,11,B,"call, flight call, song, call in flock",field recording,yes,[],44100,https://xeno-canto.org/518825,https://xeno-canto.org/518825/download,
517815,Spinus spinus,Eurasian Siskin,Sean Ronayne,Spain,2020-01-02,17:00,17,B,call,field recording,yes,[],48000,https://xeno-canto.org/517815,https://xeno-canto.org/517815/download,
515369,Spinus spinus,Eurasian Siskin,Nelson Conceição,Portugal,2019-12-31,16:41,15,B,"call, flight call",field recording,yes,[],48000,https://xeno-canto.org/515369,https://xeno-canto.org/515369/download,
513656,Spinus spinus,Eurasian Siskin,Juha Saari,Finland,2019-12-27,08:19,17,B,nocturnal flight call,field recording,no,[],44100,https://xeno-canto.org/513656,https://xeno-canto.org/513656/download,
512058,Spinus spinus,Eurasian Siskin,Grzegorz Kaczorowski,Poland,2019-12-15,10:00,33,B,"alarm call, call, flight call",field recording,yes,"[""Fringilla coelebs"", ""Parus major"", ""Dendrocopos major"", ""Poecile montanus""]",44100,https://xeno-canto.org/512058,https://xeno-canto.org/512058/download,
508011,Spinus spinus,Eurasian Siskin,Ireneusz Oleksik,Poland,2019-11-24,07:00,13,B,flight call,field recording,no,[],48000,https://xeno-canto.org/508011,https://xeno-canto.org/508011/download,
507356,Spinus spinus,Eurasian Siskin,Jerome Fischer,Switzerland,2019-11-19,12:30,23,B,"call, flight call",field recording,yes,[],48000,https://xeno-canto.org/507356,https://xeno-canto.org/507356/download,
507355,Spinus spinus,Eurasian Siskin,Jerome Fischer,Switzerland,2019-11-19,12:30,16,B,call,field recording,yes,[],48000,https://xeno-canto.org/507355,https://xeno-canto.org/507355/download,
507351,Spinus spinus,Eurasian Siskin,Bertrand Dallet,France,2019-08-05,10:00,38,B,"call, flight call",field recording,no,[],44100,https://xeno-canto.org/507351,https://xeno-canto.org/507351/download,
507042,Spinus spinus,Eurasian Siskin,brickegickel,Germany,2019-11-16,10:30,8,B,flight call,field recording,no,[],44100,https://xeno-canto.org/507042,https://xeno-canto.org/507042/download,
506562,Spinus spinus,Eurasian Siskin,Ireneusz Oleksik,Poland,2019-11-11,06:41,8,B,flight call,field recording,no,"[""Turdus pilaris""]",44100,https://xeno-canto.org/506562,https://xeno-canto.org/506562/download,
505438,Spinus spinus,Eurasian Siskin,Baltasar Pinheiro,Sweden,2019-11-02,14:30,22,B,call,field recording,yes,[],44100,https://xeno-canto.org/505438,https://xeno-canto.org/505438/download,
504701,Spinus spinus,Eurasian Siskin,Jorge Leitão,Portugal,2019-10-27,14:49,20,B,call,field recording,yes,[],44100,https://xeno-canto.org/504701,https://xeno-canto.org/504701/download,
503708,Spinus spinus,Eurasian Siskin,Peter van Vlaardingen,Netherlands,2019-10-23,8:18,11,B,flight call,field recording,yes,"[""Anser anser"", ""Fulica atra"", ""Corvus corone"", ""Erithacus rubecula"", ""Anser albifrons""]",48000,https://xeno-canto.org/503708,https://xeno-canto.org/503708/download,
502444,Spinus spinus,Eurasian Siskin,Thomas Bergman,Sweden,2019-10-13,08:19,15,B,flight call,field recording,yes,"[""Corvus cornix""]",44100,https://xeno-canto.org/502444,https://xeno-canto.org/502444/download,
502023,Spinus spinus,Eurasian Siskin,Hannu Varkki,Finland,2019-10-10,09:10,8,B,call,field recording,yes,"[""Cyanistes caeruleus""]",44100,https://xeno-canto.org/502023,https://xeno-canto.org/502023/download,
502021,Spinus spinus,Eurasian Siskin,Ireneusz Oleksik,Poland,2019-10-12,06:45,10,B,flight call,field recording,no,[],44100,https://xeno-canto.org/502021,https://xeno-canto.org/502021/download,
493947,Spinus spinus,Eurasian Siskin,Gianluca Congi,Italy,2019-03-07,16:30,18,B,call,field recording,yes,"[""Turdus merula""]",44100,https://xeno-canto.org/493947,https://xeno-canto.org/493947/download,
489222,Spinus spinus,Eurasian Siskin,Andrew Harrop,United Kingdom,2019-07-28,11:00,11,B,song,field recording,yes,[],44100,https://xeno-canto.org/489222,https://xeno-canto.org/489222/download,
470812,Spinus spinus,Eurasian Siskin,Dries Van de Loock,Norway,2018-05-22,?,26,B,song,field recording,yes,[],48000,https://xeno-canto.org/470812,https://xeno-canto.org/470812/download,
468565,Spinus spinus,Eurasian Siskin,Alexander Henderson,United Kingdom,2019-04-07,07:18,21,B,call,field recording,no,"[""Columba palumbus"", ""Fringilla coelebs"", ""Turdus merula"", ""Corvus corone""]",44100,https://xeno-canto.org/468565,https://xeno-canto.org/468565/download,
467538,Spinus spinus,Eurasian Siskin,brickegickel,Germany,2019-04-19,12:00,4,B,call,field recording,no,[],44100,https://xeno-canto.org/467538,https://xeno-canto.org/467538/download,
467452,Spinus spinus,Eurasian Siskin,Lars Edenius,Sweden,2019-04-18,08:00,21,B,song,field recording,yes,"[""Erithacus rubecula""]",48000,https://xeno-canto.org/467452,https://xeno-canto.org/467452/download,
463562,Spinus spinus,Eurasian Siskin,Stanislas Wroza,Poland,2019-03-23,07:00,11,B,"call, flight call, short calls",field recording,yes,[],44100,https://xeno-canto.org/463562,https://xeno-canto.org/463562/download,
463025,Spinus spinus,Eurasian Siskin,Stanislas Wroza,Poland,2019-03-19,09:00,6,B,"call, imitation, crossbill mimicry",field recording,yes,[],44100,https://xeno-canto.org/463025,https://xeno-canto.org/463025/download,
463024,Spinus spinus,Eurasian Siskin,Stanislas Wroza,Poland,2019-03-19,09:00,13,B,call,field recording,yes,[],44100,https://xeno-canto.org/463024,https://xeno-canto.org/463024/download,
463023,Spinus spinus,Eurasian Siskin,Stanislas Wroza,Poland,2019-03-19,09:00,36,B,"call, brambling type call",field recording,yes,[],44100,https://xeno-canto.org/463023,https://xeno-canto.org/463023/download,
463021,Spinus spinus,Eurasian Siskin,Stanislas Wroza,Poland,2019-03-19,09:00,49,B,"call, ""v"" call",field recording,yes,[],44100,https://xeno-canto.org/463021,https://xeno-canto.org/463021/download,
463020,Spinus spinus,Eurasian Siskin,Stanislas Wroza,Poland,2019-03-19,09:00,42,B,"song, slow song",field recording,yes,[],44100,https://xeno-canto.org/463020,https://xeno-canto.org/463020/download,
462996,Spinus spinus,Eurasian Siskin,Stanislas Wroza,Poland,2019-03-21,09:00,20,B,"call, flight call, clicking calls",field recording,yes,[],44100,https://xeno-canto.org/462996,https://xeno-canto.org/462996/download,
462995,Spinus spinus,Eurasian Siskin,Stanislas Wroza,Poland,2019-03-21,09:00,24,B,"call, flight call, song",field recording,yes,[],44100,https://xeno-canto.org/462995,https://xeno-canto.org/462995/download,
462994,Spinus spinus,Eurasian Siskin,Stanislas Wroza,Poland,2019-03-21,09:00,12,B,flight call,field recording,yes,[],44100,https://xeno-canto.org/462994,https://xeno-canto.org/462994/download,
462614,Spinus spinus,Eurasian Siskin,Stanislas Wroza,Poland,2019-03-20,09:00,6,B,"flight call, monotonous flight call",field recording,yes,[],44100,https://xeno-canto.org/462614,https://xeno-canto.org/462614/download,
462402,Spinus spinus,Eurasian Siskin,Stanislas Wroza,Poland,2019-03-20,09:00,10,B,"call, flight call, song",field recording,yes,[],44100,https://xeno-canto.org/462402,https://xeno-canto.org/462402/download,
462401,Spinus spinus,Eurasian Siskin,Stanislas Wroza,Poland,2019-03-20,09:00,7,B,"call, flight call, song",field recording,yes,[],44100,https://xeno-canto.org/462401,https://xeno-canto.org/462401/download,
461384,Spinus spinus,Eurasian Siskin,Ireneusz Oleksik,Poland,2019-03-12,08:30,24,B,"call, song",field recording,yes,[],44100,https://xeno-canto.org/461384,https://xeno-canto.org/461384/download,
457045,Spinus spinus,Eurasian Siskin,Ireneusz Oleksik,Poland,2019-02-17,12:00,14,B,song,field recording,yes,[],44100,https://xeno-canto.org/457045,https://xeno-canto.org/457045/download,
456985,Spinus spinus,Eurasian Siskin,Lauren Zwemer,Netherlands,2017-02-17,10:00,9,B,call,field recording,yes,[],44100,https://xeno-canto.org/456985,https://xeno-canto.org/456985/download,
453185,Spinus spinus,Eurasian Siskin,Beatrix Saadi-Varchmin,Germany,2019-01-19,11:25,24,B,"call, social call and two other kinds of calls",field recording,yes,"[""Spinus spinus""]",44100,https://xeno-canto.org/453185,https://xeno-canto.org/453185/download,
453137,Spinus spinus,Eurasian Siskin,Beatrix Saadi-Varchmin,Germany,2019-01-19,11:18,23,B,song,field recording,yes,[],44100,https://xeno-canto.org/453137,https://xeno-canto.org/453137/download,
447832,Spinus spinus,Eurasian Siskin,Vincent Pourchaire,France,2018-12-28,08:30,14,B,call,field recording,no,[],44100,https://xeno-canto.org/447832,https://xeno-canto.org/447832/download,
445313,Spinus spinus,Eurasian Siskin,Bram Vogels,Belgium,2018-10-10,00:00,16,B,flight call,field recording,yes,[],44100,https://xeno-canto.org/445313,https://xeno-canto.org/445313/download,
444097,Spinus spinus,Eurasian Siskin,Karl-Birger Strann,Norway,2008-06-10,06:30,47,B,"call, song",field recording,yes,"[""Phylloscopus collybita""]",48000,https://xeno-canto.org/444097,https://xeno-canto.org/444097/download,
444096,Spinus spinus,Eurasian Siskin,Karl-Birger Strann,Norway,2010-06-12,05:00,23,B,call,field recording,yes,"[""Phylloscopus trochilus""]",48000,https://xeno-canto.org/444096,https://xeno-canto.org/444096/download,
444095,Spinus spinus,Eurasian Siskin,Karl-Birger Strann,Norway,2018-06-09,05:00,33,B,song,field recording,yes,"[""Turdus pilaris"", ""Phylloscopus trochilus"", ""Phylloscopus collybita""]",48000,https://xeno-canto.org/444095,https://xeno-canto.org/444095/download,
442801,Spinus spinus,Eurasian Siskin,W. Agster,Germany,2018-11-17,10:00,9,B,call,field recording,no,[],48000,https://xeno-canto.org/442801,https://xeno-canto.org/442801/download,
442141,Spinus spinus,Eurasian Siskin,Livia May,United Kingdom,2018-08-13,17:36,27,B,call,field recording,no,"[""Fringilla coelebs"", ""Erithacus rubecula"", ""Certhia familiaris""]",44100,https://xeno-canto.org/442141,https://xeno-canto.org/442141/download,
441461,Spinus spinus,Eurasian Siskin,Piotr Szczypinski,Poland,2018-11-03,07:30,19,B,call,field recording,yes,"[""Cyanistes caeruleus"", ""Fringilla coelebs"", ""Buteo buteo"", ""Emberiza citrinella""]",48000,https://xeno-canto.org/441461,https://xeno-canto.org/441461/download,
441240,Spinus spinus,Eurasian Siskin,Morvan Corentin,France,2018-11-03,07:00,5,B,flight call,field recording,no,[],44100,https://xeno-canto.org/441240,https://xeno-canto.org/441240/download,
438882,Spinus spinus,Eurasian Siskin,Piotr Szczypinski,Poland,2018-10-16,12:00,37,B,call,field recording,yes,"[""Parus major"", ""Pyrrhula pyrrhula""]",48000,https://xeno-canto.org/438882,https://xeno-canto.org/438882/download,
435262,Spinus spinus,Eurasian Siskin,Patrick Franke,Germany,2017-12-31,?,17,B,"call, flight call, social call",field recording,unknown,[],44100,https://xeno-canto.org/435262,https://xeno-canto.org/435262/download,
435259,Spinus spinus,Eurasian Siskin,Patrick Franke,Germany,2017-12-31,?,8,B,"call, social call",field recording,unknown,[],44100,https://xeno-canto.org/435259,https://xeno-canto.org/435259/download,
435258,Spinus spinus,Eurasian Siskin,Patrick Franke,Germany,2017-12-31,?,7,B,"call, flight call, social call",field recording,unknown,[],44100,https://xeno-canto.org/435258,https://xeno-canto.org/435258/download,
435256,Spinus spinus,Eurasian Siskin,Patrick Franke,Germany,2016-09-27,?,7,B,"call, social call",field recording,unknown,[],44100,https://xeno-canto.org/435256,https://xeno-canto.org/435256/download,
435255,Spinus spinus,Eurasian Siskin,Patrick Franke,Germany,2014-10-27,?,12,B,"call, social call",field recording,unknown,[],44100,https://xeno-canto.org/435255,https://xeno-canto.org/435255/download,
435253,Spinus spinus,Eurasian Siskin,Patrick Franke,Germany,2017-02-19,?,16,B,"call, flight call, social call",field recording,unknown,[],44100,https://xeno-canto.org/435253,https://xeno-canto.org/435253/download,
432847,Spinus spinus,Eurasian Siskin,Lars Edenius,Sweden,2018-09-02,07:30,8,B,flight call,field recording,yes,[],48000,https://xeno-canto.org/432847,https://xeno-canto.org/432847/download,
424333,Spinus spinus,Eurasian Siskin,Lars Edenius,Sweden,2018-07-09,06:00,17,B,"call, flight call",field recording,yes,"[""Poecile montanus""]",48000,https://xeno-canto.org/424333,https://xeno-canto.org/424333/download,
406735,Spinus spinus,Eurasian Siskin,Antonio Xeira,Germany,2018-03-21,09:00,10,B,call,field recording,no,[],44100,https://xeno-canto.org/406735,https://xeno-canto.org/406735/download,
406734,Spinus spinus,Eurasian Siskin,Antonio Xeira,Germany,2018-03-21,09:00,12,B,call,field recording,no,[],44100,https://xeno-canto.org/406734,https://xeno-canto.org/406734/download,
406587,Spinus spinus,Eurasian Siskin,Elias A. Ryberg,Norway,2018-03-14,11:20,53,B,call,field recording,no,"[""Cyanistes caeruleus"", ""Pyrrhula pyrrhula""]",48000,https://xeno-canto.org/406587,https://xeno-canto.org/406587/download,
401883,Spinus spinus,Eurasian Siskin,Chris Batty,United Kingdom,2018-02-04,11:00,4,B,flight call,field recording,yes,"[""Periparus ater""]",22050,https://xeno-canto.org/401883,https://xeno-canto.org/401883/download,
401745,Spinus spinus,Eurasian Siskin,Gerard OLIVIER,France,2018-02-04,15:30,20,B,call,field recording,yes,[],48000,https://xeno-canto.org/401745,https://xeno-canto.org/401745/download,
401489,Spinus spinus,Eurasian Siskin,Esperanza Poveda,Spain,2017-11-15,?,51,B,"alarm call, call",field recording,yes,[],44100,https://xeno-canto.org/401489,https://xeno-canto.org/401489/download,
397475,Spinus spinus,Eurasian Siskin,Stanislas Wroza,France,2017-11-01,09:00,19,B,"call, flight call, short calls",field recording,yes,[],48000,https://xeno-canto.org/397475,https://xeno-canto.org/397475/download,
393747,Spinus spinus,Eurasian Siskin,Toon Jansen,Belgium,2017-10-18,10:00,11,B,flight call,field recording,yes,[],48000,https://xeno-canto.org/393747,https://xeno-canto.org/393747/download,
391839,Spinus spinus,Eurasian Siskin,Andrea Simoncini,Italy,2017-10-28,11:00,3,B,"call, flight call",field recording,no,[],44100,https://xeno-canto.org/391839,https://xeno-canto.org/391839/download,
391609,Spinus spinus,Eurasian Siskin,AUDEVARD Aurélien,France,2017-11-02,07:30,2,B,flight call,field recording,yes,[],44100,https://xeno-canto.org/391609,https://xeno-canto.org/391609/download,
389748,Spinus spinus,Eurasian Siskin,Dimitri,Italy,2017-10-15,10:30,35,B,call,field recording,yes,[],44100,https://xeno-canto.org/389748,https://xeno-canto.org/389748/download,
389710,Spinus spinus,Eurasian Siskin,José Carlos Sires,Spain,2017-04-26,?,15,B,call,field recording,yes,[],44100,https://xeno-canto.org/389710,https://xeno-canto.org/389710/download,
389537,Spinus spinus,Eurasian Siskin,Niels Van Doninck,Belgium,2017-10-13,07:30,13,B,flight call,field recording,yes,[],48000,https://xeno-canto.org/389537,https://xeno-canto.org/389537/download,
381037,Spinus spinus,Eurasian Siskin,Lars Edenius,Sweden,2017-07-25,09:30,14,B,call,field recording,yes,[],48000,https://xeno-canto.org/381037,https://xeno-canto.org/381037/download,
364619,Spinus spinus,Eurasian Siskin,Lars Edenius,Sweden,2017-04-16,07:30,16,B,call,field recording,yes,[],44100,https://xeno-canto.org/364619,https://xeno-canto.org/364619/download,
364243,Spinus spinus,Eurasian Siskin,Dries Van de Loock,Belgium,2017-03-24,11:00,19,B,song,field recording,yes,[],48000,https://xeno-canto.org/364243,https://xeno-canto.org/364243/download,
362166,Spinus spinus,Eurasian Siskin,Piotr Szczypinski,Poland,2017-03-28,09:00,15,B,call,field recording,yes,[],48000,https://xeno-canto.org/362166,https://xeno-canto.org/362166/download,
362011,Spinus spinus,Eurasian Siskin,Piotr Szczypinski,Poland,2017-03-26,11:00,58,B,"call, song",field recording,yes,[],48000,https://xeno-canto.org/362011,https://xeno-canto.org/362011/download,
358227,Spinus spinus,Eurasian Siskin,Piotr Szczypinski,Poland,2017-03-06,11:30,17,B,"call, song",field recording,yes,"[""Parus major""]",48000,https://xeno-canto.org/358227,https://xeno-canto.org/358227/download,
357501,Spinus spinus,Eurasian Siskin,Piotr Szczypinski,Poland,2017-03-01,11:30,8,B,flight call,field recording,yes,"[""Loxia curvirostra"", ""Lullula arborea""]",48000,https://xeno-canto.org/357501,https://xeno-canto.org/357501/download,
357208,Spinus spinus,Eurasian Siskin,Piotr Szczypinski,Poland,2017-02-27,09:00,29,B,"call, song",field recording,yes,"[""Loxia curvirostra"", ""Sitta europaea"", ""Lophophanes cristatus""]",48000,https://xeno-canto.org/357208,https://xeno-canto.org/357208/download,
357097,Spinus spinus,Eurasian Siskin,Alexandre Moreira,Portugal,2017-02-26,10:30,5,B,flight call,field recording,no,[],48000,https://xeno-canto.org/357097,https://xeno-canto.org/357097/download,
356282,Spinus spinus,Eurasian Siskin,Krzysztof Deoniziak,Poland,2017-02-18,12:30,10,B,"call, song",field recording,yes,[],44100,https://xeno-canto.org/356282,https://xeno-canto.org/356282/download,
355934,Spinus spinus,Eurasian Siskin,Manuel Schweizer,Switzerland,2017-02-10,11:15,22,B,song,field recording,yes,[],48000,https://xeno-canto.org/355934,https://xeno-canto.org/355934/download,
355881,Spinus spinus,Eurasian Siskin,Piotr Szczypinski,Poland,2017-02-15,09:00,17,B,flight call,field recording,yes,[],48000,https://xeno-canto.org/355881,https://xeno-canto.org/355881/download,
351437,Spinus spinus,Eurasian Siskin,brickegickel,Germany,2017-01-19,12:00,47,B,"call, song",field recording,no,[],44100,https://xeno-canto.org/351437,https://xeno-canto.org/351437/download,
351436,Spinus spinus,Eurasian Siskin,brickegickel,Germany,2017-01-19,12:00,11,B,"call, song",field recording,no,[],44100,https://xeno-canto.org/351436,https://xeno-canto.org/351436/download,
350450,Spinus spinus,Eurasian Siskin,Tero Linjama,Finland,2007-04-08,06:30,14,B,song,field recording,yes,[],44100,https://xeno-canto.org/350450,https://xeno-canto.org/350450/download,
350449,Spinus spinus,Eurasian Siskin,Tero Linjama,Finland,2011-06-20,06:30,9,B,,field recording,yes,[],48000,https://xeno-canto.org/350449,https://xeno-canto.org/350449/download,
350448,Spinus spinus,Eurasian Siskin,Tero Linjama,Finland,2009-06-30,06:30,11,B,flight call,field recording,yes,[],44100,https://xeno-canto.org/350448,https://xeno-canto.org/350448/download,
350447,Spinus spinus,Eurasian Siskin,Tero Linjama,Finland,2015-08-25,06:30,15,B,flight call,field recording,yes,[],44100,https://xeno-canto.org/350447,https://xeno-canto.org/350447/download,
350446,Spinus spinus,Eurasian Siskin,Tero Linjama,Finland,2011-04-23,06:30,14,B,call,field recording,yes,[],44100,https://xeno-canto.org/350446,https://xeno-canto.org/350446/download,
336151,Spinus spinus,Eurasian Siskin,Piotr Szczypinski,Poland,2014-03-13,10:00,51,B,"call, song",field recording,yes,"[""Spinus spinus"", ""Poecile montanus""]",48000,https://xeno-canto.org/336151,https://xeno-canto.org/336151/download,
336150,Spinus spinus,Eurasian Siskin,Piotr Szczypinski,Poland,2014-03-10,11:00,40,B,call,field recording,yes,[],48000,https://xeno-canto.org/336150,https://xeno-canto.org/336150/download,
336148,Spinus spinus,Eurasian Siskin,Piotr Szczypinski,Poland,2014-02-21,12:00,15,B,call,field recording,yes,"[""Poecile montanus"", ""Loxia leucoptera""]",48000,https://xeno-canto.org/336148,https://xeno-canto.org/336148/download,
331079,Spinus spinus,Eurasian Siskin,Marco Dragonetti,Italy,2016-02-20,15:30,11,B,call,field recording,yes,[],48000,https://xeno-canto.org/331079,https://xeno-canto.org/331079/download,
324233,Spinus spinus,Eurasian Siskin,Frank Lambert,United Kingdom,2016-06-17,09:22,37,B,song,field recording,yes,[],48000,https://xeno-canto.org/324233,https://xeno-canto.org/324233/download,
324232,Spinus spinus,Eurasian Siskin,Frank Lambert,United Kingdom,2016-06-17,09:17,56,B,song,field recording,yes,[],48000,https://xeno-canto.org/324232,https://xeno-canto.org/324232/download,
311017,Spinus spinus,Eurasian Siskin,julien Rochefort,France,2016-04-06,11:30,54,B,"call, song",field recording,yes,[],44100,https://xeno-canto.org/311017,https://xeno-canto.org/311017/download,
308203,Spinus spinus,Eurasian Siskin,Marc Anderson,Spain,2016-03-20,08:00,22,B,song,field recording,no,"[""Fringilla coelebs"", ""Certhia brachydactyla""]",48000,https://xeno-canto.org/308203,https://xeno-canto.org/308203/download,
306563,Spinus spinus,Eurasian Siskin,Francesco Sottile,Italy,2013-04-01,17:00,35,B,call,field recording,yes,"[""Parus major""]",44100,https://xeno-canto.org/306563,https://xeno-canto.org/306563/download,
306397,Spinus spinus,Eurasian Siskin,brickegickel,Germany,2016-03-09,12:00,22,B,song,field recording,no,[],44100,https://xeno-canto.org/306397,https://xeno-canto.org/306397/download,
302812,Spinus spinus,Eurasian Siskin,Terje Kolaas,Norway,2016-02-09,13:00,35,B,song,field recording,yes,[],48000,https://xeno-canto.org/302812,https://xeno-canto.org/302812/download,
302489,Spinus spinus,Eurasian Siskin,Paulo Alves,Portugal,2016-02-07,10:00,12,B,flight call,field recording,yes,[],44100,https://xeno-canto.org/302489,https://xeno-canto.org/302489/download,
298261,Spinus spinus,Eurasian Siskin,Szymon Pławecki,Poland,2015-09-16,08:30,8,B,alarm call,field recording,unknown,[],44100,https://xeno-canto.org/298261,https://xeno-canto.org/298261/download,
297387,Spinus spinus,Eurasian Siskin,Frank Holzapfel,Germany,2015-12-26,?,9,B,flight call,field recording,yes,[],44100,https://xeno-canto.org/297387,https://xeno-canto.org/297387/download,
292458,Spinus spinus,Eurasian Siskin,Frank Holzapfel,Germany,2015-11-25,?,13,B,flight call,field recording,no,[],44100,https://xeno-canto.org/292458,https://xeno-canto.org/292458/download,
292430,Spinus spinus,Eurasian Siskin,Frank Holzapfel,Germany,2015-11-24,?,24,B,flight call,field recording,no,[],44100,https://xeno-canto.org/292430,https://xeno-canto.org/292430/download,
292363,Spinus spinus,Eurasian Siskin,Matthias Hemprich,Austria,2015-09-20,13:00,19,B,flight call,field recording,yes,[],44100,https://xeno-canto.org/292363,https://xeno-canto.org/292363/download,
289307,Spinus spinus,Eurasian Siskin,Frank Holzapfel,Germany,2015-11-05,?,23,B,flight call,field recording,no,[],44100,https://xeno-canto.org/289307,https://xeno-canto.org/289307/download,
289140,Spinus spinus,Eurasian Siskin,Paulo Alves,Portugal,2015-11-08,17:00,21,B,flight call,field recording,yes,[],44100,https://xeno-canto.org/289140,https://xeno-canto.org/289140/download,
284009,Spinus spinus,Eurasian Siskin,Harry Kälin,Switzerland,2015-10-06,10:00,4,B,flight call,field recording,yes,"[""Cyanistes caeruleus""]",44100,https://xeno-canto.org/284009,https://xeno-canto.org/284009/download,
281825,Spinus spinus,Eurasian Siskin,Peter Boesman,Belgium,2011-04-09,?,10,B,flight call,field recording,unknown,[],44100,https://xeno-canto.org/281825,https://xeno-canto.org/281825/download,
281784,Spinus spinus,Eurasian Siskin,Peter Boesman,Netherlands,2008-02-10,09:20,50,B,"call, contact call",field recording,unknown,[],44100,https://xeno-canto.org/281784,https://xeno-canto.org/281784/download,
281783,Spinus spinus,Eurasian Siskin,Peter Boesman,Netherlands,2008-02-10,09:10,13,B,call,field recording,unknown,[],44100,https://xeno-canto.org/281783,https://xeno-canto.org/281783/download,
281782,Spinus spinus,Eurasian Siskin,Peter Boesman,Netherlands,2008-02-10,09:10,11,B,call,field recording,unknown,[],44100,https://xeno-canto.org/281782,https://xeno-canto.org/281782/download,
281781,Spinus spinus,Eurasian Siskin,Peter Boesman,Belgium,2009-03-14,?,29,B,song,field recording,unknown,[],44100,https://xeno-canto.org/281781,https://xeno-canto.org/281781/download,
270147,Spinus spinus,Eurasian Siskin,Peter Boesman,France,2011-05-17,?,58,B,song,field recording,unknown,[],44100,https://xeno-canto.org/270147,https://xeno-canto.org/270147/download,
263921,Spinus spinus,Eurasian Siskin,Terje Kolaas,Norway,2015-07-23,06:00,21,B,begging call,field recording,yes,[],48000,https://xeno-canto.org/263921,https://xeno-canto.org/263921/download,
263920,Spinus spinus,Eurasian Siskin,Terje Kolaas,Norway,2015-06-18,06:00,39,B,song,field recording,yes,[],48000,https://xeno-canto.org/263920,https://xeno-canto.org/263920/download,
263919,Spinus spinus,Eurasian Siskin,Terje Kolaas,Norway,2015-05-28,06:00,19,B,song,field recording,yes,[],48000,https://xeno-canto.org/263919,https://xeno-canto.org/263919/download,
263918,Spinus spinus,Eurasian Siskin,Terje Kolaas,Norway,2015-05-30,06:00,20,B,song,field recording,yes,[],48000,https://xeno-canto.org/263918,https://xeno-canto.org/263918/download,
251926,Spinus spinus,Eurasian Siskin,maudoc,Sweden,2015-06-03,07:30,35,B,"call, song",field recording,yes,[],48000,https://xeno-canto.org/251926,https://xeno-canto.org/251926/download,
240812,Spinus spinus,Eurasian Siskin,Eetu Paljakka,Finland,2015-05-09,07:10,33,B,song,field recording,yes,"[""Regulus regulus"", ""Fringilla coelebs"", ""Phylloscopus trochilus"", ""Turdus merula"", ""Parus major""]",44100,https://xeno-canto.org/240812,https://xeno-canto.org/240812/download,
236453,Spinus spinus,Eurasian Siskin,Terje Kolaas,Norway,2015-04-02,07:00,44,B,call,field recording,yes,[],48000,https://xeno-canto.org/236453,https://xeno-canto.org/236453/download,
236452,Spinus spinus,Eurasian Siskin,Terje Kolaas,Norway,2015-04-02,07:00,18,B,call,field recording,yes,[],48000,https://xeno-canto.org/236452,https://xeno-canto.org/236452/download,
214847,Spinus spinus,Eurasian Siskin,brickegickel,Germany,2015-02-26,12:30,15,B,call,field recording,yes,[],44100,https://xeno-canto.org/214847,https://xeno-canto.org/214847/download,
212560,Spinus spinus,Eurasian Siskin,PE Svahn,Sweden,2014-03-17,10:00,52,B,song,field recording,yes,[],44100,https://xeno-canto.org/212560,https://xeno-canto.org/212560/download,
212319,Spinus spinus,Eurasian Siskin,Bernard BOUSQUET,France,2015-02-04,11:30,22,B,call,field recording,yes,"[""Corvus corone""]",44100,https://xeno-canto.org/212319,https://xeno-canto.org/212319/download,
211390,Spinus spinus,Eurasian Siskin,Sonnenburg,Germany,2015-01-26,09:30,7,B,"call, subsong",field recording,yes,[],44100,https://xeno-canto.org/211390,https://xeno-canto.org/211390/download,
206416,Spinus spinus,Eurasian Siskin,Frank Holzapfel,Germany,2014-12-13,?,17,B,flight call,field recording,yes,[],44100,https://xeno-canto.org/206416,https://xeno-canto.org/206416/download,
205691,Spinus spinus,Eurasian Siskin,Mikael Litsgård,Sweden,1979-06-02,05:30,22,B,song,field recording,yes,"[""Ficedula hypoleuca""]",44100,https://xeno-canto.org/205691,https://xeno-canto.org/205691/download,
205674,Spinus spinus,Eurasian Siskin,Mikael Litsgård,Sweden,2014-05-17,06:50,15,B,song,field recording,yes,[],44100,https://xeno-canto.org/205674,https://xeno-canto.org/205674/download,
200556,Spinus spinus,Eurasian Siskin,Frank Holzapfel,Germany,2014-10-27,?,23,B,flight call,field recording,no,[],44100,https://xeno-canto.org/200556,https://xeno-canto.org/200556/download,
200123,Spinus spinus,Eurasian Siskin,Bram Piot,France,2014-10-26,08:00,24,B,flight call,field recording,yes,"[""Erithacus rubecula"", ""Aegithalos caudatus"", ""Troglodytes troglodytes""]",44100,https://xeno-canto.org/200123,https://xeno-canto.org/200123/download,
172663,Spinus spinus,Eurasian Siskin,Michele Peron,Germany,2014-01-04,09:30,41,B,song,field recording,yes,[],44100,https://xeno-canto.org/172663,https://xeno-canto.org/172663/download,
171842,Spinus spinus,Eurasian Siskin,Krzysztof Deoniziak,Poland,2014-04-01,09:00,21,B,"call, song",field recording,no,[],48000,https://xeno-canto.org/171842,https://xeno-canto.org/171842/download,
170204,Spinus spinus,Eurasian Siskin,Krzysztof Deoniziak,Poland,2014-03-14,09:00,40,B,song,field recording,yes,[],48000,https://xeno-canto.org/170204,https://xeno-canto.org/170204/download,
169740,Spinus spinus,Eurasian Siskin,Piotr Szczypinski,Poland,2014-03-11,10:00,53,B,song,field recording,yes,[],48000,https://xeno-canto.org/169740,https://xeno-canto.org/169740/download,
168139,Spinus spinus,Eurasian Siskin,Martin,Germany,2014-02-25,10:00,8,B,song,field recording,yes,[],44100,https://xeno-canto.org/168139,https://xeno-canto.org/168139/download,
166914,Spinus spinus,Eurasian Siskin,Frank Holzapfel,Germany,2014-02-08,?,53,B,song,field recording,yes,[],44100,https://xeno-canto.org/166914,https://xeno-canto.org/166914/download,
153021,Spinus spinus,Eurasian Siskin,Elias A. Ryberg,Norway,2013-05-19,15:30,30,B,"call, call at spring",field recording,no,[],48000,https://xeno-canto.org/153021,https://xeno-canto.org/153021/download,
133883,Spinus spinus,Eurasian Siskin,Mike Nelson,United Kingdom,2013-05-10,07:00,26,B,"flight call, song",field recording,yes,[],44100,https://xeno-canto.org/133883,https://xeno-canto.org/133883/download,
128822,Spinus spinus,Eurasian Siskin,Volker Arnold,Germany,2013-04-07,06:55,35,B,call,field recording,no,[],44100,https://xeno-canto.org/128822,https://xeno-canto.org/128822/download,
128579,Spinus spinus,Eurasian Siskin,Matthias Feuersenger,Germany,2013-03-28,07:43,36,B,"call, song",field recording,yes,"[""Columba palumbus"", ""Fringilla coelebs"", ""Emberiza cirlus"", ""Buteo buteo"", ""Turdus philomelos""]",48000,https://xeno-canto.org/128579,https://xeno-canto.org/128579/download,
127769,Spinus spinus,Eurasian Siskin,Roberto Lerco,Italy,2013-03-29,11:00,27,B,song,field recording,no,"[""Fringilla coelebs""]",44100,https://xeno-canto.org/127769,https://xeno-canto.org/127769/download,
126650,Spinus spinus,Eurasian Siskin,Thijs Fijen,Netherlands,2012-02-05,09:30,20,B,song,field recording,yes,[],44100,https://xeno-canto.org/126650,https://xeno-canto.org/126650/download,
97409,Spinus spinus,Eurasian Siskin,Alan Dalton,Sweden,2012-03-26,10.14am,23,B,song,field recording,unknown,"[""Turdus philomelos"", ""Sitta europaea"", ""Erithacus rubecula""]",44100,https://xeno-canto.org/97409,https://xeno-canto.org/97409/download,
95089,Spinus spinus,Eurasian Siskin,Volker Arnold,Germany,2012-02-20,10.30,31,B,"call, song",field recording,unknown,[],44100,https://xeno-canto.org/95089,https://xeno-canto.org/95089/download,
95087,Spinus spinus,Eurasian Siskin,Volker Arnold,Germany,2012-02-20,10.28,42,B,"call, song",field recording,unknown,[],44100,https://xeno-canto.org/95087,https://xeno-canto.org/95087/download,
92180,Spinus spinus,Eurasian Siskin,Herman van der Meer,Netherlands,2011-10-14,08:45,19,B,flight call,field recording,unknown,"[""Turdus philomelos"", ""Anthus pratensis""]",44100,https://xeno-canto.org/92180,https://xeno-canto.org/92180/download,
91165,Spinus spinus,Eurasian Siskin,Lars Lachmann,Poland,2009-04-04,8-06,50,B,song,field recording,unknown,[],44100,https://xeno-canto.org/91165,https://xeno-canto.org/91165/download,
72865,Spinus spinus,Eurasian Siskin,Stuart Fisher,United Kingdom,2011-03-05,09:00,8,B,"call, song",field recording,unknown,"[""Erithacus rubecula"", ""Dendrocopos major"", ""Spinus spinus""]",44100,https://xeno-canto.org/72865,https://xeno-canto.org/72865/download,
65536,Spinus spinus,Eurasian Siskin,Jan-Kees Bossenbroek,Netherlands,2010-10-17,10:00,9,B,call,field recording,unknown,[],44100,https://xeno-canto.org/65536,https://xeno-canto.org/65536/download,
65448,Spinus spinus,Eurasian Siskin,Sander Bot,Netherlands,2010-09-28,?,6,B,call,field recording,unknown,[],44100,https://xeno-canto.org/65448,https://xeno-canto.org/65448/download,
55076,Spinus spinus,Eurasian Siskin,GROSSELET Olivier,France,2007-02-10,?,14,B,call,field recording,unknown,"[""Streptopelia decaocto""]",44100,https://xeno-canto.org/55076,https://xeno-canto.org/55076/download,
36642,Spinus spinus,Eurasian Siskin,Rob van Bemmelen,Sweden,2009-06-19,11:25,43,B,song,field recording,unknown,"[""Loxia curvirostra"", ""Erithacus rubecula""]",44100,https://xeno-canto.org/36642,https://xeno-canto.org/36642/download,
29682,Spinus spinus,Eurasian Siskin,Ante Strand,Sweden,1991-07-25,07:20,15,B,call,field recording,unknown,"[""Fringilla coelebs""]",44100,https://xeno-canto.org/29682,https://xeno-canto.org/29682/download,
29681,Spinus spinus,Eurasian Siskin,Ante Strand,Sweden,1991-07-25,07:00,14,B,call,field recording,unknown,[],44100,https://xeno-canto.org/29681,https://xeno-canto.org/29681/download,
27687,Spinus spinus,Eurasian Siskin,Patrik Åberg,Sweden,2008-09-21,?,26,B,call,field recording,unknown,[],44100,https://xeno-canto.org/27687,https://xeno-canto.org/27687/download,
25817,Spinus spinus,Eurasian Siskin,Stuart Fisher,United Kingdom,0000-00-00,?,56,B,"call, subsong, subsong and calls",field recording,unknown,"[""Cyanistes caeruleus"", ""Fringilla coelebs"", ""Prunella modularis"", ""Psittacula krameri"", ""Chloris chloris""]",44100,https://xeno-canto.org/25817,https://xeno-canto.org/25817/download,
1088579,Spinus spinus,Eurasian Siskin,David Darrell-Lambert,United Kingdom,2026-03-11,07:30,9,C,call,field recording,yes,[],48000,https://xeno-canto.org/1088579,https://xeno-canto.org/1088579/download,
1088430,Spinus spinus,Eurasian Siskin,Mats Olsson,Sweden,2026-03-12,11:00,35,C,song,field recording,yes,[],44100,https://xeno-canto.org/1088430,https://xeno-canto.org/1088430/download,
1083871,Spinus spinus,Eurasian Siskin,Xavier Riera,Spain,2026-02-28,11:24,15,C,flight call,field recording,no,[],44100,https://xeno-canto.org/1083871,https://xeno-canto.org/1083871/download,
1083272,Spinus spinus,Eurasian Siskin,Thierry THOMAS,France,2026-02-24,12:15,16,C,"call, flight call",field recording,no,[],44100,https://xeno-canto.org/1083272,https://xeno-canto.org/1083272/download,
1082853,Spinus spinus,Eurasian Siskin,Colm Philpott,Ireland,2026-02-22,10:00,5,C,uncertain,field recording,no,[],44100,https://xeno-canto.org/1082853,https://xeno-canto.org/1082853/download,
1082738,Spinus spinus,Eurasian Siskin,Daniel Goris,Belgium,2025-04-27,04:53,4,C,"call, flight call, nocturnal flight call",field recording,no,[],44100,https://xeno-canto.org/1082738,https://xeno-canto.org/1082738/download,
1082372,Spinus spinus,Eurasian Siskin,Colm Philpott,Ireland,2026-02-20,13:30,49,C,uncertain,field recording,no,[],44100,https://xeno-canto.org/1082372,https://xeno-canto.org/1082372/download,
1082108,Spinus spinus,Eurasian Siskin,Andrew McCafferty,United Kingdom,2026-02-19,08:50,59,C,song,field recording,no,[],48000,https://xeno-canto.org/1082108,https://xeno-canto.org/1082108/download,
1082054,Spinus spinus,Eurasian Siskin,Andrew McCafferty,United Kingdom,2026-02-19,13:15,30,C,song,field recording,no,"[""Streptopelia decaocto""]",48000,https://xeno-canto.org/1082054,https://xeno-canto.org/1082054/download,
1079822,Spinus spinus,Eurasian Siskin,Marc Anderson,Sweden,2022-06-01,08:30,23,C,song,field recording,no,[],44100,https://xeno-canto.org/1079822,https://xeno-canto.org/1079822/download,
1079129,Spinus spinus,Eurasian Siskin,Luca Baghino,Italy,2025-10-19,08:00,50,C,flight call,field recording,yes,[],22050,https://xeno-canto.org/1079129,https://xeno-canto.org/1079129/download,
1074410,Spinus spinus,Eurasian Siskin,Fabrice Mortreux,France,2026-01-25,09:30,33,C,,in the hand,yes,[],44100,https://xeno-canto.org/1074410,https://xeno-canto.org/1074410/download,
1074409,Spinus spinus,Eurasian Siskin,Fabrice Mortreux,France,2026-01-25,09:30,30,C,,in the hand,yes,[],44100,https://xeno-canto.org/1074409,https://xeno-canto.org/1074409/download,
1071409,Spinus spinus,Eurasian Siskin,Morgan Demus,Norway,2024-06-07,18:30,8,C,,field recording,unknown,[],48000,https://xeno-canto.org/1071409,https://xeno-canto.org/1071409/download,
1070820,Spinus spinus,Eurasian Siskin,Stanislas Wroza,France,2026-01-01,15:00,37,C,flight call,field recording,unknown,[],44100,https://xeno-canto.org/1070820,https://xeno-canto.org/1070820/download,
1069926,Spinus spinus,Eurasian Siskin,Jorge Leitão,Portugal,2026-01-01,14:12,20,C,flight call,field recording,yes,[],44100,https://xeno-canto.org/1069926,https://xeno-canto.org/1069926/download,
1068472,Spinus spinus,Eurasian Siskin,Jordi Calvet,Spain,2025-11-20,10:00,18,C,call,field recording,no,"[""Certhia brachydactyla""]",48000,https://xeno-canto.org/1068472,https://xeno-canto.org/1068472/download,
1068225,Spinus spinus,Eurasian Siskin,Denis Dujardin,France,2025-12-26,09:30,11,C,flight call,field recording,no,[],48000,https://xeno-canto.org/1068225,https://xeno-canto.org/1068225/download,
1061076,Spinus spinus,Eurasian Siskin,Chacron Eric,France,2025-12-01,16:30,12,C,flight call,field recording,yes,"[""Turdus iliacus""]",44100,https://xeno-canto.org/1061076,https://xeno-canto.org/1061076/download,
1059561,Spinus spinus,Eurasian Siskin,Stein Ø. Nilsen,Norway,2025-07-06,06:00,23,C,"call, song",field recording,no,[],48000,https://xeno-canto.org/1059561,https://xeno-canto.org/1059561/download,
1056367,Spinus spinus,Eurasian Siskin,Sergi Carreras,Spain,2025-11-17,08:10,12,C,"call, flight call",field recording,no,[],44100,https://xeno-canto.org/1056367,https://xeno-canto.org/1056367/download,
1054936,Spinus spinus,Eurasian Siskin,Stanislas Wroza,France,2025-10-06,12:08,26,C,flight call,field recording,unknown,[],44100,https://xeno-canto.org/1054936,https://xeno-canto.org/1054936/download,
1054356,Spinus spinus,Eurasian Siskin,Denis Dujardin,France,2025-11-12,09:00,5,C,call,field recording,yes,[],48000,https://xeno-canto.org/1054356,https://xeno-canto.org/1054356/download,
1052683,Spinus spinus,Eurasian Siskin,Christian Kerihuel,France,2025-11-02,09:00,9,C,flight call,field recording,no,[],32000,https://xeno-canto.org/1052683,https://xeno-canto.org/1052683/download,
1051057,Spinus spinus,Eurasian Siskin,Karol Łanocha,Poland,2025-10-28,13:18,31,C,"call, flight call",field recording,no,"[""Turdus iliacus""]",44100,https://xeno-canto.org/1051057,https://xeno-canto.org/1051057/download,
1051055,Spinus spinus,Eurasian Siskin,Karol Łanocha,Poland,2025-10-28,13:19,33,C,"call, flight call",field recording,no,"[""Turdus iliacus""]",44100,https://xeno-canto.org/1051055,https://xeno-canto.org/1051055/download,
1049625,Spinus spinus,Eurasian Siskin,Romuald Mikusek,Poland,2025-10-07,06:46,10,C,flight call,field recording,no,[],24000,https://xeno-canto.org/1049625,https://xeno-canto.org/1049625/download,
1046298,Spinus spinus,Eurasian Siskin,Karol Łanocha,Poland,2025-10-07,15:34,24,C,"call, flight call",field recording,no,"[""Coloeus monedula""]",44100,https://xeno-canto.org/1046298,https://xeno-canto.org/1046298/download,
1046201,Spinus spinus,Eurasian Siskin,Urban Lundström,Sweden,2025-10-06,11:31,13,C,call,field recording,yes,[],44100,https://xeno-canto.org/1046201,https://xeno-canto.org/1046201/download,
1044424,Spinus spinus,Eurasian Siskin,Karol Łanocha,Poland,2025-10-01,14:12,10,C,flight call,field recording,no,[],44100,https://xeno-canto.org/1044424,https://xeno-canto.org/1044424/download,
1043804,Spinus spinus,Eurasian Siskin,Paul Kelly,Ireland,2025-09-28,07:00,18,C,call,field recording,no,"[""Erithacus rubecula""]",24000,https://xeno-canto.org/1043804,https://xeno-canto.org/1043804/download,
1035542,Spinus spinus,Eurasian Siskin,Miika Silfverberg,Finland,2025-09-03,10:46,10,C,,field recording,no,"[""Cyanistes caeruleus""]",48000,https://xeno-canto.org/1035542,https://xeno-canto.org/1035542/download,
1032814,Spinus spinus,Eurasian Siskin,Esperanza Poveda,Sweden,2025-04-06,?,17,C,flight call,field recording,no,[],44100,https://xeno-canto.org/1032814,https://xeno-canto.org/1032814/download,
1032811,Spinus spinus,Eurasian Siskin,Esperanza Poveda,Sweden,2025-04-06,?,15,C,flight call,field recording,no,[],44100,https://xeno-canto.org/1032811,https://xeno-canto.org/1032811/download,
1032810,Spinus spinus,Eurasian Siskin,Esperanza Poveda,Sweden,2025-04-06,?,25,C,flight call,field recording,no,[],44100,https://xeno-canto.org/1032810,https://xeno-canto.org/1032810/download,
1032806,Spinus spinus,Eurasian Siskin,Esperanza Poveda,Sweden,2025-04-06,?,15,C,flight call,field recording,no,[],44100,https://xeno-canto.org/1032806,https://xeno-canto.org/1032806/download,
1031930,Spinus spinus,Eurasian Siskin,Esperanza Poveda,Sweden,2025-04-05,?,27,C,"flight call, song",field recording,no,[],44100,https://xeno-canto.org/1031930,https://xeno-canto.org/1031930/download,
1030881,Spinus spinus,Eurasian Siskin,Esperanza Poveda,Sweden,2025-04-07,?,22,C,"flight call, song",field recording,no,[],44100,https://xeno-canto.org/1030881,https://xeno-canto.org/1030881/download,
1030787,Spinus spinus,Eurasian Siskin,Esperanza Poveda,Sweden,2025-04-07,?,30,C,"flight call, song",field recording,no,[],44100,https://xeno-canto.org/1030787,https://xeno-canto.org/1030787/download,
1030722,Spinus spinus,Eurasian Siskin,Esperanza Poveda,Sweden,2025-04-07,?,32,C,"flight call, song",field recording,no,[],44100,https://xeno-canto.org/1030722,https://xeno-canto.org/1030722/download,
1030620,Spinus spinus,Eurasian Siskin,Esperanza Poveda,Sweden,2025-04-07,?,39,C,"flight call, song",field recording,no,"[""Fringilla coelebs""]",44100,https://xeno-canto.org/1030620,https://xeno-canto.org/1030620/download,
1024937,Spinus spinus,Eurasian Siskin,Working group for animal ecology and planning Ltd.,Germany,2025-03-24,04:08,17,C,"call, flight call",field recording,no,[],44100,https://xeno-canto.org/1024937,https://xeno-canto.org/1024937/download,
1008099,Spinus spinus,Eurasian Siskin,Elias A. Ryberg,Norway,2025-06-04,12:42,48,C,"call, song",field recording,no,"[""Sylvia atricapilla""]",48000,https://xeno-canto.org/1008099,https://xeno-canto.org/1008099/download,
1000677,Spinus spinus,Eurasian Siskin,Christian Bøggild,Denmark,2021-05-17,08:53,55,C,flight call,field recording,no,"[""Loxia curvirostra"", ""Passer montanus""]",48000,https://xeno-canto.org/1000677,https://xeno-canto.org/1000677/download,
990549,Spinus spinus,Eurasian Siskin,Gustav Haapalahti,Sweden,2025-04-21,09:52,6,C,call,field recording,no,[],44100,https://xeno-canto.org/990549,https://xeno-canto.org/990549/download,
987071,Spinus spinus,Eurasian Siskin,David Darrell-Lambert,United Kingdom,2023-05-04,07:30,47,C,song,field recording,yes,[],48000,https://xeno-canto.org/987071,https://xeno-canto.org/987071/download,
987070,Spinus spinus,Eurasian Siskin,David Darrell-Lambert,United Kingdom,2023-05-04,07:30,5,C,flight call,field recording,yes,[],48000,https://xeno-canto.org/987070,https://xeno-canto.org/987070/download,
987013,Spinus spinus,Eurasian Siskin,David Darrell-Lambert,United Kingdom,2023-02-20,11:30,48,C,song,field recording,yes,[],48000,https://xeno-canto.org/987013,https://xeno-canto.org/987013/download,
977015,Spinus spinus,Eurasian Siskin,David Darrell-Lambert,United Kingdom,2025-03-02,09:30,8,C,call,field recording,yes,[],32000,https://xeno-canto.org/977015,https://xeno-canto.org/977015/download,
972852,Spinus spinus,Eurasian Siskin,Eliot Robles,France,2025-02-12,07:00,8,C,"flight call, nocturnal flight call",field recording,no,[],32000,https://xeno-canto.org/972852,https://xeno-canto.org/972852/download,
972122,Spinus spinus,Eurasian Siskin,Florian Straub,Switzerland,2024-11-17,09:13,15,C,flight call,field recording,no,[],48000,https://xeno-canto.org/972122,https://xeno-canto.org/972122/download,
971582,Spinus spinus,Eurasian Siskin,Robin et Julien SOURIOU,France,2023-12-16,11:00,20,C,call,field recording,yes,[],44100,https://xeno-canto.org/971582,https://xeno-canto.org/971582/download,
965646,Spinus spinus,Eurasian Siskin,Francesco Barberini,Italy,2025-01-29,12:45,24,C,"song, subsong",field recording,yes,[],44100,https://xeno-canto.org/965646,https://xeno-canto.org/965646/download,
965073,Spinus spinus,Eurasian Siskin,Johannes Dag Mayer,Germany,2024-04-21,07:41,5,C,call,field recording,no,[],48000,https://xeno-canto.org/965073,https://xeno-canto.org/965073/download,
961034,Spinus spinus,Eurasian Siskin,Chacron ,France,2025-01-13,08:30,25,C,flight call,field recording,no,[],44100,https://xeno-canto.org/961034,https://xeno-canto.org/961034/download,
957735,Spinus spinus,Eurasian Siskin,Gianluca Congi,Italy,2024-12-30,11:00,21,C,"alarm call, call, imitation, subsong, social call, various calls in flight",field recording,yes,[],48000,https://xeno-canto.org/957735,https://xeno-canto.org/957735/download,
957050,Spinus spinus,Eurasian Siskin,Paul Driver,United Kingdom,2024-12-28,07:58,15,C,flight call,field recording,no,[],44100,https://xeno-canto.org/957050,https://xeno-canto.org/957050/download,
957047,Spinus spinus,Eurasian Siskin,Paul Driver,United Kingdom,2024-12-28,07:56,8,C,flight call,field recording,no,[],44100,https://xeno-canto.org/957047,https://xeno-canto.org/957047/download,
955349,Spinus spinus,Eurasian Siskin,Jocce Ekstrom,Sweden,2024-12-15,08:10,35,C,flight call,field recording,no,[],48000,https://xeno-canto.org/955349,https://xeno-canto.org/955349/download,
954768,Spinus spinus,Eurasian Siskin,Mark Plummer,United Kingdom,2024-12-10,14:09,9,C,"call, flight call",field recording,no,[],48000,https://xeno-canto.org/954768,https://xeno-canto.org/954768/download,
953160,Spinus spinus,Eurasian Siskin,Chèvremont Fabian,Belgium,2024-10-23,09:00,16,C,"flight call, flight song",field recording,yes,[],44100,https://xeno-canto.org/953160,https://xeno-canto.org/953160/download,
946931,Spinus spinus,Eurasian Siskin,Georg Amann,Austria,2024-11-09,09:45,51,C,"call, flight call",field recording,yes,"[""Poecile palustris""]",48000,https://xeno-canto.org/946931,https://xeno-canto.org/946931/download,
944546,Spinus spinus,Eurasian Siskin,Georg Amann,Austria,2024-10-30,09:35,9,C,"call, flight call",field recording,unknown,[],44100,https://xeno-canto.org/944546,https://xeno-canto.org/944546/download,
944543,Spinus spinus,Eurasian Siskin,Georg Amann,Austria,2024-10-30,08:40,10,C,"call, flight call, wing sound",field recording,unknown,[],44100,https://xeno-canto.org/944543,https://xeno-canto.org/944543/download,
944539,Spinus spinus,Eurasian Siskin,Georg Amann,Austria,2024-10-30,06:50,15,C,"call, flight call",field recording,unknown,[],44100,https://xeno-canto.org/944539,https://xeno-canto.org/944539/download,
944251,Spinus spinus,Eurasian Siskin,Arjun Dutta,United Kingdom,2024-10-27,07:30,28,C,flight call,field recording,no,[],44100,https://xeno-canto.org/944251,https://xeno-canto.org/944251/download,
942343,Spinus spinus,Eurasian Siskin,Albert Dees,Netherlands,2024-10-22,08:41,21,C,flight call,field recording,no,"[""Fringilla coelebs"", ""Corvus corone"", ""Anthus pratensis""]",96000,https://xeno-canto.org/942343,https://xeno-canto.org/942343/download,
942233,Spinus spinus,Eurasian Siskin,Christian Kerihuel,France,2024-10-22,08:30,22,C,flight call,field recording,no,[],48000,https://xeno-canto.org/942233,https://xeno-canto.org/942233/download,
942103,Spinus spinus,Eurasian Siskin,Georg Amann,Austria,2024-10-21,09:50,13,C,flight call,field recording,unknown,[],44100,https://xeno-canto.org/942103,https://xeno-canto.org/942103/download,
942101,Spinus spinus,Eurasian Siskin,Georg Amann,Austria,2024-10-21,09:40,8,C,flight call,field recording,unknown,[],44100,https://xeno-canto.org/942101,https://xeno-canto.org/942101/download,
941578,Spinus spinus,Eurasian Siskin,Bregt Desmet,Belgium,2024-10-17,09:40,6,C,flight call,field recording,no,[],48000,https://xeno-canto.org/941578,https://xeno-canto.org/941578/download,
941264,Spinus spinus,Eurasian Siskin,Paul van Nuys,Netherlands,2024-10-12,11:00,8,C,call,field recording,no,[],44100,https://xeno-canto.org/941264,https://xeno-canto.org/941264/download,
937429,Spinus spinus,Eurasian Siskin,Paul Kelly,Ireland,2024-09-29,05:30,10,C,flight call,field recording,no,[],44100,https://xeno-canto.org/937429,https://xeno-canto.org/937429/download,
933765,Spinus spinus,Eurasian Siskin,Edwin Sahlin,Sweden,2024-09-14,08:00,4,C,flight call,field recording,no,[],44100,https://xeno-canto.org/933765,https://xeno-canto.org/933765/download,
931386,Spinus spinus,Eurasian Siskin,Robert Ekman,Sweden,2024-08-08,05:00,15,C,flight call,field recording,no,[],48000,https://xeno-canto.org/931386,https://xeno-canto.org/931386/download,
919342,Spinus spinus,Eurasian Siskin,Carlo Fracasso,Italy,2023-10-13,08:30,13,C,call,field recording,yes,[],44100,https://xeno-canto.org/919342,https://xeno-canto.org/919342/download,
918894,Spinus spinus,Eurasian Siskin,Andrew Harrop,United Kingdom,2024-07-05,09:30,19,C,call,field recording,yes,[],44100,https://xeno-canto.org/918894,https://xeno-canto.org/918894/download,
915370,Spinus spinus,Eurasian Siskin,Arjun Dutta,United Kingdom,2020-10-15,07:30,28,C,flight call,field recording,no,"[""Turdus iliacus""]",44100,https://xeno-canto.org/915370,https://xeno-canto.org/915370/download,
915369,Spinus spinus,Eurasian Siskin,Arjun Dutta,United Kingdom,2020-10-12,07:30,27,C,flight call,field recording,no,"[""Turdus philomelos""]",44100,https://xeno-canto.org/915369,https://xeno-canto.org/915369/download,
915368,Spinus spinus,Eurasian Siskin,Arjun Dutta,United Kingdom,2020-10-04,07:30,38,C,flight call,field recording,no,"[""Anthus pratensis""]",44100,https://xeno-canto.org/915368,https://xeno-canto.org/915368/download,
915367,Spinus spinus,Eurasian Siskin,Arjun Dutta,United Kingdom,2020-09-09,08:30,27,C,flight call,field recording,no,[],44100,https://xeno-canto.org/915367,https://xeno-canto.org/915367/download,
915366,Spinus spinus,Eurasian Siskin,Arjun Dutta,United Kingdom,2020-09-09,07:30,30,C,flight call,field recording,no,[],44100,https://xeno-canto.org/915366,https://xeno-canto.org/915366/download,
915365,Spinus spinus,Eurasian Siskin,Arjun Dutta,United Kingdom,2020-10-13,07:30,23,C,flight call,field recording,no,[],44100,https://xeno-canto.org/915365,https://xeno-canto.org/915365/download,
915364,Spinus spinus,Eurasian Siskin,Arjun Dutta,United Kingdom,2020-10-22,07:30,7,C,flight call,field recording,no,[],44100,https://xeno-canto.org/915364,https://xeno-canto.org/915364/download,
915363,Spinus spinus,Eurasian Siskin,Arjun Dutta,United Kingdom,2020-10-18,07:30,9,C,flight call,field recording,no,[],44100,https://xeno-canto.org/915363,https://xeno-canto.org/915363/download,
915362,Spinus spinus,Eurasian Siskin,Arjun Dutta,United Kingdom,2020-10-13,07:30,15,C,flight call,field recording,no,[],44100,https://xeno-canto.org/915362,https://xeno-canto.org/915362/download,
915361,Spinus spinus,Eurasian Siskin,Arjun Dutta,United Kingdom,2020-10-11,07:30,15,C,flight call,field recording,no,[],44100,https://xeno-canto.org/915361,https://xeno-canto.org/915361/download,
915360,Spinus spinus,Eurasian Siskin,Arjun Dutta,United Kingdom,2020-10-11,07:30,33,C,flight call,field recording,no,[],44100,https://xeno-canto.org/915360,https://xeno-canto.org/915360/download,
912213,Spinus spinus,Eurasian Siskin,Lee Alder,United Kingdom,2024-05-16,11:17,49,C,"song, aircraft noise",field recording,no,"[""Fringilla coelebs"", ""Corvus corone"", ""Spinus spinus""]",48000,https://xeno-canto.org/912213,https://xeno-canto.org/912213/download,
903297,Spinus spinus,Eurasian Siskin,Stanislas Wroza,France,2024-04-27,07:30,11,C,flight call,field recording,unknown,[],96000,https://xeno-canto.org/903297,https://xeno-canto.org/903297/download,
897545,Spinus spinus,Eurasian Siskin,Tero Linjama,Finland,2024-04-21,9:30,40,C,song,field recording,yes,[],44100,https://xeno-canto.org/897545,https://xeno-canto.org/897545/download,
893261,Spinus spinus,Eurasian Siskin,Mikołaj Przygoda,Poland,2024-03-27,04:00,7,C,call,field recording,no,[],44100,https://xeno-canto.org/893261,https://xeno-canto.org/893261/download,
891409,Spinus spinus,Eurasian Siskin,Esperanza Poveda,Spain,2023-11-19,?,50,C,"call, flight call",in the hand,yes,[],44100,https://xeno-canto.org/891409,https://xeno-canto.org/891409/download,
891283,Spinus spinus,Eurasian Siskin,FREDERIC Lionel,France,2024-03-12,10:00,46,C,"call, song",field recording,yes,[],48000,https://xeno-canto.org/891283,https://xeno-canto.org/891283/download,
891066,Spinus spinus,Eurasian Siskin,Christian Bøggild,Denmark,2024-03-24,08:59,44,C,song,field recording,yes,"[""Turdus philomelos"", ""Pyrrhula pyrrhula""]",48000,https://xeno-canto.org/891066,https://xeno-canto.org/891066/download,
884467,Spinus spinus,Eurasian Siskin,Mikołaj Przygoda,Poland,2024-03-24,02:00,25,C,call,field recording,no,"[""Turdus pilaris""]",44100,https://xeno-canto.org/884467,https://xeno-canto.org/884467/download,
882450,Spinus spinus,Eurasian Siskin,Gianluca Congi,Italy,2024-03-16,15:19,15,C,"song, chatter",field recording,no,[],44100,https://xeno-canto.org/882450,https://xeno-canto.org/882450/download,
882380,Spinus spinus,Eurasian Siskin,Alan Dalton,Sweden,2023-09-30,07:00,24,C,"call, flight call",field recording,no,"[""Acanthis flammea""]",24000,https://xeno-canto.org/882380,https://xeno-canto.org/882380/download,
882375,Spinus spinus,Eurasian Siskin,Alan Dalton,Sweden,2023-09-29,08:30,28,C,"call, flight call",field recording,no,"[""Regulus regulus"", ""Motacilla alba""]",24000,https://xeno-canto.org/882375,https://xeno-canto.org/882375/download,
882372,Spinus spinus,Eurasian Siskin,Alan Dalton,Sweden,2023-09-25,07:00,51,C,"call, flight call",field recording,no,"[""Cyanistes caeruleus"", ""Anthus pratensis"", ""Anas platyrhynchos"", ""Corvus cornix""]",96000,https://xeno-canto.org/882372,https://xeno-canto.org/882372/download,
882361,Spinus spinus,Eurasian Siskin,Alan Dalton,Sweden,2023-11-06,07:30,52,C,"call, flight call",field recording,no,"[""Acanthis flammea""]",24000,https://xeno-canto.org/882361,https://xeno-canto.org/882361/download,
882360,Spinus spinus,Eurasian Siskin,Alan Dalton,Sweden,2023-10-03,07:00,28,C,"call, flight call",field recording,no,"[""Fringilla coelebs""]",24000,https://xeno-canto.org/882360,https://xeno-canto.org/882360/download,
882075,Spinus spinus,Eurasian Siskin,Jon Sparshott,United Kingdom,2024-03-16,06:53,12,C,flight call,field recording,yes,"[""Fringilla coelebs"", ""Turdus merula"", ""Anthus pratensis"", ""Troglodytes troglodytes""]",48000,https://xeno-canto.org/882075,https://xeno-canto.org/882075/download,
881641,Spinus spinus,Eurasian Siskin,Jorge Leitão,Portugal,2024-03-14,10:15,29,C,call,field recording,yes,[],44100,https://xeno-canto.org/881641,https://xeno-canto.org/881641/download,
881147,Spinus spinus,Eurasian Siskin,Martin Billard,France,2024-03-11,08:57,53,C,call,field recording,yes,[],44100,https://xeno-canto.org/881147,https://xeno-canto.org/881147/download,
880421,Spinus spinus,Eurasian Siskin,Gosse Hoekstra,Netherlands,2024-03-09,07:00,10,C,flight call,field recording,no,[],44100,https://xeno-canto.org/880421,https://xeno-canto.org/880421/download,
879788,Spinus spinus,Eurasian Siskin,Azens,France,2024-03-07,16:00,30,C,song,field recording,no,[],48000,https://xeno-canto.org/879788,https://xeno-canto.org/879788/download,
879021,Spinus spinus,Eurasian Siskin,Fabrice Mortreux,France,2024-03-02,10:30,4,C,uncertain,field recording,no,[],48000,https://xeno-canto.org/879021,https://xeno-canto.org/879021/download,
877127,Spinus spinus,Eurasian Siskin,Krzysztof Deoniziak,Poland,2024-02-22,09:00,49,C,song,field recording,yes,[],48000,https://xeno-canto.org/877127,https://xeno-canto.org/877127/download,
876220,Spinus spinus,Eurasian Siskin,LE ROY Renaud,France,2024-02-20,11:00,24,C,song,field recording,yes,[],44100,https://xeno-canto.org/876220,https://xeno-canto.org/876220/download,
872913,Spinus spinus,Eurasian Siskin,Göran Andersson,Sweden,2024-02-15,09:00,20,C,song,field recording,yes,[],44100,https://xeno-canto.org/872913,https://xeno-canto.org/872913/download,
872502,Spinus spinus,Eurasian Siskin,Jorge Leitão,Portugal,2024-02-12,11:56,6,C,call,field recording,yes,[],44100,https://xeno-canto.org/872502,https://xeno-canto.org/872502/download,
863021,Spinus spinus,Eurasian Siskin,Thierry THOMAS,France,2024-01-21,08:16,49,C,"call, song",field recording,yes,[],44100,https://xeno-canto.org/863021,https://xeno-canto.org/863021/download,
861898,Spinus spinus,Eurasian Siskin,Esperanza Poveda,Spain,2023-12-21,?,27,C,flight call,in the hand,no,[],44100,https://xeno-canto.org/861898,https://xeno-canto.org/861898/download,
861897,Spinus spinus,Eurasian Siskin,Esperanza Poveda,Spain,2023-12-21,?,4,C,flight call,in the hand,no,[],44100,https://xeno-canto.org/861897,https://xeno-canto.org/861897/download,
861339,Spinus spinus,Eurasian Siskin,Thierry THOMAS,France,2023-11-05,07:09,27,C,"call, flight call",field recording,no,[],44100,https://xeno-canto.org/861339,https://xeno-canto.org/861339/download,
859472,Spinus spinus,Eurasian Siskin,Esperanza Poveda,Spain,2023-12-20,?,15,C,call,in the hand,yes,[],44100,https://xeno-canto.org/859472,https://xeno-canto.org/859472/download,
858492,Spinus spinus,Eurasian Siskin,Jorge Leitão,Portugal,2023-12-31,11:20,9,C,"flight call, flock",field recording,yes,"[""Cisticola juncidis""]",44100,https://xeno-canto.org/858492,https://xeno-canto.org/858492/download,
858267,Spinus spinus,Eurasian Siskin,Simone Bocca,Italy,2023-12-28,13:30,10,C,call,field recording,yes,[],48000,https://xeno-canto.org/858267,https://xeno-canto.org/858267/download,
857262,Spinus spinus,Eurasian Siskin,Thierry THOMAS,France,2023-10-13,07:45,21,C,call,field recording,yes,[],44100,https://xeno-canto.org/857262,https://xeno-canto.org/857262/download,
856157,Spinus spinus,Eurasian Siskin,FREDERIC Lionel,France,2023-12-16,08:30,24,C,flight call,field recording,no,"[""Pica pica""]",44100,https://xeno-canto.org/856157,https://xeno-canto.org/856157/download,
844226,Spinus spinus,Eurasian Siskin,Thierry THOMAS,France,2023-03-16,08:55,32,C,song,field recording,yes,[],44100,https://xeno-canto.org/844226,https://xeno-canto.org/844226/download,
844218,Spinus spinus,Eurasian Siskin,Thierry THOMAS,France,2023-03-02,09:10,39,C,song,field recording,yes,[],44100,https://xeno-canto.org/844218,https://xeno-canto.org/844218/download,
844210,Spinus spinus,Eurasian Siskin,Thierry THOMAS,France,2023-01-28,09:28,10,C,"aberrant, flight call",field recording,no,[],44100,https://xeno-canto.org/844210,https://xeno-canto.org/844210/download,
841694,Spinus spinus,Eurasian Siskin,Angelo Nitti,Italy,2023-11-08,11:30,30,C,uncertain,in the hand,yes,[],44100,https://xeno-canto.org/841694,https://xeno-canto.org/841694/download,
841693,Spinus spinus,Eurasian Siskin,Angelo Nitti,Italy,2023-11-08,11:30,30,C,uncertain,in the hand,yes,[],44100,https://xeno-canto.org/841693,https://xeno-canto.org/841693/download,
839340,Spinus spinus,Eurasian Siskin,Thierry THOMAS,France,2022-10-16,08:08,12,C,"call, flight call",field recording,yes,[],44100,https://xeno-canto.org/839340,https://xeno-canto.org/839340/download,
838246,Spinus spinus,Eurasian Siskin,Christian Kerihuel,France,2023-10-20,09:00,42,C,flight call,field recording,no,[],44100,https://xeno-canto.org/838246,https://xeno-canto.org/838246/download,
836554,Spinus spinus,Eurasian Siskin,Thijs Calu,Belgium,2023-10-17,12:59,22,C,flight call,field recording,no,[],44100,https://xeno-canto.org/836554,https://xeno-canto.org/836554/download,
831072,Spinus spinus,Eurasian Siskin,Ian Roberts,United Kingdom,2023-09-21,09:30,4,C,flight call,field recording,yes,[],44100,https://xeno-canto.org/831072,https://xeno-canto.org/831072/download,
830362,Spinus spinus,Eurasian Siskin,Alan Dalton,Sweden,2023-09-19,07:00,19,C,flight call,field recording,yes,[],96000,https://xeno-canto.org/830362,https://xeno-canto.org/830362/download,
825785,Spinus spinus,Eurasian Siskin,Esperanza Poveda,Spain,2022-12-21,?,23,C,"call, flight call",in the hand,yes,[],44100,https://xeno-canto.org/825785,https://xeno-canto.org/825785/download,
821374,Spinus spinus,Eurasian Siskin,Gianluca Congi,Italy,2023-02-15,15:38,16,C,"call, song",field recording,no,"[""Loxia curvirostra"", ""Fringilla coelebs"", ""Periparus ater""]",48000,https://xeno-canto.org/821374,https://xeno-canto.org/821374/download,
821371,Spinus spinus,Eurasian Siskin,Gianluca Congi,Italy,2023-02-03,15:11,18,C,song,field recording,yes,[],48000,https://xeno-canto.org/821371,https://xeno-canto.org/821371/download,
818612,Spinus spinus,Eurasian Siskin,Sven Normant,France,2023-06-28,11:00,12,C,flight call,in the hand,yes,"[""Fringilla coelebs""]",48000,https://xeno-canto.org/818612,https://xeno-canto.org/818612/download,
811657,Spinus spinus,Eurasian Siskin,Paul Driver,United Kingdom,2023-05-22,07:47,25,C,flight call,field recording,yes,[],48000,https://xeno-canto.org/811657,https://xeno-canto.org/811657/download,
799041,Spinus spinus,Eurasian Siskin,Romuald Mikusek,Poland,2023-05-05,10:30,14,C,song,field recording,yes,[],48000,https://xeno-canto.org/799041,https://xeno-canto.org/799041/download,
796285,Spinus spinus,Eurasian Siskin,Romuald Mikusek,Poland,2023-04-10,17:00,47,C,"imitation, song",field recording,yes,[],48000,https://xeno-canto.org/796285,https://xeno-canto.org/796285/download,
795627,Spinus spinus,Eurasian Siskin,Emil Jantke,Germany,2023-02-05,13:09,27,C,"song, flock",field recording,yes,[],44100,https://xeno-canto.org/795627,https://xeno-canto.org/795627/download,
790115,Spinus spinus,Eurasian Siskin,Fabrice Mortreux,France,2023-04-01,14:30,8,C,song,field recording,yes,[],48000,https://xeno-canto.org/790115,https://xeno-canto.org/790115/download,
785689,Spinus spinus,Eurasian Siskin,Beatrix Saadi-Varchmin,Germany,2023-03-11,09:42,56,C,"call, flight call, song",field recording,yes,"[""Fringilla coelebs"", ""Corvus corone"", ""Parus major""]",44100,https://xeno-canto.org/785689,https://xeno-canto.org/785689/download,
784551,Spinus spinus,Eurasian Siskin,Gianluca Congi,Italy,2023-02-15,15:39,16,C,"song, chatter",field recording,no,[],48000,https://xeno-canto.org/784551,https://xeno-canto.org/784551/download,
784548,Spinus spinus,Eurasian Siskin,Gianluca Congi,Italy,2023-02-03,15:11,18,C,"call, song",field recording,yes,[],48000,https://xeno-canto.org/784548,https://xeno-canto.org/784548/download,
783888,Spinus spinus,Eurasian Siskin,Sybrand de Bruin,Netherlands,2023-02-27,10:00,14,C,"call, flight call",field recording,yes,[],44100,https://xeno-canto.org/783888,https://xeno-canto.org/783888/download,
783319,Spinus spinus,Eurasian Siskin,Jorge Leitão,Netherlands,2023-01-28,11:24,27,C,"song, flock",field recording,yes,[],44100,https://xeno-canto.org/783319,https://xeno-canto.org/783319/download,
783278,Spinus spinus,Eurasian Siskin,Jorge Leitão,Netherlands,2023-02-09,10:14,34,C,"call, song, flock",field recording,yes,"[""Cyanistes caeruleus""]",44100,https://xeno-canto.org/783278,https://xeno-canto.org/783278/download,
783169,Spinus spinus,Eurasian Siskin,Jorge Leitão,Netherlands,2023-02-07,10:39,19,C,"song, flock",field recording,yes,[],44100,https://xeno-canto.org/783169,https://xeno-canto.org/783169/download,
782215,Spinus spinus,Eurasian Siskin,Bernard BOUSQUET,France,2023-02-13,12:30,34,C,"call, subsong",field recording,no,[],44100,https://xeno-canto.org/782215,https://xeno-canto.org/782215/download,
782211,Spinus spinus,Eurasian Siskin,Bernard BOUSQUET,France,2023-02-13,12:30,26,C,"call, subsong",field recording,yes,[],44100,https://xeno-canto.org/782211,https://xeno-canto.org/782211/download,
780667,Spinus spinus,Eurasian Siskin,Chèvremont Fabian,Belgium,2023-02-15,11:00,8,C,"flight call, song",field recording,yes,[],44100,https://xeno-canto.org/780667,https://xeno-canto.org/780667/download,
780665,Spinus spinus,Eurasian Siskin,Chèvremont Fabian,Belgium,2023-02-15,11:00,11,C,"flight call, song",field recording,yes,[],44100,https://xeno-canto.org/780665,https://xeno-canto.org/780665/download,
780664,Spinus spinus,Eurasian Siskin,Chèvremont Fabian,Belgium,2023-02-15,11:30,10,C,flight call,field recording,yes,[],44100,https://xeno-canto.org/780664,https://xeno-canto.org/780664/download,
780663,Spinus spinus,Eurasian Siskin,Chèvremont Fabian,Belgium,2023-02-15,11:00,9,C,flight call,field recording,yes,[],44100,https://xeno-canto.org/780663,https://xeno-canto.org/780663/download,
780583,Spinus spinus,Eurasian Siskin,Jorge Leitão,Germany,2023-02-13,09:24,30,C,"call, flock",field recording,yes,[],44100,https://xeno-canto.org/780583,https://xeno-canto.org/780583/download,
778995,Spinus spinus,Eurasian Siskin,Dominique Guillerme,France,2023-02-06,08:30,15,C,call,in the hand,no,[],48000,https://xeno-canto.org/778995,https://xeno-canto.org/778995/download,
778332,Spinus spinus,Eurasian Siskin,Paul Driver,United Kingdom,2010-12-07,08:00,9,C,flight call,field recording,yes,[],44100,https://xeno-canto.org/778332,https://xeno-canto.org/778332/download,
778331,Spinus spinus,Eurasian Siskin,Paul Driver,United Kingdom,2010-12-07,08:00,3,C,flight call,field recording,yes,[],44100,https://xeno-canto.org/778331,https://xeno-canto.org/778331/download,
778330,Spinus spinus,Eurasian Siskin,Paul Driver,United Kingdom,2010-12-07,08:00,10,C,flight call,field recording,yes,[],44100,https://xeno-canto.org/778330,https://xeno-canto.org/778330/download,
776166,Spinus spinus,Eurasian Siskin,Paul Kelly,Ireland,2023-01-19,15:30,22,C,"flight call, Motorway.",field recording,no,[],44100,https://xeno-canto.org/776166,https://xeno-canto.org/776166/download,
772562,Spinus spinus,Eurasian Siskin,Stanislas Wroza,France,2023-01-01,09:00,25,C,"flight call, nasal call, ""Coal Tit-like"" call",field recording,yes,[],48000,https://xeno-canto.org/772562,https://xeno-canto.org/772562/download,
770922,Spinus spinus,Eurasian Siskin,Michel Veldt,Netherlands,2022-10-23,8:55,17,C,flight call,field recording,no,[],44100,https://xeno-canto.org/770922,https://xeno-canto.org/770922/download,
770806,Spinus spinus,Eurasian Siskin,Xavier Riera,Spain,2022-12-18,10:30,10,C,call,field recording,yes,[],48000,https://xeno-canto.org/770806,https://xeno-canto.org/770806/download,
770125,Spinus spinus,Eurasian Siskin,Jorge Leitão,Portugal,2022-12-18,14:04,24,C,"call, flock",field recording,yes,[],44100,https://xeno-canto.org/770125,https://xeno-canto.org/770125/download,
769977,Spinus spinus,Eurasian Siskin,Michel Veldt,Netherlands,2020-09-30,18:11,32,C,"call, flight call",field recording,yes,[],48000,https://xeno-canto.org/769977,https://xeno-canto.org/769977/download,
763679,Spinus spinus,Eurasian Siskin,Will Scott,United Kingdom,2022-11-26,06:30,4,C,flight call,field recording,no,[],44100,https://xeno-canto.org/763679,https://xeno-canto.org/763679/download,
762434,Spinus spinus,Eurasian Siskin,Alan Dalton,Sweden,2022-09-18,07:30,26,C,"call, flight call",field recording,no,[],24000,https://xeno-canto.org/762434,https://xeno-canto.org/762434/download,
762431,Spinus spinus,Eurasian Siskin,Alan Dalton,Sweden,2022-10-02,07:00,17,C,"call, flight call",field recording,no,[],24000,https://xeno-canto.org/762431,https://xeno-canto.org/762431/download,
760777,Spinus spinus,Eurasian Siskin,Benjamin Allegrini,France,2022-11-12,10:00,12,C,flight call,field recording,yes,"[""Garrulus glandarius""]",44100,https://xeno-canto.org/760777,https://xeno-canto.org/760777/download,
759662,Spinus spinus,Eurasian Siskin,Christian Bøggild,Denmark,2022-01-19,12:24,45,C,call,field recording,yes,"[""Parus major""]",48000,https://xeno-canto.org/759662,https://xeno-canto.org/759662/download,
759329,Spinus spinus,Eurasian Siskin,Georg Amann,Austria,2022-11-03,10:00,23,C,call,field recording,yes,[],44100,https://xeno-canto.org/759329,https://xeno-canto.org/759329/download,
757739,Spinus spinus,Eurasian Siskin,Sergi,Spain,2022-10-23,07:55,32,C,flight call,field recording,no,"[""Spinus spinus"", ""Anthus trivialis""]",44100,https://xeno-canto.org/757739,https://xeno-canto.org/757739/download,
757371,Spinus spinus,Eurasian Siskin,Oriol,Spain,2022-10-18,07:00,5,C,nocturnal flight call,unknown,no,[],48000,https://xeno-canto.org/757371,https://xeno-canto.org/757371/download,
755681,Spinus spinus,Eurasian Siskin,Jon Sparshott,United Kingdom,2022-10-14,08:30,22,C,flight call,field recording,yes,"[""Corvus corone"", ""Carduelis carduelis"", ""Linaria cannabina""]",44100,https://xeno-canto.org/755681,https://xeno-canto.org/755681/download,
753929,Spinus spinus,Eurasian Siskin,Paul Kelly,Ireland,2022-09-28,08:00,12,C,flight call,field recording,no,"[""Prunella modularis"", ""Erithacus rubecula"", ""Carduelis carduelis"", ""Troglodytes troglodytes""]",44100,https://xeno-canto.org/753929,https://xeno-canto.org/753929/download,
733882,Spinus spinus,Eurasian Siskin,Marc Anderson,Sweden,2022-06-02,09:00,33,C,call,field recording,no,[],44100,https://xeno-canto.org/733882,https://xeno-canto.org/733882/download,
733622,Spinus spinus,Eurasian Siskin,Marc Anderson,Sweden,2022-05-30,03:30,42,C,flight call,field recording,no,[],44100,https://xeno-canto.org/733622,https://xeno-canto.org/733622/download,
732318,Spinus spinus,Eurasian Siskin,Marc Anderson,Sweden,2022-06-01,03:30,25,C,"call, song",field recording,no,"[""Phoenicurus phoenicurus""]",44100,https://xeno-canto.org/732318,https://xeno-canto.org/732318/download,
732315,Spinus spinus,Eurasian Siskin,Marc Anderson,Sweden,2022-06-01,03:30,15,C,song,field recording,no,[],44100,https://xeno-canto.org/732315,https://xeno-canto.org/732315/download,
721676,Spinus spinus,Eurasian Siskin,Peter Kennerley,United Kingdom,2022-04-25,07:30,34,C,call,field recording,yes,[],44100,https://xeno-canto.org/721676,https://xeno-canto.org/721676/download,
717529,Spinus spinus,Eurasian Siskin,Dean McDonnell,Ireland,2021-12-05,07:30,11,C,flight call,field recording,no,[],44100,https://xeno-canto.org/717529,https://xeno-canto.org/717529/download,
717383,Spinus spinus,Eurasian Siskin,Frank Pierik,Netherlands,2022-04-22,07:36,12,C,flight call,field recording,no,[],44100,https://xeno-canto.org/717383,https://xeno-canto.org/717383/download,
714905,Spinus spinus,Eurasian Siskin,Gianluca Congi,Italy,2022-03-28,13:58,15,C,song,field recording,no,"[""Fringilla coelebs""]",44100,https://xeno-canto.org/714905,https://xeno-canto.org/714905/download,
714904,Spinus spinus,Eurasian Siskin,Gianluca Congi,Italy,2022-04-08,11:15,33,C,"call, subsong, chatter",field recording,no,"[""Cyanistes caeruleus"", ""Parus major""]",44100,https://xeno-canto.org/714904,https://xeno-canto.org/714904/download,
714393,Spinus spinus,Eurasian Siskin,Lars Edenius,Sweden,2022-04-10,14:00,27,C,song,field recording,yes,[],48000,https://xeno-canto.org/714393,https://xeno-canto.org/714393/download,
712525,Spinus spinus,Eurasian Siskin,LE ROY Renaud,France,2021-10-19,10:00,6,C,flight call,field recording,no,[],44100,https://xeno-canto.org/712525,https://xeno-canto.org/712525/download,
712319,Spinus spinus,Eurasian Siskin,Mark Newsome,United Kingdom,2022-03-28,16:20,21,C,flight call,field recording,no,[],44100,https://xeno-canto.org/712319,https://xeno-canto.org/712319/download,
710545,Spinus spinus,Eurasian Siskin,Nelson Conceição,Portugal,2022-03-20,09:41,6,C,flight call,field recording,yes,[],48000,https://xeno-canto.org/710545,https://xeno-canto.org/710545/download,
709215,Spinus spinus,Eurasian Siskin,Jorge Leitão,Portugal,2022-03-17,09:47,28,C,"call, flock",field recording,yes,[],44100,https://xeno-canto.org/709215,https://xeno-canto.org/709215/download,
708293,Spinus spinus,Eurasian Siskin,Gianluca Congi,Italy,2022-03-13,11:30,31,C,"call, flight call",field recording,no,"[""Fringilla coelebs""]",44100,https://xeno-canto.org/708293,https://xeno-canto.org/708293/download,
707862,Spinus spinus,Eurasian Siskin,Chris Batty,United Kingdom,2017-04-08,10:41,15,C,"call, flight call",field recording,no,[],22050,https://xeno-canto.org/707862,https://xeno-canto.org/707862/download,
707859,Spinus spinus,Eurasian Siskin,Chris Batty,United Kingdom,2016-05-04,07:30,37,C,"call, flight call",field recording,no,"[""Turdus merula"", ""Corvus frugilegus""]",22050,https://xeno-canto.org/707859,https://xeno-canto.org/707859/download,
707858,Spinus spinus,Eurasian Siskin,Chris Batty,United Kingdom,2016-04-24,09:00,9,C,"call, flight call",field recording,no,"[""Passer domesticus""]",22050,https://xeno-canto.org/707858,https://xeno-canto.org/707858/download,
707857,Spinus spinus,Eurasian Siskin,Chris Batty,United Kingdom,2016-04-19,08:55,11,C,"call, flight call",field recording,no,"[""Columba palumbus"", ""Turdus merula"", ""Anthus pratensis""]",22050,https://xeno-canto.org/707857,https://xeno-canto.org/707857/download,
707856,Spinus spinus,Eurasian Siskin,Chris Batty,United Kingdom,2016-04-13,13:00,6,C,"call, flight call",field recording,no,"[""Passer domesticus""]",22050,https://xeno-canto.org/707856,https://xeno-canto.org/707856/download,
707855,Spinus spinus,Eurasian Siskin,Chris Batty,United Kingdom,2016-03-15,09:00,5,C,"call, flight call",field recording,no,[],22050,https://xeno-canto.org/707855,https://xeno-canto.org/707855/download,
707853,Spinus spinus,Eurasian Siskin,Chris Batty,United Kingdom,2015-11-12,09:00,17,C,"call, flight call",field recording,no,"[""Sturnus vulgaris""]",22050,https://xeno-canto.org/707853,https://xeno-canto.org/707853/download,
707654,Spinus spinus,Eurasian Siskin,Sonothèque ADVL,France,2021-09-28,10:30,8,C,flight call,field recording,unknown,[],44100,https://xeno-canto.org/707654,https://xeno-canto.org/707654/download,
707653,Spinus spinus,Eurasian Siskin,Sonothèque ADVL,France,2021-10-27,09:00,6,C,flight call,field recording,unknown,[],44100,https://xeno-canto.org/707653,https://xeno-canto.org/707653/download,
707651,Spinus spinus,Eurasian Siskin,Sonothèque ADVL,France,2021-10-25,09:00,17,C,flight call,field recording,unknown,[],44100,https://xeno-canto.org/707651,https://xeno-canto.org/707651/download,
706271,Spinus spinus,Eurasian Siskin,Georg Amann,Austria,2022-03-05,09:20,25,C,call,field recording,unknown,[],44100,https://xeno-canto.org/706271,https://xeno-canto.org/706271/download,
706266,Spinus spinus,Eurasian Siskin,Georg Amann,Austria,2022-03-05,11:10,42,C,"imitation, song, mimicry/imitation",field recording,unknown,"[""Fringilla coelebs"", ""Dendrocopos major""]",44100,https://xeno-canto.org/706266,https://xeno-canto.org/706266/download,
705989,Spinus spinus,Eurasian Siskin,Susanne Kuijpers,Netherlands,2022-03-04,12:20,31,C,"call, song",field recording,yes,"[""Fringilla coelebs""]",44100,https://xeno-canto.org/705989,https://xeno-canto.org/705989/download,
704447,Spinus spinus,Eurasian Siskin,David Kuster,Germany,2022-02-26,10:46,9,C,call,field recording,yes,[],48000,https://xeno-canto.org/704447,https://xeno-canto.org/704447/download,
701843,Spinus spinus,Eurasian Siskin,Frank Pierik,Netherlands,2022-02-11,01:40,4,C,nocturnal flight call,field recording,no,[],48000,https://xeno-canto.org/701843,https://xeno-canto.org/701843/download,
699934,Spinus spinus,Eurasian Siskin,Anja van Halbeek,Netherlands,2022-01-28,11:30,48,C,uncertain,field recording,no,[],44100,https://xeno-canto.org/699934,https://xeno-canto.org/699934/download,
699513,Spinus spinus,Eurasian Siskin,Andrew Harrop,United Kingdom,2022-01-30,08:30,20,C,call,field recording,yes,[],44100,https://xeno-canto.org/699513,https://xeno-canto.org/699513/download,
697189,Spinus spinus,Eurasian Siskin,Jacobo Ramil MIllarengo,Spain,2022-01-16,09:30,18,C,"call, flight call",field recording,yes,[],48000,https://xeno-canto.org/697189,https://xeno-canto.org/697189/download,
696754,Spinus spinus,Eurasian Siskin,Camille Vacher,France,2022-01-14,10:00,31,C,call,field recording,yes,"[""Fulica atra"", ""Psittacula krameri"", ""Anas platyrhynchos""]",44100,https://xeno-canto.org/696754,https://xeno-canto.org/696754/download,
696476,Spinus spinus,Eurasian Siskin,Andrew Harrop,United Kingdom,2022-01-11,10:30,18,C,call,field recording,yes,[],44100,https://xeno-canto.org/696476,https://xeno-canto.org/696476/download,
695055,Spinus spinus,Eurasian Siskin,Georg Amann,Austria,2021-12-30,14:30,12,C,"call, flight call",field recording,yes,[],44100,https://xeno-canto.org/695055,https://xeno-canto.org/695055/download,
688232,Spinus spinus,Eurasian Siskin,Niels Van Doninck,Norway,2021-10-21,10:00,17,C,flight call,field recording,yes,"[""Turdus pilaris""]",48000,https://xeno-canto.org/688232,https://xeno-canto.org/688232/download,
685753,Spinus spinus,Eurasian Siskin,Nelson Conceição,Portugal,2021-11-10,14:11,6,C,flight call,field recording,yes,"[""Erithacus rubecula""]",48000,https://xeno-canto.org/685753,https://xeno-canto.org/685753/download,
685491,Spinus spinus,Eurasian Siskin,Alain Verneau,France,2021-10-23,10:00,2,C,flight call,field recording,yes,[],44100,https://xeno-canto.org/685491,https://xeno-canto.org/685491/download,
685127,Spinus spinus,Eurasian Siskin,Ad Hilders,Netherlands,2021-10-27,08:30,5,C,call,field recording,no,[],44100,https://xeno-canto.org/685127,https://xeno-canto.org/685127/download,
684705,Spinus spinus,Eurasian Siskin,MERCIER Christophe,France,2021-11-05,06:38,36,C,nocturnal flight call,field recording,no,[],48000,https://xeno-canto.org/684705,https://xeno-canto.org/684705/download,
684703,Spinus spinus,Eurasian Siskin,Peter Robinson,United Kingdom,2021-11-06,06:00,6,C,flight call,field recording,yes,[],44100,https://xeno-canto.org/684703,https://xeno-canto.org/684703/download,
684554,Spinus spinus,Eurasian Siskin,Jon Sparshott,United Kingdom,2021-11-05,07:40,12,C,flight call,field recording,yes,[],44100,https://xeno-canto.org/684554,https://xeno-canto.org/684554/download,
684226,Spinus spinus,Eurasian Siskin,Ad Hilders,Netherlands,2021-10-25,11:41,10,C,call,field recording,no,[],44100,https://xeno-canto.org/684226,https://xeno-canto.org/684226/download,
683213,Spinus spinus,Eurasian Siskin,Andy Benson,United Kingdom,2021-10-25,08:30,24,C,flight call,field recording,yes,"[""Coloeus monedula""]",44100,https://xeno-canto.org/683213,https://xeno-canto.org/683213/download,
682912,Spinus spinus,Eurasian Siskin,Stanislas Wroza,France,2021-10-23,09:00,18,C,"call, flight call, bird in migration, atypical hoarse call",field recording,yes,[],48000,https://xeno-canto.org/682912,https://xeno-canto.org/682912/download,
682802,Spinus spinus,Eurasian Siskin,Georg Amann,Austria,2021-10-25,09:40,11,C,flight call,field recording,unknown,[],44100,https://xeno-canto.org/682802,https://xeno-canto.org/682802/download,
682796,Spinus spinus,Eurasian Siskin,Georg Amann,Austria,2021-10-25,09:30,14,C,flight call,field recording,unknown,[],44100,https://xeno-canto.org/682796,https://xeno-canto.org/682796/download,
682792,Spinus spinus,Eurasian Siskin,Georg Amann,Austria,2021-10-25,09:20,9,C,flight call,field recording,unknown,[],44100,https://xeno-canto.org/682792,https://xeno-canto.org/682792/download,
682777,Spinus spinus,Eurasian Siskin,Georg Amann,Austria,2021-10-25,08:55,10,C,flight call,field recording,unknown,[],44100,https://xeno-canto.org/682777,https://xeno-canto.org/682777/download,
682741,Spinus spinus,Eurasian Siskin,Sergi,Spain,2021-10-26,08:06,24,C,flight call,field recording,no,[],44100,https://xeno-canto.org/682741,https://xeno-canto.org/682741/download,
682698,Spinus spinus,Eurasian Siskin,Robert Ekman,Sweden,2021-10-25,09:01,2,C,flight call,field recording,unknown,[],44100,https://xeno-canto.org/682698,https://xeno-canto.org/682698/download,
680887,Spinus spinus,Eurasian Siskin,Albert Noorlander,Netherlands,2021-10-17,08:25,11,C,flight call,field recording,yes,[],44100,https://xeno-canto.org/680887,https://xeno-canto.org/680887/download,
680214,Spinus spinus,Eurasian Siskin,Jorge Leitão,Netherlands,2020-03-14,10:38,21,C,"call, song",field recording,yes,[],44100,https://xeno-canto.org/680214,https://xeno-canto.org/680214/download,
680123,Spinus spinus,Eurasian Siskin,Georg Amann,Austria,2021-10-11,10:25,11,C,flight call,field recording,unknown,[],44100,https://xeno-canto.org/680123,https://xeno-canto.org/680123/download,
680122,Spinus spinus,Eurasian Siskin,Georg Amann,Austria,2021-10-11,10:10,14,C,flight call,field recording,unknown,[],44100,https://xeno-canto.org/680122,https://xeno-canto.org/680122/download,
680114,Spinus spinus,Eurasian Siskin,Georg Amann,Austria,2021-10-11,07:40,11,C,flight call,field recording,unknown,[],44100,https://xeno-canto.org/680114,https://xeno-canto.org/680114/download,
680052,Spinus spinus,Eurasian Siskin,Lluís Brotons,Spain,2021-10-12,07:30,52,C,"flight call, nocturnal flight call",field recording,no,"[""Phoenicurus ochruros"", ""Emberiza cirlus"", ""Turdus merula"", ""Phylloscopus collybita""]",48000,https://xeno-canto.org/680052,https://xeno-canto.org/680052/download,
679703,Spinus spinus,Eurasian Siskin,LE ROY Renaud,France,2021-10-07,11:30,13,C,call,field recording,yes,[],44100,https://xeno-canto.org/679703,https://xeno-canto.org/679703/download,
679442,Spinus spinus,Eurasian Siskin,Gianluca Congi,Italy,2021-02-24,12:00,17,C,"call, flight call, social calls, various calls in flight",field recording,no,[],48000,https://xeno-canto.org/679442,https://xeno-canto.org/679442/download,
678714,Spinus spinus,Eurasian Siskin,Georg Amann,Austria,2021-10-02,08:25,15,C,"call, flight call",field recording,unknown,[],44100,https://xeno-canto.org/678714,https://xeno-canto.org/678714/download,
678700,Spinus spinus,Eurasian Siskin,Georg Amann,Austria,2021-10-02,07:20,28,C,flight call,field recording,unknown,[],44100,https://xeno-canto.org/678700,https://xeno-canto.org/678700/download,
677144,Spinus spinus,Eurasian Siskin,Georg Amann,Austria,2021-09-26,09:30,21,C,"call, flight call",field recording,unknown,[],44100,https://xeno-canto.org/677144,https://xeno-canto.org/677144/download,
676728,Spinus spinus,Eurasian Siskin,Alan Dalton,Sweden,2021-09-25,07:00,32,C,"call, flight call",field recording,unknown,"[""Turdus pilaris"", ""Fringilla coelebs"", ""Pica pica"", ""Corvus cornix""]",44100,https://xeno-canto.org/676728,https://xeno-canto.org/676728/download,
673604,Spinus spinus,Eurasian Siskin,Georg Amann,Austria,2021-09-09,10:40,10,C,"flight call, wing sound",field recording,unknown,[],44100,https://xeno-canto.org/673604,https://xeno-canto.org/673604/download,
673598,Spinus spinus,Eurasian Siskin,Georg Amann,Austria,2021-09-09,09:45,10,C,flight call,field recording,unknown,[],44100,https://xeno-canto.org/673598,https://xeno-canto.org/673598/download,
673581,Spinus spinus,Eurasian Siskin,Georg Amann,Austria,2021-09-09,07:10,17,C,flight call,field recording,unknown,"[""Linaria cannabina""]",44100,https://xeno-canto.org/673581,https://xeno-canto.org/673581/download,
669845,Spinus spinus,Eurasian Siskin,Georg Amann,Austria,2021-08-21,09:00,17,C,call,field recording,yes,[],44100,https://xeno-canto.org/669845,https://xeno-canto.org/669845/download,
668681,Spinus spinus,Eurasian Siskin,Sean Morris,United Kingdom,2021-07-24,04:59,33,C,call,field recording,no,[],48000,https://xeno-canto.org/668681,https://xeno-canto.org/668681/download,
668518,Spinus spinus,Eurasian Siskin,Sean Morris,United Kingdom,2021-07-23,04:45,39,C,flight call,field recording,no,[],48000,https://xeno-canto.org/668518,https://xeno-canto.org/668518/download,
666915,Spinus spinus,Eurasian Siskin,Irish Wildlife Sounds,Ireland,2021-06-21,18:00,12,C,"imitation, song, mimicry/imitation",field recording,yes,[],44100,https://xeno-canto.org/666915,https://xeno-canto.org/666915/download,
666910,Spinus spinus,Eurasian Siskin,Irish Wildlife Sounds,Ireland,2021-06-21,18:00,14,C,"imitation, song, mimicry/imitation",field recording,yes,[],44100,https://xeno-canto.org/666910,https://xeno-canto.org/666910/download,
666751,Spinus spinus,Eurasian Siskin,Sean Morris,United Kingdom,2021-07-08,05:08,25,C,flight call,field recording,no,[],48000,https://xeno-canto.org/666751,https://xeno-canto.org/666751/download,
647725,Spinus spinus,Eurasian Siskin,Stanislas Wroza,France,2021-05-12,07:00,12,C,flight call,field recording,yes,[],48000,https://xeno-canto.org/647725,https://xeno-canto.org/647725/download,
636701,Spinus spinus,Eurasian Siskin,Karol Łanocha,Poland,2021-04-02,12:36,36,C,"call, song",field recording,yes,"[""Fringilla coelebs""]",24000,https://xeno-canto.org/636701,https://xeno-canto.org/636701/download,
635512,Spinus spinus,Eurasian Siskin,Jon Sparshott,United Kingdom,2021-03-31,08:50,23,C,flight call,field recording,no,"[""Turdus merula"", ""Prunella modularis"", ""Troglodytes troglodytes"", ""Phylloscopus collybita""]",48000,https://xeno-canto.org/635512,https://xeno-canto.org/635512/download,
633561,Spinus spinus,Eurasian Siskin,julien Rochefort,France,2006-02-28,07:35,14,C,flight call,field recording,yes,[],44100,https://xeno-canto.org/633561,https://xeno-canto.org/633561/download,
632981,Spinus spinus,Eurasian Siskin,Anthony McGeehan ,United Kingdom,2021-03-17,08:30,11,C,"call, song",field recording,yes,[],48000,https://xeno-canto.org/632981,https://xeno-canto.org/632981/download,
631427,Spinus spinus,Eurasian Siskin,Karol Łanocha,Poland,2021-03-20,14:33,20,C,"call, song",field recording,yes,[],24000,https://xeno-canto.org/631427,https://xeno-canto.org/631427/download,
631369,Spinus spinus,Eurasian Siskin,Karol Łanocha,Poland,2021-03-20,13:55,17,C,"call, flight call, song",field recording,yes,[],24000,https://xeno-canto.org/631369,https://xeno-canto.org/631369/download,
631365,Spinus spinus,Eurasian Siskin,Karol Łanocha,Poland,2021-03-23,15:08,11,C,"call, flight call",field recording,yes,[],24000,https://xeno-canto.org/631365,https://xeno-canto.org/631365/download,
631080,Spinus spinus,Eurasian Siskin,Karol Łanocha,Poland,2021-03-20,14:19,28,C,"call, song",field recording,yes,[],24000,https://xeno-canto.org/631080,https://xeno-canto.org/631080/download,
630877,Spinus spinus,Eurasian Siskin,Karol Łanocha,Poland,2021-03-20,14:16,32,C,"call, song",field recording,yes,"[""Turdus merula""]",24000,https://xeno-canto.org/630877,https://xeno-canto.org/630877/download,
630876,Spinus spinus,Eurasian Siskin,Karol Łanocha,Poland,2021-03-20,14:15,34,C,"call, song",field recording,yes,[],24000,https://xeno-canto.org/630876,https://xeno-canto.org/630876/download,
629856,Spinus spinus,Eurasian Siskin,Karol Łanocha,Poland,2021-03-17,13:17,26,C,"call, song",field recording,yes,[],24000,https://xeno-canto.org/629856,https://xeno-canto.org/629856/download,
628462,Spinus spinus,Eurasian Siskin,Christian Kerihuel,France,2021-03-08,14:30,9,C,song,field recording,unknown,[],48000,https://xeno-canto.org/628462,https://xeno-canto.org/628462/download,
627533,Spinus spinus,Eurasian Siskin,Stanislas Wroza,France,2021-03-07,08:00,7,C,"flight call, imitation, birds chasing each other, mimicry/imitation",field recording,yes,[],48000,https://xeno-canto.org/627533,https://xeno-canto.org/627533/download,
627040,Spinus spinus,Eurasian Siskin,João Tomás,Portugal,2021-03-03,15:30,49,C,song,field recording,yes,"[""Turdus merula"", ""Chloris chloris""]",44100,https://xeno-canto.org/627040,https://xeno-canto.org/627040/download,
625769,Spinus spinus,Eurasian Siskin,Ireneusz Oleksik,Poland,2021-03-02,16:12,37,C,"call, flight call, subsong",field recording,yes,[],48000,https://xeno-canto.org/625769,https://xeno-canto.org/625769/download,
624837,Spinus spinus,Eurasian Siskin,johannes buhl,Germany,2021-02-20,?,23,C,call,field recording,no,"[""Parus major"", ""Poecile palustris""]",44100,https://xeno-canto.org/624837,https://xeno-canto.org/624837/download,
624836,Spinus spinus,Eurasian Siskin,johannes buhl,Germany,2021-02-20,?,17,C,call,field recording,no,"[""Poecile palustris""]",44100,https://xeno-canto.org/624836,https://xeno-canto.org/624836/download,
624835,Spinus spinus,Eurasian Siskin,johannes buhl,Germany,2021-02-20,?,22,C,call,field recording,no,"[""Parus major"", ""Poecile palustris""]",44100,https://xeno-canto.org/624835,https://xeno-canto.org/624835/download,
623454,Spinus spinus,Eurasian Siskin,Peter Boesman,Belgium,2021-02-21,09:00,15,C,"call, song",field recording,unknown,[],44100,https://xeno-canto.org/623454,https://xeno-canto.org/623454/download,
622117,Spinus spinus,Eurasian Siskin,Mr Mark Shorten,Ireland,2021-02-17,10:30,23,C,uncertain,field recording,yes,[],48000,https://xeno-canto.org/622117,https://xeno-canto.org/622117/download,
622060,Spinus spinus,Eurasian Siskin,Karol Łanocha,Poland,2021-02-10,12:51,31,C,"call, song",field recording,yes,"[""Corvus frugilegus""]",24000,https://xeno-canto.org/622060,https://xeno-canto.org/622060/download,
621412,Spinus spinus,Eurasian Siskin,Irish Wildlife Sounds,Ireland,2021-02-07,9:00,20,C,call,field recording,no,[],44100,https://xeno-canto.org/621412,https://xeno-canto.org/621412/download,
620821,Spinus spinus,Eurasian Siskin,Karol Łanocha,Poland,2021-02-03,12:46,24,C,"call, song",field recording,yes,[],24000,https://xeno-canto.org/620821,https://xeno-canto.org/620821/download,
619538,Spinus spinus,Eurasian Siskin,Malik Debbaoui,France,2020-11-05,11:08,7,C,flight call,field recording,yes,[],32000,https://xeno-canto.org/619538,https://xeno-canto.org/619538/download,
618995,Spinus spinus,Eurasian Siskin,Stanislas Wroza,France,2021-01-31,08:00,9,C,"flight call, huge flock",field recording,yes,[],48000,https://xeno-canto.org/618995,https://xeno-canto.org/618995/download,
617918,Spinus spinus,Eurasian Siskin,Michel Barghon,France,2021-01-25,00:00,14,C,song,field recording,no,[],48000,https://xeno-canto.org/617918,https://xeno-canto.org/617918/download,
616206,Spinus spinus,Eurasian Siskin,Robert Manzano,Spain,2020-11-03,06:51,9,C,nocturnal flight call,field recording,unknown,[],44100,https://xeno-canto.org/616206,https://xeno-canto.org/616206/download,
615838,Spinus spinus,Eurasian Siskin,Beatrix Saadi-Varchmin,Germany,2021-01-18,11:05,5,C,flight call,field recording,yes,[],44100,https://xeno-canto.org/615838,https://xeno-canto.org/615838/download,
609923,Spinus spinus,Eurasian Siskin,Alexis Bukowski,Spain,2020-12-15,06:30,7,C,"call, flight call",field recording,no,[],48000,https://xeno-canto.org/609923,https://xeno-canto.org/609923/download,
606477,Spinus spinus,Eurasian Siskin,johannes buhl,Germany,2020-11-23,?,14,C,call,field recording,no,[],44100,https://xeno-canto.org/606477,https://xeno-canto.org/606477/download,
605328,Spinus spinus,Eurasian Siskin,Romain SPELLER,France,2020-11-25,07:30,5,C,flight call,field recording,no,[],44100,https://xeno-canto.org/605328,https://xeno-canto.org/605328/download,
605037,Spinus spinus,Eurasian Siskin,johannes buhl,Germany,2020-11-22,?,17,C,"call, flight call",field recording,no,[],44100,https://xeno-canto.org/605037,https://xeno-canto.org/605037/download,
603955,Spinus spinus,Eurasian Siskin,johannes buhl,Germany,2020-11-08,?,18,C,"call, flight call",field recording,no,[],44100,https://xeno-canto.org/603955,https://xeno-canto.org/603955/download,
603636,Spinus spinus,Eurasian Siskin,Franck Hollander,Germany,2020-10-31,05:00,2,C,nocturnal flight call,field recording,unknown,[],44100,https://xeno-canto.org/603636,https://xeno-canto.org/603636/download,
603511,Spinus spinus,Eurasian Siskin,johannes buhl,Germany,2020-11-06,?,8,C,flight call,field recording,no,[],44100,https://xeno-canto.org/603511,https://xeno-canto.org/603511/download,
603469,Spinus spinus,Eurasian Siskin,Pierrick Devoucoux,France,2020-11-09,08:14,11,C,flight call,field recording,no,[],48000,https://xeno-canto.org/603469,https://xeno-canto.org/603469/download,
602984,Spinus spinus,Eurasian Siskin,LE ROY Renaud,France,2020-11-05,10:30,5,C,flight call,field recording,no,[],44100,https://xeno-canto.org/602984,https://xeno-canto.org/602984/download,
602652,Spinus spinus,Eurasian Siskin,Sophie Neill,France,2020-11-14,10:00,30,C,call,field recording,yes,[],48000,https://xeno-canto.org/602652,https://xeno-canto.org/602652/download,
602560,Spinus spinus,Eurasian Siskin,LE ROY Renaud,France,2020-11-13,09:00,5,C,flight call,field recording,no,[],44100,https://xeno-canto.org/602560,https://xeno-canto.org/602560/download,
600858,Spinus spinus,Eurasian Siskin,Lluís Brotons,Spain,2020-11-06,06:00,3,C,nocturnal flight call,field recording,no,[],48000,https://xeno-canto.org/600858,https://xeno-canto.org/600858/download,
600378,Spinus spinus,Eurasian Siskin,johannes buhl,Germany,2018-11-20,?,15,C,call,field recording,no,[],44100,https://xeno-canto.org/600378,https://xeno-canto.org/600378/download,
600008,Spinus spinus,Eurasian Siskin,Christian Kerihuel,France,2020-11-03,14:00,8,C,flight call,field recording,unknown,[],44100,https://xeno-canto.org/600008,https://xeno-canto.org/600008/download,
599514,Spinus spinus,Eurasian Siskin,Alain Verneau,France,2020-10-23,09:30,3,C,flight call,field recording,no,[],44100,https://xeno-canto.org/599514,https://xeno-canto.org/599514/download,
598674,Spinus spinus,Eurasian Siskin,Romuald Mikusek,Poland,2020-10-23,08:05,12,C,flight call,field recording,no,[],24000,https://xeno-canto.org/598674,https://xeno-canto.org/598674/download,
598305,Spinus spinus,Eurasian Siskin,Romuald Mikusek,Poland,2020-10-10,8:15,5,C,flight call,field recording,no,[],24000,https://xeno-canto.org/598305,https://xeno-canto.org/598305/download,
598303,Spinus spinus,Eurasian Siskin,Romuald Mikusek,Poland,2020-10-10,7:45,7,C,flight call,field recording,no,[],24000,https://xeno-canto.org/598303,https://xeno-canto.org/598303/download,
596114,Spinus spinus,Eurasian Siskin,johannes buhl,Germany,2018-11-10,?,10,C,uncertain,field recording,no,[],44100,https://xeno-canto.org/596114,https://xeno-canto.org/596114/download,
595948,Spinus spinus,Eurasian Siskin,johannes buhl,Germany,2018-11-10,?,12,C,flight call,field recording,no,[],44100,https://xeno-canto.org/595948,https://xeno-canto.org/595948/download,
595946,Spinus spinus,Eurasian Siskin,johannes buhl,Germany,2018-11-10,?,10,C,call,field recording,no,"[""Erithacus rubecula""]",44100,https://xeno-canto.org/595946,https://xeno-canto.org/595946/download,
595942,Spinus spinus,Eurasian Siskin,johannes buhl,Germany,2018-11-10,?,9,C,flight call,field recording,no,[],44100,https://xeno-canto.org/595942,https://xeno-canto.org/595942/download,
595389,Spinus spinus,Eurasian Siskin,Romuald Mikusek,Poland,2020-05-07,7:45,20,C,song,field recording,no,"[""Fringilla coelebs"", ""Turdus merula""]",24000,https://xeno-canto.org/595389,https://xeno-canto.org/595389/download,
595151,Spinus spinus,Eurasian Siskin,johannes buhl,Germany,2018-11-09,?,12,C,call,field recording,no,[],44100,https://xeno-canto.org/595151,https://xeno-canto.org/595151/download,
593393,Spinus spinus,Eurasian Siskin,johannes buhl,Germany,2018-10-15,?,11,C,call,field recording,no,"[""Certhia brachydactyla"", ""Dendrocopos major""]",44100,https://xeno-canto.org/593393,https://xeno-canto.org/593393/download,
593175,Spinus spinus,Eurasian Siskin,johannes buhl,Germany,2018-10-15,?,9,C,call,field recording,no,"[""Corvus frugilegus""]",44100,https://xeno-canto.org/593175,https://xeno-canto.org/593175/download,
592898,Spinus spinus,Eurasian Siskin,Jesper Lindegren,Sweden,2020-10-05,05:00,42,C,"call, nocturnal flight call",field recording,no,[],44100,https://xeno-canto.org/592898,https://xeno-canto.org/592898/download,
591229,Spinus spinus,Eurasian Siskin,Ireneusz Oleksik,Poland,2020-09-27,10:30,7,C,flight call,field recording,yes,[],48000,https://xeno-canto.org/591229,https://xeno-canto.org/591229/download,
591226,Spinus spinus,Eurasian Siskin,Ireneusz Oleksik,Poland,2020-09-27,10:21,5,C,flight call,field recording,yes,[],48000,https://xeno-canto.org/591226,https://xeno-canto.org/591226/download,
591143,Spinus spinus,Eurasian Siskin,Franck Hollander,Germany,2020-09-26,06:30,3,C,nocturnal flight call,field recording,unknown,[],44100,https://xeno-canto.org/591143,https://xeno-canto.org/591143/download,
587389,Spinus spinus,Eurasian Siskin,Grzegorz Lorek,Poland,2020-03-23,16:00,8,C,call,field recording,yes,"[""Fringilla coelebs"", ""Lophophanes cristatus""]",44100,https://xeno-canto.org/587389,https://xeno-canto.org/587389/download,
587388,Spinus spinus,Eurasian Siskin,Grzegorz Lorek,Poland,2020-03-21,15:33,12,C,call,field recording,yes,[],44100,https://xeno-canto.org/587388,https://xeno-canto.org/587388/download,
585393,Spinus spinus,Eurasian Siskin,Alan Dalton,Sweden,2020-08-29,06:30,5,C,flight call,field recording,no,[],44100,https://xeno-canto.org/585393,https://xeno-canto.org/585393/download,
585392,Spinus spinus,Eurasian Siskin,Alan Dalton,Sweden,2020-08-29,06:00,19,C,flight call,field recording,no,[],44100,https://xeno-canto.org/585392,https://xeno-canto.org/585392/download,
570851,Spinus spinus,Eurasian Siskin,Stuart Fisher,United Kingdom,2008-10-16,09:00,18,C,flight call,field recording,no,[],44100,https://xeno-canto.org/570851,https://xeno-canto.org/570851/download,
570121,Spinus spinus,Eurasian Siskin,Mark Pearson,United Kingdom,2020-06-20,06:45,18,C,flight call,field recording,yes,[],44100,https://xeno-canto.org/570121,https://xeno-canto.org/570121/download,
552973,Spinus spinus,Eurasian Siskin,Romuald Mikusek,Poland,2020-01-16,13:15,31,C,"call, subsong",field recording,yes,[],48000,https://xeno-canto.org/552973,https://xeno-canto.org/552973/download,
544848,Spinus spinus,Eurasian Siskin,Hannu Varkki,Finland,2020-04-08,09:00,27,C,alarm call,field recording,yes,"[""Fringilla coelebs""]",44100,https://xeno-canto.org/544848,https://xeno-canto.org/544848/download,
538343,Spinus spinus,Eurasian Siskin,Jorge Leitão,Netherlands,2020-03-12,09:31,26,C,"call, song, flock",field recording,yes,"[""Pica pica""]",44100,https://xeno-canto.org/538343,https://xeno-canto.org/538343/download,
538342,Spinus spinus,Eurasian Siskin,Jorge Leitão,Netherlands,2020-03-12,09:30,12,C,"call, song, flock",field recording,yes,[],44100,https://xeno-canto.org/538342,https://xeno-canto.org/538342/download,
538108,Spinus spinus,Eurasian Siskin,Jorge Leitão,Netherlands,2020-03-15,10:05,28,C,song,field recording,yes,[],44100,https://xeno-canto.org/538108,https://xeno-canto.org/538108/download,
535853,Spinus spinus,Eurasian Siskin,Stanislas Wroza,France,2018-02-18,08:00,8,C,flight call,field recording,no,[],44100,https://xeno-canto.org/535853,https://xeno-canto.org/535853/download,
535815,Spinus spinus,Eurasian Siskin,Stanislas Wroza,France,2018-03-17,09:00,36,C,"alarm call, call, song",field recording,yes,[],44100,https://xeno-canto.org/535815,https://xeno-canto.org/535815/download,
535811,Spinus spinus,Eurasian Siskin,Stanislas Wroza,France,2018-03-17,09:00,7,C,"call, song",field recording,yes,[],44100,https://xeno-canto.org/535811,https://xeno-canto.org/535811/download,
535716,Spinus spinus,Eurasian Siskin,Ireneusz Oleksik,Poland,2020-03-18,05:04,14,C,"flight call, nocturnal flight call",field recording,no,"[""Turdus merula"", ""Fringilla montifringilla""]",48000,https://xeno-canto.org/535716,https://xeno-canto.org/535716/download,
535614,Spinus spinus,Eurasian Siskin,Stanislas Wroza,France,2018-12-27,09:00,11,C,"call, soft call",field recording,yes,[],44100,https://xeno-canto.org/535614,https://xeno-canto.org/535614/download,
533341,Spinus spinus,Eurasian Siskin,Hannu Varkki,Finland,2020-02-28,11:30,30,C,song,field recording,yes,"[""Cyanistes caeruleus"", ""Parus major""]",44100,https://xeno-canto.org/533341,https://xeno-canto.org/533341/download,
530889,Spinus spinus,Eurasian Siskin,Gianluca Congi,Italy,2020-01-30,15:30,23,C,"call, song",field recording,yes,[],44100,https://xeno-canto.org/530889,https://xeno-canto.org/530889/download,
528950,Spinus spinus,Eurasian Siskin,Lars Edenius,Sweden,2020-02-21,13:00,25,C,song,field recording,yes,[],48000,https://xeno-canto.org/528950,https://xeno-canto.org/528950/download,
527497,Spinus spinus,Eurasian Siskin,Nelson Conceição,Portugal,2020-01-28,15:50,9,C,call,field recording,yes,[],48000,https://xeno-canto.org/527497,https://xeno-canto.org/527497/download,
527478,Spinus spinus,Eurasian Siskin,Lars Edenius,Sweden,2020-02-12,13:00,15,C,"call, song",field recording,yes,[],48000,https://xeno-canto.org/527478,https://xeno-canto.org/527478/download,
527161,Spinus spinus,Eurasian Siskin,Stanislas Wroza,France,2018-10-30,09:00,16,C,flight call,field recording,yes,[],44100,https://xeno-canto.org/527161,https://xeno-canto.org/527161/download,
527022,Spinus spinus,Eurasian Siskin,Stanislas Wroza,France,2018-11-02,09:00,7,C,flight call,field recording,yes,[],44100,https://xeno-canto.org/527022,https://xeno-canto.org/527022/download,
523286,Spinus spinus,Eurasian Siskin,Stanislas Wroza,France,2019-10-27,08:00,16,C,"flight call, migrating bird",field recording,yes,[],48000,https://xeno-canto.org/523286,https://xeno-canto.org/523286/download,
521405,Spinus spinus,Eurasian Siskin,Bodo Sonnenburg,Germany,2020-01-20,08:43,43,C,call,field recording,yes,"[""Cyanistes caeruleus""]",48000,https://xeno-canto.org/521405,https://xeno-canto.org/521405/download,
521403,Spinus spinus,Eurasian Siskin,Annette Hamann,Germany,2020-01-19,14:00,53,C,call,field recording,yes,"[""Bucephala clangula""]",44100,https://xeno-canto.org/521403,https://xeno-canto.org/521403/download,
520680,Spinus spinus,Eurasian Siskin,Jorge Leitão,Portugal,2020-01-16,11:09,3,C,flight call,field recording,yes,[],44100,https://xeno-canto.org/520680,https://xeno-canto.org/520680/download,
519537,Spinus spinus,Eurasian Siskin,Stanislas Wroza,France,2019-12-30,08:30,11,C,"call, flight call, social calls",field recording,yes,[],48000,https://xeno-canto.org/519537,https://xeno-canto.org/519537/download,
518405,Spinus spinus,Eurasian Siskin,Xavier Riera,Spain,2020-01-05,10:00,9,C,flight call,field recording,yes,[],44100,https://xeno-canto.org/518405,https://xeno-canto.org/518405/download,
510639,Spinus spinus,Eurasian Siskin,Baltasar Pinheiro,Sweden,2019-12-06,10:00,17,C,call,field recording,yes,[],44100,https://xeno-canto.org/510639,https://xeno-canto.org/510639/download,
510579,Spinus spinus,Eurasian Siskin,Nelson Conceição,Portugal,2019-12-04,12:24,8,C,call,field recording,no,"[""Serinus serinus""]",48000,https://xeno-canto.org/510579,https://xeno-canto.org/510579/download,
507976,Spinus spinus,Eurasian Siskin,riou,France,2019-10-20,08:30,5,C,flight call,field recording,no,"[""Erithacus rubecula""]",44100,https://xeno-canto.org/507976,https://xeno-canto.org/507976/download,
507398,Spinus spinus,Eurasian Siskin,Sean Ronayne,Spain,2019-11-07,8:50,3,C,"call, flight call",field recording,no,[],44100,https://xeno-canto.org/507398,https://xeno-canto.org/507398/download,
506852,Spinus spinus,Eurasian Siskin,Robert Ekman,Sweden,2019-04-30,11:37,32,C,call,field recording,unknown,"[""Fringilla coelebs"", ""Phylloscopus trochilus"", ""Turdus merula"", ""Lophophanes cristatus""]",44100,https://xeno-canto.org/506852,https://xeno-canto.org/506852/download,
504702,Spinus spinus,Eurasian Siskin,Jorge Leitão,Portugal,2019-10-27,14:53,9,C,call,field recording,yes,[],44100,https://xeno-canto.org/504702,https://xeno-canto.org/504702/download,
504694,Spinus spinus,Eurasian Siskin,Jorge Leitão,Portugal,2019-10-27,14:49,11,C,call,field recording,yes,"[""Passer domesticus""]",44100,https://xeno-canto.org/504694,https://xeno-canto.org/504694/download,
502440,Spinus spinus,Eurasian Siskin,Eddy Scheinpflug,Belgium,2019-10-14,12:00,4,C,flight call,field recording,yes,[],48000,https://xeno-canto.org/502440,https://xeno-canto.org/502440/download,
500610,Spinus spinus,Eurasian Siskin,Alan Dalton,Sweden,2019-10-03,07:00,30,C,flight call,field recording,no,[],44100,https://xeno-canto.org/500610,https://xeno-canto.org/500610/download,
462489,Spinus spinus,Eurasian Siskin,Stanislas Wroza,Poland,2019-03-19,09:00,16,C,flight call,field recording,yes,[],44100,https://xeno-canto.org/462489,https://xeno-canto.org/462489/download,
462150,Spinus spinus,Eurasian Siskin,Stanislas Wroza,Poland,2019-03-17,09:00,8,C,"call, flight call, short calls",field recording,yes,[],44100,https://xeno-canto.org/462150,https://xeno-canto.org/462150/download,
456468,Spinus spinus,Eurasian Siskin,Jorge Leitão,Portugal,2019-02-02,12:41,27,C,song,field recording,yes,"[""Corvus corone""]",44100,https://xeno-canto.org/456468,https://xeno-canto.org/456468/download,
445315,Spinus spinus,Eurasian Siskin,Bram Vogels,Belgium,2018-11-03,00:00,8,C,flight call,field recording,yes,[],44100,https://xeno-canto.org/445315,https://xeno-canto.org/445315/download,
445314,Spinus spinus,Eurasian Siskin,Bram Vogels,Belgium,2018-10-16,00:00,12,C,flight call,field recording,yes,[],44100,https://xeno-canto.org/445314,https://xeno-canto.org/445314/download,
445312,Spinus spinus,Eurasian Siskin,Bram Vogels,Belgium,2018-10-10,00:00,10,C,flight call,field recording,yes,[],44100,https://xeno-canto.org/445312,https://xeno-canto.org/445312/download,
442280,Spinus spinus,Eurasian Siskin,Piotr Szczypinski,Poland,2018-11-12,09:00,15,C,flight call,field recording,yes,[],48000,https://xeno-canto.org/442280,https://xeno-canto.org/442280/download,
442164,Spinus spinus,Eurasian Siskin,Livia May,United Kingdom,2018-08-19,05:48,33,C,call,field recording,no,"[""Acanthis flammea""]",44100,https://xeno-canto.org/442164,https://xeno-canto.org/442164/download,
435263,Spinus spinus,Eurasian Siskin,Patrick Franke,Germany,2017-12-31,?,13,C,"call, flight call, social call",field recording,unknown,[],44100,https://xeno-canto.org/435263,https://xeno-canto.org/435263/download,
435260,Spinus spinus,Eurasian Siskin,Patrick Franke,Germany,2017-12-31,?,14,C,"call, flight call, social call",field recording,unknown,[],44100,https://xeno-canto.org/435260,https://xeno-canto.org/435260/download,
435257,Spinus spinus,Eurasian Siskin,Patrick Franke,Germany,2006-12-23,?,12,C,"call, flight call, social call",field recording,unknown,[],44100,https://xeno-canto.org/435257,https://xeno-canto.org/435257/download,
435254,Spinus spinus,Eurasian Siskin,Patrick Franke,Germany,2007-10-28,?,20,C,"call, flight call, social call",field recording,unknown,[],44100,https://xeno-canto.org/435254,https://xeno-canto.org/435254/download,
434118,Spinus spinus,Eurasian Siskin,Lars Edenius,Sweden,2018-09-14,08:30,11,C,call,field recording,yes,"[""Pica pica"", ""Chloris chloris""]",48000,https://xeno-canto.org/434118,https://xeno-canto.org/434118/download,
415509,Spinus spinus,Eurasian Siskin,Stein Ø. Nilsen,Norway,2018-05-14,20:00,24,C,call,field recording,no,"[""Emberiza schoeniclus"", ""Larus canus""]",48000,https://xeno-canto.org/415509,https://xeno-canto.org/415509/download,
411635,Spinus spinus,Eurasian Siskin,José Carlos Sires,Spain,2017-11-06,?,26,C,"call, flight call",field recording,no,[],44100,https://xeno-canto.org/411635,https://xeno-canto.org/411635/download,
407315,Spinus spinus,Eurasian Siskin,Stanislas Wroza,France,2018-03-25,08:30,11,C,"call, flight call, imitation, imitation of richard's pipit",field recording,yes,[],44100,https://xeno-canto.org/407315,https://xeno-canto.org/407315/download,
406738,Spinus spinus,Eurasian Siskin,Antonio Xeira,Germany,2018-03-21,09:00,10,C,song,field recording,no,[],44100,https://xeno-canto.org/406738,https://xeno-canto.org/406738/download,
406737,Spinus spinus,Eurasian Siskin,Antonio Xeira,Germany,2018-03-21,09:00,28,C,song,field recording,no,[],44100,https://xeno-canto.org/406737,https://xeno-canto.org/406737/download,
406736,Spinus spinus,Eurasian Siskin,Antonio Xeira,Germany,2018-03-21,09:00,47,C,song,field recording,no,[],44100,https://xeno-canto.org/406736,https://xeno-canto.org/406736/download,
405807,Spinus spinus,Eurasian Siskin,Peter Boesman,Belgium,2018-03-14,10:30,12,C,call,field recording,unknown,[],44100,https://xeno-canto.org/405807,https://xeno-canto.org/405807/download,
403616,Spinus spinus,Eurasian Siskin,Twan Mols,Netherlands,2018-02-25,12:00,49,C,call,field recording,yes,[],44100,https://xeno-canto.org/403616,https://xeno-canto.org/403616/download,
402901,Spinus spinus,Eurasian Siskin,David Darrell-Lambert,United Kingdom,2018-02-08,10:00,47,C,song,field recording,yes,[],48000,https://xeno-canto.org/402901,https://xeno-canto.org/402901/download,
397476,Spinus spinus,Eurasian Siskin,Stanislas Wroza,France,2017-11-01,09:00,24,C,"alarm call, call, flight call, various calls from a flock",field recording,yes,[],48000,https://xeno-canto.org/397476,https://xeno-canto.org/397476/download,
396848,Spinus spinus,Eurasian Siskin,Harry Hussey,Ireland,2017-12-16,11:30,15,C,flight call,field recording,yes,"[""Anthus pratensis""]",44100,https://xeno-canto.org/396848,https://xeno-canto.org/396848/download,
393213,Spinus spinus,Eurasian Siskin,Louis A. Hansen,Denmark,2017-11-04,09:21,6,C,flight call,field recording,yes,"[""Branta leucopsis""]",44100,https://xeno-canto.org/393213,https://xeno-canto.org/393213/download,
393203,Spinus spinus,Eurasian Siskin,Louis A. Hansen,Denmark,2017-11-04,07:43,5,C,flight call,field recording,yes,[],44100,https://xeno-canto.org/393203,https://xeno-canto.org/393203/download,
393192,Spinus spinus,Eurasian Siskin,Louis A. Hansen,Denmark,2017-11-04,07:14,3,C,flight call,field recording,yes,[],44100,https://xeno-canto.org/393192,https://xeno-canto.org/393192/download,
389819,Spinus spinus,Eurasian Siskin,Robert Ekman,Sweden,2017-10-01,09:30,11,C,flight call,field recording,no,[],44100,https://xeno-canto.org/389819,https://xeno-canto.org/389819/download,
378445,Spinus spinus,Eurasian Siskin,Cedric Mroczko,France,2017-03-11,11:20,4,C,flight call,field recording,yes,[],44100,https://xeno-canto.org/378445,https://xeno-canto.org/378445/download,
365097,Spinus spinus,Eurasian Siskin,Harry Hussey,Ireland,2017-04-17,12:30,20,C,call,field recording,yes,"[""Regulus regulus"", ""Columba palumbus"", ""Erithacus rubecula"", ""Troglodytes troglodytes"", ""Phylloscopus collybita""]",44100,https://xeno-canto.org/365097,https://xeno-canto.org/365097/download,
354563,Spinus spinus,Eurasian Siskin,Frank Holzapfel,Germany,2017-02-04,12:25,9,C,flight call,field recording,no,[],44100,https://xeno-canto.org/354563,https://xeno-canto.org/354563/download,
347450,Spinus spinus,Eurasian Siskin,James Lidster,Netherlands,2016-11-25,07:15,16,C,flight call,field recording,no,"[""Coloeus monedula""]",44100,https://xeno-canto.org/347450,https://xeno-canto.org/347450/download,
346387,Spinus spinus,Eurasian Siskin,Frank Holzapfel,Germany,2016-12-10,12:30,37,C,"call, flight call",field recording,no,[],44100,https://xeno-canto.org/346387,https://xeno-canto.org/346387/download,
346376,Spinus spinus,Eurasian Siskin,Jerome Fischer,Switzerland,2016-12-12,09:30,11,C,call,field recording,yes,[],48000,https://xeno-canto.org/346376,https://xeno-canto.org/346376/download,
339818,Spinus spinus,Eurasian Siskin,Giuseppe Speranza,Italy,2016-10-22,12:30,23,C,call,field recording,no,[],44100,https://xeno-canto.org/339818,https://xeno-canto.org/339818/download,
339566,Spinus spinus,Eurasian Siskin,Enric Fontcuberta ,Spain,2016-03-26,11:30,27,C,song,field recording,yes,[],44100,https://xeno-canto.org/339566,https://xeno-canto.org/339566/download,
336149,Spinus spinus,Eurasian Siskin,Piotr Szczypinski,Poland,2014-02-21,12:00,5,C,call,field recording,yes,"[""Loxia curvirostra""]",48000,https://xeno-canto.org/336149,https://xeno-canto.org/336149/download,
336147,Spinus spinus,Eurasian Siskin,Piotr Szczypinski,Poland,2013-12-22,10:00,13,C,call,field recording,yes,[],48000,https://xeno-canto.org/336147,https://xeno-canto.org/336147/download,
331303,Spinus spinus,Eurasian Siskin,Piotr Szczypinski,Poland,2014-02-21,11:30,16,C,call,field recording,yes,[],48000,https://xeno-canto.org/331303,https://xeno-canto.org/331303/download,
331078,Spinus spinus,Eurasian Siskin,Marco Dragonetti,Italy,2014-12-30,13:00,27,C,call,field recording,yes,[],48000,https://xeno-canto.org/331078,https://xeno-canto.org/331078/download,
316398,Spinus spinus,Eurasian Siskin,Cedric Mroczko,Portugal,2016-05-02,12:15,25,C,"flight call, song",field recording,yes,[],44100,https://xeno-canto.org/316398,https://xeno-canto.org/316398/download,
315302,Spinus spinus,Eurasian Siskin,Cedric Mroczko,Portugal,2016-04-28,19:35,16,C,"call, song",field recording,yes,"[""Regulus madeirensis""]",44100,https://xeno-canto.org/315302,https://xeno-canto.org/315302/download,
315301,Spinus spinus,Eurasian Siskin,Cedric Mroczko,Portugal,2016-04-28,18:50,58,C,"call, song",field recording,no,"[""Turdus merula"", ""Spinus spinus""]",44100,https://xeno-canto.org/315301,https://xeno-canto.org/315301/download,
308202,Spinus spinus,Eurasian Siskin,Marc Anderson,Spain,2016-03-20,08:00,16,C,call,field recording,no,"[""Fringilla coelebs"", ""Lophophanes cristatus""]",48000,https://xeno-canto.org/308202,https://xeno-canto.org/308202/download,
305101,Spinus spinus,Eurasian Siskin,Szymon Pławecki,Poland,2016-02-27,08:00,12,C,call,field recording,yes,[],44100,https://xeno-canto.org/305101,https://xeno-canto.org/305101/download,
303260,Spinus spinus,Eurasian Siskin,johannes buhl,Germany,2016-02-07,08:00,16,C,call,field recording,no,[],48000,https://xeno-canto.org/303260,https://xeno-canto.org/303260/download,
303054,Spinus spinus,Eurasian Siskin,Eetu Paljakka,Finland,2014-05-14,10:56,22,C,"call, flight call, song",field recording,yes,"[""Cyanistes caeruleus"", ""Fringilla coelebs""]",48000,https://xeno-canto.org/303054,https://xeno-canto.org/303054/download,
302709,Spinus spinus,Eurasian Siskin,José Carlos Sires,Spain,2016-02-02,?,27,C,"call, flight call",field recording,yes,[],44100,https://xeno-canto.org/302709,https://xeno-canto.org/302709/download,
302707,Spinus spinus,Eurasian Siskin,José Carlos Sires,Spain,2016-02-02,?,4,C,flight call,field recording,yes,[],44100,https://xeno-canto.org/302707,https://xeno-canto.org/302707/download,
302706,Spinus spinus,Eurasian Siskin,José Carlos Sires,Spain,2016-02-02,?,8,C,flight call,field recording,yes,[],44100,https://xeno-canto.org/302706,https://xeno-canto.org/302706/download,
302109,Spinus spinus,Eurasian Siskin,johannes buhl,Germany,2016-01-20,08:00,15,C,call,field recording,no,[],48000,https://xeno-canto.org/302109,https://xeno-canto.org/302109/download,
301774,Spinus spinus,Eurasian Siskin,José Carlos Sires,Spain,2016-01-26,?,11,C,call,field recording,yes,[],44100,https://xeno-canto.org/301774,https://xeno-canto.org/301774/download,
300946,Spinus spinus,Eurasian Siskin,José Carlos Sires,Spain,2015-12-12,?,9,C,flight call,field recording,yes,[],44100,https://xeno-canto.org/300946,https://xeno-canto.org/300946/download,
299915,Spinus spinus,Eurasian Siskin,José Carlos Sires,Spain,2016-01-13,?,10,C,"call, flight call",field recording,yes,[],44100,https://xeno-canto.org/299915,https://xeno-canto.org/299915/download,
298654,Spinus spinus,Eurasian Siskin,José Carlos Sires,Spain,2015-12-21,?,9,C,flight call,field recording,yes,[],44100,https://xeno-canto.org/298654,https://xeno-canto.org/298654/download,
298263,Spinus spinus,Eurasian Siskin,Szymon Pławecki,Poland,2015-12-29,09:00,7,C,"alarm call, call",field recording,unknown,[],44100,https://xeno-canto.org/298263,https://xeno-canto.org/298263/download,
298255,Spinus spinus,Eurasian Siskin,johannes buhl,Germany,2015-12-31,08:00,12,C,flight call,field recording,no,[],48000,https://xeno-canto.org/298255,https://xeno-canto.org/298255/download,
298243,Spinus spinus,Eurasian Siskin,johannes buhl,Germany,2015-12-30,08:00,5,C,call,field recording,no,[],48000,https://xeno-canto.org/298243,https://xeno-canto.org/298243/download,
298220,Spinus spinus,Eurasian Siskin,johannes buhl,Germany,2016-01-01,08:00,21,C,call,field recording,no,[],48000,https://xeno-canto.org/298220,https://xeno-canto.org/298220/download,
298065,Spinus spinus,Eurasian Siskin,Szymon Pławecki,Poland,2015-12-29,09:00,7,C,call,field recording,unknown,[],44100,https://xeno-canto.org/298065,https://xeno-canto.org/298065/download,
297314,Spinus spinus,Eurasian Siskin,José Carlos Sires,Spain,2015-12-05,?,7,C,flight call,field recording,yes,[],44100,https://xeno-canto.org/297314,https://xeno-canto.org/297314/download,
288108,Spinus spinus,Eurasian Siskin,Joost van Bruggen,Netherlands,2015-10-31,07:36,5,C,"call, flight call",field recording,no,[],44100,https://xeno-canto.org/288108,https://xeno-canto.org/288108/download,
262822,Spinus spinus,Eurasian Siskin,Eetu Paljakka,Finland,2015-05-03,06:40,12,C,"call, flight call",field recording,yes,"[""Fringilla coelebs"", ""Turdus philomelos"", ""Parus major""]",44100,https://xeno-canto.org/262822,https://xeno-canto.org/262822/download,
251927,Spinus spinus,Eurasian Siskin,maudoc,Sweden,2015-06-02,07:00,32,C,"call, song",field recording,yes,[],48000,https://xeno-canto.org/251927,https://xeno-canto.org/251927/download,
214158,Spinus spinus,Eurasian Siskin,Eetu Paljakka,Finland,2015-02-20,07:58,13,C,"call, song",field recording,yes,"[""Parus major""]",44100,https://xeno-canto.org/214158,https://xeno-canto.org/214158/download,
210927,Spinus spinus,Eurasian Siskin,Louis A. Hansen,Denmark,2014-09-29,08:08,10,C,call,field recording,yes,[],44100,https://xeno-canto.org/210927,https://xeno-canto.org/210927/download,
202991,Spinus spinus,Eurasian Siskin,Frank Holzapfel,Germany,2014-11-08,?,12,C,"call, flight call",field recording,no,[],44100,https://xeno-canto.org/202991,https://xeno-canto.org/202991/download,
202374,Spinus spinus,Eurasian Siskin,johannes buhl,Germany,2014-11-12,09:00,14,C,flight call,field recording,no,[],48000,https://xeno-canto.org/202374,https://xeno-canto.org/202374/download,
200063,Spinus spinus,Eurasian Siskin,Buhl Johannes,Germany,2014-10-25,10:00,10,C,"call, 'aggression call'",field recording,no,[],48000,https://xeno-canto.org/200063,https://xeno-canto.org/200063/download,
199619,Spinus spinus,Eurasian Siskin,Buhl Johannes,Germany,2014-10-18,09:00,23,C,"call, song",field recording,no,[],48000,https://xeno-canto.org/199619,https://xeno-canto.org/199619/download,
172784,Spinus spinus,Eurasian Siskin,Piotr Szczypinski,Poland,2014-04-06,09:00,16,C,call,field recording,yes,"[""Fringilla coelebs"", ""Turdus merula""]",48000,https://xeno-canto.org/172784,https://xeno-canto.org/172784/download,
171124,Spinus spinus,Eurasian Siskin,Krzysztof Deoniziak,Poland,2014-03-26,07:30,6,C,"call, song",field recording,yes,[],48000,https://xeno-canto.org/171124,https://xeno-canto.org/171124/download,
168157,Spinus spinus,Eurasian Siskin,Buhl Johannes,Germany,2014-02-23,?,17,C,call,field recording,no,[],48000,https://xeno-canto.org/168157,https://xeno-canto.org/168157/download,
158333,Spinus spinus,Eurasian Siskin,Bernard BOUSQUET,France,2013-12-20,12:00,36,C,call,field recording,yes,[],44100,https://xeno-canto.org/158333,https://xeno-canto.org/158333/download,
158332,Spinus spinus,Eurasian Siskin,Bernard BOUSQUET,France,2013-12-20,12:00,20,C,call,field recording,yes,[],44100,https://xeno-canto.org/158332,https://xeno-canto.org/158332/download,
133866,Spinus spinus,Eurasian Siskin,Mike Nelson,United Kingdom,2013-05-10,18:00,42,C,song,field recording,yes,[],44100,https://xeno-canto.org/133866,https://xeno-canto.org/133866/download,
133865,Spinus spinus,Eurasian Siskin,Mike Nelson,United Kingdom,2013-05-10,18:00,55,C,song,field recording,yes,[],44100,https://xeno-canto.org/133865,https://xeno-canto.org/133865/download,
121003,Spinus spinus,Eurasian Siskin,Lars Lachmann,Poland,2012-03-04,8:06,37,C,song,field recording,yes,"[""Cyanistes caeruleus"", ""Chloris chloris""]",44100,https://xeno-canto.org/121003,https://xeno-canto.org/121003/download,
103531,Spinus spinus,Eurasian Siskin,Joachim Rupik,Poland,2012-02-10,12:00,42,C,call,field recording,unknown,[],44100,https://xeno-canto.org/103531,https://xeno-canto.org/103531/download,
103122,Spinus spinus,Eurasian Siskin,Stuart Fisher,United Kingdom,2012-06-04,20:00,45,C,"call, song",field recording,unknown,"[""Regulus regulus"", ""Fringilla coelebs"", ""Turdus philomelos"", ""Turdus merula"", ""Dendrocopos major"", ""Troglodytes troglodytes""]",44100,https://xeno-canto.org/103122,https://xeno-canto.org/103122/download,
97410,Spinus spinus,Eurasian Siskin,Alan Dalton,Sweden,2012-03-26,08.15am,33,C,"call, display",field recording,unknown,"[""Fringilla coelebs"", ""Garrulus glandarius"", ""Chloris chloris""]",44100,https://xeno-canto.org/97410,https://xeno-canto.org/97410/download,
97408,Spinus spinus,Eurasian Siskin,Alan Dalton,Sweden,2012-03-26,11.42am,40,C,"song, song display",field recording,unknown,"[""Turdus philomelos"", ""Sitta europaea"", ""Erithacus rubecula""]",44100,https://xeno-canto.org/97408,https://xeno-canto.org/97408/download,
96978,Spinus spinus,Eurasian Siskin,Matthias Feuersenger,Germany,2012-03-10,10:33,10,C,call,field recording,unknown,"[""Lullula arborea""]",44100,https://xeno-canto.org/96978,https://xeno-canto.org/96978/download,
96309,Spinus spinus,Eurasian Siskin,Manuel Sanchez ,United Kingdom,2012-03-05,12:00 am,28,C,song,field recording,unknown,[],44100,https://xeno-canto.org/96309,https://xeno-canto.org/96309/download,
91163,Spinus spinus,Eurasian Siskin,Lars Lachmann,Poland,2011-03-07,9.20,56,C,song,field recording,unknown,[],44100,https://xeno-canto.org/91163,https://xeno-canto.org/91163/download,
78949,Spinus spinus,Eurasian Siskin,Jacques PREVOST,France,2010-02-28,12:00,21,C,call,field recording,unknown,[],44100,https://xeno-canto.org/78949,https://xeno-canto.org/78949/download,
75067,Spinus spinus,Eurasian Siskin,Volker Arnold,Germany,2011-04-04,16.02,26,C,song,field recording,unknown,"[""Fringilla coelebs"", ""Coccothraustes coccothraustes"", ""Periparus ater""]",44100,https://xeno-canto.org/75067,https://xeno-canto.org/75067/download,
65475,Spinus spinus,Eurasian Siskin,Sander Bot,Netherlands,2010-10-03,?,2,C,call,field recording,unknown,[],44100,https://xeno-canto.org/65475,https://xeno-canto.org/65475/download,
44958,Spinus spinus,Eurasian Siskin,Sander Bot,Netherlands,2009-09-20,?,10,C,call,field recording,unknown,[],44100,https://xeno-canto.org/44958,https://xeno-canto.org/44958/download,
42755,Spinus spinus,Eurasian Siskin,Stuart Fisher,United Kingdom,2003-02-00,?,5,C,flight call,field recording,unknown,[],44100,https://xeno-canto.org/42755,https://xeno-canto.org/42755/download,
35044,Spinus spinus,Eurasian Siskin,Sander Bot,Netherlands,2009-03-30,?,12,C,song,field recording,unknown,[],44100,https://xeno-canto.org/35044,https://xeno-canto.org/35044/download,
30959,Spinus spinus,Eurasian Siskin,Sander Bot,Netherlands,2009-03-13,?,8,C,call,field recording,unknown,[],44100,https://xeno-canto.org/30959,https://xeno-canto.org/30959/download,
29683,Spinus spinus,Eurasian Siskin,Ante Strand,Sweden,1991-07-25,07:25,14,C,call,field recording,unknown,[],44100,https://xeno-canto.org/29683,https://xeno-canto.org/29683/download,
25912,Spinus spinus,Eurasian Siskin,Niels Krabbe,Sweden,1990-01-20,xx:xx,46,C,"call, calls from a flock of 500",field recording,unknown,[],44100,https://xeno-canto.org/25912,https://xeno-canto.org/25912/download,
25719,Spinus spinus,Eurasian Siskin,Niels Krabbe,Denmark,1983-03-26,xx.xx,39,C,"call, calls from large flock in alders",field recording,unknown,[],44100,https://xeno-canto.org/25719,https://xeno-canto.org/25719/download,
25104,Spinus spinus,Eurasian Siskin,Stuart Fisher,United Kingdom,0000-00-00,08:30,10,C,flight call,field recording,unknown,[],44100,https://xeno-canto.org/25104,https://xeno-canto.org/25104/download,
